date,Open,High,Low,Close,adjusted_close,Volume,Company,Country,Ticker,__period__,company
2013-12-31,37.6643142700195,37.9196090698242,37.6208572387695,37.7783813476562,30.5626811981201,3058822,Baxter International,United States,BAX,2013-12-31,Baxter International
2014-01-02,37.77294921875,37.8489952087402,37.5013580322265,37.582836151123,30.4044857025146,3810870,Baxter International,United States,BAX,2014-01-02,Baxter International
2014-01-03,37.6914710998535,37.8435630798339,37.512222290039,37.6425857543945,30.4528141021728,3286737,Baxter International,United States,BAX,2014-01-03,Baxter International
2014-01-06,37.9304733276367,37.9902229309082,37.5013580322265,37.7077674865722,30.5055561065673,5819033,Baxter International,United States,BAX,2014-01-06,Baxter International
2014-01-07,37.5937004089355,38.0119514465332,37.4361763000488,37.9087448120117,30.6681442260742,6519165,Baxter International,United States,BAX,2014-01-07,Baxter International
2014-01-08,37.9033126831054,38.0499725341796,37.7675170898437,38.0336761474609,30.7692127227783,5917710,Baxter International,United States,BAX,2014-01-08,Baxter International
2014-01-09,38.1205863952636,38.1803359985351,37.7294960021972,38.1368827819824,30.8527126312255,7225557,Baxter International,United States,BAX,2014-01-09,Baxter International
2014-01-10,38.1314506530761,38.1368827819824,37.8707237243652,38.0282478332519,30.7648277282714,5714464,Baxter International,United States,BAX,2014-01-10,Baxter International
2014-01-13,37.9141769409179,38.3758811950683,37.9141769409179,38.0771331787109,30.8043689727783,7404870,Baxter International,United States,BAX,2014-01-13,Baxter International
2014-01-14,38.0988578796386,38.2020645141601,37.6860389709472,37.8381309509277,30.6110115051269,7385908,Baxter International,United States,BAX,2014-01-14,Baxter International
2014-01-15,37.9033126831054,37.9739265441894,37.4579048156738,37.9304733276367,30.6857185363769,5157562,Baxter International,United States,BAX,2014-01-15,Baxter International
2014-01-16,37.680606842041,38.2781105041503,37.680606842041,38.0554046630859,30.7867946624755,4779236,Baxter International,United States,BAX,2014-01-16,Baxter International
2014-01-17,38.0010871887207,38.0879974365234,37.7620849609375,37.9847908020019,30.7296695709228,5523921,Baxter International,United States,BAX,2014-01-17,Baxter International
2014-01-21,38.0391082763671,38.0988578796386,37.5991325378418,37.7838134765625,30.567081451416,5928756,Baxter International,United States,BAX,2014-01-21,Baxter International
2014-01-22,37.8164024353027,38.0771331787109,37.7403602600097,37.8815841674804,30.6461772918701,6214296,Baxter International,United States,BAX,2014-01-22,Baxter International
2014-01-23,38.2672462463378,38.4247703552246,37.468765258789,37.4796295166015,30.3209991455078,8218408,Baxter International,United States,BAX,2014-01-23,Baxter International
2014-01-24,37.2243347167968,37.3329696655273,36.5616493225097,36.7409019470214,29.7233600616455,7592652,Baxter International,United States,BAX,2014-01-24,Baxter International
2014-01-27,36.8060836791992,37.1265602111816,36.7789230346679,36.8712654113769,29.8288307189941,7012185,Baxter International,United States,BAX,2014-01-27,Baxter International
2014-01-28,36.9418792724609,37.3329696655273,36.8821296691894,37.2080383300781,30.101276397705,5470716,Baxter International,United States,BAX,2014-01-28,Baxter International
2014-01-29,37.1156997680664,37.539379119873,36.9418792724609,37.1537208557128,30.0573291778564,6681357,Baxter International,United States,BAX,2014-01-29,Baxter International
2014-01-30,37.349266052246,37.7131996154785,37.1754493713378,37.6262893676757,30.4396438598632,6947198,Baxter International,United States,BAX,2014-01-30,Baxter International
2014-01-31,37.2732200622558,37.3601303100585,37.0722427368164,37.0994033813476,30.0133934020996,8117890,Baxter International,United States,BAX,2014-01-31,Baxter International
2014-02-03,37.1265602111816,37.2026062011718,36.0890808105468,36.1488304138183,29.2443809509277,8860549,Baxter International,United States,BAX,2014-02-03,Baxter International
2014-02-04,36.2031517028808,36.4312858581543,36.0890808105468,36.3661041259765,29.4201488494873,4999051,Baxter International,United States,BAX,2014-02-04,Baxter International
2014-02-05,36.2737655639648,36.7191734313964,36.2194442749023,36.5562171936035,29.5739574432373,4839437,Baxter International,United States,BAX,2014-02-05,Baxter International
2014-02-06,36.6865844726562,36.7571983337402,36.4149932861328,36.4421501159668,29.4816646575927,6553776,Baxter International,United States,BAX,2014-02-06,Baxter International
2014-02-07,36.5507888793945,37.0505142211914,36.469310760498,36.8821296691894,29.8376026153564,5663100,Baxter International,United States,BAX,2014-02-07,Baxter International
2014-02-10,36.8115158081054,37.1482887268066,36.7463340759277,37.0994033813476,30.0133934020996,3843272,Baxter International,United States,BAX,2014-02-10,Baxter International
2014-02-11,37.0994033813476,37.8544273376464,37.0233573913574,37.724063873291,30.5187435150146,4386735,Baxter International,United States,BAX,2014-02-11,Baxter International
2014-02-12,37.8381309509277,37.9250411987304,37.512222290039,37.5448112487793,30.3737354278564,4631404,Baxter International,United States,BAX,2014-02-12,Baxter International
2014-02-13,37.4579048156738,37.6697463989257,37.2732200622558,37.6208572387695,30.4352588653564,4173731,Baxter International,United States,BAX,2014-02-13,Baxter International
2014-02-14,37.41987991333,37.6480178833007,37.3872909545898,37.5230865478515,30.3561496734619,4533463,Baxter International,United States,BAX,2014-02-14,Baxter International
2014-02-18,37.724063873291,37.8109703063964,37.490493774414,37.6371536254882,30.4484310150146,4332978,Baxter International,United States,BAX,2014-02-18,Baxter International
2014-02-19,37.4850616455078,38.0391082763671,37.4850616455078,37.5448112487793,30.3737354278564,4603236,Baxter International,United States,BAX,2014-02-19,Baxter International
2014-02-20,37.533950805664,37.8489952087402,37.5285186767578,37.6697463989257,30.4747829437255,4727320,Baxter International,United States,BAX,2014-02-20,Baxter International
2014-02-21,37.6914710998535,37.9956550598144,37.5502433776855,37.6371536254882,30.4484310150146,7189841,Baxter International,United States,BAX,2014-02-21,Baxter International
2014-02-24,37.7403602600097,38.1042900085449,37.724063873291,37.7403602600097,30.5319213867187,4830784,Baxter International,United States,BAX,2014-02-24,Baxter International
2014-02-25,37.7349281311035,37.7349281311035,37.2514953613281,37.2949485778808,30.171588897705,4704491,Baxter International,United States,BAX,2014-02-25,Baxter International
2014-02-26,37.2786521911621,37.8707237243652,37.2243347167968,37.5937004089355,30.4132823944091,7503548,Baxter International,United States,BAX,2014-02-26,Baxter International
2014-02-27,37.561107635498,37.7457885742187,36.9690399169921,37.41987991333,30.2726573944091,6653374,Baxter International,United States,BAX,2014-02-27,Baxter International
2014-02-28,37.4796295166015,37.8761558532714,37.3546981811523,37.751220703125,30.5407028198242,7114360,Baxter International,United States,BAX,2014-02-28,Baxter International
2014-03-03,37.4307441711425,37.539379119873,37.0831069946289,37.41987991333,30.2726573944091,5227151,Baxter International,United States,BAX,2014-03-03,Baxter International
2014-03-04,37.675178527832,37.724063873291,37.4796295166015,37.4959259033203,30.3341693878173,6783533,Baxter International,United States,BAX,2014-03-04,Baxter International
2014-03-05,37.2297668457031,37.2569274902343,36.7626304626464,36.9038581848144,30.0686359405517,7865304,Baxter International,United States,BAX,2014-03-05,Baxter International
2014-03-06,36.9364471435546,36.9853324890136,36.6648559570312,36.702880859375,29.9048633575439,5940171,Baxter International,United States,BAX,2014-03-06,Baxter International
2014-03-07,36.8223800659179,36.8821296691894,36.6051063537597,36.6648559570312,29.8739051818847,7912802,Baxter International,United States,BAX,2014-03-07,Baxter International
2014-03-10,36.6648559570312,36.8549690246582,36.398696899414,36.7680625915527,29.9579906463623,6478847,Baxter International,United States,BAX,2014-03-10,Baxter International
2014-03-11,36.7571983337402,37.0831069946289,36.5616493225097,36.8006515502929,29.984540939331,5651134,Baxter International,United States,BAX,2014-03-11,Baxter International
2014-03-12,36.6757202148437,36.8821296691894,36.6159706115722,36.7300376892089,29.9270076751709,4008593,Baxter International,United States,BAX,2014-03-12,Baxter International
2014-03-13,36.8115158081054,36.8441047668457,36.3389472961425,36.376968383789,29.6393280029296,3218620,Baxter International,United States,BAX,2014-03-13,Baxter International
2014-03-14,36.2900581359863,36.5290603637695,36.0890808105468,36.1162414550781,29.4268951416015,4984692,Baxter International,United States,BAX,2014-03-14,Baxter International
2014-03-17,36.0401954650878,36.469310760498,36.0347633361816,36.1216735839843,29.4313201904296,5006968,Baxter International,United States,BAX,2014-03-17,Baxter International
2014-03-18,36.1977195739746,36.6865844726562,36.1596946716308,36.5616493225097,29.7898139953613,6526161,Baxter International,United States,BAX,2014-03-18,Baxter International
2014-03-19,36.6159706115722,36.9092864990234,36.5073318481445,36.6214027404785,29.8384914398193,4897612,Baxter International,United States,BAX,2014-03-19,Baxter International
2014-03-20,36.5507888793945,36.8604011535644,36.4149932861328,36.8495368957519,30.02437210083,5651502,Baxter International,United States,BAX,2014-03-20,Baxter International
2014-03-21,37.1102676391601,37.2840843200683,36.6214027404785,36.7789230346679,29.966848373413,8354458,Baxter International,United States,BAX,2014-03-21,Baxter International
2014-03-24,36.8006515502929,36.8604011535644,36.1271057128906,36.3172187805175,29.5906524658203,6522111,Baxter International,United States,BAX,2014-03-24,Baxter International
2014-03-25,36.4041290283203,37.1645851135253,36.3715362548828,37.1482887268066,30.2677917480468,7679179,Baxter International,United States,BAX,2014-03-25,Baxter International
2014-03-26,37.2895164489746,38.4302024841308,37.1482887268066,38.0662689208984,31.0157451629638,15005807,Baxter International,United States,BAX,2014-03-26,Baxter International
2014-03-27,41.1080932617187,41.1080932617187,39.4839744567871,39.5437278747558,32.219554901123,36804720,Baxter International,United States,BAX,2014-03-27,Baxter International
2014-03-28,39.7772941589355,40.0597496032714,39.3427505493164,39.5708847045898,32.2416801452636,12232709,Baxter International,United States,BAX,2014-03-28,Baxter International
2014-03-31,39.6143417358398,40.0814781188964,39.4296569824218,39.9674072265625,32.5647506713867,6646010,Baxter International,United States,BAX,2014-03-31,Baxter International
2014-04-01,40.1249313354492,40.1683883666992,39.6143417358398,40.0162963867187,32.6045913696289,6544019,Baxter International,United States,BAX,2014-04-01,Baxter International
2014-04-02,40.0,40.0,39.6523628234863,39.7555694580078,32.3921585083007,6022647,Baxter International,United States,BAX,2014-04-02,Baxter International
2014-04-03,39.8967933654785,39.9239540100097,39.5437278747558,39.8642044067382,32.4806747436523,6168639,Baxter International,United States,BAX,2014-04-03,Baxter International
2014-04-04,39.9837036132812,40.2607269287109,39.5600204467773,39.6143417358398,32.2770919799804,6128137,Baxter International,United States,BAX,2014-04-04,Baxter International
2014-04-07,39.5654525756835,40.0162963867187,39.3590431213378,39.3753395080566,32.0823516845703,5842229,Baxter International,United States,BAX,2014-04-07,Baxter International
2014-04-08,39.4731101989746,39.6089096069335,39.2123832702636,39.2721366882324,31.9982814788818,4269831,Baxter International,United States,BAX,2014-04-08,Baxter International
2014-04-09,39.4133605957031,39.9185218811035,39.2232475280761,39.8967933654785,32.5072364807128,6607533,Baxter International,United States,BAX,2014-04-09,Baxter International
2014-04-10,39.9185218811035,39.9239540100097,39.0277023315429,39.2504081726074,31.9805717468261,5594247,Baxter International,United States,BAX,2014-04-10,Baxter International
2014-04-11,39.1254768371582,39.598045349121,39.0874519348144,39.0983161926269,31.8566360473632,4854901,Baxter International,United States,BAX,2014-04-11,Baxter International
2014-04-14,39.3210220336914,39.6523628234863,39.1797943115234,39.5219993591308,32.2018432617187,4043757,Baxter International,United States,BAX,2014-04-14,Baxter International
2014-04-15,39.5328636169433,39.9130897521972,39.1797943115234,39.8479080200195,32.4673919677734,5492992,Baxter International,United States,BAX,2014-04-15,Baxter International
2014-04-16,40.1792488098144,40.2552947998046,39.7229766845703,39.8967933654785,32.5072364807128,7327548,Baxter International,United States,BAX,2014-04-16,Baxter International
2014-04-17,39.9348182678222,40.1955451965332,39.3318862915039,39.5491561889648,32.2239875793457,7839530,Baxter International,United States,BAX,2014-04-17,Baxter International
2014-04-21,39.3916358947753,39.809886932373,39.3644752502441,39.7338409423828,32.3744506835937,4281061,Baxter International,United States,BAX,2014-04-21,Baxter International
2014-04-22,39.7066802978515,39.858772277832,39.2938613891601,39.3155899047851,32.0336723327636,5891200,Baxter International,United States,BAX,2014-04-22,Baxter International
2014-04-23,39.3916358947753,39.4894065856933,39.1960906982421,39.2395439147949,31.9717082977294,4427237,Baxter International,United States,BAX,2014-04-23,Baxter International
2014-04-24,39.4242248535156,39.576316833496,39.2558403015136,39.2721366882324,31.9982814788818,4937746,Baxter International,United States,BAX,2014-04-24,Baxter International
2014-04-25,39.2449760437011,39.4187927246093,39.0548591613769,39.2829971313476,32.0071067810058,3557733,Baxter International,United States,BAX,2014-04-25,Baxter International
2014-04-28,39.4350891113281,39.9185218811035,39.2395439147949,39.809886932373,32.436424255371,5612657,Baxter International,United States,BAX,2014-04-28,Baxter International
2014-04-29,39.8859329223632,39.9130897521972,39.6089096069335,39.619773864746,32.2815208435058,3378235,Baxter International,United States,BAX,2014-04-29,Baxter International
2014-04-30,39.6523628234863,39.7229766845703,39.2558403015136,39.5382957458496,32.2151222229003,5037344,Baxter International,United States,BAX,2014-04-30,Baxter International
2014-05-01,39.5708847045898,40.5377502441406,39.5708847045898,40.4073867797851,32.923240661621,9428497,Baxter International,United States,BAX,2014-05-01,Baxter International
2014-05-02,40.901683807373,40.9179801940918,40.3856582641601,40.5812072753906,33.064884185791,15166526,Baxter International,United States,BAX,2014-05-02,Baxter International
2014-05-05,40.4671363830566,40.5540466308593,40.0651817321777,40.4725685119628,32.9763526916503,8005773,Baxter International,United States,BAX,2014-05-05,Baxter International
2014-05-06,40.4454116821289,40.7170028686523,40.1738204956054,40.1792488098144,32.7373695373535,5097913,Baxter International,United States,BAX,2014-05-06,Baxter International
2014-05-07,40.2498626708984,40.668113708496,40.0760459899902,40.5974998474121,33.0781478881835,5346448,Baxter International,United States,BAX,2014-05-07,Baxter International
2014-05-08,40.5431823730468,40.9668655395507,40.4671363830566,40.6463890075683,33.1179809570312,4152376,Baxter International,United States,BAX,2014-05-08,Baxter International
2014-05-09,40.4888648986816,40.7984771728515,40.2878875732421,40.7713203430175,33.2197875976562,2681601,Baxter International,United States,BAX,2014-05-09,Baxter International
2014-05-12,40.8582305908203,41.0266151428222,40.7495918273925,40.9397087097168,33.3569679260253,3231876,Baxter International,United States,BAX,2014-05-12,Baxter International
2014-05-13,41.0103187561035,41.2167282104492,40.8473663330078,40.9614334106445,33.3746795654296,3929799,Baxter International,United States,BAX,2014-05-13,Baxter International
2014-05-14,40.9342765808105,41.1026611328125,40.8419342041015,40.9831619262695,33.3923797607421,3959071,Baxter International,United States,BAX,2014-05-14,Baxter International
2014-05-15,40.7876167297363,40.9885940551757,40.3585014343261,40.5105934143066,33.0073471069335,5703602,Baxter International,United States,BAX,2014-05-15,Baxter International
2014-05-16,40.4834327697753,40.7658882141113,40.4508438110351,40.5431823730468,33.033893585205,5491703,Baxter International,United States,BAX,2014-05-16,Baxter International
2014-05-19,40.4671363830566,40.6735458374023,40.2933197021484,40.5540466308593,33.042739868164,3279557,Baxter International,United States,BAX,2014-05-19,Baxter International
2014-05-20,40.6626815795898,40.711570739746,40.1792488098144,40.2933197021484,32.8303031921386,4054803,Baxter International,United States,BAX,2014-05-20,Baxter International
2014-05-21,40.3856582641601,40.6029319763183,39.9348182678222,40.3910903930664,32.9099693298339,3001751,Baxter International,United States,BAX,2014-05-21,Baxter International
2014-05-22,40.3150444030761,40.6029319763183,40.2335700988769,40.4888648986816,32.9896278381347,2835692,Baxter International,United States,BAX,2014-05-22,Baxter International
2014-05-23,40.4834327697753,40.5920715332031,40.3313407897949,40.5051612854003,33.0029182434082,2586973,Baxter International,United States,BAX,2014-05-23,Baxter International
2014-05-27,40.6137962341308,40.6137962341308,40.1683883666992,40.2824554443359,32.8214530944824,3241449,Baxter International,United States,BAX,2014-05-27,Baxter International
2014-05-28,40.4562721252441,40.5920715332031,40.0760459899902,40.3585014343261,32.8834114074707,3497716,Baxter International,United States,BAX,2014-05-28,Baxter International
2014-05-29,40.4454116821289,40.5214576721191,40.3422050476074,40.4128189086914,32.9276695251464,2414472,Baxter International,United States,BAX,2014-05-29,Baxter International
2014-05-30,40.3150444030761,40.4942970275878,40.2987518310546,40.4182510375976,32.9320945739746,4516341,Baxter International,United States,BAX,2014-05-30,Baxter International
2014-06-02,40.4182510375976,40.5486145019531,40.2335700988769,40.3204765319824,32.8524208068847,4600659,Baxter International,United States,BAX,2014-06-02,Baxter International
2014-06-03,40.2715911865234,40.5268898010253,40.0597496032714,40.1955451965332,32.7506370544433,6432270,Baxter International,United States,BAX,2014-06-03,Baxter International
2014-06-04,39.5654525756835,39.7609977722168,39.4296569824218,39.6523628234863,32.5367050170898,7614560,Baxter International,United States,BAX,2014-06-04,Baxter International
2014-06-05,39.7990226745605,40.2064094543457,39.6360664367675,40.1466598510742,32.9422912597656,7842292,Baxter International,United States,BAX,2014-06-05,Baxter International
2014-06-06,40.1955451965332,40.3096122741699,40.0108642578125,40.0869102478027,32.8932647705078,4236877,Baxter International,United States,BAX,2014-06-06,Baxter International
2014-06-09,40.0706138610839,40.1466598510742,39.8207511901855,40.0,32.8219451904296,3514837,Baxter International,United States,BAX,2014-06-09,Baxter International
2014-06-10,40.0,40.0651817321777,39.7501373291015,40.0543174743652,32.8665237426757,3786201,Baxter International,United States,BAX,2014-06-10,Baxter International
2014-06-11,39.9728393554687,40.0271606445312,39.695816040039,39.7935905456543,32.6525917053222,3198738,Baxter International,United States,BAX,2014-06-11,Baxter International
2014-06-12,39.7935905456543,39.8153190612793,39.5491561889648,39.6523628234863,32.5367050170898,4417480,Baxter International,United States,BAX,2014-06-12,Baxter International
2014-06-13,39.717544555664,39.8316116333007,39.6577949523925,39.717544555664,32.5901985168457,3267959,Baxter International,United States,BAX,2014-06-13,Baxter International
2014-06-16,39.8424758911132,40.2824554443359,39.7501373291015,39.7990226745605,32.6570434570312,3747724,Baxter International,United States,BAX,2014-06-16,Baxter International
2014-06-17,39.69038772583,39.8859329223632,39.5871810913085,39.7447052001953,32.6124687194824,3086989,Baxter International,United States,BAX,2014-06-17,Baxter International
2014-06-18,39.7501373291015,40.1194992065429,39.7012481689453,40.0869102478027,32.8932647705078,2930688,Baxter International,United States,BAX,2014-06-18,Baxter International
2014-06-19,40.0760459899902,40.2118415832519,40.0108642578125,40.1357955932617,32.9333839416503,3590502,Baxter International,United States,BAX,2014-06-19,Baxter International
2014-06-20,40.1520919799804,40.1955451965332,39.9945678710937,40.0814781188964,32.8888053894043,5599402,Baxter International,United States,BAX,2014-06-20,Baxter International
2014-06-23,40.1140670776367,40.2335700988769,40.0108642578125,40.0651817321777,32.8754539489746,3657883,Baxter International,United States,BAX,2014-06-23,Baxter International
2014-06-24,39.951114654541,40.0869102478027,39.8316116333007,39.8859329223632,32.7283592224121,4237062,Baxter International,United States,BAX,2014-06-24,Baxter International
2014-06-25,39.9402503967285,40.1955451965332,39.8859329223632,40.1520919799804,32.9467468261718,4577278,Baxter International,United States,BAX,2014-06-25,Baxter International
2014-06-26,40.0923423767089,40.1140670776367,39.5219993591308,39.7772941589355,32.6392173767089,4775002,Baxter International,United States,BAX,2014-06-26,Baxter International
2014-06-27,39.668659210205,39.7447052001953,39.4350891113281,39.5600204467773,32.4609260559082,3834803,Baxter International,United States,BAX,2014-06-27,Baxter International
2014-06-30,39.6414985656738,39.6523628234863,39.1200447082519,39.2721366882324,32.2247238159179,5492255,Baxter International,United States,BAX,2014-06-30,Baxter International
2014-07-01,39.4513854980468,40.1901130676269,39.4513854980468,40.0651817321777,32.8754539489746,5353076,Baxter International,United States,BAX,2014-07-01,Baxter International
2014-07-02,40.1466598510742,40.73872756958,39.8479080200195,40.7332954406738,33.4236526489257,5546197,Baxter International,United States,BAX,2014-07-02,Baxter International
2014-07-03,40.78218460083,40.8690948486328,40.4780006408691,40.6735458374023,33.374641418457,2557149,Baxter International,United States,BAX,2014-07-03,Baxter International
2014-07-07,40.6463890075683,40.852798461914,40.4834327697753,40.6735458374023,33.374641418457,2961249,Baxter International,United States,BAX,2014-07-07,Baxter International
2014-07-08,40.6029319763183,41.042911529541,40.4834327697753,40.945140838623,33.597484588623,4962047,Baxter International,United States,BAX,2014-07-08,Baxter International
2014-07-09,40.8147735595703,41.3090705871582,40.8147735595703,41.1841392517089,33.7936058044433,4638768,Baxter International,United States,BAX,2014-07-09,Baxter International
2014-07-10,40.972297668457,41.7055931091308,40.8202056884765,41.6893005371093,34.2080993652343,6090396,Baxter International,United States,BAX,2014-07-10,Baxter International
2014-07-11,41.5860939025878,41.7164573669433,41.3307991027832,41.6023902893066,34.1367874145507,3524595,Baxter International,United States,BAX,2014-07-11,Baxter International
2014-07-14,41.6730041503906,41.9011421203613,41.5046157836914,41.7110252380371,34.2259330749511,3770368,Baxter International,United States,BAX,2014-07-14,Baxter International
2014-07-15,41.7762107849121,41.825096130371,41.5915260314941,41.6947326660156,34.2125740051269,4469764,Baxter International,United States,BAX,2014-07-15,Baxter International
2014-07-16,41.825096130371,41.87398147583,41.4828910827636,41.6078224182128,34.141258239746,3729682,Baxter International,United States,BAX,2014-07-16,Baxter International
2014-07-17,41.3851165771484,41.9554595947265,41.2493209838867,41.4177093505859,33.9852561950683,4721060,Baxter International,United States,BAX,2014-07-17,Baxter International
2014-07-18,41.5697975158691,41.5860939025878,41.0320472717285,41.5643653869628,34.1055908203125,5383084,Baxter International,United States,BAX,2014-07-18,Baxter International
2014-07-21,41.4068450927734,41.4557304382324,41.1026611328125,41.3416633605957,33.9228553771972,3896108,Baxter International,United States,BAX,2014-07-21,Baxter International
2014-07-22,41.4774589538574,41.9065742492675,41.3905487060546,41.7544822692871,34.2615966796875,3521281,Baxter International,United States,BAX,2014-07-22,Baxter International
2014-07-23,41.971752166748,41.993480682373,41.5915260314941,41.7381858825683,34.2482261657714,3992209,Baxter International,United States,BAX,2014-07-23,Baxter International
2014-07-24,41.7436180114746,41.9826164245605,41.6241188049316,41.825096130371,34.3195419311523,4283639,Baxter International,United States,BAX,2014-07-24,Baxter International
2014-07-25,41.8631172180175,41.9174346923828,41.4014129638671,41.6349792480468,34.1635360717773,2993282,Baxter International,United States,BAX,2014-07-25,Baxter International
2014-07-28,41.5535049438476,41.6838684082031,41.3905487060546,41.5372085571289,34.0833015441894,3299256,Baxter International,United States,BAX,2014-07-28,Baxter International
2014-07-29,41.5969581604003,41.7925033569335,41.4611625671386,41.4665946960449,34.0253639221191,3414135,Baxter International,United States,BAX,2014-07-29,Baxter International
2014-07-30,41.7327537536621,41.9337310791015,41.0374794006347,41.3307991027832,33.9139289855957,5377745,Baxter International,United States,BAX,2014-07-30,Baxter International
2014-07-31,40.9668655395507,41.1026611328125,40.4780006408691,40.5703430175781,33.2899322509765,6280387,Baxter International,United States,BAX,2014-07-31,Baxter International
2014-08-01,40.5540466308593,40.9994583129882,40.4019546508789,40.7224311828613,33.4147491455078,4234300,Baxter International,United States,BAX,2014-08-01,Baxter International
2014-08-04,40.5377502441406,40.73872756958,40.1955451965332,40.6952743530273,33.3924484252929,5205612,Baxter International,United States,BAX,2014-08-04,Baxter International
2014-08-05,40.78218460083,40.901683807373,40.4073867797851,40.4454116821289,33.1874465942382,3408427,Baxter International,United States,BAX,2014-08-05,Baxter International
2014-08-06,40.2281379699707,40.5920715332031,40.2227058410644,40.4562721252441,33.1963310241699,3483172,Baxter International,United States,BAX,2014-08-06,Baxter International
2014-08-07,40.4942970275878,40.5974998474121,39.9402503967285,40.0706138610839,32.8798866271972,2840479,Baxter International,United States,BAX,2014-08-07,Baxter International
2014-08-08,40.0706138610839,40.3693656921386,39.7935905456543,40.1412277221679,32.9378280639648,4002150,Baxter International,United States,BAX,2014-08-08,Baxter International
2014-08-11,40.2878875732421,40.7224311828613,40.2281379699707,40.3041839599609,33.071548461914,2968613,Baxter International,United States,BAX,2014-08-11,Baxter International
2014-08-12,40.3150444030761,40.5486145019531,40.1357955932617,40.3422050476074,33.1027450561523,2693751,Baxter International,United States,BAX,2014-08-12,Baxter International
2014-08-13,40.5703430175781,40.73872756958,40.4291152954101,40.7170028686523,33.4102935791015,2745852,Baxter International,United States,BAX,2014-08-13,Baxter International
2014-08-14,40.8582305908203,40.8582305908203,40.4997291564941,40.6029319763183,33.3166999816894,2944495,Baxter International,United States,BAX,2014-08-14,Baxter International
2014-08-15,40.7332954406738,40.8745231628418,40.1955451965332,40.4182510375976,33.1651496887207,6775985,Baxter International,United States,BAX,2014-08-15,Baxter International
2014-08-18,40.6137962341308,40.9397087097168,40.5323181152343,40.852798461914,33.521728515625,1956431,Baxter International,United States,BAX,2014-08-18,Baxter International
2014-08-19,40.9342765808105,40.9885940551757,40.668113708496,40.809341430664,33.4860610961914,2547576,Baxter International,United States,BAX,2014-08-19,Baxter International
2014-08-20,40.809341430664,40.9614334106445,40.5757751464843,40.8745231628418,33.5395431518554,2567275,Baxter International,United States,BAX,2014-08-20,Baxter International
2014-08-21,41.4502983093261,41.4665946960449,41.1026611328125,41.1732749938964,33.7846794128418,3869046,Baxter International,United States,BAX,2014-08-21,Baxter International
2014-08-22,41.0483436584472,41.1406822204589,40.7061386108398,40.760456085205,33.445945739746,4158267,Baxter International,United States,BAX,2014-08-22,Baxter International
2014-08-25,40.9071159362793,41.0700721740722,40.8582305908203,40.9560012817382,33.60640335083,2101133,Baxter International,United States,BAX,2014-08-25,Baxter International
2014-08-26,41.042911529541,41.0972290039062,40.9342765808105,41.0266151428222,33.6643486022949,2061000,Baxter International,United States,BAX,2014-08-26,Baxter International
2014-08-27,41.0266151428222,41.091796875,40.7495918273925,40.923412322998,33.5796508789062,2995123,Baxter International,United States,BAX,2014-08-27,Baxter International
2014-08-28,40.7984771728515,40.8419342041015,40.5377502441406,40.689842224121,33.3879890441894,2954621,Baxter International,United States,BAX,2014-08-28,Baxter International
2014-08-29,40.6735458374023,40.8202056884765,40.4888648986816,40.7278633117675,33.419204711914,3203340,Baxter International,United States,BAX,2014-08-29,Baxter International
2014-09-02,40.711570739746,40.7930488586425,40.2878875732421,40.3530693054199,33.1116676330566,3504159,Baxter International,United States,BAX,2014-09-02,Baxter International
2014-09-03,40.2661590576171,40.4073867797851,40.1303634643554,40.1792488098144,33.2014465332031,4025715,Baxter International,United States,BAX,2014-09-03,Baxter International
2014-09-04,40.2770233154296,40.5974998474121,39.9891357421875,40.0380249023437,33.0847434997558,4390785,Baxter International,United States,BAX,2014-09-04,Baxter International
2014-09-05,40.1140670776367,40.4671363830566,39.929386138916,40.3041839599609,33.3046684265136,3137616,Baxter International,United States,BAX,2014-09-05,Baxter International
2014-09-08,40.1955451965332,40.5486145019531,40.1955451965332,40.3150444030761,33.3136405944824,2993834,Baxter International,United States,BAX,2014-09-08,Baxter International
2014-09-09,40.4182510375976,40.4725685119628,40.0760459899902,40.3422050476074,33.336082458496,3555523,Baxter International,United States,BAX,2014-09-09,Baxter International
2014-09-10,40.4182510375976,40.9288444519043,40.2824554443359,40.8908195495605,33.7894172668457,5304105,Baxter International,United States,BAX,2014-09-10,Baxter International
2014-09-11,40.6952743530273,40.9288444519043,40.5486145019531,40.7876167297363,33.7041397094726,3390202,Baxter International,United States,BAX,2014-09-11,Baxter International
2014-09-12,40.7658882141113,40.9342765808105,40.4508438110351,40.5757751464843,33.5290985107421,3887640,Baxter International,United States,BAX,2014-09-12,Baxter International
2014-09-15,40.5974998474121,40.5974998474121,40.2390022277832,40.4942970275878,33.4617729187011,2971926,Baxter International,United States,BAX,2014-09-15,Baxter International
2014-09-16,40.4617042541503,40.8147735595703,40.3476371765136,40.7332954406738,33.6592597961425,2851525,Baxter International,United States,BAX,2014-09-16,Baxter International
2014-09-17,40.4671363830566,40.4671363830566,39.4133605957031,39.4622497558593,32.608959197998,10681114,Baxter International,United States,BAX,2014-09-17,Baxter International
2014-09-18,39.598045349121,39.7827262878418,39.3047256469726,39.7066802978515,32.8109397888183,5834313,Baxter International,United States,BAX,2014-09-18,Baxter International
2014-09-19,39.9022254943847,39.907657623291,39.2938613891601,39.4025001525878,32.5595970153808,5214448,Baxter International,United States,BAX,2014-09-19,Baxter International
2014-09-22,39.3264541625976,39.3644752502441,38.9788169860839,39.1472015380859,32.3486251831054,4046886,Baxter International,United States,BAX,2014-09-22,Baxter International
2014-09-23,38.9299278259277,39.0928840637207,38.837589263916,38.9570884704589,32.1915168762207,3843088,Baxter International,United States,BAX,2014-09-23,Baxter International
2014-09-24,38.8538856506347,39.2449760437011,38.8538856506347,39.1960906982421,32.3890304565429,3474888,Baxter International,United States,BAX,2014-09-24,Baxter International
2014-09-25,39.0439987182617,39.0494308471679,38.6692008972168,38.7180862426757,31.9940338134765,3245315,Baxter International,United States,BAX,2014-09-25,Baxter International
2014-09-26,38.908203125,39.3970680236816,38.8756103515625,39.2612724304199,32.4428787231445,6594094,Baxter International,United States,BAX,2014-09-26,Baxter International
2014-09-29,38.9136352539062,39.2449760437011,38.8430213928222,39.0439987182617,32.2633438110351,3008194,Baxter International,United States,BAX,2014-09-29,Baxter International
2014-09-30,39.0385665893554,39.1200447082519,38.837589263916,38.9842491149902,32.2139663696289,4595872,Baxter International,United States,BAX,2014-09-30,Baxter International
2014-10-01,38.7072257995605,38.9462242126464,38.5877227783203,38.8430213928222,32.0972595214843,5009361,Baxter International,United States,BAX,2014-10-01,Baxter International
2014-10-02,38.8973388671875,38.9353599548339,38.462791442871,38.86474609375,32.1152267456054,4123104,Baxter International,United States,BAX,2014-10-02,Baxter International
2014-10-03,39.1417694091796,39.6523628234863,39.1417694091796,39.6034774780273,32.7256546020507,5610448,Baxter International,United States,BAX,2014-10-03,Baxter International
2014-10-06,39.858772277832,39.951114654541,39.3862037658691,39.5111351013183,32.6493530273437,3612963,Baxter International,United States,BAX,2014-10-06,Baxter International
2014-10-07,39.3862037658691,39.4242248535156,38.8810424804687,38.8810424804687,32.1286888122558,3496980,Baxter International,United States,BAX,2014-10-07,Baxter International
2014-10-08,39.0331344604492,39.7447052001953,38.8810424804687,39.7447052001953,32.8423500061035,4408827,Baxter International,United States,BAX,2014-10-08,Baxter International
2014-10-09,39.6143417358398,39.788158416748,38.9516563415527,39.0059738159179,32.2319221496582,4950817,Baxter International,United States,BAX,2014-10-09,Baxter International
2014-10-10,39.0222702026367,39.2884292602539,38.7017936706543,38.7017936706543,31.9805717468261,4402383,Baxter International,United States,BAX,2014-10-10,Baxter International
2014-10-13,38.6203155517578,38.6909294128418,37.8218345642089,37.8381309509277,31.2668857574462,4776475,Baxter International,United States,BAX,2014-10-13,Baxter International
2014-10-14,37.9793586730957,38.2237892150878,37.327537536621,37.4035835266113,30.9078178405761,7363264,Baxter International,United States,BAX,2014-10-14,Baxter International
2014-10-15,37.1102676391601,37.1863136291503,36.214012145996,37.1211318969726,30.674409866333,8450006,Baxter International,United States,BAX,2014-10-15,Baxter International
2014-10-16,36.3932647705078,37.5774040222168,36.3932647705078,37.0342216491699,30.6026039123535,10618888,Baxter International,United States,BAX,2014-10-16,Baxter International
2014-10-17,37.1265602111816,37.3438339233398,36.0510597229003,36.5236282348632,30.1806755065917,11965395,Baxter International,United States,BAX,2014-10-17,Baxter International
2014-10-20,36.5453567504882,36.9092864990234,36.2900581359863,36.9038581848144,30.4948825836181,5878865,Baxter International,United States,BAX,2014-10-20,Baxter International
2014-10-21,36.9636077880859,37.3764266967773,36.8712654113769,37.2895164489746,30.8135643005371,6404655,Baxter International,United States,BAX,2014-10-21,Baxter International
2014-10-22,37.4470405578613,37.4633331298828,37.1048355102539,37.1374244689941,30.6878814697265,5951953,Baxter International,United States,BAX,2014-10-22,Baxter International
2014-10-23,37.468765258789,37.7349281311035,37.4524726867675,37.533950805664,31.0155353546142,3942686,Baxter International,United States,BAX,2014-10-23,Baxter International
2014-10-24,37.6697463989257,37.9793586730957,37.5556755065918,37.9304733276367,31.3431987762451,3039307,Baxter International,United States,BAX,2014-10-24,Baxter International
2014-10-27,37.9793586730957,38.1205863952636,37.8001098632812,37.9413375854492,31.3521823883056,2848395,Baxter International,United States,BAX,2014-10-27,Baxter International
2014-10-28,37.9739265441894,38.1966323852539,37.8489952087402,38.1966323852539,31.5631389617919,3484093,Baxter International,United States,BAX,2014-10-28,Baxter International
2014-10-29,38.1314506530761,38.3813133239746,38.0336761474609,38.2455177307128,31.6035346984863,5439050,Baxter International,United States,BAX,2014-10-29,Baxter International
2014-10-30,38.1586074829101,38.1586074829101,37.751220703125,38.0554046630859,31.4464225769042,6602194,Baxter International,United States,BAX,2014-10-30,Baxter International
2014-10-31,38.462791442871,38.484519958496,37.9413375854492,38.0988578796386,31.4823379516601,5944589,Baxter International,United States,BAX,2014-10-31,Baxter International
2014-11-03,38.0934257507324,38.0934257507324,37.7077674865722,37.8489952087402,31.27587890625,5924154,Baxter International,United States,BAX,2014-11-03,Baxter International
2014-11-04,37.539379119873,37.6969032287597,37.0287895202636,37.1808815002441,30.7237834930419,15038393,Baxter International,United States,BAX,2014-11-04,Baxter International
2014-11-05,37.2460632324218,38.6366119384765,37.1482887268066,38.51167678833,31.8234615325927,15039865,Baxter International,United States,BAX,2014-11-05,Baxter International
2014-11-06,38.5659980773925,38.9842491149902,38.3813133239746,38.8919067382812,32.1376724243164,8744382,Baxter International,United States,BAX,2014-11-06,Baxter International
2014-11-07,38.7072257995605,38.7724075317382,38.2835426330566,38.3541564941406,31.6932888031005,7670342,Baxter International,United States,BAX,2014-11-07,Baxter International
2014-11-10,38.3704528808593,38.4410667419433,38.1531791687011,38.3650207519531,31.7022972106933,4930566,Baxter International,United States,BAX,2014-11-10,Baxter International
2014-11-11,38.4573593139648,38.5659980773925,38.2509498596191,38.4356346130371,31.7606220245361,3136144,Baxter International,United States,BAX,2014-11-11,Baxter International
2014-11-12,38.4682235717773,38.7887001037597,38.3052673339843,38.745246887207,32.0164756774902,4056091,Baxter International,United States,BAX,2014-11-12,Baxter International
2014-11-13,38.7995643615722,39.2449760437011,38.745246887207,39.1526336669921,32.3531150817871,5367436,Baxter International,United States,BAX,2014-11-13,Baxter International
2014-11-14,38.9570884704589,39.1309051513671,38.8049964904785,38.9733848571777,32.2049865722656,3947656,Baxter International,United States,BAX,2014-11-14,Baxter International
2014-11-17,38.86474609375,39.1472015380859,38.8104286193847,39.1091804504394,32.3171997070312,3083491,Baxter International,United States,BAX,2014-11-17,Baxter International
2014-11-18,39.2232475280761,39.4459533691406,39.0494308471679,39.4242248535156,32.5775146484375,3851924,Baxter International,United States,BAX,2014-11-18,Baxter International
2014-11-19,39.3807716369628,39.5111351013183,39.2178153991699,39.3590431213378,32.5236740112304,4027003,Baxter International,United States,BAX,2014-11-19,Baxter International
2014-11-20,39.2341117858886,39.2938613891601,38.8919067382812,39.1037483215332,32.3127136230468,6131819,Baxter International,United States,BAX,2014-11-20,Baxter International
2014-11-21,39.5437278747558,39.5600204467773,39.2829971313476,39.3481788635253,32.5147056579589,3954836,Baxter International,United States,BAX,2014-11-21,Baxter International
2014-11-24,39.4839744567871,39.4839744567871,39.2775688171386,39.3481788635253,32.5147056579589,4010434,Baxter International,United States,BAX,2014-11-24,Baxter International
2014-11-25,39.3481788635253,39.4459533691406,39.2449760437011,39.3481788635253,32.5147056579589,5247771,Baxter International,United States,BAX,2014-11-25,Baxter International
2014-11-26,39.4405212402343,39.4405212402343,39.2667045593261,39.3264541625976,32.4967422485351,2541501,Baxter International,United States,BAX,2014-11-26,Baxter International
2014-11-28,39.554588317871,39.7609977722168,39.4622497558593,39.6523628234863,32.766056060791,2136112,Baxter International,United States,BAX,2014-11-28,Baxter International
2014-12-01,39.7229766845703,39.8316116333007,39.4133605957031,39.5817489624023,32.707706451416,3557548,Baxter International,United States,BAX,2014-12-01,Baxter International
2014-12-02,39.7772941589355,40.0543174743652,39.6089096069335,40.0271606445312,33.075756072998,4796910,Baxter International,United States,BAX,2014-12-02,Baxter International
2014-12-03,39.7121124267578,40.1140670776367,39.6143417358398,40.0488853454589,33.3289031982421,5665862,Baxter International,United States,BAX,2014-12-03,Baxter International
2014-12-04,39.8642044067382,39.9891357421875,39.6632270812988,39.9619750976562,33.2565650939941,3975824,Baxter International,United States,BAX,2014-12-04,Baxter International
2014-12-05,39.8859329223632,40.4236831665039,39.7772941589355,40.3150444030761,33.5503845214843,5020223,Baxter International,United States,BAX,2014-12-05,Baxter International
2014-12-08,40.2987518310546,40.4888648986816,40.0760459899902,40.2607269287109,33.5051879882812,3434201,Baxter International,United States,BAX,2014-12-08,Baxter International
2014-12-09,39.929386138916,40.1086387634277,39.695816040039,40.0814781188964,33.3560142517089,4015221,Baxter International,United States,BAX,2014-12-09,Baxter International
2014-12-10,39.9130897521972,40.1303634643554,39.4948387145996,39.5219993591308,32.8904228210449,4928725,Baxter International,United States,BAX,2014-12-10,Baxter International
2014-12-11,39.9945678710937,39.9945678710937,39.5708847045898,39.7121124267578,33.0486335754394,4492961,Baxter International,United States,BAX,2014-12-11,Baxter International
2014-12-12,39.4025001525878,39.4405212402343,38.9842491149902,38.9842491149902,32.4429016113281,6080087,Baxter International,United States,BAX,2014-12-12,Baxter International
2014-12-15,39.1363372802734,39.2992935180664,38.5877227783203,38.6203155517578,32.1400489807128,5752205,Baxter International,United States,BAX,2014-12-15,Baxter International
2014-12-16,38.5931549072265,39.1689300537109,38.4193382263183,38.4193382263183,31.972785949707,5547854,Baxter International,United States,BAX,2014-12-16,Baxter International
2014-12-17,38.4790878295898,39.4079284667968,38.3758811950683,39.2558403015136,32.6689338684082,4763588,Baxter International,United States,BAX,2014-12-17,Baxter International
2014-12-18,39.7555694580078,40.2390022277832,39.598045349121,40.2335700988769,33.4825973510742,4948608,Baxter International,United States,BAX,2014-12-18,Baxter International
2014-12-19,40.2335700988769,40.6137962341308,39.8533401489257,40.4562721252441,33.667911529541,6844102,Baxter International,United States,BAX,2014-12-19,Baxter International
2014-12-22,40.1846809387207,40.8419342041015,40.1846809387207,40.5757751464843,33.7673873901367,4193062,Baxter International,United States,BAX,2014-12-22,Baxter International
2014-12-23,40.8473663330078,40.8962516784668,40.3856582641601,40.4617042541503,33.6724510192871,4205949,Baxter International,United States,BAX,2014-12-23,Baxter International
2014-12-24,40.3204765319824,40.6192283630371,40.2444305419921,40.4399795532226,33.654369354248,1574239,Baxter International,United States,BAX,2014-12-24,Baxter International
2014-12-26,40.4073867797851,40.5974998474121,40.3422050476074,40.4997291564941,33.7040939331054,1652298,Baxter International,United States,BAX,2014-12-26,Baxter International
2014-12-29,40.3150444030761,40.5866394042968,40.2933197021484,40.4128189086914,33.6317749023437,2286154,Baxter International,United States,BAX,2014-12-29,Baxter International
2014-12-30,40.4073867797851,40.5214576721191,40.1683883666992,40.2064094543457,33.4599952697753,2580162,Baxter International,United States,BAX,2014-12-30,Baxter International
2014-12-31,40.1303634643554,40.4888648986816,39.7935905456543,39.809886932373,33.1300010681152,2693751,Baxter International,United States,BAX,2014-12-31,Baxter International
2015-01-02,39.9837036132812,40.2118415832519,39.5926132202148,39.8207511901855,33.1390380859375,3964594,Baxter International,United States,BAX,2015-01-02,Baxter International
2015-01-05,39.3807716369628,39.4839744567871,38.6474723815918,38.8321571350097,32.3163299560546,6754997,Baxter International,United States,BAX,2015-01-05,Baxter International
2015-01-06,38.9570884704589,39.1309051513671,38.5171089172363,38.625747680664,32.1445693969726,6930076,Baxter International,United States,BAX,2015-01-06,Baxter International
2015-01-07,38.9516563415527,39.0277023315429,38.5171089172363,38.8104286193847,32.2982482910156,6065359,Baxter International,United States,BAX,2015-01-07,Baxter International
2015-01-08,39.2612724304199,39.9022254943847,39.2395439147949,39.8153190612793,33.1345176696777,5669175,Baxter International,United States,BAX,2015-01-08,Baxter International
2015-01-09,39.7772941589355,39.9022254943847,39.2612724304199,39.3155899047851,32.7186470031738,4221229,Baxter International,United States,BAX,2015-01-09,Baxter International
2015-01-12,39.4785423278808,39.6034774780273,39.1797943115234,39.5002708435058,32.8723335266113,4674299,Baxter International,United States,BAX,2015-01-12,Baxter International
2015-01-13,39.7284088134765,40.1466598510742,38.8919067382812,39.0928840637207,32.5333137512207,5311653,Baxter International,United States,BAX,2015-01-13,Baxter International
2015-01-14,38.8267250061035,38.9733848571777,38.5659980773925,38.9625205993652,32.4248313903808,4985428,Baxter International,United States,BAX,2015-01-14,Baxter International
2015-01-15,39.1743621826171,39.2775688171386,38.6854972839355,38.8267250061035,32.3118209838867,3731891,Baxter International,United States,BAX,2015-01-15,Baxter International
2015-01-16,38.8104286193847,39.1472015380859,38.4790878295898,39.1146125793457,32.551399230957,4149246,Baxter International,United States,BAX,2015-01-16,Baxter International
2015-01-20,39.4459533691406,39.4568176269531,38.7995643615722,39.0059738159179,32.4609870910644,5047102,Baxter International,United States,BAX,2015-01-20,Baxter International
2015-01-21,39.0168380737304,39.1526336669921,38.745246887207,38.7615432739257,32.2575645446777,5576205,Baxter International,United States,BAX,2015-01-21,Baxter International
2015-01-22,39.0439987182617,39.2667045593261,38.5877227783203,39.2504081726074,32.6644096374511,5022616,Baxter International,United States,BAX,2015-01-22,Baxter International
2015-01-23,39.1689300537109,39.2178153991699,38.7724075317382,38.7995643615722,32.2892112731933,3247156,Baxter International,United States,BAX,2015-01-23,Baxter International
2015-01-26,38.794132232666,38.8701782226562,38.4084739685058,38.5008163452148,32.0405921936035,8382073,Baxter International,United States,BAX,2015-01-26,Baxter International
2015-01-27,38.3541564941406,38.604019165039,38.0445404052734,38.3813133239746,31.9411373138427,5441812,Baxter International,United States,BAX,2015-01-27,Baxter International
2015-01-28,38.5985870361328,38.6474723815918,38.1097221374511,38.1097221374511,31.7151088714599,8207178,Baxter International,United States,BAX,2015-01-28,Baxter International
2015-01-29,38.7180862426757,39.0548591613769,38.1694717407226,38.7724075317382,32.2666091918945,9036917,Baxter International,United States,BAX,2015-01-29,Baxter International
2015-01-30,38.5877227783203,39.0385665893554,38.1314506530761,38.1912002563476,31.7829113006591,10089048,Baxter International,United States,BAX,2015-01-30,Baxter International
2015-02-02,38.2237892150878,38.3269958496093,37.582836151123,38.3161315917968,31.8868885040283,5441996,Baxter International,United States,BAX,2015-02-02,Baxter International
2015-02-03,38.3758811950683,38.5171089172363,37.8218345642089,38.2672462463378,31.8462200164794,5848305,Baxter International,United States,BAX,2015-02-03,Baxter International
2015-02-04,38.0554046630859,38.4247703552246,37.9684944152832,38.0608367919921,31.6744403839111,4705964,Baxter International,United States,BAX,2015-02-04,Baxter International
2015-02-05,38.5659980773925,39.0114059448242,38.4030418395996,38.7615432739257,32.2575645446777,6125928,Baxter International,United States,BAX,2015-02-05,Baxter International
2015-02-06,38.6800651550293,38.8919067382812,38.4682235717773,38.5497016906738,32.0812759399414,5213896,Baxter International,United States,BAX,2015-02-06,Baxter International
2015-02-09,38.3595886230468,38.51167678833,37.6588821411132,37.8707237243652,31.5162124633789,6066279,Baxter International,United States,BAX,2015-02-09,Baxter International
2015-02-10,38.1042900085449,38.2129287719726,37.8435630798339,38.1477470397949,31.7467632293701,3660644,Baxter International,United States,BAX,2015-02-10,Baxter International
2015-02-11,38.1097221374511,38.3324279785156,37.490493774414,37.8544273376464,31.5026588439941,5275754,Baxter International,United States,BAX,2015-02-11,Baxter International
2015-02-12,37.9250411987304,38.0934257507324,37.7892456054687,38.0662689208984,31.6789531707763,3860761,Baxter International,United States,BAX,2015-02-12,Baxter International
2015-02-13,37.8870162963867,38.2781105041503,37.7403602600097,38.2346534729003,31.8190784454345,3999020,Baxter International,United States,BAX,2015-02-13,Baxter International
2015-02-17,37.9847908020019,38.0662689208984,37.724063873291,37.9087448120117,31.5478610992431,5919551,Baxter International,United States,BAX,2015-02-17,Baxter International
2015-02-18,37.4796295166015,37.4796295166015,36.8658332824707,37.1537208557128,30.9195251464843,10539909,Baxter International,United States,BAX,2015-02-18,Baxter International
2015-02-19,37.0396537780761,37.0668106079101,36.5779457092285,36.6214027404785,30.4765319824218,10845147,Baxter International,United States,BAX,2015-02-19,Baxter International
2015-02-20,36.5562171936035,36.9147186279296,35.8174896240234,36.8821296691894,30.6935024261474,19788541,Baxter International,United States,BAX,2015-02-20,Baxter International
2015-02-23,36.9581756591796,37.533950805664,36.9038581848144,37.2840843200683,31.0280055999755,7395665,Baxter International,United States,BAX,2015-02-23,Baxter International
2015-02-24,37.2840843200683,37.5502433776855,37.2134704589843,37.512222290039,31.2178649902343,8988130,Baxter International,United States,BAX,2015-02-24,Baxter International
2015-02-25,37.4796295166015,37.582836151123,37.2732200622558,37.4035835266113,31.1274719238281,5560556,Baxter International,United States,BAX,2015-02-25,Baxter International
2015-02-26,37.3166770935058,37.561107635498,37.2243347167968,37.3003807067871,31.0415821075439,4364643,Baxter International,United States,BAX,2015-02-26,Baxter International
2015-02-27,37.3546981811523,37.7186317443847,37.2786521911621,37.561107635498,31.2585620880126,6061124,Baxter International,United States,BAX,2015-02-27,Baxter International
2015-03-02,37.561107635498,38.0391082763671,37.512222290039,38.0010871887207,31.6247081756591,6627784,Baxter International,United States,BAX,2015-03-02,Baxter International
2015-03-03,37.8870162963867,37.9141769409179,37.5448112487793,37.7077674865722,31.3806133270263,4455772,Baxter International,United States,BAX,2015-03-03,Baxter International
2015-03-04,37.7077674865722,37.8055381774902,37.4144477844238,37.6154251098632,31.303762435913,4009882,Baxter International,United States,BAX,2015-03-04,Baxter International
2015-03-05,37.751220703125,37.8164024353027,37.4579048156738,37.5937004089355,31.2856884002685,3744594,Baxter International,United States,BAX,2015-03-05,Baxter International
2015-03-06,37.4253120422363,37.4361763000488,36.7083091735839,36.7897872924804,30.6166591644287,7265875,Baxter International,United States,BAX,2015-03-06,Baxter International
2015-03-09,36.7246055603027,36.8984260559082,36.5073318481445,36.7734947204589,30.8398780822753,5373327,Baxter International,United States,BAX,2015-03-09,Baxter International
2015-03-10,36.5942420959472,36.9907646179199,36.518196105957,36.7734947204589,30.8398780822753,6968369,Baxter International,United States,BAX,2015-03-10,Baxter International
2015-03-11,36.9310150146484,36.9310150146484,36.3335151672363,36.398696899414,30.5255584716796,6679332,Baxter International,United States,BAX,2015-03-11,Baxter International
2015-03-12,36.4747428894043,36.6214027404785,36.3552436828613,36.3932647705078,30.5209903717041,6117275,Baxter International,United States,BAX,2015-03-12,Baxter International
2015-03-13,36.3878326416015,36.6485595703125,36.2629013061523,36.588809967041,30.6849956512451,7141423,Baxter International,United States,BAX,2015-03-13,Baxter International
2015-03-16,36.8060836791992,37.1971740722656,36.8006515502929,37.1700172424316,31.1724262237548,5460774,Baxter International,United States,BAX,2015-03-16,Baxter International
2015-03-17,36.9961967468261,37.4035835266113,36.9092864990234,37.1917457580566,31.1906433105468,6266028,Baxter International,United States,BAX,2015-03-17,Baxter International
2015-03-18,37.0939712524414,37.4144477844238,36.68115234375,37.2351989746093,31.227087020874,8128751,Baxter International,United States,BAX,2015-03-18,Baxter International
2015-03-19,37.1971740722656,37.2840843200683,36.8006515502929,36.9255828857421,30.9674224853515,8700198,Baxter International,United States,BAX,2015-03-19,Baxter International
2015-03-20,37.1374244689941,37.327537536621,36.8386764526367,37.0342216491699,31.0585327148437,12609561,Baxter International,United States,BAX,2015-03-20,Baxter International
2015-03-23,37.0342216491699,37.582836151123,36.9690399169921,37.3927192687988,31.3591918945312,7451448,Baxter International,United States,BAX,2015-03-23,Baxter International
2015-03-24,37.2949485778808,37.4307441711425,37.1537208557128,37.2080383300781,31.2043094635009,7361054,Baxter International,United States,BAX,2015-03-24,Baxter International
2015-03-25,37.1863136291503,37.468765258789,36.9636077880859,37.0124931335449,31.0403099060058,6207852,Baxter International,United States,BAX,2015-03-25,Baxter International
2015-03-26,36.9364471435546,37.2840843200683,36.8278121948242,36.9473114013671,30.985631942749,6112488,Baxter International,United States,BAX,2015-03-26,Baxter International
2015-03-27,37.1428565979003,37.2732200622558,36.9364471435546,37.2351989746093,31.227087020874,3893163,Baxter International,United States,BAX,2015-03-27,Baxter International
2015-03-30,37.3764266967773,37.398151397705,37.0939712524414,37.349266052246,31.3227424621582,4841278,Baxter International,United States,BAX,2015-03-30,Baxter International
2015-03-31,37.1971740722656,37.3818588256835,37.0994033813476,37.2080383300781,31.2043094635009,5482130,Baxter International,United States,BAX,2015-03-31,Baxter International
2015-04-01,37.0450859069824,37.1048355102539,36.5236282348632,36.6865844726562,30.7669849395751,7211197,Baxter International,United States,BAX,2015-04-01,Baxter International
2015-04-02,36.6648559570312,37.0722427368164,36.4530143737793,36.9364471435546,30.9765491485595,4774634,Baxter International,United States,BAX,2015-04-02,Baxter International
2015-04-06,37.0179252624511,37.3872909545898,36.8060836791992,37.2786521911621,31.2635192871093,4122367,Baxter International,United States,BAX,2015-04-06,Baxter International
2015-04-07,37.2677879333496,37.8326988220214,37.2406311035156,37.6643142700195,31.5869617462158,5838363,Baxter International,United States,BAX,2015-04-07,Baxter International
2015-04-08,37.6643142700195,37.8598594665527,37.5556755065918,37.751220703125,31.6598358154296,5346632,Baxter International,United States,BAX,2015-04-08,Baxter International
2015-04-09,37.7457885742187,38.1314506530761,37.6208572387695,38.1042900085449,31.955940246582,6593910,Baxter International,United States,BAX,2015-04-09,Baxter International
2015-04-10,38.0282478332519,38.3432922363281,37.9304733276367,38.3324279785156,32.1472663879394,4562366,Baxter International,United States,BAX,2015-04-10,Baxter International
2015-04-13,38.3595886230468,38.3595886230468,37.9250411987304,37.9522018432617,31.8283882141113,5710782,Baxter International,United States,BAX,2015-04-13,Baxter International
2015-04-14,37.7675170898437,38.0771331787109,37.6643142700195,38.0119514465332,31.8785018920898,6542362,Baxter International,United States,BAX,2015-04-14,Baxter International
2015-04-15,38.1586074829101,38.2998352050781,38.0282478332519,38.1314506530761,31.9787139892578,5051336,Baxter International,United States,BAX,2015-04-15,Baxter International
2015-04-16,38.0554046630859,38.1912002563476,37.9467697143554,38.1042900085449,31.955940246582,5277779,Baxter International,United States,BAX,2015-04-16,Baxter International
2015-04-17,37.8870162963867,38.1260185241699,37.8055381774902,37.9739265441894,31.8466186523437,4423187,Baxter International,United States,BAX,2015-04-17,Baxter International
2015-04-20,38.0608367919921,38.3921775817871,38.0554046630859,38.2183609008789,32.0516052246093,4399438,Baxter International,United States,BAX,2015-04-20,Baxter International
2015-04-21,38.2726783752441,38.3487243652343,37.9467697143554,38.0499725341796,31.9104061126709,7221875,Baxter International,United States,BAX,2015-04-21,Baxter International
2015-04-22,38.1857681274414,38.2672462463378,37.8870162963867,38.2292213439941,32.0607223510742,4915286,Baxter International,United States,BAX,2015-04-22,Baxter International
2015-04-23,38.3052673339843,39.1472015380859,38.0336761474609,38.8430213928222,32.5754699707031,8504131,Baxter International,United States,BAX,2015-04-23,Baxter International
2015-04-24,38.7778396606445,38.7832717895507,38.3650207519531,38.6420402526855,32.4069175720214,5532021,Baxter International,United States,BAX,2015-04-24,Baxter International
2015-04-27,38.6311798095703,38.8049964904785,38.1912002563476,38.2237892150878,32.0561714172363,5341846,Baxter International,United States,BAX,2015-04-27,Baxter International
2015-04-28,38.0282478332519,38.2183609008789,37.7892456054687,38.1477470397949,31.9923858642578,4016326,Baxter International,United States,BAX,2015-04-28,Baxter International
2015-04-29,38.0608367919921,38.1368827819824,37.7294960021972,37.8870162963867,31.7737236022949,3677582,Baxter International,United States,BAX,2015-04-29,Baxter International
2015-04-30,37.7294960021972,37.7294960021972,37.2026062011718,37.3384017944335,31.3136329650878,4471605,Baxter International,United States,BAX,2015-04-30,Baxter International
2015-05-01,37.4307441711425,37.7675170898437,37.3655624389648,37.7131996154785,31.6279697418212,3735941,Baxter International,United States,BAX,2015-05-01,Baxter International
2015-05-04,37.7566528320312,38.0879974365234,37.7131996154785,37.9902229309082,31.8602886199951,3681632,Baxter International,United States,BAX,2015-05-04,Baxter International
2015-05-05,37.9250411987304,38.0228157043457,37.6969032287597,37.8326988220214,31.7281761169433,4530517,Baxter International,United States,BAX,2015-05-05,Baxter International
2015-05-06,38.0010871887207,38.0173835754394,37.3058128356933,37.4307441711425,31.3910884857177,4594952,Baxter International,United States,BAX,2015-05-06,Baxter International
2015-05-07,37.604564666748,37.8870162963867,37.2514953613281,37.6588821411132,31.582405090332,4856006,Baxter International,United States,BAX,2015-05-07,Baxter International
2015-05-08,37.9847908020019,38.0608367919921,37.6099967956543,37.8001098632812,31.7008533477783,3635423,Baxter International,United States,BAX,2015-05-08,Baxter International
2015-05-11,37.6969032287597,37.7457885742187,37.5013580322265,37.6262893676757,31.5550708770751,5230281,Baxter International,United States,BAX,2015-05-11,Baxter International
2015-05-12,37.5665397644043,37.6914710998535,37.2460632324218,37.2840843200683,31.2680702209472,6034982,Baxter International,United States,BAX,2015-05-12,Baxter International
2015-05-13,37.2623558044433,37.4090156555175,36.9038581848144,36.9907646179199,31.0220985412597,5204323,Baxter International,United States,BAX,2015-05-13,Baxter International
2015-05-14,37.2080383300781,37.539379119873,37.0668106079101,37.5013580322265,31.4502906799316,4589613,Baxter International,United States,BAX,2015-05-14,Baxter International
2015-05-15,37.5882682800293,37.8164024353027,37.5013580322265,37.675178527832,31.5960674285888,6252772,Baxter International,United States,BAX,2015-05-15,Baxter International
2015-05-18,37.7131996154785,37.7457885742187,36.6485595703125,37.0722427368164,31.0904121398925,13369894,Baxter International,United States,BAX,2015-05-18,Baxter International
2015-05-19,37.1428565979003,37.5067901611328,37.0016288757324,37.1971740722656,31.1952037811279,9495326,Baxter International,United States,BAX,2015-05-19,Baxter International
2015-05-20,37.2134704589843,37.2949485778808,36.8386764526367,36.9092864990234,30.9537563323974,8035045,Baxter International,United States,BAX,2015-05-20,Baxter International
2015-05-21,36.8712654113769,36.9473114013671,36.4910354614257,36.6865844726562,30.7669849395751,9988898,Baxter International,United States,BAX,2015-05-21,Baxter International
2015-05-22,36.6648559570312,36.9799003601074,36.5616493225097,36.5942420959472,30.6895580291748,6295484,Baxter International,United States,BAX,2015-05-22,Baxter International
2015-05-26,36.610538482666,36.7191734313964,36.4530143737793,36.5127639770507,30.621223449707,6649508,Baxter International,United States,BAX,2015-05-26,Baxter International
2015-05-27,36.6051063537597,36.6376953125,36.2411727905273,36.4149932861328,30.5392322540283,10562553,Baxter International,United States,BAX,2015-05-27,Baxter International
2015-05-28,36.306354522705,36.5290603637695,36.279197692871,36.4747428894043,30.8284492492675,8872331,Baxter International,United States,BAX,2015-05-28,Baxter International
2015-05-29,36.5018997192382,36.588809967041,35.9424247741699,36.1814231872558,30.5805320739746,11771538,Baxter International,United States,BAX,2015-05-29,Baxter International
2015-06-01,36.279197692871,36.349811553955,35.8663787841796,36.0401954650878,30.4611663818359,8751930,Baxter International,United States,BAX,2015-06-01,Baxter International
2015-06-02,35.9315605163574,36.1651268005371,35.8609466552734,36.0510597229003,30.4703502655029,8825386,Baxter International,United States,BAX,2015-06-02,Baxter International
2015-06-03,36.1651268005371,36.1922874450683,35.7360115051269,35.7957611083984,30.2545738220214,12395821,Baxter International,United States,BAX,2015-06-03,Baxter International
2015-06-04,35.6382408142089,35.7577400207519,35.382942199707,35.6436729431152,30.1260242462158,10515056,Baxter International,United States,BAX,2015-06-04,Baxter International
2015-06-05,35.5784912109375,35.6328086853027,35.285171508789,35.3177604675293,29.8505668640136,7974660,Baxter International,United States,BAX,2015-06-05,Baxter International
2015-06-08,35.3612174987793,35.3883743286132,35.0516014099121,35.0570335388183,29.6302032470703,6931549,Baxter International,United States,BAX,2015-06-08,Baxter International
2015-06-09,35.0353088378906,35.0570335388183,34.7691459655761,34.8071708679199,29.4190216064453,9781417,Baxter International,United States,BAX,2015-06-09,Baxter International
2015-06-10,34.9266700744628,35.9315605163574,34.8451919555664,35.8609466552734,30.3096714019775,17805232,Baxter International,United States,BAX,2015-06-10,Baxter International
2015-06-11,35.8663787841796,37.1537208557128,35.8066253662109,37.0776748657226,31.3380622863769,23528532,Baxter International,United States,BAX,2015-06-11,Baxter International
2015-06-12,37.0016288757324,37.2351989746093,36.8278121948242,37.0776748657226,31.3380622863769,18214118,Baxter International,United States,BAX,2015-06-12,Baxter International
2015-06-15,36.9092864990234,37.0450859069824,36.5996742248535,36.9038581848144,31.1911487579345,11330066,Baxter International,United States,BAX,2015-06-15,Baxter International
2015-06-16,36.9038581848144,37.2297668457031,36.5833778381347,36.8549690246582,31.1498203277587,17176530,Baxter International,United States,BAX,2015-06-16,Baxter International
2015-06-17,36.9799003601074,37.1808815002441,36.5996742248535,37.0179252624511,31.2875576019287,11603639,Baxter International,United States,BAX,2015-06-17,Baxter International
2015-06-18,37.0396537780761,37.7566528320312,37.0233573913574,37.6154251098632,31.7925605773925,13697040,Baxter International,United States,BAX,2015-06-18,Baxter International
2015-06-19,37.653450012207,37.9902229309082,37.4850616455078,37.702335357666,31.8660202026367,14188219,Baxter International,United States,BAX,2015-06-19,Baxter International
2015-06-22,37.6969032287597,38.2726783752441,37.5665397644043,38.0391082763671,32.1506462097168,12785929,Baxter International,United States,BAX,2015-06-22,Baxter International
2015-06-23,38.0119514465332,38.4736557006835,37.77294921875,38.3867454528808,32.4444770812988,12088742,Baxter International,United States,BAX,2015-06-23,Baxter International
2015-06-24,38.5388374328613,39.0765876770019,38.4953842163085,38.9136352539062,32.8898048400878,19227036,Baxter International,United States,BAX,2015-06-24,Baxter International
2015-06-25,38.7289505004882,39.4025001525878,38.6474723815918,39.2938613891601,33.2111587524414,17348664,Baxter International,United States,BAX,2015-06-25,Baxter International
2015-06-26,39.2667045593261,39.5654525756835,38.9407920837402,39.0657234191894,33.0183525085449,24021736,Baxter International,United States,BAX,2015-06-26,Baxter International
2015-06-29,38.6474723815918,39.0331344604492,38.3487243652343,38.3758811950683,32.4352989196777,12327336,Baxter International,United States,BAX,2015-06-29,Baxter International
2015-06-30,38.6366119384765,38.6474723815918,37.9141769409179,37.9847908020019,32.1047401428222,18308193,Baxter International,United States,BAX,2015-06-30,Baxter International
2015-07-01,37.5499992370605,38.9399986267089,37.4300003051757,38.8600006103515,32.8444633483886,24435200,Baxter International,United States,BAX,2015-07-01,Baxter International
2015-07-02,38.7700004577636,38.849998474121,38.2000007629394,38.2999992370605,32.3711585998535,20257100,Baxter International,United States,BAX,2015-07-02,Baxter International
2015-07-06,38.1500015258789,38.4099998474121,37.75,38.0400009155273,32.1514129638671,17521500,Baxter International,United States,BAX,2015-07-06,Baxter International
2015-07-07,37.8899993896484,38.0,36.4799995422363,37.1100006103515,31.3653678894042,17082700,Baxter International,United States,BAX,2015-07-07,Baxter International
2015-07-08,36.9799995422363,37.1500015258789,36.4000015258789,36.5,30.8498058319091,7799300,Baxter International,United States,BAX,2015-07-08,Baxter International
2015-07-09,37.0800018310546,37.0900001525878,36.7299995422363,37.0200004577636,31.2893180847167,10327200,Baxter International,United States,BAX,2015-07-09,Baxter International
2015-07-10,37.3400001525878,37.7200012207031,36.9300003051757,37.6100006103515,31.7879619598388,10109600,Baxter International,United States,BAX,2015-07-10,Baxter International
2015-07-13,37.7299995422363,37.7299995422363,37.2900009155273,37.599998474121,31.7795257568359,8969100,Baxter International,United States,BAX,2015-07-13,Baxter International
2015-07-14,37.4799995422363,37.7900009155273,37.3300018310546,37.7299995422363,31.8894004821777,11631000,Baxter International,United States,BAX,2015-07-14,Baxter International
2015-07-15,37.7599983215332,37.810001373291,37.5299987792968,37.7000007629394,31.8640403747558,12867400,Baxter International,United States,BAX,2015-07-15,Baxter International
2015-07-16,37.7599983215332,37.8300018310546,37.5400009155273,37.7700004577636,31.9231986999511,8280700,Baxter International,United States,BAX,2015-07-16,Baxter International
2015-07-17,37.7400016784668,37.8300018310546,37.2700004577636,37.3600006103515,31.5766773223876,8858100,Baxter International,United States,BAX,2015-07-17,Baxter International
2015-07-20,37.4300003051757,37.75,37.2599983215332,37.6599998474121,31.8302288055419,12162900,Baxter International,United States,BAX,2015-07-20,Baxter International
2015-07-21,37.6500015258789,37.8899993896484,37.599998474121,37.849998474121,31.9908123016357,7290900,Baxter International,United States,BAX,2015-07-21,Baxter International
2015-07-22,37.7299995422363,37.8600006103515,37.6500015258789,37.7099990844726,31.8724975585937,8715400,Baxter International,United States,BAX,2015-07-22,Baxter International
2015-07-23,37.7999992370605,38.2099990844726,37.7599983215332,37.9700012207031,32.0922546386718,10271800,Baxter International,United States,BAX,2015-07-23,Baxter International
2015-07-24,37.7999992370605,37.9700012207031,37.5900001525878,37.6399993896484,31.8133201599121,6612600,Baxter International,United States,BAX,2015-07-24,Baxter International
2015-07-27,37.599998474121,37.9000015258789,37.5,37.7000007629394,31.8640403747558,8898000,Baxter International,United States,BAX,2015-07-27,Baxter International
2015-07-28,37.9599990844726,38.1500015258789,37.6800003051757,38.0900001525878,32.1936798095703,8299900,Baxter International,United States,BAX,2015-07-28,Baxter International
2015-07-29,38.1800003051757,38.7599983215332,38.0499992370605,38.5,32.5402069091796,8413900,Baxter International,United States,BAX,2015-07-29,Baxter International
2015-07-30,37.8199996948242,40.0699996948242,37.7099990844726,40.0099983215332,33.8164596557617,14504000,Baxter International,United States,BAX,2015-07-30,Baxter International
2015-07-31,39.75,40.1500015258789,39.7200012207031,40.0800018310546,33.8756141662597,11660300,Baxter International,United States,BAX,2015-07-31,Baxter International
2015-08-03,39.9199981689453,40.0699996948242,39.3899993896484,39.5099983215332,33.3938446044921,6949200,Baxter International,United States,BAX,2015-08-03,Baxter International
2015-08-04,40.4099998474121,41.0800018310546,39.75,40.310001373291,34.0700149536132,76058800,Baxter International,United States,BAX,2015-08-04,Baxter International
2015-08-05,40.560001373291,43.4399986267089,40.4000015258789,42.1300010681152,35.608283996582,40376600,Baxter International,United States,BAX,2015-08-05,Baxter International
2015-08-06,41.8899993896484,42.560001373291,41.7799987792968,41.9300003051757,35.4392356872558,23178500,Baxter International,United States,BAX,2015-08-06,Baxter International
2015-08-07,41.9399986267089,42.7099990844726,41.4599990844726,41.8800010681152,35.3969802856445,11530500,Baxter International,United States,BAX,2015-08-07,Baxter International
2015-08-10,42.0299987792968,42.4500007629394,41.9300003051757,42.0400009155273,35.5322227478027,9214300,Baxter International,United States,BAX,2015-08-10,Baxter International
2015-08-11,41.6899986267089,41.9799995422363,41.4900016784668,41.7599983215332,35.2955436706543,6935500,Baxter International,United States,BAX,2015-08-11,Baxter International
2015-08-12,41.560001373291,41.6399993896484,40.4099998474121,40.8199996948242,34.5010681152343,7711300,Baxter International,United States,BAX,2015-08-12,Baxter International
2015-08-13,40.810001373291,41.0400009155273,40.5099983215332,40.8199996948242,34.5010681152343,4966900,Baxter International,United States,BAX,2015-08-13,Baxter International
2015-08-14,41.099998474121,41.099998474121,40.6599998474121,40.9000015258789,34.5686798095703,4402500,Baxter International,United States,BAX,2015-08-14,Baxter International
2015-08-17,40.75,40.810001373291,40.4700012207031,40.7599983215332,34.4503631591796,6676300,Baxter International,United States,BAX,2015-08-17,Baxter International
2015-08-18,40.6899986267089,40.9799995422363,40.5200004577636,40.5900001525878,34.306655883789,4176100,Baxter International,United States,BAX,2015-08-18,Baxter International
2015-08-19,40.4799995422363,40.5800018310546,40.060001373291,40.1399993896484,33.9263305664062,6773900,Baxter International,United States,BAX,2015-08-19,Baxter International
2015-08-20,40.0,40.1399993896484,39.5099983215332,39.6100006103515,33.4783859252929,7850000,Baxter International,United States,BAX,2015-08-20,Baxter International
2015-08-21,39.25,39.4099998474121,38.0099983215332,38.2799987792968,32.3542671203613,15192700,Baxter International,United States,BAX,2015-08-21,Baxter International
2015-08-24,36.3699989318847,37.5099983215332,34.5,37.1699981689453,31.4160861968994,15628800,Baxter International,United States,BAX,2015-08-24,Baxter International
2015-08-25,37.9900016784668,37.9900016784668,36.8800010681152,36.9700012207031,31.2470455169677,10118100,Baxter International,United States,BAX,2015-08-25,Baxter International
2015-08-26,37.6199989318847,37.810001373291,36.7099990844726,37.6699981689453,31.8386783599853,8622300,Baxter International,United States,BAX,2015-08-26,Baxter International
2015-08-27,37.9700012207031,38.7700004577636,37.7400016784668,38.5900001525878,32.6162681579589,9217800,Baxter International,United States,BAX,2015-08-27,Baxter International
2015-08-28,38.5,39.0499992370605,38.3400001525878,38.75,32.7514991760253,6382400,Baxter International,United States,BAX,2015-08-28,Baxter International
2015-08-31,38.6500015258789,38.9099998474121,38.3699989318847,38.4500007629394,32.4979400634765,4810100,Baxter International,United States,BAX,2015-08-31,Baxter International
2015-09-01,37.6699981689453,37.9900016784668,36.9500007629394,37.2299995422363,31.466796875,6330700,Baxter International,United States,BAX,2015-09-01,Baxter International
2015-09-02,37.6300010681152,37.6599998474121,37.0,37.4000015258789,31.7084293365478,3414100,Baxter International,United States,BAX,2015-09-02,Baxter International
2015-09-03,37.5400009155273,37.7900009155273,36.9199981689453,37.0499992370605,31.4116992950439,5842300,Baxter International,United States,BAX,2015-09-03,Baxter International
2015-09-04,36.560001373291,36.7099990844726,35.9099998474121,36.1399993896484,30.640172958374,8565000,Baxter International,United States,BAX,2015-09-04,Baxter International
2015-09-08,36.8300018310546,36.849998474121,36.3400001525878,36.5099983215332,30.953872680664,8096800,Baxter International,United States,BAX,2015-09-08,Baxter International
2015-09-09,37.0400009155273,37.2599983215332,36.25,36.310001373291,30.7843074798584,4296900,Baxter International,United States,BAX,2015-09-09,Baxter International
2015-09-10,36.25,36.3199996948242,35.75,36.0699996948242,30.5808372497558,5880800,Baxter International,United States,BAX,2015-09-10,Baxter International
2015-09-11,35.9000015258789,36.2000007629394,35.8800010681152,36.0200004577636,30.538438796997,3885200,Baxter International,United States,BAX,2015-09-11,Baxter International
2015-09-14,35.9599990844726,36.1399993896484,35.7200012207031,35.9700012207031,30.496036529541,3269900,Baxter International,United States,BAX,2015-09-14,Baxter International
2015-09-15,35.9199981689453,36.3899993896484,35.8899993896484,36.25,30.7334423065185,3137800,Baxter International,United States,BAX,2015-09-15,Baxter International
2015-09-16,36.2799987792968,36.3699989318847,35.9799995422363,36.2099990844726,30.6995182037353,3037700,Baxter International,United States,BAX,2015-09-16,Baxter International
2015-09-17,36.25,36.8800010681152,36.1199989318847,36.349998474121,30.8182106018066,3351200,Baxter International,United States,BAX,2015-09-17,Baxter International
2015-09-18,35.8899993896484,36.2799987792968,35.8699989318847,36.25,30.7334423065185,6928100,Baxter International,United States,BAX,2015-09-18,Baxter International
2015-09-21,36.4399986267089,36.7000007629394,35.9099998474121,35.9500007629394,30.4790878295898,4207200,Baxter International,United States,BAX,2015-09-21,Baxter International
2015-09-22,35.5900001525878,35.6199989318847,34.8400001525878,35.4799995422363,30.0806102752685,6022300,Baxter International,United States,BAX,2015-09-22,Baxter International
2015-09-23,35.5800018310546,35.9799995422363,35.3300018310546,35.7599983215332,30.318000793457,4406300,Baxter International,United States,BAX,2015-09-23,Baxter International
2015-09-24,35.5499992370605,35.5800018310546,34.7700004577636,35.2900009155273,29.9195232391357,6047300,Baxter International,United States,BAX,2015-09-24,Baxter International
2015-09-25,35.5299987792968,35.5400009155273,34.25,34.4500007629394,29.2073593139648,3936200,Baxter International,United States,BAX,2015-09-25,Baxter International
2015-09-28,34.25,34.3400001525878,32.5200004577636,32.5900001525878,27.6304206848144,7741700,Baxter International,United States,BAX,2015-09-28,Baxter International
2015-09-29,32.5400009155273,33.25,32.2200012207031,32.6899986267089,27.7151947021484,9033800,Baxter International,United States,BAX,2015-09-29,Baxter International
2015-09-30,33.1100006103515,33.25,32.5699996948242,32.849998474121,27.850845336914,6117600,Baxter International,United States,BAX,2015-09-30,Baxter International
2015-10-01,32.6899986267089,32.8600006103515,32.310001373291,32.7299995422363,27.7491016387939,5616100,Baxter International,United States,BAX,2015-10-01,Baxter International
2015-10-02,32.4199981689453,33.5699996948242,32.1800003051757,33.5499992370605,28.444314956665,7624300,Baxter International,United States,BAX,2015-10-02,Baxter International
2015-10-05,33.8300018310546,33.8600006103515,33.1100006103515,33.2999992370605,28.2323684692382,7007100,Baxter International,United States,BAX,2015-10-05,Baxter International
2015-10-06,33.3300018310546,33.5,32.1800003051757,32.2700004577636,27.3591079711914,9273700,Baxter International,United States,BAX,2015-10-06,Baxter International
2015-10-07,32.3699989318847,32.9500007629394,32.25,32.9099998474121,27.9017181396484,7084700,Baxter International,United States,BAX,2015-10-07,Baxter International
2015-10-08,32.9300003051757,33.3300018310546,32.6199989318847,33.25,28.1899700164794,6958900,Baxter International,United States,BAX,2015-10-08,Baxter International
2015-10-09,33.1899986267089,33.4799995422363,33.1500015258789,33.2099990844726,28.1560592651367,4960200,Baxter International,United States,BAX,2015-10-09,Baxter International
2015-10-12,33.1699981689453,33.5299987792968,33.099998474121,33.4700012207031,28.3764934539794,3747600,Baxter International,United States,BAX,2015-10-12,Baxter International
2015-10-13,33.3400001525878,33.5299987792968,33.0699996948242,33.099998474121,28.0628089904785,6068300,Baxter International,United States,BAX,2015-10-13,Baxter International
2015-10-14,33.1300010681152,33.2700004577636,32.9199981689453,33.0499992370605,28.0204105377197,3246800,Baxter International,United States,BAX,2015-10-14,Baxter International
2015-10-15,33.1599998474121,33.7799987792968,32.9599990844726,33.7000007629394,28.5714931488037,4024800,Baxter International,United States,BAX,2015-10-15,Baxter International
2015-10-16,33.8600006103515,34.1699981689453,33.6300010681152,33.9199981689453,28.7580127716064,4708300,Baxter International,United States,BAX,2015-10-16,Baxter International
2015-10-19,33.8600006103515,34.0900001525878,33.7799987792968,34.0200004577636,28.8428020477294,4482500,Baxter International,United States,BAX,2015-10-19,Baxter International
2015-10-20,33.9700012207031,34.5,33.8800010681152,34.2599983215332,29.0462703704834,5599700,Baxter International,United States,BAX,2015-10-20,Baxter International
2015-10-21,34.4900016784668,35.6800003051757,34.4099998474121,35.599998474121,30.1823558807373,12740800,Baxter International,United States,BAX,2015-10-21,Baxter International
2015-10-22,35.6500015258789,35.6599998474121,34.4300003051757,34.9199981689453,29.6058406829834,7132700,Baxter International,United States,BAX,2015-10-22,Baxter International
2015-10-23,35.1300010681152,35.6300010681152,35.0400009155273,35.4000015258789,30.0127906799316,4959200,Baxter International,United States,BAX,2015-10-23,Baxter International
2015-10-26,35.4700012207031,36.1699981689453,35.4000015258789,35.9099998474121,30.4451808929443,6671300,Baxter International,United States,BAX,2015-10-26,Baxter International
2015-10-27,36.0499992370605,36.9799995422363,36.0499992370605,36.6399993896484,31.0640850067138,5736100,Baxter International,United States,BAX,2015-10-27,Baxter International
2015-10-28,36.5699996948242,37.560001373291,36.060001373291,37.25,31.5812473297119,10065200,Baxter International,United States,BAX,2015-10-28,Baxter International
2015-10-29,37.1899986267089,37.7599983215332,37.0900001525878,37.5900001525878,31.8695030212402,6967200,Baxter International,United States,BAX,2015-10-29,Baxter International
2015-10-30,37.599998474121,37.6399993896484,37.310001373291,37.3899993896484,31.6999416351318,6100600,Baxter International,United States,BAX,2015-10-30,Baxter International
2015-11-02,37.5099983215332,37.8600006103515,37.4000015258789,37.7700004577636,32.022102355957,3848400,Baxter International,United States,BAX,2015-11-02,Baxter International
2015-11-03,37.7799987792968,38.3899993896484,37.599998474121,38.2200012207031,32.4036293029785,4684600,Baxter International,United States,BAX,2015-11-03,Baxter International
2015-11-04,38.1500015258789,38.7900009155273,37.4599990844726,37.5699996948242,31.8525600433349,5725000,Baxter International,United States,BAX,2015-11-04,Baxter International
2015-11-05,37.7299995422363,37.8699989318847,37.2200012207031,37.5499992370605,31.8355884552001,3445200,Baxter International,United States,BAX,2015-11-05,Baxter International
2015-11-06,37.4500007629394,37.9700012207031,37.25,37.9700012207031,32.1916999816894,2964400,Baxter International,United States,BAX,2015-11-06,Baxter International
2015-11-09,37.810001373291,37.9599990844726,37.4500007629394,37.6599998474121,31.9288520812988,3454300,Baxter International,United States,BAX,2015-11-09,Baxter International
2015-11-10,37.5800018310546,38.0699996948242,37.4500007629394,37.9799995422363,32.2001686096191,3779100,Baxter International,United States,BAX,2015-11-10,Baxter International
2015-11-11,38.0,38.1100006103515,37.7999992370605,37.8800010681152,32.1153717041015,3579900,Baxter International,United States,BAX,2015-11-11,Baxter International
2015-11-12,37.4900016784668,37.7999992370605,37.349998474121,37.4599990844726,31.7592983245849,2826100,Baxter International,United States,BAX,2015-11-12,Baxter International
2015-11-13,37.5200004577636,37.849998474121,37.4000015258789,37.5699996948242,31.8525600433349,3127500,Baxter International,United States,BAX,2015-11-13,Baxter International
2015-11-16,37.3800010681152,37.9599990844726,37.3199996948242,37.9300003051757,32.1577682495117,3842300,Baxter International,United States,BAX,2015-11-16,Baxter International
2015-11-17,37.9099998474121,38.0099983215332,37.5499992370605,37.7700004577636,32.022102355957,3157100,Baxter International,United States,BAX,2015-11-17,Baxter International
2015-11-18,37.9099998474121,38.1599998474121,37.7700004577636,38.0699996948242,32.2764549255371,3950400,Baxter International,United States,BAX,2015-11-18,Baxter International
2015-11-19,37.9500007629394,38.1199989318847,37.7200012207031,37.9099998474121,32.1408157348632,2783000,Baxter International,United States,BAX,2015-11-19,Baxter International
2015-11-20,38.1100006103515,38.560001373291,38.0,38.310001373291,32.4799423217773,6891900,Baxter International,United States,BAX,2015-11-20,Baxter International
2015-11-23,38.2400016784668,38.2799987792968,37.9000015258789,38.0699996948242,32.2764549255371,5250300,Baxter International,United States,BAX,2015-11-23,Baxter International
2015-11-24,37.7099990844726,38.4599990844726,37.7099990844726,38.0400009155273,32.2510185241699,6299500,Baxter International,United States,BAX,2015-11-24,Baxter International
2015-11-25,38.0800018310546,38.0800018310546,37.7200012207031,37.8800010681152,32.1153717041015,2677900,Baxter International,United States,BAX,2015-11-25,Baxter International
2015-11-27,37.8400001525878,37.8800010681152,37.6500015258789,37.6800003051757,31.9458179473876,1737200,Baxter International,United States,BAX,2015-11-27,Baxter International
2015-11-30,37.7299995422363,37.849998474121,37.4700012207031,37.6500015258789,31.9203815460205,5449200,Baxter International,United States,BAX,2015-11-30,Baxter International
2015-12-01,37.8800010681152,38.0400009155273,37.6199989318847,37.9399986267089,32.1662559509277,3693900,Baxter International,United States,BAX,2015-12-01,Baxter International
2015-12-02,37.9099998474121,38.0,37.310001373291,37.3600006103515,31.770803451538,2976500,Baxter International,United States,BAX,2015-12-02,Baxter International
2015-12-03,37.4700012207031,37.7000007629394,36.8199996948242,36.8699989318847,31.3541164398193,6117100,Baxter International,United States,BAX,2015-12-03,Baxter International
2015-12-04,36.9099998474121,37.7299995422363,36.9099998474121,37.5400009155273,31.9238758087158,4767900,Baxter International,United States,BAX,2015-12-04,Baxter International
2015-12-07,37.5,37.7799987792968,37.3400001525878,37.7299995422363,32.0854606628418,3592500,Baxter International,United States,BAX,2015-12-07,Baxter International
2015-12-08,37.5,37.5200004577636,37.0299987792968,37.2000007629394,31.634744644165,2260200,Baxter International,United States,BAX,2015-12-08,Baxter International
2015-12-09,36.9099998474121,37.5,36.6500015258789,36.7700004577636,31.269079208374,2123700,Baxter International,United States,BAX,2015-12-09,Baxter International
2015-12-10,36.8400001525878,37.6100006103515,36.6699981689453,37.2799987792968,31.7027797698974,3727400,Baxter International,United States,BAX,2015-12-10,Baxter International
2015-12-11,36.8899993896484,38.4000015258789,36.5400009155273,36.8400001525878,31.3286094665527,3339600,Baxter International,United States,BAX,2015-12-11,Baxter International
2015-12-14,36.849998474121,36.9799995422363,36.0800018310546,36.5299987792968,31.0649852752685,4524700,Baxter International,United States,BAX,2015-12-14,Baxter International
2015-12-15,36.7900009155273,37.4000015258789,36.7700004577636,37.2599983215332,31.6857624053955,3423400,Baxter International,United States,BAX,2015-12-15,Baxter International
2015-12-16,37.4000015258789,37.8899993896484,37.1599998474121,37.8300018310546,32.1705017089843,4320300,Baxter International,United States,BAX,2015-12-16,Baxter International
2015-12-17,37.7900009155273,37.8400001525878,37.3699989318847,37.5400009155273,31.9238758087158,2666700,Baxter International,United States,BAX,2015-12-17,Baxter International
2015-12-18,37.3400001525878,37.3800010681152,36.6500015258789,36.6500015258789,31.1670360565185,5620700,Baxter International,United States,BAX,2015-12-18,Baxter International
2015-12-21,36.7400016784668,36.9399986267089,36.349998474121,36.6800003051757,31.1925411224365,2578400,Baxter International,United States,BAX,2015-12-21,Baxter International
2015-12-22,36.810001373291,37.7200012207031,36.6399993896484,37.6199989318847,31.9919071197509,4051100,Baxter International,United States,BAX,2015-12-22,Baxter International
2015-12-23,37.7099990844726,38.3400001525878,37.560001373291,38.1399993896484,32.4341049194335,4177100,Baxter International,United States,BAX,2015-12-23,Baxter International
2015-12-24,38.060001373291,38.3800010681152,38.060001373291,38.1500015258789,32.4426155090332,2762200,Baxter International,United States,BAX,2015-12-24,Baxter International
2015-12-28,38.0200004577636,38.310001373291,37.8600006103515,38.1399993896484,32.4341049194335,2698700,Baxter International,United States,BAX,2015-12-28,Baxter International
2015-12-29,38.3899993896484,38.6899986267089,38.2999992370605,38.560001373291,32.7912902832031,3281800,Baxter International,United States,BAX,2015-12-29,Baxter International
2015-12-30,38.4799995422363,38.6500015258789,37.9900016784668,38.0499992370605,32.3575820922851,2909400,Baxter International,United States,BAX,2015-12-30,Baxter International
2015-12-31,37.8600006103515,38.5499992370605,37.7200012207031,38.1500015258789,32.4426155090332,3521700,Baxter International,United States,BAX,2015-12-31,Baxter International
2016-01-04,37.6599998474121,37.6899986267089,36.849998474121,37.1699981689453,31.6092357635498,6261000,Baxter International,United States,BAX,2016-01-04,Baxter International
2016-01-05,37.1599998474121,37.4300003051757,36.8699989318847,37.3199996948242,31.7367973327636,4345700,Baxter International,United States,BAX,2016-01-05,Baxter International
2016-01-06,36.7900009155273,37.5299987792968,36.75,37.4099998474121,31.8133220672607,10814700,Baxter International,United States,BAX,2016-01-06,Baxter International
2016-01-07,36.8899993896484,37.0400009155273,36.1599998474121,36.7900009155273,31.2860927581787,7258200,Baxter International,United States,BAX,2016-01-07,Baxter International
2016-01-08,36.8699989318847,36.9599990844726,36.1100006103515,36.2000007629394,30.7843475341796,5440500,Baxter International,United States,BAX,2016-01-08,Baxter International
2016-01-11,36.310001373291,36.5,35.2400016784668,35.5900001525878,30.2655982971191,5010800,Baxter International,United States,BAX,2016-01-11,Baxter International
2016-01-12,35.7900009155273,36.2200012207031,34.9500007629394,35.4799995422363,30.1720638275146,5281800,Baxter International,United States,BAX,2016-01-12,Baxter International
2016-01-13,35.7400016784668,36.2000007629394,34.7599983215332,34.8300018310546,29.6193161010742,5592500,Baxter International,United States,BAX,2016-01-13,Baxter International
2016-01-14,34.9700012207031,35.5499992370605,34.75,35.310001373291,30.0274925231933,11573500,Baxter International,United States,BAX,2016-01-14,Baxter International
2016-01-15,34.5699996948242,35.4599990844726,34.5400009155273,35.099998474121,29.8489151000976,6550600,Baxter International,United States,BAX,2016-01-15,Baxter International
2016-01-19,35.4500007629394,35.5,34.9199981689453,35.3600006103515,30.0700149536132,6271000,Baxter International,United States,BAX,2016-01-19,Baxter International
2016-01-20,34.8199996948242,35.060001373291,34.060001373291,34.7599983215332,29.5597763061523,5797500,Baxter International,United States,BAX,2016-01-20,Baxter International
2016-01-21,34.7999992370605,35.4399986267089,34.5699996948242,35.25,29.9764804840087,3436500,Baxter International,United States,BAX,2016-01-21,Baxter International
2016-01-22,35.75,36.1300010681152,35.7099990844726,36.0699996948242,30.6738109588623,3005700,Baxter International,United States,BAX,2016-01-22,Baxter International
2016-01-25,36.0299987792968,36.5,35.9300003051757,36.0499992370605,30.6567974090576,3870000,Baxter International,United States,BAX,2016-01-25,Baxter International
2016-01-26,36.1399993896484,36.560001373291,35.9799995422363,36.5400009155273,31.0734958648681,2262800,Baxter International,United States,BAX,2016-01-26,Baxter International
2016-01-27,36.4300003051757,37.25,36.3300018310546,36.5,31.039472579956,6976800,Baxter International,United States,BAX,2016-01-27,Baxter International
2016-01-28,36.9599990844726,37.2299995422363,35.4199981689453,35.7000007629394,30.3591537475585,6941500,Baxter International,United States,BAX,2016-01-28,Baxter International
2016-01-29,35.6399993896484,36.6300010681152,35.6300010681152,36.599998474121,31.1245136260986,8212200,Baxter International,United States,BAX,2016-01-29,Baxter International
2016-02-01,36.3699989318847,37.4900016784668,36.2799987792968,37.2799987792968,31.7027797698974,9933100,Baxter International,United States,BAX,2016-02-01,Baxter International
2016-02-02,37.5,38.2900009155273,36.3699989318847,37.9500007629394,32.2725448608398,9251800,Baxter International,United States,BAX,2016-02-02,Baxter International
2016-02-03,38.2299995422363,38.4500007629394,37.4199981689453,38.2599983215332,32.5361709594726,8133600,Baxter International,United States,BAX,2016-02-03,Baxter International
2016-02-04,38.3300018310546,38.5200004577636,37.7799987792968,38.2900009155273,32.5616722106933,6869800,Baxter International,United States,BAX,2016-02-04,Baxter International
2016-02-05,38.099998474121,38.2999992370605,37.2599983215332,37.4900016784668,31.8813686370849,5029500,Baxter International,United States,BAX,2016-02-05,Baxter International
2016-02-08,37.0800018310546,37.1500015258789,35.5400009155273,36.0,30.6142692565917,6256000,Baxter International,United States,BAX,2016-02-08,Baxter International
2016-02-09,35.8800010681152,36.5800018310546,35.7799987792968,36.1899986267089,30.7758445739746,4552800,Baxter International,United States,BAX,2016-02-09,Baxter International
2016-02-10,36.4799995422363,37.4599990844726,36.3899993896484,36.9099998474121,31.3881340026855,3779900,Baxter International,United States,BAX,2016-02-10,Baxter International
2016-02-11,36.2900009155273,36.560001373291,35.7400016784668,35.8800010681152,30.5122261047363,5006500,Baxter International,United States,BAX,2016-02-11,Baxter International
2016-02-12,36.1100006103515,36.6300010681152,35.7900009155273,36.6100006103515,31.1330184936523,3560900,Baxter International,United States,BAX,2016-02-12,Baxter International
2016-02-16,36.8800010681152,37.4599990844726,36.6699981689453,37.4099998474121,31.8133220672607,4289100,Baxter International,United States,BAX,2016-02-16,Baxter International
2016-02-17,37.6699981689453,38.5699996948242,37.6699981689453,38.2099990844726,32.4936447143554,4610400,Baxter International,United States,BAX,2016-02-17,Baxter International
2016-02-18,38.1399993896484,38.3400001525878,37.9099998474121,38.0699996948242,32.374584197998,3962900,Baxter International,United States,BAX,2016-02-18,Baxter International
2016-02-19,37.9799995422363,38.0299987792968,37.3600006103515,37.6500015258789,32.0174293518066,12723900,Baxter International,United States,BAX,2016-02-19,Baxter International
2016-02-22,38.1699981689453,38.4700012207031,37.8899993896484,38.4099998474121,32.663719177246,4695000,Baxter International,United States,BAX,2016-02-22,Baxter International
2016-02-23,38.1500015258789,38.4099998474121,37.6899986267089,38.3400001525878,32.604206085205,3495100,Baxter International,United States,BAX,2016-02-23,Baxter International
2016-02-24,37.9300003051757,39.0200004577636,37.7799987792968,38.9700012207031,33.1399612426757,3975500,Baxter International,United States,BAX,2016-02-24,Baxter International
2016-02-25,39.0699996948242,39.8600006103515,38.9000015258789,39.8400001525878,33.8797798156738,4347300,Baxter International,United States,BAX,2016-02-25,Baxter International
2016-02-26,39.8300018310546,40.560001373291,39.3899993896484,39.4300003051757,33.5311431884765,6168300,Baxter International,United States,BAX,2016-02-26,Baxter International
2016-02-29,39.4799995422363,40.0499992370605,39.3800010681152,39.5099983215332,33.5991592407226,6517000,Baxter International,United States,BAX,2016-02-29,Baxter International
2016-03-01,39.6500015258789,40.0,39.25,39.9799995422363,33.9988555908203,4163700,Baxter International,United States,BAX,2016-03-01,Baxter International
2016-03-02,39.5200004577636,39.9399986267089,39.5200004577636,39.7099990844726,33.8666496276855,3541400,Baxter International,United States,BAX,2016-03-02,Baxter International
2016-03-03,39.4799995422363,39.5299987792968,38.9900016784668,39.3300018310546,33.5425758361816,4829600,Baxter International,United States,BAX,2016-03-03,Baxter International
2016-03-04,39.2299995422363,39.7599983215332,38.9900016784668,39.4599990844726,33.6534461975097,4913000,Baxter International,United States,BAX,2016-03-04,Baxter International
2016-03-07,39.2900009155273,39.9900016784668,39.2099990844726,39.8199996948242,33.960464477539,3799800,Baxter International,United States,BAX,2016-03-07,Baxter International
2016-03-08,39.6699981689453,39.849998474121,39.4099998474121,39.5800018310546,33.7557945251464,3128600,Baxter International,United States,BAX,2016-03-08,Baxter International
2016-03-09,39.7599983215332,39.8899993896484,39.060001373291,39.5900001525878,33.7643127441406,2609100,Baxter International,United States,BAX,2016-03-09,Baxter International
2016-03-10,39.75,40.1699981689453,39.4199981689453,39.7999992370605,33.9434089660644,3806300,Baxter International,United States,BAX,2016-03-10,Baxter International
2016-03-11,39.9700012207031,40.5,39.8800010681152,40.4799995422363,34.5233535766601,2612900,Baxter International,United States,BAX,2016-03-11,Baxter International
2016-03-14,40.1899986267089,40.6699981689453,40.0499992370605,40.4399986267089,34.4892425537109,2475700,Baxter International,United States,BAX,2016-03-14,Baxter International
2016-03-15,40.060001373291,40.2400016784668,39.8899993896484,40.1199989318847,34.2163391113281,2225100,Baxter International,United States,BAX,2016-03-15,Baxter International
2016-03-16,40.0800018310546,40.2999992370605,39.6899986267089,40.0299987792968,34.1395568847656,2298100,Baxter International,United States,BAX,2016-03-16,Baxter International
2016-03-17,40.0,40.0,39.2799987792968,39.7200012207031,33.8752059936523,2477800,Baxter International,United States,BAX,2016-03-17,Baxter International
2016-03-18,39.7799987792968,40.4099998474121,39.560001373291,40.1300010681152,34.2248573303222,6178300,Baxter International,United States,BAX,2016-03-18,Baxter International
2016-03-21,40.1300010681152,40.2599983215332,39.8699989318847,40.0499992370605,34.1566314697265,3641000,Baxter International,United States,BAX,2016-03-21,Baxter International
2016-03-22,39.9599990844726,40.8400001525878,39.9099998474121,40.599998474121,34.6256942749023,4553800,Baxter International,United States,BAX,2016-03-22,Baxter International
2016-03-23,40.7200012207031,41.0699996948242,40.3199996948242,40.6899986267089,34.7024536132812,8920800,Baxter International,United States,BAX,2016-03-23,Baxter International
2016-03-24,40.3600006103515,40.5099983215332,39.9000015258789,40.1100006103515,34.2077865600585,4569200,Baxter International,United States,BAX,2016-03-24,Baxter International
2016-03-28,40.1500015258789,40.6500015258789,39.9799995422363,40.4799995422363,34.5233535766601,2631000,Baxter International,United States,BAX,2016-03-28,Baxter International
2016-03-29,40.4799995422363,41.3699989318847,40.2700004577636,41.2799987792968,35.2056274414062,3976400,Baxter International,United States,BAX,2016-03-29,Baxter International
2016-03-30,41.2900009155273,41.4500007629394,40.9399986267089,41.2599983215332,35.1885757446289,5153600,Baxter International,United States,BAX,2016-03-30,Baxter International
2016-03-31,41.3300018310546,41.5,41.0499992370605,41.0800018310546,35.0350761413574,5681100,Baxter International,United States,BAX,2016-03-31,Baxter International
2016-04-01,40.7200012207031,41.7299995422363,40.5200004577636,41.6899986267089,35.555305480957,3811700,Baxter International,United States,BAX,2016-04-01,Baxter International
2016-04-04,41.75,42.310001373291,41.6100006103515,42.0800018310546,35.8879165649414,4351500,Baxter International,United States,BAX,2016-04-04,Baxter International
2016-04-05,41.7999992370605,41.9900016784668,41.1399993896484,41.310001373291,35.2312240600585,5425300,Baxter International,United States,BAX,2016-04-05,Baxter International
2016-04-06,41.2000007629394,42.2299995422363,41.2000007629394,42.2200012207031,36.0073127746582,4387900,Baxter International,United States,BAX,2016-04-06,Baxter International
2016-04-07,42.0400009155273,42.2999992370605,41.349998474121,41.7299995422363,35.5894165039062,3392800,Baxter International,United States,BAX,2016-04-07,Baxter International
2016-04-08,41.9199981689453,42.0,41.560001373291,41.8400001525878,35.6832313537597,2115400,Baxter International,United States,BAX,2016-04-08,Baxter International
2016-04-11,41.9599990844726,42.2299995422363,41.7999992370605,41.9399986267089,35.7685203552246,3530000,Baxter International,United States,BAX,2016-04-11,Baxter International
2016-04-12,41.9199981689453,42.1500015258789,41.7200012207031,42.0299987792968,35.8452796936035,2815600,Baxter International,United States,BAX,2016-04-12,Baxter International
2016-04-13,42.2000007629394,42.4199981689453,42.1100006103515,42.3400001525878,36.1096534729003,2205100,Baxter International,United States,BAX,2016-04-13,Baxter International
2016-04-14,42.810001373291,42.9799995422363,42.349998474121,42.6500015258789,36.374038696289,3522800,Baxter International,United States,BAX,2016-04-14,Baxter International
2016-04-15,42.6399993896484,42.6899986267089,42.4300003051757,42.6899986267089,36.4081535339355,3798700,Baxter International,United States,BAX,2016-04-15,Baxter International
2016-04-18,42.5299987792968,43.25,42.5299987792968,43.099998474121,36.7578201293945,6143800,Baxter International,United States,BAX,2016-04-18,Baxter International
2016-04-19,43.0800018310546,43.5,42.9700012207031,43.3699989318847,36.9880943298339,5773200,Baxter International,United States,BAX,2016-04-19,Baxter International
2016-04-20,43.3699989318847,43.5200004577636,43.0900001525878,43.2599983215332,36.8942756652832,5090500,Baxter International,United States,BAX,2016-04-20,Baxter International
2016-04-21,43.2900009155273,43.4599990844726,42.8699989318847,43.0099983215332,36.6810722351074,4023500,Baxter International,United States,BAX,2016-04-21,Baxter International
2016-04-22,43.099998474121,43.5900001525878,43.0,43.3199996948242,36.945442199707,33386700,Baxter International,United States,BAX,2016-04-22,Baxter International
2016-04-25,43.310001373291,43.6899986267089,43.25,43.6300010681152,37.2098159790039,16409400,Baxter International,United States,BAX,2016-04-25,Baxter International
2016-04-26,44.0,44.75,43.5299987792968,43.9700012207031,37.4998016357421,14621000,Baxter International,United States,BAX,2016-04-26,Baxter International
2016-04-27,44.3400001525878,44.7799987792968,44.0699996948242,44.1800003051757,37.6789093017578,11937900,Baxter International,United States,BAX,2016-04-27,Baxter International
2016-04-28,44.0499992370605,44.6699981689453,43.9500007629394,44.2599983215332,37.7471351623535,16267800,Baxter International,United States,BAX,2016-04-28,Baxter International
2016-04-29,44.1199989318847,44.6100006103515,43.8400001525878,44.2200012207031,37.713020324707,8992200,Baxter International,United States,BAX,2016-04-29,Baxter International
2016-05-02,44.3899993896484,44.7200012207031,44.2400016784668,44.7099990844726,38.1309013366699,6968800,Baxter International,United States,BAX,2016-05-02,Baxter International
2016-05-03,44.3600006103515,44.9500007629394,44.310001373291,44.3899993896484,37.8579978942871,16850800,Baxter International,United States,BAX,2016-05-03,Baxter International
2016-05-04,44.2700004577636,45.25,44.1500015258789,45.1199989318847,38.4805793762207,15993100,Baxter International,United States,BAX,2016-05-04,Baxter International
2016-05-05,45.0800018310546,45.4599990844726,44.9099998474121,45.2999992370605,38.6340827941894,21337300,Baxter International,United States,BAX,2016-05-05,Baxter International
2016-05-06,45.2000007629394,45.4599990844726,44.6100006103515,45.0699996948242,38.4379234313964,21284100,Baxter International,United States,BAX,2016-05-06,Baxter International
2016-05-09,45.0400009155273,45.5200004577636,45.0400009155273,45.1500015258789,38.5061607360839,20858400,Baxter International,United States,BAX,2016-05-09,Baxter International
2016-05-10,45.0499992370605,45.6699981689453,44.8199996948242,45.5,38.8046646118164,21345800,Baxter International,United States,BAX,2016-05-10,Baxter International
2016-05-11,45.2999992370605,46.5099983215332,45.2400016784668,46.3899993896484,39.5636978149414,34540700,Baxter International,United States,BAX,2016-05-11,Baxter International
2016-05-12,46.560001373291,46.9500007629394,45.2200012207031,45.6300010681152,38.9155235290527,21637800,Baxter International,United States,BAX,2016-05-12,Baxter International
2016-05-13,45.560001373291,45.9099998474121,45.2299995422363,45.5200004577636,38.8217163085937,24874100,Baxter International,United States,BAX,2016-05-13,Baxter International
2016-05-16,45.3899993896484,45.8800010681152,45.2999992370605,45.4700012207031,38.7790832519531,25229800,Baxter International,United States,BAX,2016-05-16,Baxter International
2016-05-17,45.349998474121,45.7799987792968,44.2200012207031,44.599998474121,38.0370979309082,33325900,Baxter International,United States,BAX,2016-05-17,Baxter International
2016-05-18,44.5900001525878,45.0800018310546,44.0400009155273,45.0800018310546,38.4464607238769,36029500,Baxter International,United States,BAX,2016-05-18,Baxter International
2016-05-19,44.3699989318847,44.6500015258789,43.0499992370605,43.1599998474121,36.8089790344238,18350100,Baxter International,United States,BAX,2016-05-19,Baxter International
2016-05-20,43.349998474121,43.5099983215332,42.8899993896484,42.9199981689453,36.6042976379394,11681600,Baxter International,United States,BAX,2016-05-20,Baxter International
2016-05-23,42.9500007629394,43.0800018310546,42.5699996948242,42.7000007629394,36.4166793823242,4981100,Baxter International,United States,BAX,2016-05-23,Baxter International
2016-05-24,42.8199996948242,43.9199981689453,42.7900009155273,43.6599998474121,37.2354125976562,18388300,Baxter International,United States,BAX,2016-05-24,Baxter International
2016-05-25,43.9300003051757,43.9300003051757,43.1599998474121,43.5,37.0989570617675,9703300,Baxter International,United States,BAX,2016-05-25,Baxter International
2016-05-26,43.6300010681152,43.7400016784668,43.25,43.4300003051757,37.0392608642578,14075700,Baxter International,United States,BAX,2016-05-26,Baxter International
2016-05-27,43.4700012207031,43.5499992370605,43.1500015258789,43.310001373291,36.9369087219238,7582500,Baxter International,United States,BAX,2016-05-27,Baxter International
2016-05-31,43.310001373291,43.4399986267089,42.9199981689453,43.1599998474121,36.8089790344238,7448900,Baxter International,United States,BAX,2016-05-31,Baxter International
2016-06-01,43.0299987792968,43.4000015258789,42.8400001525878,43.3300018310546,37.065616607666,4804700,Baxter International,United States,BAX,2016-06-01,Baxter International
2016-06-02,43.310001373291,43.599998474121,43.1100006103515,43.4300003051757,37.1511650085449,4482900,Baxter International,United States,BAX,2016-06-02,Baxter International
2016-06-03,43.1500015258789,43.5800018310546,43.0699996948242,43.4799995422363,37.1939277648925,3582700,Baxter International,United States,BAX,2016-06-03,Baxter International
2016-06-06,43.5,43.9700012207031,43.4199981689453,43.9700012207031,37.6130905151367,7498700,Baxter International,United States,BAX,2016-06-06,Baxter International
2016-06-07,43.9399986267089,44.1899986267089,43.7700004577636,43.9300003051757,37.5788803100585,3446900,Baxter International,United States,BAX,2016-06-07,Baxter International
2016-06-08,43.8600006103515,44.6199989318847,43.810001373291,44.599998474121,38.1520118713378,4372500,Baxter International,United States,BAX,2016-06-08,Baxter International
2016-06-09,44.5299987792968,44.7900009155273,44.2200012207031,44.75,38.2803192138671,3770100,Baxter International,United States,BAX,2016-06-09,Baxter International
2016-06-10,44.4099998474121,44.5900001525878,44.060001373291,44.4900016784668,38.0579147338867,3331000,Baxter International,United States,BAX,2016-06-10,Baxter International
2016-06-13,44.1199989318847,44.7799987792968,44.1199989318847,44.4099998474121,37.9894714355468,3145200,Baxter International,United States,BAX,2016-06-13,Baxter International
2016-06-14,44.310001373291,44.599998474121,44.060001373291,44.4399986267089,38.0151443481445,3924800,Baxter International,United States,BAX,2016-06-14,Baxter International
2016-06-15,44.599998474121,44.6300010681152,44.1800003051757,44.2099990844726,37.8183975219726,2429400,Baxter International,United States,BAX,2016-06-15,Baxter International
2016-06-16,44.1399993896484,44.6199989318847,44.0099983215332,44.5699996948242,38.1263427734375,3558800,Baxter International,United States,BAX,2016-06-16,Baxter International
2016-06-17,44.6300010681152,44.6699981689453,44.0,44.4399986267089,38.0151443481445,5158100,Baxter International,United States,BAX,2016-06-17,Baxter International
2016-06-20,44.8300018310546,45.0499992370605,44.5400009155273,44.9599990844726,38.4599456787109,7286300,Baxter International,United States,BAX,2016-06-20,Baxter International
2016-06-21,45.0499992370605,45.1100006103515,44.5900001525878,45.0099983215332,38.5027351379394,2810200,Baxter International,United States,BAX,2016-06-21,Baxter International
2016-06-22,45.0900001525878,45.1599998474121,44.7799987792968,44.9399986267089,38.4428520202636,5368900,Baxter International,United States,BAX,2016-06-22,Baxter International
2016-06-23,45.1800003051757,45.9599990844726,45.1599998474121,45.9599990844726,39.3153915405273,3274700,Baxter International,United States,BAX,2016-06-23,Baxter International
2016-06-24,44.8400001525878,44.8400001525878,43.7200012207031,43.849998474121,37.5104446411132,11205000,Baxter International,United States,BAX,2016-06-24,Baxter International
2016-06-27,43.5499992370605,43.5499992370605,42.2200012207031,42.349998474121,36.2273063659668,7807600,Baxter International,United States,BAX,2016-06-27,Baxter International
2016-06-28,42.7000007629394,43.4099998474121,42.310001373291,43.3800010681152,37.1083946228027,6167400,Baxter International,United States,BAX,2016-06-28,Baxter International
2016-06-29,43.7799987792968,44.8400001525878,43.7799987792968,44.8199996948242,38.3402023315429,4085100,Baxter International,United States,BAX,2016-06-29,Baxter International
2016-06-30,44.9900016784668,45.2400016784668,44.7599983215332,45.2200012207031,38.682373046875,5242500,Baxter International,United States,BAX,2016-06-30,Baxter International
2016-07-01,45.1800003051757,45.5,45.0299987792968,45.4500007629394,38.8791198730468,2377200,Baxter International,United States,BAX,2016-07-01,Baxter International
2016-07-05,45.25,45.5800018310546,45.1500015258789,45.310001373291,38.7593612670898,3980800,Baxter International,United States,BAX,2016-07-05,Baxter International
2016-07-06,45.2299995422363,46.1100006103515,44.9900016784668,45.9900016784668,39.3410606384277,4877000,Baxter International,United States,BAX,2016-07-06,Baxter International
2016-07-07,45.9199981689453,46.3600006103515,45.8600006103515,46.1199989318847,39.4522590637207,2485400,Baxter International,United States,BAX,2016-07-07,Baxter International
2016-07-08,46.310001373291,46.6699981689453,46.1699981689453,46.6500015258789,39.9056320190429,3256800,Baxter International,United States,BAX,2016-07-08,Baxter International
2016-07-11,46.8699989318847,46.9000015258789,46.3699989318847,46.4900016784668,39.7687759399414,4482500,Baxter International,United States,BAX,2016-07-11,Baxter International
2016-07-12,46.5,47.1399993896484,46.3899993896484,46.849998474121,40.0767211914062,3544600,Baxter International,United States,BAX,2016-07-12,Baxter International
2016-07-13,47.1300010681152,47.2200012207031,46.7400016784668,46.8199996948242,40.0510635375976,2485200,Baxter International,United States,BAX,2016-07-13,Baxter International
2016-07-14,47.0900001525878,47.2099990844726,46.7400016784668,46.9500007629394,40.1622619628906,2907000,Baxter International,United States,BAX,2016-07-14,Baxter International
2016-07-15,47.0800018310546,47.2000007629394,46.560001373291,46.7700004577636,40.0082893371582,2961700,Baxter International,United States,BAX,2016-07-15,Baxter International
2016-07-18,46.810001373291,46.8600006103515,46.3400001525878,46.5499992370605,39.820083618164,2811800,Baxter International,United States,BAX,2016-07-18,Baxter International
2016-07-19,46.4399986267089,46.5299987792968,45.9000015258789,46.2000007629394,39.5206794738769,3484900,Baxter International,United States,BAX,2016-07-19,Baxter International
2016-07-20,46.4799995422363,46.8600006103515,46.4599990844726,46.7000007629394,39.9484024047851,1663200,Baxter International,United States,BAX,2016-07-20,Baxter International
2016-07-21,46.6399993896484,46.7200012207031,45.8699989318847,46.099998474121,39.4351501464843,2355900,Baxter International,United States,BAX,2016-07-21,Baxter International
2016-07-22,46.1800003051757,46.3199996948242,45.6699981689453,46.3199996948242,39.6233367919921,2980500,Baxter International,United States,BAX,2016-07-22,Baxter International
2016-07-25,46.3899993896484,46.4399986267089,45.8699989318847,46.099998474121,39.4351501464843,2601100,Baxter International,United States,BAX,2016-07-25,Baxter International
2016-07-26,46.5499992370605,48.0900001525878,46.4700012207031,48.0099983215332,41.0690155029296,6844600,Baxter International,United States,BAX,2016-07-26,Baxter International
2016-07-27,48.0099983215332,48.5,47.4700012207031,48.3199996948242,41.3341941833496,5926400,Baxter International,United States,BAX,2016-07-27,Baxter International
2016-07-28,48.310001373291,48.4900016784668,47.9599990844726,48.2200012207031,41.2486495971679,3776900,Baxter International,United States,BAX,2016-07-28,Baxter International
2016-07-29,48.1800003051757,48.3400001525878,47.8199996948242,48.0200004577636,41.0775718688964,5489200,Baxter International,United States,BAX,2016-07-29,Baxter International
2016-08-01,48.060001373291,48.7599983215332,47.9900016784668,48.5,41.4881744384765,4063900,Baxter International,United States,BAX,2016-08-01,Baxter International
2016-08-02,48.4700012207031,48.6899986267089,48.2200012207031,48.4799995422363,41.4710540771484,4180200,Baxter International,United States,BAX,2016-08-02,Baxter International
2016-08-03,48.3899993896484,48.4300003051757,47.9599990844726,48.1199989318847,41.1631088256835,2531100,Baxter International,United States,BAX,2016-08-03,Baxter International
2016-08-04,48.0900001525878,48.349998474121,47.75,48.0800018310546,41.1288948059082,4607900,Baxter International,United States,BAX,2016-08-04,Baxter International
2016-08-05,48.2999992370605,48.4000015258789,48.0200004577636,48.060001373291,41.1117858886718,2323800,Baxter International,United States,BAX,2016-08-05,Baxter International
2016-08-08,48.0800018310546,48.310001373291,47.9300003051757,47.9799995422363,41.0433464050293,2609600,Baxter International,United States,BAX,2016-08-08,Baxter International
2016-08-09,48.060001373291,48.2700004577636,47.9599990844726,48.1500015258789,41.1887779235839,1897700,Baxter International,United States,BAX,2016-08-09,Baxter International
2016-08-10,48.2000007629394,48.7000007629394,48.0299987792968,48.599998474121,41.5737190246582,4132200,Baxter International,United States,BAX,2016-08-10,Baxter International
2016-08-11,48.6100006103515,49.4900016784668,48.599998474121,49.0299987792968,41.9415473937988,3499900,Baxter International,United States,BAX,2016-08-11,Baxter International
2016-08-12,49.1199989318847,49.1199989318847,48.4500007629394,48.5900001525878,41.5651588439941,2273600,Baxter International,United States,BAX,2016-08-12,Baxter International
2016-08-15,48.7000007629394,48.9799995422363,48.3899993896484,48.4099998474121,41.4111747741699,2312200,Baxter International,United States,BAX,2016-08-15,Baxter International
2016-08-16,48.25,48.3600006103515,48.0499992370605,48.2400016784668,41.2657508850097,3383100,Baxter International,United States,BAX,2016-08-16,Baxter International
2016-08-17,48.2999992370605,48.349998474121,47.5499992370605,47.9799995422363,41.0433464050293,3768800,Baxter International,United States,BAX,2016-08-17,Baxter International
2016-08-18,47.9000015258789,48.2400016784668,47.849998474121,48.0099983215332,41.0690155029296,3314000,Baxter International,United States,BAX,2016-08-18,Baxter International
2016-08-19,47.8699989318847,48.060001373291,47.5900001525878,47.9500007629394,41.0176963806152,3084600,Baxter International,United States,BAX,2016-08-19,Baxter International
2016-08-22,47.6699981689453,48.0900001525878,47.6699981689453,47.9799995422363,41.0433464050293,2887300,Baxter International,United States,BAX,2016-08-22,Baxter International
2016-08-23,48.0699996948242,48.349998474121,47.9399986267089,47.9799995422363,41.0433464050293,2280500,Baxter International,United States,BAX,2016-08-23,Baxter International
2016-08-24,48.0299987792968,48.3400001525878,46.9700012207031,47.060001373291,40.25634765625,3513500,Baxter International,United States,BAX,2016-08-24,Baxter International
2016-08-25,46.9900016784668,47.599998474121,46.9099998474121,47.099998474121,40.2905616760253,5112700,Baxter International,United States,BAX,2016-08-25,Baxter International
2016-08-26,47.2400016784668,47.5400009155273,46.9199981689453,47.1800003051757,40.3590049743652,3197900,Baxter International,United States,BAX,2016-08-26,Baxter International
2016-08-29,47.2900009155273,47.5400009155273,47.1500015258789,47.4099998474121,40.5557518005371,3494500,Baxter International,United States,BAX,2016-08-29,Baxter International
2016-08-30,47.7299995422363,47.7299995422363,46.7799987792968,46.8899993896484,40.1109390258789,3304300,Baxter International,United States,BAX,2016-08-30,Baxter International
2016-08-31,46.8400001525878,46.9300003051757,46.5200004577636,46.7299995422363,40.0852088928222,3553700,Baxter International,United States,BAX,2016-08-31,Baxter International
2016-09-01,46.75,46.7799987792968,45.9099998474121,46.1800003051757,39.6133995056152,4249300,Baxter International,United States,BAX,2016-09-01,Baxter International
2016-09-02,46.3800010681152,46.4399986267089,46.0800018310546,46.2799987792968,39.6991844177246,3081400,Baxter International,United States,BAX,2016-09-02,Baxter International
2016-09-06,46.2400016784668,46.4000015258789,45.4799995422363,45.9500007629394,39.4161148071289,5956600,Baxter International,United States,BAX,2016-09-06,Baxter International
2016-09-07,45.849998474121,46.1300010681152,45.7700004577636,45.9000015258789,39.373233795166,3992300,Baxter International,United States,BAX,2016-09-07,Baxter International
2016-09-08,45.8300018310546,46.3800010681152,45.75,46.0699996948242,39.5190620422363,5145200,Baxter International,United States,BAX,2016-09-08,Baxter International
2016-09-09,45.7299995422363,45.9799995422363,45.0800018310546,45.0900001525878,38.6783981323242,4613300,Baxter International,United States,BAX,2016-09-09,Baxter International
2016-09-12,44.8699989318847,45.849998474121,44.6899986267089,45.7299995422363,39.2274017333984,4486100,Baxter International,United States,BAX,2016-09-12,Baxter International
2016-09-13,45.4000015258789,45.9500007629394,45.1699981689453,45.3800010681152,38.9271621704101,5529700,Baxter International,United States,BAX,2016-09-13,Baxter International
2016-09-14,45.349998474121,45.8600006103515,45.2299995422363,45.4300003051757,38.9700584411621,3772200,Baxter International,United States,BAX,2016-09-14,Baxter International
2016-09-15,45.5400009155273,47.2799987792968,45.4199981689453,47.0699996948242,40.3768501281738,6337500,Baxter International,United States,BAX,2016-09-15,Baxter International
2016-09-16,47.0900001525878,47.4000015258789,46.75,47.2799987792968,40.5569915771484,14557000,Baxter International,United States,BAX,2016-09-16,Baxter International
2016-09-19,47.3600006103515,47.7799987792968,47.1199989318847,47.25,40.5312690734863,3026200,Baxter International,United States,BAX,2016-09-19,Baxter International
2016-09-20,47.4300003051757,47.75,47.3699989318847,47.3899993896484,40.6513519287109,4296100,Baxter International,United States,BAX,2016-09-20,Baxter International
2016-09-21,47.3899993896484,47.9900016784668,47.3199996948242,47.9199981689453,41.1059837341308,2752000,Baxter International,United States,BAX,2016-09-21,Baxter International
2016-09-22,48.0800018310546,48.2599983215332,48.0,48.2000007629394,41.3461608886718,5580400,Baxter International,United States,BAX,2016-09-22,Baxter International
2016-09-23,47.9799995422363,47.9900016784668,47.349998474121,47.4900016784668,40.737133026123,3310700,Baxter International,United States,BAX,2016-09-23,Baxter International
2016-09-26,47.3400001525878,47.4199981689453,47.0099983215332,47.2000007629394,40.4883804321289,2418400,Baxter International,United States,BAX,2016-09-26,Baxter International
2016-09-27,47.2999992370605,47.4700012207031,47.0099983215332,47.3300018310546,40.5998878479003,3377000,Baxter International,United States,BAX,2016-09-27,Baxter International
2016-09-28,47.3899993896484,47.9399986267089,47.1599998474121,47.9199981689453,41.1059837341308,3488500,Baxter International,United States,BAX,2016-09-28,Baxter International
2016-09-29,47.8300018310546,47.8300018310546,46.7200012207031,46.9199981689453,40.248191833496,3310900,Baxter International,United States,BAX,2016-09-29,Baxter International
2016-09-30,47.1399993896484,47.7700004577636,47.0099983215332,47.599998474121,40.8314895629882,3176100,Baxter International,United States,BAX,2016-09-30,Baxter International
2016-10-03,47.2999992370605,47.6800003051757,47.0400009155273,47.6399993896484,40.8658065795898,2601500,Baxter International,United States,BAX,2016-10-03,Baxter International
2016-10-04,47.5800018310546,47.7599983215332,46.9599990844726,47.2900009155273,40.5655632019043,2548200,Baxter International,United States,BAX,2016-10-04,Baxter International
2016-10-05,47.3800010681152,47.9399986267089,47.3600006103515,47.9199981689453,41.1059837341308,3071000,Baxter International,United States,BAX,2016-10-05,Baxter International
2016-10-06,47.7900009155273,48.2200012207031,47.6599998474121,48.2200012207031,41.3633308410644,2955800,Baxter International,United States,BAX,2016-10-06,Baxter International
2016-10-07,48.3699989318847,48.5499992370605,48.0400009155273,48.4500007629394,41.5606307983398,3583300,Baxter International,United States,BAX,2016-10-07,Baxter International
2016-10-10,48.6599998474121,48.8400001525878,48.1800003051757,48.2999992370605,41.431957244873,2885900,Baxter International,United States,BAX,2016-10-10,Baxter International
2016-10-11,48.1399993896484,48.1699981689453,46.7000007629394,47.0099983215332,40.325382232666,2886500,Baxter International,United States,BAX,2016-10-11,Baxter International
2016-10-12,47.1500015258789,47.3300018310546,46.8400001525878,46.9799995422363,40.2996559143066,2782600,Baxter International,United States,BAX,2016-10-12,Baxter International
2016-10-13,46.9500007629394,47.8899993896484,46.6399993896484,47.7200012207031,40.9344291687011,6311800,Baxter International,United States,BAX,2016-10-13,Baxter International
2016-10-14,48.0,48.25,47.3800010681152,47.4500007629394,40.7028160095214,4489800,Baxter International,United States,BAX,2016-10-14,Baxter International
2016-10-17,47.4399986267089,47.5499992370605,47.3199996948242,47.3699989318847,40.6341972351074,2470800,Baxter International,United States,BAX,2016-10-17,Baxter International
2016-10-18,47.7799987792968,48.1100006103515,47.3600006103515,48.060001373291,41.2260818481445,2720300,Baxter International,United States,BAX,2016-10-18,Baxter International
2016-10-19,48.1199989318847,48.25,47.5,47.8300018310546,41.0287857055664,2822200,Baxter International,United States,BAX,2016-10-19,Baxter International
2016-10-20,47.7900009155273,48.3400001525878,47.7200012207031,48.1899986267089,41.3375968933105,2066700,Baxter International,United States,BAX,2016-10-20,Baxter International
2016-10-21,47.810001373291,48.2400016784668,47.5900001525878,48.1800003051757,41.3290214538574,3667000,Baxter International,United States,BAX,2016-10-21,Baxter International
2016-10-24,48.5499992370605,48.9099998474121,48.2999992370605,48.4399986267089,41.5520401000976,5544900,Baxter International,United States,BAX,2016-10-24,Baxter International
2016-10-25,49.9399986267089,50.1599998474121,48.9099998474121,49.1599998474121,42.1696624755859,9771400,Baxter International,United States,BAX,2016-10-25,Baxter International
2016-10-26,49.1300010681152,49.1899986267089,47.2999992370605,47.4399986267089,40.6942481994628,6697600,Baxter International,United States,BAX,2016-10-26,Baxter International
2016-10-27,47.6699981689453,47.6699981689453,46.5499992370605,46.8199996948242,40.1624069213867,5657200,Baxter International,United States,BAX,2016-10-27,Baxter International
2016-10-28,46.9099998474121,47.75,46.75,47.2000007629394,40.4883804321289,4525100,Baxter International,United States,BAX,2016-10-28,Baxter International
2016-10-31,47.2000007629394,47.7099990844726,46.7700004577636,47.5900001525878,40.8229179382324,4176500,Baxter International,United States,BAX,2016-10-31,Baxter International
2016-11-01,47.6500015258789,47.6599998474121,46.5800018310546,46.8899993896484,40.2224540710449,7288000,Baxter International,United States,BAX,2016-11-01,Baxter International
2016-11-02,46.849998474121,47.3400001525878,46.6699981689453,46.7400016784668,40.0937728881835,5649900,Baxter International,United States,BAX,2016-11-02,Baxter International
2016-11-03,46.9300003051757,47.2900009155273,46.8400001525878,46.8800010681152,40.2138671875,3193500,Baxter International,United States,BAX,2016-11-03,Baxter International
2016-11-04,47.0499992370605,47.4199981689453,46.8899993896484,46.9900016784668,40.308235168457,3187400,Baxter International,United States,BAX,2016-11-04,Baxter International
2016-11-07,47.6100006103515,49.2900009155273,47.4199981689453,47.6199989318847,40.848648071289,2376500,Baxter International,United States,BAX,2016-11-07,Baxter International
2016-11-08,47.5099983215332,48.349998474121,47.349998474121,48.0800018310546,41.2432441711425,4412500,Baxter International,United States,BAX,2016-11-08,Baxter International
2016-11-09,47.8600006103515,48.0,45.7999992370605,46.599998474121,39.9736862182617,7559700,Baxter International,United States,BAX,2016-11-09,Baxter International
2016-11-10,47.0299987792968,47.9799995422363,46.8699989318847,47.8400001525878,41.037368774414,4331100,Baxter International,United States,BAX,2016-11-10,Baxter International
2016-11-11,47.7900009155273,48.0200004577636,46.7900009155273,46.8199996948242,40.1624069213867,3402200,Baxter International,United States,BAX,2016-11-11,Baxter International
2016-11-14,46.9099998474121,47.0,44.9599990844726,45.0200004577636,38.6183547973632,5467200,Baxter International,United States,BAX,2016-11-14,Baxter International
2016-11-15,45.1899986267089,46.1899986267089,45.0299987792968,46.0699996948242,39.5190620422363,4520300,Baxter International,United States,BAX,2016-11-15,Baxter International
2016-11-16,46.0800018310546,46.6699981689453,45.9799995422363,46.0400009155273,39.4933166503906,4743800,Baxter International,United States,BAX,2016-11-16,Baxter International
2016-11-17,46.0900001525878,47.1500015258789,46.0400009155273,47.099998474121,40.4025764465332,4135600,Baxter International,United States,BAX,2016-11-17,Baxter International
2016-11-18,47.099998474121,47.1899986267089,46.7999992370605,46.9799995422363,40.2996559143066,2399300,Baxter International,United States,BAX,2016-11-18,Baxter International
2016-11-21,47.2200012207031,47.4300003051757,46.9199981689453,47.060001373291,40.3682708740234,1998700,Baxter International,United States,BAX,2016-11-21,Baxter International
2016-11-22,46.8899993896484,46.8899993896484,45.599998474121,46.1800003051757,39.6133995056152,5318700,Baxter International,United States,BAX,2016-11-22,Baxter International
2016-11-23,46.0200004577636,46.7999992370605,46.0,46.560001373291,39.9393692016601,2321000,Baxter International,United States,BAX,2016-11-23,Baxter International
2016-11-25,46.7799987792968,47.0400009155273,46.6199989318847,46.7200012207031,40.0766258239746,1117000,Baxter International,United States,BAX,2016-11-25,Baxter International
2016-11-28,46.5800018310546,46.9399986267089,46.5299987792968,46.6100006103515,39.9822578430175,2468000,Baxter International,United States,BAX,2016-11-28,Baxter International
2016-11-29,46.6800003051757,46.7799987792968,44.6800003051757,44.7599983215332,38.3953132629394,10201500,Baxter International,United States,BAX,2016-11-29,Baxter International
2016-11-30,44.6800003051757,44.7799987792968,43.2400016784668,44.3699989318847,38.1716575622558,9351100,Baxter International,United States,BAX,2016-11-30,Baxter International
2016-12-01,44.4199981689453,44.7799987792968,43.3199996948242,43.6300010681152,37.5350227355957,8849700,Baxter International,United States,BAX,2016-12-01,Baxter International
2016-12-02,43.7799987792968,44.2000007629394,43.6899986267089,44.0099983215332,37.8619422912597,5933600,Baxter International,United States,BAX,2016-12-02,Baxter International
2016-12-05,44.1399993896484,44.3199996948242,43.5,43.8899993896484,37.7586936950683,7128100,Baxter International,United States,BAX,2016-12-05,Baxter International
2016-12-06,44.0800018310546,44.4500007629394,43.4700012207031,43.9900016784668,37.8447341918945,5269900,Baxter International,United States,BAX,2016-12-06,Baxter International
2016-12-07,43.6300010681152,44.2700004577636,43.1300010681152,44.1199989318847,37.9565658569335,5871300,Baxter International,United States,BAX,2016-12-07,Baxter International
2016-12-08,43.9300003051757,44.2000007629394,43.75,44.0800018310546,37.9221611022949,2771400,Baxter International,United States,BAX,2016-12-08,Baxter International
2016-12-09,44.2099990844726,44.8699989318847,44.0900001525878,44.8400001525878,38.5759963989257,2493100,Baxter International,United States,BAX,2016-12-09,Baxter International
2016-12-12,44.6899986267089,45.310001373291,44.6899986267089,44.9900016784668,38.7050437927246,2516900,Baxter International,United States,BAX,2016-12-12,Baxter International
2016-12-13,45.1100006103515,45.4199981689453,44.7700004577636,45.0200004577636,38.730842590332,2564700,Baxter International,United States,BAX,2016-12-13,Baxter International
2016-12-14,45.1100006103515,45.3899993896484,44.9099998474121,45.0400009155273,38.7480545043945,3210400,Baxter International,United States,BAX,2016-12-14,Baxter International
2016-12-15,44.9599990844726,45.310001373291,44.75,45.0900001525878,38.7910728454589,3640700,Baxter International,United States,BAX,2016-12-15,Baxter International
2016-12-16,45.1699981689453,45.2099990844726,44.5699996948242,44.7200012207031,38.4727668762207,6990900,Baxter International,United States,BAX,2016-12-16,Baxter International
2016-12-19,44.849998474121,45.099998474121,44.599998474121,44.6399993896484,38.4039344787597,2179600,Baxter International,United States,BAX,2016-12-19,Baxter International
2016-12-20,44.7000007629394,44.7599983215332,44.0,44.099998474121,37.9393577575683,3283600,Baxter International,United States,BAX,2016-12-20,Baxter International
2016-12-21,44.0699996948242,44.3199996948242,43.810001373291,44.0900001525878,37.9307632446289,2103400,Baxter International,United States,BAX,2016-12-21,Baxter International
2016-12-22,44.1500015258789,44.3800010681152,44.0200004577636,44.1599998474121,37.9909782409668,1728700,Baxter International,United States,BAX,2016-12-22,Baxter International
2016-12-23,44.2000007629394,44.4000015258789,44.0299987792968,44.2200012207031,38.042610168457,1998400,Baxter International,United States,BAX,2016-12-23,Baxter International
2016-12-27,44.25,44.5099983215332,44.2200012207031,44.3800010681152,38.1802558898925,1610500,Baxter International,United States,BAX,2016-12-27,Baxter International
2016-12-28,44.4199981689453,44.4399986267089,43.9500007629394,44.1899986267089,38.0167999267578,1765000,Baxter International,United States,BAX,2016-12-28,Baxter International
2016-12-29,44.1399993896484,44.5400009155273,44.0900001525878,44.2599983215332,38.0770149230957,1568800,Baxter International,United States,BAX,2016-12-29,Baxter International
2016-12-30,44.4399986267089,44.75,44.2200012207031,44.3400001525878,38.1458396911621,2206500,Baxter International,United States,BAX,2016-12-30,Baxter International
2017-01-03,44.3800010681152,44.7400016784668,44.060001373291,44.4399986267089,38.2318572998046,2937400,Baxter International,United States,BAX,2017-01-03,Baxter International
2017-01-04,44.5400009155273,44.8699989318847,44.4599990844726,44.75,38.4985618591308,2161500,Baxter International,United States,BAX,2017-01-04,Baxter International
2017-01-05,44.75,45.2400016784668,44.5699996948242,45.0499992370605,38.7566604614257,2345000,Baxter International,United States,BAX,2017-01-05,Baxter International
2017-01-06,45.060001373291,45.6100006103515,44.8800010681152,45.5200004577636,39.1609954833984,2930900,Baxter International,United States,BAX,2017-01-06,Baxter International
2017-01-09,45.7299995422363,46.2200012207031,45.4900016784668,46.1699981689453,39.7201843261718,4265700,Baxter International,United States,BAX,2017-01-09,Baxter International
2017-01-10,46.2200012207031,46.75,46.060001373291,46.5099983215332,40.0127029418945,2990700,Baxter International,United States,BAX,2017-01-10,Baxter International
2017-01-11,46.6199989318847,47.0099983215332,46.5099983215332,46.9900016784668,40.4256477355957,3649800,Baxter International,United States,BAX,2017-01-11,Baxter International
2017-01-12,46.810001373291,46.9399986267089,46.0099983215332,46.5099983215332,40.0127029418945,2510400,Baxter International,United States,BAX,2017-01-12,Baxter International
2017-01-13,46.5900001525878,46.8300018310546,46.3400001525878,46.4500007629394,39.961067199707,1240100,Baxter International,United States,BAX,2017-01-13,Baxter International
2017-01-17,46.1899986267089,46.5900001525878,45.7900009155273,46.5200004577636,40.0212936401367,2570800,Baxter International,United States,BAX,2017-01-17,Baxter International
2017-01-18,46.5200004577636,46.9700012207031,46.3899993896484,46.7700004577636,40.2363853454589,2376800,Baxter International,United States,BAX,2017-01-18,Baxter International
2017-01-19,46.6800003051757,46.8699989318847,46.2799987792968,46.5699996948242,40.0643043518066,1928500,Baxter International,United States,BAX,2017-01-19,Baxter International
2017-01-20,46.7000007629394,47.4000015258789,46.2000007629394,46.2299995422363,39.7718276977539,3541200,Baxter International,United States,BAX,2017-01-20,Baxter International
2017-01-23,46.060001373291,46.3899993896484,45.6500015258789,46.0200004577636,39.5911483764648,2700300,Baxter International,United States,BAX,2017-01-23,Baxter International
2017-01-24,45.9700012207031,46.0,45.4700012207031,45.849998474121,39.4448928833007,1911500,Baxter International,United States,BAX,2017-01-24,Baxter International
2017-01-25,45.8600006103515,46.3600006103515,45.8199996948242,46.1399993896484,39.6943969726562,2662600,Baxter International,United States,BAX,2017-01-25,Baxter International
2017-01-26,45.9599990844726,46.3199996948242,45.5299987792968,46.0499992370605,39.616958618164,2315100,Baxter International,United States,BAX,2017-01-26,Baxter International
2017-01-27,46.1300010681152,47.1599998474121,46.0499992370605,47.0800018310546,40.503074645996,2349500,Baxter International,United States,BAX,2017-01-27,Baxter International
2017-01-30,46.9900016784668,47.0099983215332,46.5,46.9000015258789,40.3482131958007,2451100,Baxter International,United States,BAX,2017-01-30,Baxter International
2017-01-31,46.8600006103515,48.0800018310546,46.6800003051757,47.9099998474121,41.217113494873,6331700,Baxter International,United States,BAX,2017-01-31,Baxter International
2017-02-01,48.6800003051757,49.2900009155273,46.849998474121,48.099998474121,41.3805809020996,6030200,Baxter International,United States,BAX,2017-02-01,Baxter International
2017-02-02,47.9199981689453,48.9700012207031,47.9199981689453,48.1300010681152,41.406379699707,3928800,Baxter International,United States,BAX,2017-02-02,Baxter International
2017-02-03,48.3699989318847,48.8800010681152,48.3400001525878,48.6300010681152,41.8365325927734,2526600,Baxter International,United States,BAX,2017-02-03,Baxter International
2017-02-06,48.5,48.6199989318847,48.1199989318847,48.349998474121,41.5956382751464,1893400,Baxter International,United States,BAX,2017-02-06,Baxter International
2017-02-07,48.4799995422363,48.6800003051757,48.3400001525878,48.5900001525878,41.8021240234375,1854400,Baxter International,United States,BAX,2017-02-07,Baxter International
2017-02-08,48.5,48.6599998474121,48.1500015258789,48.349998474121,41.5956382751464,1883500,Baxter International,United States,BAX,2017-02-08,Baxter International
2017-02-09,48.4500007629394,49.0299987792968,48.4000015258789,48.9300003051757,42.0946350097656,2299500,Baxter International,United States,BAX,2017-02-09,Baxter International
2017-02-10,48.9300003051757,49.1399993896484,48.7700004577636,49.0,42.154857635498,1397500,Baxter International,United States,BAX,2017-02-10,Baxter International
2017-02-13,49.0400009155273,49.4399986267089,48.8800010681152,49.2299995422363,42.3527107238769,1685900,Baxter International,United States,BAX,2017-02-13,Baxter International
2017-02-14,48.9900016784668,49.310001373291,48.7700004577636,48.9599990844726,42.1204452514648,2737600,Baxter International,United States,BAX,2017-02-14,Baxter International
2017-02-15,48.5900001525878,49.5800018310546,48.5800018310546,49.4399986267089,42.5333862304687,2594500,Baxter International,United States,BAX,2017-02-15,Baxter International
2017-02-16,49.4000015258789,49.5499992370605,49.0099983215332,49.4199981689453,42.5161743164062,1640000,Baxter International,United States,BAX,2017-02-16,Baxter International
2017-02-17,49.3199996948242,49.7400016784668,49.2999992370605,49.7299995422363,42.7828712463378,2835800,Baxter International,United States,BAX,2017-02-17,Baxter International
2017-02-21,49.75,50.2000007629394,49.5900001525878,49.9599990844726,42.9807395935058,3427300,Baxter International,United States,BAX,2017-02-21,Baxter International
2017-02-22,49.810001373291,50.2200012207031,49.7999992370605,50.060001373291,43.0667724609375,1685000,Baxter International,United States,BAX,2017-02-22,Baxter International
2017-02-23,50.25,50.7599983215332,50.060001373291,50.3899993896484,43.3506774902343,1828500,Baxter International,United States,BAX,2017-02-23,Baxter International
2017-02-24,50.2799987792968,50.5800018310546,50.2299995422363,50.4900016784668,43.4366989135742,2470000,Baxter International,United States,BAX,2017-02-24,Baxter International
2017-02-27,50.5,50.7700004577636,50.3899993896484,50.4399986267089,43.393684387207,2445300,Baxter International,United States,BAX,2017-02-27,Baxter International
2017-02-28,50.4099998474121,51.4000015258789,50.3699989318847,50.9199981689453,43.8066291809082,6405700,Baxter International,United States,BAX,2017-02-28,Baxter International
2017-03-01,51.2700004577636,51.2700004577636,50.599998474121,51.2099990844726,44.1688804626464,3649400,Baxter International,United States,BAX,2017-03-01,Baxter International
2017-03-02,51.1699981689453,51.1699981689453,50.599998474121,50.7700004577636,43.7893829345703,2145600,Baxter International,United States,BAX,2017-03-02,Baxter International
2017-03-03,50.810001373291,50.9300003051757,50.5200004577636,50.9099998474121,43.9101409912109,2582500,Baxter International,United States,BAX,2017-03-03,Baxter International
2017-03-06,50.6100006103515,50.9900016784668,50.5099983215332,50.6800003051757,43.7117614746093,5087200,Baxter International,United States,BAX,2017-03-06,Baxter International
2017-03-07,50.5400009155273,51.2200012207031,50.349998474121,51.0400009155273,44.0222702026367,3717500,Baxter International,United States,BAX,2017-03-07,Baxter International
2017-03-08,51.0800018310546,51.4300003051757,50.7599983215332,51.3600006103515,44.2982559204101,4059500,Baxter International,United States,BAX,2017-03-08,Baxter International
2017-03-09,51.3600006103515,52.2000007629394,51.310001373291,52.1300010681152,44.9623908996582,5026200,Baxter International,United States,BAX,2017-03-09,Baxter International
2017-03-10,52.2799987792968,52.3300018310546,51.7599983215332,52.0099983215332,44.85888671875,2320600,Baxter International,United States,BAX,2017-03-10,Baxter International
2017-03-13,52.0,52.3300018310546,51.7700004577636,52.2999992370605,45.1090202331543,2410400,Baxter International,United States,BAX,2017-03-13,Baxter International
2017-03-14,52.0900001525878,52.1800003051757,51.8600006103515,51.9000015258789,44.7640228271484,1758000,Baxter International,United States,BAX,2017-03-14,Baxter International
2017-03-15,51.9000015258789,52.2599983215332,51.8400001525878,52.1599998474121,44.98828125,2914900,Baxter International,United States,BAX,2017-03-15,Baxter International
2017-03-16,52.0400009155273,52.1500015258789,51.2099990844726,51.4300003051757,44.3586463928222,2665500,Baxter International,United States,BAX,2017-03-16,Baxter International
2017-03-17,51.4599990844726,51.8300018310546,51.4300003051757,51.6300010681152,44.5311431884765,3494600,Baxter International,United States,BAX,2017-03-17,Baxter International
2017-03-20,51.6399993896484,51.7099990844726,51.1699981689453,51.1899986267089,44.1516418457031,2335000,Baxter International,United States,BAX,2017-03-20,Baxter International
2017-03-21,51.4399986267089,51.8899993896484,51.0299987792968,51.4000015258789,44.3327751159668,3180900,Baxter International,United States,BAX,2017-03-21,Baxter International
2017-03-22,51.2900009155273,51.9799995422363,51.1500015258789,51.7900009155273,44.6691398620605,3170600,Baxter International,United States,BAX,2017-03-22,Baxter International
2017-03-23,51.5699996948242,51.9700012207031,51.3899993896484,51.6899986267089,44.5828857421875,1348200,Baxter International,United States,BAX,2017-03-23,Baxter International
2017-03-24,51.7200012207031,52.1899986267089,51.5800018310546,52.0200004577636,44.8675231933593,2655500,Baxter International,United States,BAX,2017-03-24,Baxter International
2017-03-27,51.7900009155273,51.9799995422363,51.3899993896484,51.8300018310546,44.7036361694335,1568500,Baxter International,United States,BAX,2017-03-27,Baxter International
2017-03-28,51.75,51.9900016784668,51.5699996948242,51.8899993896484,44.7553901672363,2372700,Baxter International,United States,BAX,2017-03-28,Baxter International
2017-03-29,51.7200012207031,52.1899986267089,51.560001373291,51.9799995422363,44.8330154418945,2500800,Baxter International,United States,BAX,2017-03-29,Baxter International
2017-03-30,51.8600006103515,52.310001373291,51.6800003051757,52.25,45.0658836364746,2530700,Baxter International,United States,BAX,2017-03-30,Baxter International
2017-03-31,52.0499992370605,52.1699981689453,51.75,51.8600006103515,44.7295188903808,2198900,Baxter International,United States,BAX,2017-03-31,Baxter International
2017-04-03,51.9099998474121,52.2999992370605,51.5699996948242,52.2900009155273,45.1003913879394,2655100,Baxter International,United States,BAX,2017-04-03,Baxter International
2017-04-04,52.7299995422363,52.7299995422363,51.8800010681152,52.3800010681152,45.1780242919921,2816600,Baxter International,United States,BAX,2017-04-04,Baxter International
2017-04-05,52.5499992370605,53.1800003051757,52.3800010681152,52.5499992370605,45.3246421813964,2839800,Baxter International,United States,BAX,2017-04-05,Baxter International
2017-04-06,52.4199981689453,52.5299987792968,52.099998474121,52.5299987792968,45.3073921203613,2552900,Baxter International,United States,BAX,2017-04-06,Baxter International
2017-04-07,52.4599990844726,52.8899993896484,52.3699989318847,52.7900009155273,45.5316467285156,3417500,Baxter International,United States,BAX,2017-04-07,Baxter International
2017-04-10,52.7999992370605,52.9700012207031,52.6699981689453,52.8400001525878,45.574779510498,4972000,Baxter International,United States,BAX,2017-04-10,Baxter International
2017-04-11,52.9399986267089,53.0299987792968,52.6500015258789,52.9700012207031,45.6868934631347,2774500,Baxter International,United States,BAX,2017-04-11,Baxter International
2017-04-12,52.9000015258789,53.5400009155273,52.8600006103515,53.5299987792968,46.1698913574218,3741300,Baxter International,United States,BAX,2017-04-12,Baxter International
2017-04-13,53.3600006103515,53.4900016784668,53.0800018310546,53.25,45.9283905029296,3923800,Baxter International,United States,BAX,2017-04-13,Baxter International
2017-04-17,52.7099990844726,53.2000007629394,52.2700004577636,52.8199996948242,45.5575103759765,3764600,Baxter International,United States,BAX,2017-04-17,Baxter International
2017-04-18,52.7099990844726,53.2299995422363,52.599998474121,52.7299995422363,45.4798851013183,2933700,Baxter International,United States,BAX,2017-04-18,Baxter International
2017-04-19,52.8899993896484,53.1699981689453,52.6899986267089,52.7099990844726,45.4626502990722,4243000,Baxter International,United States,BAX,2017-04-19,Baxter International
2017-04-20,52.6500015258789,52.9399986267089,52.3800010681152,52.8899993896484,45.6178855895996,2998300,Baxter International,United States,BAX,2017-04-20,Baxter International
2017-04-21,52.849998474121,52.9799995422363,52.5900001525878,52.8800010681152,45.6092643737793,3217500,Baxter International,United States,BAX,2017-04-21,Baxter International
2017-04-24,53.4300003051757,53.7099990844726,53.3199996948242,53.4500007629394,46.1008872985839,2664000,Baxter International,United States,BAX,2017-04-24,Baxter International
2017-04-25,53.2900009155273,53.6199989318847,53.0400009155273,53.2099990844726,45.8939018249511,4410500,Baxter International,United States,BAX,2017-04-25,Baxter International
2017-04-26,54.0,55.6100006103515,53.75,55.5900001525878,47.9466590881347,7921700,Baxter International,United States,BAX,2017-04-26,Baxter International
2017-04-27,55.6500015258789,56.5,55.2799987792968,55.4199981689453,47.8000297546386,6411300,Baxter International,United States,BAX,2017-04-27,Baxter International
2017-04-28,55.5499992370605,55.8800010681152,55.310001373291,55.6800003051757,48.0242767333984,3456600,Baxter International,United States,BAX,2017-04-28,Baxter International
2017-05-01,55.7299995422363,55.9500007629394,55.3400001525878,55.5900001525878,47.9466590881347,2548900,Baxter International,United States,BAX,2017-05-01,Baxter International
2017-05-02,55.810001373291,55.9099998474121,55.5400009155273,55.6800003051757,48.0242767333984,2408900,Baxter International,United States,BAX,2017-05-02,Baxter International
2017-05-03,55.7299995422363,56.0099983215332,55.349998474121,55.9099998474121,48.2226638793945,2838700,Baxter International,United States,BAX,2017-05-03,Baxter International
2017-05-04,55.9300003051757,56.0499992370605,55.5900001525878,55.9599990844726,48.2657852172851,1776200,Baxter International,United States,BAX,2017-05-04,Baxter International
2017-05-05,56.0,56.1599998474121,55.7000007629394,55.9500007629394,48.2571640014648,1760800,Baxter International,United States,BAX,2017-05-05,Baxter International
2017-05-08,55.9099998474121,55.9700012207031,55.6199989318847,55.7000007629394,48.0415344238281,2219400,Baxter International,United States,BAX,2017-05-08,Baxter International
2017-05-09,55.7900009155273,56.25,55.560001373291,56.1399993896484,48.4210357666015,5019600,Baxter International,United States,BAX,2017-05-09,Baxter International
2017-05-10,56.099998474121,56.2700004577636,55.7299995422363,56.1899986267089,48.4641647338867,1889800,Baxter International,United States,BAX,2017-05-10,Baxter International
2017-05-11,56.1100006103515,56.3699989318847,55.9000015258789,56.349998474121,48.6021652221679,2130700,Baxter International,United States,BAX,2017-05-11,Baxter International
2017-05-12,56.349998474121,56.5,55.9799995422363,56.1899986267089,48.4641647338867,1508200,Baxter International,United States,BAX,2017-05-12,Baxter International
2017-05-15,56.0499992370605,56.7700004577636,55.9399986267089,56.7000007629394,48.9040412902832,1396500,Baxter International,United States,BAX,2017-05-15,Baxter International
2017-05-16,57.0,57.7900009155273,56.810001373291,57.5800018310546,49.6630477905273,4913600,Baxter International,United States,BAX,2017-05-16,Baxter International
2017-05-17,57.5800018310546,57.5800018310546,56.849998474121,56.8600006103515,49.0420417785644,3144900,Baxter International,United States,BAX,2017-05-17,Baxter International
2017-05-18,56.8300018310546,57.1399993896484,56.5400009155273,57.0699996948242,49.2231559753418,3274300,Baxter International,United States,BAX,2017-05-18,Baxter International
2017-05-19,57.2000007629394,57.3300018310546,56.9900016784668,57.2099990844726,49.3439178466796,2054700,Baxter International,United States,BAX,2017-05-19,Baxter International
2017-05-22,57.3800010681152,57.8400001525878,57.1699981689453,57.6500015258789,49.7234306335449,1440100,Baxter International,United States,BAX,2017-05-22,Baxter International
2017-05-23,57.6399993896484,57.9599990844726,57.5800018310546,57.9199981689453,49.9562950134277,1646300,Baxter International,United States,BAX,2017-05-23,Baxter International
2017-05-24,58.0200004577636,58.4599990844726,57.849998474121,58.3400001525878,50.318546295166,2402200,Baxter International,United States,BAX,2017-05-24,Baxter International
2017-05-25,58.4500007629394,59.4099998474121,58.3199996948242,59.1399993896484,51.0085525512695,3216100,Baxter International,United States,BAX,2017-05-25,Baxter International
2017-05-26,59.0699996948242,59.1100006103515,58.4500007629394,58.6399993896484,50.5772972106933,2014100,Baxter International,United States,BAX,2017-05-26,Baxter International
2017-05-30,58.7000007629394,59.4900016784668,58.5299987792968,59.349998474121,51.1896667480468,2559900,Baxter International,United States,BAX,2017-05-30,Baxter International
2017-05-31,59.4399986267089,59.7799987792968,59.1599998474121,59.310001373291,51.29345703125,4111600,Baxter International,United States,BAX,2017-05-31,Baxter International
2017-06-01,59.5099983215332,60.3300018310546,59.1899986267089,60.0,51.8901939392089,2820200,Baxter International,United States,BAX,2017-06-01,Baxter International
2017-06-02,60.0299987792968,60.1599998474121,59.6199989318847,59.7200012207031,51.6480293273925,3219800,Baxter International,United States,BAX,2017-06-02,Baxter International
2017-06-05,60.3800010681152,60.4500007629394,59.5400009155273,59.5900001525878,51.5356178283691,2714500,Baxter International,United States,BAX,2017-06-05,Baxter International
2017-06-06,59.5200004577636,59.8199996948242,59.2799987792968,59.3899993896484,51.3626441955566,3043900,Baxter International,United States,BAX,2017-06-06,Baxter International
2017-06-07,59.5400009155273,59.7000007629394,59.2900009155273,59.599998474121,51.5442695617675,2088000,Baxter International,United States,BAX,2017-06-07,Baxter International
2017-06-08,59.6300010681152,59.9599990844726,59.4599990844726,59.7599983215332,51.6826248168945,4531100,Baxter International,United States,BAX,2017-06-08,Baxter International
2017-06-09,59.8699989318847,60.060001373291,58.5699996948242,58.9099998474121,50.9475212097168,3069900,Baxter International,United States,BAX,2017-06-09,Baxter International
2017-06-12,58.6899986267089,58.7799987792968,57.1399993896484,57.1500015258789,49.4253997802734,5790900,Baxter International,United States,BAX,2017-06-12,Baxter International
2017-06-13,57.3800010681152,58.1500015258789,57.2400016784668,57.8800010681152,50.0567436218261,3731600,Baxter International,United States,BAX,2017-06-13,Baxter International
2017-06-14,58.1100006103515,58.7900009155273,57.6800003051757,57.9799995422363,50.1432304382324,2427700,Baxter International,United States,BAX,2017-06-14,Baxter International
2017-06-15,57.5499992370605,58.099998474121,57.3199996948242,57.9300003051757,50.099983215332,3264900,Baxter International,United States,BAX,2017-06-15,Baxter International
2017-06-16,58.0800018310546,58.349998474121,57.7400016784668,57.9300003051757,50.099983215332,6522800,Baxter International,United States,BAX,2017-06-16,Baxter International
2017-06-19,58.2200012207031,59.7200012207031,58.2200012207031,59.5499992370605,51.5010147094726,4703700,Baxter International,United States,BAX,2017-06-19,Baxter International
2017-06-20,59.6800003051757,60.1199989318847,59.6800003051757,59.8800010681152,51.7864074707031,3074900,Baxter International,United States,BAX,2017-06-20,Baxter International
2017-06-21,60.0299987792968,60.4700012207031,59.9300003051757,60.0499992370605,51.9334411621093,2411000,Baxter International,United States,BAX,2017-06-21,Baxter International
2017-06-22,60.0,60.9900016784668,59.9099998474121,60.6800003051757,52.4782791137695,3070500,Baxter International,United States,BAX,2017-06-22,Baxter International
2017-06-23,60.6800003051757,61.5099983215332,60.4500007629394,61.3800010681152,53.0836715698242,3900600,Baxter International,United States,BAX,2017-06-23,Baxter International
2017-06-26,61.3800010681152,61.5200004577636,60.9599990844726,60.9799995422363,52.7377395629882,1911300,Baxter International,United States,BAX,2017-06-26,Baxter International
2017-06-27,60.9199981689453,61.0699996948242,60.5900001525878,60.6899986267089,52.4869346618652,2546800,Baxter International,United States,BAX,2017-06-27,Baxter International
2017-06-28,60.9399986267089,61.25,60.7700004577636,60.8699989318847,52.6426010131835,2152500,Baxter International,United States,BAX,2017-06-28,Baxter International
2017-06-29,60.810001373291,60.810001373291,59.7299995422363,60.1599998474121,52.0285720825195,2062100,Baxter International,United States,BAX,2017-06-29,Baxter International
2017-06-30,60.4099998474121,60.7599983215332,60.2700004577636,60.5400009155273,52.357192993164,2428600,Baxter International,United States,BAX,2017-06-30,Baxter International
2017-07-03,60.7799987792968,60.8800010681152,60.1599998474121,60.2400016784668,52.0977554321289,1354600,Baxter International,United States,BAX,2017-07-03,Baxter International
2017-07-05,60.4099998474121,60.8600006103515,60.2200012207031,60.7099990844726,52.504222869873,1782900,Baxter International,United States,BAX,2017-07-05,Baxter International
2017-07-06,60.4399986267089,60.6699981689453,60.0099983215332,60.1599998474121,52.0285720825195,3123100,Baxter International,United States,BAX,2017-07-06,Baxter International
2017-07-07,60.3800010681152,60.8300018310546,60.2299995422363,60.7200012207031,52.5128860473632,2561800,Baxter International,United States,BAX,2017-07-07,Baxter International
2017-07-10,60.6199989318847,60.7200012207031,60.2599983215332,60.5499992370605,52.365852355957,1542600,Baxter International,United States,BAX,2017-07-10,Baxter International
2017-07-11,61.3400001525878,61.3899993896484,60.349998474121,60.6300010681152,52.4350433349609,2592400,Baxter International,United States,BAX,2017-07-11,Baxter International
2017-07-12,60.7900009155273,61.4399986267089,60.7299995422363,61.2799987792968,52.9971771240234,1505500,Baxter International,United States,BAX,2017-07-12,Baxter International
2017-07-13,61.3600006103515,61.4199981689453,60.7900009155273,61.2999992370605,53.0144805908203,1736200,Baxter International,United States,BAX,2017-07-13,Baxter International
2017-07-14,61.2799987792968,62.25,61.2099990844726,62.1100006103515,53.7150001525878,1951300,Baxter International,United States,BAX,2017-07-14,Baxter International
2017-07-17,62.099998474121,62.3800010681152,61.9099998474121,62.2000007629394,53.7928237915039,2730000,Baxter International,United States,BAX,2017-07-17,Baxter International
2017-07-18,62.3800010681152,62.4900016784668,61.9599990844726,62.1399993896484,53.7409477233886,2239100,Baxter International,United States,BAX,2017-07-18,Baxter International
2017-07-19,62.3400001525878,62.5099983215332,62.1100006103515,62.4500007629394,54.0090522766113,3049300,Baxter International,United States,BAX,2017-07-19,Baxter International
2017-07-20,62.5099983215332,63.0800018310546,62.2599983215332,63.0400009155273,54.5192947387695,2394400,Baxter International,United States,BAX,2017-07-20,Baxter International
2017-07-21,62.8899993896484,63.1399993896484,62.599998474121,62.6699981689453,54.1993179321289,2798800,Baxter International,United States,BAX,2017-07-21,Baxter International
2017-07-24,62.8199996948242,62.8800010681152,62.4700012207031,62.7299995422363,54.2511978149414,1669200,Baxter International,United States,BAX,2017-07-24,Baxter International
2017-07-25,62.9799995422363,63.0099983215332,61.6800003051757,62.0900001525878,53.697696685791,3074400,Baxter International,United States,BAX,2017-07-25,Baxter International
2017-07-26,61.0499992370605,61.7200012207031,60.1300010681152,61.2200012207031,52.9452934265136,4118900,Baxter International,United States,BAX,2017-07-26,Baxter International
2017-07-27,61.6399993896484,61.6399993896484,59.8800010681152,60.3800010681152,52.2188262939453,3414600,Baxter International,United States,BAX,2017-07-27,Baxter International
2017-07-28,60.4000015258789,60.8400001525878,60.1500015258789,60.7299995422363,52.5215225219726,2054400,Baxter International,United States,BAX,2017-07-28,Baxter International
2017-07-31,60.7799987792968,61.0400009155273,60.3600006103515,60.4799995422363,52.3053169250488,2042600,Baxter International,United States,BAX,2017-07-31,Baxter International
2017-08-01,60.8800010681152,61.1800003051757,60.560001373291,60.7099990844726,52.504222869873,2650200,Baxter International,United States,BAX,2017-08-01,Baxter International
2017-08-02,60.6899986267089,60.6899986267089,59.2700004577636,59.5,51.4577713012695,3536800,Baxter International,United States,BAX,2017-08-02,Baxter International
2017-08-03,59.099998474121,59.7900009155273,58.810001373291,59.5900001525878,51.5356178283691,2017900,Baxter International,United States,BAX,2017-08-03,Baxter International
2017-08-04,59.7599983215332,60.1399993896484,59.4500007629394,59.8800010681152,51.7864074707031,1594200,Baxter International,United States,BAX,2017-08-04,Baxter International
2017-08-07,59.8400001525878,59.9099998474121,59.4900016784668,59.7299995422363,51.656681060791,1858600,Baxter International,United States,BAX,2017-08-07,Baxter International
2017-08-08,59.6599998474121,60.0,59.3600006103515,59.7200012207031,51.6480293273925,1969600,Baxter International,United States,BAX,2017-08-08,Baxter International
2017-08-09,59.7200012207031,60.099998474121,59.5,60.0200004577636,51.907485961914,2196800,Baxter International,United States,BAX,2017-08-09,Baxter International
2017-08-10,59.6599998474121,59.9799995422363,59.4300003051757,59.7099990844726,51.6393928527832,2939200,Baxter International,United States,BAX,2017-08-10,Baxter International
2017-08-11,59.6199989318847,60.3699989318847,59.6199989318847,59.8400001525878,51.7518081665039,2213800,Baxter International,United States,BAX,2017-08-11,Baxter International
2017-08-14,60.0699996948242,60.5800018310546,60.060001373291,60.2299995422363,52.0891075134277,1976400,Baxter International,United States,BAX,2017-08-14,Baxter International
2017-08-15,60.1899986267089,60.9500007629394,60.1300010681152,60.7999992370605,52.5820617675781,2161200,Baxter International,United States,BAX,2017-08-15,Baxter International
2017-08-16,61.0,61.5299987792968,60.810001373291,61.3600006103515,53.0663757324218,2965500,Baxter International,United States,BAX,2017-08-16,Baxter International
2017-08-17,61.0299987792968,61.4799995422363,60.7700004577636,60.8199996948242,52.5993537902832,2608700,Baxter International,United States,BAX,2017-08-17,Baxter International
2017-08-18,60.7200012207031,61.2700004577636,60.6199989318847,60.8699989318847,52.6426010131835,2308200,Baxter International,United States,BAX,2017-08-18,Baxter International
2017-08-21,60.7900009155273,61.1500015258789,60.5299987792968,61.1100006103515,52.8501663208007,1677800,Baxter International,United States,BAX,2017-08-21,Baxter International
2017-08-22,61.0200004577636,62.2099990844726,61.0200004577636,62.1500015258789,53.7495918273925,1789700,Baxter International,United States,BAX,2017-08-22,Baxter International
2017-08-23,62.0,62.0699996948242,61.3199996948242,61.4500007629394,53.1442184448242,2734200,Baxter International,United States,BAX,2017-08-23,Baxter International
2017-08-24,61.6899986267089,61.8300018310546,61.4599990844726,61.5099983215332,53.1960906982421,2286100,Baxter International,United States,BAX,2017-08-24,Baxter International
2017-08-25,61.7900009155273,61.7900009155273,61.4500007629394,61.5099983215332,53.1960906982421,2389300,Baxter International,United States,BAX,2017-08-25,Baxter International
2017-08-28,61.6399993896484,61.810001373291,61.5400009155273,61.6399993896484,53.3085212707519,2386400,Baxter International,United States,BAX,2017-08-28,Baxter International
2017-08-29,61.4199981689453,61.6199989318847,61.2000007629394,61.4099998474121,53.1096115112304,1562200,Baxter International,United States,BAX,2017-08-29,Baxter International
2017-08-30,61.2999992370605,61.7099990844726,61.2900009155273,61.4799995422363,53.3090438842773,1918700,Baxter International,United States,BAX,2017-08-30,Baxter International
2017-08-31,61.7799987792968,62.1300010681152,61.6100006103515,62.0400009155273,53.794620513916,3532700,Baxter International,United States,BAX,2017-08-31,Baxter International
2017-09-01,62.1100006103515,62.5,61.9300003051757,62.2299995422363,53.9593620300293,2214900,Baxter International,United States,BAX,2017-09-01,Baxter International
2017-09-05,61.9900016784668,62.4399986267089,61.8300018310546,62.1800003051757,53.9160118103027,1772600,Baxter International,United States,BAX,2017-09-05,Baxter International
2017-09-06,62.2999992370605,62.6800003051757,62.1800003051757,62.5299987792968,54.2195053100585,1498200,Baxter International,United States,BAX,2017-09-06,Baxter International
2017-09-07,62.6399993896484,63.0,62.349998474121,62.8400001525878,54.4882926940918,1724600,Baxter International,United States,BAX,2017-09-07,Baxter International
2017-09-08,62.9300003051757,64.4000015258789,62.7299995422363,63.2799987792968,54.8698196411132,2583000,Baxter International,United States,BAX,2017-09-08,Baxter International
2017-09-11,63.6300010681152,64.3199996948242,63.5699996948242,64.2799987792968,55.7369041442871,2711600,Baxter International,United States,BAX,2017-09-11,Baxter International
2017-09-12,64.4000015258789,64.5599975585937,63.8300018310546,64.1500015258789,55.6241912841796,1840400,Baxter International,United States,BAX,2017-09-12,Baxter International
2017-09-13,64.1500015258789,64.75,64.0400009155273,64.6100006103515,56.0230522155761,2482500,Baxter International,United States,BAX,2017-09-13,Baxter International
2017-09-14,64.3600006103515,64.7399978637695,64.1800003051757,64.3199996948242,55.7715988159179,1864500,Baxter International,United States,BAX,2017-09-14,Baxter International
2017-09-15,64.1100006103515,64.3300018310546,63.8800010681152,63.9599990844726,55.4594497680664,4525600,Baxter International,United States,BAX,2017-09-15,Baxter International
2017-09-18,64.0699996948242,64.3099975585937,63.9300003051757,64.3099975585937,55.7629280090332,1547200,Baxter International,United States,BAX,2017-09-18,Baxter International
2017-09-19,64.2799987792968,64.3499984741211,63.9199981689453,64.0199966430664,55.5114707946777,1825500,Baxter International,United States,BAX,2017-09-19,Baxter International
2017-09-20,64.1500015258789,64.5100021362304,64.0599975585937,64.2799987792968,55.7369041442871,1680100,Baxter International,United States,BAX,2017-09-20,Baxter International
2017-09-21,64.2099990844726,64.3199996948242,63.349998474121,63.3800010681152,54.9565315246582,1595000,Baxter International,United States,BAX,2017-09-21,Baxter International
2017-09-22,63.4799995422363,63.75,63.3400001525878,63.5099983215332,55.0692405700683,2352300,Baxter International,United States,BAX,2017-09-22,Baxter International
2017-09-25,63.5099983215332,63.5499992370605,62.5699996948242,62.7599983215332,54.4189186096191,1679000,Baxter International,United States,BAX,2017-09-25,Baxter International
2017-09-26,62.8600006103515,62.8800010681152,62.4300003051757,62.5200004577636,54.2108192443847,1301600,Baxter International,United States,BAX,2017-09-26,Baxter International
2017-09-27,62.6199989318847,62.8600006103515,61.9399986267089,62.4599990844726,54.1587944030761,2310900,Baxter International,United States,BAX,2017-09-27,Baxter International
2017-09-28,62.2799987792968,62.5299987792968,61.8600006103515,62.3400001525878,54.0547523498535,1529100,Baxter International,United States,BAX,2017-09-28,Baxter International
2017-09-29,62.2900009155273,62.7700004577636,62.1500015258789,62.75,54.4102516174316,1579100,Baxter International,United States,BAX,2017-09-29,Baxter International
2017-10-02,62.9199981689453,63.4000015258789,62.9000015258789,63.1599998474121,54.7657661437988,1811600,Baxter International,United States,BAX,2017-10-02,Baxter International
2017-10-03,62.9700012207031,63.1199989318847,62.4500007629394,62.6199989318847,54.2975273132324,1648800,Baxter International,United States,BAX,2017-10-03,Baxter International
2017-10-04,62.7400016784668,63.0099983215332,62.6100006103515,62.9000015258789,54.5403175354003,1902800,Baxter International,United States,BAX,2017-10-04,Baxter International
2017-10-05,62.7400016784668,62.8899993896484,62.5499992370605,62.7099990844726,54.375560760498,1792300,Baxter International,United States,BAX,2017-10-05,Baxter International
2017-10-06,62.6199989318847,63.0900001525878,62.4199981689453,62.9099998474121,54.5489921569824,2513100,Baxter International,United States,BAX,2017-10-06,Baxter International
2017-10-09,63.0499992370605,63.0499992370605,61.1100006103515,61.4500007629394,53.2830352783203,2610200,Baxter International,United States,BAX,2017-10-09,Baxter International
2017-10-10,61.3699989318847,61.7599983215332,60.7799987792968,61.7099990844726,53.5084724426269,2264700,Baxter International,United States,BAX,2017-10-10,Baxter International
2017-10-11,61.7299995422363,62.1599998474121,61.6199989318847,62.0099983215332,53.7685966491699,2280900,Baxter International,United States,BAX,2017-10-11,Baxter International
2017-10-12,62.0099983215332,62.5800018310546,61.8699989318847,62.5299987792968,54.2195053100585,1460000,Baxter International,United States,BAX,2017-10-12,Baxter International
2017-10-13,62.5900001525878,62.8699989318847,62.2900009155273,62.8199996948242,54.4709587097168,2837100,Baxter International,United States,BAX,2017-10-13,Baxter International
2017-10-16,62.9000015258789,63.7099990844726,62.9000015258789,63.6500015258789,55.1906356811523,2715100,Baxter International,United States,BAX,2017-10-16,Baxter International
2017-10-17,63.5900001525878,64.1800003051757,63.3300018310546,63.9199981689453,55.4247589111328,2484400,Baxter International,United States,BAX,2017-10-17,Baxter International
2017-10-18,63.9000015258789,64.1100006103515,63.5400009155273,63.8400001525878,55.3553924560546,1340100,Baxter International,United States,BAX,2017-10-18,Baxter International
2017-10-19,63.9399986267089,64.0599975585937,62.810001373291,63.4700012207031,55.034568786621,3306700,Baxter International,United States,BAX,2017-10-19,Baxter International
2017-10-20,63.7099990844726,63.9099998474121,63.4000015258789,63.5900001525878,55.138614654541,2738600,Baxter International,United States,BAX,2017-10-20,Baxter International
2017-10-23,63.75,64.6699981689453,63.7099990844726,64.120002746582,55.5981941223144,1798900,Baxter International,United States,BAX,2017-10-23,Baxter International
2017-10-24,64.1399993896484,64.3899993896484,63.5,64.3499984741211,55.797607421875,4001500,Baxter International,United States,BAX,2017-10-24,Baxter International
2017-10-25,63.2400016784668,65.0,62.5200004577636,64.3799972534179,55.823616027832,3117200,Baxter International,United States,BAX,2017-10-25,Baxter International
2017-10-26,64.5299987792968,65.4300003051757,64.2099990844726,64.9300003051757,56.3005256652832,2264900,Baxter International,United States,BAX,2017-10-26,Baxter International
2017-10-27,64.9400024414062,65.6999969482421,64.75,65.6800003051757,56.9508476257324,2460400,Baxter International,United States,BAX,2017-10-27,Baxter International
2017-10-30,65.370002746582,65.4199981689453,64.2399978637695,64.5699996948242,55.9883728027343,2891500,Baxter International,United States,BAX,2017-10-30,Baxter International
2017-10-31,64.8199996948242,64.9499969482421,64.1999969482421,64.4700012207031,55.9016647338867,2679300,Baxter International,United States,BAX,2017-10-31,Baxter International
2017-11-01,64.5999984741211,64.8600006103515,64.1900024414062,64.1999969482421,55.6675491333007,1848700,Baxter International,United States,BAX,2017-11-01,Baxter International
2017-11-02,64.0400009155273,64.4100036621093,63.7599983215332,64.0699996948242,55.5548210144043,1775000,Baxter International,United States,BAX,2017-11-02,Baxter International
2017-11-03,63.8800010681152,65.0999984741211,63.7799987792968,64.9000015258789,56.2745018005371,1629300,Baxter International,United States,BAX,2017-11-03,Baxter International
2017-11-06,65.0999984741211,65.1699981689453,64.3199996948242,64.3600006103515,55.8062858581543,2178900,Baxter International,United States,BAX,2017-11-06,Baxter International
2017-11-07,64.4400024414062,64.9599990844726,64.1999969482421,64.3199996948242,55.7715988159179,2233800,Baxter International,United States,BAX,2017-11-07,Baxter International
2017-11-08,64.25,65.1500015258789,64.0899963378906,65.0100021362304,56.3698997497558,1887300,Baxter International,United States,BAX,2017-11-08,Baxter International
2017-11-09,64.9400024414062,65.4100036621093,64.6999969482421,65.3899993896484,56.6993827819824,1626600,Baxter International,United States,BAX,2017-11-09,Baxter International
2017-11-10,65.0599975585937,65.1299972534179,62.9199981689453,64.0400009155273,55.5288124084472,4103000,Baxter International,United States,BAX,2017-11-10,Baxter International
2017-11-13,63.6899986267089,64.6100006103515,63.3400001525878,64.4100036621093,55.8496513366699,1657600,Baxter International,United States,BAX,2017-11-13,Baxter International
2017-11-14,64.0599975585937,64.5800018310546,63.6100006103515,64.4599990844726,55.8929862976074,2304500,Baxter International,United States,BAX,2017-11-14,Baxter International
2017-11-15,64.4100036621093,64.8099975585937,64.1399993896484,64.4199981689453,55.8583068847656,2508100,Baxter International,United States,BAX,2017-11-15,Baxter International
2017-11-16,64.5699996948242,65.2900009155273,64.3300018310546,64.9899978637695,56.3525428771972,2557500,Baxter International,United States,BAX,2017-11-16,Baxter International
2017-11-17,64.6600036621093,64.870002746582,63.0200004577636,63.8800010681152,55.3900833129882,4883400,Baxter International,United States,BAX,2017-11-17,Baxter International
2017-11-20,64.0100021362304,64.2099990844726,63.7599983215332,63.8800010681152,55.3900833129882,2582400,Baxter International,United States,BAX,2017-11-20,Baxter International
2017-11-21,64.2099990844726,64.5699996948242,64.0,64.25,55.7109031677246,2952900,Baxter International,United States,BAX,2017-11-21,Baxter International
2017-11-22,64.3099975585937,64.6100006103515,63.8199996948242,64.0400009155273,55.5288124084472,1553400,Baxter International,United States,BAX,2017-11-22,Baxter International
2017-11-24,64.0800018310546,64.3199996948242,63.8600006103515,64.120002746582,55.5981941223144,692500,Baxter International,United States,BAX,2017-11-24,Baxter International
2017-11-27,64.2399978637695,64.7799987792968,64.0100021362304,64.7399978637695,56.1357803344726,2563100,Baxter International,United States,BAX,2017-11-27,Baxter International
2017-11-28,64.8600006103515,66.1800003051757,64.3000030517578,66.0500030517578,57.2716636657714,5399700,Baxter International,United States,BAX,2017-11-28,Baxter International
2017-11-29,66.0,66.0,64.6600036621093,65.1800003051757,56.5173034667968,4770100,Baxter International,United States,BAX,2017-11-29,Baxter International
2017-11-30,65.1900024414062,65.8499984741211,64.6299972534179,65.5299987792968,56.9606170654296,4236400,Baxter International,United States,BAX,2017-11-30,Baxter International
2017-12-01,65.4400024414062,65.9199981689453,64.5199966430664,65.4899978637695,56.9258499145507,2598400,Baxter International,United States,BAX,2017-12-01,Baxter International
2017-12-04,65.5999984741211,65.7200012207031,64.2399978637695,64.25,55.8479957580566,2945900,Baxter International,United States,BAX,2017-12-04,Baxter International
2017-12-05,64.1399993896484,64.8000030517578,63.9000015258789,64.0199966430664,55.6480751037597,2562400,Baxter International,United States,BAX,2017-12-05,Baxter International
2017-12-06,64.0,64.0,63.3899993896484,63.7200012207031,55.3873023986816,2387100,Baxter International,United States,BAX,2017-12-06,Baxter International
2017-12-07,63.5699996948242,63.7200012207031,63.2099990844726,63.5200004577636,55.2134437561035,2794400,Baxter International,United States,BAX,2017-12-07,Baxter International
2017-12-08,63.7200012207031,64.0800018310546,63.6500015258789,64.0500030517578,55.6741561889648,1723900,Baxter International,United States,BAX,2017-12-08,Baxter International
2017-12-11,63.9000015258789,64.3499984741211,63.7200012207031,64.1399993896484,55.7523803710937,1805400,Baxter International,United States,BAX,2017-12-11,Baxter International
2017-12-12,64.2900009155273,64.5800018310546,64.0500030517578,64.3099975585937,55.9001502990722,2577000,Baxter International,United States,BAX,2017-12-12,Baxter International
2017-12-13,64.370002746582,64.9599990844726,64.0999984741211,64.7200012207031,56.2565383911132,3067400,Baxter International,United States,BAX,2017-12-13,Baxter International
2017-12-14,64.9100036621093,65.6100006103515,64.7399978637695,64.7799987792968,56.3086967468261,3405300,Baxter International,United States,BAX,2017-12-14,Baxter International
2017-12-15,65.0699996948242,65.5400009155273,64.7399978637695,65.3300018310546,56.7867622375488,4988900,Baxter International,United States,BAX,2017-12-15,Baxter International
2017-12-18,65.4899978637695,65.6299972534179,65.1100006103515,65.4499969482421,56.8910675048828,3157200,Baxter International,United States,BAX,2017-12-18,Baxter International
2017-12-19,65.5999984741211,65.9899978637695,65.4499969482421,65.7799987792968,57.1779174804687,2642900,Baxter International,United States,BAX,2017-12-19,Baxter International
2017-12-20,65.9100036621093,66.0,65.25,65.2900009155273,56.7519912719726,1665700,Baxter International,United States,BAX,2017-12-20,Baxter International
2017-12-21,65.4899978637695,65.5599975585937,64.4199981689453,64.5299987792968,56.0913925170898,3603500,Baxter International,United States,BAX,2017-12-21,Baxter International
2017-12-22,64.4100036621093,64.9800033569336,64.4100036621093,64.7200012207031,56.2565383911132,1293900,Baxter International,United States,BAX,2017-12-22,Baxter International
2017-12-26,64.8399963378906,65.2799987792968,64.8399963378906,65.0199966430664,56.5173072814941,1563200,Baxter International,United States,BAX,2017-12-26,Baxter International
2017-12-27,65.0,65.0999984741211,64.5100021362304,64.7799987792968,56.3086967468261,1853000,Baxter International,United States,BAX,2017-12-27,Baxter International
2017-12-28,64.9599990844726,65.0899963378906,64.6600036621093,64.9000015258789,56.4129829406738,1626500,Baxter International,United States,BAX,2017-12-28,Baxter International
2017-12-29,65.0999984741211,65.3000030517578,64.6399993896484,64.6399993896484,56.1869850158691,1539600,Baxter International,United States,BAX,2017-12-29,Baxter International
2018-01-02,66.0899963378906,68.0,65.8199996948242,67.1699981689453,58.3861351013183,5571300,Baxter International,United States,BAX,2018-01-02,Baxter International
2018-01-03,67.620002746582,68.6699981689453,67.2399978637695,68.25,59.3249168395996,4259900,Baxter International,United States,BAX,2018-01-03,Baxter International
2018-01-04,68.6399993896484,68.8600006103515,68.0100021362304,68.4100036621093,59.463996887207,3698000,Baxter International,United States,BAX,2018-01-04,Baxter International
2018-01-05,68.5999984741211,69.3499984741211,68.3000030517578,69.1800003051757,60.1332931518554,2190000,Baxter International,United States,BAX,2018-01-05,Baxter International
2018-01-08,69.1800003051757,69.3099975585937,68.6999969482421,69.2799987792968,60.2202186584472,2634900,Baxter International,United States,BAX,2018-01-08,Baxter International
2018-01-09,69.3300018310546,69.6500015258789,69.0899963378906,69.3799972534179,60.30712890625,3141700,Baxter International,United States,BAX,2018-01-09,Baxter International
2018-01-10,69.0699996948242,69.2399978637695,68.25,68.4300003051757,59.4813690185546,2074100,Baxter International,United States,BAX,2018-01-10,Baxter International
2018-01-11,68.4499969482421,68.6699981689453,68.0,68.4599990844726,59.5074386596679,2104500,Baxter International,United States,BAX,2018-01-11,Baxter International
2018-01-12,68.620002746582,68.620002746582,68.2600021362304,68.3399963378906,59.4031295776367,2372000,Baxter International,United States,BAX,2018-01-12,Baxter International
2018-01-16,68.5,68.5,67.5400009155273,67.6699981689453,58.8207511901855,4247000,Baxter International,United States,BAX,2018-01-16,Baxter International
2018-01-17,68.0199966430664,68.3000030517578,67.8099975585937,68.1999969482421,59.2814445495605,3151900,Baxter International,United States,BAX,2018-01-17,Baxter International
2018-01-18,68.3199996948242,69.4700012207031,68.3199996948242,69.1999969482421,60.1506805419921,4383100,Baxter International,United States,BAX,2018-01-18,Baxter International
2018-01-19,69.3600006103515,70.0199966430664,69.3600006103515,70.0100021362304,60.854751586914,3530500,Baxter International,United States,BAX,2018-01-19,Baxter International
2018-01-22,70.0299987792968,70.25,69.7900009155273,70.1999969482421,61.019920349121,3381200,Baxter International,United States,BAX,2018-01-22,Baxter International
2018-01-23,70.0999984741211,70.1399993896484,69.4000015258789,69.5999984741211,60.4983749389648,2344100,Baxter International,United States,BAX,2018-01-23,Baxter International
2018-01-24,69.9000015258789,70.4499969482421,69.6999969482421,70.1399993896484,60.9677429199218,2491400,Baxter International,United States,BAX,2018-01-24,Baxter International
2018-01-25,70.5,71.0599975585937,70.3399963378906,71.0500030517578,61.7587547302246,2357300,Baxter International,United States,BAX,2018-01-25,Baxter International
2018-01-26,71.5,72.2600021362304,70.7300033569336,72.2600021362304,62.8105278015136,2885900,Baxter International,United States,BAX,2018-01-26,Baxter International
2018-01-29,71.870002746582,72.4899978637695,71.870002746582,72.0500030517578,62.6279563903808,2581900,Baxter International,United States,BAX,2018-01-29,Baxter International
2018-01-30,71.5299987792968,72.0800018310546,71.0,71.75,62.3672294616699,2710100,Baxter International,United States,BAX,2018-01-30,Baxter International
2018-01-31,72.0999984741211,72.5800018310546,71.5500030517578,72.0299987792968,62.6105880737304,4320700,Baxter International,United States,BAX,2018-01-31,Baxter International
2018-02-01,69.5800018310546,70.7600021362304,69.1600036621093,69.9499969482421,60.8025894165039,5971600,Baxter International,United States,BAX,2018-02-01,Baxter International
2018-02-02,69.6600036621093,69.9400024414062,68.4800033569336,68.5500030517578,59.5856704711914,4100000,Baxter International,United States,BAX,2018-02-02,Baxter International
2018-02-05,68.3399963378906,68.6600036621093,65.4599990844726,65.5199966430664,56.9519119262695,4634300,Baxter International,United States,BAX,2018-02-05,Baxter International
2018-02-06,64.2900009155273,67.1699981689453,63.8600006103515,66.6699981689453,57.9515228271484,5225300,Baxter International,United States,BAX,2018-02-06,Baxter International
2018-02-07,66.4800033569336,66.9499969482421,65.4800033569336,65.5500030517578,56.9780044555664,3943300,Baxter International,United States,BAX,2018-02-07,Baxter International
2018-02-08,65.5500030517578,65.6999969482421,62.5200004577636,62.560001373291,54.3789978027343,4900700,Baxter International,United States,BAX,2018-02-08,Baxter International
2018-02-09,63.2700004577636,64.9300003051757,62.8400001525878,64.3099975585937,55.9001502990722,5678000,Baxter International,United States,BAX,2018-02-09,Baxter International
2018-02-12,64.7300033569336,65.4300003051757,64.3499984741211,65.0,56.4999160766601,4232700,Baxter International,United States,BAX,2018-02-12,Baxter International
2018-02-13,64.4700012207031,64.8600006103515,63.8400001525878,64.6299972534179,56.1782989501953,2871300,Baxter International,United States,BAX,2018-02-13,Baxter International
2018-02-14,64.3399963378906,66.1100006103515,64.1999969482421,66.0299987792968,57.3951988220214,3556400,Baxter International,United States,BAX,2018-02-14,Baxter International
2018-02-15,66.5500030517578,66.7600021362304,65.7799987792968,66.4400024414062,57.7516059875488,2064700,Baxter International,United States,BAX,2018-02-15,Baxter International
2018-02-16,66.3099975585937,67.1100006103515,66.2699966430664,66.3300018310546,57.6559906005859,3732200,Baxter International,United States,BAX,2018-02-16,Baxter International
2018-02-20,66.7600021362304,67.6100006103515,65.9300003051757,67.0400009155273,58.2731399536132,3784200,Baxter International,United States,BAX,2018-02-20,Baxter International
2018-02-21,67.0899963378906,68.3399963378906,66.9000015258789,67.0500030517578,58.2818450927734,2517100,Baxter International,United States,BAX,2018-02-21,Baxter International
2018-02-22,67.4400024414062,68.3000030517578,67.1100006103515,67.4300003051757,58.6121444702148,4542100,Baxter International,United States,BAX,2018-02-22,Baxter International
2018-02-23,67.4300003051757,68.4199981689453,67.2099990844726,68.3600006103515,59.4205245971679,2079900,Baxter International,United States,BAX,2018-02-23,Baxter International
2018-02-26,68.5800018310546,69.2399978637695,68.1800003051757,69.1399993896484,60.0985145568847,2493000,Baxter International,United States,BAX,2018-02-26,Baxter International
2018-02-27,69.1500015258789,69.3600006103515,68.6900024414062,68.6900024414062,59.7073745727539,1767500,Baxter International,United States,BAX,2018-02-27,Baxter International
2018-02-28,68.8300018310546,69.3300018310546,67.7300033569336,67.7900009155273,58.9250411987304,3590100,Baxter International,United States,BAX,2018-02-28,Baxter International
2018-03-01,67.5999984741211,67.6999969482421,65.7300033569336,66.3099975585937,57.7749633789062,3217600,Baxter International,United States,BAX,2018-03-01,Baxter International
2018-03-02,65.6399993896484,66.3600006103515,65.5500030517578,66.2799987792968,57.7488327026367,2824200,Baxter International,United States,BAX,2018-03-02,Baxter International
2018-03-05,65.9300003051757,67.1699981689453,65.7799987792968,66.8499984741211,58.2454605102539,4767600,Baxter International,United States,BAX,2018-03-05,Baxter International
2018-03-06,67.0199966430664,67.120002746582,66.4899978637695,67.0100021362304,58.3848800659179,2046200,Baxter International,United States,BAX,2018-03-06,Baxter International
2018-03-07,66.5,67.2099990844726,66.25,67.0199966430664,58.3935813903808,2840200,Baxter International,United States,BAX,2018-03-07,Baxter International
2018-03-08,67.1999969482421,68.0400009155273,67.0999984741211,67.8199996948242,59.0906181335449,3553900,Baxter International,United States,BAX,2018-03-08,Baxter International
2018-03-09,68.3399963378906,68.9800033569336,67.8199996948242,68.8899993896484,60.022891998291,2438000,Baxter International,United States,BAX,2018-03-09,Baxter International
2018-03-12,68.9599990844726,69.1500015258789,68.4400024414062,68.5,59.6830978393554,1976600,Baxter International,United States,BAX,2018-03-12,Baxter International
2018-03-13,68.6999969482421,68.9800033569336,68.0,68.0899963378906,59.325870513916,2441700,Baxter International,United States,BAX,2018-03-13,Baxter International
2018-03-14,68.3899993896484,68.4300003051757,67.0899963378906,67.2799987792968,58.6200981140136,2484500,Baxter International,United States,BAX,2018-03-14,Baxter International
2018-03-15,67.4700012207031,67.870002746582,67.2900009155273,67.5899963378906,58.8901901245117,2120900,Baxter International,United States,BAX,2018-03-15,Baxter International
2018-03-16,67.8000030517578,68.120002746582,67.6699981689453,67.8899993896484,59.1515922546386,4669900,Baxter International,United States,BAX,2018-03-16,Baxter International
2018-03-19,67.8000030517578,67.9800033569336,66.25,66.7600021362304,58.1670494079589,3247300,Baxter International,United States,BAX,2018-03-19,Baxter International
2018-03-20,66.9100036621093,67.3199996948242,66.6299972534179,66.9100036621093,58.297752380371,1837400,Baxter International,United States,BAX,2018-03-20,Baxter International
2018-03-21,66.9300003051757,67.0999984741211,66.1999969482421,66.4599990844726,57.9056587219238,4014200,Baxter International,United States,BAX,2018-03-21,Baxter International
2018-03-22,65.9199981689453,66.8099975585937,65.5100021362304,65.5500030517578,57.1128005981445,3790200,Baxter International,United States,BAX,2018-03-22,Baxter International
2018-03-23,65.5500030517578,65.7099990844726,64.1800003051757,64.2900009155273,56.014965057373,2419900,Baxter International,United States,BAX,2018-03-23,Baxter International
2018-03-26,65.0100021362304,65.5999984741211,64.2699966430664,65.4899978637695,57.0605125427246,2790700,Baxter International,United States,BAX,2018-03-26,Baxter International
2018-03-27,65.75,66.1399993896484,64.5299987792968,64.870002746582,56.5203208923339,3761000,Baxter International,United States,BAX,2018-03-27,Baxter International
2018-03-28,65.0199966430664,65.25,63.8400001525878,63.849998474121,55.6316108703613,3629200,Baxter International,United States,BAX,2018-03-28,Baxter International
2018-03-29,64.1999969482421,65.8899993896484,63.9399986267089,65.0400009155273,56.6684532165527,3967900,Baxter International,United States,BAX,2018-03-29,Baxter International
2018-04-02,64.9199981689453,65.3799972534179,62.75,63.4300003051757,55.2656631469726,2859200,Baxter International,United States,BAX,2018-04-02,Baxter International
2018-04-03,63.7000007629394,64.1999969482421,63.1300010681152,64.0199966430664,55.7797241210937,2461000,Baxter International,United States,BAX,2018-04-03,Baxter International
2018-04-04,63.2599983215332,64.5899963378906,62.6699981689453,64.4100036621093,56.119529724121,2759600,Baxter International,United States,BAX,2018-04-04,Baxter International
2018-04-05,64.8199996948242,65.8099975585937,64.6800003051757,65.5199966430664,57.0866432189941,3909400,Baxter International,United States,BAX,2018-04-05,Baxter International
2018-04-06,64.9800033569336,65.2600021362304,63.1599998474121,63.8899993896484,55.6664581298828,3003800,Baxter International,United States,BAX,2018-04-06,Baxter International
2018-04-09,64.4899978637695,65.6500015258789,64.1699981689453,64.7900009155273,56.4506111145019,2733400,Baxter International,United States,BAX,2018-04-09,Baxter International
2018-04-10,65.3099975585937,66.75,65.3099975585937,66.1999969482421,57.6791191101074,3359600,Baxter International,United States,BAX,2018-04-10,Baxter International
2018-04-11,65.5,65.7300033569336,64.7699966430664,64.9400024414062,56.581298828125,3989500,Baxter International,United States,BAX,2018-04-11,Baxter International
2018-04-12,65.3399963378906,66.0299987792968,65.2600021362304,65.7699966430664,57.3044700622558,2229800,Baxter International,United States,BAX,2018-04-12,Baxter International
2018-04-13,66.0899963378906,66.2099990844726,65.3600006103515,65.7200012207031,57.2609176635742,2280600,Baxter International,United States,BAX,2018-04-13,Baxter International
2018-04-16,66.3600006103515,66.8099975585937,66.0999984741211,66.2900009155273,57.7575416564941,1894900,Baxter International,United States,BAX,2018-04-16,Baxter International
2018-04-17,66.6800003051757,66.9400024414062,66.0100021362304,66.8600006103515,58.254165649414,2944100,Baxter International,United States,BAX,2018-04-17,Baxter International
2018-04-18,66.8499984741211,67.6800003051757,65.4100036621093,67.2200012207031,58.5678520202636,3947400,Baxter International,United States,BAX,2018-04-18,Baxter International
2018-04-19,67.0999984741211,67.4800033569336,66.7099990844726,66.9800033569336,58.3587532043457,2430000,Baxter International,United States,BAX,2018-04-19,Baxter International
2018-04-20,67.0599975585937,67.4000015258789,66.7600021362304,67.0500030517578,58.4197349548339,2890700,Baxter International,United States,BAX,2018-04-20,Baxter International
2018-04-23,67.3099975585937,67.5,66.8099975585937,67.1800003051757,58.532974243164,2824300,Baxter International,United States,BAX,2018-04-23,Baxter International
2018-04-24,67.25,67.8600006103515,65.8099975585937,66.1500015258789,57.6355552673339,3787500,Baxter International,United States,BAX,2018-04-24,Baxter International
2018-04-25,65.9000015258789,66.5800018310546,65.1999969482421,66.5199966430664,57.9579467773437,2914900,Baxter International,United States,BAX,2018-04-25,Baxter International
2018-04-26,68.4199981689453,70.1500015258789,68.4199981689453,69.9899978637695,60.9813003540039,5460100,Baxter International,United States,BAX,2018-04-26,Baxter International
2018-04-27,70.0400009155273,70.5800018310546,69.370002746582,70.2099990844726,61.1729774475097,3351300,Baxter International,United States,BAX,2018-04-27,Baxter International
2018-04-30,70.1800003051757,70.8000030517578,69.4899978637695,69.5,60.5543632507324,4030500,Baxter International,United States,BAX,2018-04-30,Baxter International
2018-05-01,69.4800033569336,70.4300003051757,69.2699966430664,70.1500015258789,61.1206970214843,3192900,Baxter International,United States,BAX,2018-05-01,Baxter International
2018-05-02,69.9000015258789,70.8799972534179,69.620002746582,70.4300003051757,61.3646850585937,3371000,Baxter International,United States,BAX,2018-05-02,Baxter International
2018-05-03,69.8899993896484,70.0599975585937,68.9700012207031,69.7600021362304,60.7809257507324,2710400,Baxter International,United States,BAX,2018-05-03,Baxter International
2018-05-04,69.3799972534179,70.6800003051757,69.1699981689453,70.3799972534179,61.3210830688476,1656300,Baxter International,United States,BAX,2018-05-04,Baxter International
2018-05-07,70.5199966430664,70.9300003051757,70.1900024414062,70.3300018310546,61.277545928955,1580200,Baxter International,United States,BAX,2018-05-07,Baxter International
2018-05-08,70.1500015258789,70.25,69.0199966430664,69.4499969482421,60.5107955932617,3476600,Baxter International,United States,BAX,2018-05-08,Baxter International
2018-05-09,69.5599975585937,69.7300033569336,68.5599975585937,69.3199996948242,60.3975296020507,2286700,Baxter International,United States,BAX,2018-05-09,Baxter International
2018-05-10,69.9700012207031,70.6399993896484,69.7600021362304,70.5999984741211,61.5127792358398,2291600,Baxter International,United States,BAX,2018-05-10,Baxter International
2018-05-11,70.4499969482421,70.8099975585937,70.1999969482421,70.5199966430664,61.443073272705,2215000,Baxter International,United States,BAX,2018-05-11,Baxter International
2018-05-14,70.3899993896484,71.6999969482421,70.2200012207031,71.1999969482421,62.0355491638183,2981900,Baxter International,United States,BAX,2018-05-14,Baxter International
2018-05-15,70.6399993896484,71.0500030517578,70.0199966430664,70.4499969482421,61.3820915222168,2304300,Baxter International,United States,BAX,2018-05-15,Baxter International
2018-05-16,70.4300003051757,71.3799972534179,70.1800003051757,70.7399978637695,61.6347770690918,2206300,Baxter International,United States,BAX,2018-05-16,Baxter International
2018-05-17,70.870002746582,71.0500030517578,70.2200012207031,70.6500015258789,61.5563468933105,2709500,Baxter International,United States,BAX,2018-05-17,Baxter International
2018-05-18,70.7399978637695,70.9400024414062,70.370002746582,70.5999984741211,61.5127792358398,3478400,Baxter International,United States,BAX,2018-05-18,Baxter International
2018-05-21,71.1699981689453,72.3000030517578,71.1699981689453,72.0999984741211,62.8197135925293,3227700,Baxter International,United States,BAX,2018-05-21,Baxter International
2018-05-22,72.1500015258789,72.3899993896484,71.5599975585937,71.7200012207031,62.4886512756347,2515600,Baxter International,United States,BAX,2018-05-22,Baxter International
2018-05-23,71.5199966430664,72.3799972534179,71.4599990844726,72.3499984741211,63.0375175476074,2816700,Baxter International,United States,BAX,2018-05-23,Baxter International
2018-05-24,72.3499984741211,72.8600006103515,71.8199996948242,72.4100036621093,63.0898056030273,5207400,Baxter International,United States,BAX,2018-05-24,Baxter International
2018-05-25,72.4300003051757,73.0400009155273,72.2099990844726,72.5299987792968,63.1943817138671,2537100,Baxter International,United States,BAX,2018-05-25,Baxter International
2018-05-29,71.9300003051757,72.1900024414062,71.0299987792968,71.7300033569336,62.4973449707031,2074100,Baxter International,United States,BAX,2018-05-29,Baxter International
2018-05-30,72.0800018310546,72.370002746582,71.3300018310546,71.870002746582,62.6193199157714,3023600,Baxter International,United States,BAX,2018-05-30,Baxter International
2018-05-31,71.6699981689453,72.2399978637695,70.7799987792968,70.8399963378906,61.8855056762695,4969800,Baxter International,United States,BAX,2018-05-31,Baxter International
2018-06-01,71.4100036621093,72.75,71.2699966430664,72.6999969482421,63.5103797912597,3546500,Baxter International,United States,BAX,2018-06-01,Baxter International
2018-06-04,72.7799987792968,74.4800033569336,72.6600036621093,74.1999969482421,64.8207855224609,5339100,Baxter International,United States,BAX,2018-06-04,Baxter International
2018-06-05,74.1399993896484,74.3399963378906,73.4899978637695,74.2600021362304,64.8731994628906,4334700,Baxter International,United States,BAX,2018-06-05,Baxter International
2018-06-06,74.3000030517578,75.3600006103515,74.1399993896484,75.2799987792968,65.7642517089843,3993000,Baxter International,United States,BAX,2018-06-06,Baxter International
2018-06-07,75.2799987792968,75.4599990844726,73.9300003051757,74.3499984741211,64.951789855957,2965500,Baxter International,United States,BAX,2018-06-07,Baxter International
2018-06-08,74.3300018310546,74.8399963378906,74.120002746582,74.7799987792968,65.3274612426757,3039600,Baxter International,United States,BAX,2018-06-08,Baxter International
2018-06-11,74.8600006103515,75.370002746582,74.5,75.1900024414062,65.6856231689453,2987200,Baxter International,United States,BAX,2018-06-11,Baxter International
2018-06-12,75.0299987792968,75.620002746582,74.7699966430664,75.3499984741211,65.8254089355468,3591500,Baxter International,United States,BAX,2018-06-12,Baxter International
2018-06-13,75.4199981689453,75.5999984741211,74.4599990844726,74.5800018310546,65.1527633666992,2770000,Baxter International,United States,BAX,2018-06-13,Baxter International
2018-06-14,75.0199966430664,75.5,74.7300033569336,75.4100036621093,65.8778381347656,2573500,Baxter International,United States,BAX,2018-06-14,Baxter International
2018-06-15,75.3199996948242,75.5800018310546,74.6600036621093,75.2200012207031,65.7118301391601,3173000,Baxter International,United States,BAX,2018-06-15,Baxter International
2018-06-18,74.5800018310546,74.8000030517578,73.9499969482421,74.3000030517578,64.9081649780273,2410100,Baxter International,United States,BAX,2018-06-18,Baxter International
2018-06-19,73.6699981689453,74.1900024414062,73.5100021362304,74.1699981689453,64.7945785522461,2726900,Baxter International,United States,BAX,2018-06-19,Baxter International
2018-06-20,74.120002746582,74.3499984741211,73.2799987792968,73.3300018310546,64.0607604980468,2371900,Baxter International,United States,BAX,2018-06-20,Baxter International
2018-06-21,73.5599975585937,74.5299987792968,73.370002746582,73.7399978637695,64.4189300537109,2830400,Baxter International,United States,BAX,2018-06-21,Baxter International
2018-06-22,74.0100021362304,74.8600006103515,73.7399978637695,74.3199996948242,64.9255905151367,3249900,Baxter International,United States,BAX,2018-06-22,Baxter International
2018-06-25,74.0599975585937,74.1299972534179,73.0199966430664,73.5899963378906,64.2878875732421,3631800,Baxter International,United States,BAX,2018-06-25,Baxter International
2018-06-26,73.6100006103515,73.9100036621093,73.120002746582,73.1399993896484,63.8947677612304,2148300,Baxter International,United States,BAX,2018-06-26,Baxter International
2018-06-27,73.4499969482421,73.8899993896484,72.5500030517578,72.5500030517578,63.3793678283691,2539700,Baxter International,United States,BAX,2018-06-27,Baxter International
2018-06-28,72.5400009155273,74.1299972534179,72.3300018310546,73.8000030517578,64.4713363647461,2835000,Baxter International,United States,BAX,2018-06-28,Baxter International
2018-06-29,73.8199996948242,74.6900024414062,73.7799987792968,73.8399963378906,64.5062866210937,2602700,Baxter International,United States,BAX,2018-06-29,Baxter International
2018-07-02,73.3899993896484,73.8000030517578,72.9400024414062,73.75,64.4276580810546,1391900,Baxter International,United States,BAX,2018-07-02,Baxter International
2018-07-03,73.6999969482421,73.7900009155273,72.9199981689453,73.0699996948242,63.8336067199707,1531800,Baxter International,United States,BAX,2018-07-03,Baxter International
2018-07-05,73.5899963378906,73.9599990844726,73.2200012207031,73.8000030517578,64.4713363647461,1595700,Baxter International,United States,BAX,2018-07-05,Baxter International
2018-07-06,73.8799972534179,74.5699996948242,73.7799987792968,74.370002746582,64.9692916870117,1440100,Baxter International,United States,BAX,2018-07-06,Baxter International
2018-07-09,74.5999984741211,74.8899993896484,74.3300018310546,74.6699981689453,65.2313690185546,1564500,Baxter International,United States,BAX,2018-07-09,Baxter International
2018-07-10,74.9599990844726,75.120002746582,74.4199981689453,74.6299972534179,65.1964111328125,2229700,Baxter International,United States,BAX,2018-07-10,Baxter International
2018-07-11,74.3199996948242,74.9000015258789,74.0999984741211,74.3199996948242,64.9255905151367,1296400,Baxter International,United States,BAX,2018-07-11,Baxter International
2018-07-12,74.7600021362304,75.0400009155273,74.2300033569336,74.7799987792968,65.3274612426757,1769700,Baxter International,United States,BAX,2018-07-12,Baxter International
2018-07-13,74.8000030517578,74.9400024414062,74.5100021362304,74.7799987792968,65.3274612426757,2088000,Baxter International,United States,BAX,2018-07-13,Baxter International
2018-07-16,74.25,74.2900009155273,73.5899963378906,74.0100021362304,64.6547927856445,2132800,Baxter International,United States,BAX,2018-07-16,Baxter International
2018-07-17,73.8199996948242,74.8099975585937,73.7300033569336,74.75,65.3012237548828,2701000,Baxter International,United States,BAX,2018-07-17,Baxter International
2018-07-18,74.8000030517578,74.8499984741211,74.3199996948242,74.6999969482421,65.2575607299804,1746800,Baxter International,United States,BAX,2018-07-18,Baxter International
2018-07-19,74.5999984741211,74.9800033569336,74.2799987792968,74.7399978637695,65.2925186157226,1951100,Baxter International,United States,BAX,2018-07-19,Baxter International
2018-07-20,74.7200012207031,75.5999984741211,74.5899963378906,75.0,65.5196533203125,4220500,Baxter International,United States,BAX,2018-07-20,Baxter International
2018-07-23,75.0,75.3300018310546,74.6500015258789,74.9400024414062,65.4672317504882,2405600,Baxter International,United States,BAX,2018-07-23,Baxter International
2018-07-24,75.1100006103515,75.7200012207031,75.0199966430664,75.5400009155273,65.9914093017578,3279700,Baxter International,United States,BAX,2018-07-24,Baxter International
2018-07-25,75.3499984741211,76.5100021362304,75.3499984741211,76.5100021362304,66.8387908935546,2549500,Baxter International,United States,BAX,2018-07-25,Baxter International
2018-07-26,71.0100021362304,75.0,71.0100021362304,73.7099990844726,64.392707824707,6801900,Baxter International,United States,BAX,2018-07-26,Baxter International
2018-07-27,73.2799987792968,73.7099990844726,71.2799987792968,71.7099990844726,62.6455078125,6406600,Baxter International,United States,BAX,2018-07-27,Baxter International
2018-07-30,71.6399993896484,72.1399993896484,70.9499969482421,71.3600006103515,62.3397712707519,4136900,Baxter International,United States,BAX,2018-07-30,Baxter International
2018-07-31,71.7799987792968,72.7099990844726,71.620002746582,72.4499969482421,63.2919654846191,4379800,Baxter International,United States,BAX,2018-07-31,Baxter International
2018-08-01,72.4599990844726,73.1299972534179,72.370002746582,72.75,63.5540733337402,4001200,Baxter International,United States,BAX,2018-08-01,Baxter International
2018-08-02,72.4400024414062,72.5800018310546,71.5199966430664,72.2399978637695,63.1085357666015,2263100,Baxter International,United States,BAX,2018-08-02,Baxter International
2018-08-03,72.2699966430664,72.3899993896484,71.6299972534179,72.3499984741211,63.2046203613281,1749100,Baxter International,United States,BAX,2018-08-03,Baxter International
2018-08-06,72.25,72.7200012207031,72.1399993896484,72.5199966430664,63.3531455993652,1814200,Baxter International,United States,BAX,2018-08-06,Baxter International
2018-08-07,72.5599975585937,72.7600021362304,72.0999984741211,72.5400009155273,63.37060546875,2810500,Baxter International,United States,BAX,2018-08-07,Baxter International
2018-08-08,72.4300003051757,73.0899963378906,72.4100036621093,72.6699981689453,63.4841766357421,3328600,Baxter International,United States,BAX,2018-08-08,Baxter International
2018-08-09,72.9199981689453,73.0,71.9800033569336,72.0699996948242,62.9600181579589,3638600,Baxter International,United States,BAX,2018-08-09,Baxter International
2018-08-10,71.9499969482421,71.9499969482421,71.1900024414062,71.5,62.4620666503906,2341600,Baxter International,United States,BAX,2018-08-10,Baxter International
2018-08-13,71.4000015258789,71.8899993896484,70.6699981689453,70.7099990844726,61.77193069458,1936300,Baxter International,United States,BAX,2018-08-13,Baxter International
2018-08-14,70.6800003051757,71.2799987792968,70.6500015258789,70.7099990844726,61.77193069458,2133600,Baxter International,United States,BAX,2018-08-14,Baxter International
2018-08-15,70.4400024414062,71.3399963378906,70.1900024414062,71.25,62.2436790466308,2811400,Baxter International,United States,BAX,2018-08-15,Baxter International
2018-08-16,71.7699966430664,71.9400024414062,71.2099990844726,71.5800018310546,62.5319595336914,2162300,Baxter International,United States,BAX,2018-08-16,Baxter International
2018-08-17,71.3499984741211,72.1399993896484,71.0500030517578,72.0400009155273,62.9338226318359,1898100,Baxter International,United States,BAX,2018-08-17,Baxter International
2018-08-20,72.0899963378906,72.4400024414062,71.9599990844726,72.1999969482421,63.0735816955566,1697300,Baxter International,United States,BAX,2018-08-20,Baxter International
2018-08-21,72.4700012207031,72.7600021362304,71.5500030517578,71.6399993896484,62.5843696594238,5024700,Baxter International,United States,BAX,2018-08-21,Baxter International
2018-08-22,71.4499969482421,72.2699966430664,71.2300033569336,72.1399993896484,63.0211677551269,1783600,Baxter International,United States,BAX,2018-08-22,Baxter International
2018-08-23,72.1999969482421,72.3300018310546,71.8499984741211,71.9800033569336,62.8813934326171,2553600,Baxter International,United States,BAX,2018-08-23,Baxter International
2018-08-24,72.2300033569336,72.5100021362304,71.8600006103515,72.3499984741211,63.2046203613281,2232100,Baxter International,United States,BAX,2018-08-24,Baxter International
2018-08-27,72.5999984741211,73.1900024414062,72.5100021362304,72.9800033569336,63.7549896240234,2133700,Baxter International,United States,BAX,2018-08-27,Baxter International
2018-08-28,73.1500015258789,73.25,72.7399978637695,73.0599975585937,63.8248748779296,2728000,Baxter International,United States,BAX,2018-08-28,Baxter International
2018-08-29,73.3000030517578,74.0899963378906,73.0400009155273,73.9599990844726,64.6111068725586,2336300,Baxter International,United States,BAX,2018-08-29,Baxter International
2018-08-30,73.7600021362304,74.1900024414062,73.4199981689453,73.9000015258789,64.724983215332,2982600,Baxter International,United States,BAX,2018-08-30,Baxter International
2018-08-31,73.6800003051757,74.4499969482421,73.6500015258789,74.370002746582,65.136604309082,2980300,Baxter International,United States,BAX,2018-08-31,Baxter International
2018-09-04,74.8000030517578,75.1299972534179,74.3799972534179,74.7900009155273,65.5044708251953,5077300,Baxter International,United States,BAX,2018-09-04,Baxter International
2018-09-05,74.5899963378906,74.75,73.6699981689453,74.0699996948242,64.8738708496093,4173800,Baxter International,United States,BAX,2018-09-05,Baxter International
2018-09-06,73.9499969482421,74.7300033569336,73.6800003051757,74.5199966430664,65.2679901123046,2367100,Baxter International,United States,BAX,2018-09-06,Baxter International
2018-09-07,74.370002746582,74.8399963378906,74.0100021362304,74.5899963378906,65.3293075561523,2950700,Baxter International,United States,BAX,2018-09-07,Baxter International
2018-09-10,74.8399963378906,75.1399993896484,74.6399993896484,74.8899993896484,65.5920791625976,2404000,Baxter International,United States,BAX,2018-09-10,Baxter International
2018-09-11,74.8199996948242,76.1299972534179,74.7399978637695,75.870002746582,66.4503936767578,2713000,Baxter International,United States,BAX,2018-09-11,Baxter International
2018-09-12,75.870002746582,76.2200012207031,75.5199966430664,76.0800018310546,66.6343231201171,2351900,Baxter International,United States,BAX,2018-09-12,Baxter International
2018-09-13,76.2200012207031,77.2200012207031,76.1900024414062,77.1299972534179,67.5539398193359,2903500,Baxter International,United States,BAX,2018-09-13,Baxter International
2018-09-14,77.1699981689453,77.8499984741211,77.1699981689453,77.6900024414062,68.04443359375,2305000,Baxter International,United States,BAX,2018-09-14,Baxter International
2018-09-17,77.4499969482421,77.5199966430664,76.9400024414062,77.0400009155273,67.4751281738281,2657200,Baxter International,United States,BAX,2018-09-17,Baxter International
2018-09-18,77.0299987792968,77.5,76.9300003051757,77.2399978637695,67.6503067016601,2228000,Baxter International,United States,BAX,2018-09-18,Baxter International
2018-09-19,77.4000015258789,77.8099975585937,77.3000030517578,77.6399993896484,68.0006332397461,3124800,Baxter International,United States,BAX,2018-09-19,Baxter International
2018-09-20,77.9000015258789,78.3799972534179,77.5899963378906,77.6900024414062,68.04443359375,2293500,Baxter International,United States,BAX,2018-09-20,Baxter International
2018-09-21,77.8499984741211,77.9199981689453,77.3199996948242,77.370002746582,67.76416015625,4064300,Baxter International,United States,BAX,2018-09-21,Baxter International
2018-09-24,77.3899993896484,77.8399963378906,77.2399978637695,77.75,68.0969924926757,1575300,Baxter International,United States,BAX,2018-09-24,Baxter International
2018-09-25,77.8499984741211,77.9599990844726,77.25,77.4599990844726,67.8429718017578,1960400,Baxter International,United States,BAX,2018-09-25,Baxter International
2018-09-26,77.4599990844726,77.6900024414062,76.7900009155273,76.9000015258789,67.3525085449218,2964000,Baxter International,United States,BAX,2018-09-26,Baxter International
2018-09-27,77.0999984741211,77.1299972534179,76.5500030517578,76.5999984741211,67.0897750854492,2182000,Baxter International,United States,BAX,2018-09-27,Baxter International
2018-09-28,76.5800018310546,77.5400009155273,76.5500030517578,77.0899963378906,67.5189361572265,3484800,Baxter International,United States,BAX,2018-09-28,Baxter International
2018-10-01,77.5,78.2300033569336,77.3300018310546,77.8000030517578,68.140754699707,2786400,Baxter International,United States,BAX,2018-10-01,Baxter International
2018-10-02,77.6299972534179,77.7799987792968,77.1800003051757,77.3000030517578,67.7028503417968,1788900,Baxter International,United States,BAX,2018-10-02,Baxter International
2018-10-03,77.3899993896484,77.5,75.6800003051757,75.9100036621093,66.4854125976562,3536800,Baxter International,United States,BAX,2018-10-03,Baxter International
2018-10-04,75.5599975585937,75.5599975585937,73.9000015258789,74.25,65.0315170288086,3137200,Baxter International,United States,BAX,2018-10-04,Baxter International
2018-10-05,74.25,74.6999969482421,73.5599975585937,74.1800003051757,64.9702224731445,2367800,Baxter International,United States,BAX,2018-10-05,Baxter International
2018-10-08,73.8899993896484,74.1500015258789,72.7200012207031,73.3300018310546,64.2257614135742,2903800,Baxter International,United States,BAX,2018-10-08,Baxter International
2018-10-09,73.0100021362304,73.5299987792968,72.7099990844726,72.9800033569336,63.9191856384277,3180100,Baxter International,United States,BAX,2018-10-09,Baxter International
2018-10-10,72.8899993896484,72.8899993896484,71.120002746582,71.1900024414062,62.3514289855957,3101600,Baxter International,United States,BAX,2018-10-10,Baxter International
2018-10-11,70.9199981689453,71.6900024414062,69.5199966430664,70.1699981689453,61.4580688476562,4111500,Baxter International,United States,BAX,2018-10-11,Baxter International
2018-10-12,71.2799987792968,71.9400024414062,70.370002746582,71.25,62.4040031433105,2340500,Baxter International,United States,BAX,2018-10-12,Baxter International
2018-10-15,71.1999969482421,71.5199966430664,70.4400024414062,70.870002746582,62.0711708068847,2127200,Baxter International,United States,BAX,2018-10-15,Baxter International
2018-10-16,70.8600006103515,71.8399963378906,70.3300018310546,71.7600021362304,62.8506736755371,3099000,Baxter International,United States,BAX,2018-10-16,Baxter International
2018-10-17,71.4300003051757,72.5400009155273,71.0,72.4400024414062,63.4462509155273,3257200,Baxter International,United States,BAX,2018-10-17,Baxter International
2018-10-18,72.2799987792968,72.2799987792968,69.9899978637695,70.4700012207031,61.7208366394043,4250000,Baxter International,United States,BAX,2018-10-18,Baxter International
2018-10-19,70.6500015258789,70.9100036621093,69.1999969482421,69.4599990844726,60.8362197875976,3166500,Baxter International,United States,BAX,2018-10-19,Baxter International
2018-10-22,69.4599990844726,69.7300033569336,68.3799972534179,69.0199966430664,60.4508399963378,4823500,Baxter International,United States,BAX,2018-10-22,Baxter International
2018-10-23,67.7900009155273,69.0400009155273,67.0400009155273,68.7300033569336,60.1968460083007,3943000,Baxter International,United States,BAX,2018-10-23,Baxter International
2018-10-24,68.8300018310546,69.2799987792968,67.4000015258789,67.4899978637695,59.1108131408691,2822800,Baxter International,United States,BAX,2018-10-24,Baxter International
2018-10-25,67.6999969482421,68.3899993896484,66.9100036621093,67.8399963378906,59.4173469543457,2772800,Baxter International,United States,BAX,2018-10-25,Baxter International
2018-10-26,67.2200012207031,67.6699981689453,66.1900024414062,67.0999984741211,58.7692260742187,2447300,Baxter International,United States,BAX,2018-10-26,Baxter International
2018-10-29,68.1500015258789,68.4300003051757,66.2099990844726,67.0400009155273,58.7166786193847,3843500,Baxter International,United States,BAX,2018-10-29,Baxter International
2018-10-30,67.2200012207031,68.8899993896484,67.0,68.6600036621093,60.1355514526367,5427700,Baxter International,United States,BAX,2018-10-30,Baxter International
2018-10-31,62.7999992370605,64.0899963378906,61.0499992370605,62.5099983215332,54.7491035461425,14749300,Baxter International,United States,BAX,2018-10-31,Baxter International
2018-11-01,62.6300010681152,63.560001373291,62.0499992370605,63.0699996948242,55.2395706176757,9031800,Baxter International,United States,BAX,2018-11-01,Baxter International
2018-11-02,63.7099990844726,64.4000015258789,61.6599998474121,62.1800003051757,54.4600715637207,4037000,Baxter International,United States,BAX,2018-11-02,Baxter International
2018-11-05,62.4199981689453,62.849998474121,61.7599983215332,62.5,54.7403373718261,4806900,Baxter International,United States,BAX,2018-11-05,Baxter International
2018-11-06,62.2200012207031,63.4700012207031,62.0400009155273,63.4300003051757,55.5548667907714,3764600,Baxter International,United States,BAX,2018-11-06,Baxter International
2018-11-07,63.9199981689453,64.1100006103515,63.099998474121,63.5,55.6161842346191,5380300,Baxter International,United States,BAX,2018-11-07,Baxter International
2018-11-08,63.2400016784668,64.0999984741211,63.2099990844726,63.8699989318847,55.9402465820312,3232300,Baxter International,United States,BAX,2018-11-08,Baxter International
2018-11-09,63.7599983215332,63.7599983215332,62.9399986267089,63.4799995422363,55.5986709594726,2345500,Baxter International,United States,BAX,2018-11-09,Baxter International
2018-11-12,63.4399986267089,63.4399986267089,61.4900016784668,61.560001373291,53.9170455932617,4020300,Baxter International,United States,BAX,2018-11-12,Baxter International
2018-11-13,62.4000015258789,64.1900024414062,62.0499992370605,63.0299987792968,55.2045402526855,5074500,Baxter International,United States,BAX,2018-11-13,Baxter International
2018-11-14,63.3600006103515,64.1999969482421,62.7299995422363,63.8300018310546,55.9052124023437,5966300,Baxter International,United States,BAX,2018-11-14,Baxter International
2018-11-15,63.4099998474121,65.8399963378906,62.8300018310546,65.8300018310546,57.6568984985351,8750000,Baxter International,United States,BAX,2018-11-15,Baxter International
2018-11-16,65.4599990844726,66.9100036621093,65.4000015258789,66.5100021362304,58.2524871826171,7508000,Baxter International,United States,BAX,2018-11-16,Baxter International
2018-11-19,66.6399993896484,66.7200012207031,64.7900009155273,65.0199966430664,56.9474639892578,4066300,Baxter International,United States,BAX,2018-11-19,Baxter International
2018-11-20,64.6299972534179,64.9199981689453,63.75,64.1800003051757,56.2117652893066,4253700,Baxter International,United States,BAX,2018-11-20,Baxter International
2018-11-21,64.5699996948242,65.5800018310546,64.3300018310546,65.5299987792968,57.3941535949707,5319500,Baxter International,United States,BAX,2018-11-21,Baxter International
2018-11-23,64.9599990844726,65.5400009155273,64.9199981689453,65.4700012207031,57.3416023254394,1503900,Baxter International,United States,BAX,2018-11-23,Baxter International
2018-11-26,65.8899993896484,66.0999984741211,65.1800003051757,65.9800033569336,57.788288116455,2990200,Baxter International,United States,BAX,2018-11-26,Baxter International
2018-11-27,65.6800003051757,65.9700012207031,65.1500015258789,65.9599990844726,57.7707481384277,4012400,Baxter International,United States,BAX,2018-11-27,Baxter International
2018-11-28,66.5,68.3399963378906,66.0899963378906,68.3199996948242,59.8377647399902,3562300,Baxter International,United States,BAX,2018-11-28,Baxter International
2018-11-29,67.9599990844726,68.5100021362304,67.7900009155273,68.0199966430664,59.5750007629394,3098700,Baxter International,United States,BAX,2018-11-29,Baxter International
2018-11-30,67.870002746582,68.6399993896484,67.5400009155273,68.5500030517578,60.2074012756347,4091000,Baxter International,United States,BAX,2018-11-30,Baxter International
2018-12-03,68.9300003051757,69.370002746582,68.4300003051757,69.1999969482421,60.7782554626464,5702100,Baxter International,United States,BAX,2018-12-03,Baxter International
2018-12-04,69.0999984741211,69.2900009155273,67.1999969482421,67.2600021362304,59.0743751525878,6602500,Baxter International,United States,BAX,2018-12-04,Baxter International
2018-12-06,66.3499984741211,66.8600006103515,64.9599990844726,66.7900009155273,58.6615715026855,4274100,Baxter International,United States,BAX,2018-12-06,Baxter International
2018-12-07,66.5199966430664,66.9100036621093,64.7600021362304,65.0199966430664,57.1069793701171,4614400,Baxter International,United States,BAX,2018-12-07,Baxter International
2018-12-10,64.9899978637695,65.6999969482421,63.9700012207031,65.4800033569336,57.5110092163085,4465100,Baxter International,United States,BAX,2018-12-10,Baxter International
2018-12-11,66.0599975585937,66.8199996948242,65.5800018310546,66.1900024414062,58.1346130371093,3499100,Baxter International,United States,BAX,2018-12-11,Baxter International
2018-12-12,66.9700012207031,67.75,66.9400024414062,67.0,58.8460159301757,3159600,Baxter International,United States,BAX,2018-12-12,Baxter International
2018-12-13,67.0199966430664,67.5100021362304,66.5400009155273,66.9499969482421,58.8020935058593,2796000,Baxter International,United States,BAX,2018-12-13,Baxter International
2018-12-14,66.2799987792968,66.4599990844726,65.3099975585937,65.6999969482421,57.7042274475097,2731100,Baxter International,United States,BAX,2018-12-14,Baxter International
2018-12-17,65.3399963378906,65.9700012207031,63.9399986267089,64.1900024414062,56.3779869079589,5682800,Baxter International,United States,BAX,2018-12-17,Baxter International
2018-12-18,64.8399963378906,65.5699996948242,64.2699966430664,65.1100006103515,57.1860275268554,4907500,Baxter International,United States,BAX,2018-12-18,Baxter International
2018-12-19,65.4100036621093,65.9499969482421,63.6599998474121,64.0500030517578,56.2550430297851,4905700,Baxter International,United States,BAX,2018-12-19,Baxter International
2018-12-20,64.0699996948242,64.2900009155273,62.25,62.6800003051757,55.0517616271972,4756000,Baxter International,United States,BAX,2018-12-20,Baxter International
2018-12-21,62.75,64.2900009155273,62.2200012207031,62.9000015258789,55.2449989318847,7910800,Baxter International,United States,BAX,2018-12-21,Baxter International
2018-12-24,62.4799995422363,62.5499992370605,61.4000015258789,61.4500007629394,53.9714660644531,3202700,Baxter International,United States,BAX,2018-12-24,Baxter International
2018-12-26,61.7400016784668,64.1299972534179,61.7400016784668,64.1299972534179,56.3253021240234,4321400,Baxter International,United States,BAX,2018-12-26,Baxter International
2018-12-27,63.4900016784668,65.6299972534179,63.3300018310546,65.5599975585937,57.5812606811523,4110700,Baxter International,United States,BAX,2018-12-27,Baxter International
2018-12-28,65.8399963378906,66.0,64.9700012207031,65.2099990844726,57.2738609313964,2881100,Baxter International,United States,BAX,2018-12-28,Baxter International
2018-12-31,65.5899963378906,66.2300033569336,65.2200012207031,65.8199996948242,57.8096199035644,2230900,Baxter International,United States,BAX,2018-12-31,Baxter International
2019-01-02,66.0,66.8099975585937,64.9100036621093,65.3000030517578,57.3529052734375,4816900,Baxter International,United States,BAX,2019-01-02,Baxter International
2019-01-03,65.0199966430664,65.4300003051757,64.1299972534179,64.4800033569336,56.6327095031738,4642400,Baxter International,United States,BAX,2019-01-03,Baxter International
2019-01-04,65.1299972534179,66.5899963378906,65.1100006103515,66.5,58.4068756103515,4759900,Baxter International,United States,BAX,2019-01-04,Baxter International
2019-01-07,66.2099990844726,67.0800018310546,66.0999984741211,66.1699981689453,58.1170272827148,4908000,Baxter International,United States,BAX,2019-01-07,Baxter International
2019-01-08,66.6500015258789,67.0899963378906,65.2699966430664,65.9899978637695,57.9589385986328,4764500,Baxter International,United States,BAX,2019-01-08,Baxter International
2019-01-09,66.3499984741211,67.6800003051757,66.25,67.120002746582,58.9514236450195,3848100,Baxter International,United States,BAX,2019-01-09,Baxter International
2019-01-10,66.9000015258789,67.3600006103515,66.5400009155273,67.3099975585937,59.1182823181152,2668300,Baxter International,United States,BAX,2019-01-10,Baxter International
2019-01-11,66.9000015258789,67.0400009155273,66.4499969482421,66.8099975585937,58.6791381835937,2490100,Baxter International,United States,BAX,2019-01-11,Baxter International
2019-01-14,66.3199996948242,66.4700012207031,66.0400009155273,66.120002746582,58.0731163024902,4054100,Baxter International,United States,BAX,2019-01-14,Baxter International
2019-01-15,66.6299972534179,67.6299972534179,66.1800003051757,67.5400009155273,59.3202972412109,3893400,Baxter International,United States,BAX,2019-01-15,Baxter International
2019-01-16,67.4000015258789,68.4100036621093,67.4000015258789,68.2600021362304,59.9526786804199,4253100,Baxter International,United States,BAX,2019-01-16,Baxter International
2019-01-17,68.2099990844726,69.3899993896484,68.1500015258789,69.120002746582,60.7080116271972,6282400,Baxter International,United States,BAX,2019-01-17,Baxter International
2019-01-18,69.5699996948242,70.8199996948242,69.120002746582,70.6299972534179,62.0342369079589,3396600,Baxter International,United States,BAX,2019-01-18,Baxter International
2019-01-22,70.0500030517578,70.4199981689453,69.2300033569336,69.6600036621093,61.182315826416,4291000,Baxter International,United States,BAX,2019-01-22,Baxter International
2019-01-23,69.6299972534179,69.9899978637695,68.6900024414062,69.6399993896484,61.1647224426269,3209800,Baxter International,United States,BAX,2019-01-23,Baxter International
2019-01-24,69.6999969482421,70.1299972534179,69.3799972534179,69.9499969482421,61.4369926452636,2613400,Baxter International,United States,BAX,2019-01-24,Baxter International
2019-01-25,70.1500015258789,70.5800018310546,70.1399993896484,70.3300018310546,61.7707595825195,1962300,Baxter International,United States,BAX,2019-01-25,Baxter International
2019-01-28,69.9300003051757,70.4199981689453,69.8600006103515,70.1699981689453,61.6302223205566,2213500,Baxter International,United States,BAX,2019-01-28,Baxter International
2019-01-29,70.3099975585937,70.5999984741211,69.9199981689453,70.25,61.7004623413085,2427300,Baxter International,United States,BAX,2019-01-29,Baxter International
2019-01-30,70.5599975585937,71.9700012207031,70.3099975585937,71.7200012207031,62.9915733337402,4267200,Baxter International,United States,BAX,2019-01-30,Baxter International
2019-01-31,70.9499969482421,73.0299987792968,70.0,72.4899978637695,63.6678810119628,5555800,Baxter International,United States,BAX,2019-01-31,Baxter International
2019-02-01,73.75,73.75,72.0500030517578,72.1299972534179,63.3516998291015,3831600,Baxter International,United States,BAX,2019-02-01,Baxter International
2019-02-04,72.2799987792968,72.6800003051757,71.8000030517578,72.5699996948242,63.7381401062011,2601400,Baxter International,United States,BAX,2019-02-04,Baxter International
2019-02-05,72.5199966430664,72.6999969482421,72.0,72.0500030517578,63.2814292907714,2676800,Baxter International,United States,BAX,2019-02-05,Baxter International
2019-02-06,71.8099975585937,72.3099975585937,71.6999969482421,71.7699966430664,63.0355262756347,2052000,Baxter International,United States,BAX,2019-02-06,Baxter International
2019-02-07,71.4199981689453,71.6600036621093,70.6699981689453,71.1100006103515,62.4558334350585,2204700,Baxter International,United States,BAX,2019-02-07,Baxter International
2019-02-08,70.8399963378906,71.5100021362304,70.5699996948242,71.5,62.7983512878418,2571100,Baxter International,United States,BAX,2019-02-08,Baxter International
2019-02-11,71.7399978637695,72.0400009155273,71.5999984741211,71.7300033569336,63.0003814697265,1760800,Baxter International,United States,BAX,2019-02-11,Baxter International
2019-02-12,72.0699996948242,72.5500030517578,71.9300003051757,72.4800033569336,63.6591072082519,3458700,Baxter International,United States,BAX,2019-02-12,Baxter International
2019-02-13,72.6800003051757,72.9599990844726,72.3099975585937,72.6699981689453,63.8259696960449,2421100,Baxter International,United States,BAX,2019-02-13,Baxter International
2019-02-14,72.5,72.9599990844726,72.3799972534179,72.4400024414062,63.6239776611328,2200700,Baxter International,United States,BAX,2019-02-14,Baxter International
2019-02-15,73.0100021362304,73.5199966430664,72.9100036621093,73.4300003051757,64.4934692382812,2372300,Baxter International,United States,BAX,2019-02-15,Baxter International
2019-02-19,73.1699981689453,73.7300033569336,73.1699981689453,73.4700012207031,64.5286102294921,1999500,Baxter International,United States,BAX,2019-02-19,Baxter International
2019-02-20,73.5,74.2200012207031,73.25,74.1299972534179,65.1082763671875,2816700,Baxter International,United States,BAX,2019-02-20,Baxter International
2019-02-21,74.0400009155273,74.3899993896484,73.8099975585937,74.0299987792968,65.0204467773437,2388300,Baxter International,United States,BAX,2019-02-21,Baxter International
2019-02-22,74.1500015258789,74.8300018310546,74.1500015258789,74.6800003051757,65.5913391113281,2136500,Baxter International,United States,BAX,2019-02-22,Baxter International
2019-02-25,74.9700012207031,75.7300033569336,74.7699966430664,74.7900009155273,65.6879577636718,3457200,Baxter International,United States,BAX,2019-02-25,Baxter International
2019-02-26,74.7099990844726,75.0199966430664,74.4400024414062,74.9100036621093,65.793342590332,3350500,Baxter International,United States,BAX,2019-02-26,Baxter International
2019-02-27,74.5500030517578,75.6399993896484,74.5500030517578,75.0699996948242,65.9338760375976,2997900,Baxter International,United States,BAX,2019-02-27,Baxter International
2019-02-28,74.7200012207031,75.0,74.0,74.7300033569336,65.8018188476562,3375100,Baxter International,United States,BAX,2019-02-28,Baxter International
2019-03-01,75.1600036621093,76.0999984741211,75.1100006103515,75.8399963378906,66.7791976928711,2420500,Baxter International,United States,BAX,2019-03-01,Baxter International
2019-03-04,76.1800003051757,76.25,74.7099990844726,75.4700012207031,66.4534225463867,3723900,Baxter International,United States,BAX,2019-03-04,Baxter International
2019-03-05,75.3799972534179,75.870002746582,75.1600036621093,75.7099990844726,66.6647186279296,2162600,Baxter International,United States,BAX,2019-03-05,Baxter International
2019-03-06,75.8899993896484,75.9800033569336,74.4499969482421,74.7300033569336,65.8018188476562,2382200,Baxter International,United States,BAX,2019-03-06,Baxter International
2019-03-07,74.6800003051757,74.9599990844726,74.3899993896484,74.7200012207031,65.7930145263671,2916900,Baxter International,United States,BAX,2019-03-07,Baxter International
2019-03-08,74.3300018310546,74.5800018310546,73.4000015258789,74.1299972534179,65.2734909057617,2818400,Baxter International,United States,BAX,2019-03-08,Baxter International
2019-03-11,74.5400009155273,75.1399993896484,74.3899993896484,75.120002746582,66.1452255249023,2015800,Baxter International,United States,BAX,2019-03-11,Baxter International
2019-03-12,75.3499984741211,75.7099990844726,75.0199966430664,75.6800003051757,66.6383056640625,3579400,Baxter International,United States,BAX,2019-03-12,Baxter International
2019-03-13,75.9199981689453,76.6600036621093,75.6399993896484,76.3799972534179,67.2546768188476,2485500,Baxter International,United States,BAX,2019-03-13,Baxter International
2019-03-14,76.2799987792968,76.5899963378906,75.6600036621093,76.5100021362304,67.369155883789,1993200,Baxter International,United States,BAX,2019-03-14,Baxter International
2019-03-15,76.2900009155273,77.1299972534179,76.2900009155273,76.9400024414062,67.7477722167968,5042400,Baxter International,United States,BAX,2019-03-15,Baxter International
2019-03-18,77.1399993896484,77.1399993896484,76.5,76.9499969482421,67.7565689086914,1862200,Baxter International,United States,BAX,2019-03-18,Baxter International
2019-03-19,77.1500015258789,77.7399978637695,76.8000030517578,77.5899963378906,68.3201065063476,2064000,Baxter International,United States,BAX,2019-03-19,Baxter International
2019-03-20,77.6800003051757,77.7399978637695,76.870002746582,77.1800003051757,67.959114074707,2728800,Baxter International,United States,BAX,2019-03-20,Baxter International
2019-03-21,76.9100036621093,78.4599990844726,76.9100036621093,78.4499969482421,69.0773773193359,2115000,Baxter International,United States,BAX,2019-03-21,Baxter International
2019-03-22,78.0999984741211,78.5199966430664,77.1699981689453,77.2399978637695,68.0119323730468,3152200,Baxter International,United States,BAX,2019-03-22,Baxter International
2019-03-25,77.2699966430664,78.0500030517578,77.1100006103515,77.6299972534179,68.3553314208984,2050900,Baxter International,United States,BAX,2019-03-25,Baxter International
2019-03-26,78.1699981689453,78.9499969482421,77.9400024414062,78.8000030517578,69.3855743408203,3571500,Baxter International,United States,BAX,2019-03-26,Baxter International
2019-03-27,78.7300033569336,79.3499984741211,78.0599975585937,79.0899963378906,69.6409072875976,4062700,Baxter International,United States,BAX,2019-03-27,Baxter International
2019-03-28,79.2900009155273,79.8499984741211,78.9000015258789,79.6900024414062,70.1692276000976,3170100,Baxter International,United States,BAX,2019-03-28,Baxter International
2019-03-29,80.0,81.4199981689453,79.9899978637695,81.3099975585937,71.5956726074218,4078700,Baxter International,United States,BAX,2019-03-29,Baxter International
2019-04-01,81.8899993896484,82.25,80.9800033569336,81.7699966430664,72.0007247924804,3661300,Baxter International,United States,BAX,2019-04-01,Baxter International
2019-04-02,81.8499984741211,81.8499984741211,80.870002746582,81.5400009155273,71.7982177734375,2412200,Baxter International,United States,BAX,2019-04-02,Baxter International
2019-04-03,81.870002746582,81.9499969482421,80.5999984741211,80.870002746582,71.2082443237304,4269700,Baxter International,United States,BAX,2019-04-03,Baxter International
2019-04-04,80.5800018310546,80.8300018310546,80.0500030517578,80.5500030517578,70.9264831542968,2246700,Baxter International,United States,BAX,2019-04-04,Baxter International
2019-04-05,80.5199966430664,80.9499969482421,80.0899963378906,80.6699981689453,71.0321197509765,2061900,Baxter International,United States,BAX,2019-04-05,Baxter International
2019-04-08,79.8000030517578,80.2200012207031,79.0,79.6600036621093,70.1428298950195,3637800,Baxter International,United States,BAX,2019-04-08,Baxter International
2019-04-09,79.4700012207031,80.5199966430664,79.4199981689453,80.0699996948242,70.5038146972656,1966600,Baxter International,United States,BAX,2019-04-09,Baxter International
2019-04-10,80.0100021362304,80.5599975585937,79.9599990844726,80.1600036621093,70.5830917358398,1807300,Baxter International,United States,BAX,2019-04-10,Baxter International
2019-04-11,80.4499969482421,80.4499969482421,79.3199996948242,79.8300018310546,70.2925033569336,1909600,Baxter International,United States,BAX,2019-04-11,Baxter International
2019-04-12,80.0199966430664,80.120002746582,79.0500030517578,79.3199996948242,69.8434295654296,2226200,Baxter International,United States,BAX,2019-04-12,Baxter International
2019-04-15,79.5800018310546,79.9499969482421,79.2200012207031,79.6100006103515,70.0987777709961,1846300,Baxter International,United States,BAX,2019-04-15,Baxter International
2019-04-16,80.0,80.2600021362304,77.4199981689453,77.620002746582,68.3465118408203,2384400,Baxter International,United States,BAX,2019-04-16,Baxter International
2019-04-17,77.6800003051757,77.6900024414062,73.9800033569336,74.3899993896484,65.50244140625,5641700,Baxter International,United States,BAX,2019-04-17,Baxter International
2019-04-18,74.5899963378906,74.8600006103515,73.3799972534179,74.3300018310546,65.4496154785156,4054400,Baxter International,United States,BAX,2019-04-18,Baxter International
2019-04-22,74.0800018310546,75.5400009155273,74.0299987792968,75.25,66.2597045898437,3086400,Baxter International,United States,BAX,2019-04-22,Baxter International
2019-04-23,75.6900024414062,76.870002746582,75.3199996948242,76.3399963378906,67.2194595336914,3411800,Baxter International,United States,BAX,2019-04-23,Baxter International
2019-04-24,76.1800003051757,77.0100021362304,75.9800033569336,76.2799987792968,67.166633605957,4393700,Baxter International,United States,BAX,2019-04-24,Baxter International
2019-04-25,74.9300003051757,76.4199981689453,74.0500030517578,76.25,67.1402053833007,6132900,Baxter International,United States,BAX,2019-04-25,Baxter International
2019-04-26,76.1600036621093,76.4499969482421,74.8600006103515,76.1800003051757,67.0785751342773,2408000,Baxter International,United States,BAX,2019-04-26,Baxter International
2019-04-29,76.1800003051757,76.1800003051757,74.9700012207031,75.5100021362304,66.4886169433593,2390300,Baxter International,United States,BAX,2019-04-29,Baxter International
2019-04-30,75.6999969482421,76.4499969482421,75.2300033569336,76.3000030517578,67.1842575073242,2877900,Baxter International,United States,BAX,2019-04-30,Baxter International
2019-05-01,76.1999969482421,76.2900009155273,75.2099990844726,75.4499969482421,66.435806274414,1782800,Baxter International,United States,BAX,2019-05-01,Baxter International
2019-05-02,75.5100021362304,76.7699966430664,75.3899993896484,76.2900009155273,67.1754455566406,2453300,Baxter International,United States,BAX,2019-05-02,Baxter International
2019-05-03,76.7600021362304,77.5800018310546,76.6299972534179,77.3000030517578,68.0647659301757,2539200,Baxter International,United States,BAX,2019-05-03,Baxter International
2019-05-06,76.0699996948242,77.5299987792968,75.7900009155273,77.3199996948242,68.0823822021484,2489500,Baxter International,United States,BAX,2019-05-06,Baxter International
2019-05-07,76.8099975585937,77.2900009155273,76.0,76.6900024414062,67.5276412963867,2403500,Baxter International,United States,BAX,2019-05-07,Baxter International
2019-05-08,76.7200012207031,77.0800018310546,76.2399978637695,76.6900024414062,67.5276412963867,1637900,Baxter International,United States,BAX,2019-05-08,Baxter International
2019-05-09,75.870002746582,76.2399978637695,75.0100021362304,76.0,66.9200973510742,2376400,Baxter International,United States,BAX,2019-05-09,Baxter International
2019-05-10,75.6600036621093,76.3099975585937,74.0400009155273,75.9400024414062,66.8672332763671,3406700,Baxter International,United States,BAX,2019-05-10,Baxter International
2019-05-13,75.2200012207031,75.9000015258789,74.9499969482421,75.4400024414062,66.4269866943359,1930900,Baxter International,United States,BAX,2019-05-13,Baxter International
2019-05-14,75.6800003051757,76.4700012207031,75.5,75.8799972534179,66.8144073486328,2315100,Baxter International,United States,BAX,2019-05-14,Baxter International
2019-05-15,75.5100021362304,76.1100006103515,75.0599975585937,75.9400024414062,66.8672332763671,2511800,Baxter International,United States,BAX,2019-05-15,Baxter International
2019-05-16,76.0299987792968,77.2099990844726,75.9000015258789,76.9000015258789,67.7125625610351,2544600,Baxter International,United States,BAX,2019-05-16,Baxter International
2019-05-17,76.1800003051757,77.1500015258789,75.8199996948242,75.9800033569336,66.9025039672851,2349100,Baxter International,United States,BAX,2019-05-17,Baxter International
2019-05-20,75.7200012207031,75.9700012207031,74.9199981689453,75.3199996948242,66.3213348388671,2281400,Baxter International,United States,BAX,2019-05-20,Baxter International
2019-05-21,75.7799987792968,76.1699981689453,75.1900024414062,75.3000030517578,66.3037033081054,2649300,Baxter International,United States,BAX,2019-05-21,Baxter International
2019-05-22,75.1500015258789,75.7900009155273,74.9700012207031,75.5699996948242,66.5414505004882,2429100,Baxter International,United States,BAX,2019-05-22,Baxter International
2019-05-23,75.3499984741211,75.5199966430664,74.5,75.0299987792968,66.0659637451171,1480800,Baxter International,United States,BAX,2019-05-23,Baxter International
2019-05-24,75.2099990844726,75.5400009155273,74.8899993896484,75.0999984741211,66.1275939941406,1641900,Baxter International,United States,BAX,2019-05-24,Baxter International
2019-05-28,75.1800003051757,75.8499984741211,74.0,74.1800003051757,65.3175277709961,2609400,Baxter International,United States,BAX,2019-05-28,Baxter International
2019-05-29,74.0,74.1999969482421,73.3799972534179,73.8399963378906,65.0181579589843,1437200,Baxter International,United States,BAX,2019-05-29,Baxter International
2019-05-30,74.0500030517578,74.6699981689453,73.8799972534179,74.370002746582,65.4848175048828,2104100,Baxter International,United States,BAX,2019-05-30,Baxter International
2019-05-31,73.0699996948242,73.8099975585937,72.4199981689453,73.4400024414062,64.6659317016601,2825500,Baxter International,United States,BAX,2019-05-31,Baxter International
2019-06-03,73.6699981689453,74.7200012207031,73.4499969482421,73.9599990844726,65.1238021850586,3111900,Baxter International,United States,BAX,2019-06-03,Baxter International
2019-06-04,74.7799987792968,76.4599990844726,74.3300018310546,76.2099990844726,67.1049880981445,3890500,Baxter International,United States,BAX,2019-06-04,Baxter International
2019-06-05,76.75,77.5999984741211,76.5599975585937,76.9899978637695,67.7918014526367,3195700,Baxter International,United States,BAX,2019-06-05,Baxter International
2019-06-06,76.7699966430664,77.370002746582,76.4100036621093,76.8499984741211,67.8624420166015,2378900,Baxter International,United States,BAX,2019-06-06,Baxter International
2019-06-07,77.3600006103515,78.1299972534179,77.2900009155273,77.5800018310546,68.507080078125,2441500,Baxter International,United States,BAX,2019-06-07,Baxter International
2019-06-10,78.0599975585937,78.4400024414062,77.870002746582,78.1699981689453,69.028091430664,1386000,Baxter International,United States,BAX,2019-06-10,Baxter International
2019-06-11,78.5,78.7799987792968,76.9300003051757,77.6500015258789,68.5688781738281,1594200,Baxter International,United States,BAX,2019-06-11,Baxter International
2019-06-12,77.7300033569336,78.25,77.5899963378906,77.9700012207031,68.8514633178711,1721900,Baxter International,United States,BAX,2019-06-12,Baxter International
2019-06-13,78.2099990844726,78.2799987792968,77.5,78.2099990844726,69.0634078979492,1833000,Baxter International,United States,BAX,2019-06-13,Baxter International
2019-06-14,78.4599990844726,78.9199981689453,77.8000030517578,77.9300003051757,68.8161544799804,1580700,Baxter International,United States,BAX,2019-06-14,Baxter International
2019-06-17,77.9400024414062,79.0400009155273,77.8499984741211,78.8499984741211,69.6285324096679,2010900,Baxter International,United States,BAX,2019-06-17,Baxter International
2019-06-18,79.6100006103515,80.6299972534179,79.1299972534179,80.5599975585937,71.1385803222656,3411800,Baxter International,United States,BAX,2019-06-18,Baxter International
2019-06-19,80.4599990844726,81.4100036621093,79.9400024414062,81.3099975585937,71.8008651733398,2108100,Baxter International,United States,BAX,2019-06-19,Baxter International
2019-06-20,81.9499969482421,82.8000030517578,81.3499984741211,82.0400009155273,72.4454803466796,2845500,Baxter International,United States,BAX,2019-06-20,Baxter International
2019-06-21,82.1699981689453,82.7200012207031,81.2099990844726,82.4100036621093,72.772216796875,3514300,Baxter International,United States,BAX,2019-06-21,Baxter International
2019-06-24,82.4700012207031,82.6399993896484,81.8799972534179,82.2699966430664,72.6485748291015,1617800,Baxter International,United States,BAX,2019-06-24,Baxter International
2019-06-25,82.0,82.6600036621093,81.6699981689453,81.7300033569336,72.1717300415039,1900800,Baxter International,United States,BAX,2019-06-25,Baxter International
2019-06-26,81.6399993896484,81.9400024414062,79.4199981689453,80.620002746582,71.1915588378906,2373100,Baxter International,United States,BAX,2019-06-26,Baxter International
2019-06-27,81.0,81.8600006103515,80.9700012207031,81.6699981689453,72.1187286376953,1629300,Baxter International,United States,BAX,2019-06-27,Baxter International
2019-06-28,81.9899978637695,82.0299987792968,81.3600006103515,81.9000015258789,72.3218536376953,5095100,Baxter International,United States,BAX,2019-06-28,Baxter International
2019-07-01,82.7399978637695,82.7699966430664,81.0999984741211,81.4300003051757,71.9068145751953,2254100,Baxter International,United States,BAX,2019-07-01,Baxter International
2019-07-02,81.6699981689453,81.7399978637695,80.8300018310546,81.7099990844726,72.1540603637695,1826700,Baxter International,United States,BAX,2019-07-02,Baxter International
2019-07-03,82.0999984741211,82.4899978637695,81.6100006103515,82.0699996948242,72.4719696044921,1072900,Baxter International,United States,BAX,2019-07-03,Baxter International
2019-07-05,81.620002746582,82.1399993896484,81.3000030517578,82.0100021362304,72.4189758300781,1296800,Baxter International,United States,BAX,2019-07-05,Baxter International
2019-07-08,81.8499984741211,81.9899978637695,81.1900024414062,81.5800018310546,72.0392761230468,1807000,Baxter International,United States,BAX,2019-07-08,Baxter International
2019-07-09,81.4499969482421,82.5,81.1399993896484,81.4000015258789,71.8803329467773,1835200,Baxter International,United States,BAX,2019-07-09,Baxter International
2019-07-10,81.6600036621093,82.7099990844726,81.4700012207031,82.120002746582,72.5161361694336,2758600,Baxter International,United States,BAX,2019-07-10,Baxter International
2019-07-11,82.5999984741211,82.8499984741211,81.6600036621093,82.5299987792968,72.8781967163086,1988300,Baxter International,United States,BAX,2019-07-11,Baxter International
2019-07-12,82.4800033569336,82.6299972534179,81.3000030517578,81.6500015258789,72.10107421875,1147500,Baxter International,United States,BAX,2019-07-12,Baxter International
2019-07-15,81.7799987792968,82.1800003051757,81.2600021362304,82.0100021362304,72.4189758300781,1732800,Baxter International,United States,BAX,2019-07-15,Baxter International
2019-07-16,82.1800003051757,82.7600021362304,81.8099975585937,82.0699996948242,72.4719696044921,2092600,Baxter International,United States,BAX,2019-07-16,Baxter International
2019-07-17,82.5,82.7300033569336,81.8600006103515,82.6500015258789,72.9841384887695,2427700,Baxter International,United States,BAX,2019-07-17,Baxter International
2019-07-18,82.5,83.9300003051757,82.3300018310546,83.0800018310546,73.3638305664062,3647900,Baxter International,United States,BAX,2019-07-18,Baxter International
2019-07-19,83.4100036621093,83.7900009155273,82.5699996948242,83.0999984741211,73.3814849853515,2838700,Baxter International,United States,BAX,2019-07-19,Baxter International
2019-07-22,83.3199996948242,83.3899993896484,82.5299987792968,82.6900024414062,73.0194702148437,1633600,Baxter International,United States,BAX,2019-07-22,Baxter International
2019-07-23,82.8399963378906,83.5599975585937,82.5599975585937,83.3000030517578,73.5581283569336,1741400,Baxter International,United States,BAX,2019-07-23,Baxter International
2019-07-24,83.5500030517578,84.0800018310546,83.0999984741211,83.9300003051757,74.1144485473632,2843600,Baxter International,United States,BAX,2019-07-24,Baxter International
2019-07-25,85.1600036621093,86.120002746582,83.8099975585937,85.1600036621093,75.2005996704101,4909900,Baxter International,United States,BAX,2019-07-25,Baxter International
2019-07-26,85.7900009155273,86.6500015258789,84.0899963378906,85.1500015258789,75.191780090332,2545100,Baxter International,United States,BAX,2019-07-26,Baxter International
2019-07-29,85.1999969482421,86.0199966430664,85.1600036621093,85.9700012207031,75.9158706665039,1987900,Baxter International,United States,BAX,2019-07-29,Baxter International
2019-07-30,85.4599990844726,86.2799987792968,85.3300018310546,86.1600036621093,76.0836486816406,2028600,Baxter International,United States,BAX,2019-07-30,Baxter International
2019-07-31,85.8899993896484,86.0999984741211,83.2900009155273,83.9700012207031,74.1497802734375,2768800,Baxter International,United States,BAX,2019-07-31,Baxter International
2019-08-01,84.2099990844726,86.1500015258789,84.1299972534179,85.0800018310546,75.1299591064453,2164600,Baxter International,United States,BAX,2019-08-01,Baxter International
2019-08-02,84.7699966430664,85.4400024414062,83.7699966430664,84.6999969482421,74.7943954467773,1573800,Baxter International,United States,BAX,2019-08-02,Baxter International
2019-08-05,83.6900024414062,84.0,81.2099990844726,81.9100036621093,72.3306808471679,2305000,Baxter International,United States,BAX,2019-08-05,Baxter International
2019-08-06,82.3799972534179,83.4300003051757,81.6600036621093,83.4100036621093,73.6552658081054,1781700,Baxter International,United States,BAX,2019-08-06,Baxter International
2019-08-07,82.5899963378906,83.9400024414062,81.5899963378906,83.8199996948242,74.0173110961914,1689100,Baxter International,United States,BAX,2019-08-07,Baxter International
2019-08-08,83.7699966430664,85.8000030517578,83.6399993896484,85.7399978637695,75.7127685546875,2310800,Baxter International,United States,BAX,2019-08-08,Baxter International
2019-08-09,85.75,86.6800003051757,85.4800033569336,85.9700012207031,75.9158706665039,2132800,Baxter International,United States,BAX,2019-08-09,Baxter International
2019-08-12,85.8799972534179,86.8099975585937,85.3899993896484,85.5999984741211,75.5891189575195,2115400,Baxter International,United States,BAX,2019-08-12,Baxter International
2019-08-13,86.0,88.2799987792968,85.7900009155273,88.1800003051757,77.8674087524414,3379000,Baxter International,United States,BAX,2019-08-13,Baxter International
2019-08-14,87.0100021362304,87.3499984741211,85.7799987792968,85.8399963378906,75.8010864257812,2448700,Baxter International,United States,BAX,2019-08-14,Baxter International
2019-08-15,86.1399993896484,87.0699996948242,85.4499969482421,85.7799987792968,75.7480697631836,2720400,Baxter International,United States,BAX,2019-08-15,Baxter International
2019-08-16,86.3099975585937,87.4100036621093,86.0999984741211,86.9700012207031,76.7989044189453,1583100,Baxter International,United States,BAX,2019-08-16,Baxter International
2019-08-19,87.7099990844726,88.2300033569336,87.3099975585937,87.870002746582,77.5936584472656,1339200,Baxter International,United States,BAX,2019-08-19,Baxter International
2019-08-20,88.1800003051757,88.4800033569336,86.9300003051757,86.9700012207031,76.7989044189453,1665600,Baxter International,United States,BAX,2019-08-20,Baxter International
2019-08-21,87.4000015258789,87.8099975585937,87.1399993896484,87.3099975585937,77.0991592407226,1405200,Baxter International,United States,BAX,2019-08-21,Baxter International
2019-08-22,87.3399963378906,87.7900009155273,86.6399993896484,87.2099990844726,77.0108566284179,1485400,Baxter International,United States,BAX,2019-08-22,Baxter International
2019-08-23,87.25,87.3399963378906,84.620002746582,85.0299987792968,75.0858001708984,1809000,Baxter International,United States,BAX,2019-08-23,Baxter International
2019-08-26,85.7799987792968,86.0199966430664,84.9899978637695,85.7699966430664,75.7392578125,1918800,Baxter International,United States,BAX,2019-08-26,Baxter International
2019-08-27,86.0199966430664,87.0500030517578,85.7600021362304,86.3899993896484,76.286750793457,1891900,Baxter International,United States,BAX,2019-08-27,Baxter International
2019-08-28,86.0800018310546,87.2600021362304,86.0199966430664,86.9300003051757,76.7636108398437,1285400,Baxter International,United States,BAX,2019-08-28,Baxter International
2019-08-29,87.4499969482421,87.7200012207031,86.4599990844726,87.5,77.4629516601562,1163400,Baxter International,United States,BAX,2019-08-29,Baxter International
2019-08-30,88.0199966430664,88.2099990844726,87.3300018310546,87.9499969482421,77.8613586425781,3789700,Baxter International,United States,BAX,2019-08-30,Baxter International
2019-09-03,87.620002746582,88.0,86.9700012207031,87.7799987792968,77.7108535766601,3392400,Baxter International,United States,BAX,2019-09-03,Baxter International
2019-09-04,88.3899993896484,88.4100036621093,87.0,87.5,77.4629516601562,1653000,Baxter International,United States,BAX,2019-09-04,Baxter International
2019-09-05,88.120002746582,88.3300018310546,87.4199981689453,87.9100036621093,77.825942993164,1930800,Baxter International,United States,BAX,2019-09-05,Baxter International
2019-09-06,88.5,89.9300003051757,88.2300033569336,89.7799987792968,79.4814300537109,2994600,Baxter International,United States,BAX,2019-09-06,Baxter International
2019-09-09,89.6600036621093,89.8099975585937,87.0400009155273,87.1999969482421,77.1973724365234,2838000,Baxter International,United States,BAX,2019-09-09,Baxter International
2019-09-10,86.7600021362304,87.2300033569336,84.4599990844726,85.9100036621093,76.0553588867187,3847500,Baxter International,United States,BAX,2019-09-10,Baxter International
2019-09-11,85.7200012207031,87.6999969482421,85.7200012207031,86.7099990844726,76.7635955810546,2585300,Baxter International,United States,BAX,2019-09-11,Baxter International
2019-09-12,87.3000030517578,88.2200012207031,87.0999984741211,87.8199996948242,77.7462997436523,1948500,Baxter International,United States,BAX,2019-09-12,Baxter International
2019-09-13,87.7600021362304,88.2200012207031,86.7600021362304,86.9300003051757,76.9583663940429,1869200,Baxter International,United States,BAX,2019-09-13,Baxter International
2019-09-16,86.5599975585937,87.7200012207031,86.5500030517578,86.9199981689453,76.9494934082031,1765500,Baxter International,United States,BAX,2019-09-16,Baxter International
2019-09-17,87.2200012207031,88.2300033569336,86.5100021362304,87.5699996948242,77.5249481201171,1960200,Baxter International,United States,BAX,2019-09-17,Baxter International
2019-09-18,87.6900024414062,88.2099990844726,86.7900009155273,87.4400024414062,77.4098663330078,1807200,Baxter International,United States,BAX,2019-09-18,Baxter International
2019-09-19,87.3799972534179,88.1800003051757,87.1399993896484,87.4599990844726,77.4275588989257,1683400,Baxter International,United States,BAX,2019-09-19,Baxter International
2019-09-20,87.6999969482421,88.4100036621093,87.0999984741211,87.4000015258789,77.3744583129882,10427500,Baxter International,United States,BAX,2019-09-20,Baxter International
2019-09-23,87.3799972534179,87.5599975585937,86.5999984741211,86.8399963378906,76.878677368164,3625100,Baxter International,United States,BAX,2019-09-23,Baxter International
2019-09-24,87.0,87.6800003051757,85.9599990844726,86.4499969482421,76.5334091186523,2675300,Baxter International,United States,BAX,2019-09-24,Baxter International
2019-09-25,86.3499984741211,86.9000015258789,86.25,86.8000030517578,76.8432540893554,1883300,Baxter International,United States,BAX,2019-09-25,Baxter International
2019-09-26,87.3600006103515,87.9700012207031,87.1100006103515,87.7300033569336,77.6665954589843,2657800,Baxter International,United States,BAX,2019-09-26,Baxter International
2019-09-27,87.9199981689453,87.9199981689453,85.7099990844726,85.9300003051757,76.0730743408203,2169800,Baxter International,United States,BAX,2019-09-27,Baxter International
2019-09-30,86.1500015258789,87.8899993896484,86.0899963378906,87.4700012207031,77.4364166259765,2801100,Baxter International,United States,BAX,2019-09-30,Baxter International
2019-10-01,87.6399993896484,87.9400024414062,85.8199996948242,85.9100036621093,76.0553588867187,1991500,Baxter International,United States,BAX,2019-10-01,Baxter International
2019-10-02,85.5199966430664,85.7600021362304,83.7600021362304,84.2300033569336,74.5680694580078,2129100,Baxter International,United States,BAX,2019-10-02,Baxter International
2019-10-03,84.0,85.5400009155273,83.4800033569336,85.2399978637695,75.4622268676757,3113100,Baxter International,United States,BAX,2019-10-03,Baxter International
2019-10-04,85.8199996948242,86.6800003051757,85.4899978637695,86.6399993896484,76.7016220092773,1319300,Baxter International,United States,BAX,2019-10-04,Baxter International
2019-10-07,86.2300033569336,86.5,85.7600021362304,85.7900009155273,75.9491195678711,1205200,Baxter International,United States,BAX,2019-10-07,Baxter International
2019-10-08,85.3199996948242,86.0,84.6800003051757,85.0100021362304,75.2585830688476,2497900,Baxter International,United States,BAX,2019-10-08,Baxter International
2019-10-09,85.7900009155273,87.1800003051757,85.7900009155273,86.9000015258789,76.9318084716796,2214200,Baxter International,United States,BAX,2019-10-09,Baxter International
2019-10-10,86.370002746582,87.9899978637695,86.370002746582,87.6100006103515,77.5603790283203,2691400,Baxter International,United States,BAX,2019-10-10,Baxter International
2019-10-11,88.5,89.0,87.8799972534179,88.0299987792968,77.9321823120117,2283400,Baxter International,United States,BAX,2019-10-11,Baxter International
2019-10-14,88.0,88.3099975585937,87.1299972534179,87.1999969482421,77.1973724365234,1632100,Baxter International,United States,BAX,2019-10-14,Baxter International
2019-10-15,87.6699981689453,87.9599990844726,87.0199966430664,87.7399978637695,77.675422668457,1350200,Baxter International,United States,BAX,2019-10-15,Baxter International
2019-10-16,87.25,88.0599975585937,86.370002746582,87.0199966430664,77.0380477905273,2301700,Baxter International,United States,BAX,2019-10-16,Baxter International
2019-10-17,87.5,88.1500015258789,87.1699981689453,87.8499984741211,77.7728118896484,1529200,Baxter International,United States,BAX,2019-10-17,Baxter International
2019-10-18,87.6299972534179,88.2699966430664,87.5,87.9899978637695,77.8967742919921,1769400,Baxter International,United States,BAX,2019-10-18,Baxter International
2019-10-21,88.4800033569336,89.0999984741211,88.3600006103515,88.4499969482421,78.3040008544921,1694200,Baxter International,United States,BAX,2019-10-21,Baxter International
2019-10-22,88.5800018310546,88.7099990844726,86.9899978637695,87.0400009155273,77.0557403564453,1475400,Baxter International,United States,BAX,2019-10-22,Baxter International
2019-10-23,87.2900009155273,88.3399963378906,87.2900009155273,87.9499969482421,77.8613586425781,2784800,Baxter International,United States,BAX,2019-10-23,Baxter International
2019-10-24,79.5,82.1699981689453,77.0299987792968,79.0800018310546,70.0088195800781,12806500,Baxter International,United States,BAX,2019-10-24,Baxter International
2019-10-25,77.1399993896484,77.9700012207031,75.6699981689453,77.2799987792968,68.415298461914,9896900,Baxter International,United States,BAX,2019-10-25,Baxter International
2019-10-28,77.3499984741211,78.9199981689453,77.0100021362304,77.8499984741211,68.9199142456054,3658800,Baxter International,United States,BAX,2019-10-28,Baxter International
2019-10-29,77.7600021362304,78.3199996948242,77.0599975585937,77.8600006103515,68.9287567138671,2965900,Baxter International,United States,BAX,2019-10-29,Baxter International
2019-10-30,77.9300003051757,77.9800033569336,76.2300033569336,76.8799972534179,68.0611877441406,5089500,Baxter International,United States,BAX,2019-10-30,Baxter International
2019-10-31,76.870002746582,77.0400009155273,76.4199981689453,76.6999969482421,67.9018173217773,4535700,Baxter International,United States,BAX,2019-10-31,Baxter International
2019-11-01,77.120002746582,78.3899993896484,77.0400009155273,77.9100036621093,68.9730682373046,5046700,Baxter International,United States,BAX,2019-11-01,Baxter International
2019-11-04,78.2099990844726,78.4899978637695,77.1299972534179,77.8300018310546,68.9021987915039,3026000,Baxter International,United States,BAX,2019-11-04,Baxter International
2019-11-05,78.0400009155273,78.0400009155273,77.1100006103515,77.4800033569336,68.5923614501953,2638000,Baxter International,United States,BAX,2019-11-05,Baxter International
2019-11-06,77.5599975585937,78.6299972534179,77.3199996948242,78.370002746582,69.3802642822265,3214900,Baxter International,United States,BAX,2019-11-06,Baxter International
2019-11-07,77.9499969482421,78.3099975585937,77.5,78.0,69.0526962280273,3535500,Baxter International,United States,BAX,2019-11-07,Baxter International
2019-11-08,77.7799987792968,78.6699981689453,77.6800003051757,78.5100021362304,69.5042037963867,3037500,Baxter International,United States,BAX,2019-11-08,Baxter International
2019-11-11,78.3199996948242,79.3499984741211,78.1999969482421,78.8600006103515,69.8140563964843,3040500,Baxter International,United States,BAX,2019-11-11,Baxter International
2019-11-12,79.2300033569336,80.8499984741211,79.0,80.0999984741211,70.9118118286132,4688100,Baxter International,United States,BAX,2019-11-12,Baxter International
2019-11-13,80.8000030517578,81.1299972534179,80.1299972534179,80.8799972534179,71.6023559570312,3788300,Baxter International,United States,BAX,2019-11-13,Baxter International
2019-11-14,80.7200012207031,81.0100021362304,80.4300003051757,80.7399978637695,71.4784240722656,1995300,Baxter International,United States,BAX,2019-11-14,Baxter International
2019-11-15,80.5400009155273,81.5100021362304,80.5400009155273,81.4400024414062,72.0981292724609,2030400,Baxter International,United States,BAX,2019-11-15,Baxter International
2019-11-18,81.2399978637695,81.8799972534179,80.8499984741211,81.120002746582,71.814826965332,2556100,Baxter International,United States,BAX,2019-11-18,Baxter International
2019-11-19,81.2099990844726,81.9300003051757,80.7399978637695,81.6699981689453,72.3017044067382,2310700,Baxter International,United States,BAX,2019-11-19,Baxter International
2019-11-20,81.4599990844726,82.2399978637695,81.3499984741211,82.0,72.5938720703125,3250900,Baxter International,United States,BAX,2019-11-20,Baxter International
2019-11-21,81.8499984741211,82.4300003051757,81.3300018310546,82.25,72.8152084350586,2243900,Baxter International,United States,BAX,2019-11-21,Baxter International
2019-11-22,82.0299987792968,82.25,81.6399993896484,82.0199966430664,72.6115570068359,3072500,Baxter International,United States,BAX,2019-11-22,Baxter International
2019-11-25,82.5400009155273,82.7399978637695,81.870002746582,82.0400009155273,72.629280090332,2271100,Baxter International,United States,BAX,2019-11-25,Baxter International
2019-11-26,82.1500015258789,82.8300018310546,81.8300018310546,82.0100021362304,72.6027145385742,3778900,Baxter International,United States,BAX,2019-11-26,Baxter International
2019-11-27,81.9100036621093,82.620002746582,81.75,82.4599990844726,73.0010986328125,1374800,Baxter International,United States,BAX,2019-11-27,Baxter International
2019-11-29,82.2099990844726,82.870002746582,81.9000015258789,81.9700012207031,72.5673217773437,854300,Baxter International,United States,BAX,2019-11-29,Baxter International
2019-12-02,82.0999984741211,82.4199981689453,81.1500015258789,81.8600006103515,72.4699172973632,1929500,Baxter International,United States,BAX,2019-12-02,Baxter International
2019-12-03,81.3000030517578,81.6100006103515,80.5199966430664,81.0100021362304,71.7174301147461,1657600,Baxter International,United States,BAX,2019-12-03,Baxter International
2019-12-04,81.1800003051757,82.6100006103515,81.1800003051757,82.4300003051757,72.9745559692382,1928100,Baxter International,United States,BAX,2019-12-04,Baxter International
2019-12-05,82.2399978637695,82.6699981689453,81.6399993896484,82.4800033569336,73.2142105102539,1454700,Baxter International,United States,BAX,2019-12-05,Baxter International
2019-12-06,82.8099975585937,83.5299987792968,82.7699966430664,83.1699981689453,73.8267059326171,2005500,Baxter International,United States,BAX,2019-12-06,Baxter International
2019-12-09,83.1299972534179,83.1299972534179,81.4000015258789,81.5500030517578,72.388687133789,2988400,Baxter International,United States,BAX,2019-12-09,Baxter International
2019-12-10,80.8199996948242,82.5100021362304,80.6299972534179,82.2900009155273,73.0455551147461,3200500,Baxter International,United States,BAX,2019-12-10,Baxter International
2019-12-11,82.4499969482421,83.1299972534179,82.0599975585937,83.0100021362304,73.6846847534179,2939200,Baxter International,United States,BAX,2019-12-11,Baxter International
2019-12-12,83.1500015258789,83.8099975585937,82.7399978637695,83.5100021362304,74.1285018920898,2319600,Baxter International,United States,BAX,2019-12-12,Baxter International
2019-12-13,83.6399993896484,84.0400009155273,83.1800003051757,83.9599990844726,74.5279388427734,1836600,Baxter International,United States,BAX,2019-12-13,Baxter International
2019-12-16,84.5199966430664,84.6900024414062,83.6800003051757,83.8600006103515,74.4391784667968,2870200,Baxter International,United States,BAX,2019-12-16,Baxter International
2019-12-17,82.6800003051757,83.2699966430664,81.2799987792968,83.25,73.897705078125,3486000,Baxter International,United States,BAX,2019-12-17,Baxter International
2019-12-18,83.3300018310546,83.7600021362304,82.9899978637695,83.6600036621093,74.2616500854492,3911300,Baxter International,United States,BAX,2019-12-18,Baxter International
2019-12-19,83.6100006103515,83.6800003051757,82.0999984741211,82.2200012207031,72.9834289550781,2814900,Baxter International,United States,BAX,2019-12-19,Baxter International
2019-12-20,82.5,82.9700012207031,82.25,82.4899978637695,73.2231063842773,3904900,Baxter International,United States,BAX,2019-12-20,Baxter International
2019-12-23,82.7900009155273,84.6600036621093,82.5,84.5199966430664,75.0250396728515,2201600,Baxter International,United States,BAX,2019-12-23,Baxter International
2019-12-24,84.5199966430664,84.7799987792968,84.1500015258789,84.6900024414062,75.1759414672851,628600,Baxter International,United States,BAX,2019-12-24,Baxter International
2019-12-26,84.8499984741211,84.9100036621093,83.8600006103515,84.3300018310546,74.8563919067382,838600,Baxter International,United States,BAX,2019-12-26,Baxter International
2019-12-27,84.5699996948242,84.5699996948242,83.9300003051757,84.0500030517578,74.6078567504882,798100,Baxter International,United States,BAX,2019-12-27,Baxter International
2019-12-30,84.0999984741211,84.2200012207031,83.0699996948242,83.4300003051757,74.0574874877929,866300,Baxter International,United States,BAX,2019-12-30,Baxter International
2019-12-31,83.3799972534179,83.6600036621093,83.1500015258789,83.620002746582,74.2261428833007,1292700,Baxter International,United States,BAX,2019-12-31,Baxter International
2020-01-02,85.0,85.870002746582,84.1800003051757,85.870002746582,76.2233810424804,2957800,Baxter International,United States,BAX,2020-01-02,Baxter International
2020-01-03,84.4800033569336,85.7600021362304,84.3899993896484,85.5,75.8949432373046,1871700,Baxter International,United States,BAX,2020-01-03,Baxter International
2020-01-06,85.3000030517578,85.5899963378906,84.1500015258789,85.2900009155273,75.7085418701171,3500000,Baxter International,United States,BAX,2020-01-06,Baxter International
2020-01-07,84.7099990844726,85.9300003051757,84.6999969482421,85.4899978637695,75.8860626220703,4803200,Baxter International,United States,BAX,2020-01-07,Baxter International
2020-01-08,85.6100006103515,86.9899978637695,85.5400009155273,86.7300033569336,76.9867782592773,3576600,Baxter International,United States,BAX,2020-01-08,Baxter International
2020-01-09,86.6100006103515,87.0800018310546,85.8600006103515,86.5400009155273,76.8181076049804,2098900,Baxter International,United States,BAX,2020-01-09,Baxter International
2020-01-10,86.9700012207031,87.0500030517578,85.6500015258789,85.9000015258789,76.250015258789,3118900,Baxter International,United States,BAX,2020-01-10,Baxter International
2020-01-13,87.4700012207031,90.3000030517578,87.0999984741211,89.370002746582,79.3301773071289,5007700,Baxter International,United States,BAX,2020-01-13,Baxter International
2020-01-14,88.7600021362304,89.2699966430664,87.8899993896484,89.2099990844726,79.1881561279296,3836300,Baxter International,United States,BAX,2020-01-14,Baxter International
2020-01-15,89.1999969482421,89.9499969482421,88.6900024414062,89.5599975585937,79.4988479614257,2561000,Baxter International,United States,BAX,2020-01-15,Baxter International
2020-01-16,90.0,90.0,89.3199996948242,89.9899978637695,79.8805389404296,2243900,Baxter International,United States,BAX,2020-01-16,Baxter International
2020-01-17,89.8399963378906,89.9300003051757,89.2099990844726,89.7300033569336,79.6497650146484,4474900,Baxter International,United States,BAX,2020-01-17,Baxter International
2020-01-21,89.5199966430664,91.870002746582,89.3099975585937,91.0699996948242,80.8392028808593,4284900,Baxter International,United States,BAX,2020-01-21,Baxter International
2020-01-22,91.6100006103515,91.8600006103515,90.5800018310546,91.1600036621093,80.9191131591796,2815400,Baxter International,United States,BAX,2020-01-22,Baxter International
2020-01-23,91.0299987792968,91.4300003051757,90.5299987792968,91.0999984741211,80.8658447265625,2129400,Baxter International,United States,BAX,2020-01-23,Baxter International
2020-01-24,91.2399978637695,91.4700012207031,90.5100021362304,90.7799987792968,80.5818176269531,1610800,Baxter International,United States,BAX,2020-01-24,Baxter International
2020-01-27,89.6800003051757,90.9599990844726,89.120002746582,90.5299987792968,80.3598709106445,2222400,Baxter International,United States,BAX,2020-01-27,Baxter International
2020-01-28,90.6999969482421,90.9400024414062,90.2600021362304,90.5500030517578,80.3776550292968,1952200,Baxter International,United States,BAX,2020-01-28,Baxter International
2020-01-29,90.7099990844726,91.1699981689453,90.4800033569336,90.5,80.3332443237304,1548200,Baxter International,United States,BAX,2020-01-29,Baxter International
2020-01-30,89.8499984741211,90.6999969482421,89.2699966430664,90.6399993896484,80.4575271606445,1608500,Baxter International,United States,BAX,2020-01-30,Baxter International
2020-01-31,90.2799987792968,90.3199996948242,89.0500030517578,89.2200012207031,79.1970520019531,1796500,Baxter International,United States,BAX,2020-01-31,Baxter International
2020-02-03,89.9800033569336,90.6399993896484,89.6500015258789,89.6900024414062,79.6142425537109,1498500,Baxter International,United States,BAX,2020-02-03,Baxter International
2020-02-04,90.6600036621093,91.620002746582,90.0699996948242,90.870002746582,80.6616973876953,2213300,Baxter International,United States,BAX,2020-02-04,Baxter International
2020-02-05,91.3300018310546,91.6500015258789,90.4499969482421,91.3099975585937,81.0522689819336,3185000,Baxter International,United States,BAX,2020-02-05,Baxter International
2020-02-06,93.9000015258789,95.0,92.75,93.3000030517578,82.8187103271484,3888400,Baxter International,United States,BAX,2020-02-06,Baxter International
2020-02-07,92.7099990844726,92.9599990844726,91.1800003051757,91.25,80.9990005493164,2306000,Baxter International,United States,BAX,2020-02-07,Baxter International
2020-02-10,90.6999969482421,91.3899993896484,90.25,91.2799987792968,81.0256195068359,2597700,Baxter International,United States,BAX,2020-02-10,Baxter International
2020-02-11,91.8300018310546,92.3000030517578,91.4199981689453,91.8499984741211,81.5316009521484,1706500,Baxter International,United States,BAX,2020-02-11,Baxter International
2020-02-12,91.8600006103515,92.1900024414062,91.1100006103515,91.4300003051757,81.1587524414062,1590900,Baxter International,United States,BAX,2020-02-12,Baxter International
2020-02-13,91.3600006103515,92.8899993896484,90.9899978637695,92.5699996948242,82.1707305908203,2146100,Baxter International,United States,BAX,2020-02-13,Baxter International
2020-02-14,92.9000015258789,93.4300003051757,91.9000015258789,93.1399993896484,82.6766738891601,1740200,Baxter International,United States,BAX,2020-02-14,Baxter International
2020-02-18,92.5899963378906,92.6500015258789,91.0400009155273,92.2200012207031,81.8600463867187,1820600,Baxter International,United States,BAX,2020-02-18,Baxter International
2020-02-19,92.3600006103515,93.5699996948242,92.2099990844726,93.1600036621093,82.6944427490234,1616300,Baxter International,United States,BAX,2020-02-19,Baxter International
2020-02-20,93.0999984741211,93.5,92.4100036621093,93.0599975585937,82.6056671142578,1778200,Baxter International,United States,BAX,2020-02-20,Baxter International
2020-02-21,92.6699981689453,93.1600036621093,92.2399978637695,92.6699981689453,82.2594604492187,1529500,Baxter International,United States,BAX,2020-02-21,Baxter International
2020-02-24,90.7699966430664,91.3300018310546,89.1900024414062,89.5299987792968,79.4722290039062,2380600,Baxter International,United States,BAX,2020-02-24,Baxter International
2020-02-25,89.8199996948242,90.2300033569336,86.1999969482421,86.9899978637695,77.2175598144531,2620400,Baxter International,United States,BAX,2020-02-25,Baxter International
2020-02-26,87.7900009155273,88.6999969482421,86.8799972534179,87.0299987792968,77.2530517578125,3126900,Baxter International,United States,BAX,2020-02-26,Baxter International
2020-02-27,85.25,87.0199966430664,84.2300033569336,84.2699966430664,74.9927139282226,3004200,Baxter International,United States,BAX,2020-02-27,Baxter International
2020-02-28,81.8099975585937,83.5899963378906,80.5899963378906,83.4700012207031,74.280776977539,4659600,Baxter International,United States,BAX,2020-02-28,Baxter International
2020-03-02,83.370002746582,87.2300033569336,82.9000015258789,87.1800003051757,77.5823211669921,3370100,Baxter International,United States,BAX,2020-03-02,Baxter International
2020-03-03,86.9199981689453,88.9800033569336,84.5599975585937,85.9100036621093,76.4521408081054,3240700,Baxter International,United States,BAX,2020-03-03,Baxter International
2020-03-04,87.2600021362304,91.1399993896484,87.0899963378906,91.0599975585937,81.035171508789,4342500,Baxter International,United States,BAX,2020-03-04,Baxter International
2020-03-05,89.0400009155273,89.9400024414062,86.4199981689453,87.6500015258789,78.0005950927734,3821800,Baxter International,United States,BAX,2020-03-05,Baxter International
2020-03-06,85.0899963378906,86.1900024414062,82.9499969482421,85.3799972534179,75.980484008789,3442800,Baxter International,United States,BAX,2020-03-06,Baxter International
2020-03-09,80.6500015258789,81.7300033569336,78.0999984741211,78.4000015258789,69.7689437866211,4109100,Baxter International,United States,BAX,2020-03-09,Baxter International
2020-03-10,80.5100021362304,83.3099975585937,78.7300033569336,82.9800033569336,73.8447189331054,3490500,Baxter International,United States,BAX,2020-03-10,Baxter International
2020-03-11,80.9199981689453,81.9000015258789,76.3799972534179,77.9700012207031,69.3862915039062,3652900,Baxter International,United States,BAX,2020-03-11,Baxter International
2020-03-12,73.0999984741211,77.2600021362304,71.2799987792968,75.4700012207031,67.1614990234375,6982400,Baxter International,United States,BAX,2020-03-12,Baxter International
2020-03-13,78.5500030517578,81.3199996948242,73.5899963378906,80.9899978637695,72.0737838745117,5774200,Baxter International,United States,BAX,2020-03-13,Baxter International
2020-03-16,72.6600036621093,77.1399993896484,69.0999984741211,71.5699996948242,63.6908454895019,4351900,Baxter International,United States,BAX,2020-03-16,Baxter International
2020-03-17,73.3600006103515,81.2799987792968,72.8799972534179,80.5100021362304,71.6466522216796,5921700,Baxter International,United States,BAX,2020-03-17,Baxter International
2020-03-18,76.1999969482421,85.2200012207031,75.9499969482421,84.5899963378906,75.277473449707,7524300,Baxter International,United States,BAX,2020-03-18,Baxter International
2020-03-19,85.1800003051757,85.1999969482421,77.1600036621093,78.1699981689453,69.5642547607421,6492100,Baxter International,United States,BAX,2020-03-19,Baxter International
2020-03-20,76.8499984741211,78.7399978637695,74.0400009155273,75.75,67.4106826782226,6097400,Baxter International,United States,BAX,2020-03-20,Baxter International
2020-03-23,74.8499984741211,75.0899963378906,69.6900024414062,71.8099975585937,63.9044303894043,4664000,Baxter International,United States,BAX,2020-03-23,Baxter International
2020-03-24,73.0699996948242,75.7300033569336,72.0999984741211,73.9100036621093,65.7732315063476,4685100,Baxter International,United States,BAX,2020-03-24,Baxter International
2020-03-25,72.7799987792968,74.8600006103515,72.2099990844726,73.5699996948242,65.4706497192382,5993700,Baxter International,United States,BAX,2020-03-25,Baxter International
2020-03-26,74.4300003051757,80.7399978637695,73.9100036621093,80.1699981689453,71.3440628051757,4465700,Baxter International,United States,BAX,2020-03-26,Baxter International
2020-03-27,78.0,80.6699981689453,76.370002746582,79.7900009155273,71.0058975219726,4446300,Baxter International,United States,BAX,2020-03-27,Baxter International
2020-03-30,80.870002746582,82.9899978637695,80.3099975585937,82.1900024414062,73.1416854858398,2371200,Baxter International,United States,BAX,2020-03-30,Baxter International
2020-03-31,81.6600036621093,84.3600006103515,80.7600021362304,81.1900024414062,72.2517700195312,2767600,Baxter International,United States,BAX,2020-03-31,Baxter International
2020-04-01,78.7699966430664,80.8499984741211,77.8199996948242,78.6600036621093,70.0002975463867,3017800,Baxter International,United States,BAX,2020-04-01,Baxter International
2020-04-02,78.3499984741211,82.3600006103515,77.9800033569336,82.2200012207031,73.1683731079101,3161100,Baxter International,United States,BAX,2020-04-02,Baxter International
2020-04-03,81.4300003051757,82.6900024414062,80.1999969482421,81.4199981689453,72.4564666748046,3271000,Baxter International,United States,BAX,2020-04-03,Baxter International
2020-04-06,84.0400009155273,85.4300003051757,82.7900009155273,84.9300003051757,75.5800247192382,2874100,Baxter International,United States,BAX,2020-04-06,Baxter International
2020-04-07,86.7399978637695,87.0,82.4800033569336,82.5100021362304,73.4264678955078,2793000,Baxter International,United States,BAX,2020-04-07,Baxter International
2020-04-08,83.0999984741211,85.1800003051757,82.1600036621093,84.4800033569336,75.179573059082,2951500,Baxter International,United States,BAX,2020-04-08,Baxter International
2020-04-09,84.4300003051757,87.8000030517578,83.5,86.8899993896484,77.3242797851562,3891200,Baxter International,United States,BAX,2020-04-09,Baxter International
2020-04-13,85.6100006103515,86.5999984741211,84.5699996948242,86.0,76.5322570800781,2498200,Baxter International,United States,BAX,2020-04-13,Baxter International
2020-04-14,87.8099975585937,88.5800018310546,87.0299987792968,88.25,78.5345382690429,3784200,Baxter International,United States,BAX,2020-04-14,Baxter International
2020-04-15,87.3899993896484,88.3300018310546,86.5199966430664,86.8899993896484,77.3242797851562,2059200,Baxter International,United States,BAX,2020-04-15,Baxter International
2020-04-16,87.7300033569336,90.8600006103515,86.5699996948242,90.5299987792968,80.5635299682617,4647200,Baxter International,United States,BAX,2020-04-16,Baxter International
2020-04-17,91.8300018310546,93.0,91.0800018310546,92.9499969482421,82.7171096801757,2503900,Baxter International,United States,BAX,2020-04-17,Baxter International
2020-04-20,92.9000015258789,95.1900024414062,92.2799987792968,94.1399993896484,83.7761154174804,4202900,Baxter International,United States,BAX,2020-04-20,Baxter International
2020-04-21,92.8199996948242,92.8399963378906,89.9000015258789,90.0999984741211,80.1808853149414,2693100,Baxter International,United States,BAX,2020-04-21,Baxter International
2020-04-22,91.4800033569336,91.4800033569336,89.9800033569336,90.5400009155273,80.5724411010742,3960900,Baxter International,United States,BAX,2020-04-22,Baxter International
2020-04-23,90.870002746582,92.3899993896484,90.0299987792968,91.3199996948242,81.2665634155273,3147400,Baxter International,United States,BAX,2020-04-23,Baxter International
2020-04-24,92.2600021362304,92.9800033569336,90.6100006103515,92.9199981689453,82.6904144287109,2309300,Baxter International,United States,BAX,2020-04-24,Baxter International
2020-04-27,94.0,94.0100021362304,92.4700012207031,92.6699981689453,82.4679260253906,2318400,Baxter International,United States,BAX,2020-04-27,Baxter International
2020-04-28,92.9599990844726,93.0100021362304,90.8399963378906,91.0,80.9818038940429,2174300,Baxter International,United States,BAX,2020-04-28,Baxter International
2020-04-29,91.5500030517578,92.4100036621093,90.5800018310546,91.4899978637695,81.4178390502929,3023000,Baxter International,United States,BAX,2020-04-29,Baxter International
2020-04-30,92.1399993896484,93.2600021362304,88.5299987792968,88.7799987792968,79.0061874389648,3588900,Baxter International,United States,BAX,2020-04-30,Baxter International
2020-05-01,88.5100021362304,88.5100021362304,86.5999984741211,87.8399963378906,78.169677734375,2644900,Baxter International,United States,BAX,2020-05-01,Baxter International
2020-05-04,88.1699981689453,88.3499984741211,86.5699996948242,87.2699966430664,77.6624298095703,2679800,Baxter International,United States,BAX,2020-05-04,Baxter International
2020-05-05,88.2099990844726,89.6800003051757,87.8300018310546,88.7399978637695,78.9706039428711,2571900,Baxter International,United States,BAX,2020-05-05,Baxter International
2020-05-06,89.1299972534179,89.5699996948242,87.870002746582,87.9199981689453,78.2408676147461,1866300,Baxter International,United States,BAX,2020-05-06,Baxter International
2020-05-07,88.8799972534179,89.0299987792968,87.75,88.4400024414062,78.7036056518554,1526400,Baxter International,United States,BAX,2020-05-07,Baxter International
2020-05-08,89.4899978637695,89.6600036621093,87.8300018310546,88.0800018310546,78.3832626342773,1318200,Baxter International,United States,BAX,2020-05-08,Baxter International
2020-05-11,87.7600021362304,89.4499969482421,87.4100036621093,88.9300003051757,79.1396942138671,2401800,Baxter International,United States,BAX,2020-05-11,Baxter International
2020-05-12,89.4100036621093,89.7699966430664,85.8000030517578,85.8899993896484,76.4343566894531,2550700,Baxter International,United States,BAX,2020-05-12,Baxter International
2020-05-13,85.8899993896484,86.9899978637695,84.6100006103515,85.5500030517578,76.1317825317382,3002300,Baxter International,United States,BAX,2020-05-13,Baxter International
2020-05-14,84.4899978637695,87.2399978637695,84.2900009155273,86.9199981689453,77.350959777832,4521900,Baxter International,United States,BAX,2020-05-14,Baxter International
2020-05-15,86.8199996948242,88.3199996948242,85.9499969482421,87.1600036621093,77.5645370483398,3430000,Baxter International,United States,BAX,2020-05-15,Baxter International
2020-05-18,88.4199981689453,89.2399978637695,86.5,86.8199996948242,77.261962890625,4210300,Baxter International,United States,BAX,2020-05-18,Baxter International
2020-05-19,86.6299972534179,87.6699981689453,86.1699981689453,86.5199966430664,76.9949951171875,2393100,Baxter International,United States,BAX,2020-05-19,Baxter International
2020-05-20,87.4300003051757,89.3899993896484,87.0199966430664,87.4199981689453,77.7959213256836,3312100,Baxter International,United States,BAX,2020-05-20,Baxter International
2020-05-21,87.1900024414062,87.5800018310546,85.8199996948242,86.5599975585937,77.0305938720703,1534100,Baxter International,United States,BAX,2020-05-21,Baxter International
2020-05-22,86.8799972534179,87.0999984741211,86.2699966430664,86.9300003051757,77.359878540039,1345300,Baxter International,United States,BAX,2020-05-22,Baxter International
2020-05-26,87.9100036621093,87.9700012207031,85.2900009155273,85.5100021362304,76.0961837768554,3006600,Baxter International,United States,BAX,2020-05-26,Baxter International
2020-05-27,85.1399993896484,86.5,83.6600036621093,86.4400024414062,76.9238052368164,4007700,Baxter International,United States,BAX,2020-05-27,Baxter International
2020-05-28,87.75,88.8000030517578,86.6600036621093,88.1999969482421,78.4900588989257,4514900,Baxter International,United States,BAX,2020-05-28,Baxter International
2020-05-29,88.5999984741211,90.1100006103515,87.8499984741211,90.0100021362304,80.1007766723632,5070300,Baxter International,United States,BAX,2020-05-29,Baxter International
2020-06-01,89.6100006103515,90.9300003051757,89.370002746582,90.3899993896484,80.4389419555664,1768000,Baxter International,United States,BAX,2020-06-01,Baxter International
2020-06-02,90.3000030517578,90.9800033569336,89.7799987792968,90.9800033569336,80.9640045166015,2041600,Baxter International,United States,BAX,2020-06-02,Baxter International
2020-06-03,91.0,91.5800018310546,90.0199966430664,90.4800033569336,80.519058227539,1759400,Baxter International,United States,BAX,2020-06-03,Baxter International
2020-06-04,89.2300033569336,90.0500030517578,88.1699981689453,88.6299972534179,79.0868377685546,1794400,Baxter International,United States,BAX,2020-06-04,Baxter International
2020-06-05,88.9100036621093,89.8899993896484,88.1800003051757,89.1900024414062,79.586555480957,2837100,Baxter International,United States,BAX,2020-06-05,Baxter International
2020-06-08,87.5899963378906,89.1500015258789,86.7399978637695,88.7799987792968,79.220703125,4814000,Baxter International,United States,BAX,2020-06-08,Baxter International
2020-06-09,89.0699996948242,89.4599990844726,87.0100021362304,87.0100021362304,77.6412963867187,2666000,Baxter International,United States,BAX,2020-06-09,Baxter International
2020-06-10,87.4199981689453,87.7600021362304,86.1900024414062,86.8399963378906,77.4895858764648,3076100,Baxter International,United States,BAX,2020-06-10,Baxter International
2020-06-11,86.0,86.2300033569336,83.2399978637695,83.5699996948242,74.5717010498046,4084300,Baxter International,United States,BAX,2020-06-11,Baxter International
2020-06-12,85.3199996948242,85.3399963378906,82.7699966430664,83.9700012207031,74.9286117553711,4703800,Baxter International,United States,BAX,2020-06-12,Baxter International
2020-06-15,82.9499969482421,84.3000030517578,82.4599990844726,83.7799987792968,74.7590637207031,4328700,Baxter International,United States,BAX,2020-06-15,Baxter International
2020-06-16,85.3600006103515,86.0100021362304,83.9199981689453,84.9899978637695,75.8387680053711,3735800,Baxter International,United States,BAX,2020-06-16,Baxter International
2020-06-17,85.3300018310546,85.7900009155273,84.5699996948242,85.0999984741211,75.9369354248046,1992700,Baxter International,United States,BAX,2020-06-17,Baxter International
2020-06-18,84.5100021362304,84.9300003051757,83.5299987792968,83.8499984741211,74.8215560913086,1856800,Baxter International,United States,BAX,2020-06-18,Baxter International
2020-06-19,85.0,85.2900009155273,84.0299987792968,84.4899978637695,75.3926315307617,4432700,Baxter International,United States,BAX,2020-06-19,Baxter International
2020-06-22,84.4199981689453,84.6600036621093,83.370002746582,83.9599990844726,74.919692993164,1932300,Baxter International,United States,BAX,2020-06-22,Baxter International
2020-06-23,84.3399963378906,84.6699981689453,83.3799972534179,83.4899978637695,74.5002899169921,2655400,Baxter International,United States,BAX,2020-06-23,Baxter International
2020-06-24,83.1299972534179,83.4599990844726,81.3499984741211,82.4700012207031,73.5901260375976,3289500,Baxter International,United States,BAX,2020-06-24,Baxter International
2020-06-25,82.5999984741211,85.4800033569336,82.3499984741211,85.3300018310546,76.1421813964843,3941600,Baxter International,United States,BAX,2020-06-25,Baxter International
2020-06-26,85.1900024414062,85.5,83.8099975585937,84.3099975585937,75.2319946289062,3654600,Baxter International,United States,BAX,2020-06-26,Baxter International
2020-06-29,84.8499984741211,84.9599990844726,83.6600036621093,84.2300033569336,75.1606292724609,3412600,Baxter International,United States,BAX,2020-06-29,Baxter International
2020-06-30,84.1600036621093,86.3199996948242,84.0999984741211,86.0999984741211,76.8292617797851,3343700,Baxter International,United States,BAX,2020-06-30,Baxter International
2020-07-01,86.4700012207031,87.6500015258789,86.2399978637695,87.3099975585937,77.9089660644531,2755900,Baxter International,United States,BAX,2020-07-01,Baxter International
2020-07-02,87.6399993896484,87.6600036621093,86.9300003051757,87.2099990844726,77.8197479248046,2536800,Baxter International,United States,BAX,2020-07-02,Baxter International
2020-07-06,87.7699966430664,88.5,87.5599975585937,88.1100006103515,78.6228561401367,2724400,Baxter International,United States,BAX,2020-07-06,Baxter International
2020-07-07,86.7300033569336,87.2300033569336,84.9599990844726,85.5,76.2938919067382,4541600,Baxter International,United States,BAX,2020-07-07,Baxter International
2020-07-08,85.8000030517578,85.9400024414062,83.7300033569336,84.1800003051757,75.1160125732421,3722500,Baxter International,United States,BAX,2020-07-08,Baxter International
2020-07-09,84.1999969482421,86.0100021362304,84.1999969482421,85.6900024414062,76.4634246826171,2445800,Baxter International,United States,BAX,2020-07-09,Baxter International
2020-07-10,85.5400009155273,85.9300003051757,84.7799987792968,85.2300033569336,76.0529403686523,2213300,Baxter International,United States,BAX,2020-07-10,Baxter International
2020-07-13,85.5100021362304,86.0,83.2399978637695,83.4599990844726,74.4735336303711,3028100,Baxter International,United States,BAX,2020-07-13,Baxter International
2020-07-14,82.9700012207031,84.6699981689453,82.8799972534179,84.6500015258789,75.5353775024414,4071100,Baxter International,United States,BAX,2020-07-14,Baxter International
2020-07-15,85.9100036621093,87.5199966430664,85.3799972534179,87.0899963378906,77.712661743164,2587000,Baxter International,United States,BAX,2020-07-15,Baxter International
2020-07-16,87.1100006103515,87.1100006103515,85.5,85.8099975585937,76.5704803466796,1187800,Baxter International,United States,BAX,2020-07-16,Baxter International
2020-07-17,86.3000030517578,87.8000030517578,86.0199966430664,87.5599975585937,78.1320648193359,1980200,Baxter International,United States,BAX,2020-07-17,Baxter International
2020-07-20,87.5100021362304,88.0,86.8499984741211,87.8199996948242,78.3640899658203,1411100,Baxter International,United States,BAX,2020-07-20,Baxter International
2020-07-21,87.9300003051757,88.9300003051757,87.8199996948242,88.6699981689453,79.1225433349609,1528400,Baxter International,United States,BAX,2020-07-21,Baxter International
2020-07-22,88.6699981689453,89.4400024414062,88.25,89.1999969482421,79.5954818725586,1619800,Baxter International,United States,BAX,2020-07-22,Baxter International
2020-07-23,89.0899963378906,90.8099975585937,89.0899963378906,89.4899978637695,79.854248046875,2013500,Baxter International,United States,BAX,2020-07-23,Baxter International
2020-07-24,89.3199996948242,89.4199981689453,88.3300018310546,89.2600021362304,79.6490097045898,2362000,Baxter International,United States,BAX,2020-07-24,Baxter International
2020-07-27,89.3300018310546,90.3600006103515,89.0299987792968,89.2900009155273,79.67578125,1419600,Baxter International,United States,BAX,2020-07-27,Baxter International
2020-07-28,89.370002746582,89.7900009155273,88.870002746582,89.2600021362304,79.6490097045898,1288600,Baxter International,United States,BAX,2020-07-28,Baxter International
2020-07-29,89.4199981689453,91.4499969482421,89.2799987792968,90.7300033569336,80.9607315063476,2220500,Baxter International,United States,BAX,2020-07-29,Baxter International
2020-07-30,85.0,86.1100006103515,82.9199981689453,86.0100021362304,76.7489700317382,8532500,Baxter International,United States,BAX,2020-07-30,Baxter International
2020-07-31,85.6800003051757,86.6399993896484,84.7600021362304,86.3799972534179,77.079116821289,4038200,Baxter International,United States,BAX,2020-07-31,Baxter International
2020-08-03,86.9599990844726,87.120002746582,83.120002746582,83.1600036621093,74.2058486938476,4450800,Baxter International,United States,BAX,2020-08-03,Baxter International
2020-08-04,82.7699966430664,83.2399978637695,80.9300003051757,81.0800018310546,72.3497924804687,5473300,Baxter International,United States,BAX,2020-08-04,Baxter International
2020-08-05,81.4499969482421,82.1100006103515,80.0699996948242,80.4599990844726,71.7965545654296,5130400,Baxter International,United States,BAX,2020-08-05,Baxter International
2020-08-06,80.2099990844726,80.3899993896484,78.6800003051757,80.370002746582,71.7162551879882,5485200,Baxter International,United States,BAX,2020-08-06,Baxter International
2020-08-07,80.4899978637695,81.1100006103515,79.9899978637695,80.7300033569336,72.037483215332,3401000,Baxter International,United States,BAX,2020-08-07,Baxter International
2020-08-10,80.8399963378906,83.3600006103515,80.370002746582,83.0999984741211,74.1522903442382,5767100,Baxter International,United States,BAX,2020-08-10,Baxter International
2020-08-11,83.5,84.2900009155273,82.7200012207031,82.9400024414062,74.0095291137695,3685200,Baxter International,United States,BAX,2020-08-11,Baxter International
2020-08-12,83.1699981689453,83.8199996948242,82.4199981689453,83.4800033569336,74.4913635253906,3170000,Baxter International,United States,BAX,2020-08-12,Baxter International
2020-08-13,83.1800003051757,84.9199981689453,83.1699981689453,84.6399993896484,75.5264739990234,3301000,Baxter International,United States,BAX,2020-08-13,Baxter International
2020-08-14,84.4899978637695,84.7300033569336,83.1800003051757,83.5,74.5092315673828,2757000,Baxter International,United States,BAX,2020-08-14,Baxter International
2020-08-17,83.370002746582,84.4899978637695,83.370002746582,83.6999969482421,74.6876754760742,2583900,Baxter International,United States,BAX,2020-08-17,Baxter International
2020-08-18,84.0,84.5199966430664,83.7799987792968,84.2699966430664,75.196304321289,2289400,Baxter International,United States,BAX,2020-08-18,Baxter International
2020-08-19,84.3300018310546,84.5,82.6600036621093,82.8899993896484,73.9649200439453,3174500,Baxter International,United States,BAX,2020-08-19,Baxter International
2020-08-20,82.5500030517578,83.2399978637695,82.4100036621093,82.8899993896484,73.9649200439453,2391900,Baxter International,United States,BAX,2020-08-20,Baxter International
2020-08-21,83.0,83.1399993896484,82.1299972534179,83.0899963378906,74.1433563232421,2975800,Baxter International,United States,BAX,2020-08-21,Baxter International
2020-08-24,83.5199966430664,83.8899993896484,82.8799972534179,83.8499984741211,74.8215560913086,2642800,Baxter International,United States,BAX,2020-08-24,Baxter International
2020-08-25,83.9800033569336,84.7600021362304,83.8199996948242,84.5999984741211,75.4907836914062,2775900,Baxter International,United States,BAX,2020-08-25,Baxter International
2020-08-26,84.1100006103515,84.4899978637695,83.2600021362304,84.3499984741211,75.2676849365234,2067100,Baxter International,United States,BAX,2020-08-26,Baxter International
2020-08-27,84.5999984741211,86.8899993896484,84.1399993896484,86.2699966430664,76.9809646606445,3252200,Baxter International,United States,BAX,2020-08-27,Baxter International
2020-08-28,86.3899993896484,86.4700012207031,84.8600006103515,86.0299987792968,76.9854431152343,2516400,Baxter International,United States,BAX,2020-08-28,Baxter International
2020-08-31,86.25,87.25,86.1800003051757,87.0699996948242,77.9160995483398,2736900,Baxter International,United States,BAX,2020-08-31,Baxter International
2020-09-01,86.9000015258789,86.9800033569336,84.9700012207031,85.5500030517578,76.5559158325195,3102700,Baxter International,United States,BAX,2020-09-01,Baxter International
2020-09-02,85.7399978637695,86.1600036621093,85.1699981689453,85.9100036621093,76.8780517578125,5148500,Baxter International,United States,BAX,2020-09-02,Baxter International
2020-09-03,85.7699966430664,86.1399993896484,82.7600021362304,83.4700012207031,74.6946105957031,3139700,Baxter International,United States,BAX,2020-09-03,Baxter International
2020-09-04,83.120002746582,83.7799987792968,81.4899978637695,82.3000030517578,73.647590637207,3143800,Baxter International,United States,BAX,2020-09-04,Baxter International
2020-09-08,81.8099975585937,82.3000030517578,80.8499984741211,81.2900009155273,72.743782043457,2819500,Baxter International,United States,BAX,2020-09-08,Baxter International
2020-09-09,82.0100021362304,83.4599990844726,81.7099990844726,82.8600006103515,74.1487274169921,2759800,Baxter International,United States,BAX,2020-09-09,Baxter International
2020-09-10,82.75,83.5599975585937,82.2300033569336,83.1299972534179,74.3903198242187,2620400,Baxter International,United States,BAX,2020-09-10,Baxter International
2020-09-11,83.3600006103515,83.8399963378906,82.4599990844726,83.0999984741211,74.3634643554687,2342900,Baxter International,United States,BAX,2020-09-11,Baxter International
2020-09-14,83.5899963378906,84.6399993896484,83.0800018310546,83.1900024414062,74.4440307617187,1833400,Baxter International,United States,BAX,2020-09-14,Baxter International
2020-09-15,83.6500015258789,83.6500015258789,80.3600006103515,80.5100021362304,72.045783996582,3446600,Baxter International,United States,BAX,2020-09-15,Baxter International
2020-09-16,81.0899963378906,81.9899978637695,80.5199966430664,81.6800003051757,73.0927658081054,3769300,Baxter International,United States,BAX,2020-09-16,Baxter International
2020-09-17,81.0599975585937,82.3899993896484,80.5100021362304,82.3199996948242,73.6654968261718,2607400,Baxter International,United States,BAX,2020-09-17,Baxter International
2020-09-18,82.1600036621093,83.7900009155273,82.1600036621093,82.9700012207031,74.2471694946289,5497500,Baxter International,United States,BAX,2020-09-18,Baxter International
2020-09-21,81.8099975585937,81.8600006103515,79.2399978637695,80.25,71.8131256103515,2721000,Baxter International,United States,BAX,2020-09-21,Baxter International
2020-09-22,80.0999984741211,80.2200012207031,78.0299987792968,79.0500030517578,70.7392654418945,3184400,Baxter International,United States,BAX,2020-09-22,Baxter International
2020-09-23,79.4000015258789,79.870002746582,78.2799987792968,78.3300018310546,70.0949630737304,2028200,Baxter International,United States,BAX,2020-09-23,Baxter International
2020-09-24,78.4000015258789,79.3600006103515,77.7200012207031,78.6999969482421,70.4260711669921,3797400,Baxter International,United States,BAX,2020-09-24,Baxter International
2020-09-25,78.4700012207031,79.9599990844726,78.25,79.6399993896484,71.2672348022461,2231300,Baxter International,United States,BAX,2020-09-25,Baxter International
2020-09-28,80.5599975585937,81.0999984741211,79.3799972534179,79.5400009155273,71.1777572631836,1793200,Baxter International,United States,BAX,2020-09-28,Baxter International
2020-09-29,79.3899993896484,80.4100036621093,79.0199966430664,79.0899963378906,70.7750625610351,3590500,Baxter International,United States,BAX,2020-09-29,Baxter International
2020-09-30,79.4899978637695,81.1999969482421,79.0299987792968,80.4199981689453,71.9652252197265,3055500,Baxter International,United States,BAX,2020-09-30,Baxter International
2020-10-01,82.0199966430664,82.3899993896484,79.4400024414062,79.7200012207031,71.3388366699218,2110300,Baxter International,United States,BAX,2020-10-01,Baxter International
2020-10-02,79.3399963378906,79.9300003051757,78.6399993896484,78.8300018310546,70.5424194335937,1536700,Baxter International,United States,BAX,2020-10-02,Baxter International
2020-10-05,79.1699981689453,80.6900024414062,79.0699996948242,80.5699996948242,72.0994644165039,2398800,Baxter International,United States,BAX,2020-10-05,Baxter International
2020-10-06,80.4800033569336,81.9700012207031,80.2799987792968,80.4599990844726,72.0010299682617,2565500,Baxter International,United States,BAX,2020-10-06,Baxter International
2020-10-07,80.9100036621093,82.0199966430664,80.2699966430664,81.6500015258789,73.065933227539,1506600,Baxter International,United States,BAX,2020-10-07,Baxter International
2020-10-08,81.0,81.3000030517578,78.5599975585937,78.8499984741211,70.5602798461914,4324400,Baxter International,United States,BAX,2020-10-08,Baxter International
2020-10-09,78.8499984741211,79.0400009155273,77.7300033569336,78.5,70.2470932006836,4039100,Baxter International,United States,BAX,2020-10-09,Baxter International
2020-10-12,78.8300018310546,79.9899978637695,78.5400009155273,79.6299972534179,71.2582855224609,2714500,Baxter International,United States,BAX,2020-10-12,Baxter International
2020-10-13,79.4800033569336,80.8300018310546,79.2900009155273,80.0999984741211,71.6788787841796,1972600,Baxter International,United States,BAX,2020-10-13,Baxter International
2020-10-14,80.3199996948242,81.3399963378906,80.0,80.0400009155273,71.6251983642578,1658700,Baxter International,United States,BAX,2020-10-14,Baxter International
2020-10-15,79.2399978637695,80.7300033569336,79.2300033569336,80.5599975585937,72.0905151367187,2154200,Baxter International,United States,BAX,2020-10-15,Baxter International
2020-10-16,80.6299972534179,82.3099975585937,80.6299972534179,81.8199996948242,73.2180557250976,1779800,Baxter International,United States,BAX,2020-10-16,Baxter International
2020-10-19,81.870002746582,82.6100006103515,80.75,81.1900024414062,72.6542816162109,2627900,Baxter International,United States,BAX,2020-10-19,Baxter International
2020-10-20,81.5100021362304,81.8399963378906,80.7799987792968,81.1399993896484,72.6095581054687,3188200,Baxter International,United States,BAX,2020-10-20,Baxter International
2020-10-21,81.3199996948242,82.2300033569336,80.7900009155273,81.7399978637695,73.1464614868164,2788100,Baxter International,United States,BAX,2020-10-21,Baxter International
2020-10-22,81.870002746582,82.4199981689453,81.2699966430664,81.4499969482421,72.8869400024414,1933800,Baxter International,United States,BAX,2020-10-22,Baxter International
2020-10-23,81.7300033569336,81.9300003051757,80.8399963378906,81.0899963378906,72.5648117065429,1677000,Baxter International,United States,BAX,2020-10-23,Baxter International
2020-10-26,80.2600021362304,80.9300003051757,79.5299987792968,80.0100021362304,71.5983352661132,2380600,Baxter International,United States,BAX,2020-10-26,Baxter International
2020-10-27,80.5899963378906,82.0,80.3300018310546,80.620002746582,72.1442031860351,3333400,Baxter International,United States,BAX,2020-10-27,Baxter International
2020-10-28,79.4400024414062,79.9400024414062,78.1100006103515,78.1500015258789,69.9338760375976,3098600,Baxter International,United States,BAX,2020-10-28,Baxter International
2020-10-29,79.0699996948242,79.9100036621093,77.0899963378906,78.0800018310546,69.8712463378906,3326400,Baxter International,United States,BAX,2020-10-29,Baxter International
2020-10-30,77.2600021362304,78.120002746582,76.0299987792968,77.5699996948242,69.4148712158203,2644200,Baxter International,United States,BAX,2020-10-30,Baxter International
2020-11-02,78.1500015258789,79.7600021362304,77.870002746582,78.6699981689453,70.3992233276367,2228800,Baxter International,United States,BAX,2020-11-02,Baxter International
2020-11-03,78.8000030517578,80.2099990844726,77.2200012207031,77.2600021362304,69.1374282836914,3807700,Baxter International,United States,BAX,2020-11-03,Baxter International
2020-11-04,78.1600036621093,78.8199996948242,75.5199966430664,75.6699981689453,67.714614868164,6719400,Baxter International,United States,BAX,2020-11-04,Baxter International
2020-11-05,77.0999984741211,78.4000015258789,76.0599975585937,77.7600021362304,69.5848922729492,4611000,Baxter International,United States,BAX,2020-11-05,Baxter International
2020-11-06,78.1500015258789,79.2200012207031,77.6999969482421,78.9300003051757,70.6318893432617,3141100,Baxter International,United States,BAX,2020-11-06,Baxter International
2020-11-09,81.7399978637695,82.8399963378906,80.870002746582,80.9700012207031,72.457405090332,5990800,Baxter International,United States,BAX,2020-11-09,Baxter International
2020-11-10,81.1999969482421,81.9000015258789,79.1600036621093,81.5500030517578,72.9764404296875,5213100,Baxter International,United States,BAX,2020-11-10,Baxter International
2020-11-11,81.9899978637695,82.3300018310546,80.3799972534179,80.9300003051757,72.4216384887695,5525100,Baxter International,United States,BAX,2020-11-11,Baxter International
2020-11-12,80.8099975585937,82.1800003051757,80.5199966430664,81.6600036621093,73.0748596191406,3289200,Baxter International,United States,BAX,2020-11-12,Baxter International
2020-11-13,81.8899993896484,82.8000030517578,81.6600036621093,82.3600006103515,73.7012863159179,2195000,Baxter International,United States,BAX,2020-11-13,Baxter International
2020-11-16,82.8300018310546,82.8799972534179,80.2399978637695,80.9800033569336,72.4663619995117,3391200,Baxter International,United States,BAX,2020-11-16,Baxter International
2020-11-17,80.4499969482421,80.8799972534179,80.0800018310546,80.7799987792968,72.2873611450195,3877200,Baxter International,United States,BAX,2020-11-17,Baxter International
2020-11-18,80.7399978637695,81.3799972534179,80.370002746582,80.4199981689453,71.9652252197265,3946100,Baxter International,United States,BAX,2020-11-18,Baxter International
2020-11-19,80.3300018310546,80.3600006103515,78.2200012207031,78.8799972534179,70.587158203125,2622800,Baxter International,United States,BAX,2020-11-19,Baxter International
2020-11-20,78.6399993896484,78.9599990844726,76.9899978637695,77.0199966430664,68.9227142333984,2878800,Baxter International,United States,BAX,2020-11-20,Baxter International
2020-11-23,76.7399978637695,77.0199966430664,75.3099975585937,75.7699966430664,67.8041000366211,3049400,Baxter International,United States,BAX,2020-11-23,Baxter International
2020-11-24,76.0100021362304,76.5599975585937,75.2799987792968,76.0299987792968,68.0367736816406,4588500,Baxter International,United States,BAX,2020-11-24,Baxter International
2020-11-25,76.1500015258789,76.1600036621093,75.1999969482421,75.3899993896484,67.4640579223632,1910700,Baxter International,United States,BAX,2020-11-25,Baxter International
2020-11-27,75.7600021362304,76.2399978637695,75.3600006103515,75.9700012207031,67.9830856323242,811800,Baxter International,United States,BAX,2020-11-27,Baxter International
2020-11-30,76.120002746582,76.8899993896484,75.6100006103515,76.0699996948242,68.0725784301757,5824500,Baxter International,United States,BAX,2020-11-30,Baxter International
2020-12-01,76.6100006103515,77.0899963378906,75.4000015258789,75.5100021362304,67.5714416503906,3037900,Baxter International,United States,BAX,2020-12-01,Baxter International
2020-12-02,75.8099975585937,76.3600006103515,74.7900009155273,76.3499984741211,68.3231353759765,4112900,Baxter International,United States,BAX,2020-12-02,Baxter International
2020-12-03,75.5299987792968,76.5199966430664,75.3799972534179,76.3199996948242,68.5161514282226,5419500,Baxter International,United States,BAX,2020-12-03,Baxter International
2020-12-04,76.1999969482421,78.2799987792968,76.0999984741211,78.0,70.0243606567382,3223500,Baxter International,United States,BAX,2020-12-04,Baxter International
2020-12-07,77.7900009155273,78.6399993896484,77.5,77.7699966430664,69.8178787231445,3816400,Baxter International,United States,BAX,2020-12-07,Baxter International
2020-12-08,77.5400009155273,78.2600021362304,76.7900009155273,77.9300003051757,69.9615402221679,3628600,Baxter International,United States,BAX,2020-12-08,Baxter International
2020-12-09,77.9599990844726,80.5999984741211,77.9199981689453,79.3000030517578,71.1914520263671,5307900,Baxter International,United States,BAX,2020-12-09,Baxter International
2020-12-10,79.5800018310546,80.0699996948242,79.120002746582,79.1600036621093,71.0657653808593,2793700,Baxter International,United States,BAX,2020-12-10,Baxter International
2020-12-11,78.7200012207031,79.5100021362304,77.7300033569336,79.3399963378906,71.2273483276367,3881500,Baxter International,United States,BAX,2020-12-11,Baxter International
2020-12-14,79.8099975585937,80.5999984741211,78.8199996948242,78.8300018310546,70.7695159912109,3686800,Baxter International,United States,BAX,2020-12-14,Baxter International
2020-12-15,78.3000030517578,79.9499969482421,78.1800003051757,79.620002746582,71.4787292480468,2923500,Baxter International,United States,BAX,2020-12-15,Baxter International
2020-12-16,79.6399993896484,80.9100036621093,79.3799972534179,80.0,71.8198547363281,2331400,Baxter International,United States,BAX,2020-12-16,Baxter International
2020-12-17,80.2600021362304,81.6299972534179,80.0100021362304,81.0400009155273,72.7535324096679,2471400,Baxter International,United States,BAX,2020-12-17,Baxter International
2020-12-18,80.9800033569336,81.2600021362304,80.3300018310546,80.8600006103515,72.5919342041015,4513700,Baxter International,United States,BAX,2020-12-18,Baxter International
2020-12-21,80.0400009155273,80.120002746582,78.0299987792968,79.0500030517578,70.9669952392578,2472200,Baxter International,United States,BAX,2020-12-21,Baxter International
2020-12-22,78.2699966430664,79.4800033569336,78.0800018310546,78.6600036621093,70.6168746948242,2370300,Baxter International,United States,BAX,2020-12-22,Baxter International
2020-12-23,79.0,79.3899993896484,78.4400024414062,78.75,70.6976776123046,1979200,Baxter International,United States,BAX,2020-12-23,Baxter International
2020-12-24,78.8099975585937,79.6100006103515,78.6500015258789,79.5899963378906,71.4517822265625,743200,Baxter International,United States,BAX,2020-12-24,Baxter International
2020-12-28,79.8799972534179,80.1600036621093,78.8399963378906,79.2600021362304,71.1555099487304,1254500,Baxter International,United States,BAX,2020-12-28,Baxter International
2020-12-29,79.8600006103515,80.4499969482421,79.6999969482421,80.0,71.8198547363281,1366100,Baxter International,United States,BAX,2020-12-29,Baxter International
2020-12-30,80.1699981689453,80.3499984741211,79.0999984741211,79.1999969482421,71.1016387939453,1344700,Baxter International,United States,BAX,2020-12-30,Baxter International
2020-12-31,79.1999969482421,80.2900009155273,78.7200012207031,80.2399978637695,72.0353240966796,1770200,Baxter International,United States,BAX,2020-12-31,Baxter International
2021-01-04,80.4899978637695,80.9899978637695,79.3099975585937,80.120002746582,71.9276046752929,3467100,Baxter International,United States,BAX,2021-01-04,Baxter International
2021-01-05,80.1299972534179,81.7300033569336,79.4899978637695,81.2200012207031,72.9151077270507,2714100,Baxter International,United States,BAX,2021-01-05,Baxter International
2021-01-06,79.5999984741211,81.4300003051757,79.5999984741211,80.9400024414062,72.6637420654296,3062200,Baxter International,United States,BAX,2021-01-06,Baxter International
2021-01-07,80.9599990844726,81.7200012207031,80.370002746582,81.4899978637695,73.1575088500976,1688400,Baxter International,United States,BAX,2021-01-07,Baxter International
2021-01-08,81.5299987792968,82.1399993896484,81.0400009155273,81.6999969482421,73.3460388183593,1728300,Baxter International,United States,BAX,2021-01-08,Baxter International
2021-01-11,82.1999969482421,82.8899993896484,81.3199996948242,82.4700012207031,74.0372924804687,2285500,Baxter International,United States,BAX,2021-01-11,Baxter International
2021-01-12,82.0400009155273,82.3600006103515,79.8899993896484,80.5599975585937,72.3225936889648,2897700,Baxter International,United States,BAX,2021-01-12,Baxter International
2021-01-13,80.4199981689453,82.8499984741211,80.2399978637695,82.4000015258789,73.9744491577148,4140100,Baxter International,United States,BAX,2021-01-13,Baxter International
2021-01-14,81.9700012207031,82.3799972534179,79.8399963378906,80.0500030517578,71.8647537231445,3308800,Baxter International,United States,BAX,2021-01-14,Baxter International
2021-01-15,80.0500030517578,80.2699966430664,79.2200012207031,80.0400009155273,71.8557815551757,1646200,Baxter International,United States,BAX,2021-01-15,Baxter International
2021-01-19,80.5599975585937,80.6500015258789,78.5599975585937,78.8300018310546,70.7695159912109,3018100,Baxter International,United States,BAX,2021-01-19,Baxter International
2021-01-20,78.6600036621093,79.75,78.5199966430664,79.5199966430664,71.3889389038086,2903700,Baxter International,United States,BAX,2021-01-20,Baxter International
2021-01-21,79.1699981689453,80.3399963378906,78.8499984741211,80.0100021362304,71.8288345336914,2278600,Baxter International,United States,BAX,2021-01-21,Baxter International
2021-01-22,80.0299987792968,80.1399993896484,79.5100021362304,79.5100021362304,71.3799667358398,1294600,Baxter International,United States,BAX,2021-01-22,Baxter International
2021-01-25,79.4800033569336,80.7200012207031,79.1399993896484,80.0999984741211,71.9096298217773,1683500,Baxter International,United States,BAX,2021-01-25,Baxter International
2021-01-26,80.0899963378906,81.0500030517578,79.1299972534179,80.8099975585937,72.5470428466796,1606400,Baxter International,United States,BAX,2021-01-26,Baxter International
2021-01-27,80.1100006103515,80.4400024414062,77.7600021362304,78.0199966430664,70.0423126220703,2822100,Baxter International,United States,BAX,2021-01-27,Baxter International
2021-01-28,78.2200012207031,79.2200012207031,77.120002746582,77.1500015258789,69.2612762451171,4950500,Baxter International,United States,BAX,2021-01-28,Baxter International
2021-01-29,75.1999969482421,77.7799987792968,74.9899978637695,76.8300018310546,68.9740142822265,4084200,Baxter International,United States,BAX,2021-01-29,Baxter International
2021-02-01,77.4700012207031,77.9100036621093,76.1800003051757,76.3799972534179,68.5699996948242,3291700,Baxter International,United States,BAX,2021-02-01,Baxter International
2021-02-02,77.0100021362304,77.8000030517578,76.4599990844726,76.5199966430664,68.6957015991211,4132600,Baxter International,United States,BAX,2021-02-02,Baxter International
2021-02-03,76.3300018310546,77.870002746582,75.8399963378906,77.2900009155273,69.3869400024414,2488900,Baxter International,United States,BAX,2021-02-03,Baxter International
2021-02-04,76.6800003051757,80.4899978637695,76.5599975585937,77.1800003051757,69.288215637207,3495700,Baxter International,United States,BAX,2021-02-04,Baxter International
2021-02-05,77.4800033569336,78.0599975585937,77.1399993896484,77.3000030517578,69.3959426879882,1824500,Baxter International,United States,BAX,2021-02-05,Baxter International
2021-02-08,77.5400009155273,78.1699981689453,77.0100021362304,77.5999984741211,69.6652526855468,2204600,Baxter International,United States,BAX,2021-02-08,Baxter International
2021-02-09,77.6500015258789,77.7200012207031,76.7600021362304,76.9899978637695,69.1176452636718,1804000,Baxter International,United States,BAX,2021-02-09,Baxter International
2021-02-10,77.5299987792968,78.0599975585937,77.0299987792968,77.6100006103515,69.6742324829101,5499600,Baxter International,United States,BAX,2021-02-10,Baxter International
2021-02-11,78.1299972534179,78.1699981689453,77.620002746582,77.8600006103515,69.898681640625,1798900,Baxter International,United States,BAX,2021-02-11,Baxter International
2021-02-12,78.0,78.9800033569336,77.7600021362304,78.7300033569336,70.6796951293945,3542800,Baxter International,United States,BAX,2021-02-12,Baxter International
2021-02-16,78.6800003051757,79.0899963378906,77.2600021362304,77.8000030517578,69.8448028564453,2665800,Baxter International,United States,BAX,2021-02-16,Baxter International
2021-02-17,77.3399963378906,77.870002746582,76.8499984741211,77.6800003051757,69.737075805664,3570500,Baxter International,United States,BAX,2021-02-17,Baxter International
2021-02-18,77.8000030517578,79.3300018310546,77.5299987792968,78.8300018310546,70.7695159912109,2185400,Baxter International,United States,BAX,2021-02-18,Baxter International
2021-02-19,78.8300018310546,79.1399993896484,77.8499984741211,78.4400024414062,70.4193649291992,2926400,Baxter International,United States,BAX,2021-02-19,Baxter International
2021-02-22,77.9499969482421,79.0999984741211,77.6800003051757,78.870002746582,70.8054046630859,2653500,Baxter International,United States,BAX,2021-02-22,Baxter International
2021-02-23,79.4499969482421,80.3899993896484,77.9499969482421,78.1399993896484,70.1500396728515,3434400,Baxter International,United States,BAX,2021-02-23,Baxter International
2021-02-24,78.25,78.6699981689453,77.4800033569336,78.5100021362304,70.4822082519531,2503700,Baxter International,United States,BAX,2021-02-24,Baxter International
2021-02-25,78.2200012207031,78.9000015258789,77.9800033569336,78.6500015258789,70.8289260864257,2613100,Baxter International,United States,BAX,2021-02-25,Baxter International
2021-02-26,78.8099975585937,78.9400024414062,76.8000030517578,77.6900024414062,69.9643783569336,4875400,Baxter International,United States,BAX,2021-02-26,Baxter International
2021-03-01,78.0699996948242,78.3899993896484,77.5999984741211,77.9400024414062,70.1895370483398,3914100,Baxter International,United States,BAX,2021-03-01,Baxter International
2021-03-02,78.4199981689453,78.9899978637695,77.6299972534179,77.6800003051757,69.9553756713867,3433400,Baxter International,United States,BAX,2021-03-02,Baxter International
2021-03-03,77.2600021362304,77.5800018310546,76.5100021362304,77.1500015258789,69.4780807495117,2469700,Baxter International,United States,BAX,2021-03-03,Baxter International
2021-03-04,77.1699981689453,77.2799987792968,75.9000015258789,76.4199981689453,68.820686340332,3920400,Baxter International,United States,BAX,2021-03-04,Baxter International
2021-03-05,76.9100036621093,78.3000030517578,76.8300018310546,78.0599975585937,70.2975997924804,2456400,Baxter International,United States,BAX,2021-03-05,Baxter International
2021-03-08,78.2099990844726,79.3000030517578,77.6500015258789,78.2799987792968,70.4957122802734,1553500,Baxter International,United States,BAX,2021-03-08,Baxter International
2021-03-09,78.5500030517578,79.1600036621093,77.2399978637695,77.2699966430664,69.5861587524414,1976500,Baxter International,United States,BAX,2021-03-09,Baxter International
2021-03-10,77.3499984741211,77.870002746582,76.9599990844726,77.7200012207031,69.9914169311523,2089400,Baxter International,United States,BAX,2021-03-10,Baxter International
2021-03-11,77.6399993896484,78.0400009155273,77.1100006103515,77.7399978637695,70.0094146728515,1637600,Baxter International,United States,BAX,2021-03-11,Baxter International
2021-03-12,78.0,78.3799972534179,77.5500030517578,77.9599990844726,70.2075500488281,1462500,Baxter International,United States,BAX,2021-03-12,Baxter International
2021-03-15,78.0100021362304,78.6900024414062,77.5599975585937,78.6699981689453,70.8469467163086,1482700,Baxter International,United States,BAX,2021-03-15,Baxter International
2021-03-16,78.6800003051757,78.9599990844726,78.0299987792968,78.9300003051757,71.081069946289,1919600,Baxter International,United States,BAX,2021-03-16,Baxter International
2021-03-17,79.1299972534179,80.2099990844726,78.6800003051757,79.6900024414062,71.765510559082,3792700,Baxter International,United States,BAX,2021-03-17,Baxter International
2021-03-18,79.5899963378906,80.5199966430664,79.5100021362304,79.8600006103515,71.9185943603515,2060100,Baxter International,United States,BAX,2021-03-18,Baxter International
2021-03-19,79.7900009155273,80.8300018310546,79.4700012207031,80.3000030517578,72.3148422241211,3976500,Baxter International,United States,BAX,2021-03-19,Baxter International
2021-03-22,79.8000030517578,81.5400009155273,79.5100021362304,81.2399978637695,73.1613693237304,3121400,Baxter International,United States,BAX,2021-03-22,Baxter International
2021-03-23,81.4000015258789,82.5800018310546,81.25,81.5999984741211,73.4855804443359,2732400,Baxter International,United States,BAX,2021-03-23,Baxter International
2021-03-24,81.1900024414062,82.4499969482421,81.0299987792968,82.0800018310546,73.9178390502929,2282900,Baxter International,United States,BAX,2021-03-24,Baxter International
2021-03-25,82.5299987792968,83.620002746582,82.1299972534179,83.4100036621093,75.1155853271484,3634900,Baxter International,United States,BAX,2021-03-25,Baxter International
2021-03-26,83.4100036621093,86.0899963378906,83.1699981689453,85.9499969482421,77.4029998779296,4634100,Baxter International,United States,BAX,2021-03-26,Baxter International
2021-03-29,85.4800033569336,86.5599975585937,84.7200012207031,86.0299987792968,77.4750366210937,3124000,Baxter International,United States,BAX,2021-03-29,Baxter International
2021-03-30,85.7699966430664,86.3799972534179,85.120002746582,85.5800018310546,77.0697937011718,3778900,Baxter International,United States,BAX,2021-03-30,Baxter International
2021-03-31,85.6500015258789,85.8600006103515,84.2900009155273,84.3399963378906,75.9531021118164,3100200,Baxter International,United States,BAX,2021-03-31,Baxter International
2021-04-01,84.1299972534179,84.5400009155273,83.3799972534179,84.3199996948242,75.9350967407226,2298600,Baxter International,United States,BAX,2021-04-01,Baxter International
2021-04-05,84.75,85.6999969482421,84.3399963378906,85.2799987792968,76.7996063232421,1893900,Baxter International,United States,BAX,2021-04-05,Baxter International
2021-04-06,84.6600036621093,85.2600021362304,84.4300003051757,84.9199981689453,76.4754180908203,1885800,Baxter International,United States,BAX,2021-04-06,Baxter International
2021-04-07,85.0400009155273,85.2300033569336,84.3000030517578,84.6900024414062,76.268310546875,1017000,Baxter International,United States,BAX,2021-04-07,Baxter International
2021-04-08,84.8399963378906,85.2900009155273,83.9499969482421,84.0,75.6469039916992,2174700,Baxter International,United States,BAX,2021-04-08,Baxter International
2021-04-09,84.3099975585937,84.9300003051757,83.8000030517578,84.9199981689453,76.4754180908203,2781300,Baxter International,United States,BAX,2021-04-09,Baxter International
2021-04-12,85.0,85.4899978637695,84.3799972534179,84.5400009155273,76.1332092285156,1726300,Baxter International,United States,BAX,2021-04-12,Baxter International
2021-04-13,83.7799987792968,85.25,83.7300033569336,84.7900009155273,76.3583526611328,1504700,Baxter International,United States,BAX,2021-04-13,Baxter International
2021-04-14,84.8000030517578,84.9400024414062,84.1699981689453,84.6399993896484,76.2232666015625,1576500,Baxter International,United States,BAX,2021-04-14,Baxter International
2021-04-15,84.6999969482421,86.4199981689453,84.6500015258789,85.8000030517578,77.2679138183593,2879700,Baxter International,United States,BAX,2021-04-15,Baxter International
2021-04-16,86.2600021362304,86.8499984741211,85.9000015258789,86.5599975585937,77.9523544311523,2884600,Baxter International,United States,BAX,2021-04-16,Baxter International
2021-04-19,86.4300003051757,86.7200012207031,85.7399978637695,86.5199966430664,77.9162979125976,2706600,Baxter International,United States,BAX,2021-04-19,Baxter International
2021-04-20,86.6600036621093,87.9599990844726,86.5699996948242,87.0699996948242,78.4116134643554,2041400,Baxter International,United States,BAX,2021-04-20,Baxter International
2021-04-21,87.7399978637695,88.1100006103515,87.370002746582,87.9000015258789,79.1591033935546,1839800,Baxter International,United States,BAX,2021-04-21,Baxter International
2021-04-22,87.8899993896484,88.3000030517578,87.2900009155273,88.0100021362304,79.2581481933593,2423000,Baxter International,United States,BAX,2021-04-22,Baxter International
2021-04-23,87.8600006103515,88.3199996948242,87.4800033569336,87.870002746582,79.132080078125,2377300,Baxter International,United States,BAX,2021-04-23,Baxter International
2021-04-26,88.0,88.0,87.0100021362304,87.3600006103515,78.6728134155273,1644300,Baxter International,United States,BAX,2021-04-26,Baxter International
2021-04-27,86.9700012207031,87.2099990844726,86.1699981689453,86.7600021362304,78.1324691772461,1657200,Baxter International,United States,BAX,2021-04-27,Baxter International
2021-04-28,86.8899993896484,87.2300033569336,86.4400024414062,86.9899978637695,78.3395843505859,1999600,Baxter International,United States,BAX,2021-04-28,Baxter International
2021-04-29,87.5599975585937,87.5599975585937,83.8300018310546,85.3499984741211,76.8626632690429,2486900,Baxter International,United States,BAX,2021-04-29,Baxter International
2021-04-30,85.5999984741211,85.9599990844726,84.9100036621093,85.6900024414062,77.1688613891601,2805500,Baxter International,United States,BAX,2021-04-30,Baxter International
2021-05-03,86.0199966430664,86.8600006103515,85.6999969482421,86.5400009155273,77.934341430664,2004800,Baxter International,United States,BAX,2021-05-03,Baxter International
2021-05-04,86.9300003051757,87.6600036621093,86.2699966430664,87.4400024414062,78.7448348999023,2732700,Baxter International,United States,BAX,2021-05-04,Baxter International
2021-05-05,87.3799972534179,87.3799972534179,86.1399993896484,86.6999969482421,78.0784072875976,2424000,Baxter International,United States,BAX,2021-05-05,Baxter International
2021-05-06,86.5400009155273,87.5800018310546,86.3499984741211,87.5299987792968,78.8258743286132,1989100,Baxter International,United States,BAX,2021-05-06,Baxter International
2021-05-07,87.4700012207031,87.9199981689453,86.4000015258789,86.620002746582,78.006362915039,2486500,Baxter International,United States,BAX,2021-05-07,Baxter International
2021-05-10,87.1800003051757,87.5699996948242,86.4599990844726,86.4899978637695,77.8892974853515,3584400,Baxter International,United States,BAX,2021-05-10,Baxter International
2021-05-11,86.4599990844726,86.7600021362304,83.5400009155273,83.5800018310546,75.2686691284179,4241200,Baxter International,United States,BAX,2021-05-11,Baxter International
2021-05-12,83.4499969482421,83.9199981689453,83.0299987792968,83.0999984741211,74.8364028930664,2426100,Baxter International,United States,BAX,2021-05-12,Baxter International
2021-05-13,83.0500030517578,83.8300018310546,82.8499984741211,83.4000015258789,75.1065826416015,2955300,Baxter International,United States,BAX,2021-05-13,Baxter International
2021-05-14,83.7200012207031,84.3799972534179,83.5100021362304,83.8600006103515,75.5208435058593,2193500,Baxter International,United States,BAX,2021-05-14,Baxter International
2021-05-17,83.8499984741211,84.1800003051757,82.7799987792968,82.8499984741211,74.6112670898437,2372700,Baxter International,United States,BAX,2021-05-17,Baxter International
2021-05-18,82.5100021362304,83.4000015258789,82.0800018310546,82.9300003051757,74.6833114624023,2110800,Baxter International,United States,BAX,2021-05-18,Baxter International
2021-05-19,82.6999969482421,82.8799972534179,82.0299987792968,82.4800033569336,74.2780609130859,1765600,Baxter International,United States,BAX,2021-05-19,Baxter International
2021-05-20,82.5100021362304,83.4199981689453,82.4400024414062,82.9599990844726,74.710334777832,1950300,Baxter International,United States,BAX,2021-05-20,Baxter International
2021-05-21,83.0699996948242,83.8899993896484,83.0400009155273,83.0599975585937,74.8003921508789,1596200,Baxter International,United States,BAX,2021-05-21,Baxter International
2021-05-24,83.2300033569336,83.5299987792968,82.7399978637695,82.7699966430664,74.5392150878906,1676400,Baxter International,United States,BAX,2021-05-24,Baxter International
2021-05-25,82.5500030517578,82.8499984741211,82.2399978637695,82.3499984741211,74.1609878540039,2330500,Baxter International,United States,BAX,2021-05-25,Baxter International
2021-05-26,81.7300033569336,82.7200012207031,81.4800033569336,82.4199981689453,74.2240219116211,2994800,Baxter International,United States,BAX,2021-05-26,Baxter International
2021-05-27,82.5199966430664,82.5299987792968,81.1900024414062,81.8099975585937,73.6746978759765,5048600,Baxter International,United States,BAX,2021-05-27,Baxter International
2021-05-28,82.2900009155273,82.6399993896484,81.8799972534179,82.120002746582,73.9538650512695,3617300,Baxter International,United States,BAX,2021-05-28,Baxter International
2021-06-01,82.4599990844726,82.7799987792968,82.0199966430664,82.1399993896484,73.9718856811523,3355600,Baxter International,United States,BAX,2021-06-01,Baxter International
2021-06-02,82.2900009155273,82.4300003051757,81.3000030517578,81.5999984741211,73.4855804443359,2461100,Baxter International,United States,BAX,2021-06-02,Baxter International
2021-06-03,81.1299972534179,81.870002746582,80.6600036621093,81.6900024414062,73.8199234008789,2397200,Baxter International,United States,BAX,2021-06-03,Baxter International
2021-06-04,82.1299972534179,82.4400024414062,81.9300003051757,82.25,74.3259811401367,1938300,Baxter International,United States,BAX,2021-06-04,Baxter International
2021-06-07,82.3099975585937,82.4100036621093,81.1500015258789,81.2600021362304,73.4313507080078,2753000,Baxter International,United States,BAX,2021-06-07,Baxter International
2021-06-08,81.620002746582,81.6900024414062,80.2600021362304,81.0899963378906,73.2777328491211,2489500,Baxter International,United States,BAX,2021-06-08,Baxter International
2021-06-09,81.370002746582,82.3799972534179,81.1699981689453,82.3499984741211,74.4163589477539,1707200,Baxter International,United States,BAX,2021-06-09,Baxter International
2021-06-10,82.3399963378906,84.1699981689453,82.2900009155273,84.0899963378906,75.9887313842773,3455700,Baxter International,United States,BAX,2021-06-10,Baxter International
2021-06-11,84.25,84.5,82.120002746582,82.2399978637695,74.3169326782226,6107100,Baxter International,United States,BAX,2021-06-11,Baxter International
2021-06-14,82.3000030517578,82.8199996948242,81.620002746582,82.7699966430664,74.7958755493164,2994500,Baxter International,United States,BAX,2021-06-14,Baxter International
2021-06-15,82.7699966430664,82.9000015258789,81.5500030517578,81.9499969482421,74.0548858642578,2286300,Baxter International,United States,BAX,2021-06-15,Baxter International
2021-06-16,82.0699996948242,82.4800033569336,81.5599975585937,81.7699966430664,73.892219543457,1911200,Baxter International,United States,BAX,2021-06-16,Baxter International
2021-06-17,81.5,81.9599990844726,80.7699966430664,81.1500015258789,73.3319473266601,2668300,Baxter International,United States,BAX,2021-06-17,Baxter International
2021-06-18,80.6100006103515,81.4499969482421,80.2799987792968,80.8199996948242,73.0337524414062,4311300,Baxter International,United States,BAX,2021-06-18,Baxter International
2021-06-21,81.1399993896484,81.7200012207031,80.4100036621093,81.5100021362304,73.6572647094726,2042300,Baxter International,United States,BAX,2021-06-21,Baxter International
2021-06-22,81.5199966430664,81.6800003051757,81.1399993896484,81.3300018310546,73.4946136474609,1937300,Baxter International,United States,BAX,2021-06-22,Baxter International
2021-06-23,81.2900009155273,81.6299972534179,80.9100036621093,80.9300003051757,73.1331634521484,3107200,Baxter International,United States,BAX,2021-06-23,Baxter International
2021-06-24,81.2399978637695,81.7799987792968,80.9800033569336,81.4000015258789,73.557876586914,1972700,Baxter International,United States,BAX,2021-06-24,Baxter International
2021-06-25,81.5999984741211,82.5299987792968,81.5699996948242,82.1900024414062,74.271743774414,6398300,Baxter International,United States,BAX,2021-06-25,Baxter International
2021-06-28,82.4300003051757,82.4300003051757,81.2200012207031,81.6500015258789,73.7837829589843,2290300,Baxter International,United States,BAX,2021-06-28,Baxter International
2021-06-29,81.5899963378906,82.0400009155273,81.2900009155273,81.8600006103515,73.9735412597656,1740600,Baxter International,United States,BAX,2021-06-29,Baxter International
2021-06-30,81.9400024414062,81.9899978637695,80.2799987792968,80.5,72.7445755004882,3139000,Baxter International,United States,BAX,2021-06-30,Baxter International
2021-07-01,80.4499969482421,81.620002746582,80.3499984741211,81.4700012207031,73.6211318969726,4813200,Baxter International,United States,BAX,2021-07-01,Baxter International
2021-07-02,81.4700012207031,81.8199996948242,81.2799987792968,81.7600021362304,73.8831939697265,2826400,Baxter International,United States,BAX,2021-07-02,Baxter International
2021-07-06,81.5,81.7200012207031,80.2200012207031,81.0699996948242,73.2596359252929,3312600,Baxter International,United States,BAX,2021-07-06,Baxter International
2021-07-07,81.1600036621093,81.870002746582,80.7399978637695,81.8499984741211,73.9645004272461,1676300,Baxter International,United States,BAX,2021-07-07,Baxter International
2021-07-08,81.5,81.7699966430664,80.8099975585937,81.3300018310546,73.4946136474609,1900500,Baxter International,United States,BAX,2021-07-08,Baxter International
2021-07-09,81.5,81.6299972534179,80.2300033569336,80.4300003051757,72.6813354492187,2441300,Baxter International,United States,BAX,2021-07-09,Baxter International
2021-07-12,80.3799972534179,81.0999984741211,80.2699966430664,80.8099975585937,73.0246963500976,2324900,Baxter International,United States,BAX,2021-07-12,Baxter International
2021-07-13,80.7200012207031,81.3899993896484,80.7200012207031,81.0899963378906,73.2777328491211,1989400,Baxter International,United States,BAX,2021-07-13,Baxter International
2021-07-14,81.0699996948242,81.2300033569336,80.4700012207031,81.0,73.1964111328125,1751200,Baxter International,United States,BAX,2021-07-14,Baxter International
2021-07-15,80.8300018310546,81.3899993896484,80.6600036621093,81.0599975585937,73.2506256103515,1637900,Baxter International,United States,BAX,2021-07-15,Baxter International
2021-07-16,81.3199996948242,81.8199996948242,81.1399993896484,81.4199981689453,73.575942993164,1585900,Baxter International,United States,BAX,2021-07-16,Baxter International
2021-07-19,81.0999984741211,81.4100036621093,79.7600021362304,80.2699966430664,72.5367355346679,3108600,Baxter International,United States,BAX,2021-07-19,Baxter International
2021-07-20,80.5899963378906,81.6600036621093,80.2600021362304,80.5400009155273,72.7807312011718,2108100,Baxter International,United States,BAX,2021-07-20,Baxter International
2021-07-21,80.7900009155273,80.7900009155273,79.5400009155273,80.2699966430664,72.5367355346679,1769900,Baxter International,United States,BAX,2021-07-21,Baxter International
2021-07-22,80.3199996948242,80.7200012207031,80.0599975585937,80.5100021362304,72.7536087036132,874600,Baxter International,United States,BAX,2021-07-22,Baxter International
2021-07-23,80.8600006103515,81.3199996948242,80.4800033569336,81.1399993896484,73.3229217529296,1826700,Baxter International,United States,BAX,2021-07-23,Baxter International
2021-07-26,80.6600036621093,81.0999984741211,80.2099990844726,80.7699966430664,72.9885635375976,1890500,Baxter International,United States,BAX,2021-07-26,Baxter International
2021-07-27,80.870002746582,83.1500015258789,80.6399993896484,82.1100006103515,74.1994934082031,2300600,Baxter International,United States,BAX,2021-07-27,Baxter International
2021-07-28,82.1900024414062,85.6800003051757,81.3199996948242,81.9100036621093,74.0187301635742,4563800,Baxter International,United States,BAX,2021-07-28,Baxter International
2021-07-29,79.25,80.4899978637695,77.3099975585937,77.3799972534179,69.9251556396484,7327400,Baxter International,United States,BAX,2021-07-29,Baxter International
2021-07-30,77.0400009155273,78.0,76.3899993896484,77.3499984741211,69.8980484008789,7506600,Baxter International,United States,BAX,2021-07-30,Baxter International
2021-08-02,77.5999984741211,77.9800033569336,76.8199996948242,77.2099990844726,69.7715301513671,3352200,Baxter International,United States,BAX,2021-08-02,Baxter International
2021-08-03,76.8399963378906,77.0100021362304,76.0,76.2799987792968,68.9311218261718,4447100,Baxter International,United States,BAX,2021-08-03,Baxter International
2021-08-04,76.2399978637695,76.370002746582,74.9700012207031,75.1500015258789,67.9099960327148,5005500,Baxter International,United States,BAX,2021-08-04,Baxter International
2021-08-05,74.9700012207031,74.9700012207031,73.6100006103515,74.4599990844726,67.2864608764648,6988400,Baxter International,United States,BAX,2021-08-05,Baxter International
2021-08-06,74.5800018310546,75.2200012207031,74.4599990844726,74.8300018310546,67.6208114624023,2991200,Baxter International,United States,BAX,2021-08-06,Baxter International
2021-08-09,74.8099975585937,74.9199981689453,73.9400024414062,74.0,66.8707885742187,2286200,Baxter International,United States,BAX,2021-08-09,Baxter International
2021-08-10,74.1999969482421,74.3199996948242,73.7399978637695,73.8499984741211,66.7352294921875,2377700,Baxter International,United States,BAX,2021-08-10,Baxter International
2021-08-11,74.0,74.3799972534179,73.8199996948242,73.9800033569336,66.8527221679687,1774100,Baxter International,United States,BAX,2021-08-11,Baxter International
2021-08-12,74.0899963378906,74.2600021362304,73.5400009155273,73.8600006103515,66.744270324707,1445600,Baxter International,United States,BAX,2021-08-12,Baxter International
2021-08-13,73.8000030517578,74.7600021362304,73.5500030517578,74.5599975585937,67.3768310546875,2968600,Baxter International,United States,BAX,2021-08-13,Baxter International
2021-08-16,74.7799987792968,75.8199996948242,74.6299972534179,75.6800003051757,68.388931274414,3631100,Baxter International,United States,BAX,2021-08-16,Baxter International
2021-08-17,75.7900009155273,76.1800003051757,75.4899978637695,75.9300003051757,68.6148529052734,2979900,Baxter International,United States,BAX,2021-08-17,Baxter International
2021-08-18,76.0599975585937,76.1999969482421,75.2300033569336,75.2699966430664,68.0184326171875,3169100,Baxter International,United States,BAX,2021-08-18,Baxter International
2021-08-19,75.2200012207031,75.6299972534179,74.8199996948242,75.0199966430664,67.7925033569336,3020700,Baxter International,United States,BAX,2021-08-19,Baxter International
2021-08-20,74.8099975585937,75.6299972534179,74.6500015258789,75.1900024414062,67.9461441040039,3286800,Baxter International,United States,BAX,2021-08-20,Baxter International
2021-08-23,75.4400024414062,75.4400024414062,74.5999984741211,74.8099975585937,67.6027603149414,2532200,Baxter International,United States,BAX,2021-08-23,Baxter International
2021-08-24,74.75,75.0400009155273,74.3600006103515,74.5299987792968,67.3497238159179,2119100,Baxter International,United States,BAX,2021-08-24,Baxter International
2021-08-25,74.3099975585937,74.370002746582,73.5999984741211,73.8000030517578,66.6900558471679,2951300,Baxter International,United States,BAX,2021-08-25,Baxter International
2021-08-26,73.6100006103515,74.0,73.120002746582,73.7699966430664,66.6629333496093,3090300,Baxter International,United States,BAX,2021-08-26,Baxter International
2021-08-27,74.0999984741211,74.3899993896484,73.8000030517578,73.9700012207031,66.8436660766601,2619900,Baxter International,United States,BAX,2021-08-27,Baxter International
2021-08-30,74.25,76.7200012207031,74.25,76.0,68.6781005859375,9337000,Baxter International,United States,BAX,2021-08-30,Baxter International
2021-08-31,75.9800033569336,76.370002746582,75.3000030517578,76.2200012207031,68.8769149780273,5213400,Baxter International,United States,BAX,2021-08-31,Baxter International
2021-09-01,76.5500030517578,77.8899993896484,75.8399963378906,77.5999984741211,70.1239700317382,4001300,Baxter International,United States,BAX,2021-09-01,Baxter International
2021-09-02,81.0,82.9800033569336,80.1999969482421,81.0599975585937,73.5158767700195,8205800,Baxter International,United States,BAX,2021-09-02,Baxter International
2021-09-03,81.0500030517578,83.1500015258789,80.7799987792968,82.7099990844726,75.0123214721679,5100100,Baxter International,United States,BAX,2021-09-03,Baxter International
2021-09-07,82.3300018310546,83.75,81.9899978637695,83.3499984741211,75.5927505493164,5812300,Baxter International,United States,BAX,2021-09-07,Baxter International
2021-09-08,83.1699981689453,83.9100036621093,82.6999969482421,82.7600021362304,75.0576705932617,3050700,Baxter International,United States,BAX,2021-09-08,Baxter International
2021-09-09,82.9300003051757,82.9300003051757,81.3799972534179,81.7200012207031,74.1144638061523,3519800,Baxter International,United States,BAX,2021-09-09,Baxter International
2021-09-10,81.9499969482421,81.9899978637695,80.7099990844726,80.9199981689453,73.3889083862304,2512400,Baxter International,United States,BAX,2021-09-10,Baxter International
2021-09-13,82.2300033569336,82.2600021362304,80.3300018310546,80.6299972534179,73.1258850097656,2906600,Baxter International,United States,BAX,2021-09-13,Baxter International
2021-09-14,80.7799987792968,81.7900009155273,80.5800018310546,81.7699966430664,74.1598052978515,2867700,Baxter International,United States,BAX,2021-09-14,Baxter International
2021-09-15,81.7900009155273,84.1699981689453,81.4499969482421,83.5699996948242,75.7922897338867,5895700,Baxter International,United States,BAX,2021-09-15,Baxter International
2021-09-16,83.5599975585937,83.870002746582,82.2399978637695,83.2200012207031,75.474868774414,2691700,Baxter International,United States,BAX,2021-09-16,Baxter International
2021-09-17,82.9400024414062,83.6299972534179,82.7099990844726,83.6100006103515,75.8285675048828,4507900,Baxter International,United States,BAX,2021-09-17,Baxter International
2021-09-20,82.8499984741211,83.1699981689453,81.9199981689453,82.2900009155273,74.6314163208007,2811900,Baxter International,United States,BAX,2021-09-20,Baxter International
2021-09-21,82.8499984741211,83.2300033569336,81.9100036621093,81.9499969482421,74.3230514526367,2002700,Baxter International,United States,BAX,2021-09-21,Baxter International
2021-09-22,82.2300033569336,82.3899993896484,81.0100021362304,81.0500030517578,73.5068206787109,2445500,Baxter International,United States,BAX,2021-09-22,Baxter International
2021-09-23,81.1500015258789,81.4100036621093,80.7300033569336,80.7900009155273,73.2710189819336,2738500,Baxter International,United States,BAX,2021-09-23,Baxter International
2021-09-24,80.6100006103515,81.0699996948242,80.5299987792968,80.8499984741211,73.3254089355468,2008800,Baxter International,United States,BAX,2021-09-24,Baxter International
2021-09-27,80.4300003051757,80.8600006103515,79.8899993896484,80.5699996948242,73.0714950561523,2264200,Baxter International,United States,BAX,2021-09-27,Baxter International
2021-09-28,80.4700012207031,80.9899978637695,80.0500030517578,80.7300033569336,73.2165832519531,2932900,Baxter International,United States,BAX,2021-09-28,Baxter International
2021-09-29,80.7900009155273,82.2900009155273,80.7699966430664,81.8099975585937,74.1960983276367,2548300,Baxter International,United States,BAX,2021-09-29,Baxter International
2021-09-30,82.0100021362304,82.5299987792968,80.4100036621093,80.4300003051757,72.9445266723632,3095300,Baxter International,United States,BAX,2021-09-30,Baxter International
2021-10-01,80.5699996948242,81.6600036621093,79.7600021362304,81.2900009155273,73.724494934082,2885000,Baxter International,United States,BAX,2021-10-01,Baxter International
2021-10-04,81.0,81.5899963378906,79.8000030517578,80.4199981689453,72.935432434082,3158300,Baxter International,United States,BAX,2021-10-04,Baxter International
2021-10-05,80.7799987792968,82.1900024414062,80.4899978637695,80.8600006103515,73.3344955444336,2756300,Baxter International,United States,BAX,2021-10-05,Baxter International
2021-10-06,80.4899978637695,80.9300003051757,79.6699981689453,80.8600006103515,73.3344955444336,2949500,Baxter International,United States,BAX,2021-10-06,Baxter International
2021-10-07,81.1500015258789,81.9000015258789,80.4800033569336,80.5800018310546,73.08056640625,3316000,Baxter International,United States,BAX,2021-10-07,Baxter International
2021-10-08,80.7099990844726,81.1100006103515,79.9800033569336,80.1999969482421,72.7359161376953,2641200,Baxter International,United States,BAX,2021-10-08,Baxter International
2021-10-11,79.9199981689453,80.0999984741211,78.8399963378906,78.9199981689453,71.5750427246093,2010500,Baxter International,United States,BAX,2021-10-11,Baxter International
2021-10-12,78.8300018310546,79.0299987792968,78.2799987792968,78.7099990844726,71.3845977783203,1394400,Baxter International,United States,BAX,2021-10-12,Baxter International
2021-10-13,78.7200012207031,79.2600021362304,78.4700012207031,78.8000030517578,71.4662094116211,1491100,Baxter International,United States,BAX,2021-10-13,Baxter International
2021-10-14,79.0999984741211,79.9199981689453,79.0999984741211,79.8899993896484,72.4547653198242,1754000,Baxter International,United States,BAX,2021-10-14,Baxter International
2021-10-15,80.0,80.3600006103515,79.6800003051757,79.6999969482421,72.282470703125,1783600,Baxter International,United States,BAX,2021-10-15,Baxter International
2021-10-18,79.5999984741211,79.5999984741211,77.9400024414062,78.1800003051757,70.9039230346679,1822900,Baxter International,United States,BAX,2021-10-18,Baxter International
2021-10-19,78.4400024414062,79.7300033569336,78.3899993896484,79.6800003051757,72.2643203735351,2527800,Baxter International,United States,BAX,2021-10-19,Baxter International
2021-10-20,79.8600006103515,81.7300033569336,79.7799987792968,81.25,73.6881866455078,2270000,Baxter International,United States,BAX,2021-10-20,Baxter International
2021-10-21,81.6999969482421,81.7799987792968,80.7900009155273,81.4599990844726,73.8786468505859,1349100,Baxter International,United States,BAX,2021-10-21,Baxter International
2021-10-22,81.5999984741211,82.2399978637695,81.4700012207031,82.1900024414062,74.5406951904296,1348400,Baxter International,United States,BAX,2021-10-22,Baxter International
2021-10-25,82.370002746582,82.5999984741211,81.2399978637695,81.3600006103515,73.787971496582,2621100,Baxter International,United States,BAX,2021-10-25,Baxter International
2021-10-26,81.4899978637695,82.120002746582,81.1699981689453,81.7900009155273,74.1779403686523,1557700,Baxter International,United States,BAX,2021-10-26,Baxter International
2021-10-27,82.2300033569336,82.3899993896484,81.7699966430664,81.9400024414062,74.3139877319336,2764000,Baxter International,United States,BAX,2021-10-27,Baxter International
2021-10-28,82.3199996948242,84.3000030517578,78.3300018310546,78.6100006103515,71.2939224243164,7344300,Baxter International,United States,BAX,2021-10-28,Baxter International
2021-10-29,78.1100006103515,79.4100036621093,77.5599975585937,78.9599990844726,71.6113204956054,7995500,Baxter International,United States,BAX,2021-10-29,Baxter International
2021-11-01,79.1999969482421,80.1600036621093,78.8600006103515,79.8199996948242,72.3912963867187,3375600,Baxter International,United States,BAX,2021-11-01,Baxter International
2021-11-02,80.1699981689453,80.8199996948242,79.3399963378906,80.2900009155273,72.8175582885742,2152200,Baxter International,United States,BAX,2021-11-02,Baxter International
2021-11-03,80.3600006103515,80.9400024414062,79.5800018310546,80.0400009155273,72.5908279418945,1648900,Baxter International,United States,BAX,2021-11-03,Baxter International
2021-11-04,80.0899963378906,80.2300033569336,77.8499984741211,78.3099975585937,71.0218200683593,2638900,Baxter International,United States,BAX,2021-11-04,Baxter International
2021-11-05,78.1500015258789,79.3000030517578,77.7600021362304,78.0400009155273,70.7769546508789,2606800,Baxter International,United States,BAX,2021-11-05,Baxter International
2021-11-08,78.3199996948242,79.0899963378906,77.8199996948242,78.7399978637695,71.4117889404296,1626400,Baxter International,United States,BAX,2021-11-08,Baxter International
2021-11-09,78.6500015258789,78.6999969482421,77.5599975585937,77.6999969482421,70.4686050415039,2476800,Baxter International,United States,BAX,2021-11-09,Baxter International
2021-11-10,77.7900009155273,79.5699996948242,77.7900009155273,79.0199966430664,71.6657333374023,2494400,Baxter International,United States,BAX,2021-11-10,Baxter International
2021-11-11,79.0599975585937,79.3399963378906,78.6800003051757,79.1600036621093,71.7927322387695,1776100,Baxter International,United States,BAX,2021-11-11,Baxter International
2021-11-12,79.5699996948242,79.7099990844726,79.0100021362304,79.4599990844726,72.0647964477539,1216200,Baxter International,United States,BAX,2021-11-12,Baxter International
2021-11-15,79.5800018310546,79.7099990844726,78.6600036621093,79.5500030517578,72.1464157104492,1609700,Baxter International,United States,BAX,2021-11-15,Baxter International
2021-11-16,79.3199996948242,79.9499969482421,79.1900024414062,79.3099975585937,71.9287567138671,1978100,Baxter International,United States,BAX,2021-11-16,Baxter International
2021-11-17,79.2200012207031,80.1500015258789,78.7099990844726,79.5800018310546,72.1736373901367,2249700,Baxter International,United States,BAX,2021-11-17,Baxter International
2021-11-18,80.0,80.0299987792968,79.0899963378906,79.1100006103515,71.7473754882812,2099000,Baxter International,United States,BAX,2021-11-18,Baxter International
2021-11-19,79.4199981689453,79.6299972534179,78.7600021362304,79.2600021362304,71.8833999633789,2381400,Baxter International,United States,BAX,2021-11-19,Baxter International
2021-11-22,79.4000015258789,79.9300003051757,78.7900009155273,79.25,71.8743362426757,1708000,Baxter International,United States,BAX,2021-11-22,Baxter International
2021-11-23,78.9300003051757,79.0699996948242,78.0599975585937,78.4100036621093,71.1125106811523,1707300,Baxter International,United States,BAX,2021-11-23,Baxter International
2021-11-24,78.4300003051757,78.7399978637695,77.4000015258789,77.620002746582,70.3960494995117,1338800,Baxter International,United States,BAX,2021-11-24,Baxter International
2021-11-26,77.7300033569336,78.0,76.0500030517578,76.2900009155273,69.189826965332,1281100,Baxter International,United States,BAX,2021-11-26,Baxter International
2021-11-29,76.3199996948242,76.9700012207031,75.9899978637695,76.0299987792968,68.9540100097656,2506600,Baxter International,United States,BAX,2021-11-29,Baxter International
2021-11-30,75.9000015258789,76.1600036621093,74.3199996948242,74.5699996948242,67.629898071289,3440600,Baxter International,United States,BAX,2021-11-30,Baxter International
2021-12-01,74.8499984741211,76.6100006103515,74.5199966430664,75.0800018310546,68.0924301147461,2502400,Baxter International,United States,BAX,2021-12-01,Baxter International
2021-12-02,74.8899993896484,76.6100006103515,74.7799987792968,76.2300033569336,69.3942108154296,2726700,Baxter International,United States,BAX,2021-12-02,Baxter International
2021-12-03,76.6500015258789,78.1399993896484,76.4599990844726,78.0500030517578,71.0510101318359,2510300,Baxter International,United States,BAX,2021-12-03,Baxter International
2021-12-06,78.3899993896484,80.5999984741211,78.2200012207031,79.2399978637695,72.1342849731445,3046400,Baxter International,United States,BAX,2021-12-06,Baxter International
2021-12-07,79.5199966430664,80.9400024414062,79.4400024414062,79.8799972534179,72.7169036865234,2793600,Baxter International,United States,BAX,2021-12-07,Baxter International
2021-12-08,80.0599975585937,80.9499969482421,79.8199996948242,80.6100006103515,73.3814239501953,1886700,Baxter International,United States,BAX,2021-12-08,Baxter International
2021-12-09,80.4700012207031,81.2699966430664,79.8300018310546,80.5599975585937,73.3359069824218,1935500,Baxter International,United States,BAX,2021-12-09,Baxter International
2021-12-10,80.9100036621093,81.25,80.4199981689453,80.8600006103515,73.6090316772461,2131300,Baxter International,United States,BAX,2021-12-10,Baxter International
2021-12-13,80.9700012207031,83.7699966430664,80.4199981689453,83.1999969482421,75.7391815185546,3103800,Baxter International,United States,BAX,2021-12-13,Baxter International
2021-12-14,83.2300033569336,83.7600021362304,82.3099975585937,82.5100021362304,75.1110534667968,2662700,Baxter International,United States,BAX,2021-12-14,Baxter International
2021-12-15,82.7699966430664,83.1800003051757,81.5400009155273,82.6999969482421,75.2840042114257,2300500,Baxter International,United States,BAX,2021-12-15,Baxter International
2021-12-16,82.5899963378906,84.0999984741211,82.1600036621093,83.9100036621093,76.3855209350586,3076100,Baxter International,United States,BAX,2021-12-16,Baxter International
2021-12-17,84.3499984741211,85.0899963378906,83.2399978637695,83.6299972534179,76.130615234375,4688100,Baxter International,United States,BAX,2021-12-17,Baxter International
2021-12-20,83.1299972534179,83.2600021362304,81.9000015258789,82.5100021362304,75.1110534667968,2631700,Baxter International,United States,BAX,2021-12-20,Baxter International
2021-12-21,82.75,84.3600006103515,82.5999984741211,83.870002746582,76.3490905761718,2731000,Baxter International,United States,BAX,2021-12-21,Baxter International
2021-12-22,84.120002746582,85.3899993896484,83.5299987792968,85.3199996948242,77.6690979003906,2301000,Baxter International,United States,BAX,2021-12-22,Baxter International
2021-12-23,85.5500030517578,86.0800018310546,85.3300018310546,85.5500030517578,77.878433227539,2033700,Baxter International,United States,BAX,2021-12-23,Baxter International
2021-12-27,85.8000030517578,86.6699981689453,85.4899978637695,86.5999984741211,78.8342819213867,1220700,Baxter International,United States,BAX,2021-12-27,Baxter International
2021-12-28,86.6299972534179,87.0999984741211,86.4100036621093,86.75,78.9708404541015,1227800,Baxter International,United States,BAX,2021-12-28,Baxter International
2021-12-29,86.870002746582,87.4300003051757,86.6100006103515,87.1900024414062,79.3713912963867,1280300,Baxter International,United States,BAX,2021-12-29,Baxter International
2021-12-30,87.4100036621093,87.5100021362304,86.370002746582,86.4499969482421,78.6977157592773,1346600,Baxter International,United States,BAX,2021-12-30,Baxter International
2021-12-31,86.2600021362304,86.7200012207031,85.8199996948242,85.8399963378906,78.1424331665039,1788100,Baxter International,United States,BAX,2021-12-31,Baxter International
2022-01-03,85.5199966430664,86.9300003051757,85.1900024414062,86.870002746582,79.0800857543945,1899800,Baxter International,United States,BAX,2022-01-03,Baxter International
2022-01-04,86.9800033569336,88.0100021362304,86.5500030517578,88.0,80.1087570190429,3346300,Baxter International,United States,BAX,2022-01-04,Baxter International
2022-01-05,88.0100021362304,88.9100036621093,87.75,87.8600006103515,79.9812850952148,2966500,Baxter International,United States,BAX,2022-01-05,Baxter International
2022-01-06,87.9599990844726,88.1800003051757,86.75,86.7799987792968,78.9981384277343,1507300,Baxter International,United States,BAX,2022-01-06,Baxter International
2022-01-07,87.3099975585937,88.0100021362304,87.1299972534179,87.4499969482421,79.6080551147461,1750600,Baxter International,United States,BAX,2022-01-07,Baxter International
2022-01-10,87.370002746582,87.6900024414062,85.9400024414062,86.3099975585937,78.5702896118164,2912800,Baxter International,United States,BAX,2022-01-10,Baxter International
2022-01-11,86.2900009155273,86.5800018310546,84.8099975585937,86.3600006103515,78.6158142089843,2403300,Baxter International,United States,BAX,2022-01-11,Baxter International
2022-01-12,86.0,86.8300018310546,85.5899963378906,86.4400024414062,78.6886291503906,2169400,Baxter International,United States,BAX,2022-01-12,Baxter International
2022-01-13,86.3600006103515,86.6999969482421,85.4700012207031,85.8899993896484,78.1879653930664,2568400,Baxter International,United States,BAX,2022-01-13,Baxter International
2022-01-14,85.6399993896484,86.0699996948242,84.3199996948242,85.7399978637695,78.051399230957,2246700,Baxter International,United States,BAX,2022-01-14,Baxter International
2022-01-18,85.5899963378906,86.3300018310546,85.1800003051757,85.8600006103515,78.16064453125,2258900,Baxter International,United States,BAX,2022-01-18,Baxter International
2022-01-19,85.9899978637695,86.3799972534179,85.1999969482421,85.5999984741211,77.9239501953125,1827000,Baxter International,United States,BAX,2022-01-19,Baxter International
2022-01-20,85.7600021362304,87.5699996948242,85.7099990844726,85.9899978637695,78.2789840698242,2504900,Baxter International,United States,BAX,2022-01-20,Baxter International
2022-01-21,86.6500015258789,86.8199996948242,85.5100021362304,86.2799987792968,78.5429763793945,2348400,Baxter International,United States,BAX,2022-01-21,Baxter International
2022-01-24,85.1900024414062,86.0500030517578,84.0299987792968,85.9599990844726,78.2516860961914,3510600,Baxter International,United States,BAX,2022-01-24,Baxter International
2022-01-25,84.9199981689453,85.9300003051757,83.9100036621093,85.0699996948242,77.4414978027343,2697900,Baxter International,United States,BAX,2022-01-25,Baxter International
2022-01-26,84.7900009155273,85.5400009155273,83.9300003051757,84.2699966430664,76.7132415771484,3888000,Baxter International,United States,BAX,2022-01-26,Baxter International
2022-01-27,84.6100006103515,86.1900024414062,84.0599975585937,84.6299972534179,77.0409469604492,2665400,Baxter International,United States,BAX,2022-01-27,Baxter International
2022-01-28,84.9300003051757,85.3499984741211,83.1699981689453,85.2900009155273,77.6417694091796,2588600,Baxter International,United States,BAX,2022-01-28,Baxter International
2022-01-31,85.2900009155273,85.5500030517578,84.4100036621093,85.4400024414062,77.7783050537109,2568500,Baxter International,United States,BAX,2022-01-31,Baxter International
2022-02-01,85.5899963378906,85.5899963378906,83.7900009155273,84.9300003051757,77.3140411376953,3340700,Baxter International,United States,BAX,2022-02-01,Baxter International
2022-02-02,84.5599975585937,85.6699981689453,83.9700012207031,85.5500030517578,77.878433227539,3203500,Baxter International,United States,BAX,2022-02-02,Baxter International
2022-02-03,85.4400024414062,86.2099990844726,84.9599990844726,86.0999984741211,78.3791198730468,4585100,Baxter International,United States,BAX,2022-02-03,Baxter International
2022-02-04,85.6600036621093,87.25,85.0999984741211,86.7099990844726,78.9344253540039,3673200,Baxter International,United States,BAX,2022-02-04,Baxter International
2022-02-07,86.9800033569336,87.3300018310546,86.0599975585937,86.870002746582,79.0800857543945,2676200,Baxter International,United States,BAX,2022-02-07,Baxter International
2022-02-08,86.870002746582,88.4499969482421,86.7600021362304,88.4100036621093,80.4819869995117,4744300,Baxter International,United States,BAX,2022-02-08,Baxter International
2022-02-09,88.8399963378906,89.6999969482421,88.5999984741211,89.4499969482421,81.4287109375,2887900,Baxter International,United States,BAX,2022-02-09,Baxter International
2022-02-10,88.9000015258789,89.2399978637695,87.5699996948242,87.75,79.8811569213867,3295100,Baxter International,United States,BAX,2022-02-10,Baxter International
2022-02-11,87.3499984741211,87.6800003051757,85.8199996948242,85.9100036621093,78.2061614990234,3490000,Baxter International,United States,BAX,2022-02-11,Baxter International
2022-02-14,85.5899963378906,85.8099975585937,84.3300018310546,85.4499969482421,77.7873992919921,2384900,Baxter International,United States,BAX,2022-02-14,Baxter International
2022-02-15,86.2300033569336,86.620002746582,85.2600021362304,85.5899963378906,77.9148483276367,1702200,Baxter International,United States,BAX,2022-02-15,Baxter International
2022-02-16,85.2699966430664,85.3899993896484,83.8000030517578,85.1299972534179,77.4961013793945,2879700,Baxter International,United States,BAX,2022-02-16,Baxter International
2022-02-17,80.8000030517578,83.7900009155273,79.5599975585937,82.8000030517578,75.3750305175781,5189300,Baxter International,United States,BAX,2022-02-17,Baxter International
2022-02-18,82.3899993896484,83.1399993896484,81.1800003051757,82.3499984741211,74.9654083251953,5029000,Baxter International,United States,BAX,2022-02-18,Baxter International
2022-02-22,82.5,84.7600021362304,81.9400024414062,84.4599990844726,76.8861923217773,3888300,Baxter International,United States,BAX,2022-02-22,Baxter International
2022-02-23,84.5100021362304,86.0899963378906,84.1900024414062,85.7399978637695,78.051399230957,3153200,Baxter International,United States,BAX,2022-02-23,Baxter International
2022-02-24,84.9199981689453,85.0899963378906,83.4100036621093,84.6500015258789,77.3116149902343,5266900,Baxter International,United States,BAX,2022-02-24,Baxter International
2022-02-25,84.7600021362304,86.9599990844726,84.4700012207031,86.2600021362304,78.7820587158203,3174200,Baxter International,United States,BAX,2022-02-25,Baxter International
2022-02-28,85.25,86.4400024414062,84.3799972534179,84.9700012207031,77.6038818359375,4376200,Baxter International,United States,BAX,2022-02-28,Baxter International
2022-03-01,84.8199996948242,85.8000030517578,83.4800033569336,84.1399993896484,76.845832824707,2961700,Baxter International,United States,BAX,2022-03-01,Baxter International
2022-03-02,84.5500030517578,86.1800003051757,84.370002746582,85.2300033569336,77.8413467407226,2454000,Baxter International,United States,BAX,2022-03-02,Baxter International
2022-03-03,85.4700012207031,85.9300003051757,84.9100036621093,85.1900024414062,77.8048019409179,1540500,Baxter International,United States,BAX,2022-03-03,Baxter International
2022-03-04,84.1399993896484,86.1500015258789,84.0999984741211,86.0199966430664,78.5628509521484,1979600,Baxter International,United States,BAX,2022-03-04,Baxter International
2022-03-07,85.620002746582,85.620002746582,83.8199996948242,84.9800033569336,77.6130065917968,3204700,Baxter International,United States,BAX,2022-03-07,Baxter International
2022-03-08,84.5199966430664,84.6299972534179,80.4400024414062,80.4499969482421,73.4757232666015,3159800,Baxter International,United States,BAX,2022-03-08,Baxter International
2022-03-09,81.3300018310546,81.7600021362304,79.2600021362304,79.7399978637695,72.8272628784179,3453500,Baxter International,United States,BAX,2022-03-09,Baxter International
2022-03-10,78.8600006103515,79.5599975585937,77.6900024414062,78.9800033569336,72.1331634521484,2751000,Baxter International,United States,BAX,2022-03-10,Baxter International
2022-03-11,79.4199981689453,79.4199981689453,76.6699981689453,76.8499984741211,70.1878051757812,3833000,Baxter International,United States,BAX,2022-03-11,Baxter International
2022-03-14,77.4499969482421,78.8099975585937,77.1999969482421,77.9899978637695,71.2289810180664,2452700,Baxter International,United States,BAX,2022-03-14,Baxter International
2022-03-15,78.5899963378906,78.9400024414062,77.9499969482421,78.6699981689453,71.8500289916992,1720700,Baxter International,United States,BAX,2022-03-15,Baxter International
2022-03-16,79.1399993896484,79.6999969482421,77.9800033569336,78.9599990844726,72.1148834228515,2288900,Baxter International,United States,BAX,2022-03-16,Baxter International
2022-03-17,78.6999969482421,79.5999984741211,77.9700012207031,79.4400024414062,72.5532913208007,2662700,Baxter International,United States,BAX,2022-03-17,Baxter International
2022-03-18,79.5199966430664,79.6299972534179,77.7900009155273,79.120002746582,72.2610244750976,3895600,Baxter International,United States,BAX,2022-03-18,Baxter International
2022-03-21,79.0100021362304,79.9199981689453,78.8499984741211,79.0500030517578,72.1970977783203,3016700,Baxter International,United States,BAX,2022-03-21,Baxter International
2022-03-22,79.2600021362304,79.2699966430664,78.0100021362304,78.0100021362304,71.2472610473632,4193000,Baxter International,United States,BAX,2022-03-22,Baxter International
2022-03-23,78.0299987792968,78.1100006103515,76.9199981689453,77.0699996948242,70.3887176513671,4620600,Baxter International,United States,BAX,2022-03-23,Baxter International
2022-03-24,77.3799972534179,78.0,76.8600006103515,77.6800003051757,70.9458465576171,7617400,Baxter International,United States,BAX,2022-03-24,Baxter International
2022-03-25,77.5999984741211,78.3300018310546,76.7600021362304,77.2099990844726,70.5165939331054,2990100,Baxter International,United States,BAX,2022-03-25,Baxter International
2022-03-28,77.3499984741211,78.9300003051757,76.75,78.9199981689453,72.0783462524414,3536600,Baxter International,United States,BAX,2022-03-28,Baxter International
2022-03-29,79.6500015258789,80.7200012207031,78.9199981689453,79.5100021362304,72.6172103881836,6771000,Baxter International,United States,BAX,2022-03-29,Baxter International
2022-03-30,79.620002746582,80.0400009155273,78.5999984741211,79.3799972534179,72.4984817504882,2861100,Baxter International,United States,BAX,2022-03-30,Baxter International
2022-03-31,79.0500030517578,79.6800003051757,77.1900024414062,77.5400009155273,70.8179855346679,4662200,Baxter International,United States,BAX,2022-03-31,Baxter International
2022-04-01,77.6800003051757,78.620002746582,76.9400024414062,78.5800018310546,71.7678527832031,3183400,Baxter International,United States,BAX,2022-04-01,Baxter International
2022-04-04,76.1500015258789,77.0199966430664,75.4199981689453,75.4700012207031,68.9274597167968,5406800,Baxter International,United States,BAX,2022-04-04,Baxter International
2022-04-05,75.3199996948242,78.0,75.3199996948242,76.4899978637695,69.8590240478515,4263500,Baxter International,United States,BAX,2022-04-05,Baxter International
2022-04-06,76.0400009155273,77.0899963378906,75.7799987792968,77.0,70.3248214721679,3513200,Baxter International,United States,BAX,2022-04-06,Baxter International
2022-04-07,76.6299972534179,78.2600021362304,76.5500030517578,78.0100021362304,71.2472610473632,2976400,Baxter International,United States,BAX,2022-04-07,Baxter International
2022-04-08,77.8499984741211,80.3099975585937,77.8499984741211,80.0,73.0647430419921,4260900,Baxter International,United States,BAX,2022-04-08,Baxter International
2022-04-11,80.0,80.5800018310546,78.5999984741211,78.7699966430664,71.9413681030273,3590700,Baxter International,United States,BAX,2022-04-11,Baxter International
2022-04-12,78.1999969482421,79.5699996948242,77.9499969482421,78.0699996948242,71.3020553588867,3045100,Baxter International,United States,BAX,2022-04-12,Baxter International
2022-04-13,78.0500030517578,78.8000030517578,77.5899963378906,78.4400024414062,71.6399688720703,2459100,Baxter International,United States,BAX,2022-04-13,Baxter International
2022-04-14,78.6800003051757,78.7600021362304,75.9700012207031,76.4400024414062,69.8133468627929,3843100,Baxter International,United States,BAX,2022-04-14,Baxter International
2022-04-18,76.25,76.370002746582,74.5999984741211,74.9700012207031,68.4707870483398,1824000,Baxter International,United States,BAX,2022-04-18,Baxter International
2022-04-19,75.2200012207031,76.6299972534179,75.0800018310546,76.5100021362304,69.8772964477539,2523800,Baxter International,United States,BAX,2022-04-19,Baxter International
2022-04-20,76.4899978637695,78.7300033569336,75.8799972534179,78.5599975585937,71.7495651245117,2492200,Baxter International,United States,BAX,2022-04-20,Baxter International
2022-04-21,78.6600036621093,78.6600036621093,77.7900009155273,77.9800033569336,71.2198410034179,2224300,Baxter International,United States,BAX,2022-04-21,Baxter International
2022-04-22,77.4000015258789,77.4000015258789,72.8899993896484,73.0800018310546,66.744644165039,4266500,Baxter International,United States,BAX,2022-04-22,Baxter International
2022-04-25,72.8000030517578,73.2200012207031,72.1299972534179,72.9100036621093,66.5893630981445,3140100,Baxter International,United States,BAX,2022-04-25,Baxter International
2022-04-26,72.2399978637695,72.6500015258789,70.5,70.5299987792968,64.4157180786132,2280900,Baxter International,United States,BAX,2022-04-26,Baxter International
2022-04-27,70.7200012207031,72.120002746582,70.3000030517578,71.0699996948242,64.9088821411132,4639300,Baxter International,United States,BAX,2022-04-27,Baxter International
2022-04-28,71.1600036621093,74.6500015258789,69.8799972534179,70.8000030517578,64.6622848510742,8441000,Baxter International,United States,BAX,2022-04-28,Baxter International
2022-04-29,70.2399978637695,72.1100006103515,69.7200012207031,71.0599975585937,64.8997650146484,4019200,Baxter International,United States,BAX,2022-04-29,Baxter International
2022-05-02,71.3300018310546,72.4300003051757,69.7200012207031,70.6100006103515,64.48876953125,3854700,Baxter International,United States,BAX,2022-05-02,Baxter International
2022-05-03,71.120002746582,72.8899993896484,71.0100021362304,72.0500030517578,65.8039245605468,4496600,Baxter International,United States,BAX,2022-05-03,Baxter International
2022-05-04,71.9499969482421,73.6299972534179,71.6500015258789,73.1999969482421,66.8542251586914,3550800,Baxter International,United States,BAX,2022-05-04,Baxter International
2022-05-05,72.7399978637695,73.3899993896484,72.0999984741211,72.9899978637695,66.6624374389648,3029700,Baxter International,United States,BAX,2022-05-05,Baxter International
2022-05-06,72.5100021362304,73.1900024414062,71.7900009155273,72.7900009155273,66.4797668457031,3174400,Baxter International,United States,BAX,2022-05-06,Baxter International
2022-05-09,72.1600036621093,74.5100021362304,71.8799972534179,73.620002746582,67.2378234863281,4362400,Baxter International,United States,BAX,2022-05-09,Baxter International
2022-05-10,73.8600006103515,74.2200012207031,72.2200012207031,72.4599990844726,66.1783981323242,3417400,Baxter International,United States,BAX,2022-05-10,Baxter International
2022-05-11,72.3799972534179,74.2399978637695,71.9100036621093,72.0,65.7582855224609,2543400,Baxter International,United States,BAX,2022-05-11,Baxter International
2022-05-12,72.120002746582,72.8099975585937,71.2699966430664,72.6500015258789,66.3519287109375,2270600,Baxter International,United States,BAX,2022-05-12,Baxter International
2022-05-13,72.8000030517578,73.5,72.5800018310546,73.0299987792968,66.6989669799804,2069400,Baxter International,United States,BAX,2022-05-13,Baxter International
2022-05-16,73.0599975585937,73.7799987792968,72.5400009155273,73.6900024414062,67.3017654418945,2864000,Baxter International,United States,BAX,2022-05-16,Baxter International
2022-05-17,74.1699981689453,74.3600006103515,73.4199981689453,74.3399963378906,67.895393371582,1981000,Baxter International,United States,BAX,2022-05-17,Baxter International
2022-05-18,73.9000015258789,74.1500015258789,71.8199996948242,72.120002746582,65.8678741455078,1994300,Baxter International,United States,BAX,2022-05-18,Baxter International
2022-05-19,71.5500030517578,72.7099990844726,71.1600036621093,72.5999984741211,66.3062438964843,2580700,Baxter International,United States,BAX,2022-05-19,Baxter International
2022-05-20,73.1399993896484,73.3000030517578,72.0699996948242,73.2300033569336,66.8816375732421,1695500,Baxter International,United States,BAX,2022-05-20,Baxter International
2022-05-23,74.1900024414062,74.4899978637695,73.0100021362304,73.370002746582,67.0094909667968,2322900,Baxter International,United States,BAX,2022-05-23,Baxter International
2022-05-24,73.4899978637695,73.9599990844726,72.9300003051757,73.9000015258789,67.4935607910156,3259600,Baxter International,United States,BAX,2022-05-24,Baxter International
2022-05-25,73.8300018310546,77.0800018310546,73.5400009155273,75.1900024414062,68.6717224121093,4050000,Baxter International,United States,BAX,2022-05-25,Baxter International
2022-05-26,75.1800003051757,76.3000030517578,74.7099990844726,75.75,69.1831817626953,1824200,Baxter International,United States,BAX,2022-05-26,Baxter International
2022-05-27,76.1600036621093,76.6600036621093,75.5999984741211,76.1600036621093,69.557632446289,2576200,Baxter International,United States,BAX,2022-05-27,Baxter International
2022-05-31,75.3799972534179,76.5100021362304,74.75,76.0500030517578,69.4571685791015,3853400,Baxter International,United States,BAX,2022-05-31,Baxter International
2022-06-01,76.2300033569336,76.4800033569336,74.0400009155273,74.4700012207031,68.0141448974609,1862400,Baxter International,United States,BAX,2022-06-01,Baxter International
2022-06-02,74.5,74.5,72.3000030517578,74.2600021362304,68.0874938964843,2189400,Baxter International,United States,BAX,2022-06-02,Baxter International
2022-06-03,74.0,74.4300003051757,72.4700012207031,72.5400009155273,66.5104522705078,1881800,Baxter International,United States,BAX,2022-06-03,Baxter International
2022-06-06,72.2200012207031,73.2699966430664,71.9599990844726,72.5,66.4737777709961,1917700,Baxter International,United States,BAX,2022-06-06,Baxter International
2022-06-07,72.3000030517578,72.620002746582,71.8300018310546,72.5800018310546,66.547134399414,1989000,Baxter International,United States,BAX,2022-06-07,Baxter International
2022-06-08,72.5,73.0500030517578,72.1800003051757,72.8499984741211,66.7946853637695,1526200,Baxter International,United States,BAX,2022-06-08,Baxter International
2022-06-09,72.3000030517578,72.8499984741211,71.5,72.0299987792968,66.042854309082,2865200,Baxter International,United States,BAX,2022-06-09,Baxter International
2022-06-10,71.4300003051757,73.6299972534179,71.1900024414062,73.120002746582,67.0422439575195,3268800,Baxter International,United States,BAX,2022-06-10,Baxter International
2022-06-13,71.8300018310546,72.6500015258789,71.2600021362304,71.5699996948242,65.6210784912109,3779600,Baxter International,United States,BAX,2022-06-13,Baxter International
2022-06-14,71.4899978637695,72.1500015258789,67.2300033569336,67.4800033569336,61.8710556030273,6008400,Baxter International,United States,BAX,2022-06-14,Baxter International
2022-06-15,67.8399963378906,68.7399978637695,66.9100036621093,67.8300018310546,62.1919593811035,3746200,Baxter International,United States,BAX,2022-06-15,Baxter International
2022-06-16,66.5,66.8000030517578,64.7799987792968,65.2900009155273,59.8630828857421,2918100,Baxter International,United States,BAX,2022-06-16,Baxter International
2022-06-17,65.4300003051757,66.370002746582,63.2700004577636,63.8300018310546,58.524429321289,7244100,Baxter International,United States,BAX,2022-06-17,Baxter International
2022-06-21,64.5699996948242,64.6800003051757,63.25,64.0199966430664,58.6986389160156,3698000,Baxter International,United States,BAX,2022-06-21,Baxter International
2022-06-22,63.560001373291,65.5800018310546,63.2599983215332,64.75,59.3679618835449,2541700,Baxter International,United States,BAX,2022-06-22,Baxter International
2022-06-23,64.9300003051757,65.5599975585937,64.3499984741211,65.0800018310546,59.6705284118652,2413300,Baxter International,United States,BAX,2022-06-23,Baxter International
2022-06-24,63.75,67.0299987792968,63.75,66.7799987792968,61.2292327880859,4080300,Baxter International,United States,BAX,2022-06-24,Baxter International
2022-06-27,66.7699966430664,67.4199981689453,66.3099975585937,66.7099990844726,61.1650466918945,2300600,Baxter International,United States,BAX,2022-06-27,Baxter International
2022-06-28,67.0,67.0999984741211,65.1800003051757,65.25,59.8264007568359,2548900,Baxter International,United States,BAX,2022-06-28,Baxter International
2022-06-29,65.4899978637695,65.9199981689453,64.8000030517578,65.8099975585937,60.3398551940918,2589600,Baxter International,United States,BAX,2022-06-29,Baxter International
2022-06-30,65.3099975585937,65.5100021362304,64.0899963378906,64.2300033569336,58.8911933898925,3410800,Baxter International,United States,BAX,2022-06-30,Baxter International
2022-07-01,64.0999984741211,65.6100006103515,63.7099990844726,65.4899978637695,60.046459197998,2517700,Baxter International,United States,BAX,2022-07-01,Baxter International
2022-07-05,65.0100021362304,65.4300003051757,63.5400009155273,65.3899993896484,59.9547691345214,1937600,Baxter International,United States,BAX,2022-07-05,Baxter International
2022-07-06,65.4800033569336,65.7399978637695,64.8499984741211,65.1100006103515,59.6980400085449,2242100,Baxter International,United States,BAX,2022-07-06,Baxter International
2022-07-07,65.1100006103515,65.4100036621093,64.5699996948242,65.2099990844726,59.7897262573242,2509200,Baxter International,United States,BAX,2022-07-07,Baxter International
2022-07-08,65.370002746582,65.870002746582,64.8300018310546,65.1800003051757,59.762222290039,2268800,Baxter International,United States,BAX,2022-07-08,Baxter International
2022-07-11,64.6399993896484,65.0,64.2200012207031,64.5100021362304,59.1479225158691,2530700,Baxter International,United States,BAX,2022-07-11,Baxter International
2022-07-12,64.25,65.1299972534179,64.1399993896484,64.6800003051757,59.3037910461425,2648800,Baxter International,United States,BAX,2022-07-12,Baxter International
2022-07-13,64.0899963378906,64.4499969482421,63.4300003051757,63.7799987792968,58.478588104248,2579500,Baxter International,United States,BAX,2022-07-13,Baxter International
2022-07-14,62.9900016784668,63.6800003051757,62.7000007629394,63.4199981689453,58.148509979248,2288600,Baxter International,United States,BAX,2022-07-14,Baxter International
2022-07-15,64.4100036621093,65.1800003051757,64.0299987792968,64.9100036621093,59.5146560668945,1855100,Baxter International,United States,BAX,2022-07-15,Baxter International
2022-07-18,64.9300003051757,65.4499969482421,64.1900024414062,64.3600006103515,59.0103797912597,1903400,Baxter International,United States,BAX,2022-07-18,Baxter International
2022-07-19,65.1399993896484,65.5899963378906,64.8799972534179,65.3199996948242,59.8905868530273,2285200,Baxter International,United States,BAX,2022-07-19,Baxter International
2022-07-20,65.1999969482421,65.6500015258789,64.7900009155273,65.5899963378906,60.1381301879882,2526600,Baxter International,United States,BAX,2022-07-20,Baxter International
2022-07-21,65.9300003051757,66.5899963378906,65.4700012207031,66.0299987792968,60.5415573120117,2298000,Baxter International,United States,BAX,2022-07-21,Baxter International
2022-07-22,66.2699966430664,66.4400024414062,65.5999984741211,66.1600036621093,60.6607704162597,1480600,Baxter International,United States,BAX,2022-07-22,Baxter International
2022-07-25,66.2799987792968,66.4700012207031,65.8600006103515,66.2600021362304,60.7524528503418,2115900,Baxter International,United States,BAX,2022-07-25,Baxter International
2022-07-26,66.6299972534179,66.7799987792968,65.9000015258789,66.7399978637695,61.1925621032714,2437400,Baxter International,United States,BAX,2022-07-26,Baxter International
2022-07-27,66.9000015258789,67.0699996948242,65.7900009155273,66.8000030517578,61.247573852539,3136400,Baxter International,United States,BAX,2022-07-27,Baxter International
2022-07-28,61.75,62.6599998474121,58.9099998474121,59.5,54.5543479919433,9053900,Baxter International,United States,BAX,2022-07-28,Baxter International
2022-07-29,59.4199981689453,59.8400001525878,57.9199981689453,58.6599998474121,53.7841567993164,6232100,Baxter International,United States,BAX,2022-07-29,Baxter International
2022-08-01,58.3400001525878,59.1699981689453,58.0299987792968,58.6699981689453,53.7933273315429,5197900,Baxter International,United States,BAX,2022-08-01,Baxter International
2022-08-02,58.7700004577636,59.5,58.3300018310546,58.8800010681152,53.9858741760253,3866800,Baxter International,United States,BAX,2022-08-02,Baxter International
2022-08-03,58.9500007629394,59.0900001525878,57.7700004577636,58.1800003051757,53.3440589904785,4056300,Baxter International,United States,BAX,2022-08-03,Baxter International
2022-08-04,58.4399986267089,58.599998474121,57.75,57.9099998474121,53.0965042114257,4493500,Baxter International,United States,BAX,2022-08-04,Baxter International
2022-08-05,57.7700004577636,58.6100006103515,57.4900016784668,58.5900001525878,53.719985961914,2448300,Baxter International,United States,BAX,2022-08-05,Baxter International
2022-08-08,58.9900016784668,59.9099998474121,58.4700012207031,59.7099990844726,54.7468948364257,3053300,Baxter International,United States,BAX,2022-08-08,Baxter International
2022-08-09,59.5499992370605,59.8199996948242,58.7299995422363,58.9500007629394,54.050064086914,2530900,Baxter International,United States,BAX,2022-08-09,Baxter International
2022-08-10,59.2000007629394,60.060001373291,59.0299987792968,59.9000015258789,54.9210929870605,3130400,Baxter International,United States,BAX,2022-08-10,Baxter International
2022-08-11,60.0699996948242,61.060001373291,59.6899986267089,59.9700012207031,54.9852790832519,2073600,Baxter International,United States,BAX,2022-08-11,Baxter International
2022-08-12,60.0099983215332,60.7099990844726,60.0099983215332,60.4599990844726,55.4345397949218,2114000,Baxter International,United States,BAX,2022-08-12,Baxter International
2022-08-15,60.3300018310546,62.2400016784668,60.1300010681152,62.0200004577636,56.8648834228515,2991900,Baxter International,United States,BAX,2022-08-15,Baxter International
2022-08-16,61.6800003051757,61.8699989318847,60.8199996948242,61.8400001525878,56.6998405456543,2889500,Baxter International,United States,BAX,2022-08-16,Baxter International
2022-08-17,61.5499992370605,61.7599983215332,60.9199981689453,61.3800010681152,56.2780799865722,2124400,Baxter International,United States,BAX,2022-08-17,Baxter International
2022-08-18,61.4199981689453,61.560001373291,60.1300010681152,61.0499992370605,55.9755058288574,2508400,Baxter International,United States,BAX,2022-08-18,Baxter International
2022-08-19,61.5099983215332,62.1199989318847,60.7999992370605,61.25,56.1588821411132,5992300,Baxter International,United States,BAX,2022-08-19,Baxter International
2022-08-22,61.0400009155273,61.1500015258789,59.5299987792968,59.6699981689453,54.7102127075195,3753600,Baxter International,United States,BAX,2022-08-22,Baxter International
2022-08-23,59.310001373291,59.5499992370605,58.6599998474121,58.6599998474121,53.7841567993164,2433300,Baxter International,United States,BAX,2022-08-23,Baxter International
2022-08-24,58.5499992370605,59.099998474121,58.3400001525878,58.7099990844726,53.8300056457519,2938400,Baxter International,United States,BAX,2022-08-24,Baxter International
2022-08-25,59.0299987792968,59.9500007629394,58.4399986267089,59.9199981689453,54.9394378662109,2171500,Baxter International,United States,BAX,2022-08-25,Baxter International
2022-08-26,60.0,60.1100006103515,57.1199989318847,57.1699981689453,52.4180107116699,2544700,Baxter International,United States,BAX,2022-08-26,Baxter International
2022-08-29,56.7999992370605,57.3199996948242,56.4000015258789,56.9900016784668,52.2529830932617,1859100,Baxter International,United States,BAX,2022-08-29,Baxter International
2022-08-30,57.1899986267089,57.2700004577636,56.4000015258789,56.4799995422363,51.7853622436523,2745700,Baxter International,United States,BAX,2022-08-30,Baxter International
2022-08-31,57.2700004577636,58.8899993896484,56.9300003051757,57.4599990844726,52.683910369873,4137300,Baxter International,United States,BAX,2022-08-31,Baxter International
2022-09-01,56.9399986267089,57.2000007629394,56.1399993896484,56.7599983215332,52.3060760498046,4454900,Baxter International,United States,BAX,2022-09-01,Baxter International
2022-09-02,57.0299987792968,57.349998474121,55.8800010681152,56.2099990844726,51.7992362976074,2656500,Baxter International,United States,BAX,2022-09-02,Baxter International
2022-09-06,56.4900016784668,56.5299987792968,54.4500007629394,54.6599998474121,50.370864868164,3081200,Baxter International,United States,BAX,2022-09-06,Baxter International
2022-09-07,54.7599983215332,58.8899993896484,54.5099983215332,58.7299995422363,54.1214981079101,6328700,Baxter International,United States,BAX,2022-09-07,Baxter International
2022-09-08,58.1300010681152,59.099998474121,58.0,58.7000007629394,54.0938529968261,4250300,Baxter International,United States,BAX,2022-09-08,Baxter International
2022-09-09,58.9300003051757,59.810001373291,58.6800003051757,59.5299987792968,54.8587226867675,2383600,Baxter International,United States,BAX,2022-09-09,Baxter International
2022-09-12,59.7799987792968,60.3899993896484,59.6399993896484,59.7799987792968,55.0891036987304,2252300,Baxter International,United States,BAX,2022-09-12,Baxter International
2022-09-13,58.7400016784668,59.1699981689453,57.9799995422363,58.1300010681152,53.5685768127441,2121700,Baxter International,United States,BAX,2022-09-13,Baxter International
2022-09-14,58.2999992370605,59.4799995422363,58.1500015258789,59.1100006103515,54.4716758728027,3048500,Baxter International,United States,BAX,2022-09-14,Baxter International
2022-09-15,59.1199989318847,60.3300018310546,58.5800018310546,58.9700012207031,54.342658996582,2788700,Baxter International,United States,BAX,2022-09-15,Baxter International
2022-09-16,58.7299995422363,58.8300018310546,58.099998474121,58.1800003051757,53.6146507263183,4271000,Baxter International,United States,BAX,2022-09-16,Baxter International
2022-09-19,57.8899993896484,58.5800018310546,56.6100006103515,58.4300003051757,53.8450393676757,2660300,Baxter International,United States,BAX,2022-09-19,Baxter International
2022-09-20,58.0299987792968,58.0299987792968,56.1899986267089,56.5800018310546,52.140209197998,1900500,Baxter International,United States,BAX,2022-09-20,Baxter International
2022-09-21,56.5400009155273,57.0900001525878,55.4500007629394,55.4700012207031,51.1173133850097,1903300,Baxter International,United States,BAX,2022-09-21,Baxter International
2022-09-22,55.2200012207031,55.9900016784668,55.0,55.3699989318847,51.0251541137695,2752000,Baxter International,United States,BAX,2022-09-22,Baxter International
2022-09-23,55.1899986267089,55.5800018310546,54.560001373291,55.4099998474121,51.0620155334472,2610800,Baxter International,United States,BAX,2022-09-23,Baxter International
2022-09-26,55.1599998474121,55.4900016784668,53.8199996948242,54.9099998474121,50.6012535095214,2646700,Baxter International,United States,BAX,2022-09-26,Baxter International
2022-09-27,55.3400001525878,55.5099983215332,53.7799987792968,54.2999992370605,50.0391159057617,2546600,Baxter International,United States,BAX,2022-09-27,Baxter International
2022-09-28,54.8699989318847,55.9199981689453,54.5499992370605,55.560001373291,51.2002487182617,3031500,Baxter International,United States,BAX,2022-09-28,Baxter International
2022-09-29,55.4199981689453,55.9799995422363,54.6800003051757,55.2999992370605,50.9606552124023,3165000,Baxter International,United States,BAX,2022-09-29,Baxter International
2022-09-30,55.5,55.7099990844726,53.849998474121,53.8600006103515,49.6336479187011,3972800,Baxter International,United States,BAX,2022-09-30,Baxter International
2022-10-03,54.25,55.9300003051757,53.810001373291,55.6199989318847,51.2555389404296,3253800,Baxter International,United States,BAX,2022-10-03,Baxter International
2022-10-04,56.1699981689453,57.6100006103515,56.0699996948242,57.4500007629394,52.9419326782226,3320900,Baxter International,United States,BAX,2022-10-04,Baxter International
2022-10-05,56.9399986267089,58.2299995422363,56.7200012207031,57.7099990844726,53.1815376281738,2320300,Baxter International,United States,BAX,2022-10-05,Baxter International
2022-10-06,57.5299987792968,57.7000007629394,55.9599990844726,56.25,51.8360977172851,3195900,Baxter International,United States,BAX,2022-10-06,Baxter International
2022-10-07,55.8899993896484,56.1399993896484,55.2599983215332,55.6199989318847,51.2555389404296,2686600,Baxter International,United States,BAX,2022-10-07,Baxter International
2022-10-10,55.8800010681152,56.0,54.5200004577636,54.9799995422363,50.6657562255859,1937900,Baxter International,United States,BAX,2022-10-10,Baxter International
2022-10-11,54.9099998474121,56.1599998474121,54.4900016784668,55.810001373291,51.4306297302246,3161800,Baxter International,United States,BAX,2022-10-11,Baxter International
2022-10-12,55.6399993896484,55.6399993896484,54.8600006103515,55.0,50.6841888427734,2391400,Baxter International,United States,BAX,2022-10-12,Baxter International
2022-10-13,54.2999992370605,56.4099998474121,53.849998474121,56.0800018310546,51.679443359375,4562100,Baxter International,United States,BAX,2022-10-13,Baxter International
2022-10-14,56.4199981689453,56.75,54.4000015258789,54.5,50.2234230041503,3896000,Baxter International,United States,BAX,2022-10-14,Baxter International
2022-10-17,55.2599983215332,55.8699989318847,54.8699989318847,55.25,50.914566040039,4559100,Baxter International,United States,BAX,2022-10-17,Baxter International
2022-10-18,56.6300010681152,56.810001373291,55.4500007629394,55.599998474121,51.2371025085449,4374200,Baxter International,United States,BAX,2022-10-18,Baxter International
2022-10-19,55.4000015258789,56.4799995422363,54.5299987792968,55.3199996948242,50.979076385498,6516600,Baxter International,United States,BAX,2022-10-19,Baxter International
2022-10-20,55.6199989318847,56.3400001525878,54.8899993896484,55.0,50.6841888427734,3831100,Baxter International,United States,BAX,2022-10-20,Baxter International
2022-10-21,54.9000015258789,56.5400009155273,54.3300018310546,56.4300003051757,52.0019760131835,4516000,Baxter International,United States,BAX,2022-10-21,Baxter International
2022-10-24,56.9199981689453,57.3600006103515,56.1800003051757,56.4300003051757,52.0019760131835,3902100,Baxter International,United States,BAX,2022-10-24,Baxter International
2022-10-25,56.1899986267089,57.2000007629394,55.9599990844726,57.1100006103515,52.6286163330078,4747400,Baxter International,United States,BAX,2022-10-25,Baxter International
2022-10-26,57.4799995422363,58.1199989318847,57.0900001525878,57.6300010681152,53.1078147888183,5030900,Baxter International,United States,BAX,2022-10-26,Baxter International
2022-10-27,57.4500007629394,57.6199989318847,53.5699996948242,53.9700012207031,49.7350158691406,8921400,Baxter International,United States,BAX,2022-10-27,Baxter International
2022-10-28,53.599998474121,55.6300010681152,53.599998474121,55.0,50.6841888427734,6383000,Baxter International,United States,BAX,2022-10-28,Baxter International
2022-10-31,54.8800010681152,55.0499992370605,54.1300010681152,54.349998474121,50.0851860046386,4766700,Baxter International,United States,BAX,2022-10-31,Baxter International
2022-11-01,54.6899986267089,54.9700012207031,53.7099990844726,53.7400016784668,49.5230560302734,3555600,Baxter International,United States,BAX,2022-11-01,Baxter International
2022-11-02,53.4799995422363,53.9799995422363,51.9099998474121,51.9300003051757,47.8550872802734,3947000,Baxter International,United States,BAX,2022-11-02,Baxter International
2022-11-03,51.4099998474121,51.4099998474121,50.4300003051757,50.4399986267089,46.4820098876953,3176700,Baxter International,United States,BAX,2022-11-03,Baxter International
2022-11-04,50.8600006103515,50.9599990844726,49.8300018310546,50.5800018310546,46.6110229492187,3864000,Baxter International,United States,BAX,2022-11-04,Baxter International
2022-11-07,50.7999992370605,52.349998474121,50.6500015258789,52.3400001525878,48.2329139709472,4623300,Baxter International,United States,BAX,2022-11-07,Baxter International
2022-11-08,52.2700004577636,53.2599983215332,51.0099983215332,52.6500015258789,48.5185928344726,4665200,Baxter International,United States,BAX,2022-11-08,Baxter International
2022-11-09,52.810001373291,53.060001373291,51.6300010681152,51.6500015258789,47.597053527832,3358200,Baxter International,United States,BAX,2022-11-09,Baxter International
2022-11-10,53.3400001525878,54.1199989318847,52.8899993896484,53.7299995422363,49.5138435363769,5843300,Baxter International,United States,BAX,2022-11-10,Baxter International
2022-11-11,53.9700012207031,55.1800003051757,53.7999992370605,54.8800010681152,50.5736045837402,10218300,Baxter International,United States,BAX,2022-11-11,Baxter International
2022-11-14,54.8600006103515,55.0499992370605,53.6300010681152,53.6800003051757,49.4677696228027,4128600,Baxter International,United States,BAX,2022-11-14,Baxter International
2022-11-15,54.0299987792968,54.8800010681152,53.6599998474121,54.3400001525878,50.0759735107421,4134100,Baxter International,United States,BAX,2022-11-15,Baxter International
2022-11-16,54.560001373291,55.6100006103515,54.560001373291,54.9399986267089,50.6288909912109,5892600,Baxter International,United States,BAX,2022-11-16,Baxter International
2022-11-17,54.2799987792968,54.5900001525878,53.7000007629394,54.3199996948242,50.0575485229492,5058500,Baxter International,United States,BAX,2022-11-17,Baxter International
2022-11-18,55.0,55.2900009155273,54.5200004577636,55.0,50.6841888427734,4643500,Baxter International,United States,BAX,2022-11-18,Baxter International
2022-11-21,55.0299987792968,56.5099983215332,55.0299987792968,55.8300018310546,51.4490699768066,2537100,Baxter International,United States,BAX,2022-11-21,Baxter International
2022-11-22,55.8300018310546,55.8400001525878,54.7599983215332,55.3199996948242,50.979076385498,3429800,Baxter International,United States,BAX,2022-11-22,Baxter International
2022-11-23,55.3899993896484,56.4599990844726,55.3199996948242,56.2999992370605,51.8821754455566,3460400,Baxter International,United States,BAX,2022-11-23,Baxter International
2022-11-25,56.4599990844726,56.7299995422363,55.7000007629394,56.0,51.6057205200195,2125100,Baxter International,United States,BAX,2022-11-25,Baxter International
2022-11-28,55.7000007629394,56.0299987792968,55.0200004577636,55.1899986267089,50.8592796325683,4321100,Baxter International,United States,BAX,2022-11-28,Baxter International
2022-11-29,55.0099983215332,55.8600006103515,54.7200012207031,55.3400001525878,50.9975051879882,3962100,Baxter International,United States,BAX,2022-11-29,Baxter International
2022-11-30,55.4799995422363,56.5499992370605,54.8899993896484,56.5299987792968,52.094123840332,7416300,Baxter International,United States,BAX,2022-11-30,Baxter International
2022-12-01,56.5,56.9199981689453,52.2999992370605,52.3800010681152,48.518684387207,11120100,Baxter International,United States,BAX,2022-12-01,Baxter International
2022-12-02,51.8800010681152,53.6100006103515,51.7799987792968,53.2200012207031,49.296760559082,7442900,Baxter International,United States,BAX,2022-12-02,Baxter International
2022-12-05,52.7799987792968,52.9799995422363,51.1300010681152,51.2999992370605,47.5182876586914,5018300,Baxter International,United States,BAX,2022-12-05,Baxter International
2022-12-06,51.0,51.8699989318847,50.8800010681152,51.5099983215332,47.7128028869628,4969200,Baxter International,United States,BAX,2022-12-06,Baxter International
2022-12-07,51.4799995422363,52.7700004577636,51.3300018310546,52.349998474121,48.4908866882324,5133900,Baxter International,United States,BAX,2022-12-07,Baxter International
2022-12-08,52.4300003051757,53.1599998474121,52.099998474121,52.6199989318847,48.7409782409668,3184800,Baxter International,United States,BAX,2022-12-08,Baxter International
2022-12-09,52.4399986267089,53.099998474121,52.2599983215332,52.3800010681152,48.518684387207,4494200,Baxter International,United States,BAX,2022-12-09,Baxter International
2022-12-12,52.2200012207031,52.6899986267089,51.7700004577636,52.6300010681152,48.7502479553222,3590500,Baxter International,United States,BAX,2022-12-12,Baxter International
2022-12-13,53.6300010681152,53.7999992370605,52.5099983215332,53.1699981689453,49.2504386901855,4534900,Baxter International,United States,BAX,2022-12-13,Baxter International
2022-12-14,52.9799995422363,53.349998474121,52.0699996948242,52.2999992370605,48.4445762634277,6972900,Baxter International,United States,BAX,2022-12-14,Baxter International
2022-12-15,50.9000015258789,51.4900016784668,49.9199981689453,50.7599983215332,47.0180931091308,7366100,Baxter International,United States,BAX,2022-12-15,Baxter International
2022-12-16,50.4000015258789,50.8699989318847,49.4700012207031,49.7099990844726,46.0455017089843,9392900,Baxter International,United States,BAX,2022-12-16,Baxter International
2022-12-19,49.0,50.2799987792968,49.0,49.9500007629394,46.2678146362304,5556700,Baxter International,United States,BAX,2022-12-19,Baxter International
2022-12-20,49.849998474121,50.349998474121,49.5900001525878,49.9300003051757,46.2492866516113,8072500,Baxter International,United States,BAX,2022-12-20,Baxter International
2022-12-21,50.0699996948242,50.3699989318847,49.8199996948242,50.3300018310546,46.6198005676269,3579800,Baxter International,United States,BAX,2022-12-21,Baxter International
2022-12-22,50.1399993896484,50.3899993896484,49.0099983215332,50.1399993896484,46.4438095092773,3015100,Baxter International,United States,BAX,2022-12-22,Baxter International
2022-12-23,49.9599990844726,50.2099990844726,49.5400009155273,50.1699981689453,46.4715919494628,1837000,Baxter International,United States,BAX,2022-12-23,Baxter International
2022-12-27,50.1500015258789,51.0200004577636,49.5400009155273,50.8400001525878,47.0922050476074,2643200,Baxter International,United States,BAX,2022-12-27,Baxter International
2022-12-28,51.060001373291,51.7000007629394,50.2799987792968,50.3600006103515,46.6475830078125,2247900,Baxter International,United States,BAX,2022-12-28,Baxter International
2022-12-29,50.7200012207031,51.4399986267089,50.6300010681152,51.1199989318847,47.3515586853027,2884900,Baxter International,United States,BAX,2022-12-29,Baxter International
2022-12-30,50.810001373291,51.0400009155273,50.4500007629394,50.9700012207031,47.2126235961914,1823000,Baxter International,United States,BAX,2022-12-30,Baxter International
2023-01-03,50.4000015258789,51.3600006103515,50.1100006103515,51.0400009155273,47.2774620056152,2787400,Baxter International,United States,BAX,2023-01-03,Baxter International
2023-01-04,51.6100006103515,52.5,51.5,52.3300018310546,48.4723625183105,3266600,Baxter International,United States,BAX,2023-01-04,Baxter International
2023-01-05,51.8300018310546,53.1199989318847,51.8300018310546,52.5699996948242,48.6946601867675,3051500,Baxter International,United States,BAX,2023-01-05,Baxter International
2023-01-06,50.0,50.3800010681152,47.8600006103515,48.4500007629394,44.8783836364746,11099000,Baxter International,United States,BAX,2023-01-06,Baxter International
2023-01-09,47.599998474121,47.9500007629394,44.4700012207031,44.7000007629394,41.4048233032226,13897300,Baxter International,United States,BAX,2023-01-09,Baxter International
2023-01-10,45.3199996948242,46.4199981689453,45.0200004577636,45.7400016784668,42.3681602478027,5839600,Baxter International,United States,BAX,2023-01-10,Baxter International
2023-01-11,45.9000015258789,46.0200004577636,45.2700004577636,45.4399986267089,42.0902709960937,5362600,Baxter International,United States,BAX,2023-01-11,Baxter International
2023-01-12,45.3899993896484,45.6399993896484,44.7400016784668,45.0900001525878,41.7660789489746,8526900,Baxter International,United States,BAX,2023-01-12,Baxter International
2023-01-13,44.9700012207031,45.060001373291,44.3300018310546,44.8400001525878,41.5345039367675,6519100,Baxter International,United States,BAX,2023-01-13,Baxter International
2023-01-17,45.0299987792968,45.1199989318847,44.2299995422363,44.7400016784668,41.4418792724609,6301800,Baxter International,United States,BAX,2023-01-17,Baxter International
2023-01-18,44.7999992370605,44.9799995422363,43.9199981689453,44.0,40.7564277648925,7749400,Baxter International,United States,BAX,2023-01-18,Baxter International
2023-01-19,44.0,44.1500015258789,43.3600006103515,43.6399993896484,40.4229660034179,12849500,Baxter International,United States,BAX,2023-01-19,Baxter International
2023-01-20,43.7400016784668,44.0,43.25,43.8800010681152,40.6452827453613,9199200,Baxter International,United States,BAX,2023-01-20,Baxter International
2023-01-23,44.0,45.5900001525878,43.9900016784668,45.1399993896484,41.8123893737793,7252900,Baxter International,United States,BAX,2023-01-23,Baxter International
2023-01-24,44.8899993896484,45.2900009155273,44.560001373291,44.9099998474121,41.5993499755859,4432500,Baxter International,United States,BAX,2023-01-24,Baxter International
2023-01-25,44.5,46.2599983215332,44.4099998474121,46.1399993896484,42.738670349121,4504200,Baxter International,United States,BAX,2023-01-25,Baxter International
2023-01-26,46.310001373291,46.3699989318847,45.849998474121,46.1599998474121,42.7571983337402,3086800,Baxter International,United States,BAX,2023-01-26,Baxter International
2023-01-27,46.0400009155273,46.3300018310546,45.7999992370605,46.0,42.6089859008789,2936800,Baxter International,United States,BAX,2023-01-27,Baxter International
2023-01-30,45.9399986267089,46.1599998474121,45.0699996948242,45.1399993896484,41.8123893737793,4313600,Baxter International,United States,BAX,2023-01-30,Baxter International
2023-01-31,45.2999992370605,45.7599983215332,44.7599983215332,45.6899986267089,42.3218421936035,5078800,Baxter International,United States,BAX,2023-01-31,Baxter International
2023-02-01,45.8899993896484,46.3699989318847,45.2999992370605,46.2799987792968,42.868350982666,7610800,Baxter International,United States,BAX,2023-02-01,Baxter International
2023-02-02,46.4199981689453,47.2299995422363,46.0,47.0099983215332,43.5445365905761,8985300,Baxter International,United States,BAX,2023-02-02,Baxter International
2023-02-03,46.810001373291,47.1500015258789,46.349998474121,46.6800003051757,43.2388725280761,4749800,Baxter International,United States,BAX,2023-02-03,Baxter International
2023-02-06,46.5400009155273,46.6599998474121,45.1300010681152,45.1599998474121,41.8309097290039,3932300,Baxter International,United States,BAX,2023-02-06,Baxter International
2023-02-07,44.8699989318847,45.8300018310546,44.5400009155273,45.6100006103515,42.2477531433105,5983800,Baxter International,United States,BAX,2023-02-07,Baxter International
2023-02-08,45.3699989318847,46.1100006103515,45.3400001525878,45.6800003051757,42.3125877380371,4019400,Baxter International,United States,BAX,2023-02-08,Baxter International
2023-02-09,41.4300003051757,41.5,38.5800018310546,40.1399993896484,37.180980682373,22036000,Baxter International,United States,BAX,2023-02-09,Baxter International
2023-02-10,40.2999992370605,41.5900001525878,39.8699989318847,40.9500007629394,37.9312667846679,12300000,Baxter International,United States,BAX,2023-02-10,Baxter International
2023-02-13,41.0,41.0,40.0,40.5,37.5144424438476,7348800,Baxter International,United States,BAX,2023-02-13,Baxter International
2023-02-14,40.5,40.7200012207031,39.9000015258789,39.9099998474121,36.9679374694824,5902200,Baxter International,United States,BAX,2023-02-14,Baxter International
2023-02-15,39.810001373291,40.1300010681152,39.4799995422363,40.060001373291,37.106876373291,6183300,Baxter International,United States,BAX,2023-02-15,Baxter International
2023-02-16,39.7099990844726,40.2999992370605,39.2299995422363,39.7999992370605,36.8660430908203,5538300,Baxter International,United States,BAX,2023-02-16,Baxter International
2023-02-17,39.9199981689453,41.0400009155273,39.5800018310546,41.0,37.9775848388671,10318700,Baxter International,United States,BAX,2023-02-17,Baxter International
2023-02-21,40.7900009155273,40.8400001525878,40.1199989318847,40.7000007629394,37.6996955871582,6028900,Baxter International,United States,BAX,2023-02-21,Baxter International
2023-02-22,40.8199996948242,41.3899993896484,40.4599990844726,41.0099983215332,37.9868469238281,6130700,Baxter International,United States,BAX,2023-02-22,Baxter International
2023-02-23,40.6399993896484,41.0400009155273,40.060001373291,40.5099983215332,37.7909393310546,5099800,Baxter International,United States,BAX,2023-02-23,Baxter International
2023-02-24,40.0800018310546,40.3699989318847,39.6500015258789,40.1599998474121,37.464427947998,4388400,Baxter International,United States,BAX,2023-02-24,Baxter International
2023-02-27,40.2900009155273,40.5800018310546,39.7099990844726,39.8199996948242,37.1472511291503,5094900,Baxter International,United States,BAX,2023-02-27,Baxter International
2023-02-28,39.7099990844726,40.0699996948242,39.3600006103515,39.9500007629394,37.2685317993164,8207200,Baxter International,United States,BAX,2023-02-28,Baxter International
2023-03-01,39.6500015258789,39.9500007629394,38.8899993896484,39.060001373291,36.4382629394531,6337500,Baxter International,United States,BAX,2023-03-01,Baxter International
2023-03-02,38.7099990844726,39.7599983215332,38.6100006103515,39.6199989318847,36.9606819152832,4236600,Baxter International,United States,BAX,2023-03-02,Baxter International
2023-03-03,40.060001373291,40.3300018310546,39.6899986267089,39.9399986267089,37.2592010498046,4104400,Baxter International,United States,BAX,2023-03-03,Baxter International
2023-03-06,40.0,40.1500015258789,39.7000007629394,39.7099990844726,37.044635772705,4330400,Baxter International,United States,BAX,2023-03-06,Baxter International
2023-03-07,39.6199989318847,39.849998474121,38.9700012207031,38.9900016784668,36.3729667663574,6239000,Baxter International,United States,BAX,2023-03-07,Baxter International
2023-03-08,38.7999992370605,39.5499992370605,38.7900009155273,39.4399986267089,36.7927589416503,4862600,Baxter International,United States,BAX,2023-03-08,Baxter International
2023-03-09,39.810001373291,39.8400001525878,38.9799995422363,38.9900016784668,36.3729667663574,4225500,Baxter International,United States,BAX,2023-03-09,Baxter International
2023-03-10,38.7900009155273,39.0299987792968,37.9500007629394,38.0200004577636,35.4680671691894,5830400,Baxter International,United States,BAX,2023-03-10,Baxter International
2023-03-13,38.0,39.2400016784668,37.7400016784668,38.9000015258789,36.2890129089355,6119800,Baxter International,United States,BAX,2023-03-13,Baxter International
2023-03-14,39.3600006103515,39.560001373291,38.810001373291,39.3699989318847,36.7274551391601,6177500,Baxter International,United States,BAX,2023-03-14,Baxter International
2023-03-15,38.7799987792968,38.8800010681152,37.9900016784668,38.2299995422363,35.6639671325683,7016000,Baxter International,United States,BAX,2023-03-15,Baxter International
2023-03-16,37.8600006103515,38.6199989318847,37.8300018310546,38.3699989318847,35.7945861816406,7920500,Baxter International,United States,BAX,2023-03-16,Baxter International
2023-03-17,38.5699996948242,38.6100006103515,37.349998474121,37.5800018310546,35.0576019287109,11701700,Baxter International,United States,BAX,2023-03-17,Baxter International
2023-03-20,37.5900001525878,38.3300018310546,37.5200004577636,38.1899986267089,35.6266555786132,6256700,Baxter International,United States,BAX,2023-03-20,Baxter International
2023-03-21,38.599998474121,39.7099990844726,38.5900001525878,39.6100006103515,36.9513511657714,8958300,Baxter International,United States,BAX,2023-03-21,Baxter International
2023-03-22,39.599998474121,40.1500015258789,39.1300010681152,39.1599998474121,36.5315589904785,6557700,Baxter International,United States,BAX,2023-03-22,Baxter International
2023-03-23,39.25,39.4099998474121,38.0800018310546,38.1199989318847,35.5613594055175,4855000,Baxter International,United States,BAX,2023-03-23,Baxter International
2023-03-24,38.2599983215332,39.4700012207031,38.1399993896484,39.2299995422363,36.5968589782714,7628700,Baxter International,United States,BAX,2023-03-24,Baxter International
2023-03-27,39.9799995422363,40.4099998474121,39.5200004577636,40.0699996948242,37.3804740905761,5650400,Baxter International,United States,BAX,2023-03-27,Baxter International
2023-03-28,39.8899993896484,40.2200012207031,39.6699981689453,39.849998474121,37.175235748291,2860400,Baxter International,United States,BAX,2023-03-28,Baxter International
2023-03-29,39.9099998474121,40.6100006103515,39.7200012207031,40.5400009155273,37.8189277648925,4161700,Baxter International,United States,BAX,2023-03-29,Baxter International
2023-03-30,40.9900016784668,41.1100006103515,40.2599983215332,40.310001373291,37.6043624877929,4395800,Baxter International,United States,BAX,2023-03-30,Baxter International
2023-03-31,40.4799995422363,40.6399993896484,40.2700004577636,40.560001373291,37.837589263916,4620100,Baxter International,United States,BAX,2023-03-31,Baxter International
2023-04-03,40.8300018310546,40.849998474121,39.8400001525878,39.9799995422363,37.296516418457,6032200,Baxter International,United States,BAX,2023-04-03,Baxter International
2023-04-04,39.9700012207031,40.6899986267089,39.6699981689453,40.5,37.7816085815429,8661300,Baxter International,United States,BAX,2023-04-04,Baxter International
2023-04-05,40.6899986267089,42.4700012207031,40.6100006103515,42.2599983215332,39.4234733581543,11518600,Baxter International,United States,BAX,2023-04-05,Baxter International
2023-04-06,42.4599990844726,42.7200012207031,41.8600006103515,42.2999992370605,39.4607925415039,4393700,Baxter International,United States,BAX,2023-04-06,Baxter International
2023-04-10,42.0,42.2900009155273,41.6100006103515,42.1699981689453,39.3395271301269,7271400,Baxter International,United States,BAX,2023-04-10,Baxter International
2023-04-11,42.4500007629394,43.2200012207031,42.3899993896484,42.8899993896484,40.0111923217773,4701100,Baxter International,United States,BAX,2023-04-11,Baxter International
2023-04-12,43.0900001525878,43.4399986267089,42.349998474121,42.6699981689453,39.8059577941894,6255800,Baxter International,United States,BAX,2023-04-12,Baxter International
2023-04-13,42.7700004577636,43.5499992370605,42.7700004577636,43.1800003051757,40.2817306518554,8364400,Baxter International,United States,BAX,2023-04-13,Baxter International
2023-04-14,43.1500015258789,43.3400001525878,42.8600006103515,43.0499992370605,40.1604461669921,3531400,Baxter International,United States,BAX,2023-04-14,Baxter International
2023-04-17,43.2000007629394,43.2999992370605,42.8800010681152,42.9700012207031,40.0858192443847,5033900,Baxter International,United States,BAX,2023-04-17,Baxter International
2023-04-18,43.0099983215332,43.060001373291,42.7200012207031,42.8199996948242,39.9458923339843,3636900,Baxter International,United States,BAX,2023-04-18,Baxter International
2023-04-19,42.9599990844726,43.7599983215332,42.9199981689453,43.6199989318847,40.6921882629394,6144900,Baxter International,United States,BAX,2023-04-19,Baxter International
2023-04-20,43.4599990844726,43.5900001525878,43.1300010681152,43.25,40.3470306396484,3545900,Baxter International,United States,BAX,2023-04-20,Baxter International
2023-04-21,43.4799995422363,45.4500007629394,43.4799995422363,45.2900009155273,42.2501068115234,11375900,Baxter International,United States,BAX,2023-04-21,Baxter International
2023-04-24,45.5,45.9799995422363,45.3300018310546,45.4000015258789,42.3527221679687,7830200,Baxter International,United States,BAX,2023-04-24,Baxter International
2023-04-25,45.0900001525878,46.0099983215332,45.0699996948242,45.4399986267089,42.3900337219238,6439500,Baxter International,United States,BAX,2023-04-25,Baxter International
2023-04-26,44.8199996948242,46.5900001525878,44.7299995422363,46.0800018310546,42.987075805664,6618300,Baxter International,United States,BAX,2023-04-26,Baxter International
2023-04-27,47.0,47.9700012207031,45.060001373291,46.7999992370605,43.6587486267089,10785100,Baxter International,United States,BAX,2023-04-27,Baxter International
2023-04-28,46.9399986267089,47.8800010681152,46.6800003051757,47.6800003051757,44.4796829223632,6017900,Baxter International,United States,BAX,2023-04-28,Baxter International
2023-05-01,47.5900001525878,48.2299995422363,47.310001373291,47.3800010681152,44.1998252868652,3730000,Baxter International,United States,BAX,2023-05-01,Baxter International
2023-05-02,47.1899986267089,47.5699996948242,46.8300018310546,47.0099983215332,43.8546562194824,4229700,Baxter International,United States,BAX,2023-05-02,Baxter International
2023-05-03,47.1599998474121,47.5400009155273,46.4700012207031,46.5,43.3788909912109,3526200,Baxter International,United States,BAX,2023-05-03,Baxter International
2023-05-04,46.1300010681152,46.3600006103515,45.2200012207031,45.2900009155273,42.2501068115234,4159800,Baxter International,United States,BAX,2023-05-04,Baxter International
2023-05-05,45.5400009155273,46.1699981689453,45.310001373291,46.0499992370605,42.9590873718261,3290100,Baxter International,United States,BAX,2023-05-05,Baxter International
2023-05-08,46.5,47.2599983215332,44.8199996948242,45.6100006103515,42.5486259460449,7650300,Baxter International,United States,BAX,2023-05-08,Baxter International
2023-05-09,44.8600006103515,44.9900016784668,42.4399986267089,43.0800018310546,40.1884422302246,9329700,Baxter International,United States,BAX,2023-05-09,Baxter International
2023-05-10,43.3199996948242,44.1800003051757,43.099998474121,43.8400001525878,40.8974304199218,7169200,Baxter International,United States,BAX,2023-05-10,Baxter International
2023-05-11,43.810001373291,43.8699989318847,43.0499992370605,43.3800010681152,40.4682998657226,7875700,Baxter International,United States,BAX,2023-05-11,Baxter International
2023-05-12,43.4300003051757,43.5,42.2799987792968,42.4700012207031,39.619384765625,5003200,Baxter International,United States,BAX,2023-05-12,Baxter International
2023-05-15,42.5699996948242,43.1399993896484,42.2299995422363,42.8199996948242,39.9458923339843,3811200,Baxter International,United States,BAX,2023-05-15,Baxter International
2023-05-16,42.6300010681152,43.6800003051757,42.5900001525878,43.0099983215332,40.1231422424316,4691200,Baxter International,United States,BAX,2023-05-16,Baxter International
2023-05-17,42.9900016784668,43.2299995422363,42.5,42.7799987792968,39.9085731506347,4206600,Baxter International,United States,BAX,2023-05-17,Baxter International
2023-05-18,42.5900001525878,43.0800018310546,42.4799995422363,43.0299987792968,40.1417999267578,3338200,Baxter International,United States,BAX,2023-05-18,Baxter International
2023-05-19,43.25,43.3600006103515,42.75,42.9900016784668,40.1044807434082,3147800,Baxter International,United States,BAX,2023-05-19,Baxter International
2023-05-22,42.9900016784668,43.2900009155273,42.4300003051757,42.5800018310546,39.7220001220703,3625900,Baxter International,United States,BAX,2023-05-22,Baxter International
2023-05-23,42.599998474121,43.25,42.1699981689453,42.5,39.6473770141601,3967700,Baxter International,United States,BAX,2023-05-23,Baxter International
2023-05-24,42.310001373291,42.4000015258789,41.810001373291,42.1199989318847,39.2928733825683,4319300,Baxter International,United States,BAX,2023-05-24,Baxter International
2023-05-25,41.5299987792968,41.6300010681152,41.0,41.3400001525878,38.5652313232421,3966400,Baxter International,United States,BAX,2023-05-25,Baxter International
2023-05-26,41.4599990844726,41.6599998474121,40.8899993896484,41.2900009155273,38.5185890197753,2695100,Baxter International,United States,BAX,2023-05-26,Baxter International
2023-05-30,41.1100006103515,41.1100006103515,40.2299995422363,40.3300018310546,37.6230278015136,9412000,Baxter International,United States,BAX,2023-05-30,Baxter International
2023-05-31,40.2099990844726,40.9500007629394,39.9199981689453,40.7200012207031,37.9868507385253,12626500,Baxter International,United States,BAX,2023-05-31,Baxter International
2023-06-01,40.5699996948242,41.3300018310546,40.2200012207031,41.2299995422363,38.7384986877441,3516700,Baxter International,United States,BAX,2023-06-01,Baxter International
2023-06-02,41.6399993896484,41.7099990844726,40.8199996948242,41.3300018310546,38.8324661254882,3666300,Baxter International,United States,BAX,2023-06-02,Baxter International
2023-06-05,41.4199981689453,41.75,41.1100006103515,41.6500015258789,39.1331176757812,2479200,Baxter International,United States,BAX,2023-06-05,Baxter International
2023-06-06,41.5,41.5299987792968,40.8400001525878,40.9599990844726,38.4848175048828,3132500,Baxter International,United States,BAX,2023-06-06,Baxter International
2023-06-07,41.1800003051757,42.2200012207031,40.9399986267089,42.1399993896484,39.5935096740722,4682200,Baxter International,United States,BAX,2023-06-07,Baxter International
2023-06-08,42.25,42.3800010681152,40.6399993896484,41.3400001525878,38.8418579101562,4973300,Baxter International,United States,BAX,2023-06-08,Baxter International
2023-06-09,41.5400009155273,42.2200012207031,41.2400016784668,41.9700012207031,39.4337882995605,3477100,Baxter International,United States,BAX,2023-06-09,Baxter International
2023-06-12,42.1300010681152,43.1500015258789,41.9799995422363,42.7099990844726,40.1290664672851,3086200,Baxter International,United States,BAX,2023-06-12,Baxter International
2023-06-13,42.8899993896484,43.7299995422363,42.7999992370605,43.4700012207031,40.8431510925293,3956900,Baxter International,United States,BAX,2023-06-13,Baxter International
2023-06-14,44.1800003051757,44.4700012207031,43.4500007629394,43.4500007629394,40.8243446350097,5805500,Baxter International,United States,BAX,2023-06-14,Baxter International
2023-06-15,43.3800010681152,44.5900001525878,43.310001373291,44.4599990844726,41.7733039855957,4353900,Baxter International,United States,BAX,2023-06-15,Baxter International
2023-06-16,45.1699981689453,45.5299987792968,44.7900009155273,45.3600006103515,42.6189270019531,7918400,Baxter International,United States,BAX,2023-06-16,Baxter International
2023-06-20,44.7200012207031,45.599998474121,44.4500007629394,44.9399986267089,42.224308013916,5599600,Baxter International,United States,BAX,2023-06-20,Baxter International
2023-06-21,44.8199996948242,44.8899993896484,43.9900016784668,44.8400001525878,42.1303558349609,3422100,Baxter International,United States,BAX,2023-06-21,Baxter International
2023-06-22,45.060001373291,45.5099983215332,44.810001373291,45.25,42.5155754089355,4618000,Baxter International,United States,BAX,2023-06-22,Baxter International
2023-06-23,45.0099983215332,45.3199996948242,44.7999992370605,45.0400009155273,42.3182640075683,12036700,Baxter International,United States,BAX,2023-06-23,Baxter International
2023-06-26,44.8899993896484,45.0200004577636,43.8600006103515,44.7099990844726,42.0082054138183,3958900,Baxter International,United States,BAX,2023-06-26,Baxter International
2023-06-27,44.6899986267089,45.5800018310546,44.2299995422363,45.4000015258789,42.656509399414,4666800,Baxter International,United States,BAX,2023-06-27,Baxter International
2023-06-28,45.3800010681152,45.3800010681152,44.8400001525878,45.0800018310546,42.355842590332,3311600,Baxter International,United States,BAX,2023-06-28,Baxter International
2023-06-29,44.6399993896484,44.9300003051757,43.9599990844726,44.7000007629394,41.9988098144531,4764900,Baxter International,United States,BAX,2023-06-29,Baxter International
2023-06-30,45.0800018310546,45.75,44.9199981689453,45.560001373291,42.8068504333496,4265600,Baxter International,United States,BAX,2023-06-30,Baxter International
2023-07-03,45.310001373291,45.75,44.3699989318847,44.6800003051757,41.9800186157226,2155900,Baxter International,United States,BAX,2023-07-03,Baxter International
2023-07-05,44.7599983215332,45.349998474121,44.25,45.1399993896484,42.4122238159179,3972200,Baxter International,United States,BAX,2023-07-05,Baxter International
2023-07-06,44.7999992370605,45.7599983215332,44.5900001525878,45.6100006103515,42.8538284301757,6381900,Baxter International,United States,BAX,2023-07-06,Baxter International
2023-07-07,45.4300003051757,45.7000007629394,45.2200012207031,45.2999992370605,42.5625495910644,3139400,Baxter International,United States,BAX,2023-07-07,Baxter International
2023-07-10,45.4099998474121,45.8199996948242,45.1199989318847,45.6500015258789,42.8914070129394,3243500,Baxter International,United States,BAX,2023-07-10,Baxter International
2023-07-11,45.6300010681152,46.6500015258789,45.5299987792968,46.0299987792968,43.248435974121,3428600,Baxter International,United States,BAX,2023-07-11,Baxter International
2023-07-12,46.4700012207031,46.7099990844726,46.0200004577636,46.3800010681152,43.577293395996,3739900,Baxter International,United States,BAX,2023-07-12,Baxter International
2023-07-13,46.4900016784668,46.9300003051757,46.4900016784668,46.7200012207031,43.8967475891113,4110800,Baxter International,United States,BAX,2023-07-13,Baxter International
2023-07-14,46.8600006103515,47.5,46.8199996948242,46.8600006103515,44.02827835083,4290600,Baxter International,United States,BAX,2023-07-14,Baxter International
2023-07-17,46.599998474121,46.7999992370605,46.4500007629394,46.5499992370605,43.7370147705078,3388800,Baxter International,United States,BAX,2023-07-17,Baxter International
2023-07-18,46.75,47.1300010681152,46.4199981689453,47.0499992370605,44.2068061828613,4561000,Baxter International,United States,BAX,2023-07-18,Baxter International
2023-07-19,47.2000007629394,47.8899993896484,47.1100006103515,47.849998474121,44.9584579467773,6409200,Baxter International,United States,BAX,2023-07-19,Baxter International
2023-07-20,49.349998474121,50.2099990844726,48.1199989318847,49.2900009155273,46.3114471435546,9346700,Baxter International,United States,BAX,2023-07-20,Baxter International
2023-07-21,49.3400001525878,49.4000015258789,48.3300018310546,48.560001373291,45.6255569458007,6256900,Baxter International,United States,BAX,2023-07-21,Baxter International
2023-07-24,48.2400016784668,48.849998474121,47.7400016784668,48.2799987792968,45.3624725341796,4583200,Baxter International,United States,BAX,2023-07-24,Baxter International
2023-07-25,48.0099983215332,49.2900009155273,47.9199981689453,48.7999992370605,45.8510475158691,4918700,Baxter International,United States,BAX,2023-07-25,Baxter International
2023-07-26,48.6500015258789,49.0699996948242,48.5499992370605,48.9500007629394,45.9919853210449,6713400,Baxter International,United States,BAX,2023-07-26,Baxter International
2023-07-27,47.2299995422363,47.7299995422363,45.0200004577636,45.4799995422363,42.7316780090332,11084300,Baxter International,United States,BAX,2023-07-27,Baxter International
2023-07-28,45.5699996948242,47.5099983215332,44.7599983215332,47.0099983215332,44.1692123413085,9516600,Baxter International,United States,BAX,2023-07-28,Baxter International
2023-07-31,46.9500007629394,47.1899986267089,44.8600006103515,45.2299995422363,42.4967880249023,11976800,Baxter International,United States,BAX,2023-07-31,Baxter International
2023-08-01,45.2999992370605,45.4799995422363,44.7700004577636,45.0,42.2806892395019,6711600,Baxter International,United States,BAX,2023-08-01,Baxter International
2023-08-02,44.75,44.849998474121,43.6300010681152,43.9099998474121,41.2565536499023,5458500,Baxter International,United States,BAX,2023-08-02,Baxter International
2023-08-03,43.7000007629394,44.0,43.560001373291,43.9399986267089,41.2847366333007,3376700,Baxter International,United States,BAX,2023-08-03,Baxter International
2023-08-04,43.9000015258789,44.6199989318847,43.7599983215332,43.9199981689453,41.2659454345703,4074100,Baxter International,United States,BAX,2023-08-04,Baxter International
2023-08-07,43.8300018310546,44.310001373291,43.4399986267089,43.5400009155273,40.9089126586914,3120000,Baxter International,United States,BAX,2023-08-07,Baxter International
2023-08-08,43.25,43.3699989318847,42.2799987792968,42.7700004577636,40.1854400634765,3482100,Baxter International,United States,BAX,2023-08-08,Baxter International
2023-08-09,42.8199996948242,43.2900009155273,42.6800003051757,42.9799995422363,40.3827476501464,4146200,Baxter International,United States,BAX,2023-08-09,Baxter International
2023-08-10,42.9599990844726,43.4399986267089,42.8400001525878,42.9900016784668,40.3921432495117,3113800,Baxter International,United States,BAX,2023-08-10,Baxter International
2023-08-11,42.8400001525878,43.3600006103515,42.6800003051757,43.2400016784668,40.6270370483398,2624200,Baxter International,United States,BAX,2023-08-11,Baxter International
2023-08-14,43.25,43.349998474121,42.7700004577636,42.810001373291,40.2230262756347,2745600,Baxter International,United States,BAX,2023-08-14,Baxter International
2023-08-15,42.599998474121,42.6599998474121,42.1500015258789,42.349998474121,39.7908210754394,2806800,Baxter International,United States,BAX,2023-08-15,Baxter International
2023-08-16,42.1800003051757,42.4900016784668,42.0400009155273,42.0800018310546,39.5371398925781,2919200,Baxter International,United States,BAX,2023-08-16,Baxter International
2023-08-17,42.0900001525878,42.2700004577636,41.5,41.75,39.2270774841308,3325500,Baxter International,United States,BAX,2023-08-17,Baxter International
2023-08-18,41.5400009155273,42.0200004577636,41.5200004577636,41.7900009155273,39.264663696289,3956300,Baxter International,United States,BAX,2023-08-18,Baxter International
2023-08-21,42.060001373291,42.2200012207031,41.7200012207031,42.0299987792968,39.4901580810546,3121300,Baxter International,United States,BAX,2023-08-21,Baxter International
2023-08-22,41.9000015258789,42.0,40.6500015258789,41.6100006103515,39.0955429077148,3606900,Baxter International,United States,BAX,2023-08-22,Baxter International
2023-08-23,41.8899993896484,42.25,41.2599983215332,41.4099998474121,38.9076271057128,3156100,Baxter International,United States,BAX,2023-08-23,Baxter International
2023-08-24,41.3400001525878,41.8899993896484,40.9300003051757,41.4599990844726,38.9545936584472,2200600,Baxter International,United States,BAX,2023-08-24,Baxter International
2023-08-25,41.4900016784668,41.7999992370605,41.2000007629394,41.5299987792968,39.0203666687011,3903000,Baxter International,United States,BAX,2023-08-25,Baxter International
2023-08-28,41.849998474121,42.349998474121,41.3899993896484,41.6500015258789,39.1331176757812,2453600,Baxter International,United States,BAX,2023-08-28,Baxter International
2023-08-29,41.849998474121,42.4399986267089,41.6399993896484,42.3300018310546,39.7720336914062,2348300,Baxter International,United States,BAX,2023-08-29,Baxter International
2023-08-30,42.4000015258789,42.6100006103515,41.9000015258789,41.9700012207031,39.4337882995605,2088200,Baxter International,United States,BAX,2023-08-30,Baxter International
2023-08-31,41.8199996948242,41.8199996948242,40.5800018310546,40.599998474121,38.4119873046875,3672500,Baxter International,United States,BAX,2023-08-31,Baxter International
2023-09-01,40.8800010681152,41.0499992370605,40.5,40.599998474121,38.4119873046875,2548900,Baxter International,United States,BAX,2023-09-01,Baxter International
2023-09-05,40.4399986267089,40.4399986267089,38.6300010681152,38.9900016784668,36.8887596130371,5005200,Baxter International,United States,BAX,2023-09-05,Baxter International
2023-09-06,38.8400001525878,39.7999992370605,37.9900016784668,39.6399993896484,37.5037193298339,7249800,Baxter International,United States,BAX,2023-09-06,Baxter International
2023-09-07,39.6599998474121,39.9199981689453,38.7999992370605,38.9700012207031,36.8698348999023,5980400,Baxter International,United States,BAX,2023-09-07,Baxter International
2023-09-08,38.9700012207031,38.9900016784668,38.2599983215332,38.6699981689453,36.5859947204589,2449900,Baxter International,United States,BAX,2023-09-08,Baxter International
2023-09-11,38.9300003051757,39.1399993896484,38.5699996948242,38.7000007629394,36.6143798828125,2790700,Baxter International,United States,BAX,2023-09-11,Baxter International
2023-09-12,38.9399986267089,38.9900016784668,38.2200012207031,38.3300018310546,36.2643203735351,2127900,Baxter International,United States,BAX,2023-09-12,Baxter International
2023-09-13,38.2299995422363,39.1300010681152,38.2299995422363,39.1100006103515,37.0022850036621,3529800,Baxter International,United States,BAX,2023-09-13,Baxter International
2023-09-14,39.2999992370605,39.4000015258789,38.7999992370605,39.1500015258789,37.0401268005371,3233500,Baxter International,United States,BAX,2023-09-14,Baxter International
2023-09-15,39.3199996948242,39.6100006103515,38.9900016784668,39.0800018310546,36.9739074707031,6595100,Baxter International,United States,BAX,2023-09-15,Baxter International
2023-09-18,39.0299987792968,39.1399993896484,38.5699996948242,38.7299995422363,36.6427612304687,3291800,Baxter International,United States,BAX,2023-09-18,Baxter International
2023-09-19,38.6100006103515,38.9799995422363,38.4599990844726,38.9599990844726,36.860366821289,3682000,Baxter International,United States,BAX,2023-09-19,Baxter International
2023-09-20,39.2400016784668,39.2700004577636,38.2999992370605,38.4700012207031,36.3967781066894,3122200,Baxter International,United States,BAX,2023-09-20,Baxter International
2023-09-21,38.25,38.4500007629394,37.9799995422363,38.1100006103515,36.0561752319335,3970500,Baxter International,United States,BAX,2023-09-21,Baxter International
2023-09-22,38.0099983215332,38.1300010681152,37.4199981689453,37.7000007629394,35.6682739257812,4388600,Baxter International,United States,BAX,2023-09-22,Baxter International
2023-09-25,37.599998474121,37.6899986267089,37.3699989318847,37.5,35.4790458679199,2949300,Baxter International,United States,BAX,2023-09-25,Baxter International
2023-09-26,37.3400001525878,37.4900016784668,37.2000007629394,37.3199996948242,35.3087501525878,4231600,Baxter International,United States,BAX,2023-09-26,Baxter International
2023-09-27,37.4000015258789,37.6399993896484,37.0499992370605,37.3300018310546,35.3182106018066,3639300,Baxter International,United States,BAX,2023-09-27,Baxter International
2023-09-28,37.5099983215332,37.7900009155273,37.3800010681152,37.5400009155273,35.5168952941894,4066100,Baxter International,United States,BAX,2023-09-28,Baxter International
2023-09-29,37.7900009155273,37.9300003051757,37.349998474121,37.7400016784668,35.7061119079589,3609800,Baxter International,United States,BAX,2023-09-29,Baxter International
2023-10-02,37.4500007629394,37.7000007629394,37.2299995422363,37.349998474121,35.3371315002441,3953400,Baxter International,United States,BAX,2023-10-02,Baxter International
2023-10-03,37.2099990844726,37.3899993896484,36.6599998474121,36.7799987792968,34.7978515625,5685300,Baxter International,United States,BAX,2023-10-03,Baxter International
2023-10-04,36.8899993896484,37.0400009155273,36.6599998474121,36.9599990844726,34.9681549072265,3686600,Baxter International,United States,BAX,2023-10-04,Baxter International
2023-10-05,36.9799995422363,37.2000007629394,36.7900009155273,37.0200004577636,35.024917602539,5590300,Baxter International,United States,BAX,2023-10-05,Baxter International
2023-10-06,36.7599983215332,37.0400009155273,36.5800018310546,36.6199989318847,34.6464767456054,6766200,Baxter International,United States,BAX,2023-10-06,Baxter International
2023-10-09,36.3699989318847,36.5200004577636,36.0099983215332,36.4900016784668,34.5234870910644,6186400,Baxter International,United States,BAX,2023-10-09,Baxter International
2023-10-10,36.7000007629394,37.3600006103515,36.349998474121,37.3199996948242,35.3087501525878,5493500,Baxter International,United States,BAX,2023-10-10,Baxter International
2023-10-11,35.7999992370605,36.2799987792968,32.2999992370605,32.7400016784668,30.9755802154541,19699700,Baxter International,United States,BAX,2023-10-11,Baxter International
2023-10-12,33.0,33.3199996948242,31.6299991607666,31.7099990844726,30.0010833740234,18394900,Baxter International,United States,BAX,2023-10-12,Baxter International
2023-10-13,31.5499992370605,32.1899986267089,31.4699993133544,31.8400001525878,30.1240806579589,6349200,Baxter International,United States,BAX,2023-10-13,Baxter International
2023-10-16,31.8400001525878,32.349998474121,31.0100002288818,31.9799995422363,30.2565364837646,8613100,Baxter International,United States,BAX,2023-10-16,Baxter International
2023-10-17,31.6399993896484,32.5800018310546,31.3199996948242,31.8400001525878,30.1240806579589,6261200,Baxter International,United States,BAX,2023-10-17,Baxter International
2023-10-18,31.8099994659423,32.4199981689453,31.6599998474121,32.060001373291,30.3322257995605,7611500,Baxter International,United States,BAX,2023-10-18,Baxter International
2023-10-19,32.0299987792968,33.2400016784668,31.7000007629394,32.6100006103515,30.8525810241699,6037100,Baxter International,United States,BAX,2023-10-19,Baxter International
2023-10-20,32.5800018310546,33.1399993896484,32.5499992370605,32.6899986267089,30.9282703399658,5810800,Baxter International,United States,BAX,2023-10-20,Baxter International
2023-10-23,32.5,32.9900016784668,32.5,32.849998474121,31.0796432495117,4269400,Baxter International,United States,BAX,2023-10-23,Baxter International
2023-10-24,32.9199981689453,33.2099990844726,32.4900016784668,32.5699996948242,30.8147411346435,4201400,Baxter International,United States,BAX,2023-10-24,Baxter International
2023-10-25,32.3899993896484,32.4199981689453,31.8799991607666,32.1599998474121,30.4268321990966,4167100,Baxter International,United States,BAX,2023-10-25,Baxter International
2023-10-26,32.0,32.6699981689453,31.8899993896484,32.4500007629394,30.7012042999267,5123100,Baxter International,United States,BAX,2023-10-26,Baxter International
2023-10-27,32.6800003051757,32.7700004577636,32.060001373291,32.1599998474121,30.4268321990966,4608900,Baxter International,United States,BAX,2023-10-27,Baxter International
2023-10-30,32.4500007629394,32.560001373291,31.75,32.0400009155273,30.3133010864257,4730000,Baxter International,United States,BAX,2023-10-30,Baxter International
2023-10-31,32.0699996948242,32.4900016784668,32.060001373291,32.4300003051757,30.6822814941406,5732000,Baxter International,United States,BAX,2023-10-31,Baxter International
2023-11-01,32.4500007629394,32.849998474121,32.2200012207031,32.7900009155273,31.0228843688964,5278500,Baxter International,United States,BAX,2023-11-01,Baxter International
2023-11-02,32.8800010681152,34.5400009155273,32.2799987792968,34.25,32.404197692871,8537600,Baxter International,United States,BAX,2023-11-02,Baxter International
2023-11-03,35.0900001525878,35.2799987792968,33.5,33.9599990844726,32.1298217773437,6502400,Baxter International,United States,BAX,2023-11-03,Baxter International
2023-11-06,34.060001373291,34.599998474121,33.8400001525878,34.4900016784668,32.6312637329101,4231500,Baxter International,United States,BAX,2023-11-06,Baxter International
2023-11-07,34.4500007629394,34.5800018310546,34.1599998474121,34.2099990844726,32.3663482666015,4745000,Baxter International,United States,BAX,2023-11-07,Baxter International
2023-11-08,34.4599990844726,34.4599990844726,33.8300018310546,34.0499992370605,32.2149772644043,3910700,Baxter International,United States,BAX,2023-11-08,Baxter International
2023-11-09,33.9500007629394,34.0800018310546,32.810001373291,32.8300018310546,31.0607318878173,4905000,Baxter International,United States,BAX,2023-11-09,Baxter International
2023-11-10,33.0,33.0,32.5200004577636,32.8199996948242,31.0512657165527,4841500,Baxter International,United States,BAX,2023-11-10,Baxter International
2023-11-13,33.2700004577636,34.1300010681152,33.0099983215332,33.7099990844726,31.8932991027832,9132800,Baxter International,United States,BAX,2023-11-13,Baxter International
2023-11-14,34.0,34.7299995422363,34.0,34.349998474121,32.4988059997558,4244400,Baxter International,United States,BAX,2023-11-14,Baxter International
2023-11-15,34.3400001525878,35.3300018310546,34.2799987792968,35.310001373291,33.4070777893066,5844500,Baxter International,United States,BAX,2023-11-15,Baxter International
2023-11-16,35.2900009155273,35.5499992370605,35.0200004577636,35.4500007629394,33.5395317077636,5426800,Baxter International,United States,BAX,2023-11-16,Baxter International
2023-11-17,35.6599998474121,35.7400016784668,35.2700004577636,35.4599990844726,33.5489845275878,4437200,Baxter International,United States,BAX,2023-11-17,Baxter International
2023-11-20,35.5,35.8699989318847,35.2099990844726,35.6199989318847,33.7003746032714,3717500,Baxter International,United States,BAX,2023-11-20,Baxter International
2023-11-21,35.7599983215332,35.8300018310546,35.5499992370605,35.7000007629394,33.7760581970214,2688400,Baxter International,United States,BAX,2023-11-21,Baxter International
2023-11-22,35.9500007629394,35.9799995422363,35.7299995422363,35.8699989318847,33.936897277832,2403400,Baxter International,United States,BAX,2023-11-22,Baxter International
2023-11-24,35.8199996948242,36.2400016784668,35.8199996948242,36.0200004577636,34.0788116455078,1289400,Baxter International,United States,BAX,2023-11-24,Baxter International
2023-11-27,35.9300003051757,36.5,35.9099998474121,36.4199981689453,34.4572525024414,3529400,Baxter International,United States,BAX,2023-11-27,Baxter International
2023-11-28,36.3400001525878,36.560001373291,36.1199989318847,36.3400001525878,34.3815650939941,2636100,Baxter International,United States,BAX,2023-11-28,Baxter International
2023-11-29,36.349998474121,36.8300018310546,36.2700004577636,36.4000015258789,34.4383277893066,2890300,Baxter International,United States,BAX,2023-11-29,Baxter International
2023-11-30,36.1699981689453,36.4000015258789,35.9099998474121,36.0800018310546,34.4097213745117,5290200,Baxter International,United States,BAX,2023-11-30,Baxter International
2023-12-01,36.099998474121,36.6699981689453,35.9500007629394,36.5499992370605,34.8579635620117,4206900,Baxter International,United States,BAX,2023-12-01,Baxter International
2023-12-04,36.2700004577636,37.1800003051757,36.1699981689453,36.8899993896484,35.1822204589843,3930700,Baxter International,United States,BAX,2023-12-04,Baxter International
2023-12-05,36.6899986267089,36.7999992370605,35.7200012207031,35.7999992370605,34.1426811218261,3015700,Baxter International,United States,BAX,2023-12-05,Baxter International
2023-12-06,35.849998474121,36.1300010681152,35.6199989318847,35.9300003051757,34.2666664123535,3338700,Baxter International,United States,BAX,2023-12-06,Baxter International
2023-12-07,36.0699996948242,36.5800018310546,35.9099998474121,36.5299987792968,34.8388900756835,3973800,Baxter International,United States,BAX,2023-12-07,Baxter International
2023-12-08,36.6300010681152,36.6699981689453,36.0800018310546,36.1500015258789,34.4764785766601,3086500,Baxter International,United States,BAX,2023-12-08,Baxter International
2023-12-11,36.2000007629394,36.4900016784668,36.0800018310546,36.4199981689453,34.7339782714843,3452800,Baxter International,United States,BAX,2023-12-11,Baxter International
2023-12-12,36.6100006103515,36.7900009155273,35.9599990844726,36.6899986267089,34.9914779663085,3783500,Baxter International,United States,BAX,2023-12-12,Baxter International
2023-12-13,36.5699996948242,37.6699981689453,36.4099998474121,37.6300010681152,35.8879623413085,3886800,Baxter International,United States,BAX,2023-12-13,Baxter International
2023-12-14,38.2700004577636,39.2099990844726,38.1399993896484,38.9500007629394,37.146858215332,6347000,Baxter International,United States,BAX,2023-12-14,Baxter International
2023-12-15,38.75,39.1699981689453,38.5099983215332,38.7000007629394,36.9084320068359,6879700,Baxter International,United States,BAX,2023-12-15,Baxter International
2023-12-18,38.849998474121,38.849998474121,38.3199996948242,38.3300018310546,36.5555610656738,2721400,Baxter International,United States,BAX,2023-12-18,Baxter International
2023-12-19,38.4500007629394,38.7200012207031,38.2799987792968,38.6899986267089,36.8988990783691,2196900,Baxter International,United States,BAX,2023-12-19,Baxter International
2023-12-20,38.7099990844726,38.8800010681152,38.4900016784668,38.599998474121,36.813060760498,4702400,Baxter International,United States,BAX,2023-12-20,Baxter International
2023-12-21,38.7099990844726,39.0099983215332,38.1300010681152,38.9099998474121,37.1087074279785,5045500,Baxter International,United States,BAX,2023-12-21,Baxter International
2023-12-22,39.1500015258789,39.4599990844726,38.2999992370605,38.3800010681152,36.6032485961914,4402800,Baxter International,United States,BAX,2023-12-22,Baxter International
2023-12-26,38.2700004577636,38.8300018310546,38.2000007629394,38.5800018310546,36.7939796447753,2396200,Baxter International,United States,BAX,2023-12-26,Baxter International
2023-12-27,38.3400001525878,38.7599983215332,38.2900009155273,38.6599998474121,36.8702812194824,2889200,Baxter International,United States,BAX,2023-12-27,Baxter International
2023-12-28,38.6399993896484,38.9700012207031,38.4099998474121,38.7999992370605,37.0038108825683,2368800,Baxter International,United States,BAX,2023-12-28,Baxter International
2023-12-29,38.7200012207031,38.9900016784668,38.599998474121,38.6599998474121,36.8702812194824,2475600,Baxter International,United States,BAX,2023-12-29,Baxter International
2024-01-02,38.4700012207031,39.7999992370605,38.310001373291,38.849998474121,37.0514831542968,5707000,Baxter International,United States,BAX,2024-01-02,Baxter International
2024-01-03,38.599998474121,38.8800010681152,38.0499992370605,38.1300010681152,36.364818572998,4911700,Baxter International,United States,BAX,2024-01-03,Baxter International
2024-01-04,38.1599998474121,38.9700012207031,37.9500007629394,38.6300010681152,36.8416786193847,4271400,Baxter International,United States,BAX,2024-01-04,Baxter International
2024-01-05,38.4799995422363,39.6500015258789,38.3800010681152,39.1599998474121,37.3471450805664,3453700,Baxter International,United States,BAX,2024-01-05,Baxter International
2024-01-08,39.3699989318847,42.2400016784668,39.2200012207031,40.6699981689453,38.7872238159179,11038200,Baxter International,United States,BAX,2024-01-08,Baxter International
2024-01-09,40.4500007629394,41.2400016784668,40.3699989318847,40.6599998474121,38.7777023315429,4144500,Baxter International,United States,BAX,2024-01-09,Baxter International
2024-01-10,40.7099990844726,40.810001373291,40.1199989318847,40.2900009155273,38.4248275756835,2353400,Baxter International,United States,BAX,2024-01-10,Baxter International
2024-01-11,40.2400016784668,40.3600006103515,39.7900009155273,40.0400009155273,38.1863975524902,2459700,Baxter International,United States,BAX,2024-01-11,Baxter International
2024-01-12,40.25,40.4099998474121,39.849998474121,40.0,38.1482582092285,2910800,Baxter International,United States,BAX,2024-01-12,Baxter International
2024-01-16,39.6800003051757,39.7200012207031,38.9399986267089,39.0499992370605,37.2422294616699,4272800,Baxter International,United States,BAX,2024-01-16,Baxter International
2024-01-17,38.8199996948242,39.1599998474121,38.560001373291,38.6899986267089,36.8988990783691,4003300,Baxter International,United States,BAX,2024-01-17,Baxter International
2024-01-18,38.5099983215332,38.849998474121,38.0099983215332,38.8400001525878,37.04195022583,3508500,Baxter International,United States,BAX,2024-01-18,Baxter International
2024-01-19,38.8800010681152,38.8800010681152,38.3300018310546,38.599998474121,36.813060760498,2790200,Baxter International,United States,BAX,2024-01-19,Baxter International
2024-01-22,38.7099990844726,39.2599983215332,38.5800018310546,38.7200012207031,36.927505493164,2799000,Baxter International,United States,BAX,2024-01-22,Baxter International
2024-01-23,38.9500007629394,39.0200004577636,38.2000007629394,38.4199981689453,36.6413955688476,1882900,Baxter International,United States,BAX,2024-01-23,Baxter International
2024-01-24,38.2999992370605,38.5900001525878,37.8699989318847,37.8800010681152,36.1263961791992,2073800,Baxter International,United States,BAX,2024-01-24,Baxter International
2024-01-25,38.2200012207031,39.0099983215332,38.1500015258789,38.9900016784668,37.18501663208,2840700,Baxter International,United States,BAX,2024-01-25,Baxter International
2024-01-26,39.2099990844726,39.3199996948242,38.6300010681152,38.7900009155273,36.9942626953125,2228900,Baxter International,United States,BAX,2024-01-26,Baxter International
2024-01-29,38.6100006103515,39.3699989318847,38.4799995422363,39.0800018310546,37.2708435058593,3052800,Baxter International,United States,BAX,2024-01-29,Baxter International
2024-01-30,39.1699981689453,39.1699981689453,38.6399993896484,38.7000007629394,36.9084320068359,2026600,Baxter International,United States,BAX,2024-01-30,Baxter International
2024-01-31,39.0,39.3899993896484,38.6100006103515,38.6899986267089,36.8988990783691,3080700,Baxter International,United States,BAX,2024-01-31,Baxter International
2024-02-01,38.560001373291,39.5200004577636,38.4399986267089,39.1899986267089,37.3757400512695,2862100,Baxter International,United States,BAX,2024-02-01,Baxter International
2024-02-02,39.0299987792968,39.2700004577636,38.4500007629394,38.9799995422363,37.1754684448242,2688400,Baxter International,United States,BAX,2024-02-02,Baxter International
2024-02-05,38.7000007629394,39.1699981689453,38.5200004577636,38.5299987792968,36.746295928955,2609800,Baxter International,United States,BAX,2024-02-05,Baxter International
2024-02-06,38.5400009155273,39.7299995422363,38.4799995422363,39.7099990844726,37.8716812133789,3651900,Baxter International,United States,BAX,2024-02-06,Baxter International
2024-02-07,39.7999992370605,39.8899993896484,39.0900001525878,39.3800010681152,37.5569534301757,5802200,Baxter International,United States,BAX,2024-02-07,Baxter International
2024-02-08,39.0,41.310001373291,38.1100006103515,40.4599990844726,38.5869560241699,7956200,Baxter International,United States,BAX,2024-02-08,Baxter International
2024-02-09,40.5,40.5,38.7799987792968,39.5499992370605,37.7190856933593,4745100,Baxter International,United States,BAX,2024-02-09,Baxter International
2024-02-12,39.6899986267089,40.349998474121,39.1599998474121,40.310001373291,38.4439086914062,3560500,Baxter International,United States,BAX,2024-02-12,Baxter International
2024-02-13,40.0299987792968,40.4399986267089,39.0800018310546,39.6199989318847,37.7858428955078,3567800,Baxter International,United States,BAX,2024-02-13,Baxter International
2024-02-14,39.75,40.0,39.4799995422363,39.6399993896484,37.8049125671386,4198700,Baxter International,United States,BAX,2024-02-14,Baxter International
2024-02-15,39.75,41.2599983215332,39.75,40.9399986267089,39.0447311401367,6525600,Baxter International,United States,BAX,2024-02-15,Baxter International
2024-02-16,40.9099998474121,41.8699989318847,40.7700004577636,41.2200012207031,39.3117713928222,5250000,Baxter International,United States,BAX,2024-02-16,Baxter International
2024-02-20,41.1599998474121,42.0499992370605,41.0400009155273,41.7700004577636,39.8363151550293,5002700,Baxter International,United States,BAX,2024-02-20,Baxter International
2024-02-21,41.6699981689453,42.2799987792968,41.3699989318847,42.2299995422363,40.2750167846679,3910400,Baxter International,United States,BAX,2024-02-21,Baxter International
2024-02-22,42.0699996948242,42.1300010681152,41.25,42.0099983215332,40.065200805664,4115900,Baxter International,United States,BAX,2024-02-22,Baxter International
2024-02-23,41.9900016784668,42.8699989318847,41.6199989318847,42.5499992370605,40.5802001953125,3262600,Baxter International,United States,BAX,2024-02-23,Baxter International
2024-02-26,42.4399986267089,42.5400009155273,41.810001373291,42.0,40.0556602478027,2346200,Baxter International,United States,BAX,2024-02-26,Baxter International
2024-02-27,41.9199981689453,42.1800003051757,41.560001373291,41.849998474121,39.9126014709472,2137600,Baxter International,United States,BAX,2024-02-27,Baxter International
2024-02-28,41.6399993896484,41.6500015258789,41.1599998474121,41.560001373291,39.6360359191894,2792000,Baxter International,United States,BAX,2024-02-28,Baxter International
2024-02-29,41.4000015258789,41.4000015258789,40.6100006103515,40.9199981689453,39.2998886108398,5249100,Baxter International,United States,BAX,2024-02-29,Baxter International
2024-03-01,40.9199981689453,41.2099990844726,40.2700004577636,41.0099983215332,39.3863220214843,2825000,Baxter International,United States,BAX,2024-03-01,Baxter International
2024-03-04,41.0,42.6399993896484,40.8400001525878,42.5,40.8173294067382,6431100,Baxter International,United States,BAX,2024-03-04,Baxter International
2024-03-05,43.560001373291,43.9300003051757,42.2400016784668,42.4099998474121,40.730899810791,6879200,Baxter International,United States,BAX,2024-03-05,Baxter International
2024-03-06,42.4500007629394,43.0200004577636,42.0699996948242,42.9900016784668,41.2879371643066,3445700,Baxter International,United States,BAX,2024-03-06,Baxter International
2024-03-07,43.2999992370605,43.6800003051757,43.0400009155273,43.4900016784668,41.768138885498,3949700,Baxter International,United States,BAX,2024-03-07,Baxter International
2024-03-08,43.3800010681152,44.0099983215332,43.2900009155273,43.7700004577636,42.037052154541,2816300,Baxter International,United States,BAX,2024-03-08,Baxter International
2024-03-11,43.6500015258789,43.9700012207031,43.3800010681152,43.4799995422363,41.7585334777832,1973200,Baxter International,United States,BAX,2024-03-11,Baxter International
2024-03-12,43.2599983215332,43.3699989318847,42.8199996948242,42.8899993896484,41.1918869018554,3648600,Baxter International,United States,BAX,2024-03-12,Baxter International
2024-03-13,42.9599990844726,43.349998474121,42.3699989318847,42.6800003051757,40.9902076721191,3852000,Baxter International,United States,BAX,2024-03-13,Baxter International
2024-03-14,42.4000015258789,42.6399993896484,41.6699981689453,42.0200004577636,40.3563385009765,3795700,Baxter International,United States,BAX,2024-03-14,Baxter International
2024-03-15,41.310001373291,41.9099998474121,41.2999992370605,41.6100006103515,39.9625740051269,5489400,Baxter International,United States,BAX,2024-03-15,Baxter International
2024-03-18,41.6399993896484,41.9300003051757,41.2400016784668,41.5400009155273,39.8953399658203,2697300,Baxter International,United States,BAX,2024-03-18,Baxter International
2024-03-19,41.5499992370605,41.9799995422363,41.4399986267089,41.9500007629394,40.2891120910644,3372300,Baxter International,United States,BAX,2024-03-19,Baxter International
2024-03-20,41.9199981689453,42.1500015258789,41.5800018310546,41.8300018310546,40.1738662719726,2059700,Baxter International,United States,BAX,2024-03-20,Baxter International
2024-03-21,41.9799995422363,42.349998474121,41.4799995422363,42.0099983215332,40.3467292785644,3736100,Baxter International,United States,BAX,2024-03-21,Baxter International
2024-03-22,42.0699996948242,42.2200012207031,41.5900001525878,41.9399986267089,40.2795028686523,2060500,Baxter International,United States,BAX,2024-03-22,Baxter International
2024-03-25,42.1500015258789,42.3300018310546,41.560001373291,41.7900009155273,40.1354446411132,4388200,Baxter International,United States,BAX,2024-03-25,Baxter International
2024-03-26,41.8400001525878,41.9199981689453,41.25,41.5400009155273,39.8953399658203,4566400,Baxter International,United States,BAX,2024-03-26,Baxter International
2024-03-27,41.849998474121,42.7900009155273,41.7400016784668,42.6899986267089,40.9998130798339,4168600,Baxter International,United States,BAX,2024-03-27,Baxter International
2024-03-28,42.7400016784668,43.1199989318847,42.6100006103515,42.7400016784668,41.0478286743164,3951700,Baxter International,United States,BAX,2024-03-28,Baxter International
2024-04-01,43.5,43.9900016784668,43.0499992370605,43.5499992370605,41.8257598876953,4552700,Baxter International,United States,BAX,2024-04-01,Baxter International
2024-04-02,42.9799995422363,43.310001373291,42.6800003051757,42.9099998474121,41.2110977172851,2900600,Baxter International,United States,BAX,2024-04-02,Baxter International
2024-04-03,42.9599990844726,43.7200012207031,42.75,43.2799987792968,41.5664482116699,2544700,Baxter International,United States,BAX,2024-04-03,Baxter International
2024-04-04,43.5800018310546,43.7000007629394,42.3800010681152,42.6300010681152,40.9421844482421,3126300,Baxter International,United States,BAX,2024-04-04,Baxter International
2024-04-05,42.4500007629394,42.7999992370605,42.3800010681152,42.6199989318847,40.9325828552246,2970200,Baxter International,United States,BAX,2024-04-05,Baxter International
2024-04-08,42.5499992370605,42.7799987792968,42.099998474121,42.25,40.5772323608398,2397900,Baxter International,United States,BAX,2024-04-08,Baxter International
2024-04-09,42.4099998474121,42.8600006103515,42.1699981689453,42.8300018310546,41.1342735290527,2773000,Baxter International,United States,BAX,2024-04-09,Baxter International
2024-04-10,42.2400016784668,42.2700004577636,41.3300018310546,42.0,40.3371238708496,3615400,Baxter International,United States,BAX,2024-04-10,Baxter International
2024-04-11,42.4399986267089,42.4799995422363,41.6899986267089,42.1199989318847,40.4523696899414,3060600,Baxter International,United States,BAX,2024-04-11,Baxter International
2024-04-12,41.7400016784668,41.9000015258789,40.2099990844726,40.3300018310546,38.7332496643066,4126900,Baxter International,United States,BAX,2024-04-12,Baxter International
2024-04-15,40.7099990844726,40.849998474121,39.8199996948242,40.0400009155273,38.4547271728515,3062100,Baxter International,United States,BAX,2024-04-15,Baxter International
2024-04-16,40.0,40.0499992370605,39.349998474121,39.5699996948242,38.0033378601074,2658800,Baxter International,United States,BAX,2024-04-16,Baxter International
2024-04-17,39.7099990844726,39.849998474121,39.4599990844726,39.5200004577636,37.955322265625,2809400,Baxter International,United States,BAX,2024-04-17,Baxter International
2024-04-18,39.7400016784668,39.7400016784668,39.2900009155273,39.6500015258789,38.0801773071289,2332100,Baxter International,United States,BAX,2024-04-18,Baxter International
2024-04-19,39.9300003051757,40.0800018310546,39.3899993896484,39.4700012207031,37.9073028564453,2808400,Baxter International,United States,BAX,2024-04-19,Baxter International
2024-04-22,39.7799987792968,40.8199996948242,39.5299987792968,40.4000015258789,38.8004837036132,3272900,Baxter International,United States,BAX,2024-04-22,Baxter International
2024-04-23,40.4000015258789,41.1800003051757,40.25,41.0200004577636,39.3959312438964,2646300,Baxter International,United States,BAX,2024-04-23,Baxter International
2024-04-24,40.7799987792968,41.060001373291,40.5400009155273,40.9300003051757,39.3094902038574,2161900,Baxter International,United States,BAX,2024-04-24,Baxter International
2024-04-25,40.75,40.7900009155273,39.7700004577636,40.2299995422363,38.6372032165527,3568000,Baxter International,United States,BAX,2024-04-25,Baxter International
2024-04-26,40.2099990844726,40.4199981689453,39.9700012207031,40.1300010681152,38.5411720275878,2013200,Baxter International,United States,BAX,2024-04-26,Baxter International
2024-04-29,40.1800003051757,40.9599990844726,40.0699996948242,40.6399993896484,39.0309753417968,3263000,Baxter International,United States,BAX,2024-04-29,Baxter International
2024-04-30,40.2999992370605,40.7099990844726,40.0499992370605,40.3699989318847,38.7716636657714,3465100,Baxter International,United States,BAX,2024-04-30,Baxter International
2024-05-01,40.1300010681152,40.7000007629394,39.9599990844726,40.3400001525878,38.7428550720214,3358200,Baxter International,United States,BAX,2024-05-01,Baxter International
2024-05-02,39.099998474121,39.1500015258789,36.2000007629394,36.9099998474121,35.4486503601074,10810800,Baxter International,United States,BAX,2024-05-02,Baxter International
2024-05-03,37.2299995422363,37.4300003051757,36.5,36.8899993896484,35.429443359375,6246800,Baxter International,United States,BAX,2024-05-03,Baxter International
2024-05-06,37.0499992370605,37.099998474121,36.2799987792968,36.5099983215332,35.0644874572753,5784400,Baxter International,United States,BAX,2024-05-06,Baxter International
2024-05-07,36.7700004577636,36.810001373291,35.9700012207031,36.1199989318847,34.6899299621582,5717600,Baxter International,United States,BAX,2024-05-07,Baxter International
2024-05-08,35.9900016784668,36.2099990844726,35.7099990844726,35.75,34.3345870971679,5194200,Baxter International,United States,BAX,2024-05-08,Baxter International
2024-05-09,35.75,35.9500007629394,35.5699996948242,35.9500007629394,34.5266647338867,5067900,Baxter International,United States,BAX,2024-05-09,Baxter International
2024-05-10,35.6199989318847,36.1500015258789,35.5499992370605,35.6899986267089,34.2769546508789,3963000,Baxter International,United States,BAX,2024-05-10,Baxter International
2024-05-13,35.7000007629394,36.0800018310546,35.3899993896484,35.4300003051757,34.0272483825683,4461700,Baxter International,United States,BAX,2024-05-13,Baxter International
2024-05-14,35.4700012207031,35.7599983215332,34.9399986267089,35.2400016784668,33.8447761535644,4472900,Baxter International,United States,BAX,2024-05-14,Baxter International
2024-05-15,35.3600006103515,35.5699996948242,35.2400016784668,35.4300003051757,34.0272483825683,4906900,Baxter International,United States,BAX,2024-05-15,Baxter International
2024-05-16,35.4799995422363,35.5800018310546,35.1199989318847,35.1699981689453,33.777545928955,5884000,Baxter International,United States,BAX,2024-05-16,Baxter International
2024-05-17,35.1800003051757,35.4399986267089,34.8800010681152,35.25,33.8543815612793,3583400,Baxter International,United States,BAX,2024-05-17,Baxter International
2024-05-20,35.2000007629394,35.3400001525878,34.9199981689453,35.0200004577636,33.6334838867187,2307400,Baxter International,United States,BAX,2024-05-20,Baxter International
2024-05-21,35.0200004577636,35.099998474121,34.4199981689453,34.4500007629394,33.0860519409179,4961100,Baxter International,United States,BAX,2024-05-21,Baxter International
2024-05-22,34.3800010681152,34.7000007629394,34.349998474121,34.349998474121,32.990005493164,2781300,Baxter International,United States,BAX,2024-05-22,Baxter International
2024-05-23,34.0400009155273,34.2000007629394,33.5800018310546,34.0,32.6538658142089,6329300,Baxter International,United States,BAX,2024-05-23,Baxter International
2024-05-24,34.3600006103515,34.3899993896484,33.7799987792968,33.9000015258789,32.5578269958496,4982200,Baxter International,United States,BAX,2024-05-24,Baxter International
2024-05-28,33.7599983215332,34.0900001525878,33.5200004577636,33.849998474121,32.5098075866699,3571400,Baxter International,United States,BAX,2024-05-28,Baxter International
2024-05-29,33.7000007629394,33.8699989318847,33.1500015258789,33.1899986267089,31.87593460083,4258800,Baxter International,United States,BAX,2024-05-29,Baxter International
2024-05-30,33.0,33.5800018310546,33.0,33.4300003051757,32.1064300537109,3888200,Baxter International,United States,BAX,2024-05-30,Baxter International
2024-05-31,33.2299995422363,34.1100006103515,33.2000007629394,34.0900001525878,33.0268058776855,5923100,Baxter International,United States,BAX,2024-05-31,Baxter International
2024-06-03,33.9000015258789,34.3800010681152,33.7099990844726,34.0800018310546,33.0171203613281,4443500,Baxter International,United States,BAX,2024-06-03,Baxter International
2024-06-04,34.0,34.1599998474121,33.2400016784668,33.2999992370605,32.2614402770996,5622200,Baxter International,United States,BAX,2024-06-04,Baxter International
2024-06-05,33.2700004577636,33.2700004577636,32.7599983215332,33.1899986267089,32.1548728942871,7123300,Baxter International,United States,BAX,2024-06-05,Baxter International
2024-06-06,33.1500015258789,33.5299987792968,32.9599990844726,33.3199996948242,32.2808189392089,4845900,Baxter International,United States,BAX,2024-06-06,Baxter International
2024-06-07,33.1500015258789,33.4099998474121,32.8800010681152,33.1599998474121,32.1258163452148,5069500,Baxter International,United States,BAX,2024-06-07,Baxter International
2024-06-10,33.0800018310546,33.1300010681152,32.6899986267089,32.8899993896484,31.8642311096191,4333600,Baxter International,United States,BAX,2024-06-10,Baxter International
2024-06-11,32.8400001525878,32.8899993896484,32.4799995422363,32.8699989318847,31.844856262207,4440000,Baxter International,United States,BAX,2024-06-11,Baxter International
2024-06-12,33.1599998474121,33.5200004577636,32.9000015258789,33.310001373291,32.2711372375488,4349100,Baxter International,United States,BAX,2024-06-12,Baxter International
2024-06-13,33.1500015258789,33.7900009155273,32.9099998474121,33.7400016784668,32.6877288818359,5476800,Baxter International,United States,BAX,2024-06-13,Baxter International
2024-06-14,33.560001373291,33.8300018310546,33.4099998474121,33.7799987792968,32.7264747619628,4085300,Baxter International,United States,BAX,2024-06-14,Baxter International
2024-06-17,33.5099983215332,34.1899986267089,33.4599990844726,33.9099998474121,32.8524169921875,4010300,Baxter International,United States,BAX,2024-06-17,Baxter International
2024-06-18,34.0,34.1599998474121,33.6699981689453,33.7299995422363,32.6780357360839,4219500,Baxter International,United States,BAX,2024-06-18,Baxter International
2024-06-20,33.5800018310546,34.2400016784668,33.5,34.0,32.9396133422851,3964700,Baxter International,United States,BAX,2024-06-20,Baxter International
2024-06-21,34.0900001525878,34.3600006103515,33.9500007629394,34.2900009155273,33.2205657958984,6948300,Baxter International,United States,BAX,2024-06-21,Baxter International
2024-06-24,34.2700004577636,34.3699989318847,33.9199981689453,34.1899986267089,33.1236839294433,3766600,Baxter International,United States,BAX,2024-06-24,Baxter International
2024-06-25,34.0800018310546,34.2200012207031,33.8400001525878,33.9599990844726,32.9008522033691,3642000,Baxter International,United States,BAX,2024-06-25,Baxter International
2024-06-26,33.6599998474121,33.9700012207031,33.4700012207031,33.9000015258789,32.84273147583,3279900,Baxter International,United States,BAX,2024-06-26,Baxter International
2024-06-27,33.9000015258789,33.9000015258789,33.4199981689453,33.5200004577636,32.4745788574218,3628000,Baxter International,United States,BAX,2024-06-27,Baxter International
2024-06-28,33.6599998474121,33.75,33.099998474121,33.4500007629394,32.4067649841308,7320100,Baxter International,United States,BAX,2024-06-28,Baxter International
2024-07-01,33.5,34.1800003051757,33.060001373291,33.060001373291,32.0289306640625,4474800,Baxter International,United States,BAX,2024-07-01,Baxter International
2024-07-02,33.099998474121,33.2799987792968,32.6899986267089,32.849998474121,31.825475692749,3932200,Baxter International,United States,BAX,2024-07-02,Baxter International
2024-07-03,32.9000015258789,33.2099990844726,32.7299995422363,33.1599998474121,32.1258163452148,1988700,Baxter International,United States,BAX,2024-07-03,Baxter International
2024-07-05,33.2799987792968,35.2000007629394,32.7999992370605,34.9099998474121,33.8212280273437,11285400,Baxter International,United States,BAX,2024-07-05,Baxter International
2024-07-08,34.7700004577636,34.8699989318847,33.4099998474121,33.6100006103515,32.5617790222168,7364000,Baxter International,United States,BAX,2024-07-08,Baxter International
2024-07-09,33.7900009155273,34.1100006103515,33.3800010681152,34.0099983215332,32.9493026733398,4687400,Baxter International,United States,BAX,2024-07-09,Baxter International
2024-07-10,33.9000015258789,34.2999992370605,33.6699981689453,34.25,33.1818161010742,2990000,Baxter International,United States,BAX,2024-07-10,Baxter International
2024-07-11,34.4799995422363,35.3899993896484,34.4799995422363,35.2200012207031,34.1215629577636,4238600,Baxter International,United States,BAX,2024-07-11,Baxter International
2024-07-12,35.2599983215332,35.5400009155273,35.0200004577636,35.3199996948242,34.2184448242187,3670900,Baxter International,United States,BAX,2024-07-12,Baxter International
2024-07-15,34.2000007629394,34.9000015258789,33.9399986267089,33.9700012207031,32.9105491638183,3645000,Baxter International,United States,BAX,2024-07-15,Baxter International
2024-07-16,34.099998474121,35.5699996948242,33.8800010681152,35.5400009155273,34.4315910339355,11147600,Baxter International,United States,BAX,2024-07-16,Baxter International
2024-07-17,35.6199989318847,36.3699989318847,35.4599990844726,35.6800003051757,34.5672187805175,6069100,Baxter International,United States,BAX,2024-07-17,Baxter International
2024-07-18,35.5200004577636,36.3699989318847,35.4799995422363,35.6800003051757,34.5672187805175,5912100,Baxter International,United States,BAX,2024-07-18,Baxter International
2024-07-19,35.8699989318847,35.8699989318847,35.1699981689453,35.349998474121,34.2475128173828,4497400,Baxter International,United States,BAX,2024-07-19,Baxter International
2024-07-22,35.4300003051757,35.5299987792968,34.9599990844726,35.3600006103515,34.2571983337402,3177200,Baxter International,United States,BAX,2024-07-22,Baxter International
2024-07-23,35.4099998474121,35.4300003051757,35.1199989318847,35.2700004577636,34.1700019836425,4712700,Baxter International,United States,BAX,2024-07-23,Baxter International
2024-07-24,35.4300003051757,35.6199989318847,35.1300010681152,35.4900016784668,34.3831443786621,3977900,Baxter International,United States,BAX,2024-07-24,Baxter International
2024-07-25,35.4500007629394,36.099998474121,35.0699996948242,35.0900001525878,33.9956169128418,3403400,Baxter International,United States,BAX,2024-07-25,Baxter International
2024-07-26,35.349998474121,35.8600006103515,35.099998474121,35.5099983215332,34.4025230407714,3470500,Baxter International,United States,BAX,2024-07-26,Baxter International
2024-07-29,35.560001373291,36.2000007629394,35.4300003051757,36.0200004577636,34.896614074707,3824900,Baxter International,United States,BAX,2024-07-29,Baxter International
2024-07-30,35.7900009155273,36.2400016784668,35.7700004577636,35.9099998474121,34.7900466918945,3242900,Baxter International,United States,BAX,2024-07-30,Baxter International
2024-07-31,35.9099998474121,36.3400001525878,35.7200012207031,35.8199996948242,34.7028503417968,5261000,Baxter International,United States,BAX,2024-07-31,Baxter International
2024-08-01,35.9500007629394,36.0800018310546,34.7799987792968,36.0099983215332,34.8869247436523,9462800,Baxter International,United States,BAX,2024-08-01,Baxter International
2024-08-02,35.9599990844726,36.060001373291,34.9099998474121,35.2700004577636,34.1700019836425,6025400,Baxter International,United States,BAX,2024-08-02,Baxter International
2024-08-05,35.2599983215332,35.5,34.1699981689453,34.6399993896484,33.5596542358398,6023100,Baxter International,United States,BAX,2024-08-05,Baxter International
2024-08-06,34.9799995422363,37.6599998474121,33.9500007629394,36.9199981689453,35.7685432434082,11776700,Baxter International,United States,BAX,2024-08-06,Baxter International
2024-08-07,37.5200004577636,37.8899993896484,36.5299987792968,36.5900001525878,35.4488372802734,5157400,Baxter International,United States,BAX,2024-08-07,Baxter International
2024-08-08,36.6800003051757,37.5400009155273,36.4399986267089,37.4199981689453,36.252944946289,3730600,Baxter International,United States,BAX,2024-08-08,Baxter International
2024-08-09,37.4000015258789,37.6899986267089,37.0699996948242,37.1500015258789,35.9913711547851,3892900,Baxter International,United States,BAX,2024-08-09,Baxter International
2024-08-12,37.1500015258789,37.5,36.9000015258789,36.9300003051757,35.7782363891601,2839800,Baxter International,United States,BAX,2024-08-12,Baxter International
2024-08-13,35.5,36.1800003051757,33.849998474121,34.5099983215332,33.4337043762207,9722800,Baxter International,United States,BAX,2024-08-13,Baxter International
2024-08-14,34.8199996948242,35.6300010681152,34.5800018310546,35.5299987792968,34.4218940734863,6968700,Baxter International,United States,BAX,2024-08-14,Baxter International
2024-08-15,35.7700004577636,36.099998474121,35.5800018310546,35.7299995422363,34.6156539916992,4298200,Baxter International,United States,BAX,2024-08-15,Baxter International
2024-08-16,35.7999992370605,36.2599983215332,35.6100006103515,36.1199989318847,34.9934959411621,2923900,Baxter International,United States,BAX,2024-08-16,Baxter International
2024-08-19,36.1199989318847,36.4900016784668,36.099998474121,36.4599990844726,35.3228874206543,2477000,Baxter International,United States,BAX,2024-08-19,Baxter International
2024-08-20,36.3400001525878,36.4500007629394,35.9799995422363,36.2200012207031,35.0903816223144,2947200,Baxter International,United States,BAX,2024-08-20,Baxter International
2024-08-21,36.3600006103515,36.5,36.0400009155273,36.1800003051757,35.0516242980957,2577700,Baxter International,United States,BAX,2024-08-21,Baxter International
2024-08-22,36.3899993896484,36.7299995422363,36.2799987792968,36.4900016784668,35.3519630432128,3393200,Baxter International,United States,BAX,2024-08-22,Baxter International
2024-08-23,36.6599998474121,37.5900001525878,36.5499992370605,37.5400009155273,36.3692092895507,2702100,Baxter International,United States,BAX,2024-08-23,Baxter International
2024-08-26,37.6199989318847,38.3899993896484,37.4500007629394,37.9300003051757,36.7470397949218,2397100,Baxter International,United States,BAX,2024-08-26,Baxter International
2024-08-27,37.9399986267089,38.1199989318847,37.810001373291,37.9099998474121,36.727668762207,2621900,Baxter International,United States,BAX,2024-08-27,Baxter International
2024-08-28,37.9399986267089,38.099998474121,37.4399986267089,37.8199996948242,36.6404724121093,2339900,Baxter International,United States,BAX,2024-08-28,Baxter International
2024-08-29,38.0499992370605,38.4099998474121,37.6100006103515,38.1599998474121,36.969871520996,2353400,Baxter International,United States,BAX,2024-08-29,Baxter International
2024-08-30,37.9599990844726,38.4700012207031,37.7400016784668,37.9399986267089,37.0382041931152,4248900,Baxter International,United States,BAX,2024-08-30,Baxter International
2024-09-03,37.8300018310546,38.4000015258789,37.7200012207031,37.849998474121,36.9503440856933,3255400,Baxter International,United States,BAX,2024-09-03,Baxter International
2024-09-04,37.599998474121,38.3400001525878,37.3800010681152,37.5299987792968,36.6379508972168,2640000,Baxter International,United States,BAX,2024-09-04,Baxter International
2024-09-05,37.5699996948242,39.0099983215332,37.1300010681152,38.8199996948242,37.8972930908203,6375700,Baxter International,United States,BAX,2024-09-05,Baxter International
2024-09-06,38.8199996948242,39.4799995422363,38.4099998474121,38.9599990844726,38.0339622497558,6154900,Baxter International,United States,BAX,2024-09-06,Baxter International
2024-09-09,39.0499992370605,39.7200012207031,38.599998474121,39.2299995422363,38.2975463867187,3392900,Baxter International,United States,BAX,2024-09-09,Baxter International
2024-09-10,39.2299995422363,39.4199981689453,38.9000015258789,39.2099990844726,38.2780227661132,4576000,Baxter International,United States,BAX,2024-09-10,Baxter International
2024-09-11,39.0299987792968,39.349998474121,38.4900016784668,39.2700004577636,38.3365936279296,3649300,Baxter International,United States,BAX,2024-09-11,Baxter International
2024-09-12,39.1899986267089,39.4000015258789,38.5400009155273,39.3800010681152,38.4439849853515,2877300,Baxter International,United States,BAX,2024-09-12,Baxter International
2024-09-13,39.5,40.060001373291,39.4700012207031,39.7200012207031,38.7759017944335,3239800,Baxter International,United States,BAX,2024-09-13,Baxter International
2024-09-16,39.8800010681152,40.310001373291,39.7099990844726,40.2599983215332,39.3030624389648,2617900,Baxter International,United States,BAX,2024-09-16,Baxter International
2024-09-17,40.1599998474121,40.4900016784668,39.6599998474121,39.810001373291,38.8637580871582,2198600,Baxter International,United States,BAX,2024-09-17,Baxter International
2024-09-18,39.75,40.0499992370605,39.2000007629394,39.3699989318847,38.4342155456543,3101200,Baxter International,United States,BAX,2024-09-18,Baxter International
2024-09-19,39.6800003051757,39.7099990844726,38.6199989318847,38.7599983215332,37.8387222290039,3340900,Baxter International,United States,BAX,2024-09-19,Baxter International
2024-09-20,38.5,38.7999992370605,38.2700004577636,38.4900016784668,37.575138092041,5224000,Baxter International,United States,BAX,2024-09-20,Baxter International
2024-09-23,38.7099990844726,39.2299995422363,38.2599983215332,39.0,38.0730171203613,3278800,Baxter International,United States,BAX,2024-09-23,Baxter International
2024-09-24,38.9500007629394,39.2200012207031,38.849998474121,38.9799995422363,38.053482055664,1754400,Baxter International,United States,BAX,2024-09-24,Baxter International
2024-09-25,39.1699981689453,39.1699981689453,37.9199981689453,38.3400001525878,37.4286994934082,3648900,Baxter International,United States,BAX,2024-09-25,Baxter International
2024-09-26,38.4300003051757,38.810001373291,38.4199981689453,38.7099990844726,37.7899017333984,2558700,Baxter International,United States,BAX,2024-09-26,Baxter International
2024-09-27,38.9700012207031,39.5699996948242,38.599998474121,38.9099998474121,37.9851531982421,2662600,Baxter International,United States,BAX,2024-09-27,Baxter International
2024-09-30,37.75,38.1300010681152,37.3199996948242,37.9700012207031,37.0674972534179,4866400,Baxter International,United States,BAX,2024-09-30,Baxter International
2024-10-01,38.0099983215332,38.0900001525878,36.7000007629394,36.9099998474121,36.0326881408691,4316300,Baxter International,United States,BAX,2024-10-01,Baxter International
2024-10-02,36.849998474121,36.849998474121,35.8600006103515,35.9700012207031,35.1150321960449,6463000,Baxter International,United States,BAX,2024-10-02,Baxter International
2024-10-03,35.9099998474121,36.0499992370605,34.9399986267089,35.0800018310546,34.2461891174316,4135400,Baxter International,United States,BAX,2024-10-03,Baxter International
2024-10-04,35.25,36.3699989318847,34.9399986267089,36.3199996948242,35.4567146301269,5152700,Baxter International,United States,BAX,2024-10-04,Baxter International
2024-10-07,36.0200004577636,36.3300018310546,35.5900001525878,35.7700004577636,34.9197921752929,3850700,Baxter International,United States,BAX,2024-10-07,Baxter International
2024-10-08,35.9599990844726,37.3899993896484,35.9399986267089,37.1199989318847,36.2376976013183,5034200,Baxter International,United States,BAX,2024-10-08,Baxter International
2024-10-09,36.8600006103515,38.2799987792968,36.849998474121,37.8400001525878,36.9405860900878,4758300,Baxter International,United States,BAX,2024-10-09,Baxter International
2024-10-10,37.7799987792968,38.0400009155273,36.9099998474121,37.0299987792968,36.1498374938964,3764400,Baxter International,United States,BAX,2024-10-10,Baxter International
2024-10-11,37.1399993896484,37.3699989318847,36.4900016784668,36.5400009155273,35.6714859008789,3294800,Baxter International,United States,BAX,2024-10-11,Baxter International
2024-10-14,36.5900001525878,36.9799995422363,36.310001373291,36.9099998474121,36.0326881408691,2045600,Baxter International,United States,BAX,2024-10-14,Baxter International
2024-10-15,36.9199981689453,37.5400009155273,36.5900001525878,36.6500015258789,35.7788772583007,3927300,Baxter International,United States,BAX,2024-10-15,Baxter International
2024-10-16,36.7700004577636,37.1599998474121,36.6500015258789,36.7599983215332,35.8862495422363,2832100,Baxter International,United States,BAX,2024-10-16,Baxter International
2024-10-17,36.5200004577636,37.0,36.0099983215332,36.6500015258789,35.7788772583007,3868900,Baxter International,United States,BAX,2024-10-17,Baxter International
2024-10-18,36.9000015258789,36.9900016784668,36.599998474121,36.8600006103515,35.9838829040527,1984300,Baxter International,United States,BAX,2024-10-18,Baxter International
2024-10-21,36.7900009155273,36.849998474121,36.4300003051757,36.5699996948242,35.7007751464843,1593200,Baxter International,United States,BAX,2024-10-21,Baxter International
2024-10-22,36.6199989318847,36.75,36.2299995422363,36.5900001525878,35.7202987670898,1827200,Baxter International,United States,BAX,2024-10-22,Baxter International
2024-10-23,36.4399986267089,36.6800003051757,36.2299995422363,36.4700012207031,35.6031494140625,1818500,Baxter International,United States,BAX,2024-10-23,Baxter International
2024-10-24,36.7099990844726,37.099998474121,36.4799995422363,36.7299995422363,35.8569641113281,2767200,Baxter International,United States,BAX,2024-10-24,Baxter International
2024-10-25,36.599998474121,36.7799987792968,35.8400001525878,35.9700012207031,35.1150321960449,2171900,Baxter International,United States,BAX,2024-10-25,Baxter International
2024-10-28,36.2299995422363,36.4700012207031,35.9900016784668,36.0099983215332,35.1540832519531,1886500,Baxter International,United States,BAX,2024-10-28,Baxter International
2024-10-29,35.9500007629394,36.349998474121,35.9000015258789,35.9900016784668,35.1345596313476,2515300,Baxter International,United States,BAX,2024-10-29,Baxter International
2024-10-30,35.7999992370605,36.1899986267089,35.7099990844726,35.8600006103515,35.0076446533203,2671800,Baxter International,United States,BAX,2024-10-30,Baxter International
2024-10-31,35.7000007629394,36.0200004577636,35.5900001525878,35.7000007629394,34.8514556884765,2722400,Baxter International,United States,BAX,2024-10-31,Baxter International
2024-11-01,36.0,36.4900016784668,35.8199996948242,35.8699989318847,35.0174102783203,3167100,Baxter International,United States,BAX,2024-11-01,Baxter International
2024-11-04,36.0099983215332,36.2400016784668,35.7799987792968,35.7999992370605,34.9490737915039,2725800,Baxter International,United States,BAX,2024-11-04,Baxter International
2024-11-05,35.7000007629394,36.099998474121,35.2999992370605,36.099998474121,35.241943359375,2615200,Baxter International,United States,BAX,2024-11-05,Baxter International
2024-11-06,36.7799987792968,36.8199996948242,35.6899986267089,36.1100006103515,35.2517051696777,3696300,Baxter International,United States,BAX,2024-11-06,Baxter International
2024-11-07,35.7000007629394,36.1199989318847,35.1199989318847,36.0400009155273,35.1833724975585,5612400,Baxter International,United States,BAX,2024-11-07,Baxter International
2024-11-08,35.4599990844726,35.4599990844726,33.7799987792968,34.6399993896484,33.8166465759277,6636800,Baxter International,United States,BAX,2024-11-08,Baxter International
2024-11-11,35.0,35.0,33.8699989318847,34.2200012207031,33.4066314697265,5636800,Baxter International,United States,BAX,2024-11-11,Baxter International
2024-11-12,34.2200012207031,34.2200012207031,33.4599990844726,33.8300018310546,33.0258979797363,6113100,Baxter International,United States,BAX,2024-11-12,Baxter International
2024-11-13,33.7099990844726,33.8400001525878,32.6199989318847,32.6300010681152,31.8544273376464,5369100,Baxter International,United States,BAX,2024-11-13,Baxter International
2024-11-14,32.6800003051757,32.6800003051757,31.6100006103515,31.7000007629394,30.9465255737304,5660000,Baxter International,United States,BAX,2024-11-14,Baxter International
2024-11-15,31.75,32.25,31.6000003814697,31.9599990844726,31.2003459930419,4847300,Baxter International,United States,BAX,2024-11-15,Baxter International
2024-11-18,31.7700004577636,33.2200012207031,31.75,33.0200004577636,32.2351493835449,7004300,Baxter International,United States,BAX,2024-11-18,Baxter International
2024-11-19,32.7099990844726,32.9900016784668,32.310001373291,32.5200004577636,31.7470359802246,4518600,Baxter International,United States,BAX,2024-11-19,Baxter International
2024-11-20,32.5200004577636,32.6699981689453,31.7600002288818,32.6300010681152,31.8544273376464,6315400,Baxter International,United States,BAX,2024-11-20,Baxter International
2024-11-21,32.4900016784668,33.1500015258789,32.3300018310546,32.9900016784668,32.2058677673339,3782800,Baxter International,United States,BAX,2024-11-21,Baxter International
2024-11-22,33.0400009155273,33.7000007629394,33.0099983215332,33.2099990844726,32.4206352233886,4646300,Baxter International,United States,BAX,2024-11-22,Baxter International
2024-11-25,33.5400009155273,33.6699981689453,33.25,33.4199981689453,32.6256446838378,5928900,Baxter International,United States,BAX,2024-11-25,Baxter International
2024-11-26,33.4099998474121,33.599998474121,32.599998474121,32.8699989318847,32.0887184143066,4311100,Baxter International,United States,BAX,2024-11-26,Baxter International
2024-11-27,33.1500015258789,33.3699989318847,32.9799995422363,33.310001373291,32.5182609558105,3605700,Baxter International,United States,BAX,2024-11-27,Baxter International
2024-11-29,33.1100006103515,33.810001373291,33.1100006103515,33.7099990844726,33.0775604248046,2928300,Baxter International,United States,BAX,2024-11-29,Baxter International
2024-12-02,33.6899986267089,33.7799987792968,33.3600006103515,33.5499992370605,32.9205703735351,4065100,Baxter International,United States,BAX,2024-12-02,Baxter International
2024-12-03,33.5099983215332,33.5800018310546,33.099998474121,33.1300010681152,32.508445739746,3717600,Baxter International,United States,BAX,2024-12-03,Baxter International
2024-12-04,33.1100006103515,33.2099990844726,32.6800003051757,33.0200004577636,32.4005088806152,3554400,Baxter International,United States,BAX,2024-12-04,Baxter International
2024-12-05,32.8199996948242,33.1300010681152,31.8899993896484,31.8999996185302,31.3015232086181,3549100,Baxter International,United States,BAX,2024-12-05,Baxter International
2024-12-06,31.9699993133544,32.1199989318847,31.6499996185302,31.7999992370605,31.2033977508544,3573600,Baxter International,United States,BAX,2024-12-06,Baxter International
2024-12-09,31.8700008392334,32.4900016784668,31.6700000762939,31.8500003814697,31.2524585723876,4419300,Baxter International,United States,BAX,2024-12-09,Baxter International
2024-12-10,31.829999923706,31.8600006103515,31.2800006866455,31.4400005340576,30.8501548767089,3730700,Baxter International,United States,BAX,2024-12-10,Baxter International
2024-12-11,31.4799995422363,31.5499992370605,30.7700004577636,31.0,30.4184055328369,6650800,Baxter International,United States,BAX,2024-12-11,Baxter International
2024-12-12,31.1100006103515,31.3799991607666,30.7900009155273,30.8400001525878,30.2614097595214,3785900,Baxter International,United States,BAX,2024-12-12,Baxter International
2024-12-13,30.7000007629394,30.8099994659423,30.0599994659423,30.3199996948242,29.7511615753173,4259300,Baxter International,United States,BAX,2024-12-13,Baxter International
2024-12-16,30.0200004577636,30.1499996185302,29.2999992370605,29.4200000762939,28.868049621582,6759000,Baxter International,United States,BAX,2024-12-16,Baxter International
2024-12-17,29.1700000762939,30.2900009155273,29.1499996185302,29.6399993896484,29.0839214324951,4614300,Baxter International,United States,BAX,2024-12-17,Baxter International
2024-12-18,29.5900001525878,29.7099990844726,28.8999996185302,28.9099998474121,28.3676166534423,4872300,Baxter International,United States,BAX,2024-12-18,Baxter International
2024-12-19,28.7199993133544,29.4099998474121,28.6200008392334,28.8999996185302,28.3578052520751,8152100,Baxter International,United States,BAX,2024-12-19,Baxter International
2024-12-20,29.3400001525878,29.9899997711181,29.1700000762939,29.5,28.946548461914,12194900,Baxter International,United States,BAX,2024-12-20,Baxter International
2024-12-23,29.2999992370605,29.5400009155273,28.75,29.1800003051757,28.6325511932373,4988400,Baxter International,United States,BAX,2024-12-23,Baxter International
2024-12-24,29.0100002288818,29.1700000762939,28.8700008392334,29.079999923706,28.5344276428222,1577900,Baxter International,United States,BAX,2024-12-24,Baxter International
2024-12-26,29.0,29.4400005340576,28.7999992370605,29.2999992370605,28.7503013610839,2534200,Baxter International,United States,BAX,2024-12-26,Baxter International
2024-12-27,29.079999923706,29.3600006103515,29.0200004577636,29.2000007629394,28.6521778106689,2773300,Baxter International,United States,BAX,2024-12-27,Baxter International
2024-12-30,29.0599994659423,29.1000003814697,28.3400001525878,28.6299991607666,28.0928707122802,4993700,Baxter International,United States,BAX,2024-12-30,Baxter International
2024-12-31,28.8700008392334,29.25,28.7800006866455,29.1599998474121,28.6129283905029,3524200,Baxter International,United States,BAX,2024-12-31,Baxter International
2025-01-02,29.4099998474121,29.75,29.0300006866455,29.2600002288818,28.7110538482666,4014400,Baxter International,United States,BAX,2025-01-02,Baxter International
2025-01-03,29.2800006866455,29.6000003814697,29.079999923706,29.5,28.946548461914,2821200,Baxter International,United States,BAX,2025-01-03,Baxter International
2025-01-06,29.4699993133544,30.25,29.3899993896484,29.6599998474121,29.1035461425781,4164200,Baxter International,United States,BAX,2025-01-06,Baxter International
2025-01-07,29.7199993133544,29.9899997711181,29.4400005340576,29.579999923706,29.025047302246,4538700,Baxter International,United States,BAX,2025-01-07,Baxter International
2025-01-08,29.5499992370605,29.8999996185302,29.2900009155273,29.5900001525878,29.0348644256591,4035700,Baxter International,United States,BAX,2025-01-08,Baxter International
2025-01-10,29.2800006866455,29.5,29.0499992370605,29.4200000762939,28.868049621582,5954500,Baxter International,United States,BAX,2025-01-10,Baxter International
2025-01-13,29.4799995422363,30.9300003051757,29.2399997711181,30.5,29.9277896881103,7315200,Baxter International,United States,BAX,2025-01-13,Baxter International
2025-01-14,30.6499996185302,30.8199996948242,30.2800006866455,30.6200008392334,30.0455360412597,4608100,Baxter International,United States,BAX,2025-01-14,Baxter International
2025-01-15,30.8099994659423,31.0400009155273,30.1700000762939,30.2099990844726,29.6432304382324,4328600,Baxter International,United States,BAX,2025-01-15,Baxter International
2025-01-16,30.1900005340576,31.2000007629394,30.1200008392334,30.9500007629394,30.3693466186523,6862500,Baxter International,United States,BAX,2025-01-16,Baxter International
2025-01-17,31.0100002288818,31.0200004577636,30.5100002288818,30.9799995422363,30.3987808227539,3877700,Baxter International,United States,BAX,2025-01-17,Baxter International
2025-01-21,31.1700000762939,31.6000003814697,31.1100006103515,31.4799995422363,30.8894023895263,6291100,Baxter International,United States,BAX,2025-01-21,Baxter International
2025-01-22,31.2900009155273,32.2700004577636,31.0900001525878,31.829999923706,31.2328357696533,7346900,Baxter International,United States,BAX,2025-01-22,Baxter International
2025-01-23,31.9200000762939,32.5800018310546,31.7900009155273,32.4500007629394,31.8412036895751,4224400,Baxter International,United States,BAX,2025-01-23,Baxter International
2025-01-24,32.310001373291,32.5299987792968,32.0699996948242,32.4500007629394,31.8412036895751,3244500,Baxter International,United States,BAX,2025-01-24,Baxter International
2025-01-27,32.75,33.5800018310546,32.7200012207031,33.4599990844726,32.8322563171386,4216900,Baxter International,United States,BAX,2025-01-27,Baxter International
2025-01-28,33.2400016784668,33.560001373291,32.4799995422363,32.6899986267089,32.0767021179199,4277100,Baxter International,United States,BAX,2025-01-28,Baxter International
2025-01-29,32.6899986267089,32.9799995422363,32.6399993896484,32.7799987792968,32.1650123596191,3844300,Baxter International,United States,BAX,2025-01-29,Baxter International
2025-01-30,32.9500007629394,33.3199996948242,32.8699989318847,33.099998474121,32.4790115356445,3816000,Baxter International,United States,BAX,2025-01-30,Baxter International
2025-01-31,32.9199981689453,33.2400016784668,32.5,32.560001373291,31.9491424560546,3828100,Baxter International,United States,BAX,2025-01-31,Baxter International
2025-02-03,31.7600002288818,32.0200004577636,30.6299991607666,31.6399993896484,31.0464000701904,7195000,Baxter International,United States,BAX,2025-02-03,Baxter International
2025-02-04,31.5100002288818,31.5900001525878,31.2199993133544,31.4200000762939,30.8305282592773,4198200,Baxter International,United States,BAX,2025-02-04,Baxter International
2025-02-05,31.6800003051757,31.7099990844726,31.3500003814697,31.4699993133544,30.8795909881591,2708700,Baxter International,United States,BAX,2025-02-05,Baxter International
2025-02-06,31.329999923706,31.6200008392334,30.7900009155273,30.8099994659423,30.231969833374,2958500,Baxter International,United States,BAX,2025-02-06,Baxter International
2025-02-07,30.9599990844726,30.9799995422363,30.5100002288818,30.6200008392334,30.0455360412597,2894300,Baxter International,United States,BAX,2025-02-07,Baxter International
2025-02-10,30.8600006103515,30.9099998474121,30.5100002288818,30.8099994659423,30.231969833374,5195800,Baxter International,United States,BAX,2025-02-10,Baxter International
2025-02-11,30.8099994659423,30.8799991607666,30.5599994659423,30.6000003814697,30.0259132385253,4715400,Baxter International,United States,BAX,2025-02-11,Baxter International
2025-02-12,30.5300006866455,30.5300006866455,29.8899993896484,30.2900009155273,29.7217292785644,2908600,Baxter International,United States,BAX,2025-02-12,Baxter International
2025-02-13,30.4799995422363,30.6200008392334,30.1200008392334,30.6200008392334,30.0455360412597,5124900,Baxter International,United States,BAX,2025-02-13,Baxter International
2025-02-14,30.9599990844726,31.0900001525878,30.6100006103515,30.8199996948242,30.2417850494384,3855400,Baxter International,United States,BAX,2025-02-14,Baxter International
2025-02-18,30.7199993133544,31.2399997711181,30.5699996948242,31.2000007629394,30.6146564483642,4416700,Baxter International,United States,BAX,2025-02-18,Baxter International
2025-02-19,31.0699996948242,31.25,30.5599994659423,30.8199996948242,30.2417850494384,9790800,Baxter International,United States,BAX,2025-02-19,Baxter International
2025-02-20,33.2799987792968,33.6800003051757,32.3400001525878,33.4399986267089,32.8126258850097,10688000,Baxter International,United States,BAX,2025-02-20,Baxter International
2025-02-21,33.5099983215332,34.0200004577636,33.25,33.8199996948242,33.1854972839355,7264400,Baxter International,United States,BAX,2025-02-21,Baxter International
2025-02-24,34.0200004577636,35.1300010681152,33.4399986267089,35.0800018310546,34.4218635559082,7796500,Baxter International,United States,BAX,2025-02-24,Baxter International
2025-02-25,34.9900016784668,36.0499992370605,34.9500007629394,35.9399986267089,35.2657241821289,8927400,Baxter International,United States,BAX,2025-02-25,Baxter International
2025-02-26,35.9399986267089,36.2599983215332,35.0099983215332,35.2599983215332,34.5984802246093,6660600,Baxter International,United States,BAX,2025-02-26,Baxter International
2025-02-27,35.0499992370605,35.560001373291,34.75,35.099998474121,34.4414825439453,3729300,Baxter International,United States,BAX,2025-02-27,Baxter International
2025-02-28,34.9500007629394,35.1699981689453,34.0,34.5099983215332,34.0273628234863,4783300,Baxter International,United States,BAX,2025-02-28,Baxter International
2025-03-03,34.8699989318847,35.2400016784668,34.2999992370605,34.8600006103515,34.3724670410156,3896600,Baxter International,United States,BAX,2025-03-03,Baxter International
2025-03-04,34.8699989318847,35.310001373291,34.5900001525878,34.7900009155273,34.3034477233886,4423200,Baxter International,United States,BAX,2025-03-04,Baxter International
2025-03-05,34.849998474121,35.4500007629394,34.7599983215332,35.1599998474121,34.6682662963867,3354600,Baxter International,United States,BAX,2025-03-05,Baxter International
2025-03-06,35.25,35.4700012207031,34.7200012207031,35.4399986267089,34.9443550109863,2745900,Baxter International,United States,BAX,2025-03-06,Baxter International
2025-03-07,35.3400001525878,36.6399993896484,35.060001373291,36.5699996948242,36.05855178833,4549800,Baxter International,United States,BAX,2025-03-07,Baxter International
2025-03-10,36.6899986267089,37.7400016784668,36.3600006103515,36.560001373291,36.0486869812011,5310600,Baxter International,United States,BAX,2025-03-10,Baxter International
2025-03-11,36.4399986267089,36.5699996948242,35.6800003051757,35.849998474121,35.3486213684082,4151500,Baxter International,United States,BAX,2025-03-11,Baxter International
2025-03-12,35.4900016784668,35.7700004577636,34.2099990844726,34.4099998474121,33.9287567138671,6203700,Baxter International,United States,BAX,2025-03-12,Baxter International
2025-03-13,34.2200012207031,34.8400001525878,34.0499992370605,34.5499992370605,34.0667991638183,4771200,Baxter International,United States,BAX,2025-03-13,Baxter International
2025-03-14,34.6300010681152,35.0200004577636,34.2099990844726,34.5900001525878,34.1062469482421,2992100,Baxter International,United States,BAX,2025-03-14,Baxter International
2025-03-17,34.5099983215332,35.0299987792968,34.4000015258789,34.849998474121,34.3626060485839,3691500,Baxter International,United States,BAX,2025-03-17,Baxter International
2025-03-18,34.9000015258789,34.9199981689453,34.4099998474121,34.5099983215332,34.0273628234863,3361800,Baxter International,United States,BAX,2025-03-18,Baxter International
2025-03-19,34.3800010681152,34.5499992370605,33.8400001525878,34.0900001525878,33.6132316589355,5109400,Baxter International,United States,BAX,2025-03-19,Baxter International
2025-03-20,34.0800018310546,34.1599998474121,33.3699989318847,33.4399986267089,32.9723243713378,5791700,Baxter International,United States,BAX,2025-03-20,Baxter International
2025-03-21,33.2200012207031,33.6399993896484,33.0,33.1899986267089,32.7258186340332,8139300,Baxter International,United States,BAX,2025-03-21,Baxter International
2025-03-24,33.2999992370605,33.8800010681152,33.2999992370605,33.599998474121,33.130084991455,3543800,Baxter International,United States,BAX,2025-03-24,Baxter International
2025-03-25,33.7599983215332,33.849998474121,32.7999992370605,32.9399986267089,32.4793167114257,3684000,Baxter International,United States,BAX,2025-03-25,Baxter International
2025-03-26,32.9599990844726,33.5299987792968,32.7999992370605,33.3600006103515,32.8934440612793,2719500,Baxter International,United States,BAX,2025-03-26,Baxter International
2025-03-27,33.6800003051757,33.9099998474121,33.310001373291,33.7000007629394,33.2286911010742,2761500,Baxter International,United States,BAX,2025-03-27,Baxter International
2025-03-28,33.599998474121,34.0099983215332,33.4900016784668,33.75,33.2779884338378,2513100,Baxter International,United States,BAX,2025-03-28,Baxter International
2025-03-31,33.6300010681152,34.5200004577636,33.6300010681152,34.2299995422363,33.7512702941894,3598900,Baxter International,United States,BAX,2025-03-31,Baxter International
2025-04-01,34.1100006103515,34.2900009155273,33.7999992370605,34.0200004577636,33.5442123413085,3495900,Baxter International,United States,BAX,2025-04-01,Baxter International
2025-04-02,33.7200012207031,33.8300018310546,33.4199981689453,33.6500015258789,33.179386138916,2491700,Baxter International,United States,BAX,2025-04-02,Baxter International
2025-04-03,33.2999992370605,33.599998474121,31.2900009155273,31.3500003814697,30.9115543365478,5555500,Baxter International,United States,BAX,2025-04-03,Baxter International
2025-04-04,30.7299995422363,31.1900005340576,28.7000007629394,28.7900009155273,28.3873577117919,5995400,Baxter International,United States,BAX,2025-04-04,Baxter International
2025-04-07,28.3500003814697,29.3099994659423,27.1200008392334,28.6399993896484,28.2394561767578,8172000,Baxter International,United States,BAX,2025-04-07,Baxter International
2025-04-08,29.3700008392334,29.5300006866455,27.5100002288818,27.9699993133544,27.5788230895996,6382800,Baxter International,United States,BAX,2025-04-08,Baxter International
2025-04-09,27.2999992370605,30.8199996948242,26.25,30.75,30.3199462890625,12042100,Baxter International,United States,BAX,2025-04-09,Baxter International
2025-04-10,30.1000003814697,30.25,27.6100006103515,28.1399993896484,27.746446609497,6546800,Baxter International,United States,BAX,2025-04-10,Baxter International
2025-04-11,28.2600002288818,28.2600002288818,26.7800006866455,27.8400001525878,27.45064163208,6639000,Baxter International,United States,BAX,2025-04-11,Baxter International
2025-04-14,28.3799991607666,28.7000007629394,28.0599994659423,28.3799991607666,27.9830913543701,4535700,Baxter International,United States,BAX,2025-04-14,Baxter International
2025-04-15,28.2900009155273,28.5,27.5200004577636,27.7999992370605,27.4112033843994,5152400,Baxter International,United States,BAX,2025-04-15,Baxter International
2025-04-16,27.8700008392334,28.5900001525878,27.5699996948242,27.8199996948242,27.430923461914,5393700,Baxter International,United States,BAX,2025-04-16,Baxter International
2025-04-17,27.9699993133544,29.1000003814697,27.9200000762939,28.8899993896484,28.4859580993652,5523400,Baxter International,United States,BAX,2025-04-17,Baxter International
2025-04-21,28.75,28.8099994659423,28.2700004577636,28.5400009155273,28.1408538818359,4066800,Baxter International,United States,BAX,2025-04-21,Baxter International
2025-04-22,28.8899993896484,29.1399993896484,28.5,28.6200008392334,28.2197360992431,4604400,Baxter International,United States,BAX,2025-04-22,Baxter International
2025-04-23,29.2399997711181,30.2999992370605,29.1700000762939,29.6000003814697,29.1860294342041,4590500,Baxter International,United States,BAX,2025-04-23,Baxter International
2025-04-24,29.7199993133544,30.4799995422363,29.4899997711181,30.4099998474121,29.9847011566162,3601300,Baxter International,United States,BAX,2025-04-24,Baxter International
2025-04-25,30.2199993133544,30.4300003051757,29.9599990844726,30.2199993133544,29.7973575592041,3466700,Baxter International,United States,BAX,2025-04-25,Baxter International
2025-04-28,30.3099994659423,30.8199996948242,30.0900001525878,30.5300006866455,30.1030235290527,3970800,Baxter International,United States,BAX,2025-04-28,Baxter International
2025-04-29,30.5200004577636,31.3500003814697,30.4099998474121,30.9799995422363,30.5467262268066,3422700,Baxter International,United States,BAX,2025-04-29,Baxter International
2025-04-30,31.1100006103515,31.3799991607666,30.6299991607666,31.1700000762939,30.7340717315673,5553200,Baxter International,United States,BAX,2025-04-30,Baxter International
2025-05-01,32.1500015258789,32.599998474121,30.5200004577636,30.6700000762939,30.2410659790039,7085600,Baxter International,United States,BAX,2025-05-01,Baxter International
2025-05-02,31.0599994659423,31.25,30.2299995422363,30.7099990844726,30.2805042266845,4175300,Baxter International,United States,BAX,2025-05-02,Baxter International
2025-05-05,30.3199996948242,31.079999923706,30.1800003051757,30.4300003051757,30.0044212341308,3911600,Baxter International,United States,BAX,2025-05-05,Baxter International
2025-05-06,30.3099994659423,30.5100002288818,29.8700008392334,29.9300003051757,29.5114154815673,3321700,Baxter International,United States,BAX,2025-05-06,Baxter International
2025-05-07,29.9899997711181,30.8999996185302,29.8600006103515,30.7199993133544,30.2903633117675,3696900,Baxter International,United States,BAX,2025-05-07,Baxter International
2025-05-08,30.9099998474121,32.0699996948242,30.8099994659423,31.2000007629394,30.7636528015136,4087100,Baxter International,United States,BAX,2025-05-08,Baxter International
2025-05-09,31.2900009155273,31.4899997711181,30.8500003814697,30.8999996185302,30.4678478240966,2642400,Baxter International,United States,BAX,2025-05-09,Baxter International
2025-05-12,31.5599994659423,32.6800003051757,31.5599994659423,31.8799991607666,31.4341392517089,6269000,Baxter International,United States,BAX,2025-05-12,Baxter International
2025-05-13,31.6399993896484,31.6599998474121,30.9099998474121,31.1499996185302,30.7143516540527,5922300,Baxter International,United States,BAX,2025-05-13,Baxter International
2025-05-14,30.9599990844726,31.0300006866455,30.2399997711181,30.3199996948242,29.8959579467773,3704600,Baxter International,United States,BAX,2025-05-14,Baxter International
2025-05-15,30.3600006103515,31.0699996948242,30.0400009155273,31.0400009155273,30.6058902740478,2838400,Baxter International,United States,BAX,2025-05-15,Baxter International
2025-05-16,31.0699996948242,31.7000007629394,30.9099998474121,31.6599998474121,31.2172203063964,3022300,Baxter International,United States,BAX,2025-05-16,Baxter International
2025-05-19,31.2299995422363,31.6299991607666,31.0400009155273,31.4699993133544,31.0298767089843,2749700,Baxter International,United States,BAX,2025-05-19,Baxter International
2025-05-20,31.2999992370605,31.6200008392334,31.25,31.4599990844726,31.0200138092041,1999800,Baxter International,United States,BAX,2025-05-20,Baxter International
2025-05-21,31.4799995422363,31.5,30.4099998474121,30.4300003051757,30.0044212341308,2789700,Baxter International,United States,BAX,2025-05-21,Baxter International
2025-05-22,30.1599998474121,30.5200004577636,30.0699996948242,30.2700004577636,29.8466606140136,2894900,Baxter International,United States,BAX,2025-05-22,Baxter International
2025-05-23,29.8500003814697,30.2299995422363,29.7199993133544,30.1200008392334,29.6987571716308,2096500,Baxter International,United States,BAX,2025-05-23,Baxter International
2025-05-27,30.7600002288818,30.9500007629394,30.3999996185302,30.8700008392334,30.438268661499,2885100,Baxter International,United States,BAX,2025-05-27,Baxter International
2025-05-28,30.9300003051757,31.0400009155273,30.4899997711181,30.579999923706,30.1523246765136,2723600,Baxter International,United States,BAX,2025-05-28,Baxter International
2025-05-29,30.6599998474121,30.7900009155273,30.1000003814697,30.7000007629394,30.2706470489501,3459800,Baxter International,United States,BAX,2025-05-29,Baxter International
2025-05-30,30.3600006103515,30.6900005340576,29.9300003051757,30.5,30.2409000396728,4932100,Baxter International,United States,BAX,2025-05-30,Baxter International
2025-06-02,30.3400001525878,30.4899997711181,29.2999992370605,29.5499992370605,29.2989692687988,4023900,Baxter International,United States,BAX,2025-06-02,Baxter International
2025-06-03,29.3099994659423,30.1399993896484,29.1599998474121,30.0900001525878,29.8343849182128,3134400,Baxter International,United States,BAX,2025-06-03,Baxter International
2025-06-04,30.1100006103515,30.2299995422363,29.6800003051757,29.9699993133544,29.7154026031494,3594900,Baxter International,United States,BAX,2025-06-04,Baxter International
2025-06-05,30.1299991607666,30.5,29.6900005340576,30.1499996185302,29.8938732147216,3903900,Baxter International,United States,BAX,2025-06-05,Baxter International
2025-06-06,30.5200004577636,30.7099990844726,30.0100002288818,30.2600002288818,30.0029373168945,2349700,Baxter International,United States,BAX,2025-06-06,Baxter International
2025-06-09,30.4200000762939,31.1900005340576,30.1800003051757,30.8500003814697,30.587926864624,3224900,Baxter International,United States,BAX,2025-06-09,Baxter International
2025-06-10,31.1900005340576,31.75,30.9699993133544,31.7199993133544,31.4505367279052,4686400,Baxter International,United States,BAX,2025-06-10,Baxter International
2025-06-11,31.7199993133544,32.0400009155273,31.1399993896484,31.3999996185302,31.1332511901855,4152700,Baxter International,United States,BAX,2025-06-11,Baxter International
2025-06-12,31.2399997711181,31.6499996185302,31.1200008392334,31.3600006103515,31.0935916900634,2603500,Baxter International,United States,BAX,2025-06-12,Baxter International
2025-06-13,30.9500007629394,31.329999923706,30.5400009155273,30.6200008392334,30.3598804473876,2890200,Baxter International,United States,BAX,2025-06-13,Baxter International
2025-06-16,30.75,30.9799995422363,30.329999923706,30.8199996948242,30.5581798553466,3233300,Baxter International,United States,BAX,2025-06-16,Baxter International
2025-06-17,30.4599990844726,30.7099990844726,29.8500003814697,29.9200000762939,29.6658287048339,3364900,Baxter International,United States,BAX,2025-06-17,Baxter International
2025-06-18,29.8700008392334,30.1000003814697,29.5400009155273,29.7999992370605,29.5468463897705,3513800,Baxter International,United States,BAX,2025-06-18,Baxter International
2025-06-20,29.9300003051757,30.1900005340576,29.7800006866455,29.9899997711181,29.7352313995361,5596100,Baxter International,United States,BAX,2025-06-20,Baxter International
2025-06-23,29.7800006866455,30.1000003814697,29.3199996948242,29.9899997711181,29.7352313995361,3008200,Baxter International,United States,BAX,2025-06-23,Baxter International
2025-06-24,30.1200008392334,30.6299991607666,29.9599990844726,30.5900001525878,30.3301353454589,3914700,Baxter International,United States,BAX,2025-06-24,Baxter International
2025-06-25,30.579999923706,30.7999992370605,30.3600006103515,30.6100006103515,30.3499660491943,3648400,Baxter International,United States,BAX,2025-06-25,Baxter International
2025-06-26,30.6599998474121,30.8400001525878,30.3799991607666,30.5,30.2409000396728,2863400,Baxter International,United States,BAX,2025-06-26,Baxter International
2025-06-27,30.6000003814697,30.6399993896484,30.2000007629394,30.3899993896484,30.1318321228027,3863900,Baxter International,United States,BAX,2025-06-27,Baxter International
2025-06-30,30.4500007629394,30.5400009155273,30.1200008392334,30.2800006866455,30.0227680206298,2916200,Baxter International,United States,BAX,2025-06-30,Baxter International
2025-07-01,30.0599994659423,31.7600002288818,30.0599994659423,31.2299995422363,30.9646968841552,3945400,Baxter International,United States,BAX,2025-07-01,Baxter International
2025-07-02,31.4200000762939,31.4400005340576,30.6499996185302,31.1299991607666,30.8655452728271,2959200,Baxter International,United States,BAX,2025-07-02,Baxter International
2025-07-03,31.1000003814697,31.2199993133544,30.8799991607666,31.0100002288818,30.7465667724609,1430700,Baxter International,United States,BAX,2025-07-03,Baxter International
2025-07-07,30.8700008392334,31.0,29.5699996948242,29.6900005340576,29.437780380249,4929900,Baxter International,United States,BAX,2025-07-07,Baxter International
2025-07-08,29.6900005340576,30.9300003051757,29.6900005340576,30.6599998474121,30.3995418548584,6298000,Baxter International,United States,BAX,2025-07-08,Baxter International
2025-07-09,30.9599990844726,31.1499996185302,29.6800003051757,29.8099994659423,29.5567588806152,7165000,Baxter International,United States,BAX,2025-07-09,Baxter International
2025-07-10,29.7299995422363,30.7199993133544,29.3700008392334,29.7000007629394,29.447696685791,6549900,Baxter International,United States,BAX,2025-07-10,Baxter International
2025-07-11,29.2600002288818,29.5200004577636,28.5100002288818,28.7000007629394,28.4561920166015,6805800,Baxter International,United States,BAX,2025-07-11,Baxter International
2025-07-14,28.5,28.9300003051757,28.3999996185302,28.5300006866455,28.287633895874,6091200,Baxter International,United States,BAX,2025-07-14,Baxter International
2025-07-15,28.7099990844726,28.8999996185302,28.1499996185302,28.25,28.0100154876709,3586000,Baxter International,United States,BAX,2025-07-15,Baxter International
2025-07-16,28.4099998474121,28.4799995422363,28.1100006103515,28.3700008392334,28.1289939880371,4832400,Baxter International,United States,BAX,2025-07-16,Baxter International
2025-07-17,28.3500003814697,28.4200000762939,27.6299991607666,27.8899993896484,27.6530704498291,5476800,Baxter International,United States,BAX,2025-07-17,Baxter International
2025-07-18,28.0499992370605,28.2299995422363,27.6200008392334,27.7700004577636,27.5340919494628,3771000,Baxter International,United States,BAX,2025-07-18,Baxter International
2025-07-21,28.0,28.0499992370605,27.3700008392334,27.3700008392334,27.1374912261962,4306300,Baxter International,United States,BAX,2025-07-21,Baxter International
2025-07-22,27.5300006866455,28.1800003051757,27.3700008392334,27.5100002288818,27.2763004302978,6501300,Baxter International,United States,BAX,2025-07-22,Baxter International
2025-07-23,28.0900001525878,28.7099990844726,27.9200000762939,28.5599994659423,28.3173809051513,6781000,Baxter International,United States,BAX,2025-07-23,Baxter International
2025-07-24,28.3099994659423,29.1499996185302,28.2700004577636,28.7700004577636,28.5255966186523,5127000,Baxter International,United States,BAX,2025-07-24,Baxter International
2025-07-25,28.7600002288818,29.3099994659423,28.7000007629394,29.2199993133544,28.971773147583,4031200,Baxter International,United States,BAX,2025-07-25,Baxter International
2025-07-28,29.0400009155273,29.3500003814697,28.4799995422363,28.5200004577636,28.2777214050292,6889700,Baxter International,United States,BAX,2025-07-28,Baxter International
2025-07-29,28.3700008392334,29.0,28.329999923706,28.8400001525878,28.5950012207031,6929800,Baxter International,United States,BAX,2025-07-29,Baxter International
2025-07-30,28.829999923706,28.9400005340576,27.8999996185302,28.0499992370605,27.8117122650146,7798700,Baxter International,United States,BAX,2025-07-30,Baxter International
2025-07-31,23.7600002288818,24.1599998474121,21.4699993133544,21.7600002288818,21.5751476287841,47022900,Baxter International,United States,BAX,2025-07-31,Baxter International
2025-08-01,21.5100002288818,22.3600006103515,21.329999923706,21.9599990844726,21.7734489440917,22649400,Baxter International,United States,BAX,2025-08-01,Baxter International
2025-08-04,21.829999923706,22.7600002288818,21.7999992370605,22.4400005340576,22.2493705749511,11387100,Baxter International,United States,BAX,2025-08-04,Baxter International
2025-08-05,22.6000003814697,23.2299995422363,22.4400005340576,22.8400001525878,22.6459732055664,14223600,Baxter International,United States,BAX,2025-08-05,Baxter International
2025-08-06,22.9300003051757,22.9799995422363,22.2900009155273,22.5,22.3088607788085,10175900,Baxter International,United States,BAX,2025-08-06,Baxter International
2025-08-07,22.8999996185302,23.6599998474121,22.7999992370605,23.5400009155273,23.3400268554687,12327700,Baxter International,United States,BAX,2025-08-07,Baxter International
2025-08-08,23.5300006866455,23.8600006103515,23.2800006866455,23.6900005340576,23.4887542724609,10460200,Baxter International,United States,BAX,2025-08-08,Baxter International
2025-08-11,23.5599994659423,23.8400001525878,23.2800006866455,23.4599990844726,23.2607040405273,7591800,Baxter International,United States,BAX,2025-08-11,Baxter International
2025-08-12,23.6700000762939,24.0699996948242,23.4599990844726,23.9799995422363,23.776288986206,5662200,Baxter International,United States,BAX,2025-08-12,Baxter International
2025-08-13,24.079999923706,24.3899993896484,23.8999996185302,24.1100006103515,23.9051837921142,8316600,Baxter International,United States,BAX,2025-08-13,Baxter International
2025-08-14,23.9799995422363,24.4899997711181,23.7199993133544,24.4500007629394,24.242296218872,4145400,Baxter International,United States,BAX,2025-08-14,Baxter International
2025-08-15,24.6700000762939,24.8500003814697,24.0400009155273,24.1800003051757,23.9745903015136,7713400,Baxter International,United States,BAX,2025-08-15,Baxter International
2025-08-18,24.2000007629394,24.4099998474121,23.4500007629394,23.6100006103515,23.4094314575195,8252200,Baxter International,United States,BAX,2025-08-18,Baxter International
2025-08-19,23.7199993133544,24.4799995422363,23.6800003051757,24.329999923706,24.1233158111572,5168700,Baxter International,United States,BAX,2025-08-19,Baxter International
2025-08-20,24.3899993896484,24.8899993896484,24.2199993133544,24.2700004577636,24.0638256072998,5385900,Baxter International,United States,BAX,2025-08-20,Baxter International
2025-08-21,24.1200008392334,24.2999992370605,23.829999923706,23.8500003814697,23.6473922729492,6018900,Baxter International,United States,BAX,2025-08-21,Baxter International
2025-08-22,24.1000003814697,24.6100006103515,23.8799991607666,24.5400009155273,24.3315315246582,6488100,Baxter International,United States,BAX,2025-08-22,Baxter International
2025-08-25,24.5100002288818,24.6200008392334,24.2999992370605,24.5599994659423,24.3513584136962,9755900,Baxter International,United States,BAX,2025-08-25,Baxter International
2025-08-26,24.5100002288818,24.6399993896484,24.3400001525878,24.5,24.2918701171875,5085500,Baxter International,United States,BAX,2025-08-26,Baxter International
2025-08-27,24.4599990844726,24.7000007629394,24.3099994659423,24.5300006866455,24.3216152191162,5559800,Baxter International,United States,BAX,2025-08-27,Baxter International
2025-08-28,24.5400009155273,24.5400009155273,24.1599998474121,24.3999996185302,24.192720413208,4495900,Baxter International,United States,BAX,2025-08-28,Baxter International
2025-08-29,24.25,24.7199993133544,24.2199993133544,24.6900005340576,24.6520118713378,4048500,Baxter International,United States,BAX,2025-08-29,Baxter International
2025-09-02,24.4099998474121,24.6000003814697,23.7999992370605,24.1700000762939,24.1328125,14049000,Baxter International,United States,BAX,2025-09-02,Baxter International
2025-09-03,23.9899997711181,24.2800006866455,23.3600006103515,23.5400009155273,23.5037822723388,7474600,Baxter International,United States,BAX,2025-09-03,Baxter International
2025-09-04,23.5400009155273,23.7299995422363,23.1200008392334,23.579999923706,23.5437202453613,5967800,Baxter International,United States,BAX,2025-09-04,Baxter International
2025-09-05,23.7800006866455,24.5900001525878,23.6100006103515,24.4200000762939,24.3824272155761,7373500,Baxter International,United States,BAX,2025-09-05,Baxter International
2025-09-08,24.25,24.3600006103515,23.7900009155273,24.0900001525878,24.0529346466064,5637100,Baxter International,United States,BAX,2025-09-08,Baxter International
2025-09-09,24.0900001525878,24.579999923706,24.0200004577636,24.4500007629394,24.4123821258544,4552100,Baxter International,United States,BAX,2025-09-09,Baxter International
2025-09-10,24.4200000762939,24.6299991607666,23.9699993133544,23.9799995422363,23.9431056976318,4466800,Baxter International,United States,BAX,2025-09-10,Baxter International
2025-09-11,23.9400005340576,24.5200004577636,23.8999996185302,24.4899997711181,24.4523181915283,4029100,Baxter International,United States,BAX,2025-09-11,Baxter International
2025-09-12,24.3199996948242,24.4200000762939,23.9099998474121,23.9899997711181,23.9530887603759,5749900,Baxter International,United States,BAX,2025-09-12,Baxter International
2025-09-15,24.0100002288818,24.1700000762939,23.579999923706,23.7999992370605,23.7633800506591,7038000,Baxter International,United States,BAX,2025-09-15,Baxter International
2025-09-16,23.8500003814697,24.0900001525878,23.7700004577636,23.8700008392334,23.8332748413085,5747100,Baxter International,United States,BAX,2025-09-16,Baxter International
2025-09-17,23.9300003051757,24.1100006103515,23.1000003814697,23.2000007629394,23.1643047332763,5187500,Baxter International,United States,BAX,2025-09-17,Baxter International
2025-09-18,23.4699993133544,23.8099994659423,23.3500003814697,23.6900005340576,23.6535511016845,3610100,Baxter International,United States,BAX,2025-09-18,Baxter International
2025-09-19,23.7099990844726,23.75,23.0200004577636,23.0200004577636,22.9845829010009,13671600,Baxter International,United States,BAX,2025-09-19,Baxter International
2025-09-22,23.0,23.0599994659423,22.7999992370605,22.8099994659423,22.7749042510986,4954300,Baxter International,United States,BAX,2025-09-22,Baxter International
2025-09-23,22.8099994659423,23.1599998474121,22.75,22.8600006103515,22.8248291015625,4805500,Baxter International,United States,BAX,2025-09-23,Baxter International
2025-09-24,22.7299995422363,22.9099998474121,22.5200004577636,22.5599994659423,22.5252876281738,5869900,Baxter International,United States,BAX,2025-09-24,Baxter International
2025-09-25,22.3400001525878,22.4300003051757,21.5900001525878,21.7099990844726,21.6765975952148,7394200,Baxter International,United States,BAX,2025-09-25,Baxter International
2025-09-26,21.75,22.0499992370605,21.6800003051757,21.9799995422363,21.9461803436279,10542500,Baxter International,United States,BAX,2025-09-26,Baxter International
2025-09-29,22.0,22.5900001525878,21.7999992370605,22.3799991607666,22.3455638885498,6710200,Baxter International,United States,BAX,2025-09-29,Baxter International
2025-09-30,22.3500003814697,22.8600006103515,22.079999923706,22.7700004577636,22.7349662780761,6033700,Baxter International,United States,BAX,2025-09-30,Baxter International
2025-10-01,22.9500007629394,23.4500007629394,22.7600002288818,23.3600006103515,23.3240566253662,6332800,Baxter International,United States,BAX,2025-10-01,Baxter International
2025-10-02,23.1900005340576,23.6299991607666,23.0100002288818,23.2299995422363,23.194257736206,4734400,Baxter International,United States,BAX,2025-10-02,Baxter International
2025-10-03,23.3700008392334,24.2700004577636,23.2600002288818,23.8600006103515,23.8232879638671,6547600,Baxter International,United States,BAX,2025-10-03,Baxter International
2025-10-06,23.8999996185302,23.9200000762939,23.1100006103515,23.1499996185302,23.1143817901611,6328600,Baxter International,United States,BAX,2025-10-06,Baxter International
2025-10-07,23.2700004577636,23.2800006866455,22.8799991607666,22.8999996185302,22.8647651672363,4806700,Baxter International,United States,BAX,2025-10-07,Baxter International
2025-10-08,22.7099990844726,22.9200000762939,22.5499992370605,22.75,22.7149963378906,4836800,Baxter International,United States,BAX,2025-10-08,Baxter International
2025-10-09,22.9400005340576,23.0400009155273,22.4300003051757,22.5100002288818,22.4753665924072,5581400,Baxter International,United States,BAX,2025-10-09,Baxter International
2025-10-10,22.6499996185302,22.829999923706,21.6299991607666,21.9500007629394,21.9162273406982,5515400,Baxter International,United States,BAX,2025-10-10,Baxter International
2025-10-13,22.0400009155273,22.3899993896484,21.9500007629394,22.1100006103515,22.0759830474853,4315500,Baxter International,United States,BAX,2025-10-13,Baxter International
2025-10-14,21.9899997711181,22.8700008392334,21.8799991607666,22.8199996948242,22.7848873138427,6023500,Baxter International,United States,BAX,2025-10-14,Baxter International
2025-10-15,22.7700004577636,23.2999992370605,22.6100006103515,22.75,22.7149963378906,4611900,Baxter International,United States,BAX,2025-10-15,Baxter International
2025-10-16,22.5900001525878,23.3199996948242,22.5400009155273,22.9699993133544,22.9346580505371,5414900,Baxter International,United States,BAX,2025-10-16,Baxter International
2025-10-17,22.9300003051757,23.0900001525878,22.5699996948242,23.0900001525878,23.0544738769531,3953000,Baxter International,United States,BAX,2025-10-17,Baxter International
2025-10-20,23.2399997711181,23.6000003814697,23.1100006103515,23.1299991607666,23.0944099426269,4500700,Baxter International,United States,BAX,2025-10-20,Baxter International
2025-10-21,23.0300006866455,23.1399993896484,22.579999923706,22.75,22.7149963378906,6574500,Baxter International,United States,BAX,2025-10-21,Baxter International
2025-10-22,22.8899993896484,23.4899997711181,22.8500003814697,22.9300003051757,22.8947200775146,4731800,Baxter International,United States,BAX,2025-10-22,Baxter International
2025-10-23,22.9699993133544,23.1100006103515,22.5300006866455,22.9899997711181,22.954626083374,5681400,Baxter International,United States,BAX,2025-10-23,Baxter International
2025-10-24,23.2399997711181,23.2800006866455,22.9400005340576,23.0200004577636,22.9845829010009,3719500,Baxter International,United States,BAX,2025-10-24,Baxter International
2025-10-27,23.2600002288818,23.3500003814697,23.0100002288818,23.1700000762939,23.134349822998,6408700,Baxter International,United States,BAX,2025-10-27,Baxter International
2025-10-28,23.0400009155273,23.2099990844726,22.7700004577636,22.8600006103515,22.8248291015625,5722700,Baxter International,United States,BAX,2025-10-28,Baxter International
2025-10-29,22.7399997711181,22.9200000762939,22.3400001525878,22.4200000762939,22.3855037689209,7770300,Baxter International,United States,BAX,2025-10-29,Baxter International
2025-10-30,18.9400005340576,19.8099994659423,18.4200000762939,19.1599998474121,19.1305198669433,24018300,Baxter International,United States,BAX,2025-10-30,Baxter International
2025-10-31,18.8099994659423,18.9500007629394,18.4400005340576,18.4699993133544,18.4415798187255,11557700,Baxter International,United States,BAX,2025-10-31,Baxter International
2025-11-03,18.2999992370605,18.3999996185302,18.0499992370605,18.2099990844726,18.1819801330566,11396800,Baxter International,United States,BAX,2025-11-03,Baxter International
2025-11-04,18.1800003051757,18.3199996948242,17.7399997711181,17.9400005340576,17.9123973846435,11712400,Baxter International,United States,BAX,2025-11-04,Baxter International
2025-11-05,17.8700008392334,18.079999923706,17.4699993133544,17.9500007629394,17.9223823547363,11329600,Baxter International,United States,BAX,2025-11-05,Baxter International
2025-11-06,17.9400005340576,18.1599998474121,17.5100002288818,17.9799995422363,17.952335357666,10346300,Baxter International,United States,BAX,2025-11-06,Baxter International
2025-11-07,17.9500007629394,18.1200008392334,17.7800006866455,18.0,17.9723052978515,7414100,Baxter International,United States,BAX,2025-11-07,Baxter International
2025-11-10,17.9799995422363,18.0,17.5699996948242,17.75,17.7226886749267,7892800,Baxter International,United States,BAX,2025-11-10,Baxter International
2025-11-11,17.829999923706,18.3099994659423,17.7000007629394,18.25,18.2219200134277,12070300,Baxter International,United States,BAX,2025-11-11,Baxter International
2025-11-12,18.2999992370605,18.9200000762939,18.2700004577636,18.7000007629394,18.6712284088134,12362500,Baxter International,United States,BAX,2025-11-12,Baxter International
2025-11-13,18.6299991607666,18.9200000762939,18.5200004577636,18.7000007629394,18.6712284088134,9828700,Baxter International,United States,BAX,2025-11-13,Baxter International
2025-11-14,18.6000003814697,18.6900005340576,18.3099994659423,18.4699993133544,18.4415798187255,7472600,Baxter International,United States,BAX,2025-11-14,Baxter International
2025-11-17,18.3799991607666,18.4699993133544,17.75,17.7700004577636,17.7426586151123,7790700,Baxter International,United States,BAX,2025-11-17,Baxter International
2025-11-18,17.6900005340576,18.2199993133544,17.3999996185302,18.1499996185302,18.1220741271972,9780700,Baxter International,United States,BAX,2025-11-18,Baxter International
2025-11-19,18.1399993896484,18.1700000762939,17.5400009155273,17.6900005340576,17.6627826690673,7690300,Baxter International,United States,BAX,2025-11-19,Baxter International
2025-11-20,17.6599998474121,17.8600006103515,17.3999996185302,17.4200000762939,17.393196105957,8313700,Baxter International,United States,BAX,2025-11-20,Baxter International
2025-11-21,17.579999923706,18.6100006103515,17.5599994659423,18.3099994659423,18.2818279266357,8278400,Baxter International,United States,BAX,2025-11-21,Baxter International
2025-11-24,18.3099994659423,18.4599990844726,18.1100006103515,18.1800003051757,18.1520290374755,8506100,Baxter International,United States,BAX,2025-11-24,Baxter International
2025-11-25,18.3400001525878,18.7199993133544,18.2000007629394,18.6599998474121,18.631290435791,7339900,Baxter International,United States,BAX,2025-11-25,Baxter International
2025-11-26,18.5900001525878,18.9500007629394,18.5300006866455,18.9099998474121,18.8809051513671,7170000,Baxter International,United States,BAX,2025-11-26,Baxter International
2025-11-28,18.7199993133544,18.8400001525878,18.6100006103515,18.7399997711181,18.7210655212402,3766200,Baxter International,United States,BAX,2025-11-28,Baxter International
2025-12-01,18.6200008392334,19.2000007629394,18.5400009155273,19.079999923706,19.0607223510742,9634800,Baxter International,United States,BAX,2025-12-01,Baxter International
2025-12-02,18.9899997711181,18.9899997711181,18.6000003814697,18.8400001525878,18.8209648132324,8457500,Baxter International,United States,BAX,2025-12-02,Baxter International
2025-12-03,19.0,19.1700000762939,18.8600006103515,18.8899993896484,18.8709125518798,6094200,Baxter International,United States,BAX,2025-12-03,Baxter International
2025-12-04,18.8400001525878,18.9300003051757,18.329999923706,18.4799995422363,18.4613285064697,7934100,Baxter International,United States,BAX,2025-12-04,Baxter International
2025-12-05,18.6399993896484,18.8099994659423,18.4599990844726,18.5400009155273,18.5212688446044,8572200,Baxter International,United States,BAX,2025-12-05,Baxter International
2025-12-08,18.6499996185302,18.6800003051757,18.1100006103515,18.1599998474121,18.1416511535644,9194800,Baxter International,United States,BAX,2025-12-08,Baxter International
2025-12-09,18.1000003814697,18.2999992370605,18.0100002288818,18.1599998474121,18.1416511535644,6331000,Baxter International,United States,BAX,2025-12-09,Baxter International
2025-12-10,18.2000007629394,18.3899993896484,17.9200000762939,18.2600002288818,18.2415504455566,11642800,Baxter International,United States,BAX,2025-12-10,Baxter International
2025-12-11,18.3799991607666,18.9099998474121,18.25,18.8999996185302,18.8809051513671,8940700,Baxter International,United States,BAX,2025-12-11,Baxter International
2025-12-12,19.0,19.3400001525878,18.9200000762939,19.1499996185302,19.130651473999,10800100,Baxter International,United States,BAX,2025-12-12,Baxter International
2025-12-15,19.25,19.8199996948242,19.1200008392334,19.5300006866455,19.510269165039,9150200,Baxter International,United States,BAX,2025-12-15,Baxter International
2025-12-16,19.5400009155273,19.5699996948242,18.8199996948242,19.0499992370605,19.0307521820068,8966100,Baxter International,United States,BAX,2025-12-16,Baxter International
2025-12-17,19.0,19.4099998474121,18.9699993133544,19.2900009155273,19.2705097198486,8587500,Baxter International,United States,BAX,2025-12-17,Baxter International
2025-12-18,19.3099994659423,19.4300003051757,19.0300006866455,19.0699996948242,19.0507316589355,7948800,Baxter International,United States,BAX,2025-12-18,Baxter International
2025-12-19,19.0599994659423,19.3099994659423,18.9400005340576,18.9599990844726,18.9408416748046,15927000,Baxter International,United States,BAX,2025-12-19,Baxter International
2025-12-22,18.8500003814697,19.2199993133544,18.8400001525878,18.9799995422363,18.960823059082,8131500,Baxter International,United States,BAX,2025-12-22,Baxter International
2025-12-23,18.9799995422363,18.9899997711181,18.6499996185302,18.9300003051757,18.9108753204345,5030600,Baxter International,United States,BAX,2025-12-23,Baxter International
2025-12-24,18.9699993133544,19.1399993896484,18.9200000762939,19.1100006103515,19.0906944274902,2312700,Baxter International,United States,BAX,2025-12-24,Baxter International
2025-12-26,19.079999923706,19.3899993896484,19.0300006866455,19.3799991607666,19.3604183197021,3814600,Baxter International,United States,BAX,2025-12-26,Baxter International
2025-12-29,19.3700008392334,19.4699993133544,19.1000003814697,19.25,19.2305507659912,6447900,Baxter International,United States,BAX,2025-12-29,Baxter International
2025-12-30,19.2700004577636,19.4899997711181,19.2399997711181,19.2999992370605,19.2805004119873,4435100,Baxter International,United States,BAX,2025-12-30,Baxter International
2025-12-31,19.2099990844726,19.3600006103515,19.0400009155273,19.1100006103515,19.0906944274902,5064600,Baxter International,United States,BAX,2025-12-31,Baxter International
2026-01-02,19.2999992370605,19.6399993896484,19.1700000762939,19.5,19.480297088623,6113200,Baxter International,United States,BAX,2026-01-02,Baxter International
2026-01-05,19.5900001525878,20.3400001525878,19.5400009155273,19.8899993896484,19.8699035644531,12216100,Baxter International,United States,BAX,2026-01-05,Baxter International
2026-01-06,20.0200004577636,20.6200008392334,19.9899997711181,20.5499992370605,20.5292358398437,7682700,Baxter International,United States,BAX,2026-01-06,Baxter International
2026-01-07,20.7199993133544,20.8099994659423,20.2299995422363,20.3999996185302,20.3793888092041,10850700,Baxter International,United States,BAX,2026-01-07,Baxter International
2026-01-08,20.2800006866455,20.8099994659423,20.079999923706,20.6900005340576,20.6690959930419,15301700,Baxter International,United States,BAX,2026-01-08,Baxter International
2026-01-09,20.8999996185302,21.25,20.6100006103515,21.0699996948242,21.0487117767334,11530000,Baxter International,United States,BAX,2026-01-09,Baxter International
2026-01-12,21.0300006866455,21.0300006866455,19.7999992370605,20.1499996185302,20.1296405792236,11066800,Baxter International,United States,BAX,2026-01-12,Baxter International
2026-01-13,20.2700004577636,20.4699993133544,19.3999996185302,19.6499996185302,19.6301460266113,9384000,Baxter International,United States,BAX,2026-01-13,Baxter International
2026-01-14,19.6100006103515,20.0200004577636,19.3600006103515,19.8400001525878,19.8199558258056,8110600,Baxter International,United States,BAX,2026-01-14,Baxter International
2026-01-15,19.8899993896484,20.4599990844726,19.7700004577636,20.3700008392334,20.3494186401367,8914200,Baxter International,United States,BAX,2026-01-15,Baxter International
2026-01-16,20.2000007629394,20.4099998474121,20.0599994659423,20.1100006103515,20.0896816253662,7638900,Baxter International,United States,BAX,2026-01-16,Baxter International
2026-01-20,19.9400005340576,19.9400005340576,19.3600006103515,19.3799991607666,19.3604183197021,11486200,Baxter International,United States,BAX,2026-01-20,Baxter International
2026-01-21,19.5699996948242,20.0100002288818,19.5200004577636,19.7099990844726,19.6900844573974,10132600,Baxter International,United States,BAX,2026-01-21,Baxter International
2026-01-22,19.9699993133544,20.4500007629394,19.7999992370605,20.0699996948242,20.0497226715087,9629100,Baxter International,United States,BAX,2026-01-22,Baxter International
2026-01-23,19.8799991607666,20.0200004577636,19.4300003051757,19.8400001525878,19.8199558258056,7414800,Baxter International,United States,BAX,2026-01-23,Baxter International
2026-01-26,19.8700008392334,19.9300003051757,19.6000003814697,19.6499996185302,19.6301460266113,5744700,Baxter International,United States,BAX,2026-01-26,Baxter International
2026-01-27,19.5300006866455,19.6599998474121,19.2700004577636,19.5699996948242,19.5502262115478,5869000,Baxter International,United States,BAX,2026-01-27,Baxter International
2026-01-28,19.5200004577636,19.7800006866455,19.4899997711181,19.6100006103515,19.5901870727539,5981800,Baxter International,United States,BAX,2026-01-28,Baxter International
2026-01-29,19.7299995422363,19.7999992370605,19.2299995422363,19.7299995422363,19.7100658416748,6487700,Baxter International,United States,BAX,2026-01-29,Baxter International
2026-01-30,19.7999992370605,20.1900005340576,19.6100006103515,20.0699996948242,20.0497226715087,7301500,Baxter International,United States,BAX,2026-01-30,Baxter International
2026-02-02,19.8899993896484,20.1100006103515,19.7399997711181,19.8700008392334,19.849925994873,7084400,Baxter International,United States,BAX,2026-02-02,Baxter International
2026-02-03,19.5499992370605,20.2700004577636,19.5499992370605,19.9099998474121,19.8898849487304,7999900,Baxter International,United States,BAX,2026-02-03,Baxter International
2026-02-04,19.8999996185302,21.1299991607666,19.8999996185302,21.0300006866455,21.0087547302246,10132700,Baxter International,United States,BAX,2026-02-04,Baxter International
2026-02-05,21.0400009155273,21.9300003051757,21.0400009155273,21.7700004577636,21.74800491333,13910200,Baxter International,United States,BAX,2026-02-05,Baxter International
2026-02-06,21.7399997711181,21.8700008392334,21.3099994659423,21.7299995422363,21.708044052124,13553700,Baxter International,United States,BAX,2026-02-06,Baxter International
2026-02-09,21.4899997711181,21.75,21.1000003814697,21.7299995422363,21.708044052124,8335800,Baxter International,United States,BAX,2026-02-09,Baxter International
2026-02-10,21.6900005340576,22.3400001525878,21.6700000762939,21.9400005340576,21.917833328247,8142700,Baxter International,United States,BAX,2026-02-10,Baxter International
2026-02-11,21.7399997711181,22.4099998474121,21.6200008392334,22.2700004577636,22.2474994659423,10787000,Baxter International,United States,BAX,2026-02-11,Baxter International
2026-02-12,19.5200004577636,20.1100006103515,18.579999923706,18.7099990844726,18.6910953521728,28020700,Baxter International,United States,BAX,2026-02-12,Baxter International
2026-02-13,18.6700000762939,20.1299991607666,18.6100006103515,19.7900009155273,19.7700061798095,15813300,Baxter International,United States,BAX,2026-02-13,Baxter International
2026-02-17,20.0900001525878,20.9200000762939,19.9699993133544,20.7399997711181,20.719045639038,11817300,Baxter International,United States,BAX,2026-02-17,Baxter International
2026-02-18,20.579999923706,22.079999923706,20.5300006866455,21.8700008392334,21.8479042053222,14098100,Baxter International,United States,BAX,2026-02-18,Baxter International
2026-02-19,21.8899993896484,21.9300003051757,21.2099990844726,21.3400001525878,21.3184394836425,6569000,Baxter International,United States,BAX,2026-02-19,Baxter International
2026-02-20,21.5,21.8400001525878,20.9300003051757,21.579999923706,21.5581970214843,7378800,Baxter International,United States,BAX,2026-02-20,Baxter International
2026-02-23,21.25,21.4799995422363,21.0699996948242,21.2600002288818,21.2385196685791,6047600,Baxter International,United States,BAX,2026-02-23,Baxter International
2026-02-24,21.2000007629394,21.4099998474121,20.579999923706,20.6299991607666,20.6091575622558,7121100,Baxter International,United States,BAX,2026-02-24,Baxter International
2026-02-25,20.4400005340576,20.9300003051757,20.2000007629394,20.7299995422363,20.7090549468994,6490000,Baxter International,United States,BAX,2026-02-25,Baxter International
2026-02-26,20.829999923706,21.1599998474121,20.2800006866455,20.3600006103515,20.3394298553466,7145600,Baxter International,United States,BAX,2026-02-26,Baxter International
2026-02-27,20.1900005340576,20.4899997711181,19.9099998474121,20.3700008392334,20.3594188690185,36636900,Baxter International,United States,BAX,2026-02-27,Baxter International
2026-03-02,19.8799991607666,19.9699993133544,19.2900009155273,19.6900005340576,19.6797733306884,7287600,Baxter International,United States,BAX,2026-03-02,Baxter International
2026-03-03,19.0599994659423,19.3199996948242,18.4699993133544,19.0300006866455,19.0201148986816,9039500,Baxter International,United States,BAX,2026-03-03,Baxter International
2026-03-04,19.1100006103515,19.2299995422363,18.6599998474121,19.0300006866455,19.0201148986816,8653000,Baxter International,United States,BAX,2026-03-04,Baxter International
2026-03-05,18.7099990844726,18.9599990844726,18.4099998474121,18.6000003814697,18.5903377532959,10856300,Baxter International,United States,BAX,2026-03-05,Baxter International
2026-03-06,18.329999923706,18.4099998474121,17.5400009155273,17.6900005340576,17.6808109283447,10709800,Baxter International,United States,BAX,2026-03-06,Baxter International
2026-03-09,17.2600002288818,17.9699993133544,17.0,17.9099998474121,17.9006958007812,10923600,Baxter International,United States,BAX,2026-03-09,Baxter International
2026-03-10,17.9200000762939,17.9899997711181,17.3999996185302,17.4599990844726,17.4509296417236,9355900,Baxter International,United States,BAX,2026-03-10,Baxter International
2026-03-11,17.5100002288818,18.2600002288818,17.2900009155273,18.0499992370605,18.0406227111816,12638900,Baxter International,United States,BAX,2026-03-11,Baxter International
2026-03-12,17.75,18.2800006866455,17.3400001525878,18.0100002288818,18.0006446838378,12051700,Baxter International,United States,BAX,2026-03-12,Baxter International
2026-03-13,18.3999996185302,18.5599994659423,17.2199993133544,17.3999996185302,17.3909606933593,8897400,Baxter International,United States,BAX,2026-03-13,Baxter International
2026-03-16,17.1499996185302,17.7099990844726,16.8400001525878,17.079999923706,17.0711269378662,13190600,Baxter International,United States,BAX,2026-03-16,Baxter International
2026-03-17,17.3400001525878,17.8400001525878,17.3199996948242,17.6200008392334,17.6108474731445,7339000,Baxter International,United States,BAX,2026-03-17,Baxter International
2026-03-18,17.5,17.5,17.0900001525878,17.0900001525878,17.0811233520507,6157900,Baxter International,United States,BAX,2026-03-18,Baxter International
2026-03-19,16.8999996185302,17.0499992370605,16.3600006103515,16.6599998474121,16.651346206665,9493600,Baxter International,United States,BAX,2026-03-19,Baxter International
2026-03-20,16.5300006866455,16.7999992370605,16.079999923706,16.1499996185302,16.1416110992431,19145500,Baxter International,United States,BAX,2026-03-20,Baxter International
2026-03-23,16.6200008392334,16.9099998474121,16.329999923706,16.6100006103515,16.6013717651367,11077900,Baxter International,United States,BAX,2026-03-23,Baxter International
2026-03-24,16.3600006103515,16.8400001525878,16.2299995422363,16.7199993133544,16.7113132476806,9013900,Baxter International,United States,BAX,2026-03-24,Baxter International
2026-03-25,16.9799995422363,17.2299995422363,16.4500007629394,17.1200008392334,17.1111068725585,6423200,Baxter International,United States,BAX,2026-03-25,Baxter International
2026-03-26,17.0,17.5,16.5599994659423,16.6700000762939,16.6613407135009,9618200,Baxter International,United States,BAX,2026-03-26,Baxter International
2026-03-27,16.5900001525878,16.6599998474121,15.869999885559,15.9700002670288,15.9617042541503,6517600,Baxter International,United States,BAX,2026-03-27,Baxter International
2026-03-30,16.0,16.1399993896484,15.7299995422363,15.8000001907348,15.7917928695678,7451500,Baxter International,United States,BAX,2026-03-30,Baxter International
2026-03-31,16.079999923706,16.9500007629394,15.8999996185302,16.7999992370605,16.7912731170654,9817300,Baxter International,United States,BAX,2026-03-31,Baxter International
2026-04-01,17.0,17.2000007629394,16.7600002288818,16.7800006866455,16.7712841033935,8409400,Baxter International,United States,BAX,2026-04-01,Baxter International
2026-04-02,16.4899997711181,17.0400009155273,16.3099994659423,16.6800003051757,16.6713352203369,6513600,Baxter International,United States,BAX,2026-04-02,Baxter International
2026-04-06,16.6599998474121,16.8500003814697,16.5100002288818,16.6499996185302,16.6413497924804,6418900,Baxter International,United States,BAX,2026-04-06,Baxter International
2026-04-07,16.7099990844726,16.7999992370605,16.3799991607666,16.6200008392334,16.6113681793212,4742300,Baxter International,United States,BAX,2026-04-07,Baxter International
2026-04-08,17.3999996185302,17.7800006866455,17.0400009155273,17.2399997711181,17.2310447692871,6358400,Baxter International,United States,BAX,2026-04-08,Baxter International
2026-04-09,17.1800003051757,17.5,16.9799995422363,17.2999992370605,17.2910118103027,5439800,Baxter International,United States,BAX,2026-04-09,Baxter International
2026-04-10,17.4200000762939,17.5499992370605,17.1200008392334,17.1499996185302,17.1410903930664,3536400,Baxter International,United States,BAX,2026-04-10,Baxter International
2026-04-13,16.9599990844726,17.6800003051757,16.8099994659423,17.6299991607666,17.6208419799804,12110000,Baxter International,United States,BAX,2026-04-13,Baxter International
2026-04-14,17.7399997711181,18.0499992370605,17.5699996948242,17.5900001525878,17.580862045288,5761000,Baxter International,United States,BAX,2026-04-14,Baxter International
2026-04-15,17.6100006103515,17.7600002288818,17.5300006866455,17.6000003814697,17.5908584594726,4005400,Baxter International,United States,BAX,2026-04-15,Baxter International
2026-04-16,17.5699996948242,18.1800003051757,17.4500007629394,18.1399993896484,18.1305770874023,6056900,Baxter International,United States,BAX,2026-04-16,Baxter International
2026-04-17,18.2600002288818,19.1900005340576,18.25,18.7099990844726,18.7002792358398,8972800,Baxter International,United States,BAX,2026-04-17,Baxter International
2026-04-20,18.4699993133544,18.9699993133544,18.4200000762939,18.8400001525878,18.8302135467529,6730300,Baxter International,United States,BAX,2026-04-20,Baxter International
2026-04-21,18.8600006103515,19.1900005340576,18.4799995422363,18.4899997711181,18.4803943634033,7348700,Baxter International,United States,BAX,2026-04-21,Baxter International
2026-04-22,18.8099994659423,19.1100006103515,18.25,18.3099994659423,18.3004875183105,4560700,Baxter International,United States,BAX,2026-04-22,Baxter International
2026-04-23,18.3099994659423,18.4899997711181,18.079999923706,18.4099998474121,18.4004364013671,4793700,Baxter International,United States,BAX,2026-04-23,Baxter International
2026-04-24,18.329999923706,18.4799995422363,17.8999996185302,18.1599998474121,18.1505661010742,5051600,Baxter International,United States,BAX,2026-04-24,Baxter International
2026-04-27,18.1399993896484,18.6700000762939,18.1399993896484,18.4899997711181,18.4803943634033,7138200,Baxter International,United States,BAX,2026-04-27,Baxter International
2026-04-28,18.5,18.6399993896484,17.9300003051757,17.9400005340576,17.9306812286376,9652800,Baxter International,United States,BAX,2026-04-28,Baxter International
2026-04-29,17.7900009155273,17.8199996948242,16.829999923706,16.8999996185302,16.8912200927734,15301400,Baxter International,United States,BAX,2026-04-29,Baxter International
2026-04-30,17.7299995422363,18.0200004577636,16.1700000762939,17.579999923706,17.5708675384521,21192000,Baxter International,United States,BAX,2026-04-30,Baxter International
2026-05-01,17.8400001525878,17.8500003814697,17.0499992370605,17.2099990844726,17.2010593414306,10872000,Baxter International,United States,BAX,2026-05-01,Baxter International
2026-05-04,17.2000007629394,17.4300003051757,16.5200004577636,16.6200008392334,16.6113681793212,7425900,Baxter International,United States,BAX,2026-05-04,Baxter International
2026-05-05,16.7399997711181,16.9599990844726,16.4799995422363,16.75,16.7412986755371,7641400,Baxter International,United States,BAX,2026-05-05,Baxter International
2026-05-06,16.9899997711181,17.3099994659423,16.8600006103515,16.9799995422363,16.9711799621582,5871200,Baxter International,United States,BAX,2026-05-06,Baxter International
2026-05-07,17.1599998474121,17.5699996948242,17.1599998474121,17.4899997711181,17.48091506958,6617600,Baxter International,United States,BAX,2026-05-07,Baxter International
2026-05-08,17.7099990844726,18.0,17.2900009155273,17.9899997711181,17.980655670166,7865800,Baxter International,United States,BAX,2026-05-08,Baxter International
2026-05-11,17.9599990844726,18.0900001525878,17.2800006866455,17.5300006866455,17.5208950042724,7239900,Baxter International,United States,BAX,2026-05-11,Baxter International
2026-05-12,17.6499996185302,18.0499992370605,17.5,17.8899993896484,17.8807067871093,7160700,Baxter International,United States,BAX,2026-05-12,Baxter International
2026-05-13,17.7099990844726,17.9500007629394,17.0900001525878,17.3099994659423,17.3010082244873,7899300,Baxter International,United States,BAX,2026-05-13,Baxter International
2026-05-14,17.5699996948242,17.9799995422363,17.3899993896484,17.7800006866455,17.7707653045654,5340600,Baxter International,United States,BAX,2026-05-14,Baxter International
2026-05-15,17.6599998474121,17.829999923706,17.2299995422363,17.2999992370605,17.2910118103027,5357100,Baxter International,United States,BAX,2026-05-15,Baxter International
2026-05-18,17.3999996185302,17.9500007629394,17.3899993896484,17.7900009155273,17.7807598114013,6251900,Baxter International,United States,BAX,2026-05-18,Baxter International
2026-05-19,17.7000007629394,18.3500003814697,17.5599994659423,18.329999923706,18.320478439331,5663100,Baxter International,United States,BAX,2026-05-19,Baxter International
2026-05-20,18.4400005340576,18.829999923706,18.0100002288818,18.7700004577636,18.7602500915527,6801200,Baxter International,United States,BAX,2026-05-20,Baxter International
2026-05-21,18.4899997711181,19.1200008392334,18.3999996185302,19.0300006866455,19.0201148986816,8756600,Baxter International,United States,BAX,2026-05-21,Baxter International
2026-05-22,19.2600002288818,19.6700000762939,19.0599994659423,19.1800003051757,19.1700363159179,7219800,Baxter International,United States,BAX,2026-05-22,Baxter International
2026-05-26,19.1800003051757,19.5200004577636,18.9400005340576,19.3799991607666,19.3699321746826,5290400,Baxter International,United States,BAX,2026-05-26,Baxter International
2026-05-27,19.6000003814697,19.9699993133544,19.2700004577636,19.329999923706,19.3199596405029,8549900,Baxter International,United States,BAX,2026-05-27,Baxter International
2026-05-28,18.7600002288818,19.3099994659423,18.5900001525878,19.25,19.2399997711181,5025300,Baxter International,United States,BAX,2026-05-28,Baxter International
2026-05-29,19.0599994659423,19.1800003051757,18.7700004577636,18.7800006866455,18.7800006866455,8486400,Baxter International,United States,BAX,2026-05-29,Baxter International
2026-06-01,18.5699996948242,18.6800003051757,18.1100006103515,18.3999996185302,18.3999996185302,8560400,Baxter International,United States,BAX,2026-06-01,Baxter International
2026-06-02,18.329999923706,19.079999923706,18.2199993133544,18.6800003051757,18.6800003051757,5980600,Baxter International,United States,BAX,2026-06-02,Baxter International
2026-06-03,18.5300006866455,18.8600006103515,18.4200000762939,18.5400009155273,18.5400009155273,4591100,Baxter International,United States,BAX,2026-06-03,Baxter International
2026-06-04,18.9899997711181,19.5,18.8999996185302,19.3500003814697,19.3500003814697,5959700,Baxter International,United States,BAX,2026-06-04,Baxter International
2026-06-05,19.4400005340576,19.75,19.3199996948242,19.3799991607666,19.3799991607666,6838800,Baxter International,United States,BAX,2026-06-05,Baxter International
2026-06-08,19.329999923706,19.5,19.0499992370605,19.2399997711181,19.2399997711181,5044300,Baxter International,United States,BAX,2026-06-08,Baxter International
2026-06-09,19.4599990844726,20.1599998474121,19.3600006103515,20.0300006866455,20.0300006866455,6493100,Baxter International,United States,BAX,2026-06-09,Baxter International
2026-06-10,19.9699993133544,20.9799995422363,19.7700004577636,20.3099994659423,20.3099994659423,11725700,Baxter International,United States,BAX,2026-06-10,Baxter International
2026-06-11,20.2000007629394,20.6599998474121,20.0400009155273,20.4899997711181,20.4899997711181,7528500,Baxter International,United States,BAX,2026-06-11,Baxter International
2026-06-12,20.6700000762939,20.8899993896484,20.25,20.8600006103515,20.8600006103515,7622400,Baxter International,United States,BAX,2026-06-12,Baxter International
2026-06-15,21.0300006866455,21.2999992370605,20.7800006866455,20.8099994659423,20.8099994659423,6022400,Baxter International,United States,BAX,2026-06-15,Baxter International
2026-06-16,20.9099998474121,21.0300006866455,20.3600006103515,20.4599990844726,20.4599990844726,6841100,Baxter International,United States,BAX,2026-06-16,Baxter International
2026-06-17,20.4200000762939,20.6200008392334,19.3799991607666,19.3899993896484,19.3899993896484,7123600,Baxter International,United States,BAX,2026-06-17,Baxter International
2026-06-18,19.7000007629394,20.1000003814697,19.5400009155273,19.8899993896484,19.8899993896484,11167800,Baxter International,United States,BAX,2026-06-18,Baxter International
2026-06-22,19.8999996185302,20.0400009155273,19.6299991607666,19.6599998474121,19.6599998474121,4801000,Baxter International,United States,BAX,2026-06-22,Baxter International
2026-06-23,19.5,20.1700000762939,19.4200000762939,20.1000003814697,20.1000003814697,5072500,Baxter International,United States,BAX,2026-06-23,Baxter International
2026-06-24,20.3199996948242,21.1299991607666,20.3099994659423,21.0400009155273,21.0400009155273,6066500,Baxter International,United States,BAX,2026-06-24,Baxter International
2026-06-25,21.2299995422363,21.7299995422363,21.1399993896484,21.5499992370605,21.5499992370605,6650100,Baxter International,United States,BAX,2026-06-25,Baxter International
2026-06-26,21.4699993133544,22.1800003051757,21.4300003051757,22.0400009155273,22.0400009155273,10260200,Baxter International,United States,BAX,2026-06-26,Baxter International
2026-06-29,21.9500007629394,22.0900001525878,21.8099994659423,22.0200004577636,22.0200004577636,5722100,Baxter International,United States,BAX,2026-06-29,Baxter International
2026-06-30,22.1399993896484,22.1800003051757,21.3099994659423,21.3199996948242,21.3199996948242,6891700,Baxter International,United States,BAX,2026-06-30,Baxter International
2026-07-01,21.3999996185302,21.9500007629394,21.3799991607666,21.6900005340576,21.6900005340576,6497600,Baxter International,United States,BAX,2026-07-01,Baxter International
2026-07-02,22.1200008392334,22.7600002288818,22.0200004577636,22.6499996185302,22.6499996185302,6546600,Baxter International,United States,BAX,2026-07-02,Baxter International
2026-07-06,22.7800006866455,22.829999923706,22.1599998474121,22.579999923706,22.579999923706,4891600,Baxter International,United States,BAX,2026-07-06,Baxter International
2026-07-07,23.0,23.5300006866455,22.829999923706,22.8600006103515,22.8600006103515,5990900,Baxter International,United States,BAX,2026-07-07,Baxter International
2026-07-08,22.4899997711181,22.6499996185302,21.8500003814697,21.9799995422363,21.9799995422363,6788800,Baxter International,United States,BAX,2026-07-08,Baxter International
2026-07-09,22.25,22.5499992370605,21.7299995422363,22.4599990844726,22.4599990844726,4063600,Baxter International,United States,BAX,2026-07-09,Baxter International
2026-07-10,22.6399993896484,22.7199993133544,22.3500003814697,22.6200008392334,22.6200008392334,3103100,Baxter International,United States,BAX,2026-07-10,Baxter International
2026-07-13,22.6000003814697,22.9200000762939,22.3700008392334,22.5699996948242,22.5699996948242,8519500,Baxter International,United States,BAX,2026-07-13,Baxter International
2026-07-14,21.9300003051757,21.9300003051757,21.1599998474121,21.7999992370605,21.7999992370605,5047300,Baxter International,United States,BAX,2026-07-14,Baxter International
2026-07-15,21.9300003051757,22.4500007629394,21.8199996948242,22.1499996185302,22.1499996185302,5021900,Baxter International,United States,BAX,2026-07-15,Baxter International
2026-07-16,22.5,23.3799991607666,22.1800003051757,23.3500003814697,23.3500003814697,6942200,Baxter International,United States,BAX,2026-07-16,Baxter International
2026-07-17,23.1599998474121,23.7099990844726,22.5900001525878,22.6100006103515,22.6100006103515,6546600,Baxter International,United States,BAX,2026-07-17,Baxter International
2026-07-20,22.4599990844726,22.5200004577636,21.9400005340576,22.0699996948242,22.0699996948242,4980300,Baxter International,United States,BAX,2026-07-20,Baxter International
2026-07-21,21.8600006103515,22.2399997711181,21.8400001525878,22.2099990844726,22.2099990844726,3962000,Baxter International,United States,BAX,2026-07-21,Baxter International
2026-07-22,22.5300006866455,22.5599994659423,21.7000007629394,21.7399997711181,21.7399997711181,4511200,Baxter International,United States,BAX,2026-07-22,Baxter International
2026-07-23,21.5599994659423,21.7800006866455,21.3999996185302,21.6700000762939,21.6700000762939,4516800,Baxter International,United States,BAX,2026-07-23,Baxter International
2026-07-24,21.9500007629394,22.6499996185302,21.8999996185302,22.3999996185302,22.3999996185302,4982900,Baxter International,United States,BAX,2026-07-24,Baxter International
2026-07-27,22.6800003051757,23.3999996185302,22.6000003814697,23.3400001525878,23.3400001525878,5445200,Baxter International,United States,BAX,2026-07-27,Baxter International
2026-07-28,23.8500003814697,24.75,23.579999923706,24.3700008392334,24.3700008392334,7102200,Baxter International,United States,BAX,2026-07-28,Baxter International
2026-07-29,24.3999996185302,24.9300003051757,24.2800006866455,24.7700004577636,24.7700004577636,9433100,Baxter International,United States,BAX,2026-07-29,Baxter International
2026-07-30,29.0699996948242,30.0,26.0499992370605,26.75,26.75,22670900,Baxter International,United States,BAX,2026-07-30,Baxter International
2026-07-31,26.9200000762939,27.1499996185302,26.0300006866455,26.1599998474121,26.1599998474121,9283200,Baxter International,United States,BAX,2026-07-31,Baxter International
2026-08-03,26.9799995422363,28.2999992370605,26.8999996185302,28.1000003814697,28.1000003814697,10447100,Baxter International,United States,BAX,2026-08-03,Baxter International
2026-08-04,27.7399997711181,28.3799991607666,27.4799995422363,28.3500003814697,28.3500003814697,10209100,Baxter International,United States,BAX,2026-08-04,Baxter International
2026-08-05,28.2000007629394,28.2099990844726,27.0900001525878,27.329999923706,27.329999923706,9302500,Baxter International,United States,BAX,2026-08-05,Baxter International
2026-08-06,27.4099998474121,27.9500007629394,26.8199996948242,27.0100002288818,27.0100002288818,6944500,Baxter International,United States,BAX,2026-08-06,Baxter International
2026-08-07,26.9300003051757,27.8799991607666,26.5599994659423,27.5499992370605,27.5499992370605,8162700,Baxter International,United States,BAX,2026-08-07,Baxter International
2026-08-10,27.1200008392334,27.9699993133544,26.7800006866455,27.7800006866455,27.7800006866455,8306800,Baxter International,United States,BAX,2026-08-10,Baxter International
2026-08-11,27.5499992370605,28.0200004577636,27.3799991607666,27.6100006103515,27.6100006103515,7577200,Baxter International,United States,BAX,2026-08-11,Baxter International
2026-08-12,27.2000007629394,27.3999996185302,26.6399993896484,26.9500007629394,26.9500007629394,6881500,Baxter International,United States,BAX,2026-08-12,Baxter International
2026-08-13,27.0200004577636,27.4500007629394,26.8999996185302,27.0499992370605,27.0499992370605,6711300,Baxter International,United States,BAX,2026-08-13,Baxter International
2026-08-14,27.0100002288818,27.1599998474121,26.6000003814697,26.7299995422363,26.7299995422363,4957300,Baxter International,United States,BAX,2026-08-14,Baxter International
2026-08-17,26.4699993133544,26.4699993133544,25.8700008392334,25.9099998474121,25.9099998474121,5851200,Baxter International,United States,BAX,2026-08-17,Baxter International
2026-08-18,26.079999923706,26.3400001525878,25.75,25.9400005340576,25.9400005340576,6688500,Baxter International,United States,BAX,2026-08-18,Baxter International
2026-08-19,26.0400009155273,26.75,25.8700008392334,26.6399993896484,26.6399993896484,5053200,Baxter International,United States,BAX,2026-08-19,Baxter International
