Date,Open,High,Low,Close,Adj Close,Volume,Dividends,Stock Splits
2011-01-04 00:00:00+01:00,8.806854248046875,8.915702819824219,8.707900047302246,8.915702819824219,8.915702819824219,1395,0.0,0.0
2011-01-05 00:00:00+01:00,8.905806541442871,9.0047607421875,8.905806541442871,9.0047607421875,9.0047607421875,304,0.0,0.0
2011-01-06 00:00:00+01:00,9.1027250289917,9.1027250289917,9.1027250289917,9.1027250289917,9.1027250289917,1,0.0,0.0
2011-01-07 00:00:00+01:00,8.905806541442871,8.905806541442871,8.905806541442871,8.905806541442871,8.905806541442871,1,0.0,0.0
2011-01-10 00:00:00+01:00,8.905806541442871,8.955284118652344,8.806854248046875,8.955284118652344,8.955284118652344,1622,0.0,0.0
2011-01-11 00:00:00+01:00,8.915702819824219,9.044342041015625,8.915702819824219,9.044342041015625,9.044342041015625,6,0.0,0.0
2011-01-12 00:00:00+01:00,8.757376670837402,8.757376670837402,8.411040306091309,8.608946800231934,8.608946800231934,2189,0.0,0.0
2011-01-13 00:00:00+01:00,8.707900047302246,8.707900047302246,8.707900047302246,8.707900047302246,8.707900047302246,1515,0.0,0.0
2011-01-14 00:00:00+01:00,9.0047607421875,9.0047607421875,9.0047607421875,9.0047607421875,9.0047607421875,1,0.0,0.0
2011-01-17 00:00:00+01:00,9.0047607421875,9.0047607421875,9.0047607421875,9.0047607421875,9.0047607421875,12,0.0,0.0
2011-01-18 00:00:00+01:00,9.0047607421875,9.0047607421875,9.0047607421875,9.0047607421875,9.0047607421875,0,0.0,0.0
2011-01-19 00:00:00+01:00,8.787062644958496,8.856330871582031,8.787062644958496,8.856330871582031,8.856330871582031,1332,0.0,0.0
2011-01-20 00:00:00+01:00,8.599052429199219,8.856330871582031,8.599052429199219,8.856330871582031,8.856330871582031,607,0.0,0.0
2011-01-21 00:00:00+01:00,8.856330871582031,8.856330871582031,8.856330871582031,8.856330871582031,8.856330871582031,0,0.0,0.0
2011-01-24 00:00:00+01:00,8.787062644958496,8.787062644958496,8.509993553161621,8.509993553161621,8.509993553161621,899,0.0,0.0
2011-01-25 00:00:00+01:00,8.796958923339844,8.796958923339844,8.015226364135742,8.361562728881836,8.361562728881836,5559,0.0,0.0
2011-01-26 00:00:00+01:00,8.015226364135742,8.39124870300293,8.015226364135742,8.39124870300293,8.39124870300293,577,0.0,0.0
2011-01-27 00:00:00+01:00,8.401144981384277,8.401144981384277,8.401144981384277,8.401144981384277,8.401144981384277,1,0.0,0.0
2011-01-28 00:00:00+01:00,8.401144981384277,8.806854248046875,8.401144981384277,8.411040306091309,8.411040306091309,1068,0.0,0.0
2011-01-31 00:00:00+01:00,8.213132858276367,8.361562728881836,8.213132858276367,8.361562728881836,8.361562728881836,80,0.0,0.0
2011-02-01 00:00:00+01:00,8.213132858276367,8.39124870300293,8.114179611206055,8.312087059020996,8.312087059020996,3064,0.0,0.0
2011-02-02 00:00:00+01:00,8.015226364135742,8.114179611206055,8.015226364135742,8.114179611206055,8.114179611206055,1224,0.0,0.0
2011-02-03 00:00:00+01:00,8.114179611206055,8.351668357849121,7.668889999389648,8.015226364135742,8.015226364135742,2071,0.0,0.0
2011-02-04 00:00:00+01:00,8.015226364135742,8.015226364135742,8.015226364135742,8.015226364135742,8.015226364135742,214,0.0,0.0
2011-02-07 00:00:00+01:00,7.965750217437744,8.114179611206055,7.965750217437744,8.114179611206055,8.114179611206055,1532,0.0,0.0
2011-02-08 00:00:00+01:00,7.965750217437744,8.312087059020996,7.965750217437744,8.312087059020996,8.312087059020996,2298,0.0,0.0
2011-02-09 00:00:00+01:00,8.015226364135742,8.114179611206055,8.015226364135742,8.10428524017334,8.10428524017334,1036,0.0,0.0
2011-02-10 00:00:00+01:00,7.866796016693115,8.005331039428711,7.866796016693115,8.005331039428711,8.005331039428711,1329,0.0,0.0
2011-02-11 00:00:00+01:00,7.688680171966553,7.787633895874023,7.5699357986450195,7.777738094329834,7.777738094329834,1456,0.0,0.0
2011-02-14 00:00:00+01:00,7.520459175109863,7.918251991271973,7.520459175109863,7.7183661460876465,7.7183661460876465,3206,0.0,0.0
2011-02-15 00:00:00+01:00,7.233493804931641,8.064702987670898,7.174121856689453,7.421505928039551,7.421505928039551,2027,0.0,0.0
2011-02-16 00:00:00+01:00,7.174121856689453,7.421505928039551,7.114749908447266,7.421505928039551,7.421505928039551,1441,0.0,0.0
2011-02-17 00:00:00+01:00,7.421505928039551,7.421505928039551,7.223598957061768,7.421505928039551,7.421505928039551,1321,0.0,0.0
2011-02-18 00:00:00+01:00,7.124646186828613,8.213132858276367,7.124646186828613,8.213132858276367,8.213132858276367,2742,0.0,0.0
2011-02-21 00:00:00+01:00,7.7183661460876465,7.7183661460876465,7.619412899017334,7.7183661460876465,7.7183661460876465,1176,0.0,0.0
2011-02-22 00:00:00+01:00,7.520459175109863,7.915284156799316,7.520459175109863,7.915284156799316,7.915284156799316,1353,0.0,0.0
2011-02-23 00:00:00+01:00,7.767842769622803,8.34177303314209,7.767842769622803,8.114179611206055,8.114179611206055,973,0.0,0.0
2011-02-24 00:00:00+01:00,7.965750217437744,8.34177303314209,7.7183661460876465,7.91627311706543,7.91627311706543,4005,0.0,0.0
2011-02-25 00:00:00+01:00,7.866796016693115,7.91627311706543,7.866796016693115,7.91627311706543,7.91627311706543,32,0.0,0.0
2011-02-28 00:00:00+01:00,7.91627311706543,7.91627311706543,7.91627311706543,7.91627311706543,7.91627311706543,3,0.0,0.0
2011-03-01 00:00:00+01:00,7.866796016693115,7.866796016693115,7.866796016693115,7.866796016693115,7.866796016693115,23,0.0,0.0
2011-03-02 00:00:00+01:00,7.866796016693115,7.866796016693115,7.866796016693115,7.866796016693115,7.866796016693115,102,0.0,0.0
2011-03-03 00:00:00+01:00,8.114179611206055,8.114179611206055,8.114179611206055,8.114179611206055,8.114179611206055,299,0.0,0.0
2011-03-04 00:00:00+01:00,8.015226364135742,8.163657188415527,8.015226364135742,8.163657188415527,8.163657188415527,920,0.0,0.0
2011-03-07 00:00:00+01:00,8.163657188415527,8.163657188415527,8.163657188415527,8.163657188415527,8.163657188415527,325,0.0,0.0
2011-03-08 00:00:00+01:00,8.163657188415527,8.163657188415527,8.163657188415527,8.163657188415527,8.163657188415527,22,0.0,0.0
2011-03-09 00:00:00+01:00,8.163657188415527,8.351668357849121,8.163657188415527,8.351668357849121,8.351668357849121,1381,0.0,0.0
2011-03-10 00:00:00+01:00,8.361562728881836,8.361562728881836,8.114179611206055,8.312087059020996,8.312087059020996,655,0.0,0.0
2011-03-11 00:00:00+01:00,8.015226364135742,8.163657188415527,8.015226364135742,8.163657188415527,8.163657188415527,524,0.0,0.0
2011-03-14 00:00:00+01:00,7.421505928039551,7.668889999389648,7.421505928039551,7.668889999389648,7.668889999389648,2123,0.0,0.0
2011-03-15 00:00:00+01:00,7.629308223724365,8.113189697265625,7.629308223724365,8.064702987670898,8.064702987670898,949,0.0,0.0
2011-03-16 00:00:00+01:00,7.91627311706543,7.91627311706543,7.91627311706543,7.91627311706543,7.91627311706543,15,0.0,0.0
2011-03-17 00:00:00+01:00,7.91627311706543,7.91627311706543,7.91627311706543,7.91627311706543,7.91627311706543,15,0.0,0.0
2011-03-18 00:00:00+01:00,7.91627311706543,8.361562728881836,7.470983028411865,8.351668357849121,8.351668357849121,7239,0.0,0.0
2011-03-21 00:00:00+01:00,7.817319869995117,8.658424377441406,7.817319869995117,8.114179611206055,8.114179611206055,6443,0.0,0.0
2011-03-22 00:00:00+01:00,7.817319869995117,8.063714027404785,7.817319869995117,7.91627311706543,7.91627311706543,1321,0.0,0.0
2011-03-23 00:00:00+01:00,7.91627311706543,7.91627311706543,7.767842769622803,7.767842769622803,7.767842769622803,1022,0.0,0.0
2011-03-24 00:00:00+01:00,7.767842769622803,7.767842769622803,7.767842769622803,7.767842769622803,7.767842769622803,1,0.0,0.0
2011-03-25 00:00:00+01:00,7.767842769622803,7.767842769622803,7.767842769622803,7.767842769622803,7.767842769622803,1,0.0,0.0
2011-03-28 00:00:00+02:00,7.767842769622803,7.767842769622803,7.767842769622803,7.767842769622803,7.767842769622803,1,0.0,0.0
2011-03-29 00:00:00+02:00,7.767842769622803,7.767842769622803,7.767842769622803,7.767842769622803,7.767842769622803,0,0.0,0.0
2011-03-30 00:00:00+02:00,7.767842769622803,7.767842769622803,7.767842769622803,7.767842769622803,7.767842769622803,0,0.0,0.0
2011-03-31 00:00:00+02:00,7.767842769622803,7.767842769622803,7.767842769622803,7.767842769622803,7.767842769622803,0,0.0,0.0
2011-04-01 00:00:00+02:00,7.470983028411865,7.7183661460876465,7.470983028411865,7.7183661460876465,7.7183661460876465,1323,0.0,0.0
2011-04-04 00:00:00+02:00,7.7183661460876465,7.7183661460876465,7.7183661460876465,7.7183661460876465,7.7183661460876465,0,0.0,0.0
2011-04-05 00:00:00+02:00,7.7183661460876465,7.7183661460876465,7.7183661460876465,7.7183661460876465,7.7183661460876465,0,0.0,0.0
2011-04-06 00:00:00+02:00,7.7183661460876465,7.7183661460876465,7.7183661460876465,7.7183661460876465,7.7183661460876465,0,0.0,0.0
2011-04-07 00:00:00+02:00,7.7183661460876465,7.7183661460876465,7.7183661460876465,7.7183661460876465,7.7183661460876465,179,0.0,0.0
2011-04-08 00:00:00+02:00,7.74805212020874,8.608946800231934,7.74805212020874,8.608946800231934,8.608946800231934,6443,0.0,0.0
2011-04-11 00:00:00+02:00,8.411040306091309,8.787062644958496,8.411040306091309,8.667329788208008,8.667329788208008,14628,0.0,0.0
2011-04-12 00:00:00+02:00,8.411040306091309,8.411040306091309,8.014237403869629,8.212143898010254,8.212143898010254,19116,0.0,0.0
2011-04-13 00:00:00+02:00,8.163657188415527,8.668318748474121,8.015226364135742,8.094388961791992,8.094388961791992,23469,0.0,0.0
2011-04-14 00:00:00+02:00,8.099336624145508,8.114179611206055,7.817319869995117,8.100325584411621,8.100325584411621,9385,0.0,0.0
2011-04-15 00:00:00+02:00,7.917263031005859,8.208186149597168,7.8371100425720215,8.114179611206055,8.114179611206055,6243,0.0,0.0
2011-04-18 00:00:00+02:00,8.083503723144531,8.114179611206055,7.91627311706543,8.114179611206055,8.114179611206055,3043,0.0,0.0
2011-04-19 00:00:00+02:00,8.114179611206055,8.114179611206055,8.114179611206055,8.114179611206055,8.114179611206055,5,0.0,0.0
2011-04-20 00:00:00+02:00,8.114179611206055,8.213132858276367,8.114179611206055,8.213132858276367,8.213132858276367,106,0.0,0.0
2011-04-21 00:00:00+02:00,8.213132858276367,8.213132858276367,8.213132858276367,8.213132858276367,8.213132858276367,3,0.0,0.0
2011-04-26 00:00:00+02:00,8.213132858276367,8.213132858276367,8.213132858276367,8.213132858276367,8.213132858276367,24,0.0,0.0
2011-04-27 00:00:00+02:00,8.213132858276367,8.26261043548584,8.213132858276367,8.26261043548584,8.26261043548584,2328,0.0,0.0
2011-04-28 00:00:00+02:00,8.114179611206055,8.163657188415527,8.114179611206055,8.163657188415527,8.163657188415527,1212,0.0,0.0
2011-04-29 00:00:00+02:00,8.213132858276367,8.213132858276367,8.213132858276367,8.213132858276367,8.213132858276367,27,0.0,0.0
2011-05-02 00:00:00+02:00,8.114179611206055,8.232924461364746,8.114179611206055,8.232924461364746,8.232924461364746,813,0.0,0.0
2011-05-03 00:00:00+02:00,8.232924461364746,8.232924461364746,8.232924461364746,8.232924461364746,8.232924461364746,3,0.0,0.0
2011-05-04 00:00:00+02:00,8.213132858276367,8.232924461364746,8.213132858276367,8.223029136657715,8.223029136657715,1749,0.0,0.0
2011-05-05 00:00:00+02:00,8.114179611206055,8.203237533569336,8.015226364135742,8.203237533569336,8.203237533569336,1868,0.0,0.0
2011-05-06 00:00:00+02:00,8.114179611206055,8.114179611206055,8.064702987670898,8.064702987670898,8.064702987670898,1376,0.0,0.0
2011-05-09 00:00:00+02:00,8.064702987670898,8.064702987670898,8.064702987670898,8.064702987670898,8.064702987670898,2,0.0,0.0
2011-05-10 00:00:00+02:00,7.965750217437744,8.064702987670898,7.965750217437744,8.064702987670898,8.064702987670898,3114,0.0,0.0
2011-05-11 00:00:00+02:00,7.91627311706543,8.054807662963867,7.91627311706543,8.054807662963867,8.054807662963867,1039,0.0,0.0
2011-05-12 00:00:00+02:00,8.064702987670898,8.064702987670898,8.064702987670898,8.064702987670898,8.064702987670898,27,0.0,0.0
2011-05-13 00:00:00+02:00,7.965750217437744,8.063714027404785,7.965750217437744,8.063714027404785,8.063714027404785,1207,0.0,0.0
2011-05-16 00:00:00+02:00,7.91627311706543,8.015226364135742,7.91627311706543,8.015226364135742,8.015226364135742,1345,0.0,0.0
2011-05-17 00:00:00+02:00,8.015226364135742,8.015226364135742,8.015226364135742,8.015226364135742,8.015226364135742,431,0.0,0.0
2011-05-18 00:00:00+02:00,8.015226364135742,8.015226364135742,8.015226364135742,8.015226364135742,8.015226364135742,15,0.0,0.0
2011-05-19 00:00:00+02:00,8.015226364135742,8.035017013549805,7.91627311706543,8.005331039428711,8.005331039428711,5374,0.0,0.0
2011-05-20 00:00:00+02:00,8.015226364135742,8.064702987670898,7.787633895874023,8.005331039428711,8.005331039428711,11509,0.0,0.0
2011-05-23 00:00:00+02:00,7.964759826660156,7.965750217437744,7.817319869995117,7.965750217437744,7.965750217437744,2556,0.0,0.0
2011-05-24 00:00:00+02:00,7.817319869995117,7.965750217437744,7.817319869995117,7.965750217437744,7.965750217437744,1129,0.0,0.0
2011-05-25 00:00:00+02:00,7.965750217437744,7.965750217437744,7.91627311706543,7.91627311706543,7.91627311706543,4043,0.0,0.0
2011-05-26 00:00:00+02:00,7.7183661460876465,7.817319869995117,7.7183661460876465,7.817319869995117,7.817319869995117,1028,0.0,0.0
2011-05-27 00:00:00+02:00,7.817319869995117,8.054807662963867,7.7183661460876465,8.054807662963867,8.054807662963867,8102,0.0,0.0
2011-05-30 00:00:00+02:00,8.054807662963867,8.054807662963867,8.054807662963867,8.054807662963867,8.054807662963867,21,0.0,0.0
2011-05-31 00:00:00+02:00,8.054807662963867,8.054807662963867,8.054807662963867,8.054807662963867,8.054807662963867,22,0.0,0.0
2011-06-01 00:00:00+02:00,8.054807662963867,8.054807662963867,7.91627311706543,7.91627311706543,7.91627311706543,1517,0.0,0.0
2011-06-02 00:00:00+02:00,7.91627311706543,7.91627311706543,7.91627311706543,7.91627311706543,7.91627311706543,2,0.0,0.0
2011-06-03 00:00:00+02:00,7.91627311706543,8.084493637084961,7.91627311706543,8.084493637084961,8.084493637084961,7624,0.0,0.0
2011-06-06 00:00:00+02:00,8.015226364135742,8.064702987670898,7.91627311706543,8.015226364135742,8.015226364135742,3751,0.0,0.0
2011-06-07 00:00:00+02:00,7.965750217437744,7.965750217437744,7.965750217437744,7.965750217437744,7.965750217437744,21,0.0,0.0
2011-06-08 00:00:00+02:00,7.817319869995117,7.91627311706543,7.7183661460876465,7.91627311706543,7.91627311706543,2063,0.0,0.0
2011-06-09 00:00:00+02:00,7.91627311706543,7.965750217437744,7.91627311706543,7.965750217437744,7.965750217437744,1338,0.0,0.0
2011-06-10 00:00:00+02:00,7.91627311706543,7.965750217437744,7.91627311706543,7.965750217437744,7.965750217437744,2684,0.0,0.0
2011-06-13 00:00:00+02:00,7.965750217437744,7.965750217437744,7.965750217437744,7.965750217437744,7.965750217437744,19,0.0,0.0
2011-06-14 00:00:00+02:00,7.965750217437744,7.965750217437744,7.965750217437744,7.965750217437744,7.965750217437744,18,0.0,0.0
2011-06-15 00:00:00+02:00,7.965750217437744,7.965750217437744,7.965750217437744,7.965750217437744,7.965750217437744,27,0.0,0.0
2011-06-16 00:00:00+02:00,7.965750217437744,7.965750217437744,7.965750217437744,7.965750217437744,7.965750217437744,0,0.0,0.0
2011-06-17 00:00:00+02:00,7.866796016693115,7.91627311706543,7.866796016693115,7.91627311706543,7.91627311706543,506,0.0,0.0
2011-06-20 00:00:00+02:00,7.91627311706543,7.91627311706543,7.91627311706543,7.91627311706543,7.91627311706543,0,0.0,0.0
2011-06-21 00:00:00+02:00,7.91627311706543,7.965750217437744,7.91627311706543,7.965750217437744,7.965750217437744,254,0.0,0.0
2011-06-22 00:00:00+02:00,7.91627311706543,7.91627311706543,7.767842769622803,7.767842769622803,7.767842769622803,909,0.0,0.0
2011-06-23 00:00:00+02:00,7.619412899017334,7.797529220581055,7.619412899017334,7.797529220581055,7.797529220581055,220,0.0,0.0
2011-06-24 00:00:00+02:00,7.847005844116211,7.896481990814209,7.847005844116211,7.896481990814209,7.896481990814209,526,0.0,0.0
2011-06-27 00:00:00+02:00,7.856901168823242,7.856901168823242,7.817319869995117,7.817319869995117,7.817319869995117,1835,0.0,0.0
2011-06-28 00:00:00+02:00,7.817319869995117,7.856901168823242,7.817319869995117,7.856901168823242,7.856901168823242,3,0.0,0.0
2011-06-29 00:00:00+02:00,7.5699357986450195,7.7183661460876465,7.520459175109863,7.668889999389648,7.668889999389648,4655,0.0,0.0
2011-06-30 00:00:00+02:00,7.7183661460876465,7.7183661460876465,7.7183661460876465,7.7183661460876465,7.7183661460876465,1,0.0,0.0
2011-07-01 00:00:00+02:00,7.797529220581055,8.015226364135742,7.797529220581055,8.015226364135742,8.015226364135742,2438,0.0,0.0
2011-07-04 00:00:00+02:00,7.995436191558838,8.015226364135742,7.995436191558838,8.015226364135742,8.015226364135742,518,0.0,0.0
2011-07-05 00:00:00+02:00,8.015226364135742,8.015226364135742,8.015226364135742,8.015226364135742,8.015226364135742,252,0.0,0.0
2011-07-06 00:00:00+02:00,7.619412899017334,7.817319869995117,7.619412899017334,7.817319869995117,7.817319869995117,1019,0.0,0.0
2011-07-07 00:00:00+02:00,7.767842769622803,8.064702987670898,7.767842769622803,8.064702987670898,8.064702987670898,5179,0.0,0.0
2011-07-08 00:00:00+02:00,7.91627311706543,7.995436191558838,7.91627311706543,7.995436191558838,7.995436191558838,1288,0.0,0.0
2011-07-11 00:00:00+02:00,7.866796016693115,7.866796016693115,7.7183661460876465,7.7183661460876465,7.7183661460876465,2639,0.0,0.0
2011-07-12 00:00:00+02:00,7.7183661460876465,7.91627311706543,7.520459175109863,7.817319869995117,7.817319869995117,4540,0.0,0.0
2011-07-13 00:00:00+02:00,7.866796016693115,8.015226364135742,7.866796016693115,8.015226364135742,8.015226364135742,2292,0.0,0.0
2011-07-14 00:00:00+02:00,7.965750217437744,7.965750217437744,7.817319869995117,7.945959091186523,7.945959091186523,1830,0.0,0.0
2011-07-15 00:00:00+02:00,7.7183661460876465,8.114179611206055,7.6787848472595215,8.114179611206055,8.114179611206055,4735,0.0,0.0
2011-07-18 00:00:00+02:00,8.064702987670898,8.361562728881836,7.91627311706543,8.114179611206055,8.114179611206055,5303,0.0,0.0
2011-07-19 00:00:00+02:00,8.035017013549805,8.035017013549805,7.819299221038818,8.015226364135742,8.015226364135742,26,0.0,0.0
2011-07-20 00:00:00+02:00,7.817319869995117,8.015226364135742,7.7183661460876465,8.014237403869629,8.014237403869629,2467,0.0,0.0
2011-07-21 00:00:00+02:00,7.965750217437744,7.965750217437744,7.965750217437744,7.965750217437744,7.965750217437744,22,0.0,0.0
2011-07-22 00:00:00+02:00,7.91627311706543,8.114179611206055,7.91627311706543,8.114179611206055,8.114179611206055,3890,0.0,0.0
2011-07-25 00:00:00+02:00,7.917263031005859,8.054807662963867,7.876691818237305,7.974656105041504,7.974656105041504,3939,0.0,0.0
2011-07-26 00:00:00+02:00,7.895493030548096,7.895493030548096,7.895493030548096,7.895493030548096,7.895493030548096,27,0.0,0.0
2011-07-27 00:00:00+02:00,7.876691818237305,7.876691818237305,7.690659046173096,7.690659046173096,7.690659046173096,636,0.0,0.0
2011-07-28 00:00:00+02:00,7.614465236663818,7.614465236663818,7.614465236663818,7.614465236663818,7.614465236663818,33,0.0,0.0
2011-07-29 00:00:00+02:00,7.766852855682373,8.015226364135742,7.766852855682373,7.9350738525390625,7.9350738525390625,6791,0.0,0.0
2011-08-01 00:00:00+02:00,7.964759826660156,8.010278701782227,7.931116104125977,7.931116104125977,7.931116104125977,3503,0.0,0.0
2011-08-02 00:00:00+02:00,7.767842769622803,7.964759826660156,7.7183661460876465,7.7183661460876465,7.7183661460876465,2873,0.0,0.0
2011-08-03 00:00:00+02:00,7.797529220581055,7.965750217437744,7.797529220581055,7.965750217437744,7.965750217437744,1346,0.0,0.0
2011-08-04 00:00:00+02:00,7.965750217437744,7.965750217437744,7.767842769622803,7.965750217437744,7.965750217437744,5398,0.0,0.0
2011-08-05 00:00:00+02:00,7.91627311706543,7.91627311706543,7.7183661460876465,7.915284156799316,7.915284156799316,6760,0.0,0.0
2011-08-08 00:00:00+02:00,7.915284156799316,7.915284156799316,7.915284156799316,7.915284156799316,7.915284156799316,0,0.0,0.0
2011-08-09 00:00:00+02:00,7.906377792358398,7.91627311706543,7.7183661460876465,7.911324977874756,7.911324977874756,3070,0.0,0.0
2011-08-10 00:00:00+02:00,7.896481990814209,7.896481990814209,7.896481990814209,7.896481990814209,7.896481990814209,19,0.0,0.0
2011-08-11 00:00:00+02:00,7.896481990814209,7.896481990814209,7.896481990814209,7.896481990814209,7.896481990814209,4,0.0,0.0
2011-08-12 00:00:00+02:00,7.817319869995117,7.817319869995117,7.817319869995117,7.817319869995117,7.817319869995117,1254,0.0,0.0
2011-08-15 00:00:00+02:00,7.886587142944336,7.886587142944336,7.639204025268555,7.639204025268555,7.639204025268555,960,0.0,0.0
2011-08-16 00:00:00+02:00,7.5699357986450195,7.619412899017334,7.520459175109863,7.619412899017334,7.619412899017334,2327,0.0,0.0
2011-08-17 00:00:00+02:00,7.520459175109863,7.7183661460876465,7.520459175109863,7.7183661460876465,7.7183661460876465,698,0.0,0.0
2011-08-18 00:00:00+02:00,7.223598957061768,7.618422985076904,7.124646186828613,7.510563850402832,7.510563850402832,1909,0.0,0.0
2011-08-19 00:00:00+02:00,7.124646186828613,7.668889999389648,7.124646186828613,7.668889999389648,7.668889999389648,2744,0.0,0.0
2011-08-22 00:00:00+02:00,7.40171480178833,7.40171480178833,7.3225531578063965,7.3225531578063965,7.3225531578063965,39,0.0,0.0
2011-08-23 00:00:00+02:00,7.805445194244385,7.805445194244385,7.421505928039551,7.619412899017334,7.619412899017334,2224,0.0,0.0
2011-08-24 00:00:00+02:00,7.619412899017334,7.619412899017334,7.619412899017334,7.619412899017334,7.619412899017334,23,0.0,0.0
2011-08-25 00:00:00+02:00,7.520459175109863,7.619412899017334,7.520459175109863,7.619412899017334,7.619412899017334,632,0.0,0.0
2011-08-26 00:00:00+02:00,7.619412899017334,7.619412899017334,7.619412899017334,7.619412899017334,7.619412899017334,0,0.0,0.0
2011-08-29 00:00:00+02:00,6.92673921585083,7.520459175109863,6.92673921585083,7.520459175109863,7.520459175109863,184,0.0,0.0
2011-08-30 00:00:00+02:00,7.470983028411865,7.470983028411865,7.470983028411865,7.470983028411865,7.470983028411865,24,0.0,0.0
2011-08-31 00:00:00+02:00,7.470983028411865,7.470983028411865,7.470983028411865,7.470983028411865,7.470983028411865,4,0.0,0.0
2011-09-01 00:00:00+02:00,7.520459175109863,7.5699357986450195,7.3225531578063965,7.3225531578063965,7.3225531578063965,381,0.0,0.0
2011-09-02 00:00:00+02:00,7.520459175109863,7.520459175109863,7.520459175109863,7.520459175109863,7.520459175109863,203,0.0,0.0
2011-09-05 00:00:00+02:00,7.273076057434082,7.3225531578063965,7.273076057434082,7.273076057434082,7.273076057434082,560,0.0,0.0
2011-09-06 00:00:00+02:00,7.273076057434082,7.273076057434082,7.273076057434082,7.273076057434082,7.273076057434082,0,0.0,0.0
2011-09-07 00:00:00+02:00,7.273076057434082,7.273076057434082,7.273076057434082,7.273076057434082,7.273076057434082,0,0.0,0.0
2011-09-08 00:00:00+02:00,7.3225531578063965,7.3225531578063965,7.3225531578063965,7.3225531578063965,7.3225531578063965,202,0.0,0.0
2011-09-09 00:00:00+02:00,7.3225531578063965,7.3225531578063965,7.124646186828613,7.174121856689453,7.174121856689453,1627,0.0,0.0
2011-09-12 00:00:00+02:00,7.342342853546143,7.895493030548096,7.174121856689453,7.223598957061768,7.223598957061768,1840,0.0,0.0
2011-09-13 00:00:00+02:00,7.223598957061768,7.223598957061768,7.223598957061768,7.223598957061768,7.223598957061768,0,0.0,0.0
2011-09-14 00:00:00+02:00,7.223598957061768,7.223598957061768,7.223598957061768,7.223598957061768,7.223598957061768,0,0.0,0.0
2011-09-15 00:00:00+02:00,7.124646186828613,7.124646186828613,7.124646186828613,7.124646186828613,7.124646186828613,101,0.0,0.0
2011-09-16 00:00:00+02:00,7.124646186828613,7.124646186828613,7.124646186828613,7.124646186828613,7.124646186828613,0,0.0,0.0
2011-09-19 00:00:00+02:00,7.124646186828613,7.124646186828613,7.124646186828613,7.124646186828613,7.124646186828613,20,0.0,0.0
2011-09-20 00:00:00+02:00,6.877262115478516,6.877262115478516,6.877262115478516,6.877262115478516,6.877262115478516,258,0.0,0.0
2011-09-21 00:00:00+02:00,6.827785015106201,6.857470989227295,6.728831768035889,6.857470989227295,6.857470989227295,808,0.0,0.0
2011-09-22 00:00:00+02:00,6.877262115478516,6.877262115478516,6.857470989227295,6.857470989227295,6.857470989227295,420,0.0,0.0
2011-09-23 00:00:00+02:00,6.857470989227295,6.857470989227295,6.857470989227295,6.857470989227295,6.857470989227295,0,0.0,0.0
2011-09-26 00:00:00+02:00,6.73872709274292,6.877262115478516,6.728831768035889,6.877262115478516,6.877262115478516,427,0.0,0.0
2011-09-27 00:00:00+02:00,6.877262115478516,6.877262115478516,6.877262115478516,6.877262115478516,6.877262115478516,0,0.0,0.0
2011-09-28 00:00:00+02:00,6.679355144500732,7.025691986083984,6.679355144500732,7.025691986083984,7.025691986083984,1574,0.0,0.0
2011-09-29 00:00:00+02:00,7.025691986083984,7.025691986083984,7.025691986083984,7.025691986083984,7.025691986083984,101,0.0,0.0
2011-09-30 00:00:00+02:00,6.669459819793701,6.669459819793701,6.669459819793701,6.669459819793701,6.669459819793701,101,0.0,0.0
2011-10-04 00:00:00+02:00,7.421505928039551,7.421505928039551,7.421505928039551,7.421505928039551,7.421505928039551,0,0.0,0.0
2011-10-05 00:00:00+02:00,6.570507049560547,6.629878997802734,6.570507049560547,6.629878997802734,6.629878997802734,606,0.0,0.0
2011-10-06 00:00:00+02:00,6.629878997802734,6.629878997802734,6.629878997802734,6.629878997802734,6.629878997802734,0,0.0,0.0
2011-10-07 00:00:00+02:00,6.629878997802734,6.629878997802734,6.629878997802734,6.629878997802734,6.629878997802734,0,0.0,0.0
2011-10-10 00:00:00+02:00,6.629878997802734,6.629878997802734,6.629878997802734,6.629878997802734,6.629878997802734,0,0.0,0.0
2011-10-11 00:00:00+02:00,6.036158084869385,6.619983196258545,6.036158084869385,6.619983196258545,6.619983196258545,3255,0.0,0.0
2011-10-12 00:00:00+02:00,6.5309247970581055,6.5309247970581055,6.500249862670898,6.501238822937012,6.501238822937012,872,0.0,0.0
2011-10-13 00:00:00+02:00,6.1351118087768555,6.501238822937012,6.1351118087768555,6.382494926452637,6.382494926452637,2999,0.0,0.0
2011-10-14 00:00:00+02:00,6.382494926452637,6.382494926452637,6.382494926452637,6.382494926452637,6.382494926452637,0,0.0,0.0
2011-10-17 00:00:00+02:00,6.382494926452637,6.382494926452637,6.234065055847168,6.234065055847168,6.234065055847168,1627,0.0,0.0
2011-10-18 00:00:00+02:00,6.371610164642334,6.372600078582764,6.371610164642334,6.372600078582764,6.372600078582764,6,0.0,0.0
2011-10-19 00:00:00+02:00,6.372600078582764,6.372600078582764,6.372600078582764,6.372600078582764,6.372600078582764,0,0.0,0.0
2011-10-20 00:00:00+02:00,6.371610164642334,6.382494926452637,6.371610164642334,6.382494926452637,6.382494926452637,2,0.0,0.0
2011-10-21 00:00:00+02:00,6.381505966186523,6.382494926452637,6.381505966186523,6.382494926452637,6.382494926452637,2,0.0,0.0
2011-10-24 00:00:00+02:00,6.382494926452637,6.382494926452637,6.382494926452637,6.382494926452637,6.382494926452637,0,0.0,0.0
2011-10-25 00:00:00+02:00,6.283542156219482,6.628889083862305,6.283542156219482,6.628889083862305,6.628889083862305,1869,0.0,0.0
2011-10-26 00:00:00+02:00,6.362703800201416,6.362703800201416,6.234065055847168,6.3033318519592285,6.3033318519592285,1508,0.0,0.0
2011-10-27 00:00:00+02:00,7.411611080169678,7.411611080169678,5.442438125610352,5.541390895843506,5.541390895843506,5686,0.0,0.0
2011-10-28 00:00:00+02:00,5.640344142913818,6.3033318519592285,5.640344142913818,6.234065055847168,6.234065055847168,587,0.0,0.0
2011-10-31 00:00:00+01:00,6.036158084869385,6.036158084869385,6.006472110748291,6.006472110748291,6.006472110748291,407,0.0,0.0
2011-11-01 00:00:00+01:00,6.006472110748291,6.006472110748291,6.006472110748291,6.006472110748291,6.006472110748291,26,0.0,0.0
2011-11-02 00:00:00+01:00,5.838251113891602,5.937204837799072,5.838251113891602,5.937204837799072,5.937204837799072,535,0.0,0.0
2011-11-03 00:00:00+01:00,5.739297866821289,5.937204837799072,5.739297866821289,5.937204837799072,5.937204837799072,1650,0.0,0.0
2011-11-04 00:00:00+01:00,5.937204837799072,6.006472110748291,5.937204837799072,6.006472110748291,6.006472110748291,2566,0.0,0.0
2011-11-07 00:00:00+01:00,5.739297866821289,5.789763927459717,5.739297866821289,5.7887749671936035,5.7887749671936035,1821,0.0,0.0
2011-11-08 00:00:00+01:00,5.9075188636779785,5.9075188636779785,5.9075188636779785,5.9075188636779785,5.9075188636779785,50,0.0,0.0
2011-11-09 00:00:00+01:00,5.9075188636779785,5.9075188636779785,5.9075188636779785,5.9075188636779785,5.9075188636779785,0,0.0,0.0
2011-11-10 00:00:00+01:00,5.9075188636779785,6.402286052703857,5.9075188636779785,6.402286052703857,6.402286052703857,1688,0.0,0.0
2011-11-11 00:00:00+01:00,6.402286052703857,6.92673921585083,6.402286052703857,6.92673921585083,6.92673921585083,3146,0.0,0.0
2011-11-14 00:00:00+01:00,7.025691986083984,7.025691986083984,6.916843891143799,6.936634063720703,6.936634063720703,1136,0.0,0.0
2011-11-15 00:00:00+01:00,6.976215839385986,6.976215839385986,6.976215839385986,6.976215839385986,6.976215839385986,24,0.0,0.0
2011-11-16 00:00:00+01:00,6.990376949310303,6.990376949310303,6.990376949310303,6.990376949310303,6.990376949310303,22,0.0,0.0
2011-11-17 00:00:00+01:00,6.692914009094238,6.891222953796387,6.692914009094238,6.891222953796387,6.891222953796387,126,0.0,0.0
2011-11-18 00:00:00+01:00,6.891222953796387,6.891222953796387,6.891222953796387,6.891222953796387,6.891222953796387,1,0.0,0.0
2011-11-21 00:00:00+01:00,6.891222953796387,6.891222953796387,6.891222953796387,6.891222953796387,6.891222953796387,0,0.0,0.0
2011-11-22 00:00:00+01:00,6.742492198944092,6.742492198944092,6.742492198944092,6.742492198944092,6.742492198944092,50,0.0,0.0
2011-11-23 00:00:00+01:00,6.692914009094238,6.692914009094238,6.593760013580322,6.593760013580322,6.593760013580322,1714,0.0,0.0
2011-11-24 00:00:00+01:00,6.593760013580322,6.593760013580322,6.593760013580322,6.593760013580322,6.593760013580322,0,0.0,0.0
2011-11-25 00:00:00+01:00,6.593760013580322,6.593760013580322,6.593760013580322,6.593760013580322,6.593760013580322,0,0.0,0.0
2011-11-28 00:00:00+01:00,6.494606018066406,6.494606018066406,6.494606018066406,6.494606018066406,6.494606018066406,1,0.0,0.0
2011-11-29 00:00:00+01:00,6.494606018066406,6.494606018066406,6.494606018066406,6.494606018066406,6.494606018066406,0,0.0,0.0
2011-11-30 00:00:00+01:00,6.494606018066406,6.494606018066406,6.494606018066406,6.494606018066406,6.494606018066406,0,0.0,0.0
2011-12-01 00:00:00+01:00,6.147565841674805,6.445028781890869,6.147565841674805,6.445028781890869,6.445028781890869,1033,0.0,0.0
2011-12-02 00:00:00+01:00,6.445028781890869,6.445028781890869,6.445028781890869,6.445028781890869,6.445028781890869,0,0.0,0.0
2011-12-05 00:00:00+01:00,6.445028781890869,6.445028781890869,6.445028781890869,6.445028781890869,6.445028781890869,0,0.0,0.0
2011-12-06 00:00:00+01:00,6.445028781890869,6.445028781890869,6.445028781890869,6.445028781890869,6.445028781890869,0,0.0,0.0
2011-12-07 00:00:00+01:00,5.750948905944824,5.750948905944824,5.601225852966309,5.750948905944824,5.750948905944824,576,0.0,0.0
2011-12-08 00:00:00+01:00,5.750948905944824,5.750948905944824,5.750948905944824,5.750948905944824,5.750948905944824,5,0.0,0.0
2011-12-09 00:00:00+01:00,5.651793956756592,5.651793956756592,5.651793956756592,5.651793956756592,5.651793956756592,1613,0.0,0.0
2011-12-12 00:00:00+01:00,5.403909206390381,6.345873832702637,5.40291690826416,6.345873832702637,6.345873832702637,6054,0.0,0.0
2011-12-13 00:00:00+01:00,6.444036960601807,6.445028781890869,6.306212902069092,6.445028781890869,6.445028781890869,1904,0.0,0.0
2011-12-14 00:00:00+01:00,6.444036960601807,6.445028781890869,6.444036960601807,6.445028781890869,6.445028781890869,1693,0.0,0.0
2011-12-15 00:00:00+01:00,6.394460201263428,6.394460201263428,6.394460201263428,6.394460201263428,6.394460201263428,513,0.0,0.0
2011-12-16 00:00:00+01:00,6.345873832702637,6.345873832702637,6.345873832702637,6.345873832702637,6.345873832702637,403,0.0,0.0
2011-12-19 00:00:00+01:00,6.345873832702637,6.345873832702637,6.345873832702637,6.345873832702637,6.345873832702637,0,0.0,0.0
2011-12-20 00:00:00+01:00,6.345873832702637,6.345873832702637,6.345873832702637,6.345873832702637,6.345873832702637,0,0.0,0.0
2011-12-21 00:00:00+01:00,6.326044082641602,6.326044082641602,6.326044082641602,6.326044082641602,6.326044082641602,47,0.0,0.0
2011-12-22 00:00:00+01:00,6.445028781890869,6.445028781890869,6.445028781890869,6.445028781890869,6.445028781890869,50,0.0,0.0
2011-12-23 00:00:00+01:00,6.445028781890869,6.445028781890869,6.445028781890869,6.445028781890869,6.445028781890869,0,0.0,0.0
2011-12-27 00:00:00+01:00,6.445028781890869,6.445028781890869,6.445028781890869,6.445028781890869,6.445028781890869,0,0.0,0.0
2011-12-28 00:00:00+01:00,6.147565841674805,6.197143077850342,6.147565841674805,6.197143077850342,6.197143077850342,1623,0.0,0.0
2011-12-29 00:00:00+01:00,6.197143077850342,6.197143077850342,6.197143077850342,6.197143077850342,6.197143077850342,3,0.0,0.0
2011-12-30 00:00:00+01:00,6.345873832702637,6.345873832702637,6.345873832702637,6.345873832702637,6.345873832702637,352,0.0,0.0
2012-01-02 00:00:00+01:00,6.345873832702637,6.345873832702637,6.345873832702637,6.345873832702637,6.345873832702637,100,0.0,0.0
2012-01-03 00:00:00+01:00,6.296297073364258,6.296297073364258,6.296297073364258,6.296297073364258,6.296297073364258,101,0.0,0.0
2012-01-04 00:00:00+01:00,6.345873832702637,6.345873832702637,6.345873832702637,6.345873832702637,6.345873832702637,1,0.0,0.0
2012-01-05 00:00:00+01:00,6.345873832702637,6.345873832702637,6.345873832702637,6.345873832702637,6.345873832702637,0,0.0,0.0
2012-01-06 00:00:00+01:00,6.345873832702637,6.345873832702637,6.345873832702637,6.345873832702637,6.345873832702637,0,0.0,0.0
2012-01-09 00:00:00+01:00,6.345873832702637,6.345873832702637,6.345873832702637,6.345873832702637,6.345873832702637,0,0.0,0.0
2012-01-10 00:00:00+01:00,5.949256896972656,5.949256896972656,5.651793956756592,5.651793956756592,5.651793956756592,1238,0.0,0.0
2012-01-11 00:00:00+01:00,5.651793956756592,5.651793956756592,5.651793956756592,5.651793956756592,5.651793956756592,201,0.0,0.0
2012-01-12 00:00:00+01:00,5.651793956756592,5.651793956756592,5.651793956756592,5.651793956756592,5.651793956756592,10,0.0,0.0
2012-01-13 00:00:00+01:00,5.651793956756592,5.651793956756592,5.651793956756592,5.651793956756592,5.651793956756592,10,0.0,0.0
2012-01-16 00:00:00+01:00,5.651793956756592,5.651793956756592,5.651793956756592,5.651793956756592,5.651793956756592,0,0.0,0.0
2012-01-17 00:00:00+01:00,5.503063201904297,5.503063201904297,5.403909206390381,5.403909206390381,5.403909206390381,2319,0.0,0.0
2012-01-18 00:00:00+01:00,5.403909206390381,5.403909206390381,5.403909206390381,5.403909206390381,5.403909206390381,201,0.0,0.0
2012-01-19 00:00:00+01:00,5.175854206085205,5.175854206085205,5.175854206085205,5.175854206085205,5.175854206085205,201,0.0,0.0
2012-01-20 00:00:00+01:00,5.175854206085205,5.175854206085205,5.175854206085205,5.175854206085205,5.175854206085205,0,0.0,0.0
2012-01-23 00:00:00+01:00,5.354331016540527,5.602217197418213,5.354331016540527,5.503063201904297,5.503063201904297,4713,0.0,0.0
2012-01-24 00:00:00+01:00,5.354331016540527,5.354331016540527,5.354331016540527,5.354331016540527,5.354331016540527,302,0.0,0.0
2012-01-25 00:00:00+01:00,5.354331016540527,5.354331016540527,5.354331016540527,5.354331016540527,5.354331016540527,0,0.0,0.0
2012-01-26 00:00:00+01:00,5.354331016540527,5.354331016540527,5.354331016540527,5.354331016540527,5.354331016540527,0,0.0,0.0
2012-01-27 00:00:00+01:00,5.056869029998779,5.205599784851074,5.056869029998779,5.205599784851074,5.205599784851074,1204,0.0,0.0
2012-01-30 00:00:00+01:00,5.255177021026611,5.255177021026611,5.255177021026611,5.255177021026611,5.255177021026611,10,0.0,0.0
2012-01-31 00:00:00+01:00,5.255177021026611,5.255177021026611,5.255177021026611,5.255177021026611,5.255177021026611,0,0.0,0.0
2012-02-01 00:00:00+01:00,4.957714080810547,5.45348596572876,4.957714080810547,5.45348596572876,5.45348596572876,453,0.0,0.0
2012-02-02 00:00:00+01:00,5.45348596572876,5.45348596572876,5.45348596572876,5.45348596572876,5.45348596572876,0,0.0,0.0
2012-02-03 00:00:00+01:00,5.255177021026611,5.255177021026611,5.255177021026611,5.255177021026611,5.255177021026611,20,0.0,0.0
2012-02-06 00:00:00+01:00,5.255177021026611,5.354331016540527,5.255177021026611,5.354331016540527,5.354331016540527,181,0.0,0.0
2012-02-07 00:00:00+01:00,5.354331016540527,5.354331016540527,5.354331016540527,5.354331016540527,5.354331016540527,0,0.0,0.0
2012-02-08 00:00:00+01:00,5.255177021026611,5.255177021026611,5.255177021026611,5.255177021026611,5.255177021026611,201,0.0,0.0
2012-02-09 00:00:00+01:00,5.255177021026611,5.255177021026611,5.255177021026611,5.255177021026611,5.255177021026611,0,0.0,0.0
2012-02-10 00:00:00+01:00,5.255177021026611,5.255177021026611,5.255177021026611,5.255177021026611,5.255177021026611,0,0.0,0.0
2012-02-13 00:00:00+01:00,5.165937900543213,5.165937900543213,5.056869029998779,5.056869029998779,5.056869029998779,1424,0.0,0.0
2012-02-14 00:00:00+01:00,5.106445789337158,5.106445789337158,4.997375965118408,4.997375965118408,4.997375965118408,1512,0.0,0.0
2012-02-15 00:00:00+01:00,4.997375965118408,4.997375965118408,4.997375965118408,4.997375965118408,4.997375965118408,0,0.0,0.0
2012-02-16 00:00:00+01:00,4.808982849121094,5.056869029998779,4.808982849121094,5.056869029998779,5.056869029998779,342,0.0,0.0
2012-02-17 00:00:00+01:00,5.056869029998779,5.056869029998779,5.056869029998779,5.056869029998779,5.056869029998779,8,0.0,0.0
2012-02-20 00:00:00+01:00,5.056869029998779,5.056869029998779,5.056869029998779,5.056869029998779,5.056869029998779,5,0.0,0.0
2012-02-21 00:00:00+01:00,4.660251140594482,4.709828853607178,4.660251140594482,4.709828853607178,4.709828853607178,2569,0.0,0.0
2012-02-22 00:00:00+01:00,4.758413791656494,4.759406089782715,4.758413791656494,4.759406089782715,4.759406089782715,40,0.0,0.0
2012-02-23 00:00:00+01:00,4.759406089782715,4.759406089782715,4.759406089782715,4.759406089782715,4.759406089782715,0,0.0,0.0
2012-02-24 00:00:00+01:00,4.759406089782715,4.759406089782715,4.759406089782715,4.759406089782715,4.759406089782715,0,0.0,0.0
2012-02-27 00:00:00+01:00,4.738583087921143,4.739574909210205,4.738583087921143,4.739574909210205,4.739574909210205,443,0.0,0.0
2012-02-28 00:00:00+01:00,4.739574909210205,4.739574909210205,4.739574909210205,4.739574909210205,4.739574909210205,100,0.0,0.0
2012-02-29 00:00:00+01:00,4.739574909210205,4.739574909210205,4.739574909210205,4.739574909210205,4.739574909210205,0,0.0,0.0
2012-03-01 00:00:00+01:00,4.660251140594482,5.056869029998779,4.660251140594482,4.759406089782715,4.759406089782715,2047,0.0,0.0
2012-03-02 00:00:00+01:00,4.759406089782715,4.759406089782715,4.759406089782715,4.759406089782715,4.759406089782715,44,0.0,0.0
2012-03-05 00:00:00+01:00,4.759406089782715,4.759406089782715,4.759406089782715,4.759406089782715,4.759406089782715,0,0.0,0.0
2012-03-06 00:00:00+01:00,4.660251140594482,4.660251140594482,4.660251140594482,4.660251140594482,4.660251140594482,20,0.0,0.0
2012-03-07 00:00:00+01:00,4.561097145080566,4.561097145080566,4.561097145080566,4.561097145080566,4.561097145080566,64,0.0,0.0
2012-03-08 00:00:00+01:00,4.362788200378418,4.362788200378418,4.361796855926514,4.362788200378418,4.362788200378418,2037,0.0,0.0
2012-03-09 00:00:00+01:00,4.362788200378418,4.362788200378418,4.362788200378418,4.362788200378418,4.362788200378418,0,0.0,0.0
2012-03-12 00:00:00+01:00,4.262642860412598,4.362788200378418,4.262642860412598,4.362788200378418,4.362788200378418,1331,0.0,0.0
2012-03-13 00:00:00+01:00,4.361796855926514,4.362788200378418,4.163487911224365,4.214056968688965,4.214056968688965,9969,0.0,0.0
2012-03-14 00:00:00+01:00,4.214056968688965,4.214056968688965,4.214056968688965,4.214056968688965,4.214056968688965,0,0.0,0.0
2012-03-15 00:00:00+01:00,4.06532621383667,4.06532621383667,4.06532621383667,4.06532621383667,4.06532621383667,705,0.0,0.0
2012-03-16 00:00:00+01:00,4.06532621383667,4.06532621383667,4.06532621383667,4.06532621383667,4.06532621383667,0,0.0,0.0
2012-03-19 00:00:00+01:00,4.06532621383667,4.06532621383667,4.06532621383667,4.06532621383667,4.06532621383667,0,0.0,0.0
2012-03-20 00:00:00+01:00,4.06532621383667,4.06532621383667,4.06532621383667,4.06532621383667,4.06532621383667,0,0.0,0.0
2012-03-21 00:00:00+01:00,4.06532621383667,4.06532621383667,4.06532621383667,4.06532621383667,4.06532621383667,0,0.0,0.0
2012-03-22 00:00:00+01:00,3.9671630859375,4.064333915710449,3.9671630859375,4.064333915710449,4.064333915710449,1215,0.0,0.0
2012-03-23 00:00:00+01:00,4.164480209350586,4.164480209350586,4.143657207489014,4.164480209350586,4.164480209350586,1945,0.0,0.0
2012-03-26 00:00:00+02:00,4.164480209350586,4.164480209350586,4.164480209350586,4.164480209350586,4.164480209350586,1,0.0,0.0
2012-03-27 00:00:00+02:00,4.164480209350586,4.164480209350586,4.164480209350586,4.164480209350586,4.164480209350586,0,0.0,0.0
2012-03-28 00:00:00+02:00,3.968153953552246,3.968153953552246,3.9661710262298584,3.9661710262298584,3.9661710262298584,3834,0.0,0.0
2012-03-29 00:00:00+02:00,3.9661710262298584,3.9661710262298584,3.9661710262298584,3.9661710262298584,3.9661710262298584,11,0.0,0.0
2012-03-30 00:00:00+02:00,3.9661710262298584,4.164480209350586,3.9661710262298584,4.085155963897705,4.085155963897705,14169,0.0,0.0
2012-04-02 00:00:00+02:00,4.085155963897705,4.085155963897705,4.085155963897705,4.085155963897705,4.085155963897705,2073,0.0,0.0
2012-04-03 00:00:00+02:00,4.144649028778076,4.144649028778076,4.144649028778076,4.144649028778076,4.144649028778076,30,0.0,0.0
2012-04-04 00:00:00+02:00,4.114902973175049,4.114902973175049,4.114902973175049,4.114902973175049,4.114902973175049,20,0.0,0.0
2012-04-05 00:00:00+02:00,4.143657207489014,4.143657207489014,3.986001968383789,3.986001968383789,3.986001968383789,1093,0.0,0.0
2012-04-10 00:00:00+02:00,4.104987144470215,4.104987144470215,4.104987144470215,4.104987144470215,4.104987144470215,25,0.0,0.0
2012-04-11 00:00:00+02:00,4.104987144470215,4.104987144470215,4.104987144470215,4.104987144470215,4.104987144470215,1,0.0,0.0
2012-04-12 00:00:00+02:00,4.104987144470215,4.104987144470215,4.104987144470215,4.104987144470215,4.104987144470215,0,0.0,0.0
2012-04-13 00:00:00+02:00,4.104987144470215,4.104987144470215,4.104987144470215,4.104987144470215,4.104987144470215,2,0.0,0.0
2012-04-16 00:00:00+02:00,4.104987144470215,4.104987144470215,4.104987144470215,4.104987144470215,4.104987144470215,0,0.0,0.0
2012-04-17 00:00:00+02:00,4.104987144470215,4.104987144470215,4.104987144470215,4.104987144470215,4.104987144470215,0,0.0,0.0
2012-04-18 00:00:00+02:00,4.104987144470215,4.104987144470215,4.104987144470215,4.104987144470215,4.104987144470215,452,0.0,0.0
2012-04-19 00:00:00+02:00,4.104987144470215,4.104987144470215,4.104987144470215,4.104987144470215,4.104987144470215,0,0.0,0.0
2012-04-20 00:00:00+02:00,4.104987144470215,4.104987144470215,4.104987144470215,4.104987144470215,4.104987144470215,0,0.0,0.0
2012-04-23 00:00:00+02:00,4.104987144470215,4.104987144470215,4.104987144470215,4.104987144470215,4.104987144470215,0,0.0,0.0
2012-04-24 00:00:00+02:00,4.104987144470215,4.104987144470215,4.104987144470215,4.104987144470215,4.104987144470215,0,0.0,0.0
2012-04-25 00:00:00+02:00,4.104987144470215,4.104987144470215,4.104987144470215,4.104987144470215,4.104987144470215,0,0.0,0.0
2012-04-26 00:00:00+02:00,4.055409908294678,4.055409908294678,3.9165940284729004,4.055409908294678,4.055409908294678,3357,0.0,0.0
2012-04-27 00:00:00+02:00,4.055409908294678,4.055409908294678,4.055409908294678,4.055409908294678,4.055409908294678,0,0.0,0.0
2012-04-30 00:00:00+02:00,3.965179920196533,3.965179920196533,3.965179920196533,3.965179920196533,3.965179920196533,50,0.0,0.0
2012-05-02 00:00:00+02:00,3.8471860885620117,3.8471860885620117,3.7301840782165527,3.7301840782165527,3.7301840782165527,2218,0.0,0.0
2012-05-03 00:00:00+02:00,3.7301840782165527,3.7301840782165527,3.7301840782165527,3.7301840782165527,3.7301840782165527,0,0.0,0.0
2012-05-04 00:00:00+02:00,3.7301840782165527,3.7301840782165527,3.7301840782165527,3.7301840782165527,3.7301840782165527,0,0.0,0.0
2012-05-07 00:00:00+02:00,3.7301840782165527,3.7301840782165527,3.7301840782165527,3.7301840782165527,3.7301840782165527,0,0.0,0.0
2012-05-08 00:00:00+02:00,3.7301840782165527,3.7301840782165527,3.7301840782165527,3.7301840782165527,3.7301840782165527,0,0.0,0.0
2012-05-09 00:00:00+02:00,3.7301840782165527,3.7301840782165527,3.7301840782165527,3.7301840782165527,3.7301840782165527,0,0.0,0.0
2012-05-10 00:00:00+02:00,3.7301840782165527,3.7301840782165527,3.7301840782165527,3.7301840782165527,3.7301840782165527,0,0.0,0.0
2012-05-11 00:00:00+02:00,3.7301840782165527,3.7301840782165527,3.7301840782165527,3.7301840782165527,3.7301840782165527,0,0.0,0.0
2012-05-14 00:00:00+02:00,3.569554090499878,3.569554090499878,3.569554090499878,3.569554090499878,3.569554090499878,2017,0.0,0.0
2012-05-15 00:00:00+02:00,3.564595937728882,3.564595937728882,3.564595937728882,3.564595937728882,3.564595937728882,2017,0.0,0.0
2012-05-16 00:00:00+02:00,3.2720909118652344,3.470400094985962,3.2720909118652344,3.4694080352783203,3.4694080352783203,2725,0.0,0.0
2012-05-17 00:00:00+02:00,3.4694080352783203,3.4694080352783203,3.4694080352783203,3.4694080352783203,3.4694080352783203,0,0.0,0.0
2012-05-18 00:00:00+02:00,3.1233599185943604,3.1233599185943604,3.0271799564361572,3.0271799564361572,3.0271799564361572,2188,0.0,0.0
2012-05-21 00:00:00+02:00,2.97462797164917,3.0737829208374023,2.776319980621338,3.0043749809265137,3.0043749809265137,4421,0.0,0.0
2012-05-22 00:00:00+02:00,3.0043749809265137,3.0043749809265137,3.0043749809265137,3.0043749809265137,3.0043749809265137,0,0.0,0.0
2012-05-23 00:00:00+02:00,3.0043749809265137,3.0043749809265137,3.0043749809265137,3.0043749809265137,3.0043749809265137,0,0.0,0.0
2012-05-24 00:00:00+02:00,3.0043749809265137,3.0043749809265137,3.0043749809265137,3.0043749809265137,3.0043749809265137,0,0.0,0.0
2012-05-25 00:00:00+02:00,3.023214101791382,3.0242059230804443,2.8764660358428955,3.0242059230804443,3.0242059230804443,1319,0.0,0.0
2012-05-28 00:00:00+02:00,3.0242059230804443,3.0242059230804443,3.0242059230804443,3.0242059230804443,3.0242059230804443,0,0.0,0.0
2012-05-29 00:00:00+02:00,3.0242059230804443,3.0242059230804443,3.0242059230804443,3.0242059230804443,3.0242059230804443,0,0.0,0.0
2012-05-30 00:00:00+02:00,3.023214101791382,3.0242059230804443,2.925050973892212,3.0242059230804443,3.0242059230804443,550,0.0,0.0
2012-05-31 00:00:00+02:00,3.0242059230804443,3.0242059230804443,3.0242059230804443,3.0242059230804443,3.0242059230804443,10,0.0,0.0
2012-06-01 00:00:00+02:00,3.0242059230804443,3.0242059230804443,3.0242059230804443,3.0242059230804443,3.0242059230804443,0,0.0,0.0
2012-06-04 00:00:00+02:00,3.0242059230804443,3.0242059230804443,3.0242059230804443,3.0242059230804443,3.0242059230804443,5,0.0,0.0
2012-06-05 00:00:00+02:00,3.023214101791382,3.0242059230804443,3.023214101791382,3.0242059230804443,3.0242059230804443,75,0.0,0.0
2012-06-06 00:00:00+02:00,3.0341548919677734,3.0341548919677734,3.0341548919677734,3.0341548919677734,3.0341548919677734,0,0.0,0.0
2012-06-07 00:00:00+02:00,3.0341548919677734,3.0341548919677734,3.0341548919677734,3.0341548919677734,3.0341548919677734,0,0.0,0.0
2012-06-08 00:00:00+02:00,3.0341548919677734,3.0341548919677734,3.0341548919677734,3.0341548919677734,3.0341548919677734,0,0.0,0.0
2012-06-11 00:00:00+02:00,3.0341548919677734,3.0341548919677734,3.0341548919677734,3.0341548919677734,3.0341548919677734,0,0.0,0.0
2012-06-12 00:00:00+02:00,3.0341548919677734,3.0341548919677734,3.0341548919677734,3.0341548919677734,3.0341548919677734,0,0.0,0.0
2012-06-13 00:00:00+02:00,2.785454034805298,2.785454034805298,2.785454034805298,2.785454034805298,2.785454034805298,100,0.0,0.0
2012-06-14 00:00:00+02:00,2.9346749782562256,3.083894968032837,2.9346749782562256,3.083894968032837,3.083894968032837,120,0.0,0.0
2012-06-15 00:00:00+02:00,3.083894968032837,3.083894968032837,3.083894968032837,3.083894968032837,3.083894968032837,0,0.0,0.0
2012-06-18 00:00:00+02:00,3.083894968032837,3.083894968032837,3.083894968032837,3.083894968032837,3.083894968032837,0,0.0,0.0
2012-06-19 00:00:00+02:00,2.9824249744415283,2.9824249744415283,2.9824249744415283,2.9824249744415283,2.9824249744415283,502,0.0,0.0
2012-06-20 00:00:00+02:00,2.9824249744415283,2.9824249744415283,2.9824249744415283,2.9824249744415283,2.9824249744415283,0,0.0,0.0
2012-06-21 00:00:00+02:00,2.8351941108703613,2.8351941108703613,2.8351941108703613,2.8351941108703613,2.8351941108703613,502,0.0,0.0
2012-06-22 00:00:00+02:00,2.8351941108703613,2.8351941108703613,2.8351941108703613,2.8351941108703613,2.8351941108703613,0,0.0,0.0
2012-06-25 00:00:00+02:00,2.8351941108703613,2.8351941108703613,2.8351941108703613,2.8351941108703613,2.8351941108703613,0,0.0,0.0
2012-06-26 00:00:00+02:00,2.8351941108703613,2.8351941108703613,2.8351941108703613,2.8351941108703613,2.8351941108703613,0,0.0,0.0
2012-06-27 00:00:00+02:00,2.8351941108703613,2.8351941108703613,2.8351941108703613,2.8351941108703613,2.8351941108703613,0,0.0,0.0
2012-06-28 00:00:00+02:00,2.785454034805298,2.785454034805298,2.785454034805298,2.785454034805298,2.785454034805298,261,0.0,0.0
2012-06-29 00:00:00+02:00,2.785454034805298,2.785454034805298,2.785454034805298,2.785454034805298,2.785454034805298,0,0.0,0.0
2012-07-02 00:00:00+02:00,2.7954020500183105,2.7954020500183105,2.7954020500183105,2.7954020500183105,2.7954020500183105,2010,0.0,0.0
2012-07-03 00:00:00+02:00,2.7954020500183105,2.7954020500183105,2.7954020500183105,2.7954020500183105,2.7954020500183105,0,0.0,0.0
2012-07-04 00:00:00+02:00,2.7954020500183105,2.7954020500183105,2.7954020500183105,2.7954020500183105,2.7954020500183105,0,0.0,0.0
2012-07-05 00:00:00+02:00,2.7954020500183105,2.7954020500183105,2.7954020500183105,2.7954020500183105,2.7954020500183105,0,0.0,0.0
2012-07-06 00:00:00+02:00,2.7954020500183105,2.7954020500183105,2.7954020500183105,2.7954020500183105,2.7954020500183105,0,0.0,0.0
2012-07-09 00:00:00+02:00,2.7954020500183105,2.7954020500183105,2.7954020500183105,2.7954020500183105,2.7954020500183105,0,0.0,0.0
2012-07-10 00:00:00+02:00,2.7954020500183105,2.7954020500183105,2.7954020500183105,2.7954020500183105,2.7954020500183105,0,0.0,0.0
2012-07-11 00:00:00+02:00,2.5864930152893066,2.785454034805298,2.5864930152893066,2.785454034805298,2.785454034805298,50,0.0,0.0
2012-07-12 00:00:00+02:00,2.785454034805298,2.785454034805298,2.785454034805298,2.785454034805298,2.785454034805298,25,0.0,0.0
2012-07-13 00:00:00+02:00,2.785454034805298,2.785454034805298,2.785454034805298,2.785454034805298,2.785454034805298,0,0.0,0.0
2012-07-16 00:00:00+02:00,2.785454034805298,2.785454034805298,2.785454034805298,2.785454034805298,2.785454034805298,0,0.0,0.0
2012-07-17 00:00:00+02:00,2.785454034805298,2.785454034805298,2.785454034805298,2.785454034805298,2.785454034805298,0,0.0,0.0
2012-07-18 00:00:00+02:00,2.785454034805298,2.785454034805298,2.785454034805298,2.785454034805298,2.785454034805298,0,0.0,0.0
2012-07-19 00:00:00+02:00,2.785454034805298,2.785454034805298,2.785454034805298,2.785454034805298,2.785454034805298,50,0.0,0.0
2012-07-20 00:00:00+02:00,2.785454034805298,2.785454034805298,2.785454034805298,2.785454034805298,2.785454034805298,0,0.0,0.0
2012-07-23 00:00:00+02:00,2.5864930152893066,2.5864930152893066,2.5864930152893066,2.5864930152893066,2.5864930152893066,804,0.0,0.0
2012-07-24 00:00:00+02:00,2.5864930152893066,2.5864930152893066,2.5864930152893066,2.5864930152893066,2.5864930152893066,0,0.0,0.0
2012-07-25 00:00:00+02:00,2.437272071838379,2.437272071838379,2.337791919708252,2.397480010986328,2.397480010986328,904,0.0,0.0
2012-07-26 00:00:00+02:00,2.337791919708252,2.337791919708252,2.337791919708252,2.337791919708252,2.337791919708252,201,0.0,0.0
2012-07-27 00:00:00+02:00,2.337791919708252,2.337791919708252,2.337791919708252,2.337791919708252,2.337791919708252,0,0.0,0.0
2012-07-30 00:00:00+02:00,2.3875319957733154,2.3875319957733154,2.2781031131744385,2.2781031131744385,2.2781031131744385,2060,0.0,0.0
2012-07-31 00:00:00+02:00,2.2383110523223877,2.2383110523223877,2.2383110523223877,2.2383110523223877,2.2383110523223877,18,0.0,0.0
2012-08-01 00:00:00+02:00,2.198518991470337,2.337791919708252,2.198518991470337,2.337791919708252,2.337791919708252,12,0.0,0.0
2012-08-02 00:00:00+02:00,2.337791919708252,2.337791919708252,2.337791919708252,2.337791919708252,2.337791919708252,0,0.0,0.0
2012-08-03 00:00:00+02:00,2.337791919708252,2.337791919708252,2.337791919708252,2.337791919708252,2.337791919708252,0,0.0,0.0
2012-08-06 00:00:00+02:00,2.337791919708252,2.337791919708252,2.337791919708252,2.337791919708252,2.337791919708252,0,0.0,0.0
2012-08-07 00:00:00+02:00,2.198518991470337,2.288050889968872,2.198518991470337,2.288050889968872,2.288050889968872,190,0.0,0.0
2012-08-08 00:00:00+02:00,1.9697140455245972,2.118933916091919,1.9697140455245972,2.118933916091919,2.118933916091919,512,0.0,0.0
2012-08-09 00:00:00+02:00,1.9398690462112427,2.0990378856658936,1.9398690462112427,2.0990378856658936,2.0990378856658936,1206,0.0,0.0
2012-08-10 00:00:00+02:00,2.0393500328063965,2.0393500328063965,2.0393500328063965,2.0393500328063965,2.0393500328063965,7,0.0,0.0
2012-08-13 00:00:00+02:00,2.0393500328063965,2.0393500328063965,2.0393500328063965,2.0393500328063965,2.0393500328063965,0,0.0,0.0
2012-08-14 00:00:00+02:00,2.0393500328063965,2.0393500328063965,2.0393500328063965,2.0393500328063965,2.0393500328063965,0,0.0,0.0
2012-08-15 00:00:00+02:00,2.0095059871673584,2.0781469345092773,2.0095059871673584,2.0781469345092773,2.0781469345092773,3065,0.0,0.0
2012-08-16 00:00:00+02:00,2.0781469345092773,2.0781469345092773,2.0781469345092773,2.0781469345092773,2.0781469345092773,0,0.0,0.0
2012-08-17 00:00:00+02:00,2.08909010887146,2.2482590675354004,2.049298048019409,2.2482590675354004,2.2482590675354004,4701,0.0,0.0
2012-08-20 00:00:00+02:00,2.2482590675354004,2.2482590675354004,2.2482590675354004,2.2482590675354004,2.2482590675354004,0,0.0,0.0
2012-08-21 00:00:00+02:00,2.118933916091919,2.118933916091919,2.118933916091919,2.118933916091919,2.118933916091919,301,0.0,0.0
2012-08-22 00:00:00+02:00,2.118933916091919,2.118933916091919,2.118933916091919,2.118933916091919,2.118933916091919,0,0.0,0.0
2012-08-23 00:00:00+02:00,2.118933916091919,2.118933916091919,2.118933916091919,2.118933916091919,2.118933916091919,0,0.0,0.0
2012-08-24 00:00:00+02:00,2.118933916091919,2.118933916091919,2.118933916091919,2.118933916091919,2.118933916091919,0,0.0,0.0
2012-08-27 00:00:00+02:00,2.1388309001922607,2.1388309001922607,2.1388309001922607,2.1388309001922607,2.1388309001922607,2010,0.0,0.0
2012-08-28 00:00:00+02:00,2.1388309001922607,2.1388309001922607,2.1388309001922607,2.1388309001922607,2.1388309001922607,0,0.0,0.0
2012-08-29 00:00:00+02:00,1.9796619415283203,2.188570976257324,1.9796619415283203,2.188570976257324,2.188570976257324,905,0.0,0.0
2012-08-30 00:00:00+02:00,2.188570976257324,2.188570976257324,2.188570976257324,2.188570976257324,2.188570976257324,0,0.0,0.0
2012-08-31 00:00:00+02:00,2.188570976257324,2.188570976257324,2.188570976257324,2.188570976257324,2.188570976257324,100,0.0,0.0
2012-09-03 00:00:00+02:00,2.188570976257324,2.188570976257324,2.188570976257324,2.188570976257324,2.188570976257324,0,0.0,0.0
2012-09-04 00:00:00+02:00,2.2383110523223877,2.2383110523223877,2.188570976257324,2.188570976257324,2.188570976257324,517,0.0,0.0
2012-09-05 00:00:00+02:00,2.188570976257324,2.188570976257324,2.188570976257324,2.188570976257324,2.188570976257324,0,0.0,0.0
2012-09-06 00:00:00+02:00,2.188570976257324,2.288050889968872,2.188570976257324,2.288050889968872,2.288050889968872,3317,0.0,0.0
2012-09-07 00:00:00+02:00,2.288050889968872,2.288050889968872,2.288050889968872,2.288050889968872,2.288050889968872,0,0.0,0.0
2012-09-10 00:00:00+02:00,2.1786229610443115,2.1786229610443115,2.08909010887146,2.08909010887146,2.08909010887146,4379,0.0,0.0
2012-09-11 00:00:00+02:00,1.989609956741333,1.989609956741333,1.989609956741333,1.989609956741333,1.989609956741333,251,0.0,0.0
2012-09-12 00:00:00+02:00,1.989609956741333,1.989609956741333,1.989609956741333,1.989609956741333,1.989609956741333,2010,0.0,0.0
2012-09-13 00:00:00+02:00,1.989609956741333,1.989609956741333,1.989609956741333,1.989609956741333,1.989609956741333,0,0.0,0.0
2012-09-14 00:00:00+02:00,1.989609956741333,1.989609956741333,1.989609956741333,1.989609956741333,1.989609956741333,0,0.0,0.0
2012-09-17 00:00:00+02:00,1.989609956741333,1.989609956741333,1.989609956741333,1.989609956741333,1.989609956741333,0,0.0,0.0
2012-09-18 00:00:00+02:00,1.989609956741333,1.989609956741333,1.989609956741333,1.989609956741333,1.989609956741333,0,0.0,0.0
2012-09-19 00:00:00+02:00,1.7906490564346313,1.7906490564346313,1.7906490564346313,1.7906490564346313,1.7906490564346313,502,0.0,0.0
2012-09-20 00:00:00+02:00,1.7409080266952515,1.7409080266952515,1.7409080266952515,1.7409080266952515,1.7409080266952515,201,0.0,0.0
2012-09-21 00:00:00+02:00,1.7409080266952515,1.7409080266952515,1.7409080266952515,1.7409080266952515,1.7409080266952515,0,0.0,0.0
2012-09-24 00:00:00+02:00,1.7409080266952515,1.7409080266952515,1.7409080266952515,1.7409080266952515,1.7409080266952515,0,0.0,0.0
2012-09-25 00:00:00+02:00,1.9199730157852173,2.7357139587402344,1.8403890132904053,2.433293104171753,2.433293104171753,10958,0.0,0.0
2012-09-26 00:00:00+02:00,2.427324056625366,2.984415054321289,2.1388309001922607,2.5168559551239014,2.5168559551239014,9010,0.0,0.0
2012-09-27 00:00:00+02:00,2.5168559551239014,2.5168559551239014,2.5168559551239014,2.5168559551239014,2.5168559551239014,0,0.0,0.0
2012-09-28 00:00:00+02:00,2.407428026199341,2.407428026199341,2.407428026199341,2.407428026199341,2.407428026199341,904,0.0,0.0
2012-10-01 00:00:00+02:00,2.337791919708252,2.337791919708252,2.337791919708252,2.337791919708252,2.337791919708252,6,0.0,0.0
2012-10-02 00:00:00+02:00,2.288050889968872,2.288050889968872,2.288050889968872,2.288050889968872,2.288050889968872,1005,0.0,0.0
2012-10-04 00:00:00+02:00,2.1388309001922607,2.1388309001922607,2.1388309001922607,2.1388309001922607,2.1388309001922607,2010,0.0,0.0
2012-10-05 00:00:00+02:00,2.1388309001922607,2.1388309001922607,2.1388309001922607,2.1388309001922607,2.1388309001922607,0,0.0,0.0
2012-10-08 00:00:00+02:00,2.1388309001922607,2.1388309001922607,2.1388309001922607,2.1388309001922607,2.1388309001922607,0,0.0,0.0
2012-10-09 00:00:00+02:00,2.188570976257324,2.288050889968872,2.1786229610443115,2.288050889968872,2.288050889968872,5354,0.0,0.0
2012-10-10 00:00:00+02:00,2.288050889968872,2.288050889968872,2.288050889968872,2.288050889968872,2.288050889968872,0,0.0,0.0
2012-10-11 00:00:00+02:00,2.288050889968872,2.288050889968872,2.288050889968872,2.288050889968872,2.288050889968872,0,0.0,0.0
2012-10-12 00:00:00+02:00,2.288050889968872,2.288050889968872,2.288050889968872,2.288050889968872,2.288050889968872,0,0.0,0.0
2012-10-15 00:00:00+02:00,2.288050889968872,2.288050889968872,2.288050889968872,2.288050889968872,2.288050889968872,0,0.0,0.0
2012-10-16 00:00:00+02:00,1.9995579719543457,2.188570976257324,1.9995579719543457,2.188570976257324,2.188570976257324,6031,0.0,0.0
2012-10-17 00:00:00+02:00,2.188570976257324,2.188570976257324,2.188570976257324,2.188570976257324,2.188570976257324,0,0.0,0.0
2012-10-18 00:00:00+02:00,2.188570976257324,2.188570976257324,2.188570976257324,2.188570976257324,2.188570976257324,0,0.0,0.0
2012-10-19 00:00:00+02:00,2.188570976257324,2.188570976257324,2.188570976257324,2.188570976257324,2.188570976257324,0,0.0,0.0
2012-10-22 00:00:00+02:00,2.188570976257324,2.2383110523223877,2.188570976257324,2.205482006072998,2.205482006072998,2261,0.0,0.0
2012-10-23 00:00:00+02:00,2.1388309001922607,2.1388309001922607,2.1388309001922607,2.1388309001922607,2.1388309001922607,757,0.0,0.0
2012-10-24 00:00:00+02:00,2.2383110523223877,2.2383110523223877,2.205482006072998,2.205482006072998,2.205482006072998,2513,0.0,0.0
2012-10-25 00:00:00+02:00,2.337791919708252,2.8351941108703613,2.337791919708252,2.63623309135437,2.63623309135437,5338,0.0,0.0
2012-10-26 00:00:00+02:00,2.63623309135437,2.6859729290008545,2.63623309135437,2.646181106567383,2.646181106567383,3015,0.0,0.0
2012-10-29 00:00:00+01:00,2.63623309135437,2.63623309135437,2.63623309135437,2.63623309135437,2.63623309135437,57,0.0,0.0
2012-10-30 00:00:00+01:00,2.6859729290008545,2.6859729290008545,2.6859729290008545,2.6859729290008545,2.6859729290008545,44,0.0,0.0
2012-10-31 00:00:00+01:00,2.785454034805298,2.8849339485168457,2.785454034805298,2.842158079147339,2.842158079147339,151,0.0,0.0
2012-11-01 00:00:00+01:00,2.8351941108703613,3.4818170070648193,2.8351941108703613,3.0341548919677734,3.0341548919677734,4825,0.0,0.0
2012-11-02 00:00:00+01:00,3.1833760738372803,3.2331159114837646,3.1833760738372803,3.2331159114837646,3.2331159114837646,1206,0.0,0.0
2012-11-05 00:00:00+01:00,3.1833760738372803,3.1833760738372803,3.0560410022735596,3.0560410022735596,3.0560410022735596,1118,0.0,0.0
2012-11-06 00:00:00+01:00,3.1833760738372803,3.2331159114837646,3.083894968032837,3.083894968032837,3.083894968032837,4237,0.0,0.0
2012-11-07 00:00:00+01:00,3.083894968032837,3.083894968032837,3.083894968032837,3.083894968032837,3.083894968032837,0,0.0,0.0
2012-11-08 00:00:00+01:00,3.0341548919677734,3.0341548919677734,3.0341548919677734,3.0341548919677734,3.0341548919677734,136,0.0,0.0
2012-11-09 00:00:00+01:00,3.0341548919677734,3.0341548919677734,3.0341548919677734,3.0341548919677734,3.0341548919677734,0,0.0,0.0
2012-11-12 00:00:00+01:00,3.0341548919677734,3.0341548919677734,3.0341548919677734,3.0341548919677734,3.0341548919677734,0,0.0,0.0
2012-11-13 00:00:00+01:00,3.0341548919677734,3.0341548919677734,3.0341548919677734,3.0341548919677734,3.0341548919677734,0,0.0,0.0
2012-11-14 00:00:00+01:00,3.0341548919677734,3.0341548919677734,3.0341548919677734,3.0341548919677734,3.0341548919677734,0,0.0,0.0
2012-11-15 00:00:00+01:00,3.0341548919677734,3.0341548919677734,3.0341548919677734,3.0341548919677734,3.0341548919677734,0,0.0,0.0
2012-11-16 00:00:00+01:00,2.8849339485168457,2.8849339485168457,2.8849339485168457,2.8849339485168457,2.8849339485168457,2010,0.0,0.0
2012-11-19 00:00:00+01:00,2.8849339485168457,2.8849339485168457,2.8849339485168457,2.8849339485168457,2.8849339485168457,100,0.0,0.0
2012-11-20 00:00:00+01:00,2.9346749782562256,2.984415054321289,2.9346749782562256,2.984415054321289,2.984415054321289,4020,0.0,0.0
2012-11-21 00:00:00+01:00,2.984415054321289,2.984415054321289,2.984415054321289,2.984415054321289,2.984415054321289,0,0.0,0.0
2012-11-22 00:00:00+01:00,2.785454034805298,2.785454034805298,2.785454034805298,2.785454034805298,2.785454034805298,2010,0.0,0.0
2012-11-23 00:00:00+01:00,2.785454034805298,2.785454034805298,2.785454034805298,2.785454034805298,2.785454034805298,15,0.0,0.0
2012-11-26 00:00:00+01:00,2.4870119094848633,2.4870119094848633,2.4870119094848633,2.4870119094848633,2.4870119094848633,251,0.0,0.0
2012-11-27 00:00:00+01:00,2.288050889968872,2.288050889968872,2.0393500328063965,2.288050889968872,2.288050889968872,5897,0.0,0.0
2012-11-28 00:00:00+01:00,2.5069079399108887,2.6859729290008545,2.5069079399108887,2.6859729290008545,2.6859729290008545,703,0.0,0.0
2012-11-29 00:00:00+01:00,2.4870119094848633,2.785454034805298,2.4870119094848633,2.785454034805298,2.785454034805298,683,0.0,0.0
2012-11-30 00:00:00+01:00,2.785454034805298,2.785454034805298,2.6859729290008545,2.6859729290008545,2.6859729290008545,804,0.0,0.0
2012-12-03 00:00:00+01:00,2.6859729290008545,2.6859729290008545,2.6859729290008545,2.6859729290008545,2.6859729290008545,0,0.0,0.0
2012-12-04 00:00:00+01:00,2.7357139587402344,2.785454034805298,2.7357139587402344,2.7655580043792725,2.7655580043792725,2110,0.0,0.0
2012-12-05 00:00:00+01:00,2.7655580043792725,2.7655580043792725,2.7655580043792725,2.7655580043792725,2.7655580043792725,0,0.0,0.0
2012-12-06 00:00:00+01:00,2.785454034805298,2.785454034805298,2.785454034805298,2.785454034805298,2.785454034805298,100,0.0,0.0
2012-12-07 00:00:00+01:00,2.785454034805298,3.0341548919677734,2.785454034805298,3.0341548919677734,3.0341548919677734,965,0.0,0.0
2012-12-10 00:00:00+01:00,3.0341548919677734,3.0341548919677734,3.0341548919677734,3.0341548919677734,3.0341548919677734,0,0.0,0.0
2012-12-11 00:00:00+01:00,2.785454034805298,2.785454034805298,2.785454034805298,2.785454034805298,2.785454034805298,2137,0.0,0.0
2012-12-12 00:00:00+01:00,2.785454034805298,2.785454034805298,2.785454034805298,2.785454034805298,2.785454034805298,0,0.0,0.0
2012-12-13 00:00:00+01:00,2.6740360260009766,2.8351941108703613,2.6740360260009766,2.8351941108703613,2.8351941108703613,27,0.0,0.0
2012-12-14 00:00:00+01:00,2.984415054321289,2.984415054321289,2.984415054321289,2.984415054321289,2.984415054321289,100,0.0,0.0
2012-12-17 00:00:00+01:00,2.785454034805298,2.8351941108703613,2.785454034805298,2.8351941108703613,2.8351941108703613,2390,0.0,0.0
2012-12-18 00:00:00+01:00,2.8351941108703613,2.8351941108703613,2.8351941108703613,2.8351941108703613,2.8351941108703613,0,0.0,0.0
2012-12-19 00:00:00+01:00,2.63623309135437,2.7357139587402344,2.63623309135437,2.7357139587402344,2.7357139587402344,616,0.0,0.0
2012-12-20 00:00:00+01:00,2.7357139587402344,2.8351941108703613,2.7357139587402344,2.8351941108703613,2.8351941108703613,1925,0.0,0.0
2012-12-21 00:00:00+01:00,2.8849339485168457,2.8849339485168457,2.8252460956573486,2.8849339485168457,2.8849339485168457,1201,0.0,0.0
2012-12-27 00:00:00+01:00,2.8849339485168457,2.8849339485168457,2.8351941108703613,2.8351941108703613,2.8351941108703613,426,0.0,0.0
2012-12-28 00:00:00+01:00,2.984415054321289,2.984415054321289,2.984415054321289,2.984415054321289,2.984415054321289,100,0.0,0.0
2013-01-02 00:00:00+01:00,2.8849339485168457,2.8849339485168457,2.8849339485168457,2.8849339485168457,2.8849339485168457,669,0.0,0.0
2013-01-03 00:00:00+01:00,2.984415054321289,2.984415054321289,2.9346749782562256,2.984415054321289,2.984415054321289,1206,0.0,0.0
2013-01-04 00:00:00+01:00,2.984415054321289,3.0341548919677734,2.984415054321289,3.0341548919677734,3.0341548919677734,1578,0.0,0.0
2013-01-07 00:00:00+01:00,2.984415054321289,3.133635997772217,2.984415054321289,3.133635997772217,3.133635997772217,1993,0.0,0.0
2013-01-08 00:00:00+01:00,3.044102907180786,3.083894968032837,2.785454034805298,3.083894968032837,3.083894968032837,7549,0.0,0.0
2013-01-09 00:00:00+01:00,2.979440927505493,2.979440927505493,2.8849339485168457,2.8849339485168457,2.8849339485168457,492,0.0,0.0
2013-01-10 00:00:00+01:00,2.984415054321289,3.4708750247955322,2.8849339485168457,3.271914005279541,3.271914005279541,8886,0.0,0.0
2013-01-11 00:00:00+01:00,3.0938429832458496,3.1833760738372803,3.0938429832458496,3.1833760738372803,3.1833760738372803,1019,0.0,0.0
2013-01-14 00:00:00+01:00,3.0938429832458496,3.1833760738372803,3.083894968032837,3.083894968032837,3.083894968032837,2463,0.0,0.0
2013-01-15 00:00:00+01:00,3.083894968032837,3.083894968032837,3.083894968032837,3.083894968032837,3.083894968032837,0,0.0,0.0
2013-01-16 00:00:00+01:00,2.984415054321289,2.984415054321289,2.8849339485168457,2.8849339485168457,2.8849339485168457,2885,0.0,0.0
2013-01-17 00:00:00+01:00,3.083894968032837,3.083894968032837,3.083894968032837,3.083894968032837,3.083894968032837,1306,0.0,0.0
2013-01-18 00:00:00+01:00,3.083894968032837,3.083894968032837,2.954571008682251,3.083894968032837,3.083894968032837,1046,0.0,0.0
2013-01-21 00:00:00+01:00,3.0829010009765625,3.0829010009765625,3.0829010009765625,3.0829010009765625,3.0829010009765625,302,0.0,0.0
2013-01-22 00:00:00+01:00,2.8351941108703613,2.9346749782562256,2.8351941108703613,2.9346749782562256,2.9346749782562256,1683,0.0,0.0
2013-01-23 00:00:00+01:00,3.0341548919677734,3.1833760738372803,3.0341548919677734,3.133635997772217,3.133635997772217,9639,0.0,0.0
2013-01-24 00:00:00+01:00,3.3226490020751953,3.3226490020751953,3.3226490020751953,3.3226490020751953,3.3226490020751953,3619,0.0,0.0
2013-01-25 00:00:00+01:00,3.282855987548828,3.4818170070648193,3.282855987548828,3.432076930999756,3.432076930999756,5126,0.0,0.0
2013-01-28 00:00:00+01:00,3.432076930999756,3.432076930999756,3.432076930999756,3.432076930999756,3.432076930999756,201,0.0,0.0
2013-01-29 00:00:00+01:00,3.282855987548828,3.282855987548828,3.133635997772217,3.133635997772217,3.133635997772217,8091,0.0,0.0
2013-01-30 00:00:00+01:00,3.133635997772217,3.133635997772217,3.133635997772217,3.133635997772217,3.133635997772217,0,0.0,0.0
2013-01-31 00:00:00+01:00,3.0938429832458496,3.0938429832458496,2.984415054321289,2.984415054321289,2.984415054321289,3819,0.0,0.0
2013-02-01 00:00:00+01:00,3.0341548919677734,3.3823370933532715,3.0341548919677734,3.3823370933532715,3.3823370933532715,6533,0.0,0.0
2013-02-04 00:00:00+01:00,3.282855987548828,3.3823370933532715,3.282855987548828,3.3823370933532715,3.3823370933532715,6031,0.0,0.0
2013-02-05 00:00:00+01:00,3.432076930999756,3.4818170070648193,3.3823370933532715,3.3823370933532715,3.3823370933532715,7792,0.0,0.0
2013-02-06 00:00:00+01:00,3.4818170070648193,3.4818170070648193,3.4818170070648193,3.4818170070648193,3.4818170070648193,2010,0.0,0.0
2013-02-07 00:00:00+01:00,3.282855987548828,3.3823370933532715,3.282855987548828,3.3823370933532715,3.3823370933532715,10250,0.0,0.0
2013-02-08 00:00:00+01:00,3.4818170070648193,3.4818170070648193,3.4718689918518066,3.4718689918518066,3.4718689918518066,753,0.0,0.0
2013-02-11 00:00:00+01:00,3.531558036804199,3.541506052017212,3.3823370933532715,3.541506052017212,3.541506052017212,6034,0.0,0.0
2013-02-12 00:00:00+01:00,3.541506052017212,3.541506052017212,3.541506052017212,3.541506052017212,3.541506052017212,0,0.0,0.0
2013-02-13 00:00:00+01:00,3.531558036804199,3.531558036804199,3.332597017288208,3.4818170070648193,3.4818170070648193,3182,0.0,0.0
2013-02-14 00:00:00+01:00,3.4818170070648193,3.4818170070648193,3.4818170070648193,3.4818170070648193,3.4818170070648193,0,0.0,0.0
2013-02-15 00:00:00+01:00,3.5216100215911865,3.5216100215911865,3.5216100215911865,3.5216100215911865,3.5216100215911865,68,0.0,0.0
2013-02-18 00:00:00+01:00,3.5216100215911865,3.531558036804199,3.3823370933532715,3.5216100215911865,3.5216100215911865,3604,0.0,0.0
2013-02-19 00:00:00+01:00,3.531558036804199,3.6807780265808105,3.531558036804199,3.6807780265808105,3.6807780265808105,2010,0.0,0.0
2013-02-20 00:00:00+01:00,3.8200509548187256,3.8797390460968018,3.8200509548187256,3.8299989700317383,3.8299989700317383,2055,0.0,0.0
2013-02-21 00:00:00+01:00,3.631037950515747,3.631037950515747,3.631037950515747,3.631037950515747,3.631037950515747,1005,0.0,0.0
2013-02-22 00:00:00+01:00,3.6300430297851562,3.6300430297851562,3.6300430297851562,3.6300430297851562,3.6300430297851562,2010,0.0,0.0
2013-02-25 00:00:00+01:00,3.5812981128692627,3.5812981128692627,3.3823370933532715,3.3823370933532715,3.3823370933532715,2296,0.0,0.0
2013-02-26 00:00:00+01:00,3.4818170070648193,3.4818170070648193,3.479827880859375,3.4818170070648193,3.4818170070648193,1306,0.0,0.0
2013-02-27 00:00:00+01:00,3.4818170070648193,3.4818170070648193,3.4818170070648193,3.4818170070648193,3.4818170070648193,0,0.0,0.0
2013-02-28 00:00:00+01:00,3.5305631160736084,3.5305631160736084,3.5305631160736084,3.5305631160736084,3.5305631160736084,2814,0.0,0.0
2013-03-01 00:00:00+01:00,3.5305631160736084,3.5305631160736084,3.5305631160736084,3.5305631160736084,3.5305631160736084,0,0.0,0.0
2013-03-04 00:00:00+01:00,3.5812981128692627,3.5812981128692627,3.432076930999756,3.432076930999756,3.432076930999756,7539,0.0,0.0
2013-03-05 00:00:00+01:00,3.610146999359131,3.610146999359131,3.610146999359131,3.610146999359131,3.610146999359131,502,0.0,0.0
2013-03-06 00:00:00+01:00,3.610146999359131,3.610146999359131,3.610146999359131,3.610146999359131,3.610146999359131,0,0.0,0.0
2013-03-07 00:00:00+01:00,3.57135009765625,3.5812981128692627,3.392285108566284,3.57135009765625,3.57135009765625,9765,0.0,0.0
2013-03-08 00:00:00+01:00,3.57135009765625,3.57135009765625,3.57135009765625,3.57135009765625,3.57135009765625,0,0.0,0.0
2013-03-11 00:00:00+01:00,3.57135009765625,3.57135009765625,3.57135009765625,3.57135009765625,3.57135009765625,0,0.0,0.0
2013-03-12 00:00:00+01:00,3.57135009765625,3.57135009765625,3.57135009765625,3.57135009765625,3.57135009765625,0,0.0,0.0
2013-03-13 00:00:00+01:00,3.57135009765625,3.57135009765625,3.57135009765625,3.57135009765625,3.57135009765625,0,0.0,0.0
2013-03-14 00:00:00+01:00,3.531558036804199,3.531558036804199,3.392285108566284,3.392285108566284,3.392285108566284,102,0.0,0.0
2013-03-15 00:00:00+01:00,3.392285108566284,3.392285108566284,3.392285108566284,3.392285108566284,3.392285108566284,0,0.0,0.0
2013-03-18 00:00:00+01:00,3.4818170070648193,3.4818170070648193,3.392285108566284,3.392285108566284,3.392285108566284,1013,0.0,0.0
2013-03-19 00:00:00+01:00,3.4818170070648193,3.4818170070648193,3.4818170070648193,3.4818170070648193,3.4818170070648193,5,0.0,0.0
2013-03-20 00:00:00+01:00,3.4818170070648193,3.4818170070648193,3.282855987548828,3.3823370933532715,3.3823370933532715,3671,0.0,0.0
2013-03-21 00:00:00+01:00,3.4718689918518066,3.4718689918518066,3.4718689918518066,3.4718689918518066,3.4718689918518066,55,0.0,0.0
2013-03-22 00:00:00+01:00,3.4818170070648193,3.4818170070648193,3.332597017288208,3.332597017288208,3.332597017288208,1576,0.0,0.0
2013-03-25 00:00:00+01:00,3.332597017288208,3.332597017288208,3.332597017288208,3.332597017288208,3.332597017288208,142,0.0,0.0
2013-03-26 00:00:00+01:00,3.332597017288208,3.332597017288208,3.332597017288208,3.332597017288208,3.332597017288208,160,0.0,0.0
2013-03-27 00:00:00+01:00,3.332597017288208,3.4818170070648193,3.2331159114837646,3.4818170070648193,3.4818170070648193,1582,0.0,0.0
2013-03-28 00:00:00+01:00,3.432076930999756,3.4818170070648193,3.432076930999756,3.4818170070648193,3.4818170070648193,1256,0.0,0.0
2013-04-02 00:00:00+02:00,3.4818170070648193,3.4818170070648193,3.4818170070648193,3.4818170070648193,3.4818170070648193,0,0.0,0.0
2013-04-03 00:00:00+02:00,3.4818170070648193,3.4818170070648193,3.4818170070648193,3.4818170070648193,3.4818170070648193,0,0.0,0.0
2013-04-04 00:00:00+02:00,3.3425450325012207,3.3425450325012207,3.3425450325012207,3.3425450325012207,3.3425450325012207,8,0.0,0.0
2013-04-05 00:00:00+02:00,3.4818170070648193,3.4818170070648193,3.4818170070648193,3.4818170070648193,3.4818170070648193,50,0.0,0.0
2013-04-08 00:00:00+02:00,3.4818170070648193,3.4818170070648193,3.4818170070648193,3.4818170070648193,3.4818170070648193,0,0.0,0.0
2013-04-09 00:00:00+02:00,3.4818170070648193,3.4818170070648193,3.4818170070648193,3.4818170070648193,3.4818170070648193,0,0.0,0.0
2013-04-10 00:00:00+02:00,3.4818170070648193,3.4818170070648193,3.4818170070648193,3.4818170070648193,3.4818170070648193,0,0.0,0.0
2013-04-11 00:00:00+02:00,3.4818170070648193,3.4818170070648193,3.4818170070648193,3.4818170070648193,3.4818170070648193,0,0.0,0.0
2013-04-12 00:00:00+02:00,3.332597017288208,3.3823370933532715,3.332597017288208,3.3823370933532715,3.3823370933532715,2035,0.0,0.0
2013-04-15 00:00:00+02:00,3.4818170070648193,3.4818170070648193,3.4818170070648193,3.4818170070648193,3.4818170070648193,567,0.0,0.0
2013-04-16 00:00:00+02:00,3.4818170070648193,3.4818170070648193,3.332597017288208,3.4818170070648193,3.4818170070648193,3037,0.0,0.0
2013-04-17 00:00:00+02:00,3.5216100215911865,3.5812981128692627,3.4818170070648193,3.5812981128692627,3.5812981128692627,4669,0.0,0.0
2013-04-18 00:00:00+02:00,3.631037950515747,3.631037950515747,3.3823370933532715,3.4818170070648193,3.4818170070648193,935,0.0,0.0
2013-04-19 00:00:00+02:00,3.3823370933532715,3.3823370933532715,3.3823370933532715,3.3823370933532715,3.3823370933532715,16,0.0,0.0
2013-04-22 00:00:00+02:00,3.432076930999756,3.432076930999756,3.432076930999756,3.432076930999756,3.432076930999756,1,0.0,0.0
2013-04-23 00:00:00+02:00,3.5614020824432373,3.5812981128692627,3.5614020824432373,3.5812981128692627,3.5812981128692627,6317,0.0,0.0
2013-04-24 00:00:00+02:00,3.5812981128692627,3.5812981128692627,3.5812981128692627,3.5812981128692627,3.5812981128692627,0,0.0,0.0
2013-04-25 00:00:00+02:00,3.5812981128692627,3.5812981128692627,3.5812981128692627,3.5812981128692627,3.5812981128692627,0,0.0,0.0
2013-04-26 00:00:00+02:00,3.57135009765625,3.57135009765625,3.57135009765625,3.57135009765625,3.57135009765625,1,0.0,0.0
2013-04-29 00:00:00+02:00,3.576323986053467,3.576323986053467,3.491765022277832,3.491765022277832,3.491765022277832,280,0.0,0.0
2013-04-30 00:00:00+02:00,3.4907710552215576,3.576323986053467,3.432076930999756,3.432076930999756,3.432076930999756,1676,0.0,0.0
2013-05-02 00:00:00+02:00,3.432076930999756,3.432076930999756,3.432076930999756,3.432076930999756,3.432076930999756,1395,0.0,0.0
2013-05-03 00:00:00+02:00,3.4818170070648193,3.506688117980957,3.3823370933532715,3.4818170070648193,3.4818170070648193,26223,0.0,0.0
2013-05-06 00:00:00+02:00,3.4818170070648193,3.4818170070648193,3.4818170070648193,3.4818170070648193,3.4818170070648193,0,0.0,0.0
2013-05-07 00:00:00+02:00,3.4022328853607178,3.8200509548187256,3.3823370933532715,3.8200509548187256,3.8200509548187256,20707,0.0,0.0
2013-05-08 00:00:00+02:00,3.9294800758361816,4.178181171417236,3.631037950515747,4.178181171417236,4.178181171417236,4998,0.0,0.0
2013-05-09 00:00:00+02:00,4.2776618003845215,4.765116214752197,4.2776618003845215,4.476623058319092,4.476623058319092,8815,0.0,0.0
2013-05-10 00:00:00+02:00,4.18812894821167,4.7253241539001465,4.18812894821167,4.715375900268555,4.715375900268555,12618,0.0,0.0
2013-05-13 00:00:00+02:00,4.884492874145508,4.944180965423584,4.854649066925049,4.944180965423584,4.944180965423584,13142,0.0,0.0
2013-05-14 00:00:00+02:00,4.93423318862915,4.93423318862915,4.0896430015563965,4.426881790161133,4.426881790161133,27566,0.0,0.0
2013-05-15 00:00:00+02:00,4.2776618003845215,4.446777820587158,4.128440856933594,4.441803932189941,4.441803932189941,2699,0.0,0.0
2013-05-16 00:00:00+02:00,4.476623058319092,4.874545097351074,4.476623058319092,4.775063991546631,4.775063991546631,13950,0.0,0.0
2013-05-17 00:00:00+02:00,4.80490779876709,4.80490779876709,4.576103210449219,4.576103210449219,4.576103210449219,1895,0.0,0.0
2013-05-20 00:00:00+02:00,4.576103210449219,4.576103210449219,4.576103210449219,4.576103210449219,4.576103210449219,502,0.0,0.0
2013-05-21 00:00:00+02:00,4.705428123474121,4.705428123474121,4.675583839416504,4.675583839416504,4.675583839416504,3015,0.0,0.0
2013-05-22 00:00:00+02:00,4.775063991546631,4.775063991546631,4.655686855316162,4.655686855316162,4.655686855316162,954,0.0,0.0
2013-05-23 00:00:00+02:00,4.7253241539001465,4.7253241539001465,4.655686855316162,4.655686855316162,4.655686855316162,351,0.0,0.0
2013-05-24 00:00:00+02:00,4.675583839416504,4.675583839416504,4.426881790161133,4.426881790161133,4.426881790161133,7291,0.0,0.0
2013-05-27 00:00:00+02:00,4.675583839416504,4.675583839416504,4.576103210449219,4.615894794464111,4.615894794464111,4216,0.0,0.0
2013-05-28 00:00:00+02:00,4.675583839416504,4.775063991546631,4.675583839416504,4.775063991546631,4.775063991546631,1076,0.0,0.0
2013-05-29 00:00:00+02:00,4.794960021972656,4.824803829193115,4.695479869842529,4.695479869842529,4.695479869842529,1564,0.0,0.0
2013-05-30 00:00:00+02:00,4.695479869842529,4.695479869842529,4.695479869842529,4.695479869842529,4.695479869842529,119,0.0,0.0
2013-05-31 00:00:00+02:00,4.695479869842529,4.695479869842529,4.675583839416504,4.675583839416504,4.675583839416504,1989,0.0,0.0
2013-06-03 00:00:00+02:00,4.576103210449219,4.576103210449219,4.426881790161133,4.576103210449219,4.576103210449219,9197,0.0,0.0
2013-06-04 00:00:00+02:00,4.546258926391602,4.675583839416504,4.546258926391602,4.675583839416504,4.675583839416504,5277,0.0,0.0
2013-06-05 00:00:00+02:00,4.675583839416504,4.675583839416504,4.675583839416504,4.675583839416504,4.675583839416504,0,0.0,0.0
2013-06-06 00:00:00+02:00,4.675583839416504,4.675583839416504,4.675583839416504,4.675583839416504,4.675583839416504,0,0.0,0.0
2013-06-07 00:00:00+02:00,4.675583839416504,4.675583839416504,4.675583839416504,4.675583839416504,4.675583839416504,2010,0.0,0.0
2013-06-10 00:00:00+02:00,4.824803829193115,4.954129219055176,4.824803829193115,4.954129219055176,4.954129219055176,3568,0.0,0.0
2013-06-11 00:00:00+02:00,4.964076995849609,4.974024772644043,4.834752082824707,4.974024772644043,4.974024772644043,5823,0.0,0.0
2013-06-12 00:00:00+02:00,4.974024772644043,5.126229763031006,4.9551239013671875,5.126229763031006,5.126229763031006,3494,0.0,0.0
2013-06-13 00:00:00+02:00,4.974024772644043,5.126229763031006,4.974024772644043,5.126229763031006,5.126229763031006,2312,0.0,0.0
2013-06-14 00:00:00+02:00,4.954129219055176,5.471427917480469,4.954129219055176,5.471427917480469,5.471427917480469,18172,0.0,0.0
2013-06-17 00:00:00+02:00,5.113297939300537,5.670389175415039,5.113297939300537,5.670389175415039,5.670389175415039,7321,0.0,0.0
2013-06-18 00:00:00+02:00,5.62064790725708,5.62064790725708,5.6107001304626465,5.6107001304626465,5.6107001304626465,2276,0.0,0.0
2013-06-19 00:00:00+02:00,5.62064790725708,5.62064790725708,5.521168231964111,5.62064790725708,5.62064790725708,2563,0.0,0.0
2013-06-20 00:00:00+02:00,5.62064790725708,5.670389175415039,5.332155227661133,5.660440921783447,5.660440921783447,7065,0.0,0.0
2013-06-21 00:00:00+02:00,5.62064790725708,5.948934078216553,5.323202133178711,5.9190897941589355,5.9190897941589355,12958,0.0,0.0
2013-06-24 00:00:00+02:00,5.81960916519165,5.81960916519165,5.81960916519165,5.81960916519165,5.81960916519165,1592,0.0,0.0
2013-06-25 00:00:00+02:00,5.809660911560059,5.968830108642578,5.469438076019287,5.749972820281982,5.749972820281982,13552,0.0,0.0
2013-06-26 00:00:00+02:00,5.421687126159668,5.720129013061523,5.421687126159668,5.720129013061523,5.720129013061523,201,0.0,0.0
2013-06-27 00:00:00+02:00,5.720129013061523,5.958881855010986,5.720129013061523,5.958881855010986,5.958881855010986,1281,0.0,0.0
2013-06-28 00:00:00+02:00,5.958881855010986,5.958881855010986,4.824803829193115,5.123246192932129,5.123246192932129,37821,0.0,0.0
2013-07-01 00:00:00+02:00,5.461480140686035,5.471427917480469,5.461480140686035,5.471427917480469,5.471427917480469,2593,0.0,0.0
2013-07-02 00:00:00+02:00,5.471427917480469,5.9190897941589355,5.471427917480469,5.769868850708008,5.769868850708008,2850,0.0,0.0
2013-07-03 00:00:00+02:00,5.838510990142822,5.859402179718018,5.670389175415039,5.670389175415039,5.670389175415039,3446,0.0,0.0
2013-07-04 00:00:00+02:00,5.849453926086426,6.018570899963379,5.849453926086426,6.018570899963379,6.018570899963379,2613,0.0,0.0
2013-07-05 00:00:00+02:00,6.157843112945557,6.157843112945557,5.590804100036621,5.869349956512451,5.869349956512451,3452,0.0,0.0
2013-07-08 00:00:00+02:00,5.691279888153076,5.889245986938477,5.570908069610596,5.889245986938477,5.889245986938477,9423,0.0,0.0
2013-07-09 00:00:00+02:00,6.05836296081543,6.466232776641846,5.81960916519165,6.118051052093506,6.118051052093506,16620,0.0,0.0
2013-07-10 00:00:00+02:00,6.118051052093506,6.118051052093506,6.118051052093506,6.118051052093506,6.118051052093506,0,0.0,0.0
2013-07-11 00:00:00+02:00,6.345860958099365,6.4463372230529785,6.0683112144470215,6.0683112144470215,6.0683112144470215,3237,0.0,0.0
2013-07-12 00:00:00+02:00,6.416492938995361,6.416492938995361,6.287168025970459,6.287168025970459,6.287168025970459,1126,0.0,0.0
2013-07-15 00:00:00+02:00,6.336907863616943,6.336907863616943,6.336907863616943,6.336907863616943,6.336907863616943,502,0.0,0.0
2013-07-16 00:00:00+02:00,6.336907863616943,6.336907863616943,6.227479934692383,6.307064056396484,6.307064056396484,1708,0.0,0.0
2013-07-17 00:00:00+02:00,6.16779088973999,6.913895130157471,6.16779088973999,6.913895130157471,6.913895130157471,13239,0.0,0.0
2013-07-18 00:00:00+02:00,6.913895130157471,7.411297798156738,6.913895130157471,7.411297798156738,7.411297798156738,7127,0.0,0.0
2013-07-19 00:00:00+02:00,7.550570011138916,7.56051778793335,7.013376235961914,7.3615570068359375,7.3615570068359375,7758,0.0,0.0
2013-07-22 00:00:00+02:00,7.3615570068359375,7.3615570068359375,7.2620768547058105,7.2620768547058105,7.2620768547058105,905,0.0,0.0
2013-07-23 00:00:00+02:00,7.112855911254883,7.2620768547058105,7.112855911254883,7.2620768547058105,7.2620768547058105,854,0.0,0.0
2013-07-24 00:00:00+02:00,7.113851070404053,7.3615570068359375,7.112855911254883,7.2620768547058105,7.2620768547058105,5789,0.0,0.0
2013-07-25 00:00:00+02:00,7.252129077911377,7.5276899337768555,7.112855911254883,7.461038112640381,7.461038112640381,9775,0.0,0.0
2013-07-26 00:00:00+02:00,7.2620768547058105,7.411297798156738,7.162596225738525,7.162596225738525,7.162596225738525,2116,0.0,0.0
2013-07-29 00:00:00+02:00,7.112855911254883,7.3615570068359375,7.112855911254883,7.3615570068359375,7.3615570068359375,726,0.0,0.0
2013-07-30 00:00:00+02:00,7.162596225738525,7.729634761810303,7.162596225738525,7.729634761810303,7.729634761810303,6248,0.0,0.0
2013-07-31 00:00:00+02:00,7.659998893737793,7.809219837188721,7.659998893737793,7.659998893737793,7.659998893737793,1825,0.0,0.0
2013-08-01 00:00:00+02:00,7.659998893737793,7.659998893737793,7.659998893737793,7.659998893737793,7.659998893737793,130,0.0,0.0
2013-08-02 00:00:00+02:00,7.659998893737793,7.948492050170898,7.610259056091309,7.948492050170898,7.948492050170898,774,0.0,0.0
2013-08-05 00:00:00+02:00,7.908699989318848,7.908699989318848,7.620206832885742,7.809219837188721,7.809219837188721,5361,0.0,0.0
2013-08-06 00:00:00+02:00,7.56051778793335,8.207141876220703,7.56051778793335,7.858960151672363,7.858960151672363,2590,0.0,0.0
2013-08-07 00:00:00+02:00,7.659998893737793,7.8490118980407715,7.659998893737793,7.8490118980407715,7.8490118980407715,2039,0.0,0.0
2013-08-08 00:00:00+02:00,7.510777950286865,7.75947904586792,7.510777950286865,7.75947904586792,7.75947904586792,1206,0.0,0.0
2013-08-09 00:00:00+02:00,7.754505157470703,7.75947904586792,7.754505157470703,7.75947904586792,7.75947904586792,472,0.0,0.0
2013-08-12 00:00:00+02:00,7.75947904586792,7.75947904586792,7.75947904586792,7.75947904586792,7.75947904586792,703,0.0,0.0
2013-08-13 00:00:00+02:00,7.75947904586792,7.958440780639648,7.7097392082214355,7.948492050170898,7.948492050170898,5136,0.0,0.0
2013-08-14 00:00:00+02:00,7.809219837188721,7.809219837188721,7.132751941680908,7.311817169189453,7.311817169189453,7150,0.0,0.0
2013-08-15 00:00:00+02:00,7.2620768547058105,7.56051778793335,7.063116073608398,7.550570011138916,7.550570011138916,11781,0.0,0.0
2013-08-16 00:00:00+02:00,7.411297798156738,7.411297798156738,7.163590908050537,7.411297798156738,7.411297798156738,1823,0.0,0.0
2013-08-19 00:00:00+02:00,7.510777950286865,7.510777950286865,7.242180824279785,7.510777950286865,7.510777950286865,1608,0.0,0.0
2013-08-20 00:00:00+02:00,7.162596225738525,7.401350021362305,7.112855911254883,7.401350021362305,7.401350021362305,1562,0.0,0.0
2013-08-21 00:00:00+02:00,7.21333122253418,7.21333122253418,7.207363128662109,7.207363128662109,7.207363128662109,2566,0.0,0.0
2013-08-22 00:00:00+02:00,7.261082172393799,7.510777950286865,7.261082172393799,7.461038112640381,7.461038112640381,1336,0.0,0.0
2013-08-23 00:00:00+02:00,7.461038112640381,7.461038112640381,7.461038112640381,7.461038112640381,7.461038112640381,0,0.0,0.0
2013-08-26 00:00:00+02:00,7.461038112640381,7.480934143066406,7.182493209838867,7.480934143066406,7.480934143066406,1346,0.0,0.0
2013-08-27 00:00:00+02:00,7.162596225738525,7.411297798156738,7.162596225738525,7.411297798156738,7.411297798156738,110,0.0,0.0
2013-08-28 00:00:00+02:00,7.063116073608398,7.3615570068359375,7.013376235961914,7.0322771072387695,7.0322771072387695,3937,0.0,0.0
2013-08-29 00:00:00+02:00,7.013376235961914,7.013376235961914,7.013376235961914,7.013376235961914,7.013376235961914,492,0.0,0.0
2013-08-30 00:00:00+02:00,7.013376235961914,7.212337017059326,7.013376235961914,7.212337017059326,7.212337017059326,1457,0.0,0.0
2013-09-02 00:00:00+02:00,6.913895130157471,7.112855911254883,6.814414978027344,7.112855911254883,7.112855911254883,2045,0.0,0.0
2013-09-03 00:00:00+02:00,7.112855911254883,7.112855911254883,7.112855911254883,7.112855911254883,7.112855911254883,0,0.0,0.0
2013-09-04 00:00:00+02:00,7.132751941680908,7.132751941680908,7.132751941680908,7.132751941680908,7.132751941680908,145,0.0,0.0
2013-09-05 00:00:00+02:00,6.814414978027344,7.112855911254883,6.814414978027344,6.814414978027344,6.814414978027344,2291,0.0,0.0
2013-09-06 00:00:00+02:00,6.764674186706543,6.864154815673828,6.585608959197998,6.864154815673828,6.864154815673828,2139,0.0,0.0
2013-09-09 00:00:00+02:00,6.863160133361816,7.162596225738525,6.863160133361816,7.112855911254883,7.112855911254883,1407,0.0,0.0
2013-09-10 00:00:00+02:00,6.734829902648926,7.201394081115723,6.734829902648926,7.201394081115723,7.201394081115723,3924,0.0,0.0
2013-09-11 00:00:00+02:00,7.192440986633301,7.201394081115723,7.013376235961914,7.201394081115723,7.201394081115723,1146,0.0,0.0
2013-09-12 00:00:00+02:00,7.202388763427734,7.391401767730713,7.201394081115723,7.391401767730713,7.391401767730713,1005,0.0,0.0
2013-09-13 00:00:00+02:00,7.401350021362305,7.401350021362305,7.401350021362305,7.401350021362305,7.401350021362305,7,0.0,0.0
2013-09-16 00:00:00+02:00,7.162596225738525,7.411297798156738,7.073063850402832,7.360562801361084,7.360562801361084,3372,0.0,0.0
2013-09-17 00:00:00+02:00,7.411297798156738,7.559524059295654,7.162596225738525,7.460042953491211,7.460042953491211,2401,0.0,0.0
2013-09-18 00:00:00+02:00,7.460042953491211,7.460042953491211,7.460042953491211,7.460042953491211,7.460042953491211,0,0.0,0.0
2013-09-19 00:00:00+02:00,7.461038112640381,7.640102863311768,7.461038112640381,7.640102863311768,7.640102863311768,5573,0.0,0.0
2013-09-20 00:00:00+02:00,7.610259056091309,7.809219837188721,7.610259056091309,7.809219837188721,7.809219837188721,594,0.0,0.0
2013-09-23 00:00:00+02:00,7.8490118980407715,7.8490118980407715,7.8490118980407715,7.8490118980407715,7.8490118980407715,5,0.0,0.0
2013-09-24 00:00:00+02:00,7.809219837188721,7.839064121246338,7.809219837188721,7.839064121246338,7.839064121246338,1065,0.0,0.0
2013-09-25 00:00:00+02:00,7.839064121246338,7.839064121246338,7.839064121246338,7.839064121246338,7.839064121246338,20,0.0,0.0
2013-09-26 00:00:00+02:00,7.56051778793335,7.56051778793335,7.56051778793335,7.56051778793335,7.56051778793335,150,0.0,0.0
2013-09-27 00:00:00+02:00,7.799272060394287,7.799272060394287,7.2620768547058105,7.56051778793335,7.56051778793335,8916,0.0,0.0
2013-09-30 00:00:00+02:00,7.659998893737793,7.659998893737793,7.609263896942139,7.610259056091309,7.610259056091309,2092,0.0,0.0
2013-10-01 00:00:00+02:00,7.449100017547607,7.449100017547607,7.2620768547058105,7.447111129760742,7.447111129760742,480,0.0,0.0
2013-10-02 00:00:00+02:00,7.3615570068359375,7.3615570068359375,7.3615570068359375,7.3615570068359375,7.3615570068359375,40,0.0,0.0
2013-10-04 00:00:00+02:00,7.086990833282471,7.3317131996154785,6.973583221435547,7.3317131996154785,7.3317131996154785,1659,0.0,0.0
2013-10-07 00:00:00+02:00,7.365537166595459,7.468001842498779,7.083012104034424,7.468001842498779,7.468001842498779,1691,0.0,0.0
2013-10-08 00:00:00+02:00,7.455069065093994,7.455069065093994,7.169559955596924,7.169559955596924,7.169559955596924,438,0.0,0.0
2013-10-09 00:00:00+02:00,7.120814800262451,7.169559955596924,7.1198201179504395,7.1198201179504395,7.1198201179504395,922,0.0,0.0
2013-10-10 00:00:00+02:00,7.152647972106934,7.212337017059326,7.132751941680908,7.212337017059326,7.212337017059326,141,0.0,0.0
2013-10-11 00:00:00+02:00,7.132751941680908,7.132751941680908,7.132751941680908,7.132751941680908,7.132751941680908,2,0.0,0.0
2013-10-14 00:00:00+02:00,7.311817169189453,7.417266845703125,7.311817169189453,7.417266845703125,7.417266845703125,50,0.0,0.0
2013-10-15 00:00:00+02:00,7.455069065093994,7.506799221038818,7.212337017059326,7.212337017059326,7.212337017059326,513,0.0,0.0
2013-10-16 00:00:00+02:00,7.500830173492432,7.500830173492432,7.3615570068359375,7.3615570068359375,7.3615570068359375,412,0.0,0.0
2013-10-17 00:00:00+02:00,7.112855911254883,7.281972885131836,7.112855911254883,7.281972885131836,7.281972885131836,136,0.0,0.0
2013-10-18 00:00:00+02:00,7.401350021362305,7.461038112640381,7.401350021362305,7.461038112640381,7.461038112640381,9749,0.0,0.0
2013-10-21 00:00:00+02:00,7.273019790649414,7.718691825866699,7.273019790649414,7.718691825866699,7.718691825866699,8146,0.0,0.0
2013-10-22 00:00:00+02:00,7.613243103027344,7.6142377853393555,7.613243103027344,7.6142377853393555,7.6142377853393555,1417,0.0,0.0
2013-10-23 00:00:00+02:00,7.49088191986084,7.779376029968262,7.49088191986084,7.75947904586792,7.75947904586792,5552,0.0,0.0
2013-10-24 00:00:00+02:00,7.707749843597412,7.707749843597412,7.510777950286865,7.580414772033691,7.580414772033691,572,0.0,0.0
2013-10-25 00:00:00+02:00,7.610259056091309,7.610259056091309,7.411297798156738,7.411297798156738,7.411297798156738,2514,0.0,0.0
2013-10-28 00:00:00+01:00,7.5615129470825195,7.75947904586792,7.5615129470825195,7.75947904586792,7.75947904586792,3134,0.0,0.0
2013-10-29 00:00:00+01:00,7.719686985015869,7.719686985015869,7.461038112640381,7.66497278213501,7.66497278213501,18205,0.0,0.0
2013-10-30 00:00:00+01:00,7.708744049072266,7.7097392082214355,7.699790954589844,7.699790954589844,7.699790954589844,1315,0.0,0.0
2013-10-31 00:00:00+01:00,7.699790954589844,7.699790954589844,7.699790954589844,7.699790954589844,7.699790954589844,0,0.0,0.0
2013-11-01 00:00:00+01:00,7.657014846801758,7.659998893737793,7.411297798156738,7.56051778793335,7.56051778793335,2058,0.0,0.0
2013-11-04 00:00:00+01:00,7.56051778793335,7.56051778793335,7.461038112640381,7.461038112640381,7.461038112640381,653,0.0,0.0
2013-11-05 00:00:00+01:00,7.640102863311768,7.659998893737793,7.56051778793335,7.659998893737793,7.659998893737793,4027,0.0,0.0
2013-11-06 00:00:00+01:00,7.659998893737793,7.659998893737793,7.659998893737793,7.659998893737793,7.659998893737793,0,0.0,0.0
2013-11-07 00:00:00+01:00,7.655025005340576,7.659998893737793,7.56051778793335,7.659998893737793,7.659998893737793,4888,0.0,0.0
2013-11-08 00:00:00+01:00,7.71999979019165,7.71999979019165,7.71999979019165,7.71999979019165,7.71999979019165,157,0.0,0.0
2013-11-11 00:00:00+01:00,7.420000076293945,7.699999809265137,7.420000076293945,7.5,7.5,27197,0.0,0.0
2013-11-12 00:00:00+01:00,7.500999927520752,7.500999927520752,7.5,7.5,7.5,12589,0.0,0.0
2013-11-13 00:00:00+01:00,7.500999927520752,7.629000186920166,7.449999809265137,7.495999813079834,7.495999813079834,20972,0.0,0.0
2013-11-14 00:00:00+01:00,7.638000011444092,7.638999938964844,7.510000228881836,7.510000228881836,7.510000228881836,1798,0.0,0.0
2013-11-15 00:00:00+01:00,7.5,7.650000095367432,7.5,7.650000095367432,7.650000095367432,500,0.0,0.0
2013-11-18 00:00:00+01:00,7.650000095367432,7.650000095367432,7.650000095367432,7.650000095367432,7.650000095367432,50,0.0,0.0
2013-11-19 00:00:00+01:00,7.644000053405762,7.644000053405762,7.5,7.639999866485596,7.639999866485596,2865,0.0,0.0
2013-11-20 00:00:00+01:00,7.400000095367432,7.630000114440918,7.400000095367432,7.619999885559082,7.619999885559082,700,0.0,0.0
2013-11-21 00:00:00+01:00,7.480000019073486,7.599999904632568,7.480000019073486,7.480000019073486,7.480000019073486,1750,0.0,0.0
2013-11-22 00:00:00+01:00,7.480000019073486,7.599999904632568,7.480000019073486,7.599999904632568,7.599999904632568,12712,0.0,0.0
2013-11-25 00:00:00+01:00,7.599999904632568,7.64900016784668,7.5,7.570000171661377,7.570000171661377,10946,0.0,0.0
2013-11-26 00:00:00+01:00,7.550000190734863,7.591000080108643,7.510000228881836,7.591000080108643,7.591000080108643,4290,0.0,0.0
2013-11-27 00:00:00+01:00,7.610000133514404,7.610000133514404,7.579999923706055,7.599999904632568,7.599999904632568,3200,0.0,0.0
2013-11-28 00:00:00+01:00,7.550000190734863,7.585000038146973,7.550000190734863,7.585000038146973,7.585000038146973,2883,0.0,0.0
2013-11-29 00:00:00+01:00,7.570000171661377,7.650000095367432,7.401000022888184,7.650000095367432,7.650000095367432,9287,0.0,0.0
2013-12-02 00:00:00+01:00,7.699999809265137,7.699999809265137,7.599999904632568,7.599999904632568,7.599999904632568,2000,0.0,0.0
2013-12-03 00:00:00+01:00,7.610000133514404,7.64900016784668,7.5,7.599999904632568,7.599999904632568,12417,0.0,0.0
2013-12-04 00:00:00+01:00,7.64900016784668,7.699999809265137,7.5,7.650000095367432,7.650000095367432,19029,0.0,0.0
2013-12-05 00:00:00+01:00,7.449999809265137,7.489999771118164,7.230000019073486,7.376999855041504,7.376999855041504,7035,0.0,0.0
2013-12-06 00:00:00+01:00,7.489999771118164,7.599999904632568,7.489999771118164,7.599999904632568,7.599999904632568,6957,0.0,0.0
2013-12-09 00:00:00+01:00,7.599999904632568,7.900000095367432,7.599999904632568,7.650000095367432,7.650000095367432,30836,0.0,0.0
2013-12-10 00:00:00+01:00,7.616000175476074,7.690000057220459,7.599999904632568,7.599999904632568,7.599999904632568,18448,0.0,0.0
2013-12-11 00:00:00+01:00,7.678999900817871,7.949999809265137,7.650000095367432,7.840000152587891,7.840000152587891,38492,0.0,0.0
2013-12-12 00:00:00+01:00,8.399999618530273,8.550000190734863,7.951000213623047,8.149999618530273,8.149999618530273,45277,0.0,0.0
2013-12-13 00:00:00+01:00,8.100000381469727,8.149999618530273,7.961999893188477,8.100000381469727,8.100000381469727,35464,0.0,0.0
2013-12-16 00:00:00+01:00,8.199999809265137,8.239999771118164,8.0,8.069999694824219,8.069999694824219,31379,0.0,0.0
2013-12-17 00:00:00+01:00,8.079999923706055,8.079999923706055,7.519999980926514,7.698999881744385,7.698999881744385,33758,0.0,0.0
2013-12-18 00:00:00+01:00,7.599999904632568,7.646999835968018,7.39900016784668,7.488999843597412,7.488999843597412,10332,0.0,0.0
2013-12-19 00:00:00+01:00,7.610000133514404,7.659999847412109,7.439000129699707,7.559999942779541,7.559999942779541,20452,0.0,0.0
2013-12-20 00:00:00+01:00,7.610000133514404,7.610000133514404,7.254000186920166,7.370999813079834,7.370999813079834,30139,0.0,0.0
2013-12-23 00:00:00+01:00,7.53000020980835,7.53000020980835,7.301000118255615,7.479000091552734,7.479000091552734,26963,0.0,0.0
2013-12-27 00:00:00+01:00,7.400000095367432,7.5,7.300000190734863,7.468999862670898,7.468999862670898,36912,0.0,0.0
2013-12-30 00:00:00+01:00,7.53000020980835,7.53000020980835,7.480000019073486,7.519999980926514,7.519999980926514,12364,0.0,0.0
2014-01-02 00:00:00+01:00,7.550000190734863,7.589000225067139,7.480000019073486,7.480000019073486,7.480000019073486,8075,0.0,0.0
2014-01-03 00:00:00+01:00,7.559999942779541,7.639999866485596,7.489999771118164,7.599999904632568,7.599999904632568,22464,0.0,0.0
2014-01-06 00:00:00+01:00,7.619999885559082,7.619999885559082,7.510000228881836,7.510000228881836,7.510000228881836,4425,0.0,0.0
2014-01-07 00:00:00+01:00,7.5,7.730000019073486,7.5,7.699999809265137,7.699999809265137,12830,0.0,0.0
2014-01-08 00:00:00+01:00,7.730000019073486,7.989999771118164,7.710000038146973,7.914000034332275,7.914000034332275,28899,0.0,0.0
2014-01-09 00:00:00+01:00,7.919000148773193,8.0,7.769999980926514,7.900000095367432,7.900000095367432,32273,0.0,0.0
2014-01-10 00:00:00+01:00,7.980000019073486,7.980000019073486,7.650000095367432,7.934999942779541,7.934999942779541,13486,0.0,0.0
2014-01-13 00:00:00+01:00,7.934999942779541,7.980000019073486,7.89900016784668,7.960000038146973,7.960000038146973,20813,0.0,0.0
2014-01-14 00:00:00+01:00,7.980000019073486,7.980000019073486,7.879000186920166,7.880000114440918,7.880000114440918,6440,0.0,0.0
2014-01-15 00:00:00+01:00,7.889999866485596,7.889999866485596,7.699999809265137,7.880000114440918,7.880000114440918,11149,0.0,0.0
2014-01-16 00:00:00+01:00,7.880000114440918,8.25,7.880000114440918,8.09000015258789,8.09000015258789,31687,0.0,0.0
2014-01-17 00:00:00+01:00,8.09000015258789,8.09000015258789,7.841000080108643,8.09000015258789,8.09000015258789,22906,0.0,0.0
2014-01-20 00:00:00+01:00,7.940000057220459,8.24899959564209,7.909999847412109,8.145000457763672,8.145000457763672,21403,0.0,0.0
2014-01-21 00:00:00+01:00,8.14900016784668,8.199999809265137,8.0600004196167,8.119000434875488,8.119000434875488,12034,0.0,0.0
2014-01-22 00:00:00+01:00,8.140000343322754,8.140000343322754,8.0,8.0,8.0,5254,0.0,0.0
2014-01-23 00:00:00+01:00,7.974999904632568,7.974999904632568,7.72599983215332,7.815999984741211,7.815999984741211,16161,0.0,0.0
2014-01-24 00:00:00+01:00,7.942999839782715,7.989999771118164,7.519999980926514,7.78000020980835,7.78000020980835,35555,0.0,0.0
2014-01-27 00:00:00+01:00,7.760000228881836,7.959000110626221,7.749000072479248,7.75,7.75,14180,0.0,0.0
2014-01-28 00:00:00+01:00,7.8379998207092285,7.8379998207092285,7.699999809265137,7.699999809265137,7.699999809265137,1100,0.0,0.0
2014-01-29 00:00:00+01:00,7.699999809265137,7.699999809265137,7.5,7.5,7.5,12766,0.0,0.0
2014-01-30 00:00:00+01:00,7.5,7.599999904632568,7.400000095367432,7.599999904632568,7.599999904632568,12101,0.0,0.0
2014-01-31 00:00:00+01:00,7.599999904632568,7.849999904632568,7.400000095367432,7.849999904632568,7.849999904632568,16578,0.0,0.0
2014-02-03 00:00:00+01:00,7.619999885559082,7.698999881744385,7.610000133514404,7.698999881744385,7.698999881744385,4834,0.0,0.0
2014-02-04 00:00:00+01:00,7.6479997634887695,7.889999866485596,7.5,7.889999866485596,7.889999866485596,30874,0.0,0.0
2014-02-05 00:00:00+01:00,7.989999771118164,8.279999732971191,7.988999843597412,8.170000076293945,8.170000076293945,91187,0.0,0.0
2014-02-06 00:00:00+01:00,8.199999809265137,8.770000457763672,8.100000381469727,8.579999923706055,8.579999923706055,116779,0.0,0.0
2014-02-07 00:00:00+01:00,8.600000381469727,8.720000267028809,8.5600004196167,8.600000381469727,8.600000381469727,101673,0.0,0.0
2014-02-10 00:00:00+01:00,8.680000305175781,8.680000305175781,8.41100025177002,8.649999618530273,8.649999618530273,43207,0.0,0.0
2014-02-11 00:00:00+01:00,8.640000343322754,8.640000343322754,8.050000190734863,8.199999809265137,8.199999809265137,32942,0.0,0.0
2014-02-12 00:00:00+01:00,8.300000190734863,8.359999656677246,8.055000305175781,8.298999786376953,8.298999786376953,28471,0.0,0.0
2014-02-13 00:00:00+01:00,8.210000038146973,8.288999557495117,8.100000381469727,8.288999557495117,8.288999557495117,2631,0.0,0.0
2014-02-14 00:00:00+01:00,8.300000190734863,8.329999923706055,8.149999618530273,8.279999732971191,8.279999732971191,25222,0.0,0.0
2014-02-17 00:00:00+01:00,8.34000015258789,8.34000015258789,8.199999809265137,8.289999961853027,8.289999961853027,4194,0.0,0.0
2014-02-18 00:00:00+01:00,8.201000213623047,8.25,8.100000381469727,8.199000358581543,8.199000358581543,14966,0.0,0.0
2014-02-19 00:00:00+01:00,8.289999961853027,8.289999961853027,7.659999847412109,8.029999732971191,8.029999732971191,28924,0.0,0.0
2014-02-20 00:00:00+01:00,7.869999885559082,8.1899995803833,7.860000133514404,8.1899995803833,8.1899995803833,4465,0.0,0.0
2014-02-21 00:00:00+01:00,7.952000141143799,8.100000381469727,7.952000141143799,8.100000381469727,8.100000381469727,3198,0.0,0.0
2014-02-24 00:00:00+01:00,8.050000190734863,8.239999771118164,8.050000190734863,8.23900032043457,8.23900032043457,5297,0.0,0.0
2014-02-25 00:00:00+01:00,8.239999771118164,8.239999771118164,7.989999771118164,8.149999618530273,8.149999618530273,7653,0.0,0.0
2014-02-26 00:00:00+01:00,8.189000129699707,8.189000129699707,7.821000099182129,8.100000381469727,8.100000381469727,19522,0.0,0.0
2014-02-27 00:00:00+01:00,7.861000061035156,8.098999977111816,7.800000190734863,8.079000473022461,8.079000473022461,8529,0.0,0.0
2014-02-28 00:00:00+01:00,8.050000190734863,8.07800006866455,7.86299991607666,8.07699966430664,8.07699966430664,5477,0.0,0.0
2014-03-03 00:00:00+01:00,7.989999771118164,7.989999771118164,7.309999942779541,7.690000057220459,7.690000057220459,51517,0.0,0.0
2014-03-04 00:00:00+01:00,7.699999809265137,7.8520002365112305,7.599999904632568,7.699999809265137,7.699999809265137,59410,0.0,0.0
2014-03-05 00:00:00+01:00,7.789999961853027,7.834000110626221,7.650000095367432,7.830999851226807,7.830999851226807,4756,0.0,0.0
2014-03-06 00:00:00+01:00,7.769000053405762,7.769999980926514,7.625999927520752,7.699999809265137,7.699999809265137,4928,0.0,0.0
2014-03-07 00:00:00+01:00,7.701000213623047,7.738999843597412,7.599999904632568,7.738999843597412,7.738999843597412,6215,0.0,0.0
2014-03-10 00:00:00+01:00,7.610000133514404,7.698999881744385,7.610000133514404,7.698999881744385,7.698999881744385,995,0.0,0.0
2014-03-11 00:00:00+01:00,7.531000137329102,7.699999809265137,7.531000137329102,7.6570000648498535,7.6570000648498535,4166,0.0,0.0
2014-03-12 00:00:00+01:00,7.599999904632568,7.650000095367432,7.599999904632568,7.650000095367432,7.650000095367432,2664,0.0,0.0
2014-03-13 00:00:00+01:00,7.64900016784668,7.748000144958496,7.64900016784668,7.739999771118164,7.739999771118164,5661,0.0,0.0
2014-03-14 00:00:00+01:00,7.531000137329102,7.578999996185303,7.421000003814697,7.578999996185303,7.578999996185303,2050,0.0,0.0
2014-03-17 00:00:00+01:00,7.585000038146973,7.798999786376953,7.585000038146973,7.798999786376953,7.798999786376953,10421,0.0,0.0
2014-03-18 00:00:00+01:00,7.797999858856201,7.797999858856201,7.739999771118164,7.739999771118164,7.739999771118164,1816,0.0,0.0
2014-03-19 00:00:00+01:00,7.758999824523926,7.758999824523926,7.710000038146973,7.710000038146973,7.710000038146973,1514,0.0,0.0
2014-03-20 00:00:00+01:00,7.758999824523926,7.940000057220459,7.579999923706055,7.900000095367432,7.900000095367432,11668,0.0,0.0
2014-03-21 00:00:00+01:00,7.949999809265137,7.949999809265137,7.849999904632568,7.879000186920166,7.879000186920166,3460,0.0,0.0
2014-03-24 00:00:00+01:00,7.834000110626221,7.839000225067139,7.644000053405762,7.666999816894531,7.666999816894531,4744,0.0,0.0
2014-03-25 00:00:00+01:00,7.607999801635742,7.949999809265137,7.598999977111816,7.599999904632568,7.599999904632568,21390,0.0,0.0
2014-03-26 00:00:00+01:00,7.651000022888184,7.699999809265137,6.650000095367432,6.860000133514404,6.860000133514404,68773,0.0,0.0
2014-03-27 00:00:00+01:00,6.800000190734863,7.059999942779541,6.800000190734863,6.960000038146973,6.960000038146973,34446,0.0,0.0
2014-03-28 00:00:00+01:00,6.920000076293945,7.0,6.840000152587891,7.0,7.0,7624,0.0,0.0
2014-03-31 00:00:00+02:00,7.119999885559082,7.198999881744385,6.926000118255615,7.198999881744385,7.198999881744385,5968,0.0,0.0
2014-04-01 00:00:00+02:00,7.098999977111816,7.2789998054504395,7.098999977111816,7.25,7.25,8848,0.0,0.0
2014-04-02 00:00:00+02:00,7.388999938964844,7.64900016784668,7.25,7.25,7.25,19809,0.0,0.0
2014-04-03 00:00:00+02:00,7.449999809265137,7.579999923706055,6.809999942779541,6.849999904632568,6.849999904632568,33245,0.0,0.0
2014-04-04 00:00:00+02:00,7.0,7.25,6.888000011444092,6.888000011444092,6.888000011444092,11784,0.0,0.0
2014-04-07 00:00:00+02:00,7.039999961853027,7.25,6.900000095367432,7.25,7.25,7977,0.0,0.0
2014-04-08 00:00:00+02:00,7.189000129699707,7.190000057220459,7.043000221252441,7.190000057220459,7.190000057220459,15490,0.0,0.0
2014-04-09 00:00:00+02:00,7.189000129699707,7.449999809265137,7.03000020980835,7.199999809265137,7.199999809265137,7542,0.0,0.0
2014-04-10 00:00:00+02:00,7.348999977111816,7.449999809265137,7.265999794006348,7.449999809265137,7.449999809265137,8267,0.0,0.0
2014-04-11 00:00:00+02:00,7.251999855041504,7.339000225067139,7.251999855041504,7.302000045776367,7.302000045776367,3203,0.0,0.0
2014-04-14 00:00:00+02:00,7.300000190734863,7.300000190734863,6.949999809265137,7.199999809265137,7.199999809265137,8063,0.0,0.0
2014-04-15 00:00:00+02:00,7.348999977111816,7.349999904632568,7.050000190734863,7.050000190734863,7.050000190734863,4945,0.0,0.0
2014-04-16 00:00:00+02:00,7.079999923706055,7.080999851226807,7.052000045776367,7.058000087738037,7.058000087738037,2715,0.0,0.0
2014-04-17 00:00:00+02:00,7.228000164031982,7.228000164031982,6.989999771118164,7.0970001220703125,7.0970001220703125,7999,0.0,0.0
2014-04-22 00:00:00+02:00,7.10099983215332,7.10099983215332,6.921000003814697,6.921000003814697,6.921000003814697,7527,0.0,0.0
2014-04-23 00:00:00+02:00,6.926000118255615,7.019999980926514,6.886000156402588,6.999000072479248,6.999000072479248,7064,0.0,0.0
2014-04-24 00:00:00+02:00,6.85099983215332,7.198999881744385,6.85099983215332,6.949999809265137,6.949999809265137,22757,0.0,0.0
2014-04-25 00:00:00+02:00,6.949999809265137,7.150000095367432,6.849999904632568,6.900000095367432,6.900000095367432,11389,0.0,0.0
2014-04-28 00:00:00+02:00,6.900000095367432,6.900000095367432,6.900000095367432,6.900000095367432,6.900000095367432,0,0.0,0.0
2014-04-29 00:00:00+02:00,6.900000095367432,6.900000095367432,6.900000095367432,6.900000095367432,6.900000095367432,0,0.0,0.0
2014-04-30 00:00:00+02:00,6.801000118255615,6.890999794006348,6.699999809265137,6.890999794006348,6.890999794006348,5888,0.0,0.0
2014-05-02 00:00:00+02:00,6.88100004196167,7.298999786376953,6.21999979019165,7.298999786376953,7.298999786376953,85039,0.0,0.0
2014-05-05 00:00:00+02:00,7.201000213623047,7.201000213623047,6.811999797821045,6.929999828338623,6.929999828338623,12124,0.0,0.0
2014-05-06 00:00:00+02:00,6.988999843597412,7.150000095367432,6.988999843597412,7.079999923706055,7.079999923706055,38009,0.0,0.0
2014-05-07 00:00:00+02:00,7.0320000648498535,7.0320000648498535,6.949999809265137,6.960999965667725,6.960999965667725,960,0.0,0.0
2014-05-08 00:00:00+02:00,6.978000164031982,7.059999942779541,6.978000164031982,7.059999942779541,7.059999942779541,3214,0.0,0.0
2014-05-09 00:00:00+02:00,6.940000057220459,7.0329999923706055,6.940000057220459,6.949999809265137,6.949999809265137,417,0.0,0.0
2014-05-12 00:00:00+02:00,7.201000213623047,7.269999980926514,7.0,7.189000129699707,7.189000129699707,24514,0.0,0.0
2014-05-13 00:00:00+02:00,7.1479997634887695,7.296000003814697,7.090000152587891,7.283999919891357,7.283999919891357,6885,0.0,0.0
2014-05-14 00:00:00+02:00,7.150000095367432,7.150000095367432,7.041999816894531,7.048999786376953,7.048999786376953,4524,0.0,0.0
2014-05-15 00:00:00+02:00,7.179999828338623,7.179999828338623,6.836999893188477,6.836999893188477,6.836999893188477,5667,0.0,0.0
2014-05-16 00:00:00+02:00,7.0,7.0,6.901000022888184,6.9019999504089355,6.9019999504089355,690,0.0,0.0
2014-05-19 00:00:00+02:00,6.98199987411499,7.0,6.866000175476074,6.866000175476074,6.866000175476074,1020,0.0,0.0
2014-05-20 00:00:00+02:00,6.9120001792907715,6.9120001792907715,6.86899995803833,6.86899995803833,6.86899995803833,710,0.0,0.0
2014-05-21 00:00:00+02:00,6.78000020980835,6.78000020980835,6.4029998779296875,6.599999904632568,6.599999904632568,11474,0.0,0.0
2014-05-22 00:00:00+02:00,6.650000095367432,6.880000114440918,6.650000095367432,6.880000114440918,6.880000114440918,4693,0.0,0.0
2014-05-23 00:00:00+02:00,6.821000099182129,6.920000076293945,6.820000171661377,6.820000171661377,6.820000171661377,2810,0.0,0.0
2014-05-26 00:00:00+02:00,6.7829999923706055,6.7829999923706055,6.650000095367432,6.650000095367432,6.650000095367432,8311,0.0,0.0
2014-05-27 00:00:00+02:00,6.650000095367432,6.860000133514404,6.650000095367432,6.860000133514404,6.860000133514404,590,0.0,0.0
2014-05-28 00:00:00+02:00,6.848999977111816,6.89900016784668,6.848999977111816,6.89900016784668,6.89900016784668,1067,0.0,0.0
2014-05-29 00:00:00+02:00,6.798999786376953,6.800000190734863,6.650000095367432,6.7789998054504395,6.7789998054504395,936,0.0,0.0
2014-05-30 00:00:00+02:00,6.818999767303467,6.989999771118164,6.650000095367432,6.859000205993652,6.859000205993652,6481,0.0,0.0
2014-06-02 00:00:00+02:00,6.806000232696533,6.806000232696533,6.800000190734863,6.800000190734863,6.800000190734863,355,0.0,0.0
2014-06-03 00:00:00+02:00,6.800000190734863,6.900000095367432,6.739999771118164,6.849999904632568,6.849999904632568,6220,0.0,0.0
2014-06-04 00:00:00+02:00,6.800000190734863,6.800000190734863,6.7789998054504395,6.7789998054504395,6.7789998054504395,1225,0.0,0.0
2014-06-05 00:00:00+02:00,6.71999979019165,6.71999979019165,6.5,6.5,6.5,12230,0.0,0.0
2014-06-06 00:00:00+02:00,6.5,6.670000076293945,6.5,6.559999942779541,6.559999942779541,2043,0.0,0.0
2014-06-09 00:00:00+02:00,6.46999979019165,6.670000076293945,6.46999979019165,6.46999979019165,6.46999979019165,2436,0.0,0.0
2014-06-10 00:00:00+02:00,6.408999919891357,6.577000141143799,6.230000019073486,6.449999809265137,6.449999809265137,15837,0.0,0.0
2014-06-11 00:00:00+02:00,6.330999851226807,6.550000190734863,6.330999851226807,6.39900016784668,6.39900016784668,2838,0.0,0.0
2014-06-12 00:00:00+02:00,6.480000019073486,6.879000186920166,6.480000019073486,6.599999904632568,6.599999904632568,28765,0.0,0.0
2014-06-13 00:00:00+02:00,6.800000190734863,6.89900016784668,6.685999870300293,6.89900016784668,6.89900016784668,2000,0.0,0.0
2014-06-16 00:00:00+02:00,6.89900016784668,6.89900016784668,6.89900016784668,6.89900016784668,6.89900016784668,0,0.0,0.0
2014-06-17 00:00:00+02:00,6.7230000495910645,6.800000190734863,6.679999828338623,6.800000190734863,6.800000190734863,5000,0.0,0.0
2014-06-18 00:00:00+02:00,6.630000114440918,6.789000034332275,6.630000114440918,6.789000034332275,6.789000034332275,3404,0.0,0.0
2014-06-19 00:00:00+02:00,6.783999919891357,6.797999858856201,6.690000057220459,6.797999858856201,6.797999858856201,1108,0.0,0.0
2014-06-20 00:00:00+02:00,6.75,6.75,6.651000022888184,6.730000019073486,6.730000019073486,1908,0.0,0.0
2014-06-23 00:00:00+02:00,6.699999809265137,6.75,6.650000095367432,6.75,6.75,7512,0.0,0.0
2014-06-24 00:00:00+02:00,6.828999996185303,6.885000228881836,6.650000095367432,6.885000228881836,6.885000228881836,3593,0.0,0.0
2014-06-25 00:00:00+02:00,6.89900016784668,6.929999828338623,6.800000190734863,6.8460001945495605,6.8460001945495605,2978,0.0,0.0
2014-06-26 00:00:00+02:00,6.860000133514404,7.019999980926514,6.860000133514404,7.019999980926514,7.019999980926514,8398,0.0,0.0
2014-06-27 00:00:00+02:00,6.952000141143799,6.952000141143799,6.579999923706055,6.900000095367432,6.900000095367432,12875,0.0,0.0
2014-06-30 00:00:00+02:00,6.756999969482422,6.756999969482422,6.756999969482422,6.756999969482422,6.756999969482422,150,0.0,0.0
2014-07-01 00:00:00+02:00,6.906000137329102,6.96999979019165,6.9019999504089355,6.96999979019165,6.96999979019165,7020,0.0,0.0
2014-07-02 00:00:00+02:00,6.960000038146973,7.019999980926514,6.920000076293945,7.019999980926514,7.019999980926514,13254,0.0,0.0
2014-07-03 00:00:00+02:00,7.129000186920166,7.130000114440918,7.127999782562256,7.130000114440918,7.130000114440918,1230,0.0,0.0
2014-07-04 00:00:00+02:00,7.050000190734863,7.130000114440918,7.019999980926514,7.126999855041504,7.126999855041504,2925,0.0,0.0
2014-07-07 00:00:00+02:00,7.130000114440918,7.130000114440918,6.900000095367432,7.079999923706055,7.079999923706055,4629,0.0,0.0
2014-07-08 00:00:00+02:00,7.078999996185303,7.078999996185303,7.039999961853027,7.039999961853027,7.039999961853027,3642,0.0,0.0
2014-07-09 00:00:00+02:00,7.079999923706055,7.079999923706055,6.96999979019165,6.9710001945495605,6.9710001945495605,3490,0.0,0.0
2014-07-10 00:00:00+02:00,6.9710001945495605,6.9710001945495605,6.9710001945495605,6.9710001945495605,6.9710001945495605,0,0.0,0.0
2014-07-11 00:00:00+02:00,7.0,7.079999923706055,6.949999809265137,6.989999771118164,6.989999771118164,7565,0.0,0.0
2014-07-14 00:00:00+02:00,7.019000053405762,7.039000034332275,7.019000053405762,7.019999980926514,7.019999980926514,2145,0.0,0.0
2014-07-15 00:00:00+02:00,6.999000072479248,7.019999980926514,6.994999885559082,7.019999980926514,7.019999980926514,5550,0.0,0.0
2014-07-16 00:00:00+02:00,6.9029998779296875,7.019999980926514,6.901000022888184,7.019000053405762,7.019000053405762,2632,0.0,0.0
2014-07-17 00:00:00+02:00,6.980000019073486,7.039000034332275,6.88100004196167,7.019999980926514,7.019999980926514,9782,0.0,0.0
2014-07-18 00:00:00+02:00,7.019999980926514,7.019999980926514,7.019999980926514,7.019999980926514,7.019999980926514,0,0.0,0.0
2014-07-21 00:00:00+02:00,6.89300012588501,6.9029998779296875,6.89300012588501,6.9029998779296875,6.9029998779296875,648,0.0,0.0
2014-07-22 00:00:00+02:00,6.9120001792907715,7.015999794006348,6.906000137329102,6.96999979019165,6.96999979019165,11542,0.0,0.0
2014-07-23 00:00:00+02:00,7.0,7.039999961853027,6.999000072479248,7.039999961853027,7.039999961853027,6558,0.0,0.0
2014-07-24 00:00:00+02:00,7.019999980926514,7.019999980926514,6.921000003814697,7.019999980926514,7.019999980926514,220,0.0,0.0
2014-07-25 00:00:00+02:00,6.931000232696533,7.040999889373779,6.931000232696533,7.004000186920166,7.004000186920166,22816,0.0,0.0
2014-07-28 00:00:00+02:00,6.949999809265137,6.949999809265137,6.949999809265137,6.949999809265137,6.949999809265137,1000,0.0,0.0
2014-07-29 00:00:00+02:00,6.9029998779296875,7.0,6.85099983215332,6.85099983215332,6.85099983215332,11572,0.0,0.0
2014-07-30 00:00:00+02:00,6.85099983215332,6.85099983215332,6.85099983215332,6.85099983215332,6.85099983215332,0,0.0,0.0
2014-07-31 00:00:00+02:00,6.939000129699707,6.949999809265137,6.752999782562256,6.769999980926514,6.769999980926514,12087,0.0,0.0
2014-08-01 00:00:00+02:00,6.710999965667725,6.7179999351501465,6.710000038146973,6.710000038146973,6.710000038146973,2440,0.0,0.0
2014-08-04 00:00:00+02:00,6.804999828338623,6.900000095367432,6.804999828338623,6.900000095367432,6.900000095367432,3317,0.0,0.0
2014-08-05 00:00:00+02:00,6.821000099182129,6.821000099182129,6.809999942779541,6.809999942779541,6.809999942779541,2797,0.0,0.0
2014-08-06 00:00:00+02:00,6.801000118255615,6.801000118255615,6.800000190734863,6.800000190734863,6.800000190734863,425,0.0,0.0
2014-08-07 00:00:00+02:00,6.750999927520752,6.849999904632568,6.739999771118164,6.800000190734863,6.800000190734863,7801,0.0,0.0
2014-08-08 00:00:00+02:00,6.699999809265137,6.848999977111816,6.686999797821045,6.848999977111816,6.848999977111816,7797,0.0,0.0
2014-08-11 00:00:00+02:00,6.801000118255615,6.801000118255615,6.800000190734863,6.800000190734863,6.800000190734863,1550,0.0,0.0
2014-08-12 00:00:00+02:00,6.800000190734863,6.800000190734863,6.619999885559082,6.729000091552734,6.729000091552734,2543,0.0,0.0
2014-08-13 00:00:00+02:00,6.813000202178955,6.813000202178955,6.813000202178955,6.813000202178955,6.813000202178955,10,0.0,0.0
2014-08-14 00:00:00+02:00,6.818999767303467,6.921999931335449,6.818999767303467,6.921999931335449,6.921999931335449,1018,0.0,0.0
2014-08-15 00:00:00+02:00,6.921999931335449,6.921999931335449,6.921999931335449,6.921999931335449,6.921999931335449,0,0.0,0.0
2014-08-18 00:00:00+02:00,6.921999931335449,6.921999931335449,6.921999931335449,6.921999931335449,6.921999931335449,0,0.0,0.0
2014-08-19 00:00:00+02:00,6.921999931335449,6.921999931335449,6.921999931335449,6.921999931335449,6.921999931335449,0,0.0,0.0
2014-08-20 00:00:00+02:00,6.827000141143799,6.85099983215332,6.827000141143799,6.849999904632568,6.849999904632568,7750,0.0,0.0
2014-08-21 00:00:00+02:00,6.840000152587891,6.929999828338623,6.840000152587891,6.860000133514404,6.860000133514404,5187,0.0,0.0
2014-08-22 00:00:00+02:00,6.752999782562256,6.752999782562256,6.752999782562256,6.752999782562256,6.752999782562256,125,0.0,0.0
2014-08-25 00:00:00+02:00,6.8470001220703125,6.900000095367432,6.8470001220703125,6.86899995803833,6.86899995803833,9872,0.0,0.0
2014-08-26 00:00:00+02:00,6.750999927520752,6.750999927520752,6.750999927520752,6.750999927520752,6.750999927520752,10,0.0,0.0
2014-08-27 00:00:00+02:00,6.860000133514404,6.860000133514404,6.75,6.75,6.75,1285,0.0,0.0
2014-08-28 00:00:00+02:00,6.828000068664551,6.869999885559082,6.7129998207092285,6.849999904632568,6.849999904632568,22246,0.0,0.0
2014-08-29 00:00:00+02:00,6.822000026702881,6.822000026702881,6.822000026702881,6.822000026702881,6.822000026702881,12,0.0,0.0
2014-09-01 00:00:00+02:00,6.920000076293945,7.110000133514404,6.920000076293945,7.03000020980835,7.03000020980835,9523,0.0,0.0
2014-09-02 00:00:00+02:00,7.048999786376953,7.050000190734863,7.048999786376953,7.050000190734863,7.050000190734863,1650,0.0,0.0
2014-09-03 00:00:00+02:00,6.999000072479248,7.0,6.920000076293945,6.920000076293945,6.920000076293945,3562,0.0,0.0
2014-09-04 00:00:00+02:00,7.059000015258789,7.059999942779541,6.820000171661377,6.820000171661377,6.820000171661377,4692,0.0,0.0
2014-09-05 00:00:00+02:00,7.019999980926514,7.140999794006348,6.913000106811523,7.050000190734863,7.050000190734863,19036,0.0,0.0
2014-09-08 00:00:00+02:00,7.199999809265137,7.440000057220459,7.051000118255615,7.300000190734863,7.300000190734863,23798,0.0,0.0
2014-09-09 00:00:00+02:00,7.298999786376953,7.400000095367432,7.224999904632568,7.239999771118164,7.239999771118164,6882,0.0,0.0
2014-09-10 00:00:00+02:00,7.348999977111816,7.439000129699707,7.122000217437744,7.400000095367432,7.400000095367432,3322,0.0,0.0
2014-09-11 00:00:00+02:00,7.439000129699707,8.300000190734863,7.400000095367432,8.300000190734863,8.300000190734863,34632,0.0,0.0
2014-09-12 00:00:00+02:00,8.279999732971191,8.319000244140625,8.050000190734863,8.218999862670898,8.218999862670898,7190,0.0,0.0
2014-09-15 00:00:00+02:00,8.008999824523926,8.10099983215332,7.625999927520752,8.092000007629395,8.092000007629395,43612,0.0,0.0
2014-09-16 00:00:00+02:00,7.999000072479248,8.109999656677246,7.900000095367432,8.109999656677246,8.109999656677246,13312,0.0,0.0
2014-09-17 00:00:00+02:00,8.0,8.050000190734863,7.960000038146973,7.960000038146973,7.960000038146973,2880,0.0,0.0
2014-09-18 00:00:00+02:00,8.128999710083008,8.25,8.0600004196167,8.149999618530273,8.149999618530273,3202,0.0,0.0
2014-09-19 00:00:00+02:00,8.015000343322754,8.09000015258789,8.0,8.09000015258789,8.09000015258789,1270,0.0,0.0
2014-09-22 00:00:00+02:00,8.060999870300293,8.060999870300293,7.96999979019165,8.0,8.0,12149,0.0,0.0
2014-09-23 00:00:00+02:00,8.189000129699707,8.199999809265137,8.0,8.1899995803833,8.1899995803833,4987,0.0,0.0
2014-09-24 00:00:00+02:00,8.010000228881836,8.170000076293945,7.940000057220459,7.940000057220459,7.940000057220459,23669,0.0,0.0
2014-09-25 00:00:00+02:00,8.01099967956543,8.151000022888184,7.940000057220459,7.949999809265137,7.949999809265137,5520,0.0,0.0
2014-09-26 00:00:00+02:00,7.940999984741211,8.489999771118164,7.940000057220459,8.489999771118164,8.489999771118164,33953,0.0,0.0
2014-09-29 00:00:00+02:00,8.25,8.258999824523926,8.0,8.029999732971191,8.029999732971191,13973,0.0,0.0
2014-09-30 00:00:00+02:00,8.050000190734863,8.199999809265137,8.050000190734863,8.199999809265137,8.199999809265137,1947,0.0,0.0
2014-10-01 00:00:00+02:00,8.050000190734863,8.189000129699707,8.0,8.170999526977539,8.170999526977539,18651,0.0,0.0
2014-10-02 00:00:00+02:00,8.100000381469727,8.170000076293945,7.900000095367432,8.0649995803833,8.0649995803833,10693,0.0,0.0
2014-10-06 00:00:00+02:00,7.920000076293945,8.100000381469727,7.915999889373779,7.980000019073486,7.980000019073486,6860,0.0,0.0
2014-10-07 00:00:00+02:00,7.900000095367432,7.979000091552734,7.599999904632568,7.940000057220459,7.940000057220459,19425,0.0,0.0
2014-10-08 00:00:00+02:00,7.7789998054504395,7.789000034332275,7.51200008392334,7.72599983215332,7.72599983215332,25995,0.0,0.0
2014-10-09 00:00:00+02:00,7.800000190734863,7.900000095367432,7.699999809265137,7.75,7.75,19086,0.0,0.0
2014-10-10 00:00:00+02:00,7.703999996185303,7.703999996185303,7.0,7.46999979019165,7.46999979019165,46836,0.0,0.0
2014-10-13 00:00:00+02:00,7.388999938964844,7.429999828338623,7.388999938964844,7.429999828338623,7.429999828338623,3479,0.0,0.0
2014-10-14 00:00:00+02:00,7.451000213623047,7.451000213623047,7.449999809265137,7.449999809265137,7.449999809265137,300,0.0,0.0
2014-10-15 00:00:00+02:00,7.4629998207092285,7.4629998207092285,7.281000137329102,7.281000137329102,7.281000137329102,9540,0.0,0.0
2014-10-16 00:00:00+02:00,7.281000137329102,7.408999919891357,7.179999828338623,7.408999919891357,7.408999919891357,16127,0.0,0.0
2014-10-17 00:00:00+02:00,7.51800012588501,7.51800012588501,7.400000095367432,7.488999843597412,7.488999843597412,5459,0.0,0.0
2014-10-20 00:00:00+02:00,7.598999977111816,7.598999977111816,7.451000213623047,7.451000213623047,7.451000213623047,1264,0.0,0.0
2014-10-21 00:00:00+02:00,7.499000072479248,7.800000190734863,7.499000072479248,7.6519999504089355,7.6519999504089355,7989,0.0,0.0
2014-10-22 00:00:00+02:00,7.65500020980835,7.7829999923706055,7.554999828338623,7.7829999923706055,7.7829999923706055,15596,0.0,0.0
2014-10-23 00:00:00+02:00,7.604000091552734,7.840000152587891,7.552000045776367,7.840000152587891,7.840000152587891,3100,0.0,0.0
2014-10-24 00:00:00+02:00,7.828999996185303,7.85099983215332,7.663000106811523,7.85099983215332,7.85099983215332,7632,0.0,0.0
2014-10-27 00:00:00+01:00,7.89900016784668,7.89900016784668,7.732999801635742,7.889999866485596,7.889999866485596,3264,0.0,0.0
2014-10-28 00:00:00+01:00,7.743000030517578,7.743000030517578,7.559999942779541,7.650000095367432,7.650000095367432,6609,0.0,0.0
2014-10-29 00:00:00+01:00,7.699999809265137,7.699999809265137,7.699999809265137,7.699999809265137,7.699999809265137,100,0.0,0.0
2014-10-30 00:00:00+01:00,7.775000095367432,7.817999839782715,7.658999919891357,7.817999839782715,7.817999839782715,3081,0.0,0.0
2014-10-31 00:00:00+01:00,7.701000213623047,7.864999771118164,7.699999809265137,7.699999809265137,7.699999809265137,6552,0.0,0.0
2014-11-03 00:00:00+01:00,7.699999809265137,7.699999809265137,7.599999904632568,7.670000076293945,7.670000076293945,4776,0.0,0.0
2014-11-04 00:00:00+01:00,7.7729997634887695,7.78000020980835,7.749000072479248,7.78000020980835,7.78000020980835,13653,0.0,0.0
2014-11-05 00:00:00+01:00,7.919000148773193,7.940000057220459,7.880000114440918,7.880000114440918,7.880000114440918,2076,0.0,0.0
2014-11-06 00:00:00+01:00,7.880000114440918,7.880000114440918,7.880000114440918,7.880000114440918,7.880000114440918,0,0.0,0.0
2014-11-07 00:00:00+01:00,7.818999767303467,8.218999862670898,7.818999767303467,7.900000095367432,7.900000095367432,51348,0.0,0.0
2014-11-10 00:00:00+01:00,8.029999732971191,8.069000244140625,7.781000137329102,7.980000019073486,7.980000019073486,5000,0.0,0.0
2014-11-11 00:00:00+01:00,7.894999980926514,7.894999980926514,7.894000053405762,7.894000053405762,7.894000053405762,1300,0.0,0.0
2014-11-12 00:00:00+01:00,8.003000259399414,8.003000259399414,7.988999843597412,7.989999771118164,7.989999771118164,599,0.0,0.0
2014-11-13 00:00:00+01:00,7.890999794006348,8.199999809265137,7.890999794006348,8.149999618530273,8.149999618530273,7782,0.0,0.0
2014-11-14 00:00:00+01:00,8.149999618530273,8.880000114440918,8.149999618530273,8.84000015258789,8.84000015258789,49397,0.0,0.0
2014-11-17 00:00:00+01:00,8.899999618530273,9.34000015258789,8.616999626159668,8.800000190734863,8.800000190734863,50380,0.0,0.0
2014-11-18 00:00:00+01:00,9.1899995803833,9.479999542236328,8.869999885559082,9.039999961853027,9.039999961853027,47031,0.0,0.0
2014-11-19 00:00:00+01:00,9.100000381469727,9.24899959564209,8.89900016784668,8.901000022888184,8.901000022888184,55372,0.0,0.0
2014-11-20 00:00:00+01:00,8.880000114440918,9.100000381469727,8.420000076293945,8.899999618530273,8.899999618530273,34184,0.0,0.0
2014-11-21 00:00:00+01:00,8.99899959564209,9.788999557495117,8.99899959564209,9.741000175476074,9.741000175476074,31023,0.0,0.0
2014-11-24 00:00:00+01:00,9.899999618530273,10.6899995803833,9.871000289916992,10.430000305175781,10.430000305175781,70370,0.0,0.0
2014-11-25 00:00:00+01:00,10.545000076293945,10.899999618530273,10.239999771118164,10.899999618530273,10.899999618530273,48362,0.0,0.0
2014-11-26 00:00:00+01:00,10.845000267028809,10.845000267028809,10.449999809265137,10.739999771118164,10.739999771118164,17094,0.0,0.0
2014-11-27 00:00:00+01:00,10.699999809265137,11.300000190734863,10.5,11.300000190734863,11.300000190734863,59860,0.0,0.0
2014-11-28 00:00:00+01:00,11.449999809265137,11.449999809265137,10.800000190734863,10.920000076293945,10.920000076293945,17697,0.0,0.0
2014-12-01 00:00:00+01:00,11.199999809265137,11.21500015258789,10.760000228881836,10.760000228881836,10.760000228881836,8076,0.0,0.0
2014-12-02 00:00:00+01:00,10.949999809265137,11.145000457763672,10.65999984741211,11.100000381469727,11.100000381469727,9817,0.0,0.0
2014-12-03 00:00:00+01:00,11.164999961853027,11.824999809265137,11.050000190734863,11.305000305175781,11.305000305175781,17707,0.0,0.0
2014-12-04 00:00:00+01:00,11.4350004196167,11.4350004196167,11.005000114440918,11.175000190734863,11.175000190734863,8383,0.0,0.0
2014-12-05 00:00:00+01:00,11.239999771118164,11.239999771118164,10.75,10.75,10.75,2970,0.0,0.0
2014-12-08 00:00:00+01:00,10.555000305175781,11.25,10.555000305175781,11.100000381469727,11.100000381469727,13434,0.0,0.0
2014-12-09 00:00:00+01:00,11.09000015258789,11.09000015258789,10.800000190734863,10.854999542236328,10.854999542236328,9678,0.0,0.0
2014-12-10 00:00:00+01:00,11.104999542236328,11.104999542236328,10.850000381469727,10.854999542236328,10.854999542236328,1100,0.0,0.0
2014-12-11 00:00:00+01:00,11.005000114440918,11.204999923706055,11.0,11.0,11.0,1306,0.0,0.0
2014-12-12 00:00:00+01:00,10.899999618530273,10.920000076293945,10.600000381469727,10.600000381469727,10.600000381469727,2903,0.0,0.0
2014-12-15 00:00:00+01:00,10.949999809265137,10.949999809265137,10.640000343322754,10.65999984741211,10.65999984741211,4558,0.0,0.0
2014-12-16 00:00:00+01:00,10.725000381469727,10.854999542236328,10.5,10.854999542236328,10.854999542236328,17549,0.0,0.0
2014-12-17 00:00:00+01:00,10.53499984741211,10.53499984741211,8.5,9.75,9.75,40007,0.0,0.0
2014-12-18 00:00:00+01:00,10.100000381469727,10.4399995803833,9.920000076293945,10.420000076293945,10.420000076293945,12386,0.0,0.0
2014-12-19 00:00:00+01:00,10.399999618530273,10.479999542236328,10.125,10.125,10.125,6254,0.0,0.0
2014-12-22 00:00:00+01:00,10.34000015258789,10.34000015258789,9.901000022888184,9.989999771118164,9.989999771118164,15226,0.0,0.0
2014-12-23 00:00:00+01:00,9.91100025177002,9.99899959564209,9.890000343322754,9.979999542236328,9.979999542236328,3866,0.0,0.0
2014-12-29 00:00:00+01:00,9.899999618530273,10.079999923706055,9.8100004196167,10.079999923706055,10.079999923706055,6537,0.0,0.0
2014-12-30 00:00:00+01:00,9.930000305175781,10.890000343322754,9.930000305175781,10.585000038146973,10.585000038146973,4363,0.0,0.0
2015-01-02 00:00:00+01:00,10.279999732971191,10.5600004196167,10.225000381469727,10.390000343322754,10.390000343322754,6508,0.0,0.0
2015-01-05 00:00:00+01:00,10.380000114440918,10.600000381469727,10.104999542236328,10.140000343322754,10.140000343322754,5946,0.0,0.0
2015-01-06 00:00:00+01:00,10.164999961853027,10.600000381469727,10.149999618530273,10.539999961853027,10.539999961853027,3709,0.0,0.0
2015-01-07 00:00:00+01:00,10.555000305175781,10.800000190734863,10.1899995803833,10.470000267028809,10.470000267028809,6685,0.0,0.0
2015-01-08 00:00:00+01:00,10.454999923706055,11.104999542236328,10.454999923706055,10.895000457763672,10.895000457763672,16836,0.0,0.0
2015-01-09 00:00:00+01:00,10.800000190734863,11.3100004196167,10.800000190734863,11.100000381469727,11.100000381469727,10347,0.0,0.0
2015-01-12 00:00:00+01:00,11.15999984741211,11.654999732971191,11.15999984741211,11.470000267028809,11.470000267028809,6035,0.0,0.0
2015-01-13 00:00:00+01:00,11.420000076293945,12.800000190734863,11.420000076293945,12.795000076293945,12.795000076293945,18132,0.0,0.0
2015-01-14 00:00:00+01:00,12.774999618530273,12.800000190734863,12.260000228881836,12.289999961853027,12.289999961853027,14604,0.0,0.0
2015-01-15 00:00:00+01:00,12.354999542236328,12.524999618530273,10.949999809265137,11.789999961853027,11.789999961853027,46236,0.0,0.0
2015-01-16 00:00:00+01:00,12.005000114440918,12.3149995803833,11.744999885559082,12.3149995803833,12.3149995803833,11411,0.0,0.0
2015-01-19 00:00:00+01:00,12.390000343322754,12.390000343322754,11.90999984741211,12.229999542236328,12.229999542236328,2416,0.0,0.0
2015-01-20 00:00:00+01:00,12.194999694824219,12.399999618530273,12.0600004196167,12.0600004196167,12.0600004196167,13965,0.0,0.0
2015-01-21 00:00:00+01:00,12.194999694824219,12.279999732971191,12.0,12.0,12.0,9968,0.0,0.0
2015-01-22 00:00:00+01:00,12.0,12.0,11.704999923706055,12.0,12.0,5732,0.0,0.0
2015-01-23 00:00:00+01:00,12.15999984741211,12.1899995803833,11.960000038146973,12.0600004196167,12.0600004196167,3029,0.0,0.0
2015-01-26 00:00:00+01:00,12.199999809265137,12.399999618530273,12.149999618530273,12.399999618530273,12.399999618530273,10696,0.0,0.0
2015-01-27 00:00:00+01:00,12.399999618530273,13.899999618530273,12.395000457763672,13.899999618530273,13.899999618530273,42915,0.0,0.0
2015-01-28 00:00:00+01:00,13.800000190734863,14.5,13.795000076293945,14.300000190734863,14.300000190734863,42780,0.0,0.0
2015-01-29 00:00:00+01:00,14.295000076293945,15.479999542236328,14.020000457763672,15.479999542236328,15.479999542236328,50617,0.0,0.0
2015-01-30 00:00:00+01:00,15.494999885559082,16.030000686645508,14.6899995803833,15.024999618530273,15.024999618530273,37422,0.0,0.0
2015-02-02 00:00:00+01:00,14.970000267028809,16.21500015258789,14.835000038146973,15.295000076293945,15.295000076293945,20738,0.0,0.0
2015-02-03 00:00:00+01:00,15.359999656677246,15.359999656677246,15.0,15.279999732971191,15.279999732971191,6520,0.0,0.0
2015-02-04 00:00:00+01:00,15.289999961853027,15.295000076293945,14.699999809265137,14.734999656677246,14.734999656677246,11266,0.0,0.0
2015-02-05 00:00:00+01:00,14.944999694824219,14.949999809265137,14.789999961853027,14.949999809265137,14.949999809265137,2815,0.0,0.0
2015-02-06 00:00:00+01:00,14.949999809265137,14.949999809265137,14.944999694824219,14.949999809265137,14.949999809265137,1473,0.0,0.0
2015-02-09 00:00:00+01:00,14.979999542236328,15.399999618530273,14.625,15.399999618530273,15.399999618530273,17312,0.0,0.0
2015-02-10 00:00:00+01:00,15.484999656677246,16.25,15.484999656677246,16.25,16.25,25954,0.0,0.0
2015-02-11 00:00:00+01:00,16.25,16.889999389648438,15.399999618530273,15.944999694824219,15.944999694824219,27527,0.0,0.0
2015-02-12 00:00:00+01:00,15.944999694824219,16.364999771118164,15.449999809265137,15.899999618530273,15.899999618530273,11369,0.0,0.0
2015-02-13 00:00:00+01:00,15.899999618530273,16.2450008392334,15.470000267028809,15.800000190734863,15.800000190734863,5939,0.0,0.0
2015-02-16 00:00:00+01:00,16.020000457763672,16.899999618530273,15.949999809265137,16.479999542236328,16.479999542236328,15413,0.0,0.0
2015-02-17 00:00:00+01:00,16.69499969482422,17.329999923706055,16.514999389648438,16.774999618530273,16.774999618530273,17613,0.0,0.0
2015-02-18 00:00:00+01:00,16.9950008392334,16.9950008392334,16.5,16.69499969482422,16.69499969482422,9680,0.0,0.0
2015-02-19 00:00:00+01:00,16.770000457763672,16.770000457763672,16.334999084472656,16.594999313354492,16.594999313354492,1323,0.0,0.0
2015-02-20 00:00:00+01:00,16.69499969482422,16.69499969482422,16.415000915527344,16.579999923706055,16.579999923706055,4052,0.0,0.0
2015-02-23 00:00:00+01:00,16.700000762939453,16.700000762939453,15.75,16.5049991607666,16.5049991607666,8809,0.0,0.0
2015-02-24 00:00:00+01:00,16.5049991607666,16.5049991607666,16.350000381469727,16.389999389648438,16.389999389648438,4883,0.0,0.0
2015-02-25 00:00:00+01:00,16.5,16.5,16.0049991607666,16.149999618530273,16.149999618530273,10022,0.0,0.0
2015-02-26 00:00:00+01:00,16.274999618530273,16.700000762939453,16.235000610351562,16.700000762939453,16.700000762939453,6649,0.0,0.0
2015-02-27 00:00:00+01:00,16.69499969482422,16.700000762939453,16.450000762939453,16.510000228881836,16.510000228881836,12675,0.0,0.0
2015-03-02 00:00:00+01:00,16.690000534057617,16.690000534057617,16.235000610351562,16.235000610351562,16.235000610351562,1429,0.0,0.0
2015-03-03 00:00:00+01:00,16.524999618530273,16.889999389648438,16.489999771118164,16.889999389648438,16.889999389648438,13352,0.0,0.0
2015-03-04 00:00:00+01:00,17.344999313354492,17.59000015258789,17.0,17.399999618530273,17.399999618530273,27615,0.0,0.0
2015-03-05 00:00:00+01:00,17.549999237060547,19.0,17.399999618530273,18.700000762939453,18.700000762939453,62500,0.0,0.0
2015-03-06 00:00:00+01:00,18.9950008392334,19.489999771118164,18.649999618530273,19.485000610351562,19.485000610351562,49986,0.0,0.0
2015-03-09 00:00:00+01:00,19.6299991607666,23.479999542236328,19.6299991607666,21.799999237060547,21.799999237060547,83110,0.0,0.0
2015-03-10 00:00:00+01:00,22.084999084472656,22.989999771118164,19.110000610351562,20.25,20.25,87507,0.0,0.0
2015-03-11 00:00:00+01:00,20.920000076293945,21.0,20.03499984741211,20.350000381469727,20.350000381469727,21824,0.0,0.0
2015-03-12 00:00:00+01:00,20.4950008392334,20.68000030517578,19.5,20.18000030517578,20.18000030517578,21360,0.0,0.0
2015-03-13 00:00:00+01:00,20.5,21.174999237060547,19.55500030517578,20.399999618530273,20.399999618530273,27891,0.0,0.0
2015-03-16 00:00:00+01:00,21.145000457763672,22.854999542236328,21.0,22.084999084472656,22.084999084472656,71077,0.0,0.0
2015-03-17 00:00:00+01:00,22.395000457763672,22.690000534057617,21.299999237060547,22.690000534057617,22.690000534057617,20285,0.0,0.0
2015-03-18 00:00:00+01:00,22.700000762939453,22.989999771118164,22.15999984741211,22.524999618530273,22.524999618530273,41463,0.0,0.0
2015-03-19 00:00:00+01:00,22.799999237060547,23.81999969482422,22.71500015258789,23.649999618530273,23.649999618530273,61130,0.0,0.0
2015-03-20 00:00:00+01:00,24.0,24.649999618530273,23.4950008392334,24.649999618530273,24.649999618530273,34833,0.0,0.0
2015-03-23 00:00:00+01:00,26.049999237060547,26.770000457763672,25.104999542236328,26.4950008392334,26.4950008392334,50213,0.0,0.0
2015-03-24 00:00:00+01:00,27.485000610351562,27.485000610351562,25.815000534057617,25.9950008392334,25.9950008392334,65954,0.0,0.0
2015-03-25 00:00:00+01:00,25.05500030517578,25.6200008392334,24.100000381469727,24.485000610351562,24.485000610351562,70315,0.0,0.0
2015-03-26 00:00:00+01:00,23.780000686645508,23.844999313354492,22.344999313354492,23.149999618530273,23.149999618530273,63943,0.0,0.0
2015-03-27 00:00:00+01:00,23.299999237060547,24.600000381469727,23.100000381469727,24.579999923706055,24.579999923706055,41704,0.0,0.0
2015-03-30 00:00:00+02:00,26.790000915527344,26.790000915527344,25.299999237060547,26.770000457763672,26.770000457763672,48158,0.0,0.0
2015-03-31 00:00:00+02:00,26.700000762939453,27.479999542236328,26.084999084472656,26.940000534057617,26.940000534057617,73589,0.0,0.0
2015-04-01 00:00:00+02:00,27.489999771118164,27.84000015258789,26.354999542236328,27.834999084472656,27.834999084472656,39486,0.0,0.0
2015-04-02 00:00:00+02:00,27.889999389648438,27.9950008392334,27.0049991607666,27.895000457763672,27.895000457763672,26308,0.0,0.0
2015-04-07 00:00:00+02:00,28.09000015258789,29.420000076293945,28.09000015258789,28.93000030517578,28.93000030517578,56182,0.0,0.0
2015-04-08 00:00:00+02:00,29.485000610351562,30.200000762939453,29.030000686645508,30.200000762939453,30.200000762939453,51935,0.0,0.0
2015-04-09 00:00:00+02:00,30.399999618530273,32.79499816894531,29.704999923706055,32.314998626708984,32.314998626708984,51960,0.0,0.0
2015-04-10 00:00:00+02:00,32.89500045776367,35.0,29.899999618530273,32.5,32.5,92637,0.0,0.0
2015-04-13 00:00:00+02:00,32.599998474121094,32.779998779296875,30.604999542236328,31.700000762939453,31.700000762939453,60052,0.0,0.0
2015-04-14 00:00:00+02:00,31.700000762939453,31.989999771118164,28.825000762939453,30.700000762939453,30.700000762939453,85151,0.0,0.0
2015-04-15 00:00:00+02:00,30.600000381469727,31.385000228881836,30.25,30.274999618530273,30.274999618530273,19114,0.0,0.0
2015-04-16 00:00:00+02:00,30.0,32.15999984741211,29.510000228881836,31.5,31.5,36034,0.0,0.0
2015-04-17 00:00:00+02:00,31.790000915527344,32.41999816894531,30.014999389648438,31.0,31.0,33384,0.0,0.0
2015-04-20 00:00:00+02:00,31.219999313354492,31.795000076293945,30.7450008392334,31.204999923706055,31.204999923706055,13515,0.0,0.0
2015-04-21 00:00:00+02:00,31.649999618530273,32.369998931884766,31.399999618530273,32.099998474121094,32.099998474121094,15569,0.0,0.0
2015-04-22 00:00:00+02:00,32.005001068115234,32.5,30.489999771118164,31.80500030517578,31.80500030517578,12565,0.0,0.0
2015-04-23 00:00:00+02:00,31.80500030517578,31.80500030517578,29.385000228881836,29.790000915527344,29.790000915527344,28895,0.0,0.0
2015-04-24 00:00:00+02:00,29.299999237060547,30.5,26.799999237060547,28.0,28.0,77223,0.0,0.0
2015-04-27 00:00:00+02:00,27.899999618530273,31.5,27.549999237060547,31.25,31.25,51130,0.0,0.0
2015-04-28 00:00:00+02:00,31.299999237060547,31.299999237060547,29.690000534057617,30.045000076293945,30.045000076293945,22611,0.0,0.0
2015-04-29 00:00:00+02:00,30.100000381469727,30.184999465942383,28.434999465942383,28.75,28.75,28476,0.0,0.0
2015-04-30 00:00:00+02:00,28.5,29.385000228881836,28.0,28.5049991607666,28.5049991607666,14906,0.0,0.0
2015-05-04 00:00:00+02:00,29.299999237060547,29.299999237060547,27.674999237060547,28.0,28.0,13873,0.0,0.0
2015-05-05 00:00:00+02:00,27.600000381469727,28.225000381469727,26.110000610351562,26.309999465942383,26.309999465942383,26877,0.0,0.0
2015-05-06 00:00:00+02:00,26.299999237060547,26.299999237060547,23.524999618530273,24.989999771118164,24.989999771118164,79072,0.0,0.0
2015-05-07 00:00:00+02:00,24.989999771118164,26.399999618530273,24.670000076293945,25.600000381469727,25.600000381469727,35833,0.0,0.0
2015-05-08 00:00:00+02:00,26.299999237060547,27.594999313354492,25.80500030517578,27.434999465942383,27.434999465942383,20870,0.0,0.0
2015-05-11 00:00:00+02:00,27.885000228881836,28.44499969482422,27.1299991607666,28.040000915527344,28.040000915527344,12436,0.0,0.0
2015-05-12 00:00:00+02:00,28.399999618530273,28.399999618530273,26.020000457763672,27.110000610351562,27.110000610351562,17912,0.0,0.0
2015-05-13 00:00:00+02:00,27.110000610351562,27.110000610351562,25.825000762939453,26.014999389648438,26.014999389648438,9464,0.0,0.0
2015-05-14 00:00:00+02:00,26.454999923706055,27.649999618530273,25.600000381469727,27.0,27.0,4668,0.0,0.0
2015-05-15 00:00:00+02:00,27.799999237060547,27.93000030517578,25.610000610351562,26.34000015258789,26.34000015258789,5203,0.0,0.0
2015-05-18 00:00:00+02:00,27.100000381469727,27.100000381469727,25.450000762939453,26.010000228881836,26.010000228881836,12762,0.0,0.0
2015-05-19 00:00:00+02:00,26.875,26.94499969482422,25.799999237060547,26.3700008392334,26.3700008392334,8280,0.0,0.0
2015-05-20 00:00:00+02:00,26.649999618530273,27.53499984741211,26.645000457763672,26.719999313354492,26.719999313354492,11998,0.0,0.0
2015-05-21 00:00:00+02:00,26.700000762939453,27.44499969482422,26.55500030517578,27.399999618530273,27.399999618530273,7498,0.0,0.0
2015-05-22 00:00:00+02:00,27.44499969482422,28.8799991607666,27.315000534057617,27.704999923706055,27.704999923706055,29303,0.0,0.0
2015-05-26 00:00:00+02:00,28.399999618530273,28.399999618530273,27.0,27.200000762939453,27.200000762939453,9621,0.0,0.0
2015-05-27 00:00:00+02:00,27.799999237060547,28.389999389648438,27.200000762939453,28.385000228881836,28.385000228881836,8977,0.0,0.0
2015-05-28 00:00:00+02:00,29.780000686645508,30.395000457763672,28.674999237060547,29.5049991607666,29.5049991607666,92790,0.0,0.0
2015-05-29 00:00:00+02:00,30.0,30.21500015258789,28.05500030517578,29.0,29.0,31351,0.0,0.0
2015-06-01 00:00:00+02:00,28.790000915527344,28.795000076293945,27.610000610351562,28.665000915527344,28.665000915527344,21737,0.0,0.0
2015-06-02 00:00:00+02:00,28.700000762939453,28.700000762939453,27.229999542236328,27.954999923706055,27.954999923706055,15544,0.0,0.0
2015-06-03 00:00:00+02:00,28.079999923706055,28.079999923706055,27.299999237060547,27.9950008392334,27.9950008392334,12897,0.0,0.0
2015-06-04 00:00:00+02:00,28.149999618530273,28.149999618530273,27.479999542236328,28.0,28.0,3019,0.0,0.0
2015-06-05 00:00:00+02:00,28.104999542236328,28.700000762939453,28.0,28.520000457763672,28.520000457763672,10180,0.0,0.0
2015-06-08 00:00:00+02:00,28.5,28.700000762939453,27.405000686645508,28.239999771118164,28.239999771118164,17360,0.0,0.0
2015-06-09 00:00:00+02:00,28.424999237060547,28.424999237060547,26.6299991607666,28.18000030517578,28.18000030517578,15372,0.0,0.0
2015-06-10 00:00:00+02:00,27.655000686645508,28.399999618530273,26.81999969482422,27.020000457763672,27.020000457763672,26980,0.0,0.0
2015-06-11 00:00:00+02:00,27.2450008392334,27.56999969482422,26.1200008392334,26.549999237060547,26.549999237060547,23764,0.0,0.0
2015-06-12 00:00:00+02:00,26.665000915527344,26.665000915527344,25.174999237060547,25.354999542236328,25.354999542236328,23792,0.0,0.0
2015-06-15 00:00:00+02:00,25.854999542236328,25.854999542236328,24.5,25.399999618530273,25.399999618530273,16279,0.0,0.0
2015-06-16 00:00:00+02:00,25.399999618530273,25.399999618530273,24.94499969482422,25.329999923706055,25.329999923706055,11716,0.0,0.0
2015-06-17 00:00:00+02:00,25.780000686645508,25.780000686645508,25.100000381469727,25.100000381469727,25.100000381469727,5827,0.0,0.0
2015-06-18 00:00:00+02:00,25.600000381469727,25.600000381469727,22.700000762939453,24.469999313354492,24.469999313354492,51814,0.0,0.0
2015-06-19 00:00:00+02:00,24.114999771118164,24.604999542236328,23.020000457763672,23.524999618530273,23.524999618530273,18761,0.0,0.0
2015-06-22 00:00:00+02:00,23.600000381469727,25.469999313354492,23.600000381469727,25.229999542236328,25.229999542236328,38692,0.0,0.0
2015-06-23 00:00:00+02:00,25.780000686645508,26.100000381469727,24.950000762939453,25.065000534057617,25.065000534057617,21803,0.0,0.0
2015-06-24 00:00:00+02:00,25.68000030517578,25.68000030517578,24.75,25.049999237060547,25.049999237060547,26985,0.0,0.0
2015-06-25 00:00:00+02:00,25.5,25.5,24.5,25.0,25.0,20301,0.0,0.0
2015-06-26 00:00:00+02:00,25.0,25.385000228881836,24.850000381469727,25.09000015258789,25.09000015258789,15078,0.0,0.0
2015-06-29 00:00:00+02:00,23.0,24.200000762939453,22.899999618530273,23.649999618530273,23.649999618530273,33205,0.0,0.0
2015-06-30 00:00:00+02:00,23.799999237060547,24.325000762939453,23.655000686645508,23.670000076293945,23.670000076293945,10140,0.0,0.0
2015-07-01 00:00:00+02:00,24.0,24.389999389648438,23.80500030517578,24.229999542236328,24.229999542236328,10493,0.0,0.0
2015-07-02 00:00:00+02:00,24.2549991607666,25.030000686645508,24.010000228881836,24.5,24.5,12650,0.0,0.0
2015-07-03 00:00:00+02:00,24.200000762939453,24.920000076293945,23.65999984741211,24.21500015258789,24.21500015258789,12239,0.0,0.0
2015-07-06 00:00:00+02:00,24.0,24.575000762939453,23.6200008392334,24.25,24.25,9438,0.0,0.0
2015-07-07 00:00:00+02:00,24.260000228881836,24.829999923706055,23.934999465942383,24.049999237060547,24.049999237060547,13927,0.0,0.0
2015-07-08 00:00:00+02:00,23.575000762939453,24.4950008392334,22.979999542236328,24.1299991607666,24.1299991607666,20349,0.0,0.0
2015-07-09 00:00:00+02:00,24.0,24.510000228881836,23.790000915527344,24.510000228881836,24.510000228881836,6868,0.0,0.0
2015-07-10 00:00:00+02:00,24.649999618530273,25.8799991607666,24.190000534057617,25.174999237060547,25.174999237060547,15653,0.0,0.0
2015-07-13 00:00:00+02:00,25.489999771118164,25.799999237060547,24.864999771118164,25.40999984741211,25.40999984741211,14814,0.0,0.0
2015-07-14 00:00:00+02:00,25.5,25.934999465942383,24.885000228881836,25.459999084472656,25.459999084472656,11236,0.0,0.0
2015-07-15 00:00:00+02:00,25.6299991607666,27.485000610351562,25.25,26.94499969482422,26.94499969482422,16079,0.0,0.0
2015-07-16 00:00:00+02:00,27.25,27.895000457763672,26.854999542236328,27.100000381469727,27.100000381469727,18564,0.0,0.0
2015-07-17 00:00:00+02:00,27.600000381469727,27.6200008392334,27.010000228881836,27.5,27.5,15597,0.0,0.0
2015-07-20 00:00:00+02:00,27.5,28.399999618530273,27.040000915527344,28.290000915527344,28.290000915527344,18271,0.0,0.0
2015-07-21 00:00:00+02:00,27.850000381469727,28.399999618530273,27.55500030517578,27.75,27.75,6760,0.0,0.0
2015-07-22 00:00:00+02:00,28.110000610351562,28.420000076293945,27.704999923706055,28.09000015258789,28.09000015258789,11068,0.0,0.0
2015-07-23 00:00:00+02:00,28.479999542236328,29.774999618530273,28.165000915527344,29.204999923706055,29.204999923706055,23440,0.0,0.0
2015-07-24 00:00:00+02:00,29.25,29.700000762939453,28.030000686645508,28.104999542236328,28.104999542236328,12313,0.0,0.0
2015-07-27 00:00:00+02:00,28.905000686645508,29.46500015258789,27.204999923706055,28.200000762939453,28.200000762939453,9104,0.0,0.0
2015-07-28 00:00:00+02:00,28.114999771118164,28.274999618530273,26.799999237060547,27.299999237060547,27.299999237060547,15619,0.0,0.0
2015-07-29 00:00:00+02:00,27.93000030517578,29.78499984741211,27.434999465942383,28.684999465942383,28.684999465942383,18207,0.0,0.0
2015-07-30 00:00:00+02:00,28.8700008392334,29.225000381469727,28.375,28.889999389648438,28.889999389648438,6941,0.0,0.0
2015-07-31 00:00:00+02:00,28.489999771118164,28.96500015258789,28.135000228881836,28.395000457763672,28.395000457763672,4436,0.0,0.0
2015-08-03 00:00:00+02:00,28.690000534057617,29.149999618530273,28.260000228881836,28.700000762939453,28.700000762939453,5363,0.0,0.0
2015-08-04 00:00:00+02:00,29.149999618530273,29.450000762939453,28.315000534057617,28.540000915527344,28.540000915527344,9192,0.0,0.0
2015-08-05 00:00:00+02:00,28.84000015258789,28.985000610351562,28.30500030517578,28.985000610351562,28.985000610351562,1561,0.0,0.0
2015-08-06 00:00:00+02:00,28.834999084472656,29.299999237060547,28.674999237060547,28.81999969482422,28.81999969482422,3591,0.0,0.0
2015-08-07 00:00:00+02:00,28.420000076293945,28.975000381469727,27.204999923706055,27.700000762939453,27.700000762939453,15199,0.0,0.0
2015-08-10 00:00:00+02:00,28.690000534057617,28.690000534057617,27.399999618530273,27.700000762939453,27.700000762939453,11110,0.0,0.0
2015-08-11 00:00:00+02:00,28.010000228881836,28.014999389648438,27.100000381469727,27.1299991607666,27.1299991607666,5665,0.0,0.0
2015-08-12 00:00:00+02:00,27.100000381469727,27.100000381469727,24.219999313354492,25.225000381469727,25.225000381469727,48911,0.0,0.0
2015-08-13 00:00:00+02:00,25.4950008392334,27.434999465942383,25.4950008392334,26.065000534057617,26.065000534057617,14747,0.0,0.0
2015-08-14 00:00:00+02:00,26.690000534057617,26.950000762939453,26.19499969482422,26.93000030517578,26.93000030517578,4219,0.0,0.0
2015-08-17 00:00:00+02:00,26.700000762939453,27.299999237060547,26.15999984741211,26.489999771118164,26.489999771118164,5741,0.0,0.0
2015-08-18 00:00:00+02:00,26.489999771118164,26.854999542236328,26.354999542236328,26.514999389648438,26.514999389648438,1495,0.0,0.0
2015-08-19 00:00:00+02:00,26.40999984741211,26.40999984741211,24.899999618530273,25.239999771118164,25.239999771118164,12644,0.0,0.0
2015-08-20 00:00:00+02:00,25.25,25.4950008392334,24.5,25.06999969482422,25.06999969482422,11965,0.0,0.0
2015-08-21 00:00:00+02:00,24.5,25.2450008392334,23.25,24.375,24.375,17261,0.0,0.0
2015-08-24 00:00:00+02:00,24.200000762939453,24.21500015258789,19.299999237060547,21.5,21.5,110246,0.0,0.0
2015-08-25 00:00:00+02:00,22.299999237060547,24.200000762939453,21.950000762939453,23.43000030517578,23.43000030517578,31065,0.0,0.0
2015-08-26 00:00:00+02:00,23.18000030517578,24.110000610351562,22.299999237060547,24.110000610351562,24.110000610351562,15248,0.0,0.0
2015-08-27 00:00:00+02:00,24.299999237060547,25.229999542236328,24.299999237060547,24.43000030517578,24.43000030517578,9565,0.0,0.0
2015-08-28 00:00:00+02:00,23.915000915527344,24.75,23.614999771118164,24.19499969482422,24.19499969482422,3813,0.0,0.0
2015-08-31 00:00:00+02:00,24.639999389648438,24.639999389648438,23.889999389648438,23.959999084472656,23.959999084472656,1886,0.0,0.0
2015-09-01 00:00:00+02:00,23.75,23.920000076293945,23.5,23.549999237060547,23.549999237060547,3311,0.0,0.0
2015-09-02 00:00:00+02:00,24.25,24.8799991607666,23.610000610351562,24.0,24.0,9656,0.0,0.0
2015-09-03 00:00:00+02:00,24.25,24.799999237060547,24.0,24.799999237060547,24.799999237060547,7158,0.0,0.0
2015-09-04 00:00:00+02:00,24.354999542236328,24.354999542236328,23.65999984741211,24.065000534057617,24.065000534057617,4783,0.0,0.0
2015-09-07 00:00:00+02:00,24.415000915527344,24.415000915527344,23.704999923706055,24.200000762939453,24.200000762939453,2792,0.0,0.0
2015-09-08 00:00:00+02:00,23.799999237060547,24.290000915527344,23.5049991607666,23.5049991607666,23.5049991607666,4952,0.0,0.0
2015-09-09 00:00:00+02:00,23.559999465942383,24.40999984741211,23.5,23.594999313354492,23.594999313354492,6675,0.0,0.0
2015-09-10 00:00:00+02:00,23.959999084472656,24.05500030517578,23.5,23.5,23.5,2839,0.0,0.0
2015-09-11 00:00:00+02:00,23.985000610351562,24.100000381469727,23.28499984741211,24.06999969482422,24.06999969482422,5345,0.0,0.0
2015-09-14 00:00:00+02:00,24.100000381469727,24.43000030517578,23.18000030517578,23.3700008392334,23.3700008392334,5772,0.0,0.0
2015-09-15 00:00:00+02:00,23.25,23.674999237060547,22.31999969482422,22.31999969482422,22.31999969482422,6135,0.0,0.0
2015-09-16 00:00:00+02:00,22.405000686645508,22.405000686645508,21.700000762939453,21.959999084472656,21.959999084472656,10007,0.0,0.0
2015-09-17 00:00:00+02:00,21.80500030517578,22.18000030517578,19.979999542236328,21.735000610351562,21.735000610351562,38595,0.0,0.0
2015-09-18 00:00:00+02:00,22.0,22.19499969482422,21.75,22.0,22.0,23328,0.0,0.0
2015-09-21 00:00:00+02:00,21.899999618530273,22.19499969482422,21.75,22.049999237060547,22.049999237060547,15971,0.0,0.0
2015-09-22 00:00:00+02:00,21.9950008392334,22.0,21.719999313354492,21.94499969482422,21.94499969482422,4760,0.0,0.0
2015-09-23 00:00:00+02:00,21.639999389648438,22.5,21.510000228881836,22.0,22.0,6026,0.0,0.0
2015-09-24 00:00:00+02:00,21.9950008392334,22.93000030517578,21.100000381469727,22.34000015258789,22.34000015258789,19182,0.0,0.0
2015-09-25 00:00:00+02:00,23.239999771118164,24.19499969482422,22.770000457763672,23.899999618530273,23.899999618530273,15520,0.0,0.0
2015-09-28 00:00:00+02:00,24.0,24.0,22.264999389648438,23.5,23.5,23156,0.0,0.0
2015-09-29 00:00:00+02:00,23.540000915527344,23.799999237060547,22.55500030517578,23.0,23.0,16317,0.0,0.0
2015-09-30 00:00:00+02:00,22.799999237060547,23.329999923706055,22.674999237060547,22.799999237060547,22.799999237060547,2438,0.0,0.0
2015-10-01 00:00:00+02:00,23.0,23.0,22.559999465942383,22.559999465942383,22.559999465942383,703,0.0,0.0
2015-10-02 00:00:00+02:00,22.979999542236328,22.979999542236328,22.450000762939453,22.5,22.5,8214,0.0,0.0
2015-10-05 00:00:00+02:00,23.0,23.0,22.5,22.520000457763672,22.520000457763672,15636,0.0,0.0
2015-10-06 00:00:00+02:00,23.184999465942383,23.635000228881836,22.524999618530273,22.8799991607666,22.8799991607666,19113,0.0,0.0
2015-10-07 00:00:00+02:00,24.280000686645508,24.5,22.989999771118164,23.799999237060547,23.799999237060547,17023,0.0,0.0
2015-10-08 00:00:00+02:00,23.510000228881836,23.790000915527344,23.104999542236328,23.485000610351562,23.485000610351562,6298,0.0,0.0
2015-10-09 00:00:00+02:00,23.479999542236328,23.545000076293945,23.110000610351562,23.110000610351562,23.110000610351562,4347,0.0,0.0
2015-10-12 00:00:00+02:00,23.049999237060547,23.780000686645508,23.049999237060547,23.5,23.5,19712,0.0,0.0
2015-10-13 00:00:00+02:00,23.5,23.645000457763672,21.950000762939453,22.309999465942383,22.309999465942383,16409,0.0,0.0
2015-10-14 00:00:00+02:00,22.0,22.719999313354492,21.75,22.145000457763672,22.145000457763672,14180,0.0,0.0
2015-10-15 00:00:00+02:00,21.899999618530273,22.5,21.540000915527344,22.274999618530273,22.274999618530273,5251,0.0,0.0
2015-10-16 00:00:00+02:00,22.049999237060547,23.0,22.049999237060547,22.700000762939453,22.700000762939453,17722,0.0,0.0
2015-10-19 00:00:00+02:00,23.0,23.645000457763672,22.65999984741211,23.200000762939453,23.200000762939453,15001,0.0,0.0
2015-10-20 00:00:00+02:00,22.719999313354492,23.885000228881836,22.71500015258789,23.399999618530273,23.399999618530273,6408,0.0,0.0
2015-10-21 00:00:00+02:00,23.799999237060547,24.510000228881836,23.405000686645508,23.610000610351562,23.610000610351562,9120,0.0,0.0
2015-10-22 00:00:00+02:00,23.514999389648438,24.0,23.514999389648438,23.55500030517578,23.55500030517578,3947,0.0,0.0
2015-10-23 00:00:00+02:00,23.549999237060547,24.049999237060547,23.549999237060547,23.860000610351562,23.860000610351562,7185,0.0,0.0
2015-10-26 00:00:00+01:00,24.0,24.8799991607666,23.969999313354492,24.55500030517578,24.55500030517578,5135,0.0,0.0
2015-10-27 00:00:00+01:00,24.375,24.565000534057617,23.450000762939453,23.450000762939453,23.450000762939453,7846,0.0,0.0
2015-10-28 00:00:00+01:00,23.985000610351562,23.985000610351562,23.309999465942383,23.5,23.5,1233,0.0,0.0
2015-10-29 00:00:00+01:00,23.969999313354492,23.9950008392334,23.5,23.9950008392334,23.9950008392334,4741,0.0,0.0
2015-10-30 00:00:00+01:00,23.704999923706055,24.010000228881836,23.524999618530273,23.524999618530273,23.524999618530273,2575,0.0,0.0
2015-11-02 00:00:00+01:00,23.895000457763672,23.895000457763672,23.049999237060547,23.479999542236328,23.479999542236328,4833,0.0,0.0
2015-11-03 00:00:00+01:00,23.899999618530273,23.94499969482422,23.354999542236328,23.530000686645508,23.530000686645508,2689,0.0,0.0
2015-11-04 00:00:00+01:00,23.635000228881836,24.024999618530273,23.5,23.649999618530273,23.649999618530273,10352,0.0,0.0
2015-11-05 00:00:00+01:00,23.985000610351562,23.985000610351562,23.55500030517578,23.6299991607666,23.6299991607666,1557,0.0,0.0
2015-11-06 00:00:00+01:00,23.59000015258789,23.875,23.510000228881836,23.65999984741211,23.65999984741211,3725,0.0,0.0
2015-11-09 00:00:00+01:00,23.81999969482422,23.825000762939453,23.165000915527344,23.18000030517578,23.18000030517578,5430,0.0,0.0
2015-11-10 00:00:00+01:00,23.399999618530273,23.969999313354492,23.2549991607666,23.459999084472656,23.459999084472656,7326,0.0,0.0
2015-11-11 00:00:00+01:00,23.360000610351562,23.93000030517578,23.360000610351562,23.510000228881836,23.510000228881836,2814,0.0,0.0
2015-11-12 00:00:00+01:00,23.5,23.799999237060547,22.719999313354492,22.780000686645508,22.780000686645508,8863,0.0,0.0
2015-11-13 00:00:00+01:00,23.145000457763672,23.145000457763672,22.549999237060547,22.7450008392334,22.7450008392334,2992,0.0,0.0
2015-11-16 00:00:00+01:00,22.59000015258789,23.344999313354492,22.540000915527344,23.0,23.0,2134,0.0,0.0
2015-11-17 00:00:00+01:00,23.450000762939453,24.25,22.40999984741211,22.450000762939453,22.450000762939453,17257,0.0,0.0
2015-11-18 00:00:00+01:00,22.065000534057617,23.049999237060547,22.065000534057617,22.170000076293945,22.170000076293945,6882,0.0,0.0
2015-11-19 00:00:00+01:00,22.639999389648438,22.780000686645508,22.104999542236328,22.104999542236328,22.104999542236328,3665,0.0,0.0
2015-11-20 00:00:00+01:00,22.05500030517578,22.125,21.56999969482422,22.0,22.0,11834,0.0,0.0
2015-11-23 00:00:00+01:00,22.0,22.0,20.260000228881836,21.1299991607666,21.1299991607666,21180,0.0,0.0
2015-11-24 00:00:00+01:00,20.579999923706055,21.594999313354492,20.299999237060547,21.0,21.0,20974,0.0,0.0
2015-11-25 00:00:00+01:00,21.5,22.2450008392334,20.799999237060547,21.100000381469727,21.100000381469727,8655,0.0,0.0
2015-11-26 00:00:00+01:00,21.049999237060547,22.799999237060547,21.049999237060547,22.149999618530273,22.149999618530273,10768,0.0,0.0
2015-11-27 00:00:00+01:00,22.354999542236328,23.3799991607666,21.7450008392334,22.950000762939453,22.950000762939453,14414,0.0,0.0
2015-11-30 00:00:00+01:00,23.459999084472656,23.459999084472656,22.600000381469727,22.600000381469727,22.600000381469727,3596,0.0,0.0
2015-12-01 00:00:00+01:00,23.0,23.475000381469727,22.479999542236328,22.649999618530273,22.649999618530273,10164,0.0,0.0
2015-12-02 00:00:00+01:00,23.0,23.354999542236328,23.0,23.020000457763672,23.020000457763672,2612,0.0,0.0
2015-12-03 00:00:00+01:00,23.0,23.2549991607666,22.80500030517578,23.0049991607666,23.0049991607666,6424,0.0,0.0
2015-12-04 00:00:00+01:00,23.0,23.0,22.239999771118164,22.5,22.5,4917,0.0,0.0
2015-12-07 00:00:00+01:00,22.864999771118164,22.950000762939453,22.559999465942383,22.56999969482422,22.56999969482422,4479,0.0,0.0
2015-12-08 00:00:00+01:00,22.56999969482422,22.979999542236328,22.56999969482422,22.645000457763672,22.645000457763672,5534,0.0,0.0
2015-12-09 00:00:00+01:00,22.405000686645508,22.739999771118164,21.399999618530273,21.520000457763672,21.520000457763672,16350,0.0,0.0
2015-12-10 00:00:00+01:00,21.565000534057617,22.014999389648438,21.0,21.469999313354492,21.469999313354492,4521,0.0,0.0
2015-12-11 00:00:00+01:00,21.40999984741211,22.0,21.40999984741211,21.799999237060547,21.799999237060547,7061,0.0,0.0
2015-12-14 00:00:00+01:00,22.0,22.299999237060547,21.774999618530273,22.1200008392334,22.1200008392334,4472,0.0,0.0
2015-12-15 00:00:00+01:00,22.18000030517578,23.0,22.18000030517578,22.594999313354492,22.594999313354492,3833,0.0,0.0
2015-12-16 00:00:00+01:00,22.71500015258789,22.8700008392334,22.59000015258789,22.799999237060547,22.799999237060547,2153,0.0,0.0
2015-12-17 00:00:00+01:00,22.9950008392334,23.0,22.614999771118164,22.739999771118164,22.739999771118164,4285,0.0,0.0
2015-12-18 00:00:00+01:00,22.850000381469727,23.0,22.655000686645508,22.795000076293945,22.795000076293945,6585,0.0,0.0
2015-12-21 00:00:00+01:00,22.579999923706055,23.44499969482422,22.579999923706055,22.989999771118164,22.989999771118164,8454,0.0,0.0
2015-12-22 00:00:00+01:00,23.204999923706055,23.415000915527344,22.850000381469727,23.049999237060547,23.049999237060547,3561,0.0,0.0
2015-12-23 00:00:00+01:00,23.364999771118164,23.364999771118164,22.594999313354492,23.09000015258789,23.09000015258789,7379,0.0,0.0
2015-12-25 00:00:00+01:00,23.09000015258789,23.09000015258789,23.09000015258789,23.09000015258789,23.09000015258789,0,0.0,0.0
2015-12-28 00:00:00+01:00,23.094999313354492,23.549999237060547,22.850000381469727,22.860000610351562,22.860000610351562,7946,0.0,0.0
2015-12-29 00:00:00+01:00,22.899999618530273,23.6200008392334,22.854999542236328,23.6200008392334,23.6200008392334,7070,0.0,0.0
2015-12-30 00:00:00+01:00,23.295000076293945,23.764999389648438,23.110000610351562,23.764999389648438,23.764999389648438,9343,0.0,0.0
2016-01-04 00:00:00+01:00,23.30500030517578,23.440000534057617,23.110000610351562,23.110000610351562,23.110000610351562,1614,0.0,0.0
2016-01-05 00:00:00+01:00,23.2450008392334,23.329999923706055,22.809999465942383,23.010000228881836,23.010000228881836,1963,0.0,0.0
2016-01-06 00:00:00+01:00,23.0,23.0,21.4950008392334,21.559999465942383,21.559999465942383,10565,0.0,0.0
2016-01-07 00:00:00+01:00,21.270000457763672,21.270000457763672,18.05500030517578,18.850000381469727,18.850000381469727,50318,0.0,0.0
2016-01-08 00:00:00+01:00,19.469999313354492,20.350000381469727,18.7549991607666,19.0,19.0,36351,0.0,0.0
2016-01-11 00:00:00+01:00,18.799999237060547,20.145000457763672,18.799999237060547,19.895000457763672,19.895000457763672,13392,0.0,0.0
2016-01-12 00:00:00+01:00,19.889999389648438,21.94499969482422,19.889999389648438,21.0,21.0,6909,0.0,0.0
2016-01-13 00:00:00+01:00,21.46500015258789,21.69499969482422,20.829999923706055,20.829999923706055,20.829999923706055,3915,0.0,0.0
2016-01-14 00:00:00+01:00,20.729999542236328,20.729999542236328,18.524999618530273,19.309999465942383,19.309999465942383,24494,0.0,0.0
2016-01-15 00:00:00+01:00,19.75,19.975000381469727,19.420000076293945,19.719999313354492,19.719999313354492,2467,0.0,0.0
2016-01-18 00:00:00+01:00,19.399999618530273,19.5,18.5,18.809999465942383,18.809999465942383,14267,0.0,0.0
2016-01-19 00:00:00+01:00,18.979999542236328,20.020000457763672,18.979999542236328,19.065000534057617,19.065000534057617,11716,0.0,0.0
2016-01-20 00:00:00+01:00,18.899999618530273,18.899999618530273,18.010000228881836,18.03499984741211,18.03499984741211,17228,0.0,0.0
2016-01-21 00:00:00+01:00,18.0,18.4950008392334,17.934999465942383,18.350000381469727,18.350000381469727,4310,0.0,0.0
2016-01-22 00:00:00+01:00,18.719999313354492,19.145000457763672,18.719999313354492,18.81999969482422,18.81999969482422,5230,0.0,0.0
2016-01-25 00:00:00+01:00,19.110000610351562,19.114999771118164,18.790000915527344,18.889999389648438,18.889999389648438,3702,0.0,0.0
2016-01-26 00:00:00+01:00,18.895000457763672,19.264999389648438,18.790000915527344,18.790000915527344,18.790000915527344,6060,0.0,0.0
2016-01-27 00:00:00+01:00,18.65999984741211,18.979999542236328,18.5049991607666,18.510000228881836,18.510000228881836,5974,0.0,0.0
2016-01-28 00:00:00+01:00,18.75,18.799999237060547,17.5,17.55500030517578,17.55500030517578,14957,0.0,0.0
2016-01-29 00:00:00+01:00,17.94499969482422,17.94499969482422,17.399999618530273,17.649999618530273,17.649999618530273,9944,0.0,0.0
2016-02-01 00:00:00+01:00,17.559999465942383,18.1200008392334,17.559999465942383,17.649999618530273,17.649999618530273,4435,0.0,0.0
2016-02-02 00:00:00+01:00,17.549999237060547,17.7450008392334,16.385000228881836,16.719999313354492,16.719999313354492,9435,0.0,0.0
2016-02-03 00:00:00+01:00,17.0,17.0,16.100000381469727,16.100000381469727,16.100000381469727,14219,0.0,0.0
2016-02-04 00:00:00+01:00,16.239999771118164,16.645000457763672,15.600000381469727,16.40999984741211,16.40999984741211,16109,0.0,0.0
2016-02-05 00:00:00+01:00,16.4950008392334,16.4950008392334,15.600000381469727,15.699999809265137,15.699999809265137,13551,0.0,0.0
2016-02-08 00:00:00+01:00,15.800000190734863,16.104999542236328,14.704999923706055,14.930000305175781,14.930000305175781,24751,0.0,0.0
2016-02-09 00:00:00+01:00,14.359999656677246,15.835000038146973,14.359999656677246,15.050000190734863,15.050000190734863,22472,0.0,0.0
2016-02-10 00:00:00+01:00,15.385000228881836,16.375,15.055000305175781,15.5,15.5,17793,0.0,0.0
2016-02-11 00:00:00+01:00,15.579999923706055,15.579999923706055,15.154999732971191,15.204999923706055,15.204999923706055,4446,0.0,0.0
2016-02-12 00:00:00+01:00,15.475000381469727,15.930000305175781,15.470000267028809,15.475000381469727,15.475000381469727,2625,0.0,0.0
2016-02-15 00:00:00+01:00,16.040000915527344,17.5,16.040000915527344,16.5,16.5,16366,0.0,0.0
2016-02-16 00:00:00+01:00,16.75,17.299999237060547,16.110000610351562,16.110000610351562,16.110000610351562,13015,0.0,0.0
2016-02-17 00:00:00+01:00,16.674999237060547,17.200000762939453,16.399999618530273,16.649999618530273,16.649999618530273,13374,0.0,0.0
2016-02-18 00:00:00+01:00,16.895000457763672,17.03499984741211,16.524999618530273,16.889999389648438,16.889999389648438,10698,0.0,0.0
2016-02-19 00:00:00+01:00,16.55500030517578,17.0,16.5,16.670000076293945,16.670000076293945,7890,0.0,0.0
2016-02-22 00:00:00+01:00,17.0,18.44499969482422,17.0,18.25,18.25,13884,0.0,0.0
2016-02-23 00:00:00+01:00,18.69499969482422,20.18000030517578,18.530000686645508,19.31999969482422,19.31999969482422,28858,0.0,0.0
2016-02-24 00:00:00+01:00,20.100000381469727,20.100000381469727,19.0,19.0,19.0,8728,0.0,0.0
2016-02-25 00:00:00+01:00,19.94499969482422,20.46500015258789,19.459999084472656,20.3799991607666,20.3799991607666,17797,0.0,0.0
2016-02-26 00:00:00+01:00,20.40999984741211,21.899999618530273,20.395000457763672,21.125,21.125,23254,0.0,0.0
2016-02-29 00:00:00+01:00,22.469999313354492,22.5,21.854999542236328,22.299999237060547,22.299999237060547,31766,0.0,0.0
2016-03-01 00:00:00+01:00,22.5,23.375,22.5,23.28499984741211,23.28499984741211,20053,0.0,0.0
2016-03-02 00:00:00+01:00,23.549999237060547,24.0,22.655000686645508,23.014999389648438,23.014999389648438,29809,0.0,0.0
2016-03-03 00:00:00+01:00,23.59000015258789,23.889999389648438,22.979999542236328,23.200000762939453,23.200000762939453,20160,0.0,0.0
2016-03-04 00:00:00+01:00,23.7450008392334,23.825000762939453,22.795000076293945,22.795000076293945,22.795000076293945,15213,0.0,0.0
2016-03-07 00:00:00+01:00,23.25,23.25,22.059999465942383,22.170000076293945,22.170000076293945,9425,0.0,0.0
2016-03-08 00:00:00+01:00,22.065000534057617,22.065000534057617,20.764999389648438,20.764999389648438,20.764999389648438,13829,0.0,0.0
2016-03-09 00:00:00+01:00,20.549999237060547,21.920000076293945,20.549999237060547,21.405000686645508,21.405000686645508,11009,0.0,0.0
2016-03-10 00:00:00+01:00,21.5,22.799999237060547,21.399999618530273,21.399999618530273,21.399999618530273,19509,0.0,0.0
2016-03-11 00:00:00+01:00,22.19499969482422,22.19499969482422,20.809999465942383,20.809999465942383,20.809999465942383,13547,0.0,0.0
2016-03-14 00:00:00+01:00,21.43000030517578,21.450000762939453,20.850000381469727,21.315000534057617,21.315000534057617,3835,0.0,0.0
2016-03-15 00:00:00+01:00,21.479999542236328,21.479999542236328,20.149999618530273,20.149999618530273,20.149999618530273,9297,0.0,0.0
2016-03-16 00:00:00+01:00,20.545000076293945,21.184999465942383,20.0049991607666,20.540000915527344,20.540000915527344,17469,0.0,0.0
2016-03-17 00:00:00+01:00,20.649999618530273,20.950000762939453,20.0,20.290000915527344,20.290000915527344,8778,0.0,0.0
2016-03-18 00:00:00+01:00,20.05500030517578,20.375,20.049999237060547,20.05500030517578,20.05500030517578,2328,0.0,0.0
2016-03-21 00:00:00+01:00,19.979999542236328,20.604999542236328,19.739999771118164,20.575000762939453,20.575000762939453,5791,0.0,0.0
2016-03-22 00:00:00+01:00,20.100000381469727,20.75,20.049999237060547,20.125,20.125,10013,0.0,0.0
2016-03-23 00:00:00+01:00,20.389999389648438,20.389999389648438,19.80500030517578,20.149999618530273,20.149999618530273,4803,0.0,0.0
2016-03-24 00:00:00+01:00,20.389999389648438,20.389999389648438,19.700000762939453,20.1200008392334,20.1200008392334,3604,0.0,0.0
2016-03-29 00:00:00+02:00,19.709999084472656,19.969999313354492,19.0,19.21500015258789,19.21500015258789,6010,0.0,0.0
2016-03-30 00:00:00+02:00,19.149999618530273,19.905000686645508,19.149999618530273,19.899999618530273,19.899999618530273,5623,0.0,0.0
2016-03-31 00:00:00+02:00,20.0,20.100000381469727,20.0,20.100000381469727,20.100000381469727,2294,0.0,0.0
2016-04-01 00:00:00+02:00,19.899999618530273,20.19499969482422,19.899999618530273,20.19499969482422,20.19499969482422,3512,0.0,0.0
2016-04-04 00:00:00+02:00,20.219999313354492,20.489999771118164,20.020000457763672,20.360000610351562,20.360000610351562,2062,0.0,0.0
2016-04-05 00:00:00+02:00,20.6200008392334,20.770000457763672,20.399999618530273,20.450000762939453,20.450000762939453,949,0.0,0.0
2016-04-06 00:00:00+02:00,20.895000457763672,20.895000457763672,20.5,20.5,20.5,5484,0.0,0.0
2016-04-07 00:00:00+02:00,20.5049991607666,20.600000381469727,20.354999542236328,20.354999542236328,20.354999542236328,2092,0.0,0.0
2016-04-08 00:00:00+02:00,20.350000381469727,20.764999389648438,20.299999237060547,20.350000381469727,20.350000381469727,2592,0.0,0.0
2016-04-11 00:00:00+02:00,20.350000381469727,20.885000228881836,20.350000381469727,20.850000381469727,20.850000381469727,2904,0.0,0.0
2016-04-12 00:00:00+02:00,20.834999084472656,20.834999084472656,20.350000381469727,20.360000610351562,20.360000610351562,1469,0.0,0.0
2016-04-13 00:00:00+02:00,20.360000610351562,20.399999618530273,20.030000686645508,20.030000686645508,20.030000686645508,4312,0.0,0.0
2016-04-14 00:00:00+02:00,20.290000915527344,20.690000534057617,20.100000381469727,20.690000534057617,20.690000534057617,5920,0.0,0.0
2016-04-15 00:00:00+02:00,20.735000610351562,21.0,20.28499984741211,20.5049991607666,20.5049991607666,14160,0.0,0.0
2016-04-18 00:00:00+02:00,20.2450008392334,20.2450008392334,20.209999084472656,20.209999084472656,20.209999084472656,205,0.0,0.0
2016-04-19 00:00:00+02:00,20.75,21.309999465942383,20.395000457763672,21.049999237060547,21.049999237060547,5123,0.0,0.0
2016-04-20 00:00:00+02:00,21.350000381469727,21.56999969482422,21.200000762939453,21.200000762939453,21.200000762939453,4298,0.0,0.0
2016-04-21 00:00:00+02:00,21.639999389648438,21.639999389648438,21.200000762939453,21.200000762939453,21.200000762939453,174,0.0,0.0
2016-04-22 00:00:00+02:00,21.299999237060547,21.334999084472656,21.020000457763672,21.020000457763672,21.020000457763672,2085,0.0,0.0
2016-04-25 00:00:00+02:00,21.6299991607666,21.6299991607666,20.604999542236328,20.899999618530273,20.899999618530273,3191,0.0,0.0
2016-04-26 00:00:00+02:00,20.719999313354492,21.209999084472656,20.700000762939453,20.799999237060547,20.799999237060547,7934,0.0,0.0
2016-04-27 00:00:00+02:00,21.200000762939453,22.90999984741211,20.655000686645508,22.75,22.75,20114,0.0,0.0
2016-04-28 00:00:00+02:00,22.90999984741211,23.700000762939453,22.405000686645508,23.260000228881836,23.260000228881836,21671,0.0,0.0
2016-04-29 00:00:00+02:00,23.5,25.0,23.260000228881836,24.559999465942383,24.559999465942383,34858,0.0,0.0
2016-05-02 00:00:00+02:00,24.549999237060547,24.815000534057617,24.264999389648438,24.604999542236328,24.604999542236328,15178,0.0,0.0
2016-05-03 00:00:00+02:00,24.75,24.75,23.510000228881836,23.510000228881836,23.510000228881836,13600,0.0,0.0
2016-05-04 00:00:00+02:00,24.204999923706055,24.204999923706055,23.510000228881836,23.530000686645508,23.530000686645508,3076,0.0,0.0
2016-05-05 00:00:00+02:00,24.190000534057617,24.190000534057617,22.704999923706055,23.0,23.0,5842,0.0,0.0
2016-05-06 00:00:00+02:00,22.75,23.219999313354492,22.200000762939453,22.895000457763672,22.895000457763672,8932,0.0,0.0
2016-05-09 00:00:00+02:00,23.084999084472656,23.084999084472656,22.559999465942383,22.7450008392334,22.7450008392334,2220,0.0,0.0
2016-05-10 00:00:00+02:00,23.145000457763672,23.145000457763672,22.4950008392334,22.4950008392334,22.4950008392334,2394,0.0,0.0
2016-05-11 00:00:00+02:00,22.30500030517578,22.6299991607666,22.0,22.219999313354492,22.219999313354492,5136,0.0,0.0
2016-05-12 00:00:00+02:00,22.295000076293945,22.299999237060547,21.950000762939453,21.954999923706055,21.954999923706055,1270,0.0,0.0
2016-05-13 00:00:00+02:00,21.854999542236328,22.0,21.399999618530273,21.549999237060547,21.549999237060547,9111,0.0,0.0
2016-05-17 00:00:00+02:00,21.799999237060547,21.834999084472656,21.239999771118164,21.2450008392334,21.2450008392334,6636,0.0,0.0
2016-05-18 00:00:00+02:00,21.2450008392334,21.2450008392334,19.760000228881836,20.514999389648438,20.514999389648438,35569,0.0,0.0
2016-05-19 00:00:00+02:00,20.889999389648438,21.325000762939453,20.405000686645508,20.75,20.75,16049,0.0,0.0
2016-05-20 00:00:00+02:00,20.5049991607666,21.295000076293945,20.450000762939453,20.850000381469727,20.850000381469727,5522,0.0,0.0
2016-05-23 00:00:00+02:00,20.59000015258789,20.895000457763672,19.75,20.68000030517578,20.68000030517578,21359,0.0,0.0
2016-05-24 00:00:00+02:00,20.520000457763672,22.399999618530273,20.5,21.200000762939453,21.200000762939453,15513,0.0,0.0
2016-05-25 00:00:00+02:00,21.579999923706055,21.579999923706055,20.600000381469727,20.985000610351562,20.985000610351562,8898,0.0,0.0
2016-05-26 00:00:00+02:00,20.989999771118164,21.299999237060547,20.69499969482422,21.065000534057617,21.065000534057617,7006,0.0,0.0
2016-05-27 00:00:00+02:00,20.610000610351562,21.21500015258789,19.704999923706055,20.149999618530273,20.149999618530273,27069,0.0,0.0
2016-05-30 00:00:00+02:00,19.899999618530273,21.645000457763672,19.899999618530273,21.594999313354492,21.594999313354492,14912,0.0,0.0
2016-05-31 00:00:00+02:00,21.450000762939453,21.450000762939453,20.405000686645508,20.415000915527344,20.415000915527344,5412,0.0,0.0
2016-06-01 00:00:00+02:00,20.5049991607666,20.55500030517578,20.229999542236328,20.235000610351562,20.235000610351562,5450,0.0,0.0
2016-06-02 00:00:00+02:00,20.299999237060547,20.639999389648438,20.299999237060547,20.30500030517578,20.30500030517578,1826,0.0,0.0
2016-06-03 00:00:00+02:00,20.649999618530273,20.649999618530273,20.0049991607666,20.19499969482422,20.19499969482422,7568,0.0,0.0
2016-06-06 00:00:00+02:00,20.0,20.329999923706055,19.860000610351562,20.260000228881836,20.260000228881836,15605,0.0,0.0
2016-06-07 00:00:00+02:00,20.200000762939453,20.700000762939453,19.559999465942383,19.940000534057617,19.940000534057617,12265,0.0,0.0
2016-06-08 00:00:00+02:00,19.565000534057617,20.344999313354492,19.0,19.479999542236328,19.479999542236328,23126,0.0,0.0
2016-06-09 00:00:00+02:00,19.489999771118164,19.489999771118164,18.19499969482422,18.790000915527344,18.790000915527344,26597,0.0,0.0
2016-06-10 00:00:00+02:00,18.895000457763672,19.06999969482422,18.424999237060547,19.06999969482422,19.06999969482422,5528,0.0,0.0
2016-06-13 00:00:00+02:00,18.25,18.899999618530273,18.0049991607666,18.75,18.75,13155,0.0,0.0
2016-06-14 00:00:00+02:00,18.485000610351562,18.4950008392334,18.024999618530273,18.46500015258789,18.46500015258789,2504,0.0,0.0
2016-06-15 00:00:00+02:00,18.020000457763672,18.2450008392334,17.899999618530273,18.204999923706055,18.204999923706055,7535,0.0,0.0
2016-06-16 00:00:00+02:00,18.0049991607666,18.4950008392334,17.899999618530273,18.274999618530273,18.274999618530273,4023,0.0,0.0
2016-06-17 00:00:00+02:00,18.450000762939453,18.924999237060547,18.260000228881836,18.56999969482422,18.56999969482422,10354,0.0,0.0
2016-06-20 00:00:00+02:00,18.700000762939453,19.1299991607666,18.28499984741211,18.600000381469727,18.600000381469727,20564,0.0,0.0
2016-06-21 00:00:00+02:00,18.315000534057617,18.790000915527344,17.84000015258789,18.149999618530273,18.149999618530273,24879,0.0,0.0
2016-06-22 00:00:00+02:00,18.434999465942383,18.434999465942383,17.600000381469727,17.75,17.75,16950,0.0,0.0
2016-06-23 00:00:00+02:00,17.885000228881836,17.920000076293945,17.5,17.850000381469727,17.850000381469727,6124,0.0,0.0
2016-06-24 00:00:00+02:00,17.030000686645508,18.6200008392334,16.520000457763672,18.0,18.0,10223,0.0,0.0
2016-06-27 00:00:00+02:00,18.06999969482422,18.06999969482422,17.549999237060547,17.770000457763672,17.770000457763672,2399,0.0,0.0
2016-06-28 00:00:00+02:00,17.55500030517578,17.815000534057617,17.049999237060547,17.5049991607666,17.5049991607666,6179,0.0,0.0
2016-06-29 00:00:00+02:00,17.25,18.354999542236328,17.25,18.200000762939453,18.200000762939453,15847,0.0,0.0
2016-06-30 00:00:00+02:00,18.104999542236328,18.235000610351562,17.700000762939453,17.799999237060547,17.799999237060547,4290,0.0,0.0
2016-07-01 00:00:00+02:00,18.229999542236328,18.600000381469727,18.100000381469727,18.290000915527344,18.290000915527344,5750,0.0,0.0
2016-07-04 00:00:00+02:00,18.649999618530273,18.649999618530273,17.639999389648438,17.850000381469727,17.850000381469727,5080,0.0,0.0
2016-07-05 00:00:00+02:00,18.149999618530273,18.2450008392334,17.950000762939453,18.149999618530273,18.149999618530273,7416,0.0,0.0
2016-07-06 00:00:00+02:00,18.104999542236328,18.864999771118164,18.100000381469727,18.315000534057617,18.315000534057617,10452,0.0,0.0
2016-07-07 00:00:00+02:00,18.649999618530273,18.700000762939453,18.399999618530273,18.520000457763672,18.520000457763672,3738,0.0,0.0
2016-07-08 00:00:00+02:00,18.725000381469727,18.780000686645508,18.31999969482422,18.350000381469727,18.350000381469727,11920,0.0,0.0
2016-07-11 00:00:00+02:00,18.795000076293945,18.889999389648438,18.5049991607666,18.795000076293945,18.795000076293945,5589,0.0,0.0
2016-07-12 00:00:00+02:00,19.0,19.344999313354492,18.899999618530273,18.9950008392334,18.9950008392334,8833,0.0,0.0
2016-07-13 00:00:00+02:00,19.0,19.200000762939453,18.799999237060547,18.799999237060547,18.799999237060547,5014,0.0,0.0
2016-07-14 00:00:00+02:00,18.850000381469727,18.850000381469727,18.600000381469727,18.600000381469727,18.600000381469727,3674,0.0,0.0
2016-07-15 00:00:00+02:00,18.549999237060547,18.690000534057617,18.5,18.510000228881836,18.510000228881836,2029,0.0,0.0
2016-07-18 00:00:00+02:00,18.5049991607666,18.5049991607666,18.219999313354492,18.399999618530273,18.399999618530273,7664,0.0,0.0
2016-07-19 00:00:00+02:00,18.450000762939453,18.665000915527344,18.209999084472656,18.655000686645508,18.655000686645508,2260,0.0,0.0
2016-07-20 00:00:00+02:00,18.600000381469727,18.68000030517578,18.229999542236328,18.485000610351562,18.485000610351562,3337,0.0,0.0
2016-07-21 00:00:00+02:00,18.354999542236328,18.55500030517578,18.354999542236328,18.489999771118164,18.489999771118164,2446,0.0,0.0
2016-07-22 00:00:00+02:00,18.700000762939453,18.719999313354492,18.260000228881836,18.260000228881836,18.260000228881836,3057,0.0,0.0
2016-07-25 00:00:00+02:00,18.5,18.5,18.200000762939453,18.440000534057617,18.440000534057617,2435,0.0,0.0
2016-07-26 00:00:00+02:00,18.28499984741211,18.489999771118164,18.225000381469727,18.225000381469727,18.225000381469727,1398,0.0,0.0
2016-07-27 00:00:00+02:00,18.5,18.594999313354492,18.21500015258789,18.21500015258789,18.21500015258789,3222,0.0,0.0
2016-07-28 00:00:00+02:00,18.44499969482422,18.6200008392334,18.204999923706055,18.6200008392334,18.6200008392334,5523,0.0,0.0
2016-07-29 00:00:00+02:00,18.665000915527344,18.69499969482422,18.270000457763672,18.270000457763672,18.270000457763672,3946,0.0,0.0
2016-08-01 00:00:00+02:00,18.5049991607666,18.584999084472656,18.25,18.25,18.25,2079,0.0,0.0
2016-08-02 00:00:00+02:00,18.454999923706055,18.454999923706055,18.200000762939453,18.25,18.25,1097,0.0,0.0
2016-08-03 00:00:00+02:00,18.399999618530273,18.665000915527344,18.299999237060547,18.299999237060547,18.299999237060547,2922,0.0,0.0
2016-08-04 00:00:00+02:00,18.635000228881836,18.825000762939453,18.454999923706055,18.454999923706055,18.454999923706055,3075,0.0,0.0
2016-08-05 00:00:00+02:00,18.309999465942383,18.94499969482422,18.30500030517578,18.905000686645508,18.905000686645508,4493,0.0,0.0
2016-08-08 00:00:00+02:00,18.899999618530273,19.4950008392334,18.584999084472656,19.149999618530273,19.149999618530273,4613,0.0,0.0
2016-08-09 00:00:00+02:00,19.350000381469727,19.59000015258789,19.139999389648438,19.40999984741211,19.40999984741211,1281,0.0,0.0
2016-08-10 00:00:00+02:00,19.594999313354492,20.479999542236328,19.594999313354492,20.200000762939453,20.200000762939453,9694,0.0,0.0
2016-08-11 00:00:00+02:00,20.299999237060547,21.854999542236328,20.299999237060547,21.350000381469727,21.350000381469727,10793,0.0,0.0
2016-08-12 00:00:00+02:00,21.5,22.299999237060547,20.565000534057617,22.049999237060547,22.049999237060547,15710,0.0,0.0
2016-08-15 00:00:00+02:00,22.479999542236328,22.549999237060547,21.905000686645508,22.295000076293945,22.295000076293945,7206,0.0,0.0
2016-08-16 00:00:00+02:00,22.219999313354492,22.219999313354492,20.889999389648438,20.889999389648438,20.889999389648438,5552,0.0,0.0
2016-08-17 00:00:00+02:00,20.75,20.854999542236328,20.2549991607666,20.2549991607666,20.2549991607666,3994,0.0,0.0
2016-08-18 00:00:00+02:00,20.600000381469727,21.010000228881836,20.299999237060547,20.299999237060547,20.299999237060547,3521,0.0,0.0
2016-08-19 00:00:00+02:00,20.30500030517578,20.30500030517578,19.405000686645508,20.145000457763672,20.145000457763672,9477,0.0,0.0
2016-08-22 00:00:00+02:00,20.155000686645508,20.174999237060547,20.0,20.155000686645508,20.155000686645508,1764,0.0,0.0
2016-08-23 00:00:00+02:00,19.795000076293945,20.25,19.795000076293945,20.25,20.25,2516,0.0,0.0
2016-08-24 00:00:00+02:00,20.0,20.100000381469727,19.655000686645508,19.989999771118164,19.989999771118164,4431,0.0,0.0
2016-08-25 00:00:00+02:00,19.65999984741211,19.65999984741211,19.334999084472656,19.360000610351562,19.360000610351562,1535,0.0,0.0
2016-08-26 00:00:00+02:00,19.520000457763672,19.854999542236328,19.364999771118164,19.799999237060547,19.799999237060547,10026,0.0,0.0
2016-08-29 00:00:00+02:00,19.700000762939453,19.700000762939453,19.219999313354492,19.5,19.5,2596,0.0,0.0
2016-08-30 00:00:00+02:00,19.309999465942383,20.09000015258789,19.200000762939453,19.90999984741211,19.90999984741211,12852,0.0,0.0
2016-08-31 00:00:00+02:00,19.905000686645508,19.9950008392334,19.684999465942383,19.770000457763672,19.770000457763672,3905,0.0,0.0
2016-09-01 00:00:00+02:00,19.780000686645508,19.780000686645508,19.5049991607666,19.600000381469727,19.600000381469727,2166,0.0,0.0
2016-09-02 00:00:00+02:00,19.190000534057617,19.895000457763672,19.190000534057617,19.700000762939453,19.700000762939453,12354,0.0,0.0
2016-09-05 00:00:00+02:00,19.25,19.725000381469727,19.25,19.3799991607666,19.3799991607666,4233,0.0,0.0
2016-09-06 00:00:00+02:00,19.21500015258789,19.94499969482422,19.209999084472656,19.600000381469727,19.600000381469727,5953,0.0,0.0
2016-09-07 00:00:00+02:00,19.5,19.700000762939453,19.2549991607666,19.399999618530273,19.399999618530273,2960,0.0,0.0
2016-09-08 00:00:00+02:00,19.5,19.719999313354492,19.354999542236328,19.354999542236328,19.354999542236328,6208,0.0,0.0
2016-09-09 00:00:00+02:00,19.354999542236328,19.524999618530273,19.190000534057617,19.190000534057617,19.190000534057617,1295,0.0,0.0
2016-09-12 00:00:00+02:00,19.19499969482422,19.19499969482422,18.489999771118164,18.5,18.5,4423,0.0,0.0
2016-09-13 00:00:00+02:00,18.895000457763672,18.934999465942383,18.114999771118164,18.405000686645508,18.405000686645508,2810,0.0,0.0
2016-09-14 00:00:00+02:00,18.21500015258789,18.600000381469727,18.18000030517578,18.350000381469727,18.350000381469727,5683,0.0,0.0
2016-09-15 00:00:00+02:00,18.559999465942383,18.559999465942383,18.139999389648438,18.2450008392334,18.2450008392334,2796,0.0,0.0
2016-09-16 00:00:00+02:00,18.510000228881836,18.510000228881836,17.614999771118164,17.614999771118164,17.614999771118164,9635,0.0,0.0
2016-09-19 00:00:00+02:00,17.96500015258789,18.594999313354492,17.96500015258789,18.5,18.5,7053,0.0,0.0
2016-09-20 00:00:00+02:00,18.30500030517578,18.30500030517578,17.790000915527344,18.200000762939453,18.200000762939453,3437,0.0,0.0
2016-09-21 00:00:00+02:00,17.90999984741211,18.100000381469727,17.760000228881836,17.760000228881836,17.760000228881836,6372,0.0,0.0
2016-09-22 00:00:00+02:00,18.049999237060547,18.364999771118164,17.885000228881836,17.885000228881836,17.885000228881836,2931,0.0,0.0
2016-09-23 00:00:00+02:00,17.915000915527344,18.2450008392334,17.899999618530273,17.899999618530273,17.899999618530273,2009,0.0,0.0
2016-09-26 00:00:00+02:00,18.200000762939453,18.489999771118164,17.94499969482422,18.344999313354492,18.344999313354492,8603,0.0,0.0
2016-09-27 00:00:00+02:00,18.229999542236328,18.43000030517578,17.959999084472656,18.290000915527344,18.290000915527344,4803,0.0,0.0
2016-09-28 00:00:00+02:00,18.424999237060547,20.44499969482422,18.424999237060547,20.44499969482422,20.44499969482422,16950,0.0,0.0
2016-09-29 00:00:00+02:00,20.399999618530273,20.399999618530273,18.954999923706055,18.954999923706055,18.954999923706055,6402,0.0,0.0
2016-09-30 00:00:00+02:00,18.700000762939453,19.94499969482422,18.55500030517578,19.899999618530273,19.899999618530273,9570,0.0,0.0
2016-10-04 00:00:00+02:00,19.90999984741211,20.165000915527344,19.655000686645508,19.899999618530273,19.899999618530273,2652,0.0,0.0
2016-10-05 00:00:00+02:00,20.040000915527344,20.040000915527344,19.71500015258789,19.71500015258789,19.71500015258789,530,0.0,0.0
2016-10-06 00:00:00+02:00,19.6200008392334,19.6200008392334,19.0049991607666,19.0049991607666,19.0049991607666,5221,0.0,0.0
2016-10-07 00:00:00+02:00,18.969999313354492,18.969999313354492,18.895000457763672,18.895000457763672,18.895000457763672,592,0.0,0.0
2016-10-10 00:00:00+02:00,19.235000610351562,19.2549991607666,18.799999237060547,18.799999237060547,18.799999237060547,1218,0.0,0.0
2016-10-11 00:00:00+02:00,19.0,19.295000076293945,18.600000381469727,18.600000381469727,18.600000381469727,4053,0.0,0.0
2016-10-12 00:00:00+02:00,18.610000610351562,19.0,18.604999542236328,18.604999542236328,18.604999542236328,1926,0.0,0.0
2016-10-13 00:00:00+02:00,18.799999237060547,18.799999237060547,18.514999389648438,18.700000762939453,18.700000762939453,1562,0.0,0.0
2016-10-14 00:00:00+02:00,18.94499969482422,19.149999618530273,18.649999618530273,18.940000534057617,18.940000534057617,2292,0.0,0.0
2016-10-17 00:00:00+02:00,19.290000915527344,19.295000076293945,18.700000762939453,18.700000762939453,18.700000762939453,3894,0.0,0.0
2016-10-18 00:00:00+02:00,19.05500030517578,19.100000381469727,18.899999618530273,19.0,19.0,1176,0.0,0.0
2016-10-19 00:00:00+02:00,19.295000076293945,19.684999465942383,19.290000915527344,19.299999237060547,19.299999237060547,2270,0.0,0.0
2016-10-20 00:00:00+02:00,18.885000228881836,19.200000762939453,18.8799991607666,18.8799991607666,18.8799991607666,1111,0.0,0.0
2016-10-21 00:00:00+02:00,19.18000030517578,19.18000030517578,18.649999618530273,18.700000762939453,18.700000762939453,2400,0.0,0.0
2016-10-24 00:00:00+02:00,19.040000915527344,19.084999084472656,18.600000381469727,18.600000381469727,18.600000381469727,3036,0.0,0.0
2016-10-25 00:00:00+02:00,18.700000762939453,18.850000381469727,18.700000762939453,18.700000762939453,18.700000762939453,1131,0.0,0.0
2016-10-26 00:00:00+02:00,18.704999923706055,19.100000381469727,18.700000762939453,19.100000381469727,19.100000381469727,1439,0.0,0.0
2016-10-27 00:00:00+02:00,18.704999923706055,19.049999237060547,18.704999923706055,19.049999237060547,19.049999237060547,39,0.0,0.0
2016-10-28 00:00:00+02:00,19.049999237060547,19.155000686645508,18.989999771118164,19.155000686645508,19.155000686645508,899,0.0,0.0
2016-10-31 00:00:00+01:00,18.80500030517578,18.924999237060547,18.799999237060547,18.924999237060547,18.924999237060547,1011,0.0,0.0
2016-11-01 00:00:00+01:00,18.924999237060547,18.924999237060547,18.924999237060547,18.924999237060547,18.924999237060547,0,0.0,0.0
2016-11-02 00:00:00+01:00,18.905000686645508,18.905000686645508,18.399999618530273,18.399999618530273,18.399999618530273,2377,0.0,0.0
2016-11-03 00:00:00+01:00,18.399999618530273,18.399999618530273,18.399999618530273,18.399999618530273,18.399999618530273,0,0.0,0.0
2016-11-04 00:00:00+01:00,18.454999923706055,18.5049991607666,18.399999618530273,18.399999618530273,18.399999618530273,1369,0.0,0.0
2016-11-07 00:00:00+01:00,18.549999237060547,19.0,18.549999237060547,19.0,19.0,5178,0.0,0.0
2016-11-08 00:00:00+01:00,18.510000228881836,18.795000076293945,18.510000228881836,18.795000076293945,18.795000076293945,271,0.0,0.0
2016-11-09 00:00:00+01:00,18.399999618530273,19.145000457763672,17.78499984741211,18.940000534057617,18.940000534057617,11943,0.0,0.0
2016-11-10 00:00:00+01:00,19.010000228881836,19.010000228881836,18.514999389648438,18.75,18.75,1862,0.0,0.0
2016-11-11 00:00:00+01:00,18.405000686645508,18.594999313354492,18.280000686645508,18.354999542236328,18.354999542236328,2312,0.0,0.0
2016-11-14 00:00:00+01:00,18.59000015258789,19.05500030517578,18.55500030517578,18.55500030517578,18.55500030517578,5436,0.0,0.0
2016-11-15 00:00:00+01:00,18.510000228881836,18.690000534057617,18.299999237060547,18.540000915527344,18.540000915527344,13946,0.0,0.0
2016-11-16 00:00:00+01:00,18.809999465942383,18.94499969482422,18.399999618530273,18.649999618530273,18.649999618530273,5644,0.0,0.0
2016-11-17 00:00:00+01:00,18.645000457763672,18.850000381469727,18.204999923706055,18.270000457763672,18.270000457763672,7847,0.0,0.0
2016-11-18 00:00:00+01:00,18.295000076293945,18.299999237060547,18.149999618530273,18.25,18.25,3957,0.0,0.0
2016-11-21 00:00:00+01:00,18.25,18.25,17.770000457763672,17.899999618530273,17.899999618530273,19430,0.0,0.0
2016-11-22 00:00:00+01:00,18.229999542236328,18.299999237060547,17.920000076293945,17.920000076293945,17.920000076293945,10847,0.0,0.0
2016-11-23 00:00:00+01:00,18.399999618530273,18.489999771118164,18.149999618530273,18.424999237060547,18.424999237060547,16185,0.0,0.0
2016-11-24 00:00:00+01:00,18.799999237060547,18.9950008392334,18.649999618530273,18.799999237060547,18.799999237060547,14641,0.0,0.0
2016-11-25 00:00:00+01:00,19.0,19.700000762939453,19.0,19.670000076293945,19.670000076293945,18585,0.0,0.0
2016-11-28 00:00:00+01:00,19.68000030517578,20.75,19.600000381469727,20.75,20.75,22852,0.0,0.0
2016-11-29 00:00:00+01:00,20.899999618530273,21.0,20.05500030517578,20.25,20.25,17419,0.0,0.0
2016-11-30 00:00:00+01:00,20.690000534057617,20.690000534057617,20.114999771118164,20.440000534057617,20.440000534057617,7958,0.0,0.0
2016-12-01 00:00:00+01:00,20.5,20.53499984741211,20.25,20.25,20.25,3806,0.0,0.0
2016-12-02 00:00:00+01:00,20.389999389648438,20.579999923706055,20.065000534057617,20.579999923706055,20.579999923706055,9199,0.0,0.0
2016-12-05 00:00:00+01:00,20.799999237060547,21.360000610351562,20.059999465942383,20.200000762939453,20.200000762939453,26953,0.0,0.0
2016-12-06 00:00:00+01:00,20.44499969482422,20.545000076293945,20.059999465942383,20.219999313354492,20.219999313354492,7429,0.0,0.0
2016-12-07 00:00:00+01:00,20.5,20.69499969482422,20.125,20.295000076293945,20.295000076293945,4590,0.0,0.0
2016-12-08 00:00:00+01:00,20.5,20.5,20.200000762939453,20.389999389648438,20.389999389648438,5907,0.0,0.0
2016-12-09 00:00:00+01:00,20.4950008392334,21.799999237060547,20.4950008392334,21.799999237060547,21.799999237060547,19156,0.0,0.0
2016-12-12 00:00:00+01:00,21.799999237060547,22.145000457763672,21.520000457763672,21.520000457763672,21.520000457763672,13530,0.0,0.0
2016-12-13 00:00:00+01:00,21.799999237060547,22.5,21.700000762939453,21.90999984741211,21.90999984741211,13214,0.0,0.0
2016-12-14 00:00:00+01:00,22.459999084472656,22.510000228881836,22.100000381469727,22.100000381469727,22.100000381469727,5229,0.0,0.0
2016-12-15 00:00:00+01:00,22.280000686645508,23.479999542236328,22.280000686645508,23.0,23.0,16767,0.0,0.0
2016-12-16 00:00:00+01:00,23.200000762939453,23.44499969482422,22.924999237060547,23.44499969482422,23.44499969482422,7052,0.0,0.0
2016-12-19 00:00:00+01:00,23.5049991607666,23.5049991607666,23.030000686645508,23.09000015258789,23.09000015258789,13034,0.0,0.0
2016-12-20 00:00:00+01:00,23.190000534057617,23.7450008392334,22.799999237060547,22.799999237060547,22.799999237060547,10974,0.0,0.0
2016-12-21 00:00:00+01:00,23.0,23.350000381469727,22.65999984741211,22.979999542236328,22.979999542236328,16463,0.0,0.0
2016-12-22 00:00:00+01:00,23.2450008392334,23.489999771118164,22.809999465942383,23.0,23.0,9733,0.0,0.0
2016-12-23 00:00:00+01:00,23.3799991607666,23.3799991607666,22.65999984741211,23.0,23.0,8186,0.0,0.0
2016-12-27 00:00:00+01:00,23.290000915527344,23.700000762939453,23.200000762939453,23.584999084472656,23.584999084472656,13627,0.0,0.0
2016-12-28 00:00:00+01:00,23.75,23.799999237060547,23.200000762939453,23.799999237060547,23.799999237060547,10973,0.0,0.0
2016-12-29 00:00:00+01:00,23.55500030517578,24.100000381469727,23.55500030517578,23.9950008392334,23.9950008392334,5394,0.0,0.0
2016-12-30 00:00:00+01:00,24.100000381469727,24.295000076293945,23.510000228881836,23.889999389648438,23.889999389648438,10016,0.0,0.0
2017-01-02 00:00:00+01:00,23.899999618530273,24.3799991607666,23.44499969482422,24.149999618530273,24.149999618530273,10961,0.0,0.0
2017-01-03 00:00:00+01:00,24.5,25.8799991607666,24.225000381469727,25.200000762939453,25.200000762939453,22876,0.0,0.0
2017-01-04 00:00:00+01:00,25.0,27.5,25.0,27.5,27.5,43742,0.0,0.0
2017-01-05 00:00:00+01:00,27.5,28.329999923706055,26.1299991607666,27.25,27.25,22358,0.0,0.0
2017-01-06 00:00:00+01:00,27.0,28.315000534057617,27.0,28.0,28.0,10670,0.0,0.0
2017-01-09 00:00:00+01:00,28.454999923706055,29.21500015258789,28.05500030517578,28.649999618530273,28.649999618530273,24096,0.0,0.0
2017-01-10 00:00:00+01:00,28.799999237060547,28.985000610351562,26.799999237060547,27.415000915527344,27.415000915527344,28491,0.0,0.0
2017-01-11 00:00:00+01:00,27.600000381469727,27.600000381469727,26.155000686645508,26.395000457763672,26.395000457763672,24375,0.0,0.0
2017-01-12 00:00:00+01:00,25.899999618530273,25.899999618530273,24.559999465942383,25.010000228881836,25.010000228881836,52115,0.0,0.0
2017-01-13 00:00:00+01:00,25.049999237060547,26.799999237060547,25.049999237060547,26.5,26.5,25305,0.0,0.0
2017-01-16 00:00:00+01:00,27.0,27.459999084472656,26.7549991607666,27.290000915527344,27.290000915527344,15301,0.0,0.0
2017-01-17 00:00:00+01:00,27.25,28.200000762939453,27.25,27.700000762939453,27.700000762939453,16033,0.0,0.0
2017-01-18 00:00:00+01:00,27.700000762939453,27.700000762939453,27.03499984741211,27.30500030517578,27.30500030517578,7820,0.0,0.0
2017-01-19 00:00:00+01:00,27.0,27.2549991607666,26.3700008392334,26.3700008392334,26.3700008392334,4061,0.0,0.0
2017-01-20 00:00:00+01:00,26.350000381469727,26.875,26.350000381469727,26.510000228881836,26.510000228881836,6205,0.0,0.0
2017-01-23 00:00:00+01:00,26.700000762939453,27.684999465942383,26.6299991607666,27.405000686645508,27.405000686645508,12897,0.0,0.0
2017-01-24 00:00:00+01:00,27.815000534057617,27.815000534057617,27.0049991607666,27.010000228881836,27.010000228881836,6010,0.0,0.0
2017-01-25 00:00:00+01:00,27.75,27.75,26.719999313354492,26.90999984741211,26.90999984741211,3321,0.0,0.0
2017-01-26 00:00:00+01:00,27.190000534057617,27.594999313354492,27.114999771118164,27.25,27.25,3643,0.0,0.0
2017-01-27 00:00:00+01:00,27.420000076293945,27.90999984741211,27.344999313354492,27.725000381469727,27.725000381469727,4838,0.0,0.0
2017-01-30 00:00:00+01:00,27.799999237060547,27.799999237060547,26.815000534057617,26.93000030517578,26.93000030517578,9131,0.0,0.0
2017-01-31 00:00:00+01:00,26.93000030517578,27.084999084472656,25.684999465942383,26.700000762939453,26.700000762939453,12294,0.0,0.0
2017-02-01 00:00:00+01:00,26.200000762939453,26.434999465942383,25.424999237060547,25.94499969482422,25.94499969482422,8680,0.0,0.0
2017-02-02 00:00:00+01:00,26.100000381469727,26.280000686645508,25.399999618530273,25.565000534057617,25.565000534057617,4943,0.0,0.0
2017-02-03 00:00:00+01:00,25.299999237060547,25.610000610351562,24.860000610351562,25.489999771118164,25.489999771118164,14722,0.0,0.0
2017-02-06 00:00:00+01:00,26.600000381469727,26.600000381469727,25.100000381469727,25.100000381469727,25.100000381469727,4726,0.0,0.0
2017-02-07 00:00:00+01:00,25.0,25.69499969482422,24.80500030517578,25.350000381469727,25.350000381469727,5990,0.0,0.0
2017-02-08 00:00:00+01:00,25.700000762939453,25.700000762939453,25.364999771118164,25.545000076293945,25.545000076293945,1142,0.0,0.0
2017-02-09 00:00:00+01:00,25.209999084472656,25.469999313354492,25.0,25.19499969482422,25.19499969482422,2750,0.0,0.0
2017-02-10 00:00:00+01:00,25.299999237060547,25.684999465942383,25.0049991607666,25.40999984741211,25.40999984741211,7414,0.0,0.0
2017-02-13 00:00:00+01:00,25.299999237060547,25.299999237060547,24.799999237060547,25.049999237060547,25.049999237060547,5573,0.0,0.0
2017-02-14 00:00:00+01:00,25.299999237060547,25.299999237060547,24.770000457763672,25.100000381469727,25.100000381469727,4759,0.0,0.0
2017-02-15 00:00:00+01:00,24.799999237060547,25.350000381469727,24.799999237060547,25.075000762939453,25.075000762939453,6901,0.0,0.0
2017-02-16 00:00:00+01:00,25.0,25.299999237060547,25.0,25.09000015258789,25.09000015258789,3609,0.0,0.0
2017-02-17 00:00:00+01:00,25.299999237060547,25.299999237060547,24.875,25.125,25.125,3092,0.0,0.0
2017-02-20 00:00:00+01:00,25.139999389648438,25.28499984741211,24.905000686645508,25.100000381469727,25.100000381469727,3495,0.0,0.0
2017-02-21 00:00:00+01:00,25.290000915527344,25.290000915527344,23.75,24.559999465942383,24.559999465942383,27855,0.0,0.0
2017-02-22 00:00:00+01:00,24.5,24.559999465942383,23.100000381469727,23.149999618530273,23.149999618530273,23879,0.0,0.0
2017-02-23 00:00:00+01:00,23.149999618530273,23.5,22.100000381469727,22.600000381469727,22.600000381469727,19371,0.0,0.0
2017-02-24 00:00:00+01:00,22.799999237060547,22.799999237060547,21.559999465942383,22.155000686645508,22.155000686645508,19666,0.0,0.0
2017-02-27 00:00:00+01:00,22.399999618530273,23.235000610351562,22.139999389648438,22.260000228881836,22.260000228881836,11358,0.0,0.0
2017-02-28 00:00:00+01:00,22.260000228881836,23.450000762939453,22.260000228881836,22.940000534057617,22.940000534057617,14386,0.0,0.0
2017-03-01 00:00:00+01:00,23.020000457763672,23.684999465942383,23.0,23.53499984741211,23.53499984741211,8035,0.0,0.0
2017-03-02 00:00:00+01:00,23.610000610351562,23.684999465942383,23.219999313354492,23.3700008392334,23.3700008392334,4577,0.0,0.0
2017-03-03 00:00:00+01:00,23.670000076293945,23.670000076293945,23.204999923706055,23.479999542236328,23.479999542236328,4745,0.0,0.0
2017-03-06 00:00:00+01:00,23.68000030517578,24.635000228881836,23.600000381469727,24.399999618530273,24.399999618530273,12309,0.0,0.0
2017-03-07 00:00:00+01:00,25.049999237060547,25.260000228881836,24.700000762939453,25.260000228881836,25.260000228881836,19120,0.0,0.0
2017-03-08 00:00:00+01:00,26.399999618530273,26.799999237060547,25.559999465942383,25.899999618530273,25.899999618530273,19373,0.0,0.0
2017-03-09 00:00:00+01:00,25.979999542236328,26.56999969482422,25.950000762939453,26.344999313354492,26.344999313354492,6807,0.0,0.0
2017-03-10 00:00:00+01:00,25.975000381469727,26.399999618530273,25.704999923706055,26.100000381469727,26.100000381469727,3389,0.0,0.0
2017-03-13 00:00:00+01:00,26.299999237060547,26.299999237060547,25.670000076293945,25.670000076293945,25.670000076293945,7751,0.0,0.0
2017-03-14 00:00:00+01:00,25.5,25.5,24.799999237060547,24.799999237060547,24.799999237060547,3992,0.0,0.0
2017-03-15 00:00:00+01:00,24.600000381469727,24.979999542236328,24.235000610351562,24.954999923706055,24.954999923706055,7473,0.0,0.0
2017-03-16 00:00:00+01:00,25.084999084472656,25.084999084472656,24.799999237060547,24.899999618530273,24.899999618530273,1569,0.0,0.0
2017-03-17 00:00:00+01:00,25.18000030517578,25.18000030517578,24.28499984741211,24.899999618530273,24.899999618530273,8533,0.0,0.0
2017-03-20 00:00:00+01:00,24.9950008392334,25.774999618530273,24.7549991607666,25.649999618530273,25.649999618530273,15491,0.0,0.0
2017-03-21 00:00:00+01:00,25.799999237060547,25.799999237060547,25.03499984741211,25.03499984741211,25.03499984741211,7058,0.0,0.0
2017-03-22 00:00:00+01:00,25.079999923706055,25.079999923706055,24.68000030517578,24.959999084472656,24.959999084472656,3269,0.0,0.0
2017-03-23 00:00:00+01:00,24.959999084472656,24.959999084472656,24.684999465942383,24.75,24.75,1431,0.0,0.0
2017-03-24 00:00:00+01:00,24.684999465942383,25.0,24.684999465942383,24.700000762939453,24.700000762939453,1874,0.0,0.0
2017-03-27 00:00:00+02:00,24.9950008392334,24.9950008392334,24.604999542236328,24.649999618530273,24.649999618530273,963,0.0,0.0
2017-03-28 00:00:00+02:00,24.780000686645508,25.895000457763672,24.604999542236328,25.100000381469727,25.100000381469727,9248,0.0,0.0
2017-03-29 00:00:00+02:00,25.395000457763672,25.799999237060547,25.31999969482422,25.510000228881836,25.510000228881836,12263,0.0,0.0
2017-03-30 00:00:00+02:00,25.899999618530273,26.469999313354492,25.735000610351562,26.25,26.25,7577,0.0,0.0
2017-03-31 00:00:00+02:00,25.899999618530273,26.190000534057617,25.2549991607666,25.344999313354492,25.344999313354492,6862,0.0,0.0
2017-04-03 00:00:00+02:00,25.450000762939453,25.7549991607666,25.450000762939453,25.514999389648438,25.514999389648438,2726,0.0,0.0
2017-04-04 00:00:00+02:00,25.5,25.834999084472656,25.5,25.604999542236328,25.604999542236328,3983,0.0,0.0
2017-04-05 00:00:00+02:00,25.854999542236328,25.854999542236328,25.600000381469727,25.604999542236328,25.604999542236328,1350,0.0,0.0
2017-04-06 00:00:00+02:00,25.5,25.75,25.139999389648438,25.139999389648438,25.139999389648438,5814,0.0,0.0
2017-04-07 00:00:00+02:00,25.014999389648438,25.344999313354492,24.780000686645508,25.0,25.0,7298,0.0,0.0
2017-04-10 00:00:00+02:00,25.440000534057617,26.799999237060547,25.0,26.799999237060547,26.799999237060547,18133,0.0,0.0
2017-04-11 00:00:00+02:00,26.5,26.5,25.5,25.71500015258789,25.71500015258789,14352,0.0,0.0
2017-04-12 00:00:00+02:00,25.899999618530273,26.594999313354492,25.899999618530273,26.30500030517578,26.30500030517578,12471,0.0,0.0
2017-04-13 00:00:00+02:00,26.725000381469727,27.864999771118164,26.145000457763672,27.364999771118164,27.364999771118164,45157,0.0,0.0
2017-04-18 00:00:00+02:00,27.5,27.795000076293945,26.80500030517578,27.28499984741211,27.28499984741211,16299,0.0,0.0
2017-04-19 00:00:00+02:00,27.25,27.450000762939453,26.790000915527344,26.790000915527344,26.790000915527344,11039,0.0,0.0
2017-04-20 00:00:00+02:00,26.594999313354492,26.719999313354492,26.0,26.610000610351562,26.610000610351562,9379,0.0,0.0
2017-04-21 00:00:00+02:00,26.399999618530273,26.704999923706055,26.014999389648438,26.190000534057617,26.190000534057617,10065,0.0,0.0
2017-04-24 00:00:00+02:00,26.350000381469727,26.350000381469727,26.0,26.28499984741211,26.28499984741211,4007,0.0,0.0
2017-04-25 00:00:00+02:00,26.344999313354492,28.0,26.344999313354492,28.0,28.0,55442,0.0,0.0
2017-04-26 00:00:00+02:00,27.799999237060547,29.795000076293945,27.799999237060547,29.450000762939453,29.450000762939453,32714,0.0,0.0
2017-04-27 00:00:00+02:00,28.700000762939453,30.5,28.5,29.3799991607666,29.3799991607666,31634,0.0,0.0
2017-04-28 00:00:00+02:00,29.239999771118164,29.520000457763672,28.854999542236328,29.229999542236328,29.229999542236328,5871,0.0,0.0
2017-05-02 00:00:00+02:00,29.30500030517578,29.5,28.75,28.860000610351562,28.860000610351562,7250,0.0,0.0
2017-05-03 00:00:00+02:00,28.665000915527344,29.454999923706055,27.799999237060547,27.825000762939453,27.825000762939453,5054,0.0,0.0
2017-05-04 00:00:00+02:00,27.81999969482422,29.389999389648438,27.084999084472656,29.389999389648438,29.389999389648438,10313,0.0,0.0
2017-05-05 00:00:00+02:00,29.299999237060547,30.290000915527344,29.0,30.100000381469727,30.100000381469727,11584,0.0,0.0
2017-05-08 00:00:00+02:00,30.8799991607666,30.979999542236328,29.704999923706055,30.010000228881836,30.010000228881836,29051,0.0,0.0
2017-05-09 00:00:00+02:00,30.204999923706055,30.780000686645508,30.204999923706055,30.510000228881836,30.510000228881836,16363,0.0,0.0
2017-05-10 00:00:00+02:00,31.0,33.47999954223633,30.989999771118164,32.7599983215332,32.7599983215332,55206,0.0,0.0
2017-05-11 00:00:00+02:00,32.88999938964844,33.47999954223633,31.725000381469727,32.400001525878906,32.400001525878906,26317,0.0,0.0
2017-05-12 00:00:00+02:00,32.5099983215332,32.88999938964844,31.299999237060547,31.5049991607666,31.5049991607666,8284,0.0,0.0
2017-05-15 00:00:00+02:00,31.30500030517578,32.31999969482422,31.30500030517578,31.84000015258789,31.84000015258789,13315,0.0,0.0
2017-05-16 00:00:00+02:00,31.899999618530273,33.720001220703125,31.899999618530273,33.0,33.0,25442,0.0,0.0
2017-05-17 00:00:00+02:00,32.81999969482422,32.81999969482422,31.7549991607666,31.940000534057617,31.940000534057617,24241,0.0,0.0
2017-05-18 00:00:00+02:00,32.23500061035156,33.400001525878906,31.899999618530273,33.400001525878906,33.400001525878906,28740,0.0,0.0
2017-05-19 00:00:00+02:00,33.0,34.880001068115234,32.5,34.84000015258789,34.84000015258789,35405,0.0,0.0
2017-05-22 00:00:00+02:00,36.099998474121094,38.88999938964844,36.099998474121094,38.79499816894531,38.79499816894531,75319,0.0,0.0
2017-05-23 00:00:00+02:00,38.900001525878906,39.29499816894531,37.29999923706055,38.86000061035156,38.86000061035156,50409,0.0,0.0
2017-05-24 00:00:00+02:00,38.599998474121094,38.599998474121094,37.0099983215332,37.83000183105469,37.83000183105469,21176,0.0,0.0
2017-05-25 00:00:00+02:00,38.75,38.75,36.900001525878906,37.59000015258789,37.59000015258789,17438,0.0,0.0
2017-05-26 00:00:00+02:00,37.5,38.60499954223633,37.25,38.099998474121094,38.099998474121094,18849,0.0,0.0
2017-05-29 00:00:00+02:00,38.099998474121094,38.44499969482422,37.849998474121094,38.275001525878906,38.275001525878906,7813,0.0,0.0
2017-05-30 00:00:00+02:00,37.959999084472656,38.2400016784668,37.310001373291016,37.43000030517578,37.43000030517578,10146,0.0,0.0
2017-05-31 00:00:00+02:00,37.5,37.54999923706055,33.81999969482422,34.845001220703125,34.845001220703125,45977,0.0,0.0
2017-06-01 00:00:00+02:00,35.20000076293945,35.994998931884766,35.20000076293945,35.97999954223633,35.97999954223633,14659,0.0,0.0
2017-06-02 00:00:00+02:00,35.97999954223633,38.69499969482422,35.97999954223633,37.95000076293945,37.95000076293945,22602,0.0,0.0
2017-06-05 00:00:00+02:00,37.95000076293945,37.95000076293945,37.95000076293945,37.95000076293945,37.95000076293945,0,0.0,0.0
2017-06-06 00:00:00+02:00,38.0,39.095001220703125,36.724998474121094,38.80500030517578,38.80500030517578,24929,0.0,0.0
2017-06-07 00:00:00+02:00,38.79999923706055,38.89500045776367,37.17499923706055,38.44499969482422,38.44499969482422,15918,0.0,0.0
2017-06-08 00:00:00+02:00,38.5,38.89500045776367,37.814998626708984,38.88999938964844,38.88999938964844,4060,0.0,0.0
2017-06-09 00:00:00+02:00,38.89500045776367,39.29999923706055,38.5,39.19499969482422,39.19499969482422,14563,0.0,0.0
2017-06-12 00:00:00+02:00,39.29999923706055,39.375,37.20500183105469,37.34000015258789,37.34000015258789,13790,0.0,0.0
2017-06-13 00:00:00+02:00,37.599998474121094,38.845001220703125,37.5,37.654998779296875,37.654998779296875,14211,0.0,0.0
2017-06-14 00:00:00+02:00,37.994998931884766,37.994998931884766,37.125,37.51499938964844,37.51499938964844,9313,0.0,0.0
2017-06-15 00:00:00+02:00,37.564998626708984,37.564998626708984,35.849998474121094,36.1150016784668,36.1150016784668,13886,0.0,0.0
2017-06-16 00:00:00+02:00,36.5,36.900001525878906,36.375,36.849998474121094,36.849998474121094,4795,0.0,0.0
2017-06-19 00:00:00+02:00,36.89500045776367,37.724998474121094,36.89500045776367,37.35499954223633,37.35499954223633,9188,0.0,0.0
2017-06-20 00:00:00+02:00,37.689998626708984,37.834999084472656,36.52000045776367,36.654998779296875,36.654998779296875,6751,0.0,0.0
2017-06-21 00:00:00+02:00,36.45500183105469,36.88999938964844,36.20500183105469,36.54999923706055,36.54999923706055,3441,0.0,0.0
2017-06-22 00:00:00+02:00,37.0,37.189998626708984,36.630001068115234,37.09000015258789,37.09000015258789,6492,0.0,0.0
2017-06-23 00:00:00+02:00,37.064998626708984,37.064998626708984,36.790000915527344,36.959999084472656,36.959999084472656,4572,0.0,0.0
2017-06-26 00:00:00+02:00,36.9900016784668,36.9900016784668,36.255001068115234,36.275001525878906,36.275001525878906,7232,0.0,0.0
2017-06-27 00:00:00+02:00,36.2400016784668,36.494998931884766,36.20000076293945,36.224998474121094,36.224998474121094,4302,0.0,0.0
2017-06-28 00:00:00+02:00,36.20000076293945,36.54499816894531,35.904998779296875,36.130001068115234,36.130001068115234,5784,0.0,0.0
2017-06-29 00:00:00+02:00,35.92499923706055,36.0099983215332,33.95000076293945,34.0099983215332,34.0099983215332,21769,0.0,0.0
2017-06-30 00:00:00+02:00,33.79999923706055,34.18000030517578,33.400001525878906,33.404998779296875,33.404998779296875,12297,0.0,0.0
2017-07-03 00:00:00+02:00,33.810001373291016,34.599998474121094,33.20500183105469,34.31999969482422,34.31999969482422,8120,0.0,0.0
2017-07-04 00:00:00+02:00,34.75,35.39500045776367,34.22999954223633,34.88999938964844,34.88999938964844,11684,0.0,0.0
2017-07-05 00:00:00+02:00,35.18000030517578,36.625,35.165000915527344,36.5,36.5,12196,0.0,0.0
2017-07-06 00:00:00+02:00,36.5,36.75,34.755001068115234,34.845001220703125,34.845001220703125,11933,0.0,0.0
2017-07-07 00:00:00+02:00,35.154998779296875,35.849998474121094,34.6349983215332,35.70500183105469,35.70500183105469,5508,0.0,0.0
2017-07-10 00:00:00+02:00,35.5,35.900001525878906,34.869998931884766,35.20000076293945,35.20000076293945,3568,0.0,0.0
2017-07-11 00:00:00+02:00,35.599998474121094,35.599998474121094,34.0,34.099998474121094,34.099998474121094,3332,0.0,0.0
2017-07-12 00:00:00+02:00,34.34000015258789,34.86000061035156,33.98500061035156,33.98500061035156,33.98500061035156,4267,0.0,0.0
2017-07-13 00:00:00+02:00,34.400001525878906,34.400001525878906,34.150001525878906,34.380001068115234,34.380001068115234,2962,0.0,0.0
2017-07-14 00:00:00+02:00,34.0,34.25,33.73500061035156,33.73500061035156,33.73500061035156,4484,0.0,0.0
2017-07-17 00:00:00+02:00,33.73500061035156,33.73500061035156,33.400001525878906,33.40999984741211,33.40999984741211,2823,0.0,0.0
2017-07-18 00:00:00+02:00,33.29999923706055,33.400001525878906,33.154998779296875,33.29999923706055,33.29999923706055,4423,0.0,0.0
2017-07-19 00:00:00+02:00,33.70500183105469,33.70500183105469,33.02000045776367,33.150001525878906,33.150001525878906,4545,0.0,0.0
2017-07-20 00:00:00+02:00,33.150001525878906,33.150001525878906,31.5,32.30500030517578,32.30500030517578,23459,0.0,0.0
2017-07-21 00:00:00+02:00,32.29999923706055,32.55500030517578,32.1349983215332,32.23500061035156,32.23500061035156,6216,0.0,0.0
2017-07-24 00:00:00+02:00,32.470001220703125,35.400001525878906,32.470001220703125,34.290000915527344,34.290000915527344,47633,0.0,0.0
2017-07-25 00:00:00+02:00,34.25,35.095001220703125,34.25,34.40999984741211,34.40999984741211,21798,0.0,0.0
2017-07-26 00:00:00+02:00,35.54999923706055,35.875,35.275001525878906,35.849998474121094,35.849998474121094,10562,0.0,0.0
2017-07-27 00:00:00+02:00,35.0,35.724998474121094,35.0,35.5,35.5,5128,0.0,0.0
2017-07-28 00:00:00+02:00,35.2599983215332,37.369998931884766,35.0,37.0,37.0,19674,0.0,0.0
2017-07-31 00:00:00+02:00,37.369998931884766,38.209999084472656,36.59000015258789,37.369998931884766,37.369998931884766,34364,0.0,0.0
2017-08-01 00:00:00+02:00,37.5099983215332,37.67499923706055,37.29999923706055,37.5,37.5,1518,0.0,0.0
2017-08-02 00:00:00+02:00,37.849998474121094,37.849998474121094,36.04499816894531,36.04499816894531,36.04499816894531,19231,0.0,0.0
2017-08-03 00:00:00+02:00,35.875,36.084999084472656,34.404998779296875,34.494998931884766,34.494998931884766,11462,0.0,0.0
2017-08-04 00:00:00+02:00,34.595001220703125,36.025001525878906,34.20000076293945,35.130001068115234,35.130001068115234,16220,0.0,0.0
2017-08-07 00:00:00+02:00,35.650001525878906,36.290000915527344,35.650001525878906,35.91999816894531,35.91999816894531,7682,0.0,0.0
2017-08-08 00:00:00+02:00,35.81999969482422,35.81999969482422,35.119998931884766,35.52000045776367,35.52000045776367,5512,0.0,0.0
2017-08-09 00:00:00+02:00,35.45000076293945,35.45000076293945,34.11000061035156,34.70000076293945,34.70000076293945,9449,0.0,0.0
2017-08-10 00:00:00+02:00,34.540000915527344,34.67499923706055,33.92499923706055,33.93000030517578,33.93000030517578,9444,0.0,0.0
2017-08-11 00:00:00+02:00,33.900001525878906,34.5,33.310001373291016,33.724998474121094,33.724998474121094,7728,0.0,0.0
2017-08-14 00:00:00+02:00,34.400001525878906,35.20000076293945,34.209999084472656,34.46500015258789,34.46500015258789,6990,0.0,0.0
2017-08-15 00:00:00+02:00,34.67499923706055,34.67499923706055,34.0,34.22999954223633,34.22999954223633,2539,0.0,0.0
2017-08-16 00:00:00+02:00,34.39500045776367,36.0,34.39500045776367,35.01499938964844,35.01499938964844,10566,0.0,0.0
2017-08-17 00:00:00+02:00,34.744998931884766,34.974998474121094,34.369998931884766,34.44499969482422,34.44499969482422,7725,0.0,0.0
2017-08-18 00:00:00+02:00,34.30500030517578,34.619998931884766,33.904998779296875,34.165000915527344,34.165000915527344,2657,0.0,0.0
2017-08-21 00:00:00+02:00,33.77000045776367,33.8849983215332,33.20000076293945,33.20000076293945,33.20000076293945,5724,0.0,0.0
2017-08-22 00:00:00+02:00,33.220001220703125,33.52000045776367,32.900001525878906,33.349998474121094,33.349998474121094,5944,0.0,0.0
2017-08-23 00:00:00+02:00,33.40999984741211,34.32500076293945,33.40999984741211,33.85499954223633,33.85499954223633,11266,0.0,0.0
2017-08-24 00:00:00+02:00,34.084999084472656,34.3849983215332,33.349998474121094,33.95000076293945,33.95000076293945,7915,0.0,0.0
2017-08-25 00:00:00+02:00,33.95000076293945,34.20000076293945,32.57500076293945,33.70000076293945,33.70000076293945,19693,0.0,0.0
2017-08-28 00:00:00+02:00,33.77000045776367,33.77000045776367,33.23500061035156,33.68000030517578,33.68000030517578,1324,0.0,0.0
2017-08-29 00:00:00+02:00,33.790000915527344,33.790000915527344,31.709999084472656,33.29999923706055,33.29999923706055,15297,0.0,0.0
2017-08-30 00:00:00+02:00,33.834999084472656,33.834999084472656,32.904998779296875,33.3849983215332,33.3849983215332,4916,0.0,0.0
2017-08-31 00:00:00+02:00,33.59000015258789,33.75,33.0,33.0,33.0,6294,0.0,0.0
2017-09-01 00:00:00+02:00,33.0,33.29999923706055,32.650001525878906,33.06999969482422,33.06999969482422,17774,0.0,0.0
2017-09-04 00:00:00+02:00,31.81999969482422,32.994998931884766,31.5,32.5,32.5,9299,0.0,0.0
2017-09-05 00:00:00+02:00,32.22999954223633,33.33000183105469,32.20000076293945,32.36000061035156,32.36000061035156,11100,0.0,0.0
2017-09-06 00:00:00+02:00,32.4900016784668,33.19499969482422,32.060001373291016,32.89500045776367,32.89500045776367,10012,0.0,0.0
2017-09-07 00:00:00+02:00,33.099998474121094,33.28499984741211,32.79499816894531,32.994998931884766,32.994998931884766,3687,0.0,0.0
2017-09-08 00:00:00+02:00,32.79999923706055,33.650001525878906,32.505001068115234,33.20000076293945,33.20000076293945,7316,0.0,0.0
2017-09-11 00:00:00+02:00,33.150001525878906,33.44499969482422,32.60499954223633,32.900001525878906,32.900001525878906,6284,0.0,0.0
2017-09-12 00:00:00+02:00,33.0,33.400001525878906,32.685001373291016,33.08000183105469,33.08000183105469,7588,0.0,0.0
2017-09-13 00:00:00+02:00,33.29999923706055,34.83000183105469,32.80500030517578,34.42499923706055,34.42499923706055,24645,0.0,0.0
2017-09-14 00:00:00+02:00,34.20500183105469,34.79999923706055,33.52000045776367,34.400001525878906,34.400001525878906,10637,0.0,0.0
2017-09-15 00:00:00+02:00,34.310001373291016,34.59000015258789,33.70000076293945,33.84000015258789,33.84000015258789,7690,0.0,0.0
2017-09-18 00:00:00+02:00,33.994998931884766,34.935001373291016,33.849998474121094,34.46500015258789,34.46500015258789,11023,0.0,0.0
2017-09-19 00:00:00+02:00,34.45000076293945,34.45000076293945,33.72999954223633,33.72999954223633,33.72999954223633,1524,0.0,0.0
2017-09-20 00:00:00+02:00,34.0,34.28499984741211,33.599998474121094,33.84000015258789,33.84000015258789,1831,0.0,0.0
2017-09-21 00:00:00+02:00,34.0,34.099998474121094,33.33000183105469,33.51499938964844,33.51499938964844,5923,0.0,0.0
2017-09-22 00:00:00+02:00,33.30500030517578,33.88999938964844,33.29999923706055,33.334999084472656,33.334999084472656,4440,0.0,0.0
2017-09-25 00:00:00+02:00,33.30500030517578,33.595001220703125,32.654998779296875,32.77000045776367,32.77000045776367,6196,0.0,0.0
2017-09-26 00:00:00+02:00,32.619998931884766,33.779998779296875,32.599998474121094,33.474998474121094,33.474998474121094,8996,0.0,0.0
2017-09-27 00:00:00+02:00,33.474998474121094,34.5,33.474998474121094,34.5,34.5,13170,0.0,0.0
2017-09-28 00:00:00+02:00,34.5,34.654998779296875,33.849998474121094,34.29499816894531,34.29499816894531,6348,0.0,0.0
2017-09-29 00:00:00+02:00,34.38999938964844,34.970001220703125,33.95000076293945,34.939998626708984,34.939998626708984,14507,0.0,0.0
2017-10-02 00:00:00+02:00,35.0,36.880001068115234,35.0,36.77000045776367,36.77000045776367,17398,0.0,0.0
2017-10-03 00:00:00+02:00,36.77000045776367,36.77000045776367,36.77000045776367,36.77000045776367,36.77000045776367,0,0.0,0.0
2017-10-04 00:00:00+02:00,36.70000076293945,37.47999954223633,36.70000076293945,37.0,37.0,15390,0.0,0.0
2017-10-05 00:00:00+02:00,37.005001068115234,37.33000183105469,36.279998779296875,36.5,36.5,12256,0.0,0.0
2017-10-06 00:00:00+02:00,36.89500045776367,37.349998474121094,36.720001220703125,37.13999938964844,37.13999938964844,5087,0.0,0.0
2017-10-09 00:00:00+02:00,37.13999938964844,37.400001525878906,36.619998931884766,36.79999923706055,36.79999923706055,5201,0.0,0.0
2017-10-10 00:00:00+02:00,37.19499969482422,37.19499969482422,36.3849983215332,36.650001525878906,36.650001525878906,3326,0.0,0.0
2017-10-11 00:00:00+02:00,36.95000076293945,37.46500015258789,36.65999984741211,36.720001220703125,36.720001220703125,7185,0.0,0.0
2017-10-12 00:00:00+02:00,37.07500076293945,37.07500076293945,36.36000061035156,36.849998474121094,36.849998474121094,1647,0.0,0.0
2017-10-13 00:00:00+02:00,36.77000045776367,36.849998474121094,34.5,35.400001525878906,35.400001525878906,12206,0.0,0.0
2017-10-16 00:00:00+02:00,35.849998474121094,35.93000030517578,35.56999969482422,35.6150016784668,35.6150016784668,3582,0.0,0.0
2017-10-17 00:00:00+02:00,35.939998626708984,35.939998626708984,35.369998931884766,35.77000045776367,35.77000045776367,1122,0.0,0.0
2017-10-18 00:00:00+02:00,35.369998931884766,35.60499954223633,35.130001068115234,35.21500015258789,35.21500015258789,5626,0.0,0.0
2017-10-19 00:00:00+02:00,35.03499984741211,35.334999084472656,33.19499969482422,33.814998626708984,33.814998626708984,17407,0.0,0.0
2017-10-20 00:00:00+02:00,34.17499923706055,34.619998931884766,33.900001525878906,34.18000030517578,34.18000030517578,5232,0.0,0.0
2017-10-23 00:00:00+02:00,34.494998931884766,34.494998931884766,33.98500061035156,34.29999923706055,34.29999923706055,2372,0.0,0.0
2017-10-24 00:00:00+02:00,34.5,34.5,33.3650016784668,33.70000076293945,33.70000076293945,11714,0.0,0.0
2017-10-25 00:00:00+02:00,34.08000183105469,34.400001525878906,33.900001525878906,34.400001525878906,34.400001525878906,4218,0.0,0.0
2017-10-26 00:00:00+02:00,34.165000915527344,34.165000915527344,33.599998474121094,33.709999084472656,33.709999084472656,4681,0.0,0.0
2017-10-27 00:00:00+02:00,33.5099983215332,34.0,33.41999816894531,33.685001373291016,33.685001373291016,4410,0.0,0.0
2017-10-30 00:00:00+01:00,34.064998626708984,34.4900016784668,34.064998626708984,34.4900016784668,34.4900016784668,6876,0.0,0.0
2017-10-31 00:00:00+01:00,34.4900016784668,34.4900016784668,34.4900016784668,34.4900016784668,34.4900016784668,0,0.0,0.0
2017-11-01 00:00:00+01:00,34.4900016784668,34.4900016784668,33.20000076293945,33.20000076293945,33.20000076293945,7060,0.0,0.0
2017-11-02 00:00:00+01:00,33.39500045776367,33.78499984741211,33.220001220703125,33.60499954223633,33.60499954223633,4160,0.0,0.0
2017-11-03 00:00:00+01:00,33.70500183105469,33.790000915527344,33.099998474121094,33.70000076293945,33.70000076293945,5102,0.0,0.0
2017-11-06 00:00:00+01:00,33.79499816894531,33.82500076293945,33.150001525878906,33.61000061035156,33.61000061035156,2015,0.0,0.0
2017-11-07 00:00:00+01:00,33.459999084472656,33.459999084472656,32.77000045776367,33.32500076293945,33.32500076293945,4129,0.0,0.0
2017-11-08 00:00:00+01:00,33.43000030517578,33.43000030517578,32.0,32.974998474121094,32.974998474121094,17993,0.0,0.0
2017-11-09 00:00:00+01:00,32.900001525878906,32.900001525878906,32.154998779296875,32.29999923706055,32.29999923706055,8639,0.0,0.0
2017-11-10 00:00:00+01:00,32.20000076293945,32.30500030517578,30.579999923706055,31.155000686645508,31.155000686645508,31156,0.0,0.0
2017-11-13 00:00:00+01:00,31.0,31.209999084472656,28.6200008392334,30.200000762939453,30.200000762939453,40660,0.0,0.0
2017-11-14 00:00:00+01:00,29.604999542236328,31.395000457763672,29.604999542236328,30.40999984741211,30.40999984741211,9825,0.0,0.0
2017-11-15 00:00:00+01:00,31.475000381469727,31.6299991607666,30.0,31.6299991607666,31.6299991607666,15776,0.0,0.0
2017-11-16 00:00:00+01:00,31.25,31.975000381469727,30.825000762939453,31.399999618530273,31.399999618530273,5935,0.0,0.0
2017-11-17 00:00:00+01:00,31.395000457763672,32.150001525878906,31.395000457763672,32.150001525878906,32.150001525878906,4912,0.0,0.0
2017-11-20 00:00:00+01:00,32.084999084472656,32.33000183105469,31.600000381469727,32.18000030517578,32.18000030517578,2555,0.0,0.0
2017-11-21 00:00:00+01:00,32.28499984741211,32.415000915527344,32.06999969482422,32.29499816894531,32.29499816894531,2467,0.0,0.0
2017-11-22 00:00:00+01:00,32.38999938964844,32.69499969482422,31.80500030517578,31.860000610351562,31.860000610351562,7300,0.0,0.0
2017-11-23 00:00:00+01:00,31.799999237060547,31.799999237060547,31.360000610351562,31.46500015258789,31.46500015258789,6015,0.0,0.0
2017-11-24 00:00:00+01:00,31.4950008392334,31.510000228881836,31.165000915527344,31.5,31.5,2194,0.0,0.0
2017-11-27 00:00:00+01:00,31.100000381469727,31.184999465942383,29.5,29.84000015258789,29.84000015258789,20800,0.0,0.0
2017-11-28 00:00:00+01:00,29.899999618530273,31.0,29.5,30.434999465942383,30.434999465942383,13658,0.0,0.0
2017-11-29 00:00:00+01:00,30.9950008392334,31.770000457763672,29.950000762939453,29.989999771118164,29.989999771118164,14758,0.0,0.0
2017-11-30 00:00:00+01:00,30.565000534057617,30.674999237060547,29.950000762939453,30.21500015258789,30.21500015258789,7904,0.0,0.0
2017-12-01 00:00:00+01:00,30.0049991607666,30.9950008392334,30.0049991607666,30.850000381469727,30.850000381469727,2640,0.0,0.0
2017-12-04 00:00:00+01:00,30.010000228881836,31.350000381469727,30.010000228881836,31.15999984741211,31.15999984741211,5887,0.0,0.0
2017-12-05 00:00:00+01:00,30.799999237060547,31.299999237060547,30.700000762939453,31.0,31.0,2681,0.0,0.0
2017-12-06 00:00:00+01:00,30.604999542236328,31.329999923706055,30.440000534057617,31.299999237060547,31.299999237060547,9026,0.0,0.0
2017-12-07 00:00:00+01:00,30.71500015258789,30.799999237060547,30.28499984741211,30.454999923706055,30.454999923706055,2716,0.0,0.0
2017-12-08 00:00:00+01:00,30.084999084472656,30.475000381469727,29.56999969482422,29.989999771118164,29.989999771118164,10310,0.0,0.0
2017-12-11 00:00:00+01:00,30.0049991607666,30.145000457763672,29.614999771118164,29.915000915527344,29.915000915527344,1638,0.0,0.0
2017-12-12 00:00:00+01:00,30.149999618530273,30.149999618530273,29.610000610351562,29.760000228881836,29.760000228881836,5642,0.0,0.0
2017-12-13 00:00:00+01:00,29.5049991607666,29.899999618530273,29.440000534057617,29.645000457763672,29.645000457763672,4823,0.0,0.0
2017-12-14 00:00:00+01:00,29.5,29.9950008392334,29.5,29.5049991607666,29.5049991607666,6417,0.0,0.0
2017-12-15 00:00:00+01:00,29.844999313354492,30.145000457763672,29.565000534057617,30.145000457763672,30.145000457763672,4265,0.0,0.0
2017-12-18 00:00:00+01:00,31.204999923706055,31.55500030517578,30.350000381469727,31.2450008392334,31.2450008392334,12519,0.0,0.0
2017-12-19 00:00:00+01:00,30.645000457763672,31.2450008392334,30.200000762939453,30.739999771118164,30.739999771118164,3597,0.0,0.0
2017-12-20 00:00:00+01:00,31.094999313354492,31.399999618530273,30.8799991607666,30.8799991607666,30.8799991607666,4450,0.0,0.0
2017-12-21 00:00:00+01:00,31.28499984741211,31.399999618530273,31.05500030517578,31.299999237060547,31.299999237060547,2321,0.0,0.0
2017-12-22 00:00:00+01:00,32.10499954223633,33.70000076293945,32.10499954223633,32.79999923706055,32.79999923706055,20776,0.0,0.0
2017-12-27 00:00:00+01:00,32.900001525878906,33.435001373291016,32.81999969482422,32.83000183105469,32.83000183105469,5355,0.0,0.0
2017-12-28 00:00:00+01:00,33.39500045776367,33.39500045776367,32.1349983215332,32.69499969482422,32.69499969482422,5849,0.0,0.0
2017-12-29 00:00:00+01:00,32.505001068115234,32.69499969482422,32.0099983215332,32.69499969482422,32.69499969482422,2510,0.0,0.0
2018-01-02 00:00:00+01:00,33.150001525878906,33.900001525878906,33.150001525878906,33.599998474121094,33.599998474121094,3112,0.0,0.0
2018-01-03 00:00:00+01:00,33.45000076293945,34.20000076293945,33.25,34.150001525878906,34.150001525878906,4950,0.0,0.0
2018-01-04 00:00:00+01:00,34.5,35.599998474121094,33.849998474121094,33.900001525878906,33.900001525878906,15572,0.0,0.0
2018-01-05 00:00:00+01:00,34.349998474121094,35.5,34.20000076293945,34.45000076293945,34.45000076293945,12694,0.0,0.0
2018-01-08 00:00:00+01:00,34.900001525878906,34.900001525878906,34.04999923706055,34.349998474121094,34.349998474121094,3846,0.0,0.0
2018-01-09 00:00:00+01:00,34.70000076293945,34.70000076293945,34.0,34.099998474121094,34.099998474121094,819,0.0,0.0
2018-01-10 00:00:00+01:00,34.25,34.599998474121094,33.20000076293945,33.349998474121094,33.349998474121094,3153,0.0,0.0
2018-01-11 00:00:00+01:00,33.5,33.599998474121094,32.79999923706055,33.20000076293945,33.20000076293945,2166,0.0,0.0
2018-01-12 00:00:00+01:00,32.79999923706055,33.5,32.79999923706055,33.20000076293945,33.20000076293945,1625,0.0,0.0
2018-01-15 00:00:00+01:00,33.650001525878906,33.79999923706055,33.099998474121094,33.5,33.5,3690,0.0,0.0
2018-01-16 00:00:00+01:00,33.849998474121094,33.849998474121094,32.599998474121094,32.599998474121094,32.599998474121094,3072,0.0,0.0
2018-01-17 00:00:00+01:00,32.599998474121094,32.79999923706055,31.799999237060547,32.20000076293945,32.20000076293945,4981,0.0,0.0
2018-01-18 00:00:00+01:00,32.099998474121094,32.70000076293945,31.899999618530273,32.099998474121094,32.099998474121094,2630,0.0,0.0
2018-01-19 00:00:00+01:00,32.400001525878906,32.400001525878906,31.799999237060547,32.29999923706055,32.29999923706055,3062,0.0,0.0
2018-01-22 00:00:00+01:00,31.899999618530273,32.5,31.899999618530273,32.5,32.5,2951,0.0,0.0
2018-01-23 00:00:00+01:00,32.79999923706055,33.0,32.5,32.5,32.5,580,0.0,0.0
2018-01-24 00:00:00+01:00,32.54999923706055,32.95000076293945,32.54999923706055,32.95000076293945,32.95000076293945,1747,0.0,0.0
2018-01-25 00:00:00+01:00,32.5,33.0,32.45000076293945,32.849998474121094,32.849998474121094,1915,0.0,0.0
2018-01-26 00:00:00+01:00,32.79999923706055,33.29999923706055,32.79999923706055,33.099998474121094,33.099998474121094,2392,0.0,0.0
2018-01-29 00:00:00+01:00,32.25,33.04999923706055,32.25,32.79999923706055,32.79999923706055,2170,0.0,0.0
2018-01-30 00:00:00+01:00,32.599998474121094,33.04999923706055,31.899999618530273,32.29999923706055,32.29999923706055,3155,0.0,0.0
2018-01-31 00:00:00+01:00,31.799999237060547,32.400001525878906,31.549999237060547,32.0,32.0,3195,0.0,0.0
2018-02-01 00:00:00+01:00,31.649999618530273,32.349998474121094,31.0,31.399999618530273,31.399999618530273,3418,0.0,0.0
2018-02-02 00:00:00+01:00,31.0,31.299999237060547,30.0,30.399999618530273,30.399999618530273,4935,0.0,0.0
2018-02-05 00:00:00+01:00,29.950000762939453,31.25,28.200000762939453,30.5,30.5,17474,0.0,0.0
2018-02-06 00:00:00+01:00,28.700000762939453,31.350000381469727,28.700000762939453,30.350000381469727,30.350000381469727,16704,0.0,0.0
2018-02-07 00:00:00+01:00,29.950000762939453,31.100000381469727,29.799999237060547,30.0,30.0,4068,0.0,0.0
2018-02-08 00:00:00+01:00,29.799999237060547,30.700000762939453,28.950000762939453,29.25,29.25,7086,0.0,0.0
2018-02-09 00:00:00+01:00,28.799999237060547,29.399999618530273,28.799999237060547,29.299999237060547,29.299999237060547,4288,0.0,0.0
2018-02-12 00:00:00+01:00,29.799999237060547,30.100000381469727,29.049999237060547,29.649999618530273,29.649999618530273,2178,0.0,0.0
2018-02-13 00:00:00+01:00,29.75,29.75,29.100000381469727,29.200000762939453,29.200000762939453,1527,0.0,0.0
2018-02-14 00:00:00+01:00,29.799999237060547,31.100000381469727,29.399999618530273,31.0,31.0,5785,0.0,0.0
2018-02-15 00:00:00+01:00,31.049999237060547,31.100000381469727,30.549999237060547,30.950000762939453,30.950000762939453,2363,0.0,0.0
2018-02-16 00:00:00+01:00,31.100000381469727,31.950000762939453,30.950000762939453,31.299999237060547,31.299999237060547,5860,0.0,0.0
2018-02-19 00:00:00+01:00,31.350000381469727,31.399999618530273,31.049999237060547,31.100000381469727,31.100000381469727,1565,0.0,0.0
2018-02-20 00:00:00+01:00,31.100000381469727,31.799999237060547,31.100000381469727,31.799999237060547,31.799999237060547,1895,0.0,0.0
2018-02-21 00:00:00+01:00,31.950000762939453,32.099998474121094,31.649999618530273,32.099998474121094,32.099998474121094,5154,0.0,0.0
2018-02-22 00:00:00+01:00,32.349998474121094,32.849998474121094,31.399999618530273,32.45000076293945,32.45000076293945,9407,0.0,0.0
2018-02-23 00:00:00+01:00,32.0,32.599998474121094,31.649999618530273,32.25,32.25,2608,0.0,0.0
2018-02-26 00:00:00+01:00,31.899999618530273,32.099998474121094,31.450000762939453,31.5,31.5,2306,0.0,0.0
2018-02-27 00:00:00+01:00,32.099998474121094,32.75,32.099998474121094,32.70000076293945,32.70000076293945,2642,0.0,0.0
2018-02-28 00:00:00+01:00,32.70000076293945,33.099998474121094,32.349998474121094,33.099998474121094,33.099998474121094,7198,0.0,0.0
2018-03-01 00:00:00+01:00,33.0,33.20000076293945,31.700000762939453,31.950000762939453,31.950000762939453,2903,0.0,0.0
2018-03-02 00:00:00+01:00,31.450000762939453,31.799999237060547,30.100000381469727,30.799999237060547,30.799999237060547,8697,0.0,0.0
2018-03-05 00:00:00+01:00,31.049999237060547,31.799999237060547,30.600000381469727,31.799999237060547,31.799999237060547,5401,0.0,0.0
2018-03-06 00:00:00+01:00,31.450000762939453,32.849998474121094,31.450000762939453,31.899999618530273,31.899999618530273,3018,0.0,0.0
2018-03-07 00:00:00+01:00,31.899999618530273,32.0,31.299999237060547,31.600000381469727,31.600000381469727,3770,0.0,0.0
2018-03-08 00:00:00+01:00,31.75,31.950000762939453,31.299999237060547,31.649999618530273,31.649999618530273,2479,0.0,0.0
2018-03-09 00:00:00+01:00,31.75,31.799999237060547,30.700000762939453,31.25,31.25,4245,0.0,0.0
2018-03-12 00:00:00+01:00,31.850000381469727,33.0,31.799999237060547,32.29999923706055,32.29999923706055,12723,0.0,0.0
2018-03-13 00:00:00+01:00,32.75,32.75,31.5,31.700000762939453,31.700000762939453,3191,0.0,0.0
2018-03-14 00:00:00+01:00,32.0,32.5,30.950000762939453,31.600000381469727,31.600000381469727,6907,0.0,0.0
2018-03-15 00:00:00+01:00,31.549999237060547,31.549999237060547,30.799999237060547,30.950000762939453,30.950000762939453,1446,0.0,0.0
2018-03-16 00:00:00+01:00,31.649999618530273,32.25,31.299999237060547,31.75,31.75,5399,0.0,0.0
2018-03-19 00:00:00+01:00,31.950000762939453,31.950000762939453,31.25,31.299999237060547,31.299999237060547,5297,0.0,0.0
2018-03-20 00:00:00+01:00,31.950000762939453,31.950000762939453,31.549999237060547,31.899999618530273,31.899999618530273,596,0.0,0.0
2018-03-21 00:00:00+01:00,31.5,31.850000381469727,30.850000381469727,31.600000381469727,31.600000381469727,3273,0.0,0.0
2018-03-22 00:00:00+01:00,31.350000381469727,31.399999618530273,30.450000762939453,31.0,31.0,3288,0.0,0.0
2018-03-23 00:00:00+01:00,30.299999237060547,31.950000762939453,29.850000381469727,31.950000762939453,31.950000762939453,18171,0.0,0.0
2018-03-26 00:00:00+02:00,31.950000762939453,32.0,31.0,31.0,31.0,1461,0.0,0.0
2018-03-27 00:00:00+02:00,31.600000381469727,32.54999923706055,30.950000762939453,32.25,32.25,4005,0.0,0.0
2018-03-28 00:00:00+02:00,32.099998474121094,32.349998474121094,31.899999618530273,32.25,32.25,2836,0.0,0.0
2018-03-29 00:00:00+02:00,32.0,32.29999923706055,31.899999618530273,32.20000076293945,32.20000076293945,2709,0.0,0.0
2018-04-03 00:00:00+02:00,31.850000381469727,31.850000381469727,31.0,31.0,31.0,4144,0.0,0.0
2018-04-04 00:00:00+02:00,30.899999618530273,30.899999618530273,30.299999237060547,30.350000381469727,30.350000381469727,5916,0.0,0.0
2018-04-05 00:00:00+02:00,31.350000381469727,31.899999618530273,30.850000381469727,31.600000381469727,31.600000381469727,4553,0.0,0.0
2018-04-06 00:00:00+02:00,31.399999618530273,31.75,31.399999618530273,31.75,31.75,2094,0.0,0.0
2018-04-09 00:00:00+02:00,31.100000381469727,31.450000762939453,30.850000381469727,31.450000762939453,31.450000762939453,4404,0.0,0.0
2018-04-10 00:00:00+02:00,31.450000762939453,32.349998474121094,30.850000381469727,32.150001525878906,32.150001525878906,3446,0.0,0.0
2018-04-11 00:00:00+02:00,32.0,32.349998474121094,31.5,32.20000076293945,32.20000076293945,1669,0.0,0.0
2018-04-12 00:00:00+02:00,32.0,32.400001525878906,31.700000762939453,32.400001525878906,32.400001525878906,4293,0.0,0.0
2018-04-13 00:00:00+02:00,32.04999923706055,32.5,31.5,31.5,31.5,4276,0.0,0.0
2018-04-16 00:00:00+02:00,31.950000762939453,32.349998474121094,31.799999237060547,32.150001525878906,32.150001525878906,3197,0.0,0.0
2018-04-17 00:00:00+02:00,32.349998474121094,32.400001525878906,31.799999237060547,32.04999923706055,32.04999923706055,2849,0.0,0.0
2018-04-18 00:00:00+02:00,31.549999237060547,32.25,31.549999237060547,32.099998474121094,32.099998474121094,4349,0.0,0.0
2018-04-19 00:00:00+02:00,32.0,33.25,31.75,33.0,33.0,10943,0.0,0.0
2018-04-20 00:00:00+02:00,33.04999923706055,33.5,32.650001525878906,33.0,33.0,3945,0.0,0.0
2018-04-23 00:00:00+02:00,32.75,36.599998474121094,32.75,35.900001525878906,35.900001525878906,26065,0.0,0.0
2018-04-24 00:00:00+02:00,36.04999923706055,37.0,35.25,35.900001525878906,35.900001525878906,9034,0.0,0.0
2018-04-25 00:00:00+02:00,35.150001525878906,36.54999923706055,34.20000076293945,35.95000076293945,35.95000076293945,10751,0.0,0.0
2018-04-26 00:00:00+02:00,35.650001525878906,37.5,35.54999923706055,36.25,36.25,10014,0.0,0.0
2018-04-27 00:00:00+02:00,35.650001525878906,36.75,35.650001525878906,36.20000076293945,36.20000076293945,2318,0.0,0.0
2018-04-30 00:00:00+02:00,36.400001525878906,36.45000076293945,35.849998474121094,35.849998474121094,35.849998474121094,1058,0.0,0.0
2018-05-02 00:00:00+02:00,37.54999923706055,38.5,37.0,38.0,38.0,33839,0.0,0.0
2018-05-03 00:00:00+02:00,37.54999923706055,38.0,36.79999923706055,37.349998474121094,37.349998474121094,4201,0.0,0.0
2018-05-04 00:00:00+02:00,36.54999923706055,37.900001525878906,36.54999923706055,37.349998474121094,37.349998474121094,15107,0.0,0.0
2018-05-07 00:00:00+02:00,37.599998474121094,39.0,37.54999923706055,38.20000076293945,38.20000076293945,9344,0.0,0.0
2018-05-08 00:00:00+02:00,37.400001525878906,38.45000076293945,37.099998474121094,37.349998474121094,37.349998474121094,4604,0.0,0.0
2018-05-09 00:00:00+02:00,37.349998474121094,38.95000076293945,36.849998474121094,38.70000076293945,38.70000076293945,12742,0.0,0.0
2018-05-10 00:00:00+02:00,38.75,39.25,38.400001525878906,38.79999923706055,38.79999923706055,6206,0.0,0.0
2018-05-11 00:00:00+02:00,39.29999923706055,39.349998474121094,38.04999923706055,38.45000076293945,38.45000076293945,4170,0.0,0.0
2018-05-14 00:00:00+02:00,38.54999923706055,38.79999923706055,37.599998474121094,37.75,37.75,4058,0.0,0.0
2018-05-15 00:00:00+02:00,38.0,38.349998474121094,37.54999923706055,37.75,37.75,3864,0.0,0.0
2018-05-16 00:00:00+02:00,37.95000076293945,38.04999923706055,37.45000076293945,37.599998474121094,37.599998474121094,3641,0.0,0.0
2018-05-17 00:00:00+02:00,37.349998474121094,37.79999923706055,37.349998474121094,37.70000076293945,37.70000076293945,1529,0.0,0.0
2018-05-18 00:00:00+02:00,37.54999923706055,38.0,36.900001525878906,37.20000076293945,37.20000076293945,9893,0.0,0.0
2018-05-21 00:00:00+02:00,37.20000076293945,37.20000076293945,37.20000076293945,37.20000076293945,37.20000076293945,0,0.0,0.0
2018-05-22 00:00:00+02:00,38.0,38.0,37.0,37.5,37.5,2197,0.0,0.0
2018-05-23 00:00:00+02:00,37.599998474121094,37.900001525878906,36.29999923706055,36.849998474121094,36.849998474121094,12966,0.0,0.0
2018-05-24 00:00:00+02:00,37.29999923706055,37.5,36.099998474121094,36.849998474121094,36.849998474121094,6862,0.0,0.0
2018-05-25 00:00:00+02:00,36.900001525878906,37.25,36.5,36.5,36.5,403,0.0,0.0
2018-05-28 00:00:00+02:00,37.099998474121094,37.20000076293945,35.849998474121094,36.599998474121094,36.599998474121094,5394,0.0,0.0
2018-05-29 00:00:00+02:00,36.75,36.75,35.25,36.099998474121094,36.099998474121094,5187,0.0,0.0
2018-05-30 00:00:00+02:00,36.29999923706055,36.29999923706055,35.349998474121094,35.650001525878906,35.650001525878906,2390,0.0,0.0
2018-05-31 00:00:00+02:00,35.5,35.849998474121094,32.900001525878906,33.5,33.5,33118,0.0,0.0
2018-06-01 00:00:00+02:00,33.849998474121094,34.5,33.849998474121094,34.45000076293945,34.45000076293945,2325,0.0,0.0
2018-06-04 00:00:00+02:00,33.75,34.45000076293945,33.650001525878906,34.099998474121094,34.099998474121094,2745,0.0,0.0
2018-06-05 00:00:00+02:00,34.650001525878906,37.0,34.04999923706055,37.0,37.0,27510,0.0,0.0
2018-06-06 00:00:00+02:00,36.20000076293945,37.5,36.20000076293945,37.29999923706055,37.29999923706055,14691,0.0,0.0
2018-06-07 00:00:00+02:00,37.349998474121094,37.349998474121094,36.650001525878906,36.849998474121094,36.849998474121094,2285,0.0,0.0
2018-06-08 00:00:00+02:00,37.150001525878906,37.349998474121094,36.099998474121094,37.349998474121094,37.349998474121094,4527,0.0,0.0
2018-06-11 00:00:00+02:00,37.150001525878906,37.400001525878906,36.900001525878906,37.29999923706055,37.29999923706055,2951,0.0,0.0
2018-06-12 00:00:00+02:00,37.29999923706055,37.400001525878906,36.70000076293945,37.400001525878906,37.400001525878906,2907,0.0,0.0
2018-06-13 00:00:00+02:00,37.400001525878906,37.400001525878906,36.5,37.099998474121094,37.099998474121094,4200,0.0,0.0
2018-06-14 00:00:00+02:00,37.04999923706055,37.5,37.04999923706055,37.5,37.5,5604,0.0,0.0
2018-06-15 00:00:00+02:00,37.849998474121094,37.900001525878906,37.20000076293945,37.650001525878906,37.650001525878906,2500,0.0,0.0
2018-06-18 00:00:00+02:00,37.5,37.650001525878906,36.599998474121094,37.25,37.25,2571,0.0,0.0
2018-06-19 00:00:00+02:00,36.95000076293945,37.0,35.5,37.0,37.0,8459,0.0,0.0
2018-06-20 00:00:00+02:00,37.20000076293945,37.400001525878906,36.75,37.0,37.0,3279,0.0,0.0
2018-06-21 00:00:00+02:00,37.0,37.20000076293945,36.099998474121094,36.54999923706055,36.54999923706055,3116,0.0,0.0
2018-06-22 00:00:00+02:00,36.20000076293945,36.45000076293945,35.95000076293945,36.29999923706055,36.29999923706055,1462,0.0,0.0
2018-06-25 00:00:00+02:00,36.0,36.0,34.5,35.099998474121094,35.099998474121094,9111,0.0,0.0
2018-06-26 00:00:00+02:00,34.599998474121094,35.0,34.29999923706055,34.95000076293945,34.95000076293945,6145,0.0,0.0
2018-06-27 00:00:00+02:00,34.79999923706055,34.95000076293945,34.20000076293945,34.5,34.5,1423,0.0,0.0
2018-06-28 00:00:00+02:00,34.900001525878906,35.0,34.099998474121094,34.45000076293945,34.45000076293945,3084,0.0,0.0
2018-06-29 00:00:00+02:00,33.95000076293945,35.349998474121094,33.95000076293945,35.0,35.0,7248,0.0,0.0
2018-07-02 00:00:00+02:00,35.099998474121094,35.099998474121094,34.25,34.70000076293945,34.70000076293945,2010,0.0,0.0
2018-07-03 00:00:00+02:00,34.70000076293945,35.900001525878906,34.400001525878906,35.650001525878906,35.650001525878906,6066,0.0,0.0
2018-07-04 00:00:00+02:00,36.150001525878906,36.400001525878906,35.5,35.70000076293945,35.70000076293945,1245,0.0,0.0
2018-07-05 00:00:00+02:00,36.150001525878906,36.25,35.79999923706055,35.79999923706055,35.79999923706055,749,0.0,0.0
2018-07-06 00:00:00+02:00,35.849998474121094,36.099998474121094,35.70000076293945,35.79999923706055,35.79999923706055,589,0.0,0.0
2018-07-09 00:00:00+02:00,35.95000076293945,36.5,35.75,36.099998474121094,36.099998474121094,2434,0.0,0.0
2018-07-10 00:00:00+02:00,35.650001525878906,36.150001525878906,35.54999923706055,35.900001525878906,35.900001525878906,660,0.0,0.0
2018-07-11 00:00:00+02:00,35.5,35.95000076293945,35.5,35.75,35.75,1491,0.0,0.0
2018-07-12 00:00:00+02:00,35.849998474121094,36.0,35.349998474121094,35.900001525878906,35.900001525878906,2112,0.0,0.0
2018-07-13 00:00:00+02:00,36.0,36.0,35.29999923706055,35.75,35.75,1687,0.0,0.0
2018-07-16 00:00:00+02:00,35.79999923706055,35.79999923706055,35.0,35.20000076293945,35.20000076293945,2512,0.0,0.0
2018-07-17 00:00:00+02:00,35.650001525878906,35.650001525878906,34.400001525878906,34.79999923706055,34.79999923706055,6557,0.0,0.0
2018-07-18 00:00:00+02:00,35.20000076293945,35.20000076293945,34.849998474121094,35.099998474121094,35.099998474121094,3369,0.0,0.0
2018-07-19 00:00:00+02:00,35.349998474121094,35.650001525878906,35.150001525878906,35.650001525878906,35.650001525878906,2874,0.0,0.0
2018-07-20 00:00:00+02:00,35.79999923706055,36.0,35.5,35.849998474121094,35.849998474121094,3319,0.0,0.0
2018-07-23 00:00:00+02:00,35.5,35.900001525878906,35.5,35.900001525878906,35.900001525878906,1291,0.0,0.0
2018-07-24 00:00:00+02:00,35.95000076293945,36.0,35.349998474121094,35.849998474121094,35.849998474121094,4749,0.0,0.0
2018-07-25 00:00:00+02:00,35.29999923706055,36.099998474121094,35.29999923706055,35.900001525878906,35.900001525878906,1140,0.0,0.0
2018-07-26 00:00:00+02:00,35.849998474121094,36.099998474121094,35.54999923706055,35.900001525878906,35.900001525878906,2955,0.0,0.0
2018-07-27 00:00:00+02:00,35.5,35.95000076293945,35.29999923706055,35.75,35.75,1832,0.0,0.0
2018-07-30 00:00:00+02:00,35.5,35.849998474121094,35.099998474121094,35.75,35.75,2467,0.0,0.0
2018-07-31 00:00:00+02:00,35.95000076293945,36.099998474121094,35.25,36.099998474121094,36.099998474121094,5178,0.0,0.0
2018-08-01 00:00:00+02:00,36.099998474121094,36.099998474121094,35.5,36.099998474121094,36.099998474121094,870,0.0,0.0
2018-08-02 00:00:00+02:00,36.099998474121094,36.099998474121094,35.04999923706055,35.400001525878906,35.400001525878906,2917,0.0,0.0
2018-08-03 00:00:00+02:00,35.04999923706055,35.650001525878906,33.0,35.650001525878906,35.650001525878906,30829,0.0,0.0
2018-08-06 00:00:00+02:00,34.900001525878906,36.0,34.349998474121094,35.849998474121094,35.849998474121094,4634,0.0,0.0
2018-08-07 00:00:00+02:00,35.849998474121094,35.849998474121094,33.79999923706055,34.099998474121094,34.099998474121094,22331,0.0,0.0
2018-08-08 00:00:00+02:00,34.20000076293945,34.20000076293945,33.150001525878906,33.29999923706055,33.29999923706055,19058,0.0,0.0
2018-08-09 00:00:00+02:00,33.349998474121094,33.45000076293945,33.150001525878906,33.45000076293945,33.45000076293945,1139,0.0,0.0
2018-08-10 00:00:00+02:00,33.20000076293945,35.0,33.20000076293945,34.400001525878906,34.400001525878906,8693,0.0,0.0
2018-08-13 00:00:00+02:00,34.70000076293945,35.20000076293945,34.0,35.0,35.0,3828,0.0,0.0
2018-08-14 00:00:00+02:00,34.400001525878906,35.29999923706055,34.400001525878906,35.29999923706055,35.29999923706055,3664,0.0,0.0
2018-08-15 00:00:00+02:00,35.29999923706055,35.650001525878906,34.79999923706055,35.0,35.0,9338,0.0,0.0
2018-08-16 00:00:00+02:00,35.099998474121094,35.45000076293945,35.04999923706055,35.45000076293945,35.45000076293945,1298,0.0,0.0
2018-08-17 00:00:00+02:00,35.45000076293945,35.45000076293945,34.54999923706055,35.0,35.0,4898,0.0,0.0
2018-08-20 00:00:00+02:00,35.0,35.0,34.20000076293945,35.0,35.0,3526,0.0,0.0
2018-08-21 00:00:00+02:00,34.400001525878906,35.0,34.400001525878906,35.0,35.0,1754,0.0,0.0
2018-08-22 00:00:00+02:00,34.79999923706055,35.5,34.400001525878906,35.349998474121094,35.349998474121094,7277,0.0,0.0
2018-08-23 00:00:00+02:00,35.349998474121094,35.5,35.150001525878906,35.349998474121094,35.349998474121094,2169,0.0,0.0
2018-08-24 00:00:00+02:00,35.45000076293945,35.5,34.0,35.29999923706055,35.29999923706055,5546,0.0,0.0
2018-08-27 00:00:00+02:00,34.54999923706055,35.29999923706055,33.95000076293945,34.849998474121094,34.849998474121094,9704,0.0,0.0
2018-08-28 00:00:00+02:00,34.900001525878906,35.29999923706055,34.400001525878906,34.599998474121094,34.599998474121094,2522,0.0,0.0
2018-08-29 00:00:00+02:00,33.95000076293945,34.54999923706055,33.599998474121094,34.099998474121094,34.099998474121094,4682,0.0,0.0
2018-08-30 00:00:00+02:00,33.849998474121094,34.45000076293945,33.650001525878906,33.79999923706055,33.79999923706055,1869,0.0,0.0
2018-08-31 00:00:00+02:00,33.95000076293945,34.0,33.5,33.95000076293945,33.95000076293945,4171,0.0,0.0
2018-09-03 00:00:00+02:00,33.599998474121094,33.79999923706055,33.0,33.54999923706055,33.54999923706055,3464,0.0,0.0
2018-09-04 00:00:00+02:00,33.0,34.29999923706055,32.70000076293945,33.5,33.5,8951,0.0,0.0
2018-09-05 00:00:00+02:00,32.79999923706055,33.599998474121094,32.75,33.20000076293945,33.20000076293945,3106,0.0,0.0
2018-09-06 00:00:00+02:00,33.0,33.099998474121094,32.400001525878906,32.400001525878906,32.400001525878906,3203,0.0,0.0
2018-09-07 00:00:00+02:00,32.5,32.5,29.399999618530273,31.350000381469727,31.350000381469727,39967,0.0,0.0
2018-09-10 00:00:00+02:00,31.399999618530273,31.399999618530273,30.600000381469727,31.299999237060547,31.299999237060547,5158,0.0,0.0
2018-09-11 00:00:00+02:00,31.25,31.25,29.799999237060547,30.100000381469727,30.100000381469727,9826,0.0,0.0
2018-09-12 00:00:00+02:00,29.950000762939453,31.200000762939453,29.799999237060547,30.899999618530273,30.899999618530273,7085,0.0,0.0
2018-09-13 00:00:00+02:00,31.299999237060547,32.650001525878906,30.850000381469727,32.25,32.25,12098,0.0,0.0
2018-09-14 00:00:00+02:00,31.600000381469727,31.950000762939453,30.75,31.350000381469727,31.350000381469727,5545,0.0,0.0
2018-09-17 00:00:00+02:00,31.0,31.850000381469727,31.0,31.850000381469727,31.850000381469727,1109,0.0,0.0
2018-09-18 00:00:00+02:00,31.850000381469727,31.850000381469727,31.200000762939453,31.649999618530273,31.649999618530273,2242,0.0,0.0
2018-09-19 00:00:00+02:00,31.850000381469727,33.0,31.350000381469727,33.0,33.0,3031,0.0,0.0
2018-09-20 00:00:00+02:00,33.20000076293945,33.75,32.75,33.70000076293945,33.70000076293945,2265,0.0,0.0
2018-09-21 00:00:00+02:00,33.79999923706055,33.900001525878906,32.650001525878906,33.04999923706055,33.04999923706055,2538,0.0,0.0
2018-09-24 00:00:00+02:00,33.29999923706055,33.45000076293945,32.0,32.5,32.5,2166,0.0,0.0
2018-09-25 00:00:00+02:00,32.150001525878906,32.5,31.5,32.45000076293945,32.45000076293945,1802,0.0,0.0
2018-09-26 00:00:00+02:00,32.599998474121094,32.599998474121094,31.299999237060547,32.04999923706055,32.04999923706055,2149,0.0,0.0
2018-09-27 00:00:00+02:00,31.75,31.950000762939453,30.700000762939453,31.950000762939453,31.950000762939453,1462,0.0,0.0
2018-09-28 00:00:00+02:00,31.100000381469727,31.450000762939453,31.049999237060547,31.450000762939453,31.450000762939453,893,0.0,0.0
2018-10-01 00:00:00+02:00,31.450000762939453,31.850000381469727,30.399999618530273,31.0,31.0,5839,0.0,0.0
2018-10-02 00:00:00+02:00,30.700000762939453,30.799999237060547,30.5,30.799999237060547,30.799999237060547,7105,0.0,0.0
2018-10-04 00:00:00+02:00,30.799999237060547,30.799999237060547,29.950000762939453,30.149999618530273,30.149999618530273,3132,0.0,0.0
2018-10-05 00:00:00+02:00,29.700000762939453,31.0,29.700000762939453,30.75,30.75,11359,0.0,0.0
2018-10-08 00:00:00+02:00,30.950000762939453,31.5,30.75,31.049999237060547,31.049999237060547,6593,0.0,0.0
2018-10-09 00:00:00+02:00,31.0,31.0,30.450000762939453,30.450000762939453,30.450000762939453,3158,0.0,0.0
2018-10-10 00:00:00+02:00,30.5,30.799999237060547,30.299999237060547,30.549999237060547,30.549999237060547,4147,0.0,0.0
2018-10-11 00:00:00+02:00,30.700000762939453,30.950000762939453,30.200000762939453,30.450000762939453,30.450000762939453,5288,0.0,0.0
2018-10-12 00:00:00+02:00,30.299999237060547,30.700000762939453,29.549999237060547,29.950000762939453,29.950000762939453,5974,0.0,0.0
2018-10-15 00:00:00+02:00,30.0,30.700000762939453,29.5,30.0,30.0,7417,0.0,0.0
2018-10-16 00:00:00+02:00,30.700000762939453,30.700000762939453,29.850000381469727,30.450000762939453,30.450000762939453,3344,0.0,0.0
2018-10-17 00:00:00+02:00,30.5,31.399999618530273,30.5,31.350000381469727,31.350000381469727,1302,0.0,0.0
2018-10-18 00:00:00+02:00,31.299999237060547,31.350000381469727,30.5,30.799999237060547,30.799999237060547,2596,0.0,0.0
2018-10-19 00:00:00+02:00,30.450000762939453,30.75,30.200000762939453,30.700000762939453,30.700000762939453,2964,0.0,0.0
2018-10-22 00:00:00+02:00,30.149999618530273,30.399999618530273,30.100000381469727,30.399999618530273,30.399999618530273,322,0.0,0.0
2018-10-23 00:00:00+02:00,29.950000762939453,30.399999618530273,28.350000381469727,29.0,29.0,16561,0.0,0.0
2018-10-24 00:00:00+02:00,28.549999237060547,29.149999618530273,28.549999237060547,29.049999237060547,29.049999237060547,6411,0.0,0.0
2018-10-25 00:00:00+02:00,28.600000381469727,28.899999618530273,28.149999618530273,28.700000762939453,28.700000762939453,7559,0.0,0.0
2018-10-26 00:00:00+02:00,28.75,28.75,26.5,26.5,26.5,22727,0.0,0.0
2018-10-29 00:00:00+01:00,27.450000762939453,28.950000762939453,27.0,28.350000381469727,28.350000381469727,3709,0.0,0.0
2018-10-30 00:00:00+01:00,28.399999618530273,28.5,27.649999618530273,27.899999618530273,27.899999618530273,2393,0.0,0.0
2018-10-31 00:00:00+01:00,27.75,28.399999618530273,27.75,28.399999618530273,28.399999618530273,4816,0.0,0.0
2018-11-01 00:00:00+01:00,28.549999237060547,30.200000762939453,28.549999237060547,29.5,29.5,5030,0.0,0.0
2018-11-02 00:00:00+01:00,29.649999618530273,31.0,29.649999618530273,30.799999237060547,30.799999237060547,13180,0.0,0.0
2018-11-05 00:00:00+01:00,30.600000381469727,31.25,30.549999237060547,30.700000762939453,30.700000762939453,2560,0.0,0.0
2018-11-06 00:00:00+01:00,31.25,31.549999237060547,30.450000762939453,30.5,30.5,3436,0.0,0.0
2018-11-07 00:00:00+01:00,30.5,30.899999618530273,30.149999618530273,30.200000762939453,30.200000762939453,3767,0.0,0.0
2018-11-08 00:00:00+01:00,30.0,30.0,29.149999618530273,29.5,29.5,2178,0.0,0.0
2018-11-09 00:00:00+01:00,29.899999618530273,30.0,29.5,29.950000762939453,29.950000762939453,3634,0.0,0.0
2018-11-12 00:00:00+01:00,29.950000762939453,30.0,29.5,29.850000381469727,29.850000381469727,1510,0.0,0.0
2018-11-13 00:00:00+01:00,29.450000762939453,29.850000381469727,29.450000762939453,29.75,29.75,817,0.0,0.0
2018-11-14 00:00:00+01:00,29.850000381469727,30.0,29.25,30.0,30.0,3730,0.0,0.0
2018-11-15 00:00:00+01:00,29.350000381469727,30.0,29.25,29.799999237060547,29.799999237060547,2850,0.0,0.0
2018-11-16 00:00:00+01:00,29.149999618530273,29.75,29.149999618530273,29.649999618530273,29.649999618530273,7740,0.0,0.0
2018-11-19 00:00:00+01:00,29.799999237060547,29.950000762939453,29.399999618530273,29.399999618530273,29.399999618530273,1714,0.0,0.0
2018-11-20 00:00:00+01:00,29.799999237060547,30.0,29.350000381469727,29.799999237060547,29.799999237060547,4649,0.0,0.0
2018-11-21 00:00:00+01:00,29.75,29.850000381469727,29.100000381469727,29.850000381469727,29.850000381469727,2175,0.0,0.0
2018-11-22 00:00:00+01:00,29.200000762939453,29.399999618530273,28.899999618530273,29.399999618530273,29.399999618530273,1254,0.0,0.0
2018-11-23 00:00:00+01:00,29.399999618530273,30.0,29.0,30.0,30.0,10741,0.0,0.0
2018-11-26 00:00:00+01:00,29.899999618530273,29.950000762939453,29.299999237060547,29.799999237060547,29.799999237060547,1122,0.0,0.0
2018-11-27 00:00:00+01:00,29.700000762939453,29.950000762939453,29.299999237060547,29.899999618530273,29.899999618530273,159,0.0,0.0
2018-11-28 00:00:00+01:00,29.799999237060547,29.850000381469727,29.25,29.649999618530273,29.649999618530273,3052,0.0,0.0
2018-11-29 00:00:00+01:00,29.649999618530273,29.950000762939453,29.299999237060547,29.950000762939453,29.950000762939453,1678,0.0,0.0
2018-11-30 00:00:00+01:00,29.899999618530273,29.950000762939453,29.350000381469727,29.799999237060547,29.799999237060547,2821,0.0,0.0
2018-12-03 00:00:00+01:00,30.0,31.0,29.600000381469727,29.950000762939453,29.950000762939453,6157,0.0,0.0
2018-12-04 00:00:00+01:00,29.549999237060547,29.950000762939453,29.200000762939453,29.75,29.75,2348,0.0,0.0
2018-12-05 00:00:00+01:00,29.25,29.600000381469727,28.0,28.799999237060547,28.799999237060547,11081,0.0,0.0
2018-12-06 00:00:00+01:00,28.5,28.950000762939453,27.75,28.049999237060547,28.049999237060547,3171,0.0,0.0
2018-12-07 00:00:00+01:00,28.350000381469727,29.149999618530273,28.350000381469727,28.799999237060547,28.799999237060547,4242,0.0,0.0
2018-12-10 00:00:00+01:00,28.350000381469727,28.950000762939453,27.600000381469727,28.299999237060547,28.299999237060547,5284,0.0,0.0
2018-12-11 00:00:00+01:00,27.549999237060547,29.5,27.549999237060547,29.200000762939453,29.200000762939453,4947,0.0,0.0
2018-12-12 00:00:00+01:00,29.25,29.25,28.25,28.5,28.5,4812,0.0,0.0
2018-12-13 00:00:00+01:00,28.450000762939453,29.0,28.0,28.399999618530273,28.399999618530273,3915,0.0,0.0
2018-12-14 00:00:00+01:00,28.399999618530273,29.149999618530273,27.950000762939453,29.0,29.0,1392,0.0,0.0
2018-12-17 00:00:00+01:00,28.549999237060547,28.950000762939453,27.549999237060547,27.799999237060547,27.799999237060547,4201,0.0,0.0
2018-12-18 00:00:00+01:00,28.200000762939453,28.25,27.049999237060547,27.5,27.5,9272,0.0,0.0
2018-12-19 00:00:00+01:00,27.5,27.5,26.5,27.25,27.25,4957,0.0,0.0
2018-12-20 00:00:00+01:00,26.75,26.75,25.899999618530273,26.049999237060547,26.049999237060547,6935,0.0,0.0
2018-12-21 00:00:00+01:00,25.950000762939453,26.450000762939453,24.5,26.0,26.0,15156,0.0,0.0
2018-12-27 00:00:00+01:00,26.5,26.649999618530273,24.299999237060547,25.049999237060547,25.049999237060547,9827,0.0,0.0
2018-12-28 00:00:00+01:00,25.5,26.0,25.5,26.0,26.0,2149,0.0,0.0
2019-01-02 00:00:00+01:00,26.100000381469727,26.5,26.100000381469727,26.200000762939453,26.200000762939453,1293,0.0,0.0
2019-01-03 00:00:00+01:00,26.700000762939453,26.950000762939453,26.399999618530273,26.5,26.5,1624,0.0,0.0
2019-01-04 00:00:00+01:00,26.950000762939453,27.200000762939453,25.950000762939453,26.350000381469727,26.350000381469727,7493,0.0,0.0
2019-01-07 00:00:00+01:00,26.5,27.0,26.350000381469727,26.549999237060547,26.549999237060547,3614,0.0,0.0
2019-01-08 00:00:00+01:00,27.049999237060547,27.100000381469727,26.5,26.5,26.5,2713,0.0,0.0
2019-01-09 00:00:00+01:00,26.549999237060547,26.600000381469727,25.950000762939453,26.399999618530273,26.399999618530273,10274,0.0,0.0
2019-01-10 00:00:00+01:00,26.5,27.0,26.5,26.799999237060547,26.799999237060547,1037,0.0,0.0
2019-01-11 00:00:00+01:00,26.399999618530273,26.649999618530273,26.100000381469727,26.5,26.5,4304,0.0,0.0
2019-01-14 00:00:00+01:00,26.450000762939453,27.0,26.0,26.299999237060547,26.299999237060547,11962,0.0,0.0
2019-01-15 00:00:00+01:00,26.899999618530273,26.950000762939453,26.100000381469727,26.399999618530273,26.399999618530273,12590,0.0,0.0
2019-01-16 00:00:00+01:00,26.25,27.25,26.25,27.049999237060547,27.049999237060547,1700,0.0,0.0
2019-01-17 00:00:00+01:00,27.049999237060547,27.299999237060547,26.399999618530273,26.75,26.75,1421,0.0,0.0
2019-01-18 00:00:00+01:00,27.299999237060547,28.149999618530273,27.0,27.950000762939453,27.950000762939453,2419,0.0,0.0
2019-01-21 00:00:00+01:00,28.25,28.299999237060547,27.399999618530273,28.100000381469727,28.100000381469727,934,0.0,0.0
2019-01-22 00:00:00+01:00,28.0,28.100000381469727,27.600000381469727,27.75,27.75,2865,0.0,0.0
2019-01-23 00:00:00+01:00,27.950000762939453,28.25,27.5,28.25,28.25,5418,0.0,0.0
2019-01-24 00:00:00+01:00,28.200000762939453,28.25,27.049999237060547,27.850000381469727,27.850000381469727,3292,0.0,0.0
2019-01-25 00:00:00+01:00,28.049999237060547,28.950000762939453,27.700000762939453,28.700000762939453,28.700000762939453,6070,0.0,0.0
2019-01-28 00:00:00+01:00,28.950000762939453,29.0,28.0,28.399999618530273,28.399999618530273,11096,0.0,0.0
2019-01-29 00:00:00+01:00,28.549999237060547,28.700000762939453,27.799999237060547,28.399999618530273,28.399999618530273,531,0.0,0.0
2019-01-30 00:00:00+01:00,28.549999237060547,28.549999237060547,28.25,28.25,28.25,146,0.0,0.0
2019-01-31 00:00:00+01:00,28.950000762939453,29.0,27.5,28.399999618530273,28.399999618530273,7471,0.0,0.0
2019-02-01 00:00:00+01:00,28.299999237060547,28.649999618530273,27.799999237060547,28.399999618530273,28.399999618530273,633,0.0,0.0
2019-02-04 00:00:00+01:00,28.549999237060547,28.700000762939453,27.399999618530273,28.100000381469727,28.100000381469727,1953,0.0,0.0
2019-02-05 00:00:00+01:00,28.100000381469727,28.799999237060547,28.0,28.649999618530273,28.649999618530273,3781,0.0,0.0
2019-02-06 00:00:00+01:00,28.299999237060547,28.600000381469727,28.0,28.399999618530273,28.399999618530273,3882,0.0,0.0
2019-02-07 00:00:00+01:00,28.649999618530273,28.700000762939453,27.5,28.200000762939453,28.200000762939453,3102,0.0,0.0
2019-02-08 00:00:00+01:00,28.25,28.25,27.700000762939453,28.100000381469727,28.100000381469727,318,0.0,0.0
2019-02-11 00:00:00+01:00,27.799999237060547,28.75,27.75,28.600000381469727,28.600000381469727,9632,0.0,0.0
2019-02-12 00:00:00+01:00,28.75,28.899999618530273,28.549999237060547,28.899999618530273,28.899999618530273,3665,0.0,0.0
2019-02-13 00:00:00+01:00,28.899999618530273,29.350000381469727,28.450000762939453,28.700000762939453,28.700000762939453,956,0.0,0.0
2019-02-14 00:00:00+01:00,28.100000381469727,30.0,28.100000381469727,29.299999237060547,29.299999237060547,8477,0.0,0.0
2019-02-15 00:00:00+01:00,29.25,29.850000381469727,29.200000762939453,29.399999618530273,29.399999618530273,7603,0.0,0.0
2019-02-18 00:00:00+01:00,29.450000762939453,29.450000762939453,29.100000381469727,29.399999618530273,29.399999618530273,1028,0.0,0.0
2019-02-19 00:00:00+01:00,29.450000762939453,29.5,28.899999618530273,28.950000762939453,28.950000762939453,7243,0.0,0.0
2019-02-20 00:00:00+01:00,29.350000381469727,29.5,28.700000762939453,29.049999237060547,29.049999237060547,2702,0.0,0.0
2019-02-21 00:00:00+01:00,29.200000762939453,29.399999618530273,28.549999237060547,29.149999618530273,29.149999618530273,561,0.0,0.0
2019-02-22 00:00:00+01:00,28.5,29.200000762939453,28.5,28.5,28.5,538,0.0,0.0
2019-02-25 00:00:00+01:00,29.299999237060547,29.399999618530273,28.399999618530273,28.649999618530273,28.649999618530273,2829,0.0,0.0
2019-02-26 00:00:00+01:00,28.850000381469727,28.850000381469727,28.299999237060547,28.700000762939453,28.700000762939453,2456,0.0,0.0
2019-02-27 00:00:00+01:00,28.950000762939453,29.100000381469727,27.549999237060547,29.100000381469727,29.100000381469727,10232,0.0,0.0
2019-02-28 00:00:00+01:00,28.950000762939453,32.0,28.950000762939453,32.0,32.0,11503,0.0,0.0
2019-03-01 00:00:00+01:00,32.25,33.0,32.0,32.25,32.25,9539,0.0,0.0
2019-03-04 00:00:00+01:00,32.650001525878906,33.29999923706055,32.349998474121094,33.04999923706055,33.04999923706055,1415,0.0,0.0
2019-03-05 00:00:00+01:00,33.04999923706055,33.099998474121094,32.099998474121094,32.54999923706055,32.54999923706055,7736,0.0,0.0
2019-03-06 00:00:00+01:00,32.599998474121094,32.900001525878906,31.0,31.299999237060547,31.299999237060547,10159,0.0,0.0
2019-03-07 00:00:00+01:00,31.350000381469727,31.399999618530273,30.5,31.0,31.0,1379,0.0,0.0
2019-03-08 00:00:00+01:00,30.5,30.75,30.299999237060547,30.700000762939453,30.700000762939453,3054,0.0,0.0
2019-03-11 00:00:00+01:00,30.75,30.899999618530273,29.899999618530273,30.299999237060547,30.299999237060547,4402,0.0,0.0
2019-03-12 00:00:00+01:00,29.850000381469727,30.200000762939453,29.799999237060547,30.0,30.0,1355,0.0,0.0
2019-03-13 00:00:00+01:00,30.399999618530273,30.399999618530273,29.850000381469727,30.149999618530273,30.149999618530273,619,0.0,0.0
2019-03-14 00:00:00+01:00,29.799999237060547,30.200000762939453,29.649999618530273,30.049999237060547,30.049999237060547,2567,0.0,0.0
2019-03-15 00:00:00+01:00,30.350000381469727,30.799999237060547,29.649999618530273,30.0,30.0,4838,0.0,0.0
2019-03-18 00:00:00+01:00,29.950000762939453,30.0,29.5,29.649999618530273,29.649999618530273,4761,0.0,0.0
2019-03-19 00:00:00+01:00,29.5,30.899999618530273,29.5,30.399999618530273,30.399999618530273,9948,0.0,0.0
2019-03-20 00:00:00+01:00,30.450000762939453,30.450000762939453,29.850000381469727,29.950000762939453,29.950000762939453,1718,0.0,0.0
2019-03-21 00:00:00+01:00,30.350000381469727,30.350000381469727,29.600000381469727,29.850000381469727,29.850000381469727,1137,0.0,0.0
2019-03-22 00:00:00+01:00,29.75,29.799999237060547,29.399999618530273,29.799999237060547,29.799999237060547,268,0.0,0.0
2019-03-25 00:00:00+01:00,29.850000381469727,30.149999618530273,29.049999237060547,29.299999237060547,29.299999237060547,7677,0.0,0.0
2019-03-26 00:00:00+01:00,29.5,30.149999618530273,29.049999237060547,29.200000762939453,29.200000762939453,6697,0.0,0.0
2019-03-27 00:00:00+01:00,29.049999237060547,29.950000762939453,29.049999237060547,29.5,29.5,2877,0.0,0.0
2019-03-28 00:00:00+01:00,29.75,30.149999618530273,29.649999618530273,30.100000381469727,30.100000381469727,2022,0.0,0.0
2019-03-29 00:00:00+01:00,30.149999618530273,30.700000762939453,29.799999237060547,30.700000762939453,30.700000762939453,7978,0.0,0.0
2019-04-01 00:00:00+02:00,30.700000762939453,30.700000762939453,30.299999237060547,30.5,30.5,1389,0.0,0.0
2019-04-02 00:00:00+02:00,30.200000762939453,30.5,30.0,30.5,30.5,766,0.0,0.0
2019-04-03 00:00:00+02:00,30.600000381469727,31.0,30.399999618530273,31.0,31.0,6102,0.0,0.0
2019-04-04 00:00:00+02:00,30.899999618530273,31.0,30.399999618530273,30.700000762939453,30.700000762939453,1585,0.0,0.0
2019-04-05 00:00:00+02:00,30.799999237060547,30.899999618530273,30.399999618530273,30.700000762939453,30.700000762939453,3457,0.0,0.0
2019-04-08 00:00:00+02:00,30.899999618530273,32.70000076293945,30.5,32.5,32.5,5012,0.0,0.0
2019-04-09 00:00:00+02:00,32.599998474121094,33.29999923706055,32.20000076293945,33.0,33.0,3755,0.0,0.0
2019-04-10 00:00:00+02:00,32.900001525878906,35.0,32.900001525878906,34.0,34.0,21834,0.0,0.0
2019-04-11 00:00:00+02:00,34.099998474121094,34.099998474121094,32.29999923706055,32.79999923706055,32.79999923706055,4786,0.0,0.0
2019-04-12 00:00:00+02:00,33.099998474121094,34.5,33.0,34.29999923706055,34.29999923706055,6930,0.0,0.0
2019-04-15 00:00:00+02:00,34.099998474121094,34.099998474121094,33.0,33.29999923706055,33.29999923706055,4695,0.0,0.0
2019-04-16 00:00:00+02:00,33.20000076293945,34.20000076293945,33.20000076293945,34.0,34.0,3313,0.0,0.0
2019-04-17 00:00:00+02:00,34.099998474121094,34.20000076293945,32.5,33.099998474121094,33.099998474121094,7805,0.0,0.0
2019-04-18 00:00:00+02:00,32.5,32.900001525878906,32.0,32.29999923706055,32.29999923706055,1737,0.0,0.0
2019-04-23 00:00:00+02:00,33.0,34.099998474121094,32.599998474121094,33.900001525878906,33.900001525878906,7055,0.0,0.0
2019-04-24 00:00:00+02:00,33.900001525878906,34.599998474121094,33.5,34.599998474121094,34.599998474121094,5327,0.0,0.0
2019-04-25 00:00:00+02:00,34.79999923706055,34.900001525878906,33.20000076293945,34.20000076293945,34.20000076293945,6512,0.0,0.0
2019-04-26 00:00:00+02:00,34.5,35.20000076293945,34.099998474121094,35.20000076293945,35.20000076293945,18329,0.0,0.0
2019-04-29 00:00:00+02:00,35.099998474121094,35.70000076293945,34.900001525878906,35.70000076293945,35.70000076293945,14095,0.0,0.0
2019-04-30 00:00:00+02:00,35.29999923706055,37.29999923706055,35.20000076293945,36.400001525878906,36.400001525878906,14185,0.0,0.0
2019-05-02 00:00:00+02:00,36.20000076293945,36.20000076293945,35.599998474121094,36.0,36.0,2514,0.0,0.0
2019-05-03 00:00:00+02:00,35.79999923706055,36.0,35.29999923706055,35.599998474121094,35.599998474121094,1869,0.0,0.0
2019-05-06 00:00:00+02:00,34.70000076293945,35.099998474121094,33.400001525878906,33.900001525878906,33.900001525878906,2433,0.0,0.0
2019-05-07 00:00:00+02:00,34.099998474121094,35.0,33.599998474121094,34.79999923706055,34.79999923706055,5886,0.0,0.0
2019-05-08 00:00:00+02:00,34.70000076293945,35.20000076293945,34.599998474121094,35.099998474121094,35.099998474121094,2349,0.0,0.0
2019-05-09 00:00:00+02:00,34.70000076293945,34.70000076293945,33.099998474121094,33.5,33.5,2564,0.0,0.0
2019-05-10 00:00:00+02:00,33.599998474121094,33.900001525878906,33.599998474121094,33.900001525878906,33.900001525878906,438,0.0,0.0
2019-05-13 00:00:00+02:00,33.900001525878906,34.0,31.100000381469727,32.20000076293945,32.20000076293945,49043,0.0,0.0
2019-05-14 00:00:00+02:00,32.20000076293945,33.599998474121094,31.5,33.599998474121094,33.599998474121094,9984,0.0,0.0
2019-05-15 00:00:00+02:00,33.79999923706055,33.79999923706055,32.0,33.20000076293945,33.20000076293945,9284,0.0,0.0
2019-05-16 00:00:00+02:00,33.20000076293945,34.29999923706055,32.900001525878906,34.20000076293945,34.20000076293945,4838,0.0,0.0
2019-05-17 00:00:00+02:00,34.099998474121094,34.099998474121094,32.5,32.900001525878906,32.900001525878906,11138,0.0,0.0
2019-05-20 00:00:00+02:00,32.099998474121094,32.099998474121094,31.5,32.0,32.0,10556,0.0,0.0
2019-05-21 00:00:00+02:00,31.299999237060547,32.0,31.200000762939453,32.0,32.0,3595,0.0,0.0
2019-05-22 00:00:00+02:00,31.899999618530273,32.0,31.700000762939453,32.0,32.0,2160,0.0,0.0
2019-05-23 00:00:00+02:00,31.899999618530273,33.0,31.600000381469727,32.099998474121094,32.099998474121094,24080,0.0,0.0
2019-05-24 00:00:00+02:00,32.0,32.70000076293945,31.600000381469727,32.70000076293945,32.70000076293945,6232,0.0,0.0
2019-05-27 00:00:00+02:00,33.0,34.0,32.70000076293945,33.20000076293945,33.20000076293945,11852,0.0,0.0
2019-05-28 00:00:00+02:00,33.5,34.0,33.400001525878906,33.5,33.5,6459,0.0,0.0
2019-05-29 00:00:00+02:00,33.400001525878906,33.70000076293945,33.0,33.5,33.5,766,0.0,0.0
2019-05-30 00:00:00+02:00,33.70000076293945,33.70000076293945,33.400001525878906,33.70000076293945,33.70000076293945,207,0.0,0.0
2019-05-31 00:00:00+02:00,33.0,34.0,32.29999923706055,32.70000076293945,32.70000076293945,9121,0.0,0.0
2019-06-03 00:00:00+02:00,32.900001525878906,33.400001525878906,32.599998474121094,33.0,33.0,2869,0.0,0.0
2019-06-04 00:00:00+02:00,31.899999618530273,33.099998474121094,31.200000762939453,32.70000076293945,32.70000076293945,4643,0.0,0.0
2019-06-05 00:00:00+02:00,32.70000076293945,32.70000076293945,31.700000762939453,32.0,32.0,4170,0.0,0.0
2019-06-06 00:00:00+02:00,32.099998474121094,32.400001525878906,31.799999237060547,32.0,32.0,1397,0.0,0.0
2019-06-07 00:00:00+02:00,32.400001525878906,32.400001525878906,31.799999237060547,31.799999237060547,31.799999237060547,2265,0.0,0.0
2019-06-11 00:00:00+02:00,31.899999618530273,32.5,30.200000762939453,30.399999618530273,30.399999618530273,12516,0.0,0.0
2019-06-12 00:00:00+02:00,30.600000381469727,31.799999237060547,30.600000381469727,31.600000381469727,31.600000381469727,3918,0.0,0.0
2019-06-13 00:00:00+02:00,31.100000381469727,31.799999237060547,31.100000381469727,31.799999237060547,31.799999237060547,631,0.0,0.0
2019-06-14 00:00:00+02:00,31.5,32.5,31.299999237060547,32.5,32.5,3315,0.0,0.0
2019-06-17 00:00:00+02:00,31.5,32.5,31.0,32.400001525878906,32.400001525878906,7035,0.0,0.0
2019-06-18 00:00:00+02:00,31.899999618530273,33.5,31.899999618530273,33.099998474121094,33.099998474121094,9231,0.0,0.0
2019-06-19 00:00:00+02:00,32.900001525878906,33.29999923706055,32.599998474121094,33.099998474121094,33.099998474121094,1304,0.0,0.0
2019-06-20 00:00:00+02:00,32.79999923706055,32.79999923706055,31.399999618530273,31.899999618530273,31.899999618530273,4469,0.0,0.0
2019-06-21 00:00:00+02:00,31.899999618530273,31.899999618530273,30.100000381469727,30.799999237060547,30.799999237060547,8778,0.0,0.0
2019-06-24 00:00:00+02:00,30.700000762939453,31.299999237060547,30.100000381469727,30.5,30.5,8807,0.0,0.0
2019-06-25 00:00:00+02:00,30.200000762939453,31.600000381469727,30.200000762939453,30.600000381469727,30.600000381469727,4011,0.0,0.0
2019-06-26 00:00:00+02:00,31.100000381469727,31.700000762939453,30.100000381469727,30.5,30.5,8415,0.0,0.0
2019-06-27 00:00:00+02:00,30.899999618530273,31.299999237060547,30.600000381469727,31.299999237060547,31.299999237060547,9479,0.0,0.0
2019-06-28 00:00:00+02:00,31.0,31.700000762939453,31.0,31.5,31.5,6036,0.0,0.0
2019-07-01 00:00:00+02:00,31.700000762939453,31.899999618530273,31.0,31.299999237060547,31.299999237060547,6952,0.0,0.0
2019-07-02 00:00:00+02:00,31.600000381469727,31.600000381469727,31.0,31.200000762939453,31.200000762939453,1229,0.0,0.0
2019-07-03 00:00:00+02:00,31.5,31.700000762939453,30.700000762939453,31.200000762939453,31.200000762939453,4251,0.0,0.0
2019-07-04 00:00:00+02:00,30.700000762939453,31.399999618530273,30.700000762939453,31.100000381469727,31.100000381469727,375,0.0,0.0
2019-07-05 00:00:00+02:00,31.5,31.600000381469727,30.600000381469727,30.600000381469727,30.600000381469727,1879,0.0,0.0
2019-07-08 00:00:00+02:00,31.399999618530273,31.399999618530273,30.700000762939453,30.700000762939453,30.700000762939453,661,0.0,0.0
2019-07-09 00:00:00+02:00,31.200000762939453,31.200000762939453,29.700000762939453,30.200000762939453,30.200000762939453,5566,0.0,0.0
2019-07-10 00:00:00+02:00,30.299999237060547,30.5,30.200000762939453,30.399999618530273,30.399999618530273,2161,0.0,0.0
2019-07-11 00:00:00+02:00,30.100000381469727,30.100000381469727,28.700000762939453,29.899999618530273,29.899999618530273,11948,0.0,0.0
2019-07-12 00:00:00+02:00,30.0,30.399999618530273,29.700000762939453,29.899999618530273,29.899999618530273,7757,0.0,0.0
2019-07-15 00:00:00+02:00,29.600000381469727,30.200000762939453,29.5,30.0,30.0,2718,0.0,0.0
2019-07-16 00:00:00+02:00,30.0,31.299999237060547,30.0,31.0,31.0,5767,0.0,0.0
2019-07-17 00:00:00+02:00,30.899999618530273,31.899999618530273,30.799999237060547,30.799999237060547,30.799999237060547,5435,0.0,0.0
2019-07-18 00:00:00+02:00,30.799999237060547,31.799999237060547,30.799999237060547,31.700000762939453,31.700000762939453,3492,0.0,0.0
2019-07-19 00:00:00+02:00,31.899999618530273,32.400001525878906,30.799999237060547,31.399999618530273,31.399999618530273,8002,0.0,0.0
2019-07-22 00:00:00+02:00,30.899999618530273,31.899999618530273,30.799999237060547,31.799999237060547,31.799999237060547,1486,0.0,0.0
2019-07-23 00:00:00+02:00,31.799999237060547,32.29999923706055,31.799999237060547,31.899999618530273,31.899999618530273,2299,0.0,0.0
2019-07-24 00:00:00+02:00,32.0,32.400001525878906,32.0,32.400001525878906,32.400001525878906,707,0.0,0.0
2019-07-25 00:00:00+02:00,32.400001525878906,33.0,32.29999923706055,32.29999923706055,32.29999923706055,4325,0.0,0.0
2019-07-26 00:00:00+02:00,32.900001525878906,32.900001525878906,32.0,32.0,32.0,1647,0.0,0.0
2019-07-29 00:00:00+02:00,32.099998474121094,32.099998474121094,30.600000381469727,31.200000762939453,31.200000762939453,4311,0.0,0.0
2019-07-30 00:00:00+02:00,31.299999237060547,31.700000762939453,31.100000381469727,31.5,31.5,1660,0.0,0.0
2019-07-31 00:00:00+02:00,31.899999618530273,31.899999618530273,30.700000762939453,30.700000762939453,30.700000762939453,1561,0.0,0.0
2019-08-01 00:00:00+02:00,30.5,31.399999618530273,30.5,30.700000762939453,30.700000762939453,1882,0.0,0.0
2019-08-02 00:00:00+02:00,30.700000762939453,31.100000381469727,30.299999237060547,30.399999618530273,30.399999618530273,2995,0.0,0.0
2019-08-05 00:00:00+02:00,30.200000762939453,30.600000381469727,29.700000762939453,29.899999618530273,29.899999618530273,1040,0.0,0.0
2019-08-06 00:00:00+02:00,29.600000381469727,30.100000381469727,28.700000762939453,30.100000381469727,30.100000381469727,5210,0.0,0.0
2019-08-07 00:00:00+02:00,29.399999618530273,30.0,29.399999618530273,29.799999237060547,29.799999237060547,2322,0.0,0.0
2019-08-08 00:00:00+02:00,29.399999618530273,29.5,28.700000762939453,29.299999237060547,29.299999237060547,2679,0.0,0.0
2019-08-09 00:00:00+02:00,29.0,30.200000762939453,28.600000381469727,29.799999237060547,29.799999237060547,5993,0.0,0.0
2019-08-12 00:00:00+02:00,29.799999237060547,30.0,28.899999618530273,29.600000381469727,29.600000381469727,756,0.0,0.0
2019-08-13 00:00:00+02:00,29.600000381469727,29.600000381469727,28.600000381469727,29.5,29.5,4944,0.0,0.0
2019-08-14 00:00:00+02:00,29.299999237060547,29.399999618530273,28.5,29.100000381469727,29.100000381469727,1326,0.0,0.0
2019-08-15 00:00:00+02:00,28.600000381469727,28.899999618530273,27.600000381469727,28.799999237060547,28.799999237060547,6745,0.0,0.0
2019-08-16 00:00:00+02:00,28.600000381469727,29.5,28.399999618530273,29.100000381469727,29.100000381469727,3502,0.0,0.0
2019-08-19 00:00:00+02:00,29.399999618530273,30.100000381469727,28.700000762939453,30.100000381469727,30.100000381469727,3678,0.0,0.0
2019-08-20 00:00:00+02:00,29.799999237060547,32.5,29.799999237060547,31.200000762939453,31.200000762939453,7057,0.0,0.0
2019-08-21 00:00:00+02:00,31.100000381469727,32.599998474121094,31.100000381469727,31.600000381469727,31.600000381469727,4832,0.0,0.0
2019-08-22 00:00:00+02:00,31.5,31.899999618530273,30.200000762939453,30.299999237060547,30.299999237060547,6773,0.0,0.0
2019-08-23 00:00:00+02:00,30.600000381469727,30.700000762939453,30.0,30.100000381469727,30.100000381469727,5041,0.0,0.0
2019-08-26 00:00:00+02:00,30.0,30.0,29.299999237060547,29.600000381469727,29.600000381469727,4201,0.0,0.0
2019-08-27 00:00:00+02:00,29.600000381469727,29.799999237060547,29.0,29.200000762939453,29.200000762939453,3516,0.0,0.0
2019-08-28 00:00:00+02:00,29.100000381469727,29.399999618530273,28.0,29.0,29.0,8295,0.0,0.0
2019-08-29 00:00:00+02:00,28.5,29.399999618530273,28.5,29.0,29.0,3514,0.0,0.0
2019-08-30 00:00:00+02:00,29.0,29.200000762939453,28.700000762939453,28.799999237060547,28.799999237060547,5764,0.0,0.0
2019-09-02 00:00:00+02:00,29.399999618530273,31.5,29.399999618530273,29.899999618530273,29.899999618530273,5263,0.0,0.0
2019-09-03 00:00:00+02:00,29.799999237060547,30.0,29.200000762939453,29.299999237060547,29.299999237060547,2771,0.0,0.0
2019-09-04 00:00:00+02:00,29.600000381469727,29.600000381469727,29.200000762939453,29.299999237060547,29.299999237060547,2263,0.0,0.0
2019-09-05 00:00:00+02:00,29.600000381469727,30.5,29.200000762939453,29.299999237060547,29.299999237060547,7691,0.0,0.0
2019-09-06 00:00:00+02:00,29.600000381469727,29.600000381469727,29.200000762939453,29.299999237060547,29.299999237060547,2901,0.0,0.0
2019-09-09 00:00:00+02:00,29.299999237060547,30.399999618530273,29.299999237060547,30.0,30.0,4827,0.0,0.0
2019-09-10 00:00:00+02:00,30.0,30.5,28.799999237060547,29.0,29.0,10352,0.0,0.0
2019-09-11 00:00:00+02:00,29.100000381469727,30.700000762939453,28.600000381469727,30.0,30.0,2841,0.0,0.0
2019-09-12 00:00:00+02:00,30.600000381469727,31.0,30.100000381469727,30.5,30.5,4283,0.0,0.0
2019-09-13 00:00:00+02:00,30.399999618530273,30.399999618530273,29.5,29.799999237060547,29.799999237060547,1773,0.0,0.0
2019-09-16 00:00:00+02:00,29.899999618530273,30.799999237060547,29.5,30.200000762939453,30.200000762939453,2534,0.0,0.0
2019-09-17 00:00:00+02:00,30.700000762939453,30.799999237060547,30.0,30.100000381469727,30.100000381469727,1289,0.0,0.0
2019-09-18 00:00:00+02:00,30.100000381469727,30.5,30.0,30.299999237060547,30.299999237060547,243,0.0,0.0
2019-09-19 00:00:00+02:00,30.299999237060547,30.700000762939453,30.100000381469727,30.700000762939453,30.700000762939453,787,0.0,0.0
2019-09-20 00:00:00+02:00,30.700000762939453,30.899999618530273,30.299999237060547,30.700000762939453,30.700000762939453,1425,0.0,0.0
2019-09-23 00:00:00+02:00,30.700000762939453,30.700000762939453,29.5,29.799999237060547,29.799999237060547,4115,0.0,0.0
2019-09-24 00:00:00+02:00,30.0,31.0,29.5,30.399999618530273,30.399999618530273,4398,0.0,0.0
2019-09-25 00:00:00+02:00,30.200000762939453,30.399999618530273,29.5,29.5,29.5,3070,0.0,0.0
2019-09-26 00:00:00+02:00,30.100000381469727,30.899999618530273,29.700000762939453,30.299999237060547,30.299999237060547,2931,0.0,0.0
2019-09-27 00:00:00+02:00,30.200000762939453,32.0,29.600000381469727,30.799999237060547,30.799999237060547,12461,0.0,0.0
2019-09-30 00:00:00+02:00,30.700000762939453,31.200000762939453,30.0,30.600000381469727,30.600000381469727,2663,0.0,0.0
2019-10-01 00:00:00+02:00,30.200000762939453,31.200000762939453,30.0,31.100000381469727,31.100000381469727,3834,0.0,0.0
2019-10-02 00:00:00+02:00,31.299999237060547,31.700000762939453,30.100000381469727,30.299999237060547,30.299999237060547,5031,0.0,0.0
2019-10-04 00:00:00+02:00,31.5,32.70000076293945,31.100000381469727,32.5,32.5,11772,0.0,0.0
2019-10-07 00:00:00+02:00,32.599998474121094,33.0,31.5,32.70000076293945,32.70000076293945,5580,0.0,0.0
2019-10-08 00:00:00+02:00,32.599998474121094,32.599998474121094,32.0,32.5,32.5,2390,0.0,0.0
2019-10-09 00:00:00+02:00,32.79999923706055,34.099998474121094,32.5,33.70000076293945,33.70000076293945,9446,0.0,0.0
2019-10-10 00:00:00+02:00,34.0,34.900001525878906,33.70000076293945,34.70000076293945,34.70000076293945,14761,0.0,0.0
2019-10-11 00:00:00+02:00,34.79999923706055,36.0,34.0,34.0,34.0,13792,0.0,0.0
2019-10-14 00:00:00+02:00,34.099998474121094,34.20000076293945,33.099998474121094,33.5,33.5,3644,0.0,0.0
2019-10-15 00:00:00+02:00,33.29999923706055,33.29999923706055,31.700000762939453,32.5,32.5,5603,0.0,0.0
2019-10-16 00:00:00+02:00,32.400001525878906,34.20000076293945,32.099998474121094,34.20000076293945,34.20000076293945,3707,0.0,0.0
2019-10-17 00:00:00+02:00,34.0,34.0,32.20000076293945,32.5,32.5,6311,0.0,0.0
2019-10-18 00:00:00+02:00,32.79999923706055,32.79999923706055,31.600000381469727,32.29999923706055,32.29999923706055,7282,0.0,0.0
2019-10-21 00:00:00+02:00,32.20000076293945,32.599998474121094,31.600000381469727,31.899999618530273,31.899999618530273,3617,0.0,0.0
2019-10-22 00:00:00+02:00,31.899999618530273,32.900001525878906,31.899999618530273,32.400001525878906,32.400001525878906,3334,0.0,0.0
2019-10-23 00:00:00+02:00,32.400001525878906,32.79999923706055,32.29999923706055,32.400001525878906,32.400001525878906,1772,0.0,0.0
2019-10-24 00:00:00+02:00,32.900001525878906,32.900001525878906,32.29999923706055,32.5,32.5,3521,0.0,0.0
2019-10-25 00:00:00+02:00,32.900001525878906,33.0,32.400001525878906,32.599998474121094,32.599998474121094,778,0.0,0.0
2019-10-28 00:00:00+01:00,32.5,33.599998474121094,32.29999923706055,32.70000076293945,32.70000076293945,8755,0.0,0.0
2019-10-29 00:00:00+01:00,33.0,34.0,32.5,34.0,34.0,6662,0.0,0.0
2019-10-30 00:00:00+01:00,34.0,34.0,33.20000076293945,34.0,34.0,3297,0.0,0.0
2019-10-31 00:00:00+01:00,33.29999923706055,33.599998474121094,32.099998474121094,32.400001525878906,32.400001525878906,6544,0.0,0.0
2019-11-01 00:00:00+01:00,32.599998474121094,33.20000076293945,31.899999618530273,33.20000076293945,33.20000076293945,2431,0.0,0.0
2019-11-04 00:00:00+01:00,32.900001525878906,33.20000076293945,31.899999618530273,31.899999618530273,31.899999618530273,4682,0.0,0.0
2019-11-05 00:00:00+01:00,31.899999618530273,33.099998474121094,31.5,33.099998474121094,33.099998474121094,8342,0.0,0.0
2019-11-06 00:00:00+01:00,32.400001525878906,33.20000076293945,32.400001525878906,33.099998474121094,33.099998474121094,2700,0.0,0.0
2019-11-07 00:00:00+01:00,33.20000076293945,34.0,31.799999237060547,32.900001525878906,32.900001525878906,14624,0.0,0.0
2019-11-08 00:00:00+01:00,32.79999923706055,33.20000076293945,31.700000762939453,32.79999923706055,32.79999923706055,8866,0.0,0.0
2019-11-11 00:00:00+01:00,33.0,33.20000076293945,31.799999237060547,32.29999923706055,32.29999923706055,7269,0.0,0.0
2019-11-12 00:00:00+01:00,32.5,33.0,32.29999923706055,32.70000076293945,32.70000076293945,4222,0.0,0.0
2019-11-13 00:00:00+01:00,32.900001525878906,32.900001525878906,32.20000076293945,32.79999923706055,32.79999923706055,1065,0.0,0.0
2019-11-14 00:00:00+01:00,32.099998474121094,32.70000076293945,31.799999237060547,32.20000076293945,32.20000076293945,4336,0.0,0.0
2019-11-15 00:00:00+01:00,32.599998474121094,32.599998474121094,31.700000762939453,32.099998474121094,32.099998474121094,2639,0.0,0.0
2019-11-18 00:00:00+01:00,31.5,32.099998474121094,30.899999618530273,31.399999618530273,31.399999618530273,5372,0.0,0.0
2019-11-19 00:00:00+01:00,31.600000381469727,32.5,30.600000381469727,31.399999618530273,31.399999618530273,9705,0.0,0.0
2019-11-20 00:00:00+01:00,31.399999618530273,31.600000381469727,30.899999618530273,31.100000381469727,31.100000381469727,1483,0.0,0.0
2019-11-21 00:00:00+01:00,31.100000381469727,31.600000381469727,31.100000381469727,31.100000381469727,31.100000381469727,3344,0.0,0.0
2019-11-22 00:00:00+01:00,31.600000381469727,32.0,30.700000762939453,32.0,32.0,7793,0.0,0.0
2019-11-25 00:00:00+01:00,31.299999237060547,32.099998474121094,31.299999237060547,31.899999618530273,31.899999618530273,3161,0.0,0.0
2019-11-26 00:00:00+01:00,31.399999618530273,31.899999618530273,31.399999618530273,31.700000762939453,31.700000762939453,1022,0.0,0.0
2019-11-27 00:00:00+01:00,31.600000381469727,31.899999618530273,30.700000762939453,31.899999618530273,31.899999618530273,6700,0.0,0.0
2019-11-28 00:00:00+01:00,31.299999237060547,31.799999237060547,30.600000381469727,31.299999237060547,31.299999237060547,7277,0.0,0.0
2019-11-29 00:00:00+01:00,30.799999237060547,31.700000762939453,30.799999237060547,31.200000762939453,31.200000762939453,5553,0.0,0.0
2019-12-02 00:00:00+01:00,31.5,31.799999237060547,31.0,31.600000381469727,31.600000381469727,4042,0.0,0.0
2019-12-03 00:00:00+01:00,31.100000381469727,31.600000381469727,30.799999237060547,31.0,31.0,4815,0.0,0.0
2019-12-04 00:00:00+01:00,30.799999237060547,31.200000762939453,30.299999237060547,31.100000381469727,31.100000381469727,6116,0.0,0.0
2019-12-05 00:00:00+01:00,31.299999237060547,31.600000381469727,31.0,31.200000762939453,31.200000762939453,7357,0.0,0.0
2019-12-06 00:00:00+01:00,31.5,31.899999618530273,31.299999237060547,31.5,31.5,2534,0.0,0.0
2019-12-09 00:00:00+01:00,31.799999237060547,31.799999237060547,30.700000762939453,31.299999237060547,31.299999237060547,4529,0.0,0.0
2019-12-10 00:00:00+01:00,31.0,31.200000762939453,30.5,30.899999618530273,30.899999618530273,4162,0.0,0.0
2019-12-11 00:00:00+01:00,31.0,31.100000381469727,30.5,30.899999618530273,30.899999618530273,1324,0.0,0.0
2019-12-12 00:00:00+01:00,30.5,30.799999237060547,30.0,30.799999237060547,30.799999237060547,2115,0.0,0.0
2019-12-13 00:00:00+01:00,30.200000762939453,31.100000381469727,30.200000762939453,30.899999618530273,30.899999618530273,3896,0.0,0.0
2019-12-16 00:00:00+01:00,30.799999237060547,30.799999237060547,30.200000762939453,30.600000381469727,30.600000381469727,1667,0.0,0.0
2019-12-17 00:00:00+01:00,30.799999237060547,30.799999237060547,30.299999237060547,30.600000381469727,30.600000381469727,4441,0.0,0.0
2019-12-18 00:00:00+01:00,30.200000762939453,30.200000762939453,28.899999618530273,29.0,29.0,20833,0.0,0.0
2019-12-19 00:00:00+01:00,29.100000381469727,31.0,29.100000381469727,31.0,31.0,19868,0.0,0.0
2019-12-20 00:00:00+01:00,30.5,30.899999618530273,30.5,30.799999237060547,30.799999237060547,1043,0.0,0.0
2019-12-23 00:00:00+01:00,30.399999618530273,31.0,30.299999237060547,30.799999237060547,30.799999237060547,4742,0.0,0.0
2019-12-27 00:00:00+01:00,30.299999237060547,31.700000762939453,30.299999237060547,31.700000762939453,31.700000762939453,5665,0.0,0.0
2019-12-30 00:00:00+01:00,31.100000381469727,31.899999618530273,30.799999237060547,31.899999618530273,31.899999618530273,7438,0.0,0.0
2020-01-02 00:00:00+01:00,31.399999618530273,32.70000076293945,31.399999618530273,31.700000762939453,31.700000762939453,8523,0.0,0.0
2020-01-03 00:00:00+01:00,31.5,31.5,30.399999618530273,30.700000762939453,30.700000762939453,1664,0.0,0.0
2020-01-06 00:00:00+01:00,30.399999618530273,30.399999618530273,29.700000762939453,30.100000381469727,30.100000381469727,1926,0.0,0.0
2020-01-07 00:00:00+01:00,30.799999237060547,30.799999237060547,30.0,30.200000762939453,30.200000762939453,3425,0.0,0.0
2020-01-08 00:00:00+01:00,30.100000381469727,30.700000762939453,30.100000381469727,30.600000381469727,30.600000381469727,2333,0.0,0.0
2020-01-09 00:00:00+01:00,30.299999237060547,30.700000762939453,30.0,30.0,30.0,4169,0.0,0.0
2020-01-10 00:00:00+01:00,30.5,30.600000381469727,29.5,30.600000381469727,30.600000381469727,15776,0.0,0.0
2020-01-13 00:00:00+01:00,30.399999618530273,30.600000381469727,30.200000762939453,30.299999237060547,30.299999237060547,3657,0.0,0.0
2020-01-14 00:00:00+01:00,30.0,31.5,30.0,31.299999237060547,31.299999237060547,10720,0.0,0.0
2020-01-15 00:00:00+01:00,31.5,33.0,31.5,32.0,32.0,13698,0.0,0.0
2020-01-16 00:00:00+01:00,32.5,32.70000076293945,31.200000762939453,31.399999618530273,31.399999618530273,11710,0.0,0.0
2020-01-17 00:00:00+01:00,31.600000381469727,32.79999923706055,31.600000381469727,32.5,32.5,12035,0.0,0.0
2020-01-20 00:00:00+01:00,32.599998474121094,32.79999923706055,32.099998474121094,32.099998474121094,32.099998474121094,4177,0.0,0.0
2020-01-21 00:00:00+01:00,32.29999923706055,32.29999923706055,31.600000381469727,31.600000381469727,31.600000381469727,3409,0.0,0.0
2020-01-22 00:00:00+01:00,31.700000762939453,32.20000076293945,31.600000381469727,32.20000076293945,32.20000076293945,2113,0.0,0.0
2020-01-23 00:00:00+01:00,31.799999237060547,32.400001525878906,31.799999237060547,31.899999618530273,31.899999618530273,2290,0.0,0.0
2020-01-24 00:00:00+01:00,32.400001525878906,33.29999923706055,32.0,32.400001525878906,32.400001525878906,9496,0.0,0.0
2020-01-27 00:00:00+01:00,32.400001525878906,32.400001525878906,31.200000762939453,31.5,31.5,4457,0.0,0.0
2020-01-28 00:00:00+01:00,31.299999237060547,32.29999923706055,31.299999237060547,32.0,32.0,1726,0.0,0.0
2020-01-29 00:00:00+01:00,32.20000076293945,32.29999923706055,31.899999618530273,32.29999923706055,32.29999923706055,769,0.0,0.0
2020-01-30 00:00:00+01:00,31.899999618530273,32.0,31.200000762939453,31.5,31.5,6809,0.0,0.0
2020-01-31 00:00:00+01:00,31.399999618530273,32.5,31.399999618530273,31.5,31.5,4152,0.0,0.0
2020-02-03 00:00:00+01:00,32.0,33.20000076293945,31.899999618530273,32.5,32.5,6114,0.0,0.0
2020-02-04 00:00:00+01:00,32.0,32.5,31.5,32.400001525878906,32.400001525878906,4924,0.0,0.0
2020-02-05 00:00:00+01:00,31.0,31.100000381469727,26.200000762939453,26.5,26.5,59309,0.0,0.0
2020-02-06 00:00:00+01:00,28.600000381469727,29.5,27.200000762939453,28.200000762939453,28.200000762939453,26761,0.0,0.0
2020-02-07 00:00:00+01:00,28.299999237060547,28.799999237060547,27.5,28.0,28.0,10492,0.0,0.0
2020-02-10 00:00:00+01:00,28.5,29.0,27.200000762939453,28.0,28.0,9414,0.0,0.0
2020-02-11 00:00:00+01:00,27.799999237060547,28.0,27.0,27.899999618530273,27.899999618530273,4042,0.0,0.0
2020-02-12 00:00:00+01:00,28.0,29.399999618530273,28.0,28.0,28.0,11045,0.0,0.0
2020-02-13 00:00:00+01:00,27.799999237060547,28.600000381469727,27.700000762939453,28.399999618530273,28.399999618530273,4138,0.0,0.0
2020-02-14 00:00:00+01:00,28.100000381469727,28.100000381469727,27.299999237060547,27.5,27.5,12100,0.0,0.0
2020-02-17 00:00:00+01:00,27.200000762939453,27.5,27.100000381469727,27.200000762939453,27.200000762939453,4123,0.0,0.0
2020-02-18 00:00:00+01:00,27.100000381469727,27.5,26.899999618530273,27.100000381469727,27.100000381469727,7133,0.0,0.0
2020-02-19 00:00:00+01:00,26.899999618530273,27.5,26.700000762939453,27.200000762939453,27.200000762939453,4751,0.0,0.0
2020-02-20 00:00:00+01:00,27.100000381469727,27.5,26.600000381469727,26.600000381469727,26.600000381469727,3509,0.0,0.0
2020-02-21 00:00:00+01:00,26.899999618530273,27.100000381469727,26.200000762939453,26.200000762939453,26.200000762939453,3468,0.0,0.0
2020-02-24 00:00:00+01:00,26.100000381469727,26.399999618530273,25.0,25.399999618530273,25.399999618530273,13109,0.0,0.0
2020-02-25 00:00:00+01:00,25.399999618530273,25.600000381469727,24.0,25.100000381469727,25.100000381469727,23586,0.0,0.0
2020-02-26 00:00:00+01:00,25.299999237060547,27.0,24.399999618530273,26.0,26.0,13178,0.0,0.0
2020-02-27 00:00:00+01:00,25.299999237060547,26.0,24.5,25.0,25.0,13034,0.0,0.0
2020-02-28 00:00:00+01:00,23.700000762939453,24.5,22.200000762939453,24.5,24.5,40762,0.0,0.0
2020-03-02 00:00:00+01:00,24.200000762939453,24.700000762939453,23.200000762939453,24.399999618530273,24.399999618530273,11953,0.0,0.0
2020-03-03 00:00:00+01:00,24.299999237060547,26.5,24.0,25.0,25.0,8834,0.0,0.0
2020-03-04 00:00:00+01:00,24.799999237060547,25.0,24.299999237060547,24.700000762939453,24.700000762939453,4599,0.0,0.0
2020-03-05 00:00:00+01:00,25.200000762939453,25.600000381469727,24.0,24.399999618530273,24.399999618530273,2486,0.0,0.0
2020-03-06 00:00:00+01:00,23.100000381469727,23.799999237060547,22.600000381469727,23.799999237060547,23.799999237060547,6481,0.0,0.0
2020-03-09 00:00:00+01:00,24.299999237060547,24.299999237060547,20.799999237060547,21.5,21.5,17437,0.0,0.0
2020-03-10 00:00:00+01:00,21.600000381469727,24.0,21.600000381469727,22.700000762939453,22.700000762939453,15352,0.0,0.0
2020-03-11 00:00:00+01:00,22.5,22.5,20.600000381469727,21.0,21.0,19172,0.0,0.0
2020-03-12 00:00:00+01:00,19.899999618530273,19.899999618530273,18.0,19.350000381469727,19.350000381469727,22537,0.0,0.0
2020-03-13 00:00:00+01:00,19.5,21.100000381469727,18.0,18.549999237060547,18.549999237060547,13336,0.0,0.0
2020-03-16 00:00:00+01:00,18.100000381469727,18.100000381469727,16.0,17.350000381469727,17.350000381469727,33486,0.0,0.0
2020-03-17 00:00:00+01:00,17.149999618530273,17.899999618530273,14.649999618530273,17.350000381469727,17.350000381469727,28633,0.0,0.0
2020-03-18 00:00:00+01:00,17.5,17.5,16.950000762939453,17.450000762939453,17.450000762939453,4921,0.0,0.0
2020-03-19 00:00:00+01:00,17.200000762939453,17.75,16.0,17.75,17.75,15018,0.0,0.0
2020-03-20 00:00:00+01:00,17.75,19.0,16.899999618530273,16.899999618530273,16.899999618530273,8712,0.0,0.0
2020-03-23 00:00:00+01:00,16.899999618530273,17.25,16.149999618530273,17.25,17.25,7623,0.0,0.0
2020-03-24 00:00:00+01:00,18.0,19.399999618530273,18.0,19.399999618530273,19.399999618530273,8840,0.0,0.0
2020-03-25 00:00:00+01:00,20.600000381469727,20.600000381469727,19.100000381469727,20.0,20.0,8839,0.0,0.0
2020-03-26 00:00:00+01:00,20.200000762939453,21.399999618530273,19.600000381469727,19.799999237060547,19.799999237060547,17732,0.0,0.0
2020-03-27 00:00:00+01:00,21.399999618530273,21.399999618530273,20.0,20.0,20.0,9219,0.0,0.0
2020-03-30 00:00:00+02:00,20.5,21.200000762939453,19.5,21.200000762939453,21.200000762939453,8589,0.0,0.0
2020-03-31 00:00:00+02:00,22.100000381469727,22.100000381469727,20.0,20.799999237060547,20.799999237060547,11789,0.0,0.0
2020-04-01 00:00:00+02:00,21.0,21.0,20.0,20.700000762939453,20.700000762939453,3763,0.0,0.0
2020-04-02 00:00:00+02:00,20.899999618530273,20.899999618530273,20.200000762939453,20.399999618530273,20.399999618530273,961,0.0,0.0
2020-04-03 00:00:00+02:00,20.5,20.799999237060547,20.200000762939453,20.5,20.5,2527,0.0,0.0
2020-04-06 00:00:00+02:00,20.899999618530273,22.200000762939453,20.899999618530273,21.700000762939453,21.700000762939453,7323,0.0,0.0
2020-04-07 00:00:00+02:00,22.600000381469727,22.600000381469727,20.700000762939453,21.899999618530273,21.899999618530273,9834,0.0,0.0
2020-04-08 00:00:00+02:00,21.5,21.600000381469727,21.0,21.0,21.0,1828,0.0,0.0
2020-04-09 00:00:00+02:00,21.100000381469727,21.299999237060547,20.899999618530273,21.0,21.0,1445,0.0,0.0
2020-04-14 00:00:00+02:00,21.399999618530273,22.200000762939453,21.399999618530273,22.0,22.0,10081,0.0,0.0
2020-04-15 00:00:00+02:00,22.200000762939453,22.200000762939453,19.850000381469727,20.0,20.0,12652,0.0,0.0
2020-04-16 00:00:00+02:00,20.399999618530273,20.899999618530273,19.200000762939453,19.600000381469727,19.600000381469727,15663,0.0,0.0
2020-04-17 00:00:00+02:00,19.899999618530273,21.299999237060547,19.600000381469727,19.899999618530273,19.899999618530273,9481,0.0,0.0
2020-04-20 00:00:00+02:00,19.950000762939453,20.600000381469727,19.950000762939453,20.600000381469727,20.600000381469727,3568,0.0,0.0
2020-04-21 00:00:00+02:00,20.100000381469727,20.100000381469727,19.649999618530273,19.950000762939453,19.950000762939453,3306,0.0,0.0
2020-04-22 00:00:00+02:00,19.700000762939453,21.0,19.700000762939453,20.799999237060547,20.799999237060547,6099,0.0,0.0
2020-04-23 00:00:00+02:00,20.899999618530273,21.5,20.5,20.899999618530273,20.899999618530273,3393,0.0,0.0
2020-04-24 00:00:00+02:00,20.5,20.600000381469727,20.399999618530273,20.5,20.5,581,0.0,0.0
2020-04-27 00:00:00+02:00,20.799999237060547,23.200000762939453,20.5,22.5,22.5,21797,0.0,0.0
2020-04-28 00:00:00+02:00,22.5,24.600000381469727,22.5,23.399999618530273,23.399999618530273,23819,0.0,0.0
2020-04-29 00:00:00+02:00,26.100000381469727,26.200000762939453,23.200000762939453,23.899999618530273,23.899999618530273,42650,0.0,0.0
2020-04-30 00:00:00+02:00,24.100000381469727,25.299999237060547,22.700000762939453,22.700000762939453,22.700000762939453,16346,0.0,0.0
2020-05-04 00:00:00+02:00,22.399999618530273,23.0,21.799999237060547,23.0,23.0,5226,0.0,0.0
2020-05-05 00:00:00+02:00,23.399999618530273,23.600000381469727,23.0,23.600000381469727,23.600000381469727,3683,0.0,0.0
2020-05-06 00:00:00+02:00,23.899999618530273,25.200000762939453,23.899999618530273,24.899999618530273,24.899999618530273,17896,0.0,0.0
2020-05-07 00:00:00+02:00,24.799999237060547,26.700000762939453,24.799999237060547,26.399999618530273,26.399999618530273,15155,0.0,0.0
2020-05-08 00:00:00+02:00,26.5,27.5,26.399999618530273,27.0,27.0,14829,0.0,0.0
2020-05-11 00:00:00+02:00,27.399999618530273,28.200000762939453,26.899999618530273,27.700000762939453,27.700000762939453,13075,0.0,0.0
2020-05-12 00:00:00+02:00,27.799999237060547,27.899999618530273,23.899999618530273,25.399999618530273,25.399999618530273,15415,0.0,0.0
2020-05-13 00:00:00+02:00,25.200000762939453,26.5,23.899999618530273,26.0,26.0,6375,0.0,0.0
2020-05-14 00:00:00+02:00,25.200000762939453,25.899999618530273,24.5,25.399999618530273,25.399999618530273,9550,0.0,0.0
2020-05-15 00:00:00+02:00,26.0,26.0,24.0,24.700000762939453,24.700000762939453,10194,0.0,0.0
2020-05-18 00:00:00+02:00,24.100000381469727,25.0,24.100000381469727,24.600000381469727,24.600000381469727,3667,0.0,0.0
2020-05-19 00:00:00+02:00,24.899999618530273,25.200000762939453,24.600000381469727,25.200000762939453,25.200000762939453,1875,0.0,0.0
2020-05-20 00:00:00+02:00,25.0,26.0,24.700000762939453,25.799999237060547,25.799999237060547,3836,0.0,0.0
2020-05-21 00:00:00+02:00,25.799999237060547,25.799999237060547,25.100000381469727,25.100000381469727,25.100000381469727,1470,0.0,0.0
2020-05-22 00:00:00+02:00,24.700000762939453,25.200000762939453,24.700000762939453,24.700000762939453,24.700000762939453,694,0.0,0.0
2020-05-25 00:00:00+02:00,24.700000762939453,25.799999237060547,24.700000762939453,25.5,25.5,4692,0.0,0.0
2020-05-26 00:00:00+02:00,25.600000381469727,26.299999237060547,25.299999237060547,25.299999237060547,25.299999237060547,4561,0.0,0.0
2020-05-27 00:00:00+02:00,25.5,25.700000762939453,25.100000381469727,25.399999618530273,25.399999618530273,2739,0.0,0.0
2020-05-28 00:00:00+02:00,25.5,25.799999237060547,24.399999618530273,24.600000381469727,24.600000381469727,3126,0.0,0.0
2020-05-29 00:00:00+02:00,24.299999237060547,24.299999237060547,24.100000381469727,24.299999237060547,24.299999237060547,99,0.0,0.0
2020-06-02 00:00:00+02:00,24.200000762939453,25.299999237060547,24.200000762939453,24.799999237060547,24.799999237060547,5749,0.0,0.0
2020-06-03 00:00:00+02:00,24.5,24.5,23.5,23.600000381469727,23.600000381469727,7065,0.0,0.0
2020-06-04 00:00:00+02:00,23.899999618530273,23.899999618530273,22.700000762939453,23.0,23.0,7491,0.0,0.0
2020-06-05 00:00:00+02:00,23.0,23.399999618530273,22.600000381469727,23.0,23.0,15470,0.0,0.0
2020-06-08 00:00:00+02:00,22.899999618530273,23.299999237060547,22.200000762939453,23.100000381469727,23.100000381469727,3911,0.0,0.0
2020-06-09 00:00:00+02:00,23.100000381469727,23.399999618530273,23.0,23.200000762939453,23.200000762939453,665,0.0,0.0
2020-06-10 00:00:00+02:00,23.399999618530273,24.399999618530273,23.200000762939453,24.0,24.0,6615,0.0,0.0
2020-06-11 00:00:00+02:00,23.5,25.299999237060547,23.5,23.5,23.5,1938,0.0,0.0
2020-06-12 00:00:00+02:00,23.799999237060547,23.899999618530273,23.399999618530273,23.799999237060547,23.799999237060547,1134,0.0,0.0
2020-06-15 00:00:00+02:00,23.799999237060547,23.799999237060547,22.899999618530273,22.899999618530273,22.899999618530273,3013,0.0,0.0
2020-06-16 00:00:00+02:00,23.0,23.200000762939453,23.0,23.100000381469727,23.100000381469727,4635,0.0,0.0
2020-06-17 00:00:00+02:00,23.0,23.200000762939453,23.0,23.0,23.0,250,0.0,0.0
2020-06-18 00:00:00+02:00,23.399999618530273,24.299999237060547,23.299999237060547,23.600000381469727,23.600000381469727,7103,0.0,0.0
2020-06-19 00:00:00+02:00,23.600000381469727,24.5,23.299999237060547,23.5,23.5,4108,0.0,0.0
2020-06-22 00:00:00+02:00,23.5,23.5,23.100000381469727,23.100000381469727,23.100000381469727,1527,0.0,0.0
2020-06-23 00:00:00+02:00,23.100000381469727,23.399999618530273,23.0,23.100000381469727,23.100000381469727,2232,0.0,0.0
2020-06-24 00:00:00+02:00,23.0,23.600000381469727,23.0,23.200000762939453,23.200000762939453,570,0.0,0.0
2020-06-25 00:00:00+02:00,23.299999237060547,23.899999618530273,23.200000762939453,23.600000381469727,23.600000381469727,1878,0.0,0.0
2020-06-26 00:00:00+02:00,23.700000762939453,23.700000762939453,23.100000381469727,23.299999237060547,23.299999237060547,1770,0.0,0.0
2020-06-29 00:00:00+02:00,23.0,23.700000762939453,22.700000762939453,23.700000762939453,23.700000762939453,4914,0.0,0.0
2020-06-30 00:00:00+02:00,23.299999237060547,23.5,23.299999237060547,23.399999618530273,23.399999618530273,85,0.0,0.0
2020-07-01 00:00:00+02:00,23.600000381469727,23.600000381469727,22.399999618530273,22.600000381469727,22.600000381469727,2333,0.0,0.0
2020-07-02 00:00:00+02:00,22.799999237060547,23.299999237060547,21.700000762939453,23.0,23.0,7220,0.0,0.0
2020-07-03 00:00:00+02:00,23.200000762939453,23.299999237060547,22.899999618530273,23.0,23.0,598,0.0,0.0
2020-07-06 00:00:00+02:00,22.899999618530273,23.100000381469727,22.299999237060547,22.5,22.5,6836,0.0,0.0
2020-07-07 00:00:00+02:00,22.799999237060547,23.799999237060547,22.5,22.899999618530273,22.899999618530273,3020,0.0,0.0
2020-07-08 00:00:00+02:00,23.200000762939453,25.700000762939453,23.200000762939453,25.399999618530273,25.399999618530273,16418,0.0,0.0
2020-07-09 00:00:00+02:00,25.299999237060547,27.700000762939453,25.299999237060547,27.700000762939453,27.700000762939453,12722,0.0,0.0
2020-07-10 00:00:00+02:00,27.0,27.0,25.899999618530273,26.200000762939453,26.200000762939453,5578,0.0,0.0
2020-07-13 00:00:00+02:00,26.100000381469727,26.899999618530273,26.0,26.600000381469727,26.600000381469727,1172,0.0,0.0
2020-07-14 00:00:00+02:00,26.899999618530273,27.299999237060547,26.5,26.700000762939453,26.700000762939453,1590,0.0,0.0
2020-07-15 00:00:00+02:00,26.899999618530273,26.899999618530273,26.200000762939453,26.5,26.5,865,0.0,0.0
2020-07-16 00:00:00+02:00,26.299999237060547,26.5,25.899999618530273,25.899999618530273,25.899999618530273,495,0.0,0.0
2020-07-17 00:00:00+02:00,26.100000381469727,26.100000381469727,25.399999618530273,25.700000762939453,25.700000762939453,1884,0.0,0.0
2020-07-20 00:00:00+02:00,26.200000762939453,26.399999618530273,25.600000381469727,25.600000381469727,25.600000381469727,1442,0.0,0.0
2020-07-21 00:00:00+02:00,25.799999237060547,26.299999237060547,25.799999237060547,26.0,26.0,3051,0.0,0.0
2020-07-22 00:00:00+02:00,26.0,26.0,25.200000762939453,25.200000762939453,25.200000762939453,4980,0.0,0.0
2020-07-23 00:00:00+02:00,25.600000381469727,25.700000762939453,24.899999618530273,25.0,25.0,2903,0.0,0.0
2020-07-24 00:00:00+02:00,24.5,24.5,22.600000381469727,23.0,23.0,7763,0.0,0.0
2020-07-27 00:00:00+02:00,23.100000381469727,24.0,23.100000381469727,24.0,24.0,2218,0.0,0.0
2020-07-28 00:00:00+02:00,24.0,24.399999618530273,23.600000381469727,24.399999618530273,24.399999618530273,2978,0.0,0.0
2020-07-29 00:00:00+02:00,24.399999618530273,24.5,23.700000762939453,24.399999618530273,24.399999618530273,3069,0.0,0.0
2020-07-30 00:00:00+02:00,24.0,24.600000381469727,24.0,24.299999237060547,24.299999237060547,5220,0.0,0.0
2020-07-31 00:00:00+02:00,24.5,24.799999237060547,24.100000381469727,24.299999237060547,24.299999237060547,1634,0.0,0.0
2020-08-03 00:00:00+02:00,24.700000762939453,24.700000762939453,24.100000381469727,24.100000381469727,24.100000381469727,412,0.0,0.0
2020-08-04 00:00:00+02:00,24.0,24.100000381469727,23.5,23.899999618530273,23.899999618530273,1854,0.0,0.0
2020-08-05 00:00:00+02:00,23.899999618530273,26.0,23.700000762939453,25.399999618530273,25.399999618530273,5598,0.0,0.0
2020-08-06 00:00:00+02:00,25.600000381469727,26.5,24.700000762939453,24.700000762939453,24.700000762939453,5339,0.0,0.0
2020-08-07 00:00:00+02:00,24.899999618530273,24.899999618530273,24.299999237060547,24.299999237060547,24.299999237060547,507,0.0,0.0
2020-08-10 00:00:00+02:00,24.399999618530273,24.700000762939453,24.299999237060547,24.299999237060547,24.299999237060547,591,0.0,0.0
2020-08-11 00:00:00+02:00,24.899999618530273,26.299999237060547,24.899999618530273,25.100000381469727,25.100000381469727,8637,0.0,0.0
2020-08-12 00:00:00+02:00,25.399999618530273,25.600000381469727,25.0,25.399999618530273,25.399999618530273,4063,0.0,0.0
2020-08-13 00:00:00+02:00,25.700000762939453,25.700000762939453,25.0,25.399999618530273,25.399999618530273,1095,0.0,0.0
2020-08-14 00:00:00+02:00,25.0,25.5,25.0,25.5,25.5,1697,0.0,0.0
2020-08-17 00:00:00+02:00,25.600000381469727,25.600000381469727,24.899999618530273,25.100000381469727,25.100000381469727,607,0.0,0.0
2020-08-18 00:00:00+02:00,24.899999618530273,25.100000381469727,24.799999237060547,25.100000381469727,25.100000381469727,271,0.0,0.0
2020-08-19 00:00:00+02:00,25.299999237060547,25.5,25.299999237060547,25.299999237060547,25.299999237060547,2692,0.0,0.0
2020-08-20 00:00:00+02:00,25.399999618530273,25.399999618530273,24.299999237060547,24.399999618530273,24.399999618530273,2957,0.0,0.0
2020-08-21 00:00:00+02:00,24.200000762939453,24.299999237060547,23.600000381469727,24.0,24.0,5770,0.0,0.0
2020-08-24 00:00:00+02:00,24.399999618530273,24.5,24.0,24.0,24.0,3933,0.0,0.0
2020-08-25 00:00:00+02:00,24.200000762939453,24.399999618530273,24.100000381469727,24.100000381469727,24.100000381469727,677,0.0,0.0
2020-08-26 00:00:00+02:00,24.299999237060547,24.399999618530273,24.100000381469727,24.299999237060547,24.299999237060547,1454,0.0,0.0
2020-08-27 00:00:00+02:00,24.100000381469727,25.200000762939453,24.100000381469727,24.799999237060547,24.799999237060547,19381,0.0,0.0
2020-08-28 00:00:00+02:00,24.799999237060547,25.100000381469727,24.799999237060547,25.0,25.0,2782,0.0,0.0
2020-08-31 00:00:00+02:00,25.0,25.5,24.799999237060547,24.799999237060547,24.799999237060547,2620,0.0,0.0
2020-09-01 00:00:00+02:00,25.100000381469727,25.100000381469727,24.799999237060547,25.100000381469727,25.100000381469727,1213,0.0,0.0
2020-09-02 00:00:00+02:00,25.100000381469727,26.399999618530273,25.100000381469727,26.100000381469727,26.100000381469727,13126,0.0,0.0
2020-09-03 00:00:00+02:00,26.5,27.600000381469727,25.799999237060547,26.0,26.0,14918,0.0,0.0
2020-09-04 00:00:00+02:00,25.899999618530273,26.0,25.0,25.0,25.0,6852,0.0,0.0
2020-09-07 00:00:00+02:00,25.5,26.5,25.399999618530273,26.200000762939453,26.200000762939453,4997,0.0,0.0
2020-09-08 00:00:00+02:00,26.5,27.0,25.799999237060547,26.200000762939453,26.200000762939453,6893,0.0,0.0
2020-09-09 00:00:00+02:00,26.299999237060547,26.899999618530273,26.100000381469727,26.899999618530273,26.899999618530273,8613,0.0,0.0
2020-09-10 00:00:00+02:00,26.600000381469727,27.200000762939453,26.299999237060547,26.899999618530273,26.899999618530273,9813,0.0,0.0
2020-09-11 00:00:00+02:00,26.899999618530273,27.100000381469727,26.700000762939453,26.899999618530273,26.899999618530273,10165,0.0,0.0
2020-09-14 00:00:00+02:00,27.0,27.299999237060547,26.799999237060547,26.899999618530273,26.899999618530273,3089,0.0,0.0
2020-09-15 00:00:00+02:00,27.399999618530273,27.5,27.299999237060547,27.299999237060547,27.299999237060547,3535,0.0,0.0
2020-09-16 00:00:00+02:00,27.399999618530273,27.700000762939453,27.200000762939453,27.299999237060547,27.299999237060547,1899,0.0,0.0
2020-09-17 00:00:00+02:00,27.100000381469727,27.100000381469727,26.700000762939453,26.799999237060547,26.799999237060547,3030,0.0,0.0
2020-09-18 00:00:00+02:00,27.399999618530273,28.399999618530273,27.399999618530273,28.399999618530273,28.399999618530273,4482,0.0,0.0
2020-09-21 00:00:00+02:00,28.0,28.0,27.0,27.399999618530273,27.399999618530273,3608,0.0,0.0
2020-09-22 00:00:00+02:00,27.600000381469727,30.5,27.600000381469727,30.200000762939453,30.200000762939453,21040,0.0,0.0
2020-09-23 00:00:00+02:00,30.5,31.600000381469727,29.5,30.600000381469727,30.600000381469727,17966,0.0,0.0
2020-09-24 00:00:00+02:00,30.299999237060547,30.399999618530273,29.399999618530273,29.399999618530273,29.399999618530273,4661,0.0,0.0
2020-09-25 00:00:00+02:00,29.399999618530273,29.600000381469727,28.399999618530273,29.600000381469727,29.600000381469727,5766,0.0,0.0
2020-09-28 00:00:00+02:00,30.5,31.0,29.899999618530273,30.399999618530273,30.399999618530273,4937,0.0,0.0
2020-09-29 00:00:00+02:00,30.399999618530273,30.5,30.200000762939453,30.5,30.5,1612,0.0,0.0
2020-09-30 00:00:00+02:00,30.5,30.5,29.600000381469727,30.0,30.0,5062,0.0,0.0
2020-10-01 00:00:00+02:00,30.0,30.0,29.200000762939453,29.200000762939453,29.200000762939453,1462,0.0,0.0
2020-10-02 00:00:00+02:00,29.200000762939453,31.299999237060547,29.200000762939453,31.299999237060547,31.299999237060547,11216,0.0,0.0
2020-10-05 00:00:00+02:00,31.0,31.600000381469727,29.899999618530273,30.100000381469727,30.100000381469727,29207,0.0,0.0
2020-10-06 00:00:00+02:00,30.200000762939453,30.200000762939453,29.600000381469727,30.0,30.0,1858,0.0,0.0
2020-10-07 00:00:00+02:00,29.5,29.899999618530273,28.700000762939453,29.5,29.5,4280,0.0,0.0
2020-10-08 00:00:00+02:00,29.899999618530273,30.0,27.600000381469727,27.700000762939453,27.700000762939453,11578,0.0,0.0
2020-10-09 00:00:00+02:00,27.799999237060547,28.100000381469727,27.100000381469727,27.100000381469727,27.100000381469727,5573,0.0,0.0
2020-10-12 00:00:00+02:00,28.0,31.399999618530273,28.0,31.299999237060547,31.299999237060547,26100,0.0,0.0
2020-10-13 00:00:00+02:00,31.899999618530273,33.0,31.299999237060547,32.0,32.0,20295,0.0,0.0
2020-10-14 00:00:00+02:00,32.099998474121094,33.79999923706055,31.399999618530273,31.799999237060547,31.799999237060547,34608,0.0,0.0
2020-10-15 00:00:00+02:00,32.20000076293945,32.5,30.100000381469727,32.0,32.0,20819,0.0,0.0
2020-10-16 00:00:00+02:00,32.900001525878906,35.099998474121094,32.79999923706055,35.099998474121094,35.099998474121094,35077,0.0,0.0
2020-10-19 00:00:00+02:00,36.70000076293945,37.900001525878906,34.900001525878906,37.0,37.0,64227,0.0,0.0
2020-10-20 00:00:00+02:00,36.20000076293945,36.900001525878906,35.599998474121094,35.599998474121094,35.599998474121094,20626,0.0,0.0
2020-10-21 00:00:00+02:00,35.70000076293945,37.79999923706055,35.70000076293945,36.900001525878906,36.900001525878906,31754,0.0,0.0
2020-10-22 00:00:00+02:00,36.400001525878906,36.79999923706055,35.20000076293945,36.79999923706055,36.79999923706055,10812,0.0,0.0
2020-10-23 00:00:00+02:00,37.0,37.79999923706055,36.20000076293945,36.5,36.5,11600,0.0,0.0
2020-10-26 00:00:00+01:00,35.599998474121094,35.599998474121094,33.20000076293945,33.29999923706055,33.29999923706055,27371,0.0,0.0
2020-10-27 00:00:00+01:00,33.400001525878906,34.900001525878906,32.599998474121094,34.099998474121094,34.099998474121094,7417,0.0,0.0
2020-10-28 00:00:00+01:00,33.400001525878906,33.599998474121094,31.299999237060547,31.399999618530273,31.399999618530273,24976,0.0,0.0
2020-10-29 00:00:00+01:00,31.299999237060547,33.5,31.200000762939453,32.79999923706055,32.79999923706055,7745,0.0,0.0
2020-10-30 00:00:00+01:00,32.599998474121094,32.900001525878906,31.799999237060547,32.900001525878906,32.900001525878906,6183,0.0,0.0
2020-11-02 00:00:00+01:00,32.900001525878906,33.0,31.799999237060547,32.20000076293945,32.20000076293945,13040,0.0,0.0
2020-11-03 00:00:00+01:00,31.700000762939453,32.400001525878906,31.700000762939453,31.799999237060547,31.799999237060547,16320,0.0,0.0
2020-11-04 00:00:00+01:00,31.299999237060547,32.400001525878906,31.100000381469727,32.0,32.0,24182,0.0,0.0
2020-11-05 00:00:00+01:00,32.0,32.5,31.600000381469727,32.20000076293945,32.20000076293945,19916,0.0,0.0
2020-11-06 00:00:00+01:00,32.5,34.599998474121094,32.5,34.599998474121094,34.599998474121094,18033,0.0,0.0
2020-11-09 00:00:00+01:00,35.900001525878906,36.400001525878906,32.400001525878906,33.5,33.5,28062,0.0,0.0
2020-11-10 00:00:00+01:00,33.599998474121094,34.400001525878906,32.70000076293945,34.20000076293945,34.20000076293945,13305,0.0,0.0
2020-11-11 00:00:00+01:00,34.0,35.70000076293945,34.0,34.0,34.0,8823,0.0,0.0
2020-11-12 00:00:00+01:00,33.79999923706055,34.900001525878906,33.5,34.5,34.5,1814,0.0,0.0
2020-11-13 00:00:00+01:00,34.900001525878906,35.5,33.70000076293945,34.20000076293945,34.20000076293945,5049,0.0,0.0
2020-11-16 00:00:00+01:00,35.099998474121094,35.5,34.5,35.20000076293945,35.20000076293945,12928,0.0,0.0
2020-11-17 00:00:00+01:00,35.0,35.20000076293945,33.5,33.599998474121094,33.599998474121094,7706,0.0,0.0
2020-11-18 00:00:00+01:00,33.5,34.900001525878906,33.5,34.20000076293945,34.20000076293945,7629,0.0,0.0
2020-11-19 00:00:00+01:00,34.20000076293945,34.20000076293945,33.099998474121094,34.0,34.0,10578,0.0,0.0
2020-11-20 00:00:00+01:00,33.599998474121094,34.29999923706055,33.20000076293945,33.70000076293945,33.70000076293945,8305,0.0,0.0
2020-11-23 00:00:00+01:00,33.29999923706055,33.900001525878906,33.0,33.20000076293945,33.20000076293945,4981,0.0,0.0
2020-11-24 00:00:00+01:00,33.099998474121094,33.599998474121094,32.79999923706055,33.5,33.5,8230,0.0,0.0
2020-11-25 00:00:00+01:00,33.099998474121094,33.599998474121094,32.70000076293945,32.70000076293945,32.70000076293945,1901,0.0,0.0
2020-11-26 00:00:00+01:00,32.70000076293945,33.900001525878906,32.400001525878906,33.70000076293945,33.70000076293945,3497,0.0,0.0
2020-11-27 00:00:00+01:00,33.79999923706055,35.0,33.099998474121094,33.099998474121094,33.099998474121094,8706,0.0,0.0
2020-11-30 00:00:00+01:00,33.0,33.20000076293945,32.400001525878906,32.900001525878906,32.900001525878906,3242,0.0,0.0
2020-12-01 00:00:00+01:00,32.900001525878906,32.900001525878906,32.29999923706055,32.5,32.5,5114,0.0,0.0
2020-12-02 00:00:00+01:00,32.29999923706055,32.599998474121094,31.100000381469727,31.700000762939453,31.700000762939453,12398,0.0,0.0
2020-12-03 00:00:00+01:00,31.700000762939453,33.400001525878906,31.600000381469727,32.79999923706055,32.79999923706055,3505,0.0,0.0
2020-12-04 00:00:00+01:00,33.20000076293945,33.79999923706055,32.70000076293945,33.599998474121094,33.599998474121094,7161,0.0,0.0
2020-12-07 00:00:00+01:00,33.099998474121094,34.70000076293945,33.099998474121094,34.099998474121094,34.099998474121094,4172,0.0,0.0
2020-12-08 00:00:00+01:00,33.900001525878906,35.79999923706055,33.5,33.599998474121094,33.599998474121094,14000,0.0,0.0
2020-12-09 00:00:00+01:00,40.900001525878906,48.5,40.099998474121094,46.0,46.0,315932,0.0,0.0
2020-12-10 00:00:00+01:00,59.0,61.0,51.20000076293945,53.20000076293945,53.20000076293945,318682,0.0,0.0
2020-12-11 00:00:00+01:00,56.400001525878906,60.0,51.400001525878906,60.0,60.0,149675,0.0,0.0
2020-12-14 00:00:00+01:00,63.79999923706055,72.0,63.20000076293945,70.5999984741211,70.5999984741211,235205,0.0,0.0
2020-12-15 00:00:00+01:00,64.80000305175781,70.5999984741211,62.599998474121094,64.19999694824219,64.19999694824219,111846,0.0,0.0
2020-12-16 00:00:00+01:00,64.5999984741211,65.0,57.20000076293945,58.400001525878906,58.400001525878906,92683,0.0,0.0
2020-12-17 00:00:00+01:00,59.0,65.0,58.79999923706055,63.20000076293945,63.20000076293945,77625,0.0,0.0
2020-12-18 00:00:00+01:00,62.79999923706055,63.400001525878906,59.0,60.0,60.0,29610,0.0,0.0
2020-12-21 00:00:00+01:00,63.0,64.80000305175781,61.599998474121094,64.80000305175781,64.80000305175781,36701,0.0,0.0
2020-12-22 00:00:00+01:00,64.4000015258789,67.19999694824219,63.79999923706055,65.5999984741211,65.5999984741211,39382,0.0,0.0
2020-12-23 00:00:00+01:00,66.19999694824219,66.80000305175781,61.400001525878906,62.79999923706055,62.79999923706055,29888,0.0,0.0
2020-12-28 00:00:00+01:00,61.20000076293945,61.20000076293945,54.599998474121094,56.0,56.0,61927,0.0,0.0
2020-12-29 00:00:00+01:00,52.400001525878906,53.79999923706055,48.20000076293945,53.400001525878906,53.400001525878906,113870,0.0,0.0
2020-12-30 00:00:00+01:00,53.0,54.79999923706055,52.400001525878906,53.0,53.0,19971,0.0,0.0
2021-01-04 00:00:00+01:00,54.599998474121094,60.599998474121094,54.0,58.0,58.0,59673,0.0,0.0
2021-01-05 00:00:00+01:00,59.79999923706055,63.400001525878906,58.20000076293945,62.400001525878906,62.400001525878906,37272,0.0,0.0
2021-01-06 00:00:00+01:00,62.599998474121094,63.0,59.79999923706055,60.400001525878906,60.400001525878906,26076,0.0,0.0
2021-01-07 00:00:00+01:00,60.79999923706055,61.0,58.400001525878906,60.0,60.0,27392,0.0,0.0
2021-01-08 00:00:00+01:00,60.400001525878906,61.79999923706055,59.0,60.79999923706055,60.79999923706055,32245,0.0,0.0
2021-01-11 00:00:00+01:00,61.599998474121094,63.0,61.0,62.0,62.0,22705,0.0,0.0
2021-01-12 00:00:00+01:00,63.0,63.79999923706055,62.0,62.0,62.0,20181,0.0,0.0
2021-01-13 00:00:00+01:00,64.4000015258789,69.19999694824219,64.0,68.80000305175781,68.80000305175781,67727,0.0,0.0
2021-01-14 00:00:00+01:00,69.0,69.0,62.20000076293945,63.599998474121094,63.599998474121094,42894,0.0,0.0
2021-01-15 00:00:00+01:00,63.400001525878906,64.80000305175781,61.20000076293945,61.20000076293945,61.20000076293945,21787,0.0,0.0
2021-01-18 00:00:00+01:00,61.599998474121094,62.400001525878906,58.79999923706055,62.20000076293945,62.20000076293945,22490,0.0,0.0
2021-01-19 00:00:00+01:00,63.599998474121094,65.0,62.0,63.400001525878906,63.400001525878906,17043,0.0,0.0
2021-01-20 00:00:00+01:00,63.0,65.0,62.599998474121094,62.79999923706055,62.79999923706055,13758,0.0,0.0
2021-01-21 00:00:00+01:00,63.599998474121094,63.599998474121094,61.20000076293945,62.0,62.0,15052,0.0,0.0
2021-01-22 00:00:00+01:00,61.79999923706055,62.599998474121094,60.599998474121094,62.20000076293945,62.20000076293945,10534,0.0,0.0
2021-01-25 00:00:00+01:00,63.0,63.599998474121094,60.599998474121094,61.20000076293945,61.20000076293945,13475,0.0,0.0
2021-01-26 00:00:00+01:00,60.79999923706055,62.400001525878906,60.599998474121094,61.599998474121094,61.599998474121094,10987,0.0,0.0
2021-01-27 00:00:00+01:00,61.0,61.79999923706055,59.599998474121094,60.599998474121094,60.599998474121094,15707,0.0,0.0
2021-01-28 00:00:00+01:00,60.20000076293945,60.20000076293945,56.20000076293945,58.400001525878906,58.400001525878906,24091,0.0,0.0
2021-01-29 00:00:00+01:00,59.79999923706055,59.79999923706055,57.599998474121094,58.0,58.0,11639,0.0,0.0
2021-02-01 00:00:00+01:00,56.400001525878906,60.79999923706055,56.400001525878906,59.20000076293945,59.20000076293945,22984,0.0,0.0
2021-02-02 00:00:00+01:00,59.400001525878906,61.599998474121094,59.400001525878906,60.20000076293945,60.20000076293945,12416,0.0,0.0
2021-02-03 00:00:00+01:00,59.599998474121094,61.599998474121094,59.599998474121094,61.400001525878906,61.400001525878906,7668,0.0,0.0
2021-02-04 00:00:00+01:00,60.400001525878906,63.400001525878906,60.20000076293945,61.599998474121094,61.599998474121094,14981,0.0,0.0
2021-02-05 00:00:00+01:00,62.20000076293945,69.4000015258789,62.0,69.19999694824219,69.19999694824219,57504,0.0,0.0
2021-02-08 00:00:00+01:00,67.4000015258789,68.80000305175781,65.80000305175781,68.19999694824219,68.19999694824219,40685,0.0,0.0
2021-02-09 00:00:00+01:00,68.0,68.0,65.80000305175781,66.0,66.0,10084,0.0,0.0
2021-02-10 00:00:00+01:00,65.0,68.80000305175781,65.0,68.19999694824219,68.19999694824219,15773,0.0,0.0
2021-02-11 00:00:00+01:00,67.5999984741211,69.5999984741211,66.5999984741211,69.5999984741211,69.5999984741211,18218,0.0,0.0
2021-02-12 00:00:00+01:00,69.80000305175781,75.19999694824219,69.4000015258789,75.19999694824219,75.19999694824219,58986,0.0,0.0
2021-02-15 00:00:00+01:00,77.19999694824219,79.80000305175781,76.5999984741211,78.5999984741211,78.5999984741211,54110,0.0,0.0
2021-02-16 00:00:00+01:00,79.80000305175781,79.80000305175781,72.4000015258789,72.4000015258789,72.4000015258789,39605,0.0,0.0
2021-02-17 00:00:00+01:00,71.5999984741211,74.80000305175781,69.19999694824219,74.4000015258789,74.4000015258789,32561,0.0,0.0
2021-02-18 00:00:00+01:00,73.5999984741211,77.19999694824219,65.5999984741211,66.5999984741211,66.5999984741211,65734,0.0,0.0
2021-02-19 00:00:00+01:00,66.5999984741211,69.4000015258789,66.0,68.5999984741211,68.5999984741211,17590,0.0,0.0
2021-02-22 00:00:00+01:00,68.5999984741211,70.19999694824219,66.19999694824219,67.4000015258789,67.4000015258789,18337,0.0,0.0
2021-02-23 00:00:00+01:00,66.19999694824219,66.5999984741211,57.0,60.0,60.0,80560,0.0,0.0
2021-02-24 00:00:00+01:00,67.80000305175781,70.4000015258789,64.0,68.5999984741211,68.5999984741211,60441,0.0,0.0
2021-02-25 00:00:00+01:00,71.0,72.0,67.19999694824219,68.80000305175781,68.80000305175781,20349,0.0,0.0
2021-02-26 00:00:00+01:00,66.0,67.19999694824219,64.19999694824219,64.5999984741211,64.5999984741211,15132,0.0,0.0
2021-03-01 00:00:00+01:00,68.4000015258789,71.0,63.79999923706055,67.0,67.0,32995,0.0,0.0
2021-03-02 00:00:00+01:00,67.0,68.4000015258789,64.80000305175781,65.80000305175781,65.80000305175781,14417,0.0,0.0
2021-03-03 00:00:00+01:00,67.4000015258789,68.0,64.4000015258789,65.80000305175781,65.80000305175781,16143,0.0,0.0
2021-03-04 00:00:00+01:00,65.0,65.80000305175781,61.400001525878906,61.79999923706055,61.79999923706055,20391,0.0,0.0
2021-03-05 00:00:00+01:00,61.20000076293945,62.20000076293945,59.599998474121094,60.20000076293945,60.20000076293945,15460,0.0,0.0
2021-03-08 00:00:00+01:00,61.0,64.0,60.20000076293945,62.20000076293945,62.20000076293945,14055,0.0,0.0
2021-03-09 00:00:00+01:00,63.0,63.400001525878906,59.400001525878906,59.599998474121094,59.599998474121094,19565,0.0,0.0
2021-03-10 00:00:00+01:00,61.400001525878906,62.0,59.599998474121094,61.79999923706055,61.79999923706055,9394,0.0,0.0
2021-03-11 00:00:00+01:00,61.20000076293945,62.0,59.599998474121094,60.20000076293945,60.20000076293945,9285,0.0,0.0
2021-03-12 00:00:00+01:00,60.599998474121094,60.599998474121094,60.0,60.20000076293945,60.20000076293945,3601,0.0,0.0
2021-03-15 00:00:00+01:00,60.79999923706055,61.400001525878906,59.599998474121094,60.20000076293945,60.20000076293945,9224,0.0,0.0
2021-03-16 00:00:00+01:00,60.400001525878906,63.0,60.20000076293945,60.79999923706055,60.79999923706055,10231,0.0,0.0
2021-03-17 00:00:00+01:00,61.20000076293945,61.20000076293945,58.79999923706055,58.79999923706055,58.79999923706055,8072,0.0,0.0
2021-03-18 00:00:00+01:00,58.20000076293945,61.0,58.20000076293945,61.0,61.0,9200,0.0,0.0
2021-03-19 00:00:00+01:00,60.79999923706055,62.400001525878906,60.0,60.599998474121094,60.599998474121094,10096,0.0,0.0
2021-03-22 00:00:00+01:00,60.79999923706055,60.79999923706055,58.79999923706055,59.400001525878906,59.400001525878906,9283,0.0,0.0
2021-03-23 00:00:00+01:00,60.0,61.0,59.0,60.20000076293945,60.20000076293945,6067,0.0,0.0
2021-03-24 00:00:00+01:00,61.0,61.0,58.599998474121094,58.599998474121094,58.599998474121094,4879,0.0,0.0
2021-03-25 00:00:00+01:00,63.0,64.19999694824219,61.0,62.79999923706055,62.79999923706055,32117,0.0,0.0
2021-03-26 00:00:00+01:00,62.599998474121094,65.19999694824219,61.79999923706055,63.20000076293945,63.20000076293945,9838,0.0,0.0
2021-03-29 00:00:00+02:00,63.599998474121094,64.19999694824219,62.400001525878906,62.400001525878906,62.400001525878906,9063,0.0,0.0
2021-03-30 00:00:00+02:00,62.79999923706055,62.79999923706055,60.79999923706055,61.0,61.0,9052,0.0,0.0
2021-03-31 00:00:00+02:00,61.599998474121094,61.599998474121094,60.20000076293945,61.400001525878906,61.400001525878906,5235,0.0,0.0
2021-04-01 00:00:00+02:00,60.79999923706055,64.19999694824219,60.79999923706055,64.19999694824219,64.19999694824219,9694,0.0,0.0
2021-04-06 00:00:00+02:00,64.19999694824219,64.30000305175781,61.70000076293945,61.70000076293945,61.70000076293945,10122,0.0,0.0
2021-04-07 00:00:00+02:00,62.20000076293945,62.20000076293945,60.400001525878906,60.599998474121094,60.599998474121094,4801,0.0,0.0
2021-04-08 00:00:00+02:00,60.70000076293945,62.0,60.099998474121094,60.70000076293945,60.70000076293945,7473,0.0,0.0
2021-04-09 00:00:00+02:00,61.5,63.29999923706055,61.0,61.29999923706055,61.29999923706055,7546,0.0,0.0
2021-04-12 00:00:00+02:00,61.29999923706055,62.599998474121094,60.70000076293945,61.79999923706055,61.79999923706055,11344,0.0,0.0
2021-04-13 00:00:00+02:00,62.0,62.0,60.20000076293945,60.20000076293945,60.20000076293945,4534,0.0,0.0
2021-04-14 00:00:00+02:00,60.099998474121094,62.400001525878906,59.29999923706055,62.29999923706055,62.29999923706055,14399,0.0,0.0
2021-04-15 00:00:00+02:00,61.79999923706055,62.79999923706055,61.0,61.5,61.5,10267,0.0,0.0
2021-04-16 00:00:00+02:00,61.70000076293945,66.9000015258789,61.70000076293945,66.5999984741211,66.5999984741211,30153,0.0,0.0
2021-04-19 00:00:00+02:00,66.0999984741211,67.69999694824219,63.20000076293945,63.20000076293945,63.20000076293945,18541,0.0,0.0
2021-04-20 00:00:00+02:00,63.900001525878906,64.69999694824219,62.79999923706055,63.099998474121094,63.099998474121094,5951,0.0,0.0
2021-04-21 00:00:00+02:00,63.099998474121094,65.9000015258789,63.099998474121094,65.19999694824219,65.19999694824219,9712,0.0,0.0
2021-04-22 00:00:00+02:00,65.4000015258789,66.9000015258789,64.69999694824219,66.5,66.5,9241,0.0,0.0
2021-04-23 00:00:00+02:00,66.0,69.0,65.69999694824219,68.0,68.0,17083,0.0,0.0
2021-04-26 00:00:00+02:00,68.5,68.5999984741211,65.69999694824219,65.9000015258789,65.9000015258789,6044,0.0,0.0
2021-04-27 00:00:00+02:00,67.9000015258789,67.9000015258789,64.5999984741211,66.19999694824219,66.19999694824219,10745,0.0,0.0
2021-04-28 00:00:00+02:00,66.19999694824219,67.5,66.19999694824219,67.0,67.0,4730,0.0,0.0
2021-04-29 00:00:00+02:00,66.9000015258789,67.4000015258789,65.0,67.4000015258789,67.4000015258789,8982,0.0,0.0
2021-04-30 00:00:00+02:00,67.30000305175781,67.30000305175781,63.79999923706055,63.79999923706055,63.79999923706055,9063,0.0,0.0
2021-05-03 00:00:00+02:00,64.0,66.5,63.29999923706055,66.0,66.0,6759,0.0,0.0
2021-05-04 00:00:00+02:00,65.0,65.30000305175781,61.0,61.0,61.0,8132,0.0,0.0
2021-05-05 00:00:00+02:00,63.099998474121094,64.5999984741211,62.20000076293945,64.5999984741211,64.5999984741211,10146,0.0,0.0
2021-05-06 00:00:00+02:00,63.5,63.599998474121094,60.5,60.5,60.5,13559,0.0,0.0
2021-05-07 00:00:00+02:00,60.099998474121094,62.5,60.099998474121094,62.5,62.5,5165,0.0,0.0
2021-05-10 00:00:00+02:00,64.0,64.0,61.599998474121094,61.79999923706055,61.79999923706055,3488,0.0,0.0
2021-05-11 00:00:00+02:00,60.5,61.20000076293945,59.29999923706055,60.099998474121094,60.099998474121094,6277,0.0,0.0
2021-05-12 00:00:00+02:00,60.0,62.20000076293945,59.70000076293945,62.0,62.0,3787,0.0,0.0
2021-05-13 00:00:00+02:00,62.5,62.5,61.099998474121094,61.099998474121094,61.099998474121094,2385,0.0,0.0
2021-05-14 00:00:00+02:00,61.0,62.400001525878906,61.0,61.79999923706055,61.79999923706055,2948,0.0,0.0
2021-05-17 00:00:00+02:00,60.0,62.0,59.599998474121094,60.400001525878906,60.400001525878906,6280,0.0,0.0
2021-05-18 00:00:00+02:00,60.29999923706055,60.900001525878906,59.20000076293945,59.400001525878906,59.400001525878906,9111,0.0,0.0
2021-05-19 00:00:00+02:00,59.099998474121094,60.0,57.400001525878906,57.400001525878906,57.400001525878906,13523,0.0,0.0
2021-05-20 00:00:00+02:00,57.5,60.5,57.5,60.5,60.5,6382,0.0,0.0
2021-05-21 00:00:00+02:00,60.0,60.400001525878906,58.900001525878906,60.0,60.0,9409,0.0,0.0
2021-05-25 00:00:00+02:00,59.599998474121094,62.099998474121094,59.5,61.20000076293945,61.20000076293945,7668,0.0,0.0
2021-05-26 00:00:00+02:00,61.79999923706055,62.599998474121094,61.5,61.900001525878906,61.900001525878906,5739,0.0,0.0
2021-05-27 00:00:00+02:00,62.79999923706055,64.5999984741211,61.900001525878906,62.29999923706055,62.29999923706055,8247,0.0,0.0
2021-05-28 00:00:00+02:00,62.400001525878906,64.0999984741211,62.400001525878906,63.5,63.5,2887,0.0,0.0
2021-05-31 00:00:00+02:00,63.0,63.20000076293945,60.599998474121094,60.79999923706055,60.79999923706055,3657,0.0,0.0
2021-06-01 00:00:00+02:00,61.79999923706055,63.400001525878906,61.5,62.79999923706055,62.79999923706055,2941,0.0,0.0
2021-06-02 00:00:00+02:00,62.5,62.900001525878906,62.0,62.0,62.0,2037,0.0,0.0
2021-06-03 00:00:00+02:00,62.0,62.0,60.0,60.0,60.0,2928,0.0,0.0
2021-06-04 00:00:00+02:00,60.79999923706055,62.0,60.79999923706055,61.400001525878906,61.400001525878906,3213,0.0,0.0
2021-06-07 00:00:00+02:00,61.0,62.099998474121094,60.599998474121094,62.0,62.0,2393,0.0,0.0
2021-06-08 00:00:00+02:00,61.099998474121094,62.79999923706055,60.0,60.099998474121094,60.099998474121094,6002,0.0,0.0
2021-06-09 00:00:00+02:00,60.0,62.29999923706055,60.0,62.0,62.0,5050,0.0,0.0
2021-06-10 00:00:00+02:00,62.20000076293945,62.70000076293945,60.900001525878906,60.900001525878906,60.900001525878906,4296,0.0,0.0
2021-06-11 00:00:00+02:00,60.900001525878906,62.79999923706055,60.70000076293945,61.400001525878906,61.400001525878906,4212,0.0,0.0
2021-06-14 00:00:00+02:00,61.70000076293945,62.400001525878906,61.29999923706055,62.20000076293945,62.20000076293945,3355,0.0,0.0
2021-06-15 00:00:00+02:00,62.5,63.0,61.5,62.20000076293945,62.20000076293945,5411,0.0,0.0
2021-06-16 00:00:00+02:00,62.0,62.900001525878906,61.20000076293945,61.70000076293945,61.70000076293945,10755,0.0,0.0
2021-06-17 00:00:00+02:00,61.5,61.70000076293945,60.20000076293945,60.400001525878906,60.400001525878906,9323,0.0,0.0
2021-06-18 00:00:00+02:00,60.599998474121094,62.400001525878906,60.29999923706055,61.0,61.0,6388,0.0,0.0
2021-06-21 00:00:00+02:00,60.900001525878906,60.900001525878906,58.5,59.099998474121094,59.099998474121094,8210,0.0,0.0
2021-06-22 00:00:00+02:00,59.29999923706055,59.400001525878906,58.29999923706055,59.20000076293945,59.20000076293945,4201,0.0,0.0
2021-06-23 00:00:00+02:00,59.0,61.0,58.0,60.900001525878906,60.900001525878906,8978,0.0,0.0
2021-06-24 00:00:00+02:00,60.5,62.400001525878906,60.5,61.400001525878906,61.400001525878906,11264,0.0,0.0
2021-06-25 00:00:00+02:00,61.70000076293945,61.900001525878906,59.599998474121094,61.900001525878906,61.900001525878906,5802,0.0,0.0
2021-06-28 00:00:00+02:00,59.0,64.0999984741211,59.0,63.0,63.0,31268,0.0,0.0
2021-06-29 00:00:00+02:00,63.5,64.4000015258789,62.5,63.0,63.0,10594,0.0,0.0
2021-06-30 00:00:00+02:00,63.599998474121094,64.30000305175781,61.400001525878906,63.099998474121094,63.099998474121094,10297,0.0,0.0
2021-07-01 00:00:00+02:00,63.0,63.900001525878906,62.70000076293945,63.29999923706055,63.29999923706055,3174,0.0,0.0
2021-07-02 00:00:00+02:00,63.20000076293945,64.0999984741211,62.599998474121094,63.099998474121094,63.099998474121094,6085,0.0,0.0
2021-07-05 00:00:00+02:00,63.20000076293945,63.20000076293945,62.599998474121094,62.599998474121094,62.599998474121094,2926,0.0,0.0
2021-07-06 00:00:00+02:00,62.900001525878906,63.0,60.20000076293945,60.599998474121094,60.599998474121094,6136,0.0,0.0
2021-07-07 00:00:00+02:00,60.70000076293945,61.0,60.099998474121094,60.5,60.5,2795,0.0,0.0
2021-07-08 00:00:00+02:00,60.20000076293945,60.70000076293945,58.20000076293945,58.900001525878906,58.900001525878906,6890,0.0,0.0
2021-07-09 00:00:00+02:00,59.0,60.79999923706055,58.400001525878906,60.0,60.0,6945,0.0,0.0
2021-07-12 00:00:00+02:00,61.900001525878906,62.79999923706055,60.70000076293945,62.79999923706055,62.79999923706055,5192,0.0,0.0
2021-07-13 00:00:00+02:00,61.599998474121094,62.599998474121094,60.5,60.79999923706055,60.79999923706055,2968,0.0,0.0
2021-07-14 00:00:00+02:00,60.5,60.599998474121094,59.400001525878906,59.400001525878906,59.400001525878906,3032,0.0,0.0
2021-07-15 00:00:00+02:00,59.599998474121094,60.099998474121094,59.5,59.599998474121094,59.599998474121094,2963,0.0,0.0
2021-07-16 00:00:00+02:00,59.599998474121094,61.099998474121094,59.29999923706055,60.099998474121094,60.099998474121094,3125,0.0,0.0
2021-07-19 00:00:00+02:00,60.599998474121094,60.70000076293945,57.599998474121094,58.29999923706055,58.29999923706055,7123,0.0,0.0
2021-07-20 00:00:00+02:00,59.5,59.70000076293945,57.29999923706055,57.29999923706055,57.29999923706055,5843,0.0,0.0
2021-07-21 00:00:00+02:00,57.20000076293945,58.400001525878906,57.099998474121094,57.400001525878906,57.400001525878906,3786,0.0,0.0
2021-07-22 00:00:00+02:00,57.5,59.900001525878906,57.29999923706055,58.5,58.5,4410,0.0,0.0
2021-07-23 00:00:00+02:00,59.29999923706055,59.29999923706055,58.400001525878906,59.20000076293945,59.20000076293945,1822,0.0,0.0
2021-07-26 00:00:00+02:00,58.0,58.5,52.900001525878906,55.20000076293945,55.20000076293945,31743,0.0,0.0
2021-07-27 00:00:00+02:00,55.400001525878906,58.599998474121094,55.0,55.70000076293945,55.70000076293945,11851,0.0,0.0
2021-07-28 00:00:00+02:00,55.29999923706055,56.29999923706055,55.0,56.20000076293945,56.20000076293945,3913,0.0,0.0
2021-07-29 00:00:00+02:00,56.599998474121094,56.79999923706055,55.599998474121094,56.099998474121094,56.099998474121094,3705,0.0,0.0
2021-07-30 00:00:00+02:00,55.79999923706055,57.29999923706055,55.5,57.29999923706055,57.29999923706055,1736,0.0,0.0
2021-08-02 00:00:00+02:00,57.29999923706055,58.400001525878906,56.5,56.5,56.5,2758,0.0,0.0
2021-08-03 00:00:00+02:00,57.400001525878906,57.400001525878906,55.099998474121094,55.29999923706055,55.29999923706055,2837,0.0,0.0
2021-08-04 00:00:00+02:00,55.29999923706055,55.29999923706055,53.099998474121094,53.099998474121094,53.099998474121094,8610,0.0,0.0
2021-08-05 00:00:00+02:00,51.900001525878906,52.79999923706055,46.95000076293945,52.599998474121094,52.599998474121094,50759,0.0,0.0
2021-08-06 00:00:00+02:00,55.0,57.0,53.900001525878906,55.400001525878906,55.400001525878906,14364,0.0,0.0
2021-08-09 00:00:00+02:00,56.599998474121094,56.599998474121094,53.400001525878906,54.0,54.0,6560,0.0,0.0
2021-08-10 00:00:00+02:00,53.599998474121094,56.5,53.20000076293945,55.5,55.5,8978,0.0,0.0
2021-08-11 00:00:00+02:00,55.0,56.79999923706055,53.599998474121094,53.599998474121094,53.599998474121094,5187,0.0,0.0
2021-08-12 00:00:00+02:00,53.400001525878906,54.099998474121094,52.099998474121094,52.20000076293945,52.20000076293945,5955,0.0,0.0
2021-08-13 00:00:00+02:00,52.099998474121094,53.099998474121094,51.400001525878906,52.70000076293945,52.70000076293945,3767,0.0,0.0
2021-08-16 00:00:00+02:00,52.0,52.79999923706055,51.5,51.70000076293945,51.70000076293945,2430,0.0,0.0
2021-08-17 00:00:00+02:00,51.599998474121094,52.29999923706055,49.849998474121094,52.099998474121094,52.099998474121094,6979,0.0,0.0
2021-08-18 00:00:00+02:00,52.0,52.0,50.5,51.20000076293945,51.20000076293945,4365,0.0,0.0
2021-08-19 00:00:00+02:00,51.400001525878906,51.5,49.650001525878906,50.400001525878906,50.400001525878906,11040,0.0,0.0
2021-08-20 00:00:00+02:00,50.099998474121094,50.29999923706055,49.0,50.29999923706055,50.29999923706055,4213,0.0,0.0
2021-08-23 00:00:00+02:00,49.650001525878906,50.099998474121094,48.0,49.400001525878906,49.400001525878906,12919,0.0,0.0
2021-08-24 00:00:00+02:00,48.95000076293945,49.849998474121094,48.45000076293945,49.849998474121094,49.849998474121094,7906,0.0,0.0
2021-08-25 00:00:00+02:00,49.70000076293945,52.0,49.20000076293945,51.099998474121094,51.099998474121094,7583,0.0,0.0
2021-08-26 00:00:00+02:00,51.20000076293945,52.0,50.5,51.79999923706055,51.79999923706055,5234,0.0,0.0
2021-08-27 00:00:00+02:00,51.5,52.099998474121094,51.29999923706055,51.70000076293945,51.70000076293945,2130,0.0,0.0
2021-08-30 00:00:00+02:00,51.79999923706055,52.599998474121094,51.20000076293945,52.0,52.0,2552,0.0,0.0
2021-08-31 00:00:00+02:00,52.79999923706055,53.5,52.0,52.0,52.0,5289,0.0,0.0
2021-09-01 00:00:00+02:00,52.79999923706055,52.79999923706055,50.29999923706055,51.5,51.5,3083,0.0,0.0
2021-09-02 00:00:00+02:00,51.20000076293945,54.5,51.20000076293945,54.5,54.5,6578,0.0,0.0
2021-09-03 00:00:00+02:00,54.5,56.099998474121094,53.5,55.0,55.0,9416,0.0,0.0
2021-09-06 00:00:00+02:00,55.29999923706055,56.70000076293945,54.0,55.20000076293945,55.20000076293945,5313,0.0,0.0
2021-09-07 00:00:00+02:00,56.099998474121094,56.599998474121094,54.400001525878906,55.5,55.5,5721,0.0,0.0
2021-09-08 00:00:00+02:00,55.20000076293945,56.5,53.70000076293945,54.0,54.0,3954,0.0,0.0
2021-09-09 00:00:00+02:00,53.70000076293945,56.099998474121094,53.5,55.599998474121094,55.599998474121094,2521,0.0,0.0
2021-09-10 00:00:00+02:00,54.79999923706055,56.5,54.29999923706055,54.5,54.5,4004,0.0,0.0
2021-09-13 00:00:00+02:00,54.099998474121094,54.099998474121094,53.0,53.20000076293945,53.20000076293945,2354,0.0,0.0
2021-09-14 00:00:00+02:00,53.0,55.79999923706055,52.29999923706055,55.400001525878906,55.400001525878906,5448,0.0,0.0
2021-09-15 00:00:00+02:00,54.599998474121094,55.20000076293945,53.599998474121094,53.79999923706055,53.79999923706055,3680,0.0,0.0
2021-09-16 00:00:00+02:00,53.099998474121094,54.599998474121094,52.70000076293945,54.29999923706055,54.29999923706055,3442,0.0,0.0
2021-09-17 00:00:00+02:00,54.29999923706055,54.79999923706055,54.0,54.70000076293945,54.70000076293945,1465,0.0,0.0
2021-09-20 00:00:00+02:00,54.0,54.0,50.5,51.79999923706055,51.79999923706055,7669,0.0,0.0
2021-09-21 00:00:00+02:00,51.0,53.79999923706055,50.20000076293945,51.0,51.0,7356,0.0,0.0
2021-09-22 00:00:00+02:00,50.29999923706055,52.20000076293945,49.70000076293945,49.95000076293945,49.95000076293945,4565,0.0,0.0
2021-09-23 00:00:00+02:00,49.95000076293945,51.79999923706055,49.95000076293945,51.79999923706055,51.79999923706055,3932,0.0,0.0
2021-09-24 00:00:00+02:00,51.70000076293945,51.70000076293945,50.0,50.599998474121094,50.599998474121094,4920,0.0,0.0
2021-09-27 00:00:00+02:00,50.29999923706055,51.400001525878906,49.54999923706055,49.900001525878906,49.900001525878906,6467,0.0,0.0
2021-09-28 00:00:00+02:00,50.400001525878906,51.0,49.0,49.0,49.0,5863,0.0,0.0
2021-09-29 00:00:00+02:00,49.650001525878906,52.599998474121094,49.20000076293945,52.0,52.0,18856,0.0,0.0
2021-09-30 00:00:00+02:00,51.900001525878906,52.20000076293945,49.0,49.5,49.5,10351,0.0,0.0
2021-10-01 00:00:00+02:00,49.650001525878906,50.099998474121094,48.400001525878906,48.95000076293945,48.95000076293945,9912,0.0,0.0
2021-10-04 00:00:00+02:00,51.29999923706055,54.099998474121094,49.0,50.70000076293945,50.70000076293945,20971,0.0,0.0
2021-10-05 00:00:00+02:00,51.599998474121094,53.20000076293945,51.0,52.099998474121094,52.099998474121094,9164,0.0,0.0
2021-10-06 00:00:00+02:00,52.29999923706055,52.29999923706055,49.5,49.79999923706055,49.79999923706055,10273,0.0,0.0
2021-10-07 00:00:00+02:00,50.400001525878906,50.5,49.5,49.95000076293945,49.95000076293945,6223,0.0,0.0
2021-10-08 00:00:00+02:00,50.900001525878906,52.400001525878906,49.849998474121094,49.849998474121094,49.849998474121094,5938,0.0,0.0
2021-10-11 00:00:00+02:00,49.79999923706055,50.599998474121094,49.79999923706055,49.79999923706055,49.79999923706055,4131,0.0,0.0
2021-10-12 00:00:00+02:00,49.79999923706055,50.400001525878906,49.79999923706055,49.849998474121094,49.849998474121094,2464,0.0,0.0
2021-10-13 00:00:00+02:00,49.849998474121094,50.900001525878906,49.79999923706055,49.95000076293945,49.95000076293945,1843,0.0,0.0
2021-10-14 00:00:00+02:00,49.900001525878906,50.79999923706055,49.79999923706055,50.79999923706055,50.79999923706055,3208,0.0,0.0
2021-10-15 00:00:00+02:00,51.0,53.20000076293945,50.400001525878906,52.20000076293945,52.20000076293945,9860,0.0,0.0
2021-10-18 00:00:00+02:00,51.29999923706055,52.0,51.20000076293945,51.400001525878906,51.400001525878906,3372,0.0,0.0
2021-10-19 00:00:00+02:00,54.099998474121094,55.900001525878906,52.599998474121094,53.29999923706055,53.29999923706055,15614,0.0,0.0
2021-10-20 00:00:00+02:00,53.599998474121094,54.099998474121094,52.70000076293945,53.5,53.5,4412,0.0,0.0
2021-10-21 00:00:00+02:00,53.599998474121094,54.29999923706055,52.70000076293945,54.0,54.0,8302,0.0,0.0
2021-10-22 00:00:00+02:00,54.70000076293945,56.20000076293945,53.79999923706055,56.0,56.0,10166,0.0,0.0
2021-10-25 00:00:00+02:00,55.20000076293945,56.5,53.79999923706055,54.5,54.5,9158,0.0,0.0
2021-10-26 00:00:00+02:00,53.70000076293945,56.20000076293945,53.70000076293945,54.099998474121094,54.099998474121094,5646,0.0,0.0
2021-10-27 00:00:00+02:00,54.0,54.0,51.70000076293945,52.599998474121094,52.599998474121094,4871,0.0,0.0
2021-10-28 00:00:00+02:00,52.599998474121094,52.70000076293945,51.599998474121094,51.79999923706055,51.79999923706055,2849,0.0,0.0
2021-10-29 00:00:00+02:00,51.79999923706055,51.79999923706055,50.400001525878906,51.0,51.0,3231,0.0,0.0
2021-11-01 00:00:00+01:00,51.20000076293945,53.0,50.20000076293945,51.70000076293945,51.70000076293945,4141,0.0,0.0
2021-11-02 00:00:00+01:00,51.400001525878906,52.29999923706055,50.5,50.70000076293945,50.70000076293945,4689,0.0,0.0
2021-11-03 00:00:00+01:00,51.099998474121094,53.70000076293945,51.0,51.70000076293945,51.70000076293945,4559,0.0,0.0
2021-11-04 00:00:00+01:00,52.0,52.0,51.099998474121094,51.400001525878906,51.400001525878906,2762,0.0,0.0
2021-11-05 00:00:00+01:00,51.400001525878906,52.0,50.20000076293945,50.20000076293945,50.20000076293945,5185,0.0,0.0
2021-11-08 00:00:00+01:00,50.20000076293945,51.5,49.45000076293945,51.0,51.0,6464,0.0,0.0
2021-11-09 00:00:00+01:00,50.5,51.0,49.599998474121094,49.599998474121094,49.599998474121094,2360,0.0,0.0
2021-11-10 00:00:00+01:00,49.29999923706055,50.5,49.29999923706055,50.099998474121094,50.099998474121094,4751,0.0,0.0
2021-11-11 00:00:00+01:00,49.54999923706055,50.29999923706055,49.29999923706055,49.900001525878906,49.900001525878906,1491,0.0,0.0
2021-11-12 00:00:00+01:00,49.099998474121094,50.0,49.099998474121094,49.349998474121094,49.349998474121094,423,0.0,0.0
2021-11-15 00:00:00+01:00,50.099998474121094,50.099998474121094,49.099998474121094,49.099998474121094,49.099998474121094,1722,0.0,0.0
2021-11-16 00:00:00+01:00,49.150001525878906,50.70000076293945,49.150001525878906,50.5,50.5,3567,0.0,0.0
2021-11-17 00:00:00+01:00,50.0,50.79999923706055,49.45000076293945,49.5,49.5,1454,0.0,0.0
2021-11-18 00:00:00+01:00,49.20000076293945,49.599998474121094,48.599998474121094,49.150001525878906,49.150001525878906,5495,0.0,0.0
2021-11-19 00:00:00+01:00,48.29999923706055,48.650001525878906,46.400001525878906,47.0,47.0,15692,0.0,0.0
2021-11-22 00:00:00+01:00,47.0,47.400001525878906,45.900001525878906,46.849998474121094,46.849998474121094,10500,0.0,0.0
2021-11-23 00:00:00+01:00,46.04999923706055,47.349998474121094,44.0,47.349998474121094,47.349998474121094,19153,0.0,0.0
2021-11-24 00:00:00+01:00,46.79999923706055,47.29999923706055,46.54999923706055,46.54999923706055,46.54999923706055,1721,0.0,0.0
2021-11-25 00:00:00+01:00,46.54999923706055,47.599998474121094,46.5,47.45000076293945,47.45000076293945,2332,0.0,0.0
2021-11-26 00:00:00+01:00,46.900001525878906,47.95000076293945,46.0,47.599998474121094,47.599998474121094,16134,0.0,0.0
2021-11-29 00:00:00+01:00,47.25,48.150001525878906,44.5,45.54999923706055,45.54999923706055,11040,0.0,0.0
2021-11-30 00:00:00+01:00,44.04999923706055,46.20000076293945,44.04999923706055,45.0,45.0,6426,0.0,0.0
2021-12-01 00:00:00+01:00,45.349998474121094,45.5,43.599998474121094,45.5,45.5,4432,0.0,0.0
2021-12-02 00:00:00+01:00,45.29999923706055,45.29999923706055,43.900001525878906,43.95000076293945,43.95000076293945,3643,0.0,0.0
2021-12-03 00:00:00+01:00,44.099998474121094,46.29999923706055,42.5,45.5,45.5,14060,0.0,0.0
2021-12-06 00:00:00+01:00,45.29999923706055,45.900001525878906,44.29999923706055,44.5,44.5,8043,0.0,0.0
2021-12-07 00:00:00+01:00,44.79999923706055,45.79999923706055,44.04999923706055,45.54999923706055,45.54999923706055,10938,0.0,0.0
2021-12-08 00:00:00+01:00,44.900001525878906,48.20000076293945,44.900001525878906,47.29999923706055,47.29999923706055,10025,0.0,0.0
2021-12-09 00:00:00+01:00,50.20000076293945,56.20000076293945,48.400001525878906,53.599998474121094,53.599998474121094,35916,0.0,0.0
2021-12-10 00:00:00+01:00,53.0,53.20000076293945,49.79999923706055,49.79999923706055,49.79999923706055,18595,0.0,0.0
2021-12-13 00:00:00+01:00,50.79999923706055,52.900001525878906,49.04999923706055,52.70000076293945,52.70000076293945,8378,0.0,0.0
2021-12-14 00:00:00+01:00,52.70000076293945,55.5,50.5,52.79999923706055,52.79999923706055,14599,0.0,0.0
2021-12-15 00:00:00+01:00,56.599998474121094,61.0,56.599998474121094,59.900001525878906,59.900001525878906,49400,0.0,0.0
2021-12-16 00:00:00+01:00,61.5,64.69999694824219,55.5,55.5,55.5,48019,0.0,0.0
2021-12-17 00:00:00+01:00,56.0,56.70000076293945,55.0,56.0,56.0,9779,0.0,0.0
2021-12-20 00:00:00+01:00,56.5,56.79999923706055,54.099998474121094,55.79999923706055,55.79999923706055,10219,0.0,0.0
2021-12-21 00:00:00+01:00,55.70000076293945,57.29999923706055,55.5,56.599998474121094,56.599998474121094,5462,0.0,0.0
2021-12-22 00:00:00+01:00,57.0,57.900001525878906,56.20000076293945,57.0,57.0,3056,0.0,0.0
2021-12-23 00:00:00+01:00,57.20000076293945,59.400001525878906,56.400001525878906,59.0,59.0,7576,0.0,0.0
2021-12-27 00:00:00+01:00,58.70000076293945,59.900001525878906,58.0,58.20000076293945,58.20000076293945,4282,0.0,0.0
2021-12-28 00:00:00+01:00,58.400001525878906,58.5,56.599998474121094,57.0,57.0,4266,0.0,0.0
2021-12-29 00:00:00+01:00,56.29999923706055,59.5,55.70000076293945,59.5,59.5,11628,0.0,0.0
2021-12-30 00:00:00+01:00,57.29999923706055,59.0,56.70000076293945,59.0,59.0,11460,0.0,0.0
2022-01-03 00:00:00+01:00,58.900001525878906,59.5,55.29999923706055,55.29999923706055,55.29999923706055,4776,0.0,0.0
2022-01-04 00:00:00+01:00,55.099998474121094,56.29999923706055,52.5,53.0,53.0,17588,0.0,0.0
2022-01-05 00:00:00+01:00,52.70000076293945,53.599998474121094,51.5,51.70000076293945,51.70000076293945,9675,0.0,0.0
2022-01-06 00:00:00+01:00,51.5,52.20000076293945,51.400001525878906,51.5,51.5,3820,0.0,0.0
2022-01-07 00:00:00+01:00,51.0,51.0,48.849998474121094,48.900001525878906,48.900001525878906,11659,0.0,0.0
2022-01-10 00:00:00+01:00,49.5,51.099998474121094,48.599998474121094,51.099998474121094,51.099998474121094,9977,0.0,0.0
2022-01-11 00:00:00+01:00,50.400001525878906,51.5,50.29999923706055,50.900001525878906,50.900001525878906,1641,0.0,0.0
2022-01-12 00:00:00+01:00,50.099998474121094,51.29999923706055,50.0,50.599998474121094,50.599998474121094,1595,0.0,0.0
2022-01-13 00:00:00+01:00,50.0,51.0,49.20000076293945,49.20000076293945,49.20000076293945,1604,0.0,0.0
2022-01-14 00:00:00+01:00,49.5,49.599998474121094,48.29999923706055,48.650001525878906,48.650001525878906,4358,0.0,0.0
2022-01-17 00:00:00+01:00,48.20000076293945,48.70000076293945,47.599998474121094,48.20000076293945,48.20000076293945,3760,0.0,0.0
2022-01-18 00:00:00+01:00,48.45000076293945,48.45000076293945,46.5,46.599998474121094,46.599998474121094,5211,0.0,0.0
2022-01-19 00:00:00+01:00,46.5,50.099998474121094,46.5,49.599998474121094,49.599998474121094,11269,0.0,0.0
2022-01-20 00:00:00+01:00,48.25,51.099998474121094,47.20000076293945,50.29999923706055,50.29999923706055,7551,0.0,0.0
2022-01-21 00:00:00+01:00,49.20000076293945,49.599998474121094,47.75,47.849998474121094,47.849998474121094,2882,0.0,0.0
2022-01-24 00:00:00+01:00,48.04999923706055,48.849998474121094,44.79999923706055,45.0,45.0,20728,0.0,0.0
2022-01-25 00:00:00+01:00,44.900001525878906,45.70000076293945,43.400001525878906,44.650001525878906,44.650001525878906,9055,0.0,0.0
2022-01-26 00:00:00+01:00,45.75,49.0,45.20000076293945,48.45000076293945,48.45000076293945,11224,0.0,0.0
2022-01-27 00:00:00+01:00,47.650001525878906,48.650001525878906,46.75,47.349998474121094,47.349998474121094,1471,0.0,0.0
2022-01-28 00:00:00+01:00,47.400001525878906,49.54999923706055,47.0,49.349998474121094,49.349998474121094,5672,0.0,0.0
2022-01-31 00:00:00+01:00,49.79999923706055,51.0,48.099998474121094,48.25,48.25,4727,0.0,0.0
2022-02-01 00:00:00+01:00,48.650001525878906,48.70000076293945,48.150001525878906,48.70000076293945,48.70000076293945,2529,0.0,0.0
2022-02-02 00:00:00+01:00,48.25,54.79999923706055,48.25,54.79999923706055,54.79999923706055,15612,0.0,0.0
2022-02-03 00:00:00+01:00,53.900001525878906,54.900001525878906,52.5,52.5,52.5,8801,0.0,0.0
2022-02-04 00:00:00+01:00,52.5,52.70000076293945,50.400001525878906,51.0,51.0,4729,0.0,0.0
2022-02-07 00:00:00+01:00,50.599998474121094,55.0,50.599998474121094,54.70000076293945,54.70000076293945,9086,0.0,0.0
2022-02-08 00:00:00+01:00,54.599998474121094,55.29999923706055,53.79999923706055,55.29999923706055,55.29999923706055,2210,0.0,0.0
2022-02-09 00:00:00+01:00,54.29999923706055,55.099998474121094,53.900001525878906,54.0,54.0,3957,0.0,0.0
2022-02-10 00:00:00+01:00,54.599998474121094,57.0,54.599998474121094,56.900001525878906,56.900001525878906,6070,0.0,0.0
2022-02-11 00:00:00+01:00,56.20000076293945,57.0,55.5,56.400001525878906,56.400001525878906,2551,0.0,0.0
2022-02-14 00:00:00+01:00,51.400001525878906,52.70000076293945,50.29999923706055,51.599998474121094,51.599998474121094,13419,0.0,0.0
2022-02-15 00:00:00+01:00,52.0,54.0,52.0,52.5,52.5,1735,0.0,0.0
2022-02-16 00:00:00+01:00,52.20000076293945,53.79999923706055,52.20000076293945,52.79999923706055,52.79999923706055,1514,0.0,0.0
2022-02-17 00:00:00+01:00,52.599998474121094,53.900001525878906,50.5,50.5,50.5,1780,0.0,0.0
2022-02-18 00:00:00+01:00,50.099998474121094,52.20000076293945,49.70000076293945,50.79999923706055,50.79999923706055,4423,0.0,0.0
2022-02-21 00:00:00+01:00,50.20000076293945,51.0,48.04999923706055,48.04999923706055,48.04999923706055,6250,0.0,0.0
2022-02-22 00:00:00+01:00,46.0,48.349998474121094,44.25,47.0,47.0,19223,0.0,0.0
2022-02-23 00:00:00+01:00,48.20000076293945,49.79999923706055,45.70000076293945,45.70000076293945,45.70000076293945,5271,0.0,0.0
2022-02-24 00:00:00+01:00,45.0,46.95000076293945,43.29999923706055,45.400001525878906,45.400001525878906,15298,0.0,0.0
2022-02-25 00:00:00+01:00,45.04999923706055,47.349998474121094,45.0,47.20000076293945,47.20000076293945,4434,0.0,0.0
2022-02-28 00:00:00+01:00,46.5,48.20000076293945,45.04999923706055,48.0,48.0,3827,0.0,0.0
2022-03-01 00:00:00+01:00,48.150001525878906,49.5,47.20000076293945,49.099998474121094,49.099998474121094,5654,0.0,0.0
2022-03-02 00:00:00+01:00,49.5,50.400001525878906,48.20000076293945,49.54999923706055,49.54999923706055,4782,0.0,0.0
2022-03-03 00:00:00+01:00,50.79999923706055,51.5,47.349998474121094,48.25,48.25,2526,0.0,0.0
2022-03-04 00:00:00+01:00,47.150001525878906,47.650001525878906,45.0,45.20000076293945,45.20000076293945,10515,0.0,0.0
2022-03-07 00:00:00+01:00,45.20000076293945,46.349998474121094,41.150001525878906,43.20000076293945,43.20000076293945,17956,0.0,0.0
2022-03-08 00:00:00+01:00,42.5,44.75,42.0,44.099998474121094,44.099998474121094,6760,0.0,0.0
2022-03-09 00:00:00+01:00,44.150001525878906,46.75,44.099998474121094,45.400001525878906,45.400001525878906,9151,0.0,0.0
2022-03-10 00:00:00+01:00,46.150001525878906,46.150001525878906,44.45000076293945,44.900001525878906,44.900001525878906,4051,0.0,0.0
2022-03-11 00:00:00+01:00,45.099998474121094,47.150001525878906,44.900001525878906,44.900001525878906,44.900001525878906,3840,0.0,0.0
2022-03-14 00:00:00+01:00,44.79999923706055,48.400001525878906,44.79999923706055,47.70000076293945,47.70000076293945,4034,0.0,0.0
2022-03-15 00:00:00+01:00,47.95000076293945,49.0,47.0,49.0,49.0,4511,0.0,0.0
2022-03-16 00:00:00+01:00,49.150001525878906,52.599998474121094,48.95000076293945,49.599998474121094,49.599998474121094,6707,0.0,0.0
2022-03-17 00:00:00+01:00,51.0,54.5,50.79999923706055,51.5,51.5,8932,0.0,0.0
2022-03-18 00:00:00+01:00,51.0,52.599998474121094,51.0,52.099998474121094,52.099998474121094,1829,0.0,0.0
2022-03-21 00:00:00+01:00,52.29999923706055,52.29999923706055,51.20000076293945,52.0,52.0,684,0.0,0.0
2022-03-22 00:00:00+01:00,51.099998474121094,52.400001525878906,50.900001525878906,52.20000076293945,52.20000076293945,2379,0.0,0.0
2022-03-23 00:00:00+01:00,52.20000076293945,53.20000076293945,51.70000076293945,52.599998474121094,52.599998474121094,2352,0.0,0.0
2022-03-24 00:00:00+01:00,52.79999923706055,55.099998474121094,52.20000076293945,52.20000076293945,52.20000076293945,9374,0.0,0.0
2022-03-25 00:00:00+01:00,52.20000076293945,55.29999923706055,52.0,53.5,53.5,7881,0.0,0.0
2022-03-28 00:00:00+02:00,54.0,56.099998474121094,54.0,55.599998474121094,55.599998474121094,7662,0.0,0.0
2022-03-29 00:00:00+02:00,56.0,57.0,55.0,55.099998474121094,55.099998474121094,5320,0.0,0.0
2022-03-30 00:00:00+02:00,61.099998474121094,62.599998474121094,59.0,61.5,61.5,43177,0.0,0.0
2022-03-31 00:00:00+02:00,61.0,63.0,60.599998474121094,61.29999923706055,61.29999923706055,21538,0.0,0.0
2022-04-01 00:00:00+02:00,60.70000076293945,62.79999923706055,60.0,62.099998474121094,62.099998474121094,11220,0.0,0.0
2022-04-04 00:00:00+02:00,61.900001525878906,64.0999984741211,61.0,63.5,63.5,12583,0.0,0.0
2022-04-05 00:00:00+02:00,63.5,64.0,62.29999923706055,63.0,63.0,7248,0.0,0.0
2022-04-06 00:00:00+02:00,62.900001525878906,63.5,61.599998474121094,63.29999923706055,63.29999923706055,11418,0.0,0.0
2022-04-07 00:00:00+02:00,63.29999923706055,64.0,62.5,63.5,63.5,12318,0.0,0.0
2022-04-08 00:00:00+02:00,64.5,69.0,64.0,68.0,68.0,25960,0.0,0.0
2022-04-11 00:00:00+02:00,67.80000305175781,68.4000015258789,63.5,64.0,64.0,16456,0.0,0.0
2022-04-12 00:00:00+02:00,63.5,67.5,62.70000076293945,66.9000015258789,66.9000015258789,14339,0.0,0.0
2022-04-13 00:00:00+02:00,67.80000305175781,67.80000305175781,66.30000305175781,67.69999694824219,67.69999694824219,6562,0.0,0.0
2022-04-14 00:00:00+02:00,68.0,69.0,64.0,66.0,66.0,39124,0.0,0.0
2022-04-19 00:00:00+02:00,66.4000015258789,66.4000015258789,64.5,64.69999694824219,64.69999694824219,2567,0.0,0.0
2022-04-20 00:00:00+02:00,64.19999694824219,65.0,64.0,64.5999984741211,64.5999984741211,3221,0.0,0.0
2022-04-21 00:00:00+02:00,64.0999984741211,65.5999984741211,64.0999984741211,65.0999984741211,65.0999984741211,3222,0.0,0.0
2022-04-22 00:00:00+02:00,65.0,65.69999694824219,64.30000305175781,65.19999694824219,65.19999694824219,2941,0.0,0.0
2022-04-25 00:00:00+02:00,63.70000076293945,67.0,63.599998474121094,67.0,67.0,11817,0.0,0.0
2022-04-26 00:00:00+02:00,66.9000015258789,67.0,64.4000015258789,64.4000015258789,64.4000015258789,12869,0.0,0.0
2022-04-27 00:00:00+02:00,64.30000305175781,65.0,62.70000076293945,63.400001525878906,63.400001525878906,4676,0.0,0.0
2022-04-28 00:00:00+02:00,63.79999923706055,64.5,63.099998474121094,63.70000076293945,63.70000076293945,5099,0.0,0.0
2022-04-29 00:00:00+02:00,64.0,65.9000015258789,64.0,65.5999984741211,65.5999984741211,6547,0.0,0.0
2022-05-02 00:00:00+02:00,65.80000305175781,65.80000305175781,64.0,64.0,64.0,1338,0.0,0.0
2022-05-03 00:00:00+02:00,64.5999984741211,65.30000305175781,64.19999694824219,65.19999694824219,65.19999694824219,1592,0.0,0.0
2022-05-04 00:00:00+02:00,65.19999694824219,66.30000305175781,64.4000015258789,65.0,65.0,3897,0.0,0.0
2022-05-05 00:00:00+02:00,65.9000015258789,65.9000015258789,63.099998474121094,63.099998474121094,63.099998474121094,4418,0.0,0.0
2022-05-06 00:00:00+02:00,63.900001525878906,63.900001525878906,62.400001525878906,62.79999923706055,62.79999923706055,5462,0.0,0.0
2022-05-09 00:00:00+02:00,62.29999923706055,63.599998474121094,61.20000076293945,62.79999923706055,62.79999923706055,9009,0.0,0.0
2022-05-10 00:00:00+02:00,62.70000076293945,63.5,62.5,63.5,63.5,3772,0.0,0.0
2022-05-11 00:00:00+02:00,63.0,63.5,61.400001525878906,62.099998474121094,62.099998474121094,7000,0.0,0.0
2022-05-12 00:00:00+02:00,61.599998474121094,62.70000076293945,59.900001525878906,62.599998474121094,62.599998474121094,10682,0.0,0.0
2022-05-13 00:00:00+02:00,62.599998474121094,64.0,62.0,62.900001525878906,62.900001525878906,7090,0.0,0.0
2022-05-16 00:00:00+02:00,63.20000076293945,63.20000076293945,62.0,62.79999923706055,62.79999923706055,2932,0.0,0.0
2022-05-17 00:00:00+02:00,62.79999923706055,68.80000305175781,62.5,68.0,68.0,29140,0.0,0.0
2022-05-18 00:00:00+02:00,69.69999694824219,72.0,69.5,69.5,69.5,18402,0.0,0.0
2022-05-19 00:00:00+02:00,67.30000305175781,73.4000015258789,65.0999984741211,73.0999984741211,73.0999984741211,13828,0.0,0.0
2022-05-20 00:00:00+02:00,72.0999984741211,75.69999694824219,72.0999984741211,75.0,75.0,21076,0.0,0.0
2022-05-23 00:00:00+02:00,75.9000015258789,76.0,72.5,73.19999694824219,73.19999694824219,6976,0.0,0.0
2022-05-24 00:00:00+02:00,72.5999984741211,73.4000015258789,70.30000305175781,71.80000305175781,71.80000305175781,12419,0.0,0.0
2022-05-25 00:00:00+02:00,72.0999984741211,74.0,71.4000015258789,71.5999984741211,71.5999984741211,5195,0.0,0.0
2022-05-26 00:00:00+02:00,72.5,73.0,71.5999984741211,72.80000305175781,72.80000305175781,1705,0.0,0.0
2022-05-27 00:00:00+02:00,73.0,74.5999984741211,72.69999694824219,74.30000305175781,74.30000305175781,6625,0.0,0.0
2022-05-30 00:00:00+02:00,73.9000015258789,74.5999984741211,73.0,73.4000015258789,73.4000015258789,9128,0.0,0.0
2022-05-31 00:00:00+02:00,73.80000305175781,74.5,72.5999984741211,74.19999694824219,74.19999694824219,6317,0.0,0.0
2022-06-01 00:00:00+02:00,74.4000015258789,74.5999984741211,73.0999984741211,74.0,74.0,3531,0.0,0.0
2022-06-02 00:00:00+02:00,74.5,78.5,74.5,78.19999694824219,78.19999694824219,21922,0.0,0.0
2022-06-03 00:00:00+02:00,78.4000015258789,81.0,78.0,78.5,78.5,12985,0.0,0.0
2022-06-06 00:00:00+02:00,78.5999984741211,80.0,78.5999984741211,79.4000015258789,79.4000015258789,3719,0.0,0.0
2022-06-07 00:00:00+02:00,78.5999984741211,79.80000305175781,77.19999694824219,79.19999694824219,79.19999694824219,10693,0.0,0.0
2022-06-08 00:00:00+02:00,79.80000305175781,82.5999984741211,79.5999984741211,82.19999694824219,82.19999694824219,19801,0.0,0.0
2022-06-09 00:00:00+02:00,82.0999984741211,83.5,79.4000015258789,80.0999984741211,80.0999984741211,17912,0.0,0.0
2022-06-10 00:00:00+02:00,80.5,80.5,74.5,75.0,75.0,22975,0.0,0.0
2022-06-13 00:00:00+02:00,74.4000015258789,76.19999694824219,71.80000305175781,72.0999984741211,72.0999984741211,10293,0.0,0.0
2022-06-14 00:00:00+02:00,74.5,74.5,70.9000015258789,71.0,71.0,7599,0.0,0.0
2022-06-15 00:00:00+02:00,72.4000015258789,73.69999694824219,71.5999984741211,73.0,73.0,6321,0.0,0.0
2022-06-16 00:00:00+02:00,73.69999694824219,73.69999694824219,69.69999694824219,70.0,70.0,8063,0.0,0.0
2022-06-17 00:00:00+02:00,71.19999694824219,75.80000305175781,71.19999694824219,74.0,74.0,9203,0.0,0.0
2022-06-20 00:00:00+02:00,73.0999984741211,77.4000015258789,73.0999984741211,76.69999694824219,76.69999694824219,4497,0.0,0.0
2022-06-21 00:00:00+02:00,76.9000015258789,80.0,76.69999694824219,77.19999694824219,77.19999694824219,11331,0.0,0.0
2022-06-22 00:00:00+02:00,77.0,77.0,72.5999984741211,73.5999984741211,73.5999984741211,12746,0.0,0.0
2022-06-23 00:00:00+02:00,74.9000015258789,75.5,73.19999694824219,74.9000015258789,74.9000015258789,2416,0.0,0.0
2022-06-24 00:00:00+02:00,75.9000015258789,81.4000015258789,75.5999984741211,77.4000015258789,77.4000015258789,24326,0.0,0.0
2022-06-27 00:00:00+02:00,76.5999984741211,79.19999694824219,75.80000305175781,77.0,77.0,8156,0.0,0.0
2022-06-28 00:00:00+02:00,77.0,79.80000305175781,77.0,79.5,79.5,7304,0.0,0.0
2022-06-29 00:00:00+02:00,79.69999694824219,81.0,76.69999694824219,77.0,77.0,19003,0.0,0.0
2022-06-30 00:00:00+02:00,77.5999984741211,77.5999984741211,74.9000015258789,76.5,76.5,8144,0.0,0.0
2022-07-01 00:00:00+02:00,77.0,77.80000305175781,75.80000305175781,77.4000015258789,77.4000015258789,4914,0.0,0.0
2022-07-04 00:00:00+02:00,77.4000015258789,78.80000305175781,76.9000015258789,78.5,78.5,7402,0.0,0.0
2022-07-05 00:00:00+02:00,78.30000305175781,78.4000015258789,74.5999984741211,76.30000305175781,76.30000305175781,6721,0.0,0.0
2022-07-06 00:00:00+02:00,76.30000305175781,77.0999984741211,72.9000015258789,74.30000305175781,74.30000305175781,9457,0.0,0.0
2022-07-07 00:00:00+02:00,75.30000305175781,75.9000015258789,74.80000305175781,75.80000305175781,75.80000305175781,4240,0.0,0.0
2022-07-08 00:00:00+02:00,74.80000305175781,75.30000305175781,74.0,74.69999694824219,74.69999694824219,3101,0.0,0.0
2022-07-11 00:00:00+02:00,73.9000015258789,76.9000015258789,73.9000015258789,75.80000305175781,75.80000305175781,2673,0.0,0.0
2022-07-12 00:00:00+02:00,75.0,75.0,73.9000015258789,74.0,74.0,4293,0.0,0.0
2022-07-13 00:00:00+02:00,73.80000305175781,75.0,72.9000015258789,74.5,74.5,6730,0.0,0.0
2022-07-14 00:00:00+02:00,73.19999694824219,74.5,72.5999984741211,72.69999694824219,72.69999694824219,4004,0.0,0.0
2022-07-15 00:00:00+02:00,73.5,75.69999694824219,73.5,75.0,75.0,8846,0.0,0.0
2022-07-18 00:00:00+02:00,75.0,76.0,75.0,75.80000305175781,75.80000305175781,1428,0.0,0.0
2022-07-19 00:00:00+02:00,75.9000015258789,79.5999984741211,75.0,79.5999984741211,79.5999984741211,9391,0.0,0.0
2022-07-20 00:00:00+02:00,79.30000305175781,79.9000015258789,78.19999694824219,78.9000015258789,78.9000015258789,3312,0.0,0.0
2022-07-21 00:00:00+02:00,79.19999694824219,80.69999694824219,79.19999694824219,79.5999984741211,79.5999984741211,7582,0.0,0.0
2022-07-22 00:00:00+02:00,79.9000015258789,80.69999694824219,76.5,76.5,76.5,6098,0.0,0.0
2022-07-25 00:00:00+02:00,77.19999694824219,78.0999984741211,76.5,77.0,77.0,3959,0.0,0.0
2022-07-26 00:00:00+02:00,76.19999694824219,80.0,76.19999694824219,79.4000015258789,79.4000015258789,2453,0.0,0.0
2022-07-27 00:00:00+02:00,79.0,83.69999694824219,78.69999694824219,83.5999984741211,83.5999984741211,25778,0.0,0.0
2022-07-28 00:00:00+02:00,84.0,84.0,81.19999694824219,84.0,84.0,8789,0.0,0.0
2022-07-29 00:00:00+02:00,84.0,85.0,82.19999694824219,82.5999984741211,82.5999984741211,11963,0.0,0.0
2022-08-01 00:00:00+02:00,83.0999984741211,84.0,81.30000305175781,83.0,83.0,4035,0.0,0.0
2022-08-02 00:00:00+02:00,82.5,84.69999694824219,81.9000015258789,84.4000015258789,84.4000015258789,4108,0.0,0.0
2022-08-03 00:00:00+02:00,85.30000305175781,86.0,82.5999984741211,85.30000305175781,85.30000305175781,24100,0.0,0.0
2022-08-04 00:00:00+02:00,86.0,86.0,84.0999984741211,84.5999984741211,84.5999984741211,11791,0.0,0.0
2022-08-05 00:00:00+02:00,84.0,84.19999694824219,82.19999694824219,83.30000305175781,83.30000305175781,3232,0.0,0.0
2022-08-08 00:00:00+02:00,83.4000015258789,84.5999984741211,82.5999984741211,84.0999984741211,84.0999984741211,4434,0.0,0.0
2022-08-09 00:00:00+02:00,82.80000305175781,84.0,82.19999694824219,82.80000305175781,82.80000305175781,3140,0.0,0.0
2022-08-10 00:00:00+02:00,83.0,83.0,81.5,81.5999984741211,81.5999984741211,2882,0.0,0.0
2022-08-11 00:00:00+02:00,81.5,83.5999984741211,81.5,83.4000015258789,83.4000015258789,4073,0.0,0.0
2022-08-12 00:00:00+02:00,83.0999984741211,84.0,82.19999694824219,83.69999694824219,83.69999694824219,11672,0.0,0.0
2022-08-15 00:00:00+02:00,83.5999984741211,84.80000305175781,82.5,84.5,84.5,12473,0.0,0.0
2022-08-16 00:00:00+02:00,85.9000015258789,87.4000015258789,84.69999694824219,87.30000305175781,87.30000305175781,23543,0.0,0.0
2022-08-17 00:00:00+02:00,87.0999984741211,87.9000015258789,86.4000015258789,87.0999984741211,87.0999984741211,14771,0.0,0.0
2022-08-18 00:00:00+02:00,87.4000015258789,87.4000015258789,84.5,86.0,86.0,7694,0.0,0.0
2022-08-19 00:00:00+02:00,86.0999984741211,87.0,85.0999984741211,86.4000015258789,86.4000015258789,6617,0.0,0.0
2022-08-22 00:00:00+02:00,86.0,86.80000305175781,83.0999984741211,84.0,84.0,13075,0.0,0.0
2022-08-23 00:00:00+02:00,83.0999984741211,85.0,83.0999984741211,84.4000015258789,84.4000015258789,8305,0.0,0.0
2022-08-24 00:00:00+02:00,84.69999694824219,85.0,84.4000015258789,84.80000305175781,84.80000305175781,3410,0.0,0.0
2022-08-25 00:00:00+02:00,84.80000305175781,85.4000015258789,79.5999984741211,79.69999694824219,79.69999694824219,19325,0.0,0.0
2022-08-26 00:00:00+02:00,80.0,81.4000015258789,77.9000015258789,80.0,80.0,41081,0.0,0.0
2022-08-29 00:00:00+02:00,79.9000015258789,79.9000015258789,75.0,77.0999984741211,77.0999984741211,31447,0.0,0.0
2022-08-30 00:00:00+02:00,76.5,80.0,76.5,78.0,78.0,17303,0.0,0.0
2022-08-31 00:00:00+02:00,77.30000305175781,77.9000015258789,75.0,75.5,75.5,11621,0.0,0.0
2022-09-01 00:00:00+02:00,74.0999984741211,74.69999694824219,72.0999984741211,72.69999694824219,72.69999694824219,17659,0.0,0.0
2022-09-02 00:00:00+02:00,72.30000305175781,75.0,72.30000305175781,75.0,75.0,8325,0.0,0.0
2022-09-05 00:00:00+02:00,72.69999694824219,74.19999694824219,72.0,74.0,74.0,9319,0.0,0.0
2022-09-06 00:00:00+02:00,73.30000305175781,73.9000015258789,71.0,71.0999984741211,71.0999984741211,12718,0.0,0.0
2022-09-07 00:00:00+02:00,72.0999984741211,73.0,69.19999694824219,72.19999694824219,72.19999694824219,22517,0.0,0.0
2022-09-08 00:00:00+02:00,73.0,74.0999984741211,70.9000015258789,73.5,73.5,9730,0.0,0.0
2022-09-09 00:00:00+02:00,74.0999984741211,74.9000015258789,74.0,74.5,74.5,3928,0.0,0.0
2022-09-12 00:00:00+02:00,75.5,76.0,74.0999984741211,74.80000305175781,74.80000305175781,8780,0.0,0.0
2022-09-13 00:00:00+02:00,74.0,75.5999984741211,72.69999694824219,72.9000015258789,72.9000015258789,8409,0.0,0.0
2022-09-14 00:00:00+02:00,72.19999694824219,72.5,69.0999984741211,70.5,70.5,21950,0.0,0.0
2022-09-15 00:00:00+02:00,70.5,73.5999984741211,70.4000015258789,72.80000305175781,72.80000305175781,8980,0.0,0.0
2022-09-16 00:00:00+02:00,72.5,73.30000305175781,70.4000015258789,70.80000305175781,70.80000305175781,13026,0.0,0.0
2022-09-19 00:00:00+02:00,71.5999984741211,72.19999694824219,69.5,70.30000305175781,70.30000305175781,9815,0.0,0.0
2022-09-20 00:00:00+02:00,71.5,72.4000015258789,70.4000015258789,72.0,72.0,5809,0.0,0.0
2022-09-21 00:00:00+02:00,71.5,73.5999984741211,70.9000015258789,73.30000305175781,73.30000305175781,2958,0.0,0.0
2022-09-22 00:00:00+02:00,71.5,73.4000015258789,70.30000305175781,71.0,71.0,5739,0.0,0.0
2022-09-23 00:00:00+02:00,70.4000015258789,71.4000015258789,68.69999694824219,70.5999984741211,70.5999984741211,14820,0.0,0.0
2022-09-26 00:00:00+02:00,70.80000305175781,72.19999694824219,70.0999984741211,70.9000015258789,70.9000015258789,8042,0.0,0.0
2022-09-27 00:00:00+02:00,71.5999984741211,71.5999984741211,70.5999984741211,70.9000015258789,70.9000015258789,3096,0.0,0.0
2022-09-28 00:00:00+02:00,69.5,71.0,68.4000015258789,70.69999694824219,70.69999694824219,15928,0.0,0.0
2022-09-29 00:00:00+02:00,71.19999694824219,71.69999694824219,70.30000305175781,70.9000015258789,70.9000015258789,8204,0.0,0.0
2022-09-30 00:00:00+02:00,70.5999984741211,72.19999694824219,69.5999984741211,71.5999984741211,71.5999984741211,5302,0.0,0.0
2022-10-03 00:00:00+02:00,70.5,72.9000015258789,69.69999694824219,72.19999694824219,72.19999694824219,11914,0.0,0.0
2022-10-04 00:00:00+02:00,72.9000015258789,74.5999984741211,72.9000015258789,74.0999984741211,74.0999984741211,9765,0.0,0.0
2022-10-05 00:00:00+02:00,74.5999984741211,74.80000305175781,73.0999984741211,73.80000305175781,73.80000305175781,2787,0.0,0.0
2022-10-06 00:00:00+02:00,74.0,74.0,71.5,71.5,71.5,3920,0.0,0.0
2022-10-07 00:00:00+02:00,72.0999984741211,72.30000305175781,70.9000015258789,71.0999984741211,71.0999984741211,1968,0.0,0.0
2022-10-10 00:00:00+02:00,70.80000305175781,71.5999984741211,69.69999694824219,70.9000015258789,70.9000015258789,6166,0.0,0.0
2022-10-11 00:00:00+02:00,70.69999694824219,70.69999694824219,68.9000015258789,70.0999984741211,70.0999984741211,8603,0.0,0.0
2022-10-12 00:00:00+02:00,70.0,71.0999984741211,69.69999694824219,70.9000015258789,70.9000015258789,10701,0.0,0.0
2022-10-13 00:00:00+02:00,71.19999694824219,71.5,69.0999984741211,71.0,71.0,4870,0.0,0.0
2022-10-14 00:00:00+02:00,71.5,72.30000305175781,71.4000015258789,71.80000305175781,71.80000305175781,3821,0.0,0.0
2022-10-17 00:00:00+02:00,72.0,73.5999984741211,71.4000015258789,73.4000015258789,73.4000015258789,2356,0.0,0.0
2022-10-18 00:00:00+02:00,73.0,74.4000015258789,73.0,74.19999694824219,74.19999694824219,2655,0.0,0.0
2022-10-19 00:00:00+02:00,74.4000015258789,74.4000015258789,71.5999984741211,71.9000015258789,71.9000015258789,6613,0.0,0.0
2022-10-20 00:00:00+02:00,71.19999694824219,71.19999694824219,70.5,70.80000305175781,70.80000305175781,983,0.0,0.0
2022-10-21 00:00:00+02:00,70.0999984741211,72.5999984741211,69.69999694824219,72.0,72.0,4899,0.0,0.0
2022-10-24 00:00:00+02:00,71.5999984741211,73.9000015258789,71.5999984741211,72.80000305175781,72.80000305175781,2179,0.0,0.0
2022-10-25 00:00:00+02:00,72.5999984741211,74.30000305175781,72.5999984741211,74.19999694824219,74.19999694824219,2375,0.0,0.0
2022-10-26 00:00:00+02:00,74.4000015258789,76.5,73.9000015258789,75.9000015258789,75.9000015258789,9247,0.0,0.0
2022-10-27 00:00:00+02:00,76.0,76.0,74.0,74.5999984741211,74.5999984741211,6312,0.0,0.0
2022-10-28 00:00:00+02:00,74.0999984741211,75.0,72.80000305175781,74.19999694824219,74.19999694824219,2408,0.0,0.0
2022-10-31 00:00:00+01:00,73.0,74.30000305175781,72.19999694824219,74.0,74.0,5466,0.0,0.0
2022-11-01 00:00:00+01:00,74.9000015258789,75.0,72.9000015258789,72.9000015258789,72.9000015258789,3724,0.0,0.0
2022-11-02 00:00:00+01:00,73.19999694824219,73.5999984741211,72.5,72.5,72.5,1950,0.0,0.0
2022-11-03 00:00:00+01:00,72.69999694824219,73.5999984741211,71.30000305175781,72.5999984741211,72.5999984741211,6355,0.0,0.0
2022-11-04 00:00:00+01:00,72.0,73.69999694824219,70.80000305175781,72.19999694824219,72.19999694824219,4947,0.0,0.0
2022-11-07 00:00:00+01:00,72.19999694824219,74.0,72.19999694824219,73.30000305175781,73.30000305175781,2544,0.0,0.0
2022-11-08 00:00:00+01:00,74.0,74.5,73.69999694824219,74.0999984741211,74.0999984741211,3717,0.0,0.0
2022-11-09 00:00:00+01:00,74.4000015258789,74.5999984741211,73.0999984741211,74.5999984741211,74.5999984741211,5007,0.0,0.0
2022-11-10 00:00:00+01:00,74.69999694824219,74.80000305175781,72.0,72.30000305175781,72.30000305175781,4507,0.0,0.0
2022-11-11 00:00:00+01:00,73.0,73.0,71.0999984741211,72.5,72.5,3972,0.0,0.0
2022-11-14 00:00:00+01:00,72.80000305175781,73.4000015258789,71.80000305175781,72.0,72.0,3017,0.0,0.0
2022-11-15 00:00:00+01:00,72.69999694824219,72.69999694824219,71.19999694824219,72.5,72.5,1638,0.0,0.0
2022-11-16 00:00:00+01:00,72.5,74.30000305175781,72.0,74.30000305175781,74.30000305175781,9019,0.0,0.0
2022-11-17 00:00:00+01:00,73.80000305175781,78.5,73.4000015258789,78.5,78.5,30528,0.0,0.0
2022-11-18 00:00:00+01:00,78.0,79.69999694824219,76.69999694824219,79.0999984741211,79.0999984741211,10925,0.0,0.0
2022-11-21 00:00:00+01:00,79.30000305175781,79.69999694824219,77.5,79.30000305175781,79.30000305175781,3015,0.0,0.0
2022-11-22 00:00:00+01:00,79.30000305175781,79.5,77.19999694824219,78.9000015258789,78.9000015258789,6427,0.0,0.0
2022-11-23 00:00:00+01:00,79.0,79.0,76.4000015258789,76.69999694824219,76.69999694824219,6369,0.0,0.0
2022-11-24 00:00:00+01:00,76.5999984741211,83.0999984741211,76.5,83.0999984741211,83.0999984741211,20787,0.0,0.0
2022-11-25 00:00:00+01:00,82.5,83.30000305175781,80.9000015258789,82.30000305175781,82.30000305175781,7552,0.0,0.0
2022-11-28 00:00:00+01:00,82.0999984741211,82.80000305175781,80.5,81.4000015258789,81.4000015258789,2231,0.0,0.0
2022-11-29 00:00:00+01:00,81.0999984741211,81.9000015258789,79.0999984741211,81.5999984741211,81.5999984741211,5049,0.0,0.0
2022-11-30 00:00:00+01:00,81.4000015258789,83.5999984741211,80.5999984741211,83.5999984741211,83.5999984741211,14842,0.0,0.0
2022-12-01 00:00:00+01:00,83.5999984741211,85.0,82.5,83.5,83.5,7592,0.0,0.0
2022-12-02 00:00:00+01:00,83.9000015258789,85.0,82.69999694824219,84.30000305175781,84.30000305175781,9428,0.0,0.0
2022-12-05 00:00:00+01:00,84.5,85.4000015258789,82.9000015258789,84.5999984741211,84.5999984741211,9141,0.0,0.0
2022-12-06 00:00:00+01:00,84.5999984741211,84.9000015258789,83.0,83.0,83.0,8444,0.0,0.0
2022-12-07 00:00:00+01:00,82.5999984741211,84.0,82.0999984741211,82.9000015258789,82.9000015258789,4763,0.0,0.0
2022-12-08 00:00:00+01:00,83.69999694824219,85.19999694824219,82.30000305175781,84.30000305175781,84.30000305175781,6258,0.0,0.0
2022-12-09 00:00:00+01:00,84.4000015258789,87.0,83.80000305175781,87.0,87.0,7439,0.0,0.0
2022-12-12 00:00:00+01:00,87.0,88.5999984741211,86.30000305175781,88.5999984741211,88.5999984741211,8573,0.0,0.0
2022-12-13 00:00:00+01:00,88.69999694824219,88.69999694824219,86.0999984741211,86.9000015258789,86.9000015258789,7548,0.0,0.0
2022-12-14 00:00:00+01:00,86.19999694824219,86.80000305175781,85.0999984741211,86.0999984741211,86.0999984741211,3192,0.0,0.0
2022-12-15 00:00:00+01:00,85.5,85.5,82.19999694824219,82.9000015258789,82.9000015258789,9917,0.0,0.0
2022-12-16 00:00:00+01:00,85.69999694824219,91.5999984741211,85.30000305175781,89.9000015258789,89.9000015258789,26699,0.0,0.0
2022-12-19 00:00:00+01:00,89.5,90.0,88.69999694824219,90.0,90.0,12378,0.0,0.0
2022-12-20 00:00:00+01:00,88.80000305175781,89.80000305175781,88.0999984741211,88.9000015258789,88.9000015258789,4380,0.0,0.0
2022-12-21 00:00:00+01:00,89.4000015258789,89.5,86.9000015258789,87.0999984741211,87.0999984741211,4935,0.0,0.0
2022-12-22 00:00:00+01:00,87.80000305175781,88.30000305175781,85.0999984741211,85.0999984741211,85.0999984741211,8564,0.0,0.0
2022-12-23 00:00:00+01:00,85.69999694824219,86.5,84.5999984741211,86.0,86.0,9665,0.0,0.0
2022-12-27 00:00:00+01:00,86.30000305175781,87.0,85.69999694824219,86.69999694824219,86.69999694824219,4686,0.0,0.0
2022-12-28 00:00:00+01:00,86.9000015258789,87.0,84.69999694824219,85.0,85.0,4397,0.0,0.0
2022-12-29 00:00:00+01:00,84.5999984741211,86.80000305175781,84.5999984741211,86.19999694824219,86.19999694824219,4009,0.0,0.0
2022-12-30 00:00:00+01:00,86.19999694824219,86.80000305175781,85.9000015258789,86.5,86.5,4187,0.0,0.0
2023-01-02 00:00:00+01:00,87.0,88.69999694824219,86.69999694824219,88.4000015258789,88.4000015258789,2217,0.0,0.0
2023-01-03 00:00:00+01:00,88.4000015258789,91.5999984741211,86.30000305175781,86.5,86.5,12295,0.0,0.0
2023-01-04 00:00:00+01:00,87.5999984741211,89.69999694824219,86.30000305175781,87.5999984741211,87.5999984741211,7120,0.0,0.0
2023-01-05 00:00:00+01:00,87.0,89.5999984741211,87.0,88.5,88.5,4895,0.0,0.0
2023-01-06 00:00:00+01:00,89.0999984741211,93.0,88.9000015258789,92.5,92.5,15528,0.0,0.0
2023-01-09 00:00:00+01:00,92.0,94.0999984741211,90.0999984741211,92.0,92.0,15955,0.0,0.0
2023-01-10 00:00:00+01:00,91.69999694824219,91.69999694824219,89.30000305175781,89.5,89.5,6100,0.0,0.0
2023-01-11 00:00:00+01:00,90.4000015258789,91.5999984741211,88.5,89.0,89.0,5613,0.0,0.0
2023-01-12 00:00:00+01:00,89.0999984741211,91.0,88.69999694824219,89.19999694824219,89.19999694824219,7758,0.0,0.0
2023-01-13 00:00:00+01:00,89.19999694824219,91.0,89.19999694824219,90.4000015258789,90.4000015258789,8654,0.0,0.0
2023-01-16 00:00:00+01:00,91.0,91.30000305175781,89.5999984741211,90.0,90.0,3102,0.0,0.0
2023-01-17 00:00:00+01:00,90.69999694824219,90.69999694824219,86.0999984741211,86.0999984741211,86.0999984741211,10214,0.0,0.0
2023-01-18 00:00:00+01:00,87.0999984741211,88.4000015258789,85.0,86.9000015258789,86.9000015258789,11961,0.0,0.0
2023-01-19 00:00:00+01:00,86.5,86.9000015258789,85.0,85.80000305175781,85.80000305175781,6425,0.0,0.0
2023-01-20 00:00:00+01:00,87.19999694824219,88.0,86.5999984741211,87.4000015258789,87.4000015258789,5357,0.0,0.0
2023-01-23 00:00:00+01:00,87.69999694824219,88.0999984741211,86.5999984741211,86.5999984741211,86.5999984741211,3460,0.0,0.0
2023-01-24 00:00:00+01:00,87.0,88.4000015258789,86.0,88.19999694824219,88.19999694824219,4425,0.0,0.0
2023-01-25 00:00:00+01:00,88.0,88.0,86.19999694824219,86.30000305175781,86.30000305175781,3767,0.0,0.0
2023-01-26 00:00:00+01:00,87.4000015258789,87.5999984741211,86.0999984741211,86.69999694824219,86.69999694824219,5142,0.0,0.0
2023-01-27 00:00:00+01:00,87.4000015258789,87.69999694824219,86.30000305175781,87.0999984741211,87.0999984741211,6580,0.0,0.0
2023-01-30 00:00:00+01:00,87.0999984741211,87.0999984741211,80.80000305175781,82.0,82.0,21730,0.0,0.0
2023-01-31 00:00:00+01:00,80.5999984741211,85.4000015258789,80.0999984741211,83.0999984741211,83.0999984741211,18563,0.0,0.0
2023-02-01 00:00:00+01:00,84.5,84.5,81.0,81.0,81.0,17728,0.0,0.0
2023-02-02 00:00:00+01:00,82.4000015258789,84.4000015258789,79.80000305175781,80.0,80.0,63885,0.0,0.0
2023-02-03 00:00:00+01:00,79.0999984741211,80.5,78.19999694824219,78.5999984741211,78.5999984741211,38322,0.0,0.0
2023-02-06 00:00:00+01:00,79.5,82.30000305175781,79.5,80.5,80.5,14647,0.0,0.0
2023-02-07 00:00:00+01:00,80.4000015258789,81.30000305175781,79.0,79.5999984741211,79.5999984741211,18936,0.0,0.0
2023-02-08 00:00:00+01:00,80.0,81.4000015258789,78.80000305175781,78.9000015258789,78.9000015258789,9826,0.0,0.0
2023-02-09 00:00:00+01:00,79.0,80.5,78.0999984741211,79.9000015258789,79.9000015258789,10253,0.0,0.0
2023-02-10 00:00:00+01:00,78.69999694824219,79.4000015258789,78.19999694824219,78.4000015258789,78.4000015258789,7401,0.0,0.0
2023-02-13 00:00:00+01:00,77.9000015258789,79.80000305175781,77.30000305175781,79.5,79.5,10230,0.0,0.0
2023-02-14 00:00:00+01:00,79.0,80.80000305175781,78.80000305175781,79.69999694824219,79.69999694824219,4364,0.0,0.0
2023-02-15 00:00:00+01:00,79.4000015258789,82.80000305175781,79.4000015258789,82.0999984741211,82.0999984741211,14037,0.0,0.0
2023-02-16 00:00:00+01:00,82.5,82.5,81.0,82.0999984741211,82.0999984741211,6409,0.0,0.0
2023-02-17 00:00:00+01:00,81.80000305175781,82.0999984741211,80.30000305175781,81.5,81.5,8226,0.0,0.0
2023-02-20 00:00:00+01:00,81.5,82.5999984741211,80.0,82.0,82.0,6449,0.0,0.0
2023-02-21 00:00:00+01:00,82.0999984741211,83.5,81.0,83.0,83.0,10499,0.0,0.0
2023-02-22 00:00:00+01:00,83.4000015258789,83.5999984741211,80.19999694824219,81.0,81.0,7957,0.0,0.0
2023-02-23 00:00:00+01:00,80.80000305175781,81.69999694824219,80.5,81.0999984741211,81.0999984741211,3753,0.0,0.0
2023-02-24 00:00:00+01:00,81.0999984741211,81.0999984741211,78.19999694824219,78.69999694824219,78.69999694824219,7915,0.0,0.0
2023-02-27 00:00:00+01:00,78.19999694824219,79.19999694824219,76.5999984741211,77.5999984741211,77.5999984741211,11239,0.0,0.0
2023-02-28 00:00:00+01:00,77.5,78.5,76.80000305175781,77.69999694824219,77.69999694824219,7618,0.0,0.0
2023-03-01 00:00:00+01:00,77.5999984741211,79.19999694824219,77.0999984741211,77.5,77.5,10299,0.0,0.0
2023-03-02 00:00:00+01:00,77.69999694824219,79.0999984741211,77.69999694824219,78.4000015258789,78.4000015258789,8030,0.0,0.0
2023-03-03 00:00:00+01:00,79.0999984741211,79.19999694824219,77.0,77.5,77.5,3539,0.0,0.0
2023-03-06 00:00:00+01:00,76.9000015258789,76.9000015258789,72.5999984741211,73.30000305175781,73.30000305175781,43282,0.0,0.0
2023-03-07 00:00:00+01:00,72.9000015258789,75.80000305175781,72.9000015258789,74.5,74.5,22083,0.0,0.0
2023-03-08 00:00:00+01:00,74.80000305175781,76.9000015258789,74.69999694824219,75.19999694824219,75.19999694824219,6264,0.0,0.0
2023-03-09 00:00:00+01:00,75.30000305175781,75.9000015258789,73.5999984741211,74.30000305175781,74.30000305175781,16939,0.0,0.0
2023-03-10 00:00:00+01:00,73.0,74.19999694824219,72.9000015258789,72.9000015258789,72.9000015258789,10957,0.0,0.0
2023-03-13 00:00:00+01:00,72.0,72.0,68.4000015258789,70.4000015258789,70.4000015258789,30636,0.0,0.0
2023-03-14 00:00:00+01:00,70.5999984741211,73.69999694824219,70.5999984741211,72.5999984741211,72.5999984741211,14223,0.0,0.0
2023-03-15 00:00:00+01:00,73.30000305175781,74.5,69.0,69.4000015258789,69.4000015258789,19482,0.0,0.0
2023-03-16 00:00:00+01:00,70.0999984741211,71.5999984741211,69.5999984741211,71.19999694824219,71.19999694824219,13037,0.0,0.0
2023-03-17 00:00:00+01:00,70.80000305175781,73.30000305175781,69.5999984741211,70.5999984741211,70.5999984741211,23606,0.0,0.0
2023-03-20 00:00:00+01:00,70.4000015258789,72.19999694824219,69.0,72.0,72.0,9231,0.0,0.0
2023-03-21 00:00:00+01:00,71.5999984741211,74.19999694824219,70.9000015258789,71.4000015258789,71.4000015258789,16126,0.0,0.0
2023-03-22 00:00:00+01:00,71.5,72.30000305175781,71.0,71.5999984741211,71.5999984741211,7700,0.0,0.0
2023-03-23 00:00:00+01:00,71.0,71.5,70.0,70.4000015258789,70.4000015258789,4249,0.0,0.0
2023-03-24 00:00:00+01:00,70.19999694824219,71.5,65.80000305175781,67.30000305175781,67.30000305175781,49956,0.0,0.0
2023-03-27 00:00:00+02:00,68.0,70.0999984741211,67.5,68.5999984741211,68.5999984741211,15532,0.0,0.0
2023-03-28 00:00:00+02:00,69.0,69.0,65.0,67.5,67.5,37161,0.0,0.0
2023-03-29 00:00:00+02:00,67.9000015258789,69.5999984741211,66.69999694824219,68.5,68.5,16068,0.0,0.0
2023-03-30 00:00:00+02:00,69.19999694824219,69.19999694824219,66.5999984741211,67.0,67.0,9894,0.0,0.0
2023-03-31 00:00:00+02:00,67.30000305175781,67.80000305175781,66.30000305175781,66.80000305175781,66.80000305175781,10212,0.0,0.0
2023-04-03 00:00:00+02:00,66.5999984741211,66.5999984741211,65.5,65.80000305175781,65.80000305175781,6330,0.0,0.0
2023-04-04 00:00:00+02:00,65.9000015258789,66.4000015258789,65.0,65.80000305175781,65.80000305175781,6230,0.0,0.0
2023-04-05 00:00:00+02:00,65.5999984741211,65.5999984741211,63.79999923706055,65.0,65.0,11470,0.0,0.0
2023-04-06 00:00:00+02:00,65.19999694824219,66.19999694824219,64.5,65.4000015258789,65.4000015258789,6808,0.0,0.0
2023-04-11 00:00:00+02:00,65.80000305175781,66.69999694824219,65.30000305175781,66.4000015258789,66.4000015258789,6141,0.0,0.0
2023-04-12 00:00:00+02:00,66.0999984741211,67.4000015258789,65.19999694824219,66.9000015258789,66.9000015258789,11240,0.0,0.0
2023-04-13 00:00:00+02:00,66.5999984741211,68.30000305175781,66.19999694824219,66.5999984741211,66.5999984741211,13317,0.0,0.0
2023-04-14 00:00:00+02:00,66.19999694824219,67.0999984741211,66.19999694824219,66.5,66.5,4195,0.0,0.0
2023-04-17 00:00:00+02:00,67.0,67.0,65.5,66.0999984741211,66.0999984741211,6742,0.0,0.0
2023-04-18 00:00:00+02:00,66.0999984741211,66.9000015258789,65.5,65.9000015258789,65.9000015258789,8435,0.0,0.0
2023-04-19 00:00:00+02:00,65.9000015258789,66.30000305175781,64.9000015258789,65.4000015258789,65.4000015258789,8065,0.0,0.0
2023-04-20 00:00:00+02:00,65.9000015258789,66.0,64.80000305175781,65.30000305175781,65.30000305175781,7635,0.0,0.0
2023-04-21 00:00:00+02:00,64.9000015258789,65.5,64.5,64.9000015258789,64.9000015258789,6492,0.0,0.0
2023-04-24 00:00:00+02:00,64.5,65.5999984741211,64.0,64.80000305175781,64.80000305175781,17148,0.0,0.0
2023-04-25 00:00:00+02:00,67.5999984741211,69.19999694824219,66.0,68.5999984741211,68.5999984741211,37048,0.0,0.0
2023-04-26 00:00:00+02:00,68.30000305175781,70.0,67.4000015258789,69.5,69.5,18338,0.0,0.0
2023-04-27 00:00:00+02:00,71.4000015258789,72.30000305175781,69.19999694824219,69.5999984741211,69.5999984741211,23140,0.0,0.0
2023-04-28 00:00:00+02:00,70.19999694824219,71.0999984741211,69.5999984741211,70.0,70.0,19482,0.0,0.0
2023-05-02 00:00:00+02:00,70.80000305175781,72.19999694824219,69.5,69.5999984741211,69.5999984741211,12390,0.0,0.0
2023-05-03 00:00:00+02:00,69.9000015258789,69.9000015258789,66.4000015258789,66.5,66.5,7717,0.0,0.0
2023-05-04 00:00:00+02:00,66.30000305175781,67.69999694824219,65.80000305175781,67.4000015258789,67.4000015258789,4367,0.0,0.0
2023-05-05 00:00:00+02:00,67.0,72.30000305175781,66.9000015258789,71.9000015258789,71.9000015258789,16335,0.0,0.0
2023-05-08 00:00:00+02:00,72.30000305175781,72.30000305175781,68.5,69.80000305175781,69.80000305175781,10009,0.0,0.0
2023-05-09 00:00:00+02:00,70.19999694824219,72.0999984741211,69.5999984741211,71.80000305175781,71.80000305175781,9509,0.0,0.0
2023-05-10 00:00:00+02:00,71.5,73.19999694824219,70.69999694824219,72.0,72.0,16041,0.0,0.0
2023-05-11 00:00:00+02:00,71.5,71.5,66.69999694824219,67.19999694824219,67.19999694824219,9740,0.0,0.0
2023-05-12 00:00:00+02:00,67.69999694824219,78.69999694824219,67.30000305175781,78.5999984741211,78.5999984741211,58641,0.0,0.0
2023-05-15 00:00:00+02:00,77.0,79.69999694824219,76.5,78.9000015258789,78.9000015258789,22182,0.0,0.0
2023-05-16 00:00:00+02:00,78.5999984741211,81.0999984741211,78.5,79.0999984741211,79.0999984741211,18867,0.0,0.0
2023-05-17 00:00:00+02:00,78.30000305175781,79.5,76.0999984741211,77.69999694824219,77.69999694824219,12816,0.0,0.0
2023-05-18 00:00:00+02:00,78.0,78.30000305175781,77.0,77.5999984741211,77.5999984741211,4361,0.0,0.0
2023-05-19 00:00:00+02:00,77.5,78.0999984741211,76.9000015258789,77.69999694824219,77.69999694824219,7423,0.0,0.0
2023-05-22 00:00:00+02:00,79.4000015258789,79.4000015258789,77.80000305175781,78.5,78.5,24982,0.0,0.0
2023-05-23 00:00:00+02:00,78.0999984741211,79.5,77.19999694824219,78.5,78.5,16889,0.0,0.0
2023-05-24 00:00:00+02:00,78.0999984741211,78.0999984741211,76.30000305175781,76.80000305175781,76.80000305175781,9586,0.0,0.0
2023-05-25 00:00:00+02:00,76.30000305175781,78.9000015258789,76.30000305175781,78.69999694824219,78.69999694824219,15568,0.0,0.0
2023-05-26 00:00:00+02:00,79.0,79.5,75.30000305175781,76.69999694824219,76.69999694824219,21702,0.0,0.0
2023-05-29 00:00:00+02:00,76.0999984741211,78.80000305175781,75.69999694824219,78.4000015258789,78.4000015258789,12920,0.0,0.0
2023-05-30 00:00:00+02:00,78.0,78.0,75.0,75.0,75.0,21686,0.0,0.0
2023-05-31 00:00:00+02:00,75.0,76.80000305175781,73.5999984741211,75.30000305175781,75.30000305175781,235482,0.0,0.0
2023-06-01 00:00:00+02:00,75.4000015258789,75.4000015258789,68.5999984741211,71.30000305175781,71.30000305175781,31691,0.0,0.0
2023-06-02 00:00:00+02:00,71.5999984741211,73.5999984741211,70.5999984741211,71.80000305175781,71.80000305175781,10602,0.0,0.0
2023-06-05 00:00:00+02:00,71.80000305175781,72.0999984741211,70.5,70.5,70.5,5353,0.0,0.0
2023-06-06 00:00:00+02:00,70.4000015258789,71.0,70.0,70.4000015258789,70.4000015258789,11842,0.0,0.0
2023-06-07 00:00:00+02:00,70.69999694824219,71.4000015258789,69.69999694824219,71.0,71.0,11686,0.0,0.0
2023-06-08 00:00:00+02:00,70.69999694824219,71.30000305175781,70.0,70.0999984741211,70.0999984741211,5720,0.0,0.0
2023-06-09 00:00:00+02:00,70.19999694824219,71.19999694824219,70.0999984741211,70.69999694824219,70.69999694824219,3766,0.0,0.0
2023-06-12 00:00:00+02:00,70.4000015258789,71.0999984741211,69.0,69.4000015258789,69.4000015258789,3975,0.0,0.0
2023-06-13 00:00:00+02:00,69.30000305175781,69.5,67.5,67.80000305175781,67.80000305175781,7380,0.0,0.0
2023-06-14 00:00:00+02:00,68.30000305175781,69.69999694824219,67.5,67.9000015258789,67.9000015258789,6861,0.0,0.0
2023-06-15 00:00:00+02:00,67.80000305175781,67.9000015258789,67.0999984741211,67.30000305175781,67.30000305175781,2375,0.0,0.0
2023-06-16 00:00:00+02:00,67.80000305175781,68.5,67.30000305175781,67.30000305175781,67.30000305175781,6188,0.0,0.0
2023-06-19 00:00:00+02:00,67.0999984741211,67.5,64.0,66.80000305175781,66.80000305175781,13365,0.0,0.0
2023-06-20 00:00:00+02:00,66.9000015258789,67.5,65.0,65.30000305175781,65.30000305175781,4737,0.0,0.0
2023-06-21 00:00:00+02:00,64.9000015258789,65.5999984741211,63.099998474121094,63.400001525878906,63.400001525878906,8285,0.0,0.0
2023-06-22 00:00:00+02:00,62.20000076293945,64.30000305175781,61.099998474121094,63.5,63.5,14540,0.0,0.0
2023-06-23 00:00:00+02:00,63.0,64.69999694824219,62.5,62.599998474121094,62.599998474121094,5231,0.0,0.0
2023-06-26 00:00:00+02:00,62.599998474121094,63.0,61.099998474121094,61.400001525878906,61.400001525878906,6287,0.0,0.0
2023-06-27 00:00:00+02:00,62.0,62.599998474121094,61.20000076293945,61.70000076293945,61.70000076293945,7873,0.0,0.0
2023-06-28 00:00:00+02:00,61.70000076293945,63.599998474121094,61.70000076293945,62.599998474121094,62.599998474121094,9383,0.0,0.0
2023-06-29 00:00:00+02:00,63.70000076293945,65.19999694824219,62.5,62.79999923706055,62.79999923706055,18037,0.0,0.0
2023-06-30 00:00:00+02:00,63.0,63.29999923706055,61.400001525878906,62.20000076293945,62.20000076293945,14905,0.0,0.0
2023-07-03 00:00:00+02:00,62.400001525878906,62.900001525878906,61.70000076293945,62.79999923706055,62.79999923706055,8193,0.0,0.0
2023-07-04 00:00:00+02:00,63.099998474121094,65.80000305175781,63.099998474121094,65.5,65.5,11094,0.0,0.0
2023-07-05 00:00:00+02:00,65.5999984741211,65.5999984741211,62.5,62.900001525878906,62.900001525878906,10586,0.0,0.0
2023-07-06 00:00:00+02:00,62.5,62.5,59.29999923706055,59.599998474121094,59.599998474121094,13207,0.0,0.0
2023-07-07 00:00:00+02:00,59.70000076293945,59.70000076293945,57.5,58.400001525878906,58.400001525878906,9682,0.0,0.0
2023-07-10 00:00:00+02:00,58.0,58.599998474121094,56.099998474121094,57.5,57.5,21497,0.0,0.0
2023-07-11 00:00:00+02:00,57.79999923706055,58.5,57.0,57.099998474121094,57.099998474121094,10329,0.0,0.0
2023-07-12 00:00:00+02:00,57.20000076293945,59.0,57.20000076293945,58.5,58.5,3763,0.0,0.0
2023-07-13 00:00:00+02:00,58.599998474121094,60.400001525878906,58.400001525878906,59.20000076293945,59.20000076293945,8467,0.0,0.0
2023-07-14 00:00:00+02:00,59.20000076293945,60.29999923706055,58.70000076293945,58.70000076293945,58.70000076293945,8982,0.0,0.0
2023-07-17 00:00:00+02:00,59.0,60.29999923706055,57.900001525878906,58.79999923706055,58.79999923706055,15879,0.0,0.0
2023-07-18 00:00:00+02:00,58.599998474121094,59.70000076293945,58.0,59.5,59.5,3417,0.0,0.0
2023-07-19 00:00:00+02:00,59.70000076293945,64.9000015258789,59.70000076293945,63.400001525878906,63.400001525878906,20666,0.0,0.0
2023-07-20 00:00:00+02:00,62.79999923706055,65.0,62.599998474121094,63.79999923706055,63.79999923706055,10380,0.0,0.0
2023-07-21 00:00:00+02:00,63.5,64.0,62.79999923706055,63.599998474121094,63.599998474121094,1915,0.0,0.0
2023-07-24 00:00:00+02:00,63.400001525878906,63.900001525878906,63.0,63.5,63.5,5764,0.0,0.0
2023-07-25 00:00:00+02:00,63.29999923706055,64.5999984741211,62.5,64.5999984741211,64.5999984741211,5221,0.0,0.0
2023-07-26 00:00:00+02:00,64.80000305175781,65.0999984741211,64.30000305175781,64.5,64.5,2785,0.0,0.0
2023-07-27 00:00:00+02:00,65.4000015258789,67.0,65.30000305175781,65.80000305175781,65.80000305175781,7955,0.0,0.0
2023-07-28 00:00:00+02:00,66.0999984741211,67.19999694824219,65.5999984741211,65.5999984741211,65.5999984741211,5730,0.0,0.0
2023-07-31 00:00:00+02:00,66.0999984741211,67.0,66.0999984741211,66.80000305175781,66.80000305175781,3983,0.0,0.0
2023-08-01 00:00:00+02:00,67.30000305175781,67.5,66.19999694824219,66.5,66.5,4696,0.0,0.0
2023-08-02 00:00:00+02:00,66.30000305175781,66.5999984741211,65.0,66.19999694824219,66.19999694824219,4124,0.0,0.0
2023-08-03 00:00:00+02:00,66.5999984741211,66.5999984741211,64.9000015258789,65.5999984741211,65.5999984741211,9559,0.0,0.0
2023-08-04 00:00:00+02:00,65.5999984741211,67.4000015258789,65.5999984741211,66.9000015258789,66.9000015258789,10118,0.0,0.0
2023-08-07 00:00:00+02:00,67.0,69.19999694824219,67.0,67.30000305175781,67.30000305175781,9319,0.0,0.0
2023-08-08 00:00:00+02:00,66.9000015258789,66.9000015258789,65.5999984741211,66.0999984741211,66.0999984741211,6546,0.0,0.0
2023-08-09 00:00:00+02:00,66.80000305175781,67.9000015258789,66.19999694824219,67.0999984741211,67.0999984741211,3722,0.0,0.0
2023-08-10 00:00:00+02:00,66.4000015258789,69.0,66.4000015258789,68.69999694824219,68.69999694824219,6965,0.0,0.0
2023-08-11 00:00:00+02:00,69.0999984741211,69.5999984741211,68.5,69.0,69.0,8476,0.0,0.0
2023-08-14 00:00:00+02:00,69.0,69.0999984741211,68.4000015258789,68.80000305175781,68.80000305175781,3809,0.0,0.0
2023-08-15 00:00:00+02:00,69.0999984741211,69.0999984741211,65.5999984741211,66.9000015258789,66.9000015258789,2079,0.0,0.0
2023-08-16 00:00:00+02:00,67.19999694824219,67.19999694824219,65.0999984741211,65.5,65.5,1686,0.0,0.0
2023-08-17 00:00:00+02:00,65.19999694824219,65.19999694824219,62.900001525878906,62.900001525878906,62.900001525878906,3104,0.0,0.0
2023-08-18 00:00:00+02:00,62.599998474121094,62.599998474121094,60.599998474121094,60.79999923706055,60.79999923706055,7221,0.0,0.0
2023-08-21 00:00:00+02:00,61.0,61.0,59.5,59.70000076293945,59.70000076293945,2098,0.0,0.0
2023-08-22 00:00:00+02:00,60.0,60.79999923706055,59.900001525878906,60.79999923706055,60.79999923706055,913,0.0,0.0
2023-08-23 00:00:00+02:00,60.29999923706055,61.400001525878906,60.29999923706055,61.0,61.0,2310,0.0,0.0
2023-08-24 00:00:00+02:00,61.70000076293945,63.79999923706055,60.79999923706055,60.900001525878906,60.900001525878906,5643,0.0,0.0
2023-08-25 00:00:00+02:00,61.400001525878906,62.400001525878906,60.099998474121094,60.70000076293945,60.70000076293945,13508,0.0,0.0
2023-08-28 00:00:00+02:00,61.0,62.20000076293945,60.70000076293945,60.79999923706055,60.79999923706055,6603,0.0,0.0
2023-08-29 00:00:00+02:00,61.0,62.400001525878906,60.400001525878906,61.29999923706055,61.29999923706055,10392,0.0,0.0
2023-08-30 00:00:00+02:00,62.70000076293945,63.0,61.0,61.29999923706055,61.29999923706055,8167,0.0,0.0
2023-08-31 00:00:00+02:00,61.599998474121094,61.599998474121094,60.599998474121094,61.400001525878906,61.400001525878906,9304,0.0,0.0
2023-09-01 00:00:00+02:00,61.400001525878906,61.400001525878906,59.599998474121094,60.5,60.5,7785,0.0,0.0
2023-09-04 00:00:00+02:00,60.900001525878906,60.900001525878906,60.099998474121094,60.20000076293945,60.20000076293945,2636,0.0,0.0
2023-09-05 00:00:00+02:00,60.400001525878906,61.099998474121094,59.5,60.599998474121094,60.599998474121094,5899,0.0,0.0
2023-09-06 00:00:00+02:00,60.900001525878906,60.900001525878906,59.79999923706055,59.900001525878906,59.900001525878906,2353,0.0,0.0
2023-09-07 00:00:00+02:00,60.29999923706055,60.400001525878906,59.400001525878906,59.5,59.5,2170,0.0,0.0
2023-09-08 00:00:00+02:00,60.20000076293945,60.20000076293945,57.400001525878906,57.79999923706055,57.79999923706055,3737,0.0,0.0
2023-09-11 00:00:00+02:00,57.400001525878906,58.20000076293945,56.79999923706055,58.099998474121094,58.099998474121094,4692,0.0,0.0
2023-09-12 00:00:00+02:00,58.900001525878906,59.20000076293945,58.29999923706055,58.900001525878906,58.900001525878906,1487,0.0,0.0
2023-09-13 00:00:00+02:00,59.099998474121094,59.599998474121094,58.20000076293945,58.29999923706055,58.29999923706055,1660,0.0,0.0
2023-09-14 00:00:00+02:00,59.0,59.400001525878906,58.20000076293945,59.29999923706055,59.29999923706055,1109,0.0,0.0
2023-09-15 00:00:00+02:00,59.79999923706055,61.20000076293945,59.79999923706055,60.0,60.0,5294,0.0,0.0
2023-09-18 00:00:00+02:00,60.5,60.5,58.0,58.20000076293945,58.20000076293945,4785,0.0,0.0
2023-09-19 00:00:00+02:00,58.0,58.79999923706055,57.5,58.400001525878906,58.400001525878906,1886,0.0,0.0
2023-09-20 00:00:00+02:00,58.400001525878906,59.099998474121094,58.29999923706055,59.0,59.0,1542,0.0,0.0
2023-09-21 00:00:00+02:00,58.900001525878906,60.5,57.5,57.599998474121094,57.599998474121094,10851,0.0,0.0
2023-09-22 00:00:00+02:00,57.599998474121094,58.20000076293945,57.29999923706055,57.79999923706055,57.79999923706055,1915,0.0,0.0
2023-09-25 00:00:00+02:00,57.599998474121094,57.599998474121094,53.5,54.900001525878906,54.900001525878906,22069,0.0,0.0
2023-09-26 00:00:00+02:00,55.29999923706055,56.900001525878906,54.599998474121094,56.79999923706055,56.79999923706055,6073,0.0,0.0
2023-09-27 00:00:00+02:00,56.79999923706055,58.0,56.79999923706055,57.29999923706055,57.29999923706055,5021,0.0,0.0
2023-09-28 00:00:00+02:00,57.599998474121094,57.599998474121094,56.29999923706055,56.5,56.5,2705,0.0,0.0
2023-09-29 00:00:00+02:00,58.79999923706055,59.0,58.0,58.29999923706055,58.29999923706055,6534,0.0,0.0
2023-10-02 00:00:00+02:00,58.5,58.900001525878906,56.900001525878906,57.29999923706055,57.29999923706055,7633,0.0,0.0
2023-10-03 00:00:00+02:00,57.400001525878906,57.400001525878906,55.79999923706055,56.20000076293945,56.20000076293945,4742,0.0,0.0
2023-10-04 00:00:00+02:00,55.79999923706055,55.79999923706055,54.5,54.5,54.5,4133,0.0,0.0
2023-10-05 00:00:00+02:00,54.099998474121094,54.29999923706055,51.400001525878906,51.400001525878906,51.400001525878906,17159,0.0,0.0
2023-10-06 00:00:00+02:00,51.599998474121094,53.099998474121094,49.70000076293945,52.79999923706055,52.79999923706055,16054,0.0,0.0
2023-10-09 00:00:00+02:00,51.900001525878906,51.900001525878906,49.70000076293945,50.20000076293945,50.20000076293945,12260,0.0,0.0
2023-10-10 00:00:00+02:00,52.0,56.5,52.0,56.20000076293945,56.20000076293945,13833,0.0,0.0
2023-10-11 00:00:00+02:00,56.0,56.400001525878906,55.0,55.20000076293945,55.20000076293945,7973,0.0,0.0
2023-10-12 00:00:00+02:00,55.599998474121094,58.70000076293945,55.599998474121094,58.29999923706055,58.29999923706055,18024,0.0,0.0
2023-10-13 00:00:00+02:00,58.79999923706055,58.79999923706055,56.0,56.20000076293945,56.20000076293945,10293,0.0,0.0
2023-10-16 00:00:00+02:00,56.599998474121094,56.599998474121094,54.400001525878906,54.79999923706055,54.79999923706055,4452,0.0,0.0
2023-10-17 00:00:00+02:00,54.70000076293945,54.70000076293945,53.70000076293945,54.0,54.0,6831,0.0,0.0
2023-10-18 00:00:00+02:00,54.5,54.5,54.0,54.29999923706055,54.29999923706055,4538,0.0,0.0
2023-10-19 00:00:00+02:00,54.29999923706055,54.599998474121094,51.20000076293945,51.5,51.5,4662,0.0,0.0
2023-10-20 00:00:00+02:00,50.900001525878906,52.70000076293945,49.75,52.20000076293945,52.20000076293945,8150,0.0,0.0
2023-10-23 00:00:00+02:00,52.0,52.0,50.5,51.400001525878906,51.400001525878906,8319,0.0,0.0
2023-10-24 00:00:00+02:00,51.29999923706055,53.599998474121094,51.29999923706055,52.900001525878906,52.900001525878906,11040,0.0,0.0
2023-10-25 00:00:00+02:00,53.0,54.20000076293945,52.79999923706055,53.599998474121094,53.599998474121094,18709,0.0,0.0
2023-10-26 00:00:00+02:00,53.099998474121094,54.20000076293945,52.099998474121094,53.29999923706055,53.29999923706055,14187,0.0,0.0
2023-10-27 00:00:00+02:00,52.79999923706055,54.599998474121094,52.79999923706055,54.29999923706055,54.29999923706055,12821,0.0,0.0
2023-10-30 00:00:00+01:00,54.20000076293945,54.70000076293945,54.0,54.099998474121094,54.099998474121094,6204,0.0,0.0
2023-10-31 00:00:00+01:00,54.5,56.79999923706055,54.5,55.70000076293945,55.70000076293945,10405,0.0,0.0
2023-11-01 00:00:00+01:00,56.20000076293945,58.79999923706055,55.79999923706055,58.599998474121094,58.599998474121094,6187,0.0,0.0
2023-11-02 00:00:00+01:00,58.79999923706055,61.400001525878906,58.70000076293945,60.70000076293945,60.70000076293945,14424,0.0,0.0
2023-11-03 00:00:00+01:00,60.5,60.79999923706055,59.400001525878906,60.29999923706055,60.29999923706055,6013,0.0,0.0
2023-11-06 00:00:00+01:00,59.79999923706055,61.0,58.70000076293945,60.20000076293945,60.20000076293945,5518,0.0,0.0
2023-11-07 00:00:00+01:00,60.599998474121094,61.599998474121094,60.400001525878906,61.5,61.5,1768,0.0,0.0
2023-11-08 00:00:00+01:00,61.5,62.5,61.29999923706055,61.599998474121094,61.599998474121094,5453,0.0,0.0
2023-11-09 00:00:00+01:00,61.400001525878906,64.5,61.0,64.30000305175781,64.30000305175781,13277,0.0,0.0
2023-11-10 00:00:00+01:00,63.5,63.5,61.5,62.29999923706055,62.29999923706055,10635,0.0,0.0
2023-11-13 00:00:00+01:00,61.400001525878906,64.0,60.900001525878906,63.70000076293945,63.70000076293945,7260,0.0,0.0
2023-11-14 00:00:00+01:00,64.0,65.5,62.599998474121094,64.9000015258789,64.9000015258789,14807,0.0,0.0
2023-11-15 00:00:00+01:00,64.9000015258789,65.4000015258789,63.79999923706055,64.5999984741211,64.5999984741211,2675,0.0,0.0
2023-11-16 00:00:00+01:00,65.19999694824219,65.19999694824219,60.79999923706055,61.20000076293945,61.20000076293945,5388,0.0,0.0
2023-11-17 00:00:00+01:00,61.70000076293945,62.400001525878906,61.70000076293945,61.900001525878906,61.900001525878906,2382,0.0,0.0
2023-11-20 00:00:00+01:00,62.0,63.5,60.599998474121094,63.400001525878906,63.400001525878906,15917,0.0,0.0
2023-11-21 00:00:00+01:00,63.5,63.599998474121094,60.79999923706055,61.400001525878906,61.400001525878906,6057,0.0,0.0
2023-11-22 00:00:00+01:00,61.099998474121094,61.900001525878906,60.599998474121094,61.599998474121094,61.599998474121094,3540,0.0,0.0
2023-11-23 00:00:00+01:00,62.099998474121094,62.20000076293945,60.900001525878906,62.0,62.0,1931,0.0,0.0
2023-11-24 00:00:00+01:00,61.599998474121094,61.70000076293945,61.400001525878906,61.599998474121094,61.599998474121094,352,0.0,0.0
2023-11-27 00:00:00+01:00,61.599998474121094,62.400001525878906,61.20000076293945,61.599998474121094,61.599998474121094,3999,0.0,0.0
2023-11-28 00:00:00+01:00,61.70000076293945,64.69999694824219,61.599998474121094,64.4000015258789,64.4000015258789,8775,0.0,0.0
2023-11-29 00:00:00+01:00,64.0,65.0,62.900001525878906,64.4000015258789,64.4000015258789,16180,0.0,0.0
2023-11-30 00:00:00+01:00,65.5,66.80000305175781,64.80000305175781,65.9000015258789,65.9000015258789,13467,0.0,0.0
2023-12-01 00:00:00+01:00,66.0999984741211,67.19999694824219,64.30000305175781,67.19999694824219,67.19999694824219,12123,0.0,0.0
2023-12-04 00:00:00+01:00,67.30000305175781,67.80000305175781,60.400001525878906,60.400001525878906,60.400001525878906,17381,0.0,0.0
2023-12-05 00:00:00+01:00,60.400001525878906,61.900001525878906,59.400001525878906,61.29999923706055,61.29999923706055,8387,0.0,0.0
2023-12-06 00:00:00+01:00,61.20000076293945,61.20000076293945,58.599998474121094,59.29999923706055,59.29999923706055,9951,0.0,0.0
2023-12-07 00:00:00+01:00,59.70000076293945,60.400001525878906,55.79999923706055,57.0,57.0,20122,0.0,0.0
2023-12-08 00:00:00+01:00,56.599998474121094,59.400001525878906,55.900001525878906,58.5,58.5,7960,0.0,0.0
2023-12-11 00:00:00+01:00,58.099998474121094,58.099998474121094,56.400001525878906,57.20000076293945,57.20000076293945,6250,0.0,0.0
2023-12-12 00:00:00+01:00,57.0,57.79999923706055,55.70000076293945,57.29999923706055,57.29999923706055,12473,0.0,0.0
2023-12-13 00:00:00+01:00,57.29999923706055,57.400001525878906,56.5,56.599998474121094,56.599998474121094,4108,0.0,0.0
2023-12-14 00:00:00+01:00,56.70000076293945,57.29999923706055,56.20000076293945,57.0,57.0,22817,0.0,0.0
2023-12-15 00:00:00+01:00,56.5,57.400001525878906,56.5,56.79999923706055,56.79999923706055,6055,0.0,0.0
2023-12-18 00:00:00+01:00,56.400001525878906,56.400001525878906,54.5,55.099998474121094,55.099998474121094,12667,0.0,0.0
2023-12-19 00:00:00+01:00,55.0,55.79999923706055,54.400001525878906,55.099998474121094,55.099998474121094,14074,0.0,0.0
2023-12-20 00:00:00+01:00,55.099998474121094,56.900001525878906,54.400001525878906,56.099998474121094,56.099998474121094,9387,0.0,0.0
2023-12-21 00:00:00+01:00,55.79999923706055,55.79999923706055,53.70000076293945,54.29999923706055,54.29999923706055,7388,0.0,0.0
2023-12-22 00:00:00+01:00,53.900001525878906,54.0,52.400001525878906,53.79999923706055,53.79999923706055,13731,0.0,0.0
2023-12-27 00:00:00+01:00,54.79999923706055,56.5,54.599998474121094,56.099998474121094,56.099998474121094,15567,0.0,0.0
2023-12-28 00:00:00+01:00,56.599998474121094,57.29999923706055,55.400001525878906,55.900001525878906,55.900001525878906,5639,0.0,0.0
2023-12-29 00:00:00+01:00,55.5,56.5,54.70000076293945,56.400001525878906,56.400001525878906,6049,0.0,0.0
2024-01-02 00:00:00+01:00,56.400001525878906,57.0,55.79999923706055,57.0,57.0,8200,0.0,0.0
2024-01-03 00:00:00+01:00,57.0,57.0,51.79999923706055,53.0,53.0,23770,0.0,0.0
2024-01-04 00:00:00+01:00,52.70000076293945,54.5,52.70000076293945,54.099998474121094,54.099998474121094,7592,0.0,0.0
2024-01-05 00:00:00+01:00,54.400001525878906,54.400001525878906,52.20000076293945,52.79999923706055,52.79999923706055,14348,0.0,0.0
2024-01-08 00:00:00+01:00,52.79999923706055,53.400001525878906,52.20000076293945,53.099998474121094,53.099998474121094,6996,0.0,0.0
2024-01-09 00:00:00+01:00,53.400001525878906,53.400001525878906,52.599998474121094,53.0,53.0,2618,0.0,0.0
2024-01-10 00:00:00+01:00,52.79999923706055,53.29999923706055,52.29999923706055,52.70000076293945,52.70000076293945,4392,0.0,0.0
2024-01-11 00:00:00+01:00,53.0,53.70000076293945,51.70000076293945,51.70000076293945,51.70000076293945,8643,0.0,0.0
2024-01-12 00:00:00+01:00,52.0,52.5,52.0,52.5,52.5,1162,0.0,0.0
2024-01-15 00:00:00+01:00,53.0,53.0,50.5,51.20000076293945,51.20000076293945,9219,0.0,0.0
2024-01-16 00:00:00+01:00,51.0,51.400001525878906,48.900001525878906,49.099998474121094,49.099998474121094,9559,0.0,0.0
2024-01-17 00:00:00+01:00,49.5,49.5,46.099998474121094,46.5,46.5,21791,0.0,0.0
2024-01-18 00:00:00+01:00,49.5,49.599998474121094,47.400001525878906,48.70000076293945,48.70000076293945,13484,0.0,0.0
2024-01-19 00:00:00+01:00,49.04999923706055,49.04999923706055,46.70000076293945,48.04999923706055,48.04999923706055,8356,0.0,0.0
2024-01-22 00:00:00+01:00,48.5,49.400001525878906,47.45000076293945,48.599998474121094,48.599998474121094,11596,0.0,0.0
2024-01-23 00:00:00+01:00,48.29999923706055,50.0,47.650001525878906,49.20000076293945,49.20000076293945,8188,0.0,0.0
2024-01-24 00:00:00+01:00,49.5,50.099998474121094,48.650001525878906,49.54999923706055,49.54999923706055,7549,0.0,0.0
2024-01-25 00:00:00+01:00,49.349998474121094,49.79999923706055,48.849998474121094,49.04999923706055,49.04999923706055,6603,0.0,0.0
2024-01-26 00:00:00+01:00,48.650001525878906,49.70000076293945,48.650001525878906,49.400001525878906,49.400001525878906,2954,0.0,0.0
2024-01-29 00:00:00+01:00,49.70000076293945,50.70000076293945,49.400001525878906,50.70000076293945,50.70000076293945,5891,0.0,0.0
2024-01-30 00:00:00+01:00,52.79999923706055,53.79999923706055,51.29999923706055,51.29999923706055,51.29999923706055,16661,0.0,0.0
2024-01-31 00:00:00+01:00,51.70000076293945,51.70000076293945,49.75,50.5,50.5,6730,0.0,0.0
2024-02-01 00:00:00+01:00,50.900001525878906,50.900001525878906,48.599998474121094,48.599998474121094,48.599998474121094,3320,0.0,0.0
2024-02-02 00:00:00+01:00,49.04999923706055,49.099998474121094,47.900001525878906,48.04999923706055,48.04999923706055,7215,0.0,0.0
2024-02-05 00:00:00+01:00,47.75,48.0,46.599998474121094,46.599998474121094,46.599998474121094,10788,0.0,0.0
2024-02-06 00:00:00+01:00,47.0,48.75,46.5,48.349998474121094,48.349998474121094,6784,0.0,0.0
2024-02-07 00:00:00+01:00,48.650001525878906,50.79999923706055,48.400001525878906,48.900001525878906,48.900001525878906,9744,0.0,0.0
2024-02-08 00:00:00+01:00,48.75,52.099998474121094,48.75,51.0,51.0,10816,0.0,0.0
2024-02-09 00:00:00+01:00,51.29999923706055,51.5,49.54999923706055,50.900001525878906,50.900001525878906,10032,0.0,0.0
2024-02-12 00:00:00+01:00,51.0,52.5,51.0,52.20000076293945,52.20000076293945,7190,0.0,0.0
2024-02-13 00:00:00+01:00,52.5,55.0,52.5,53.20000076293945,53.20000076293945,20627,0.0,0.0
2024-02-14 00:00:00+01:00,53.5,54.599998474121094,52.79999923706055,54.599998474121094,54.599998474121094,3107,0.0,0.0
2024-02-15 00:00:00+01:00,54.599998474121094,56.0,54.099998474121094,55.79999923706055,55.79999923706055,4876,0.0,0.0
2024-02-16 00:00:00+01:00,56.29999923706055,56.79999923706055,55.0,55.0,55.0,7370,0.0,0.0
2024-02-19 00:00:00+01:00,55.29999923706055,55.599998474121094,54.20000076293945,55.20000076293945,55.20000076293945,7342,0.0,0.0
2024-02-20 00:00:00+01:00,55.400001525878906,55.400001525878906,53.20000076293945,53.5,53.5,3900,0.0,0.0
2024-02-21 00:00:00+01:00,53.79999923706055,55.400001525878906,53.79999923706055,54.79999923706055,54.79999923706055,9368,0.0,0.0
2024-02-22 00:00:00+01:00,55.0,55.0,53.5,53.70000076293945,53.70000076293945,2792,0.0,0.0
2024-02-23 00:00:00+01:00,54.0,54.0,50.400001525878906,50.70000076293945,50.70000076293945,11771,0.0,0.0
2024-02-26 00:00:00+01:00,50.400001525878906,50.400001525878906,49.29999923706055,49.79999923706055,49.79999923706055,9326,0.0,0.0
2024-02-27 00:00:00+01:00,49.79999923706055,51.0,49.25,50.70000076293945,50.70000076293945,7762,0.0,0.0
2024-02-28 00:00:00+01:00,50.400001525878906,51.099998474121094,48.650001525878906,48.650001525878906,48.650001525878906,6514,0.0,0.0
2024-02-29 00:00:00+01:00,48.5,48.79999923706055,47.79999923706055,48.20000076293945,48.20000076293945,10916,0.0,0.0
2024-03-01 00:00:00+01:00,48.599998474121094,48.79999923706055,47.150001525878906,48.5,48.5,9274,0.0,0.0
2024-03-04 00:00:00+01:00,48.849998474121094,49.45000076293945,47.0,47.20000076293945,47.20000076293945,4964,0.0,0.0
2024-03-05 00:00:00+01:00,47.25,47.25,46.400001525878906,46.54999923706055,46.54999923706055,2750,0.0,0.0
2024-03-06 00:00:00+01:00,47.04999923706055,48.5,47.04999923706055,48.0,48.0,5048,0.0,0.0
2024-03-07 00:00:00+01:00,48.70000076293945,49.599998474121094,47.95000076293945,49.599998474121094,49.599998474121094,3963,0.0,0.0
2024-03-08 00:00:00+01:00,49.29999923706055,49.29999923706055,47.54999923706055,47.599998474121094,47.599998474121094,11119,0.0,0.0
2024-03-11 00:00:00+01:00,48.0,48.5,47.349998474121094,47.95000076293945,47.95000076293945,8158,0.0,0.0
2024-03-12 00:00:00+01:00,48.0,48.5,47.45000076293945,48.20000076293945,48.20000076293945,4876,0.0,0.0
2024-03-13 00:00:00+01:00,47.849998474121094,49.0,46.79999923706055,46.849998474121094,46.849998474121094,10158,0.0,0.0
2024-03-14 00:00:00+01:00,46.900001525878906,47.29999923706055,44.70000076293945,45.54999923706055,45.54999923706055,22640,0.0,0.0
2024-03-15 00:00:00+01:00,45.5,46.0,44.400001525878906,45.29999923706055,45.29999923706055,9320,0.0,0.0
2024-03-18 00:00:00+01:00,46.150001525878906,47.45000076293945,45.5,45.75,45.75,8039,0.0,0.0
2024-03-19 00:00:00+01:00,46.0,46.0,44.75,44.75,44.75,2815,0.0,0.0
2024-03-20 00:00:00+01:00,44.95000076293945,46.29999923706055,44.650001525878906,46.04999923706055,46.04999923706055,6118,0.0,0.0
2024-03-21 00:00:00+01:00,46.25,47.04999923706055,45.599998474121094,46.20000076293945,46.20000076293945,4153,0.0,0.0
2024-03-22 00:00:00+01:00,46.45000076293945,47.400001525878906,46.29999923706055,47.150001525878906,47.150001525878906,2298,0.0,0.0
2024-03-25 00:00:00+01:00,46.900001525878906,46.95000076293945,45.0,45.45000076293945,45.45000076293945,4964,0.0,0.0
2024-03-26 00:00:00+01:00,45.599998474121094,45.599998474121094,44.75,45.5,45.5,1922,0.0,0.0
2024-03-27 00:00:00+01:00,45.95000076293945,46.79999923706055,45.29999923706055,46.349998474121094,46.349998474121094,2405,0.0,0.0
2024-03-28 00:00:00+01:00,46.70000076293945,47.0,46.04999923706055,46.349998474121094,46.349998474121094,5021,0.0,0.0
2024-04-02 00:00:00+02:00,46.54999923706055,46.54999923706055,44.900001525878906,45.150001525878906,45.150001525878906,4810,0.0,0.0
2024-04-03 00:00:00+02:00,45.54999923706055,45.849998474121094,44.900001525878906,45.599998474121094,45.599998474121094,5346,0.0,0.0
2024-04-04 00:00:00+02:00,45.900001525878906,46.5,45.75,46.5,46.5,1911,0.0,0.0
2024-04-05 00:00:00+02:00,46.599998474121094,46.599998474121094,45.5,46.0,46.0,6249,0.0,0.0
2024-04-08 00:00:00+02:00,46.29999923706055,46.70000076293945,45.400001525878906,45.650001525878906,45.650001525878906,4995,0.0,0.0
2024-04-09 00:00:00+02:00,45.79999923706055,47.29999923706055,45.54999923706055,46.25,46.25,5354,0.0,0.0
2024-04-10 00:00:00+02:00,46.5,46.900001525878906,45.599998474121094,45.95000076293945,45.95000076293945,4008,0.0,0.0
2024-04-11 00:00:00+02:00,45.70000076293945,47.5,45.70000076293945,46.25,46.25,6144,0.0,0.0
2024-04-12 00:00:00+02:00,46.599998474121094,47.45000076293945,46.29999923706055,46.45000076293945,46.45000076293945,4916,0.0,0.0
2024-04-15 00:00:00+02:00,47.29999923706055,47.29999923706055,45.099998474121094,45.20000076293945,45.20000076293945,7026,0.0,0.0
2024-04-16 00:00:00+02:00,44.95000076293945,44.95000076293945,42.900001525878906,43.0,43.0,14274,0.0,0.0
2024-04-17 00:00:00+02:00,43.0,43.0,39.54999923706055,40.20000076293945,40.20000076293945,29768,0.0,0.0
2024-04-18 00:00:00+02:00,40.20000076293945,40.45000076293945,38.599998474121094,39.70000076293945,39.70000076293945,18632,0.0,0.0
2024-04-19 00:00:00+02:00,39.54999923706055,39.54999923706055,38.599998474121094,38.650001525878906,38.650001525878906,8463,0.0,0.0
2024-04-22 00:00:00+02:00,38.25,39.5,37.650001525878906,38.20000076293945,38.20000076293945,24448,0.0,0.0
2024-04-23 00:00:00+02:00,38.599998474121094,40.400001525878906,38.599998474121094,39.099998474121094,39.099998474121094,16546,0.0,0.0
2024-04-24 00:00:00+02:00,39.04999923706055,39.95000076293945,38.650001525878906,39.099998474121094,39.099998474121094,6386,0.0,0.0
2024-04-25 00:00:00+02:00,39.349998474121094,39.900001525878906,39.349998474121094,39.70000076293945,39.70000076293945,5054,0.0,0.0
2024-04-26 00:00:00+02:00,39.70000076293945,39.95000076293945,39.5,39.95000076293945,39.95000076293945,4802,0.0,0.0
2024-04-29 00:00:00+02:00,40.099998474121094,41.599998474121094,39.900001525878906,41.599998474121094,41.599998474121094,11579,0.0,0.0
2024-04-30 00:00:00+02:00,41.70000076293945,41.849998474121094,40.400001525878906,40.95000076293945,40.95000076293945,15180,0.0,0.0
2024-05-02 00:00:00+02:00,40.599998474121094,41.45000076293945,40.54999923706055,41.0,41.0,7942,0.0,0.0
2024-05-03 00:00:00+02:00,41.349998474121094,43.79999923706055,41.349998474121094,43.20000076293945,43.20000076293945,25965,0.0,0.0
2024-05-06 00:00:00+02:00,43.0,46.70000076293945,43.0,46.349998474121094,46.349998474121094,15704,0.0,0.0
2024-05-07 00:00:00+02:00,46.5,46.79999923706055,44.849998474121094,44.849998474121094,44.849998474121094,8311,0.0,0.0
2024-05-08 00:00:00+02:00,44.25,45.20000076293945,42.349998474121094,42.599998474121094,42.599998474121094,11661,0.0,0.0
2024-05-09 00:00:00+02:00,42.849998474121094,43.400001525878906,42.650001525878906,43.150001525878906,43.150001525878906,2375,0.0,0.0
2024-05-10 00:00:00+02:00,44.20000076293945,45.75,42.75,42.75,42.75,12374,0.0,0.0
2024-05-13 00:00:00+02:00,42.900001525878906,43.099998474121094,42.5,42.75,42.75,7373,0.0,0.0
2024-05-14 00:00:00+02:00,42.400001525878906,44.20000076293945,42.400001525878906,43.599998474121094,43.599998474121094,9028,0.0,0.0
2024-05-15 00:00:00+02:00,44.79999923706055,44.95000076293945,43.0,43.599998474121094,43.599998474121094,16830,0.0,0.0
2024-05-16 00:00:00+02:00,44.54999923706055,44.75,43.650001525878906,44.29999923706055,44.29999923706055,16206,0.0,0.0
2024-05-17 00:00:00+02:00,44.650001525878906,44.70000076293945,43.70000076293945,44.29999923706055,44.29999923706055,16595,0.0,0.0
2024-05-20 00:00:00+02:00,44.29999923706055,44.5,43.54999923706055,43.75,43.75,3480,0.0,0.0
2024-05-21 00:00:00+02:00,43.45000076293945,43.599998474121094,41.400001525878906,41.54999923706055,41.54999923706055,6884,0.0,0.0
2024-05-22 00:00:00+02:00,41.650001525878906,43.70000076293945,41.5,43.70000076293945,43.70000076293945,6491,0.0,0.0
2024-05-23 00:00:00+02:00,44.0,44.0,41.95000076293945,42.349998474121094,42.349998474121094,7588,0.0,0.0
2024-05-24 00:00:00+02:00,42.04999923706055,42.29999923706055,41.20000076293945,42.150001525878906,42.150001525878906,5144,0.0,0.0
2024-05-27 00:00:00+02:00,41.79999923706055,44.29999923706055,41.79999923706055,44.04999923706055,44.04999923706055,9119,0.0,0.0
2024-05-28 00:00:00+02:00,44.400001525878906,45.0,43.5,44.20000076293945,44.20000076293945,4524,0.0,0.0
2024-05-29 00:00:00+02:00,43.599998474121094,43.650001525878906,41.29999923706055,42.54999923706055,42.54999923706055,17215,0.0,0.0
2024-05-30 00:00:00+02:00,42.400001525878906,43.04999923706055,42.25,43.0,43.0,12276,0.0,0.0
2024-05-31 00:00:00+02:00,42.75,44.29999923706055,41.95000076293945,44.29999923706055,44.29999923706055,25385,0.0,0.0
2024-06-03 00:00:00+02:00,44.900001525878906,46.45000076293945,44.29999923706055,46.0,46.0,11355,0.0,0.0
2024-06-04 00:00:00+02:00,46.0,47.5,45.650001525878906,47.0,47.0,12385,0.0,0.0
2024-06-05 00:00:00+02:00,47.45000076293945,49.400001525878906,47.400001525878906,48.849998474121094,48.849998474121094,18779,0.0,0.0
2024-06-06 00:00:00+02:00,48.849998474121094,50.5,48.849998474121094,49.849998474121094,49.849998474121094,11070,0.0,0.0
2024-06-07 00:00:00+02:00,50.0,50.0,48.29999923706055,49.400001525878906,49.400001525878906,9386,0.0,0.0
2024-06-10 00:00:00+02:00,48.599998474121094,50.5,48.599998474121094,50.099998474121094,50.099998474121094,5475,0.0,0.0
2024-06-11 00:00:00+02:00,50.099998474121094,51.099998474121094,48.20000076293945,48.5,48.5,5453,0.0,0.0
2024-06-12 00:00:00+02:00,48.900001525878906,48.95000076293945,47.45000076293945,48.70000076293945,48.70000076293945,6755,0.0,0.0
2024-06-13 00:00:00+02:00,49.04999923706055,50.599998474121094,48.29999923706055,48.400001525878906,48.400001525878906,18293,0.0,0.0
2024-06-14 00:00:00+02:00,48.400001525878906,49.25,46.0,46.25,46.25,4793,0.0,0.0
2024-06-17 00:00:00+02:00,46.04999923706055,46.54999923706055,45.70000076293945,46.400001525878906,46.400001525878906,7026,0.0,0.0
2024-06-18 00:00:00+02:00,47.099998474121094,47.650001525878906,46.0,47.599998474121094,47.599998474121094,4219,0.0,0.0
2024-06-19 00:00:00+02:00,47.20000076293945,49.20000076293945,46.5,48.5,48.5,4266,0.0,0.0
2024-06-20 00:00:00+02:00,48.95000076293945,51.0,48.20000076293945,50.0,50.0,6341,0.0,0.0
2024-06-21 00:00:00+02:00,50.20000076293945,53.5,49.75,52.29999923706055,52.29999923706055,19373,0.0,0.0
2024-06-24 00:00:00+02:00,53.0,55.0,51.599998474121094,54.70000076293945,54.70000076293945,8604,0.0,0.0
2024-06-25 00:00:00+02:00,54.70000076293945,55.79999923706055,54.0,55.79999923706055,55.79999923706055,12890,0.0,0.0
2024-06-26 00:00:00+02:00,56.0,56.0,54.79999923706055,55.20000076293945,55.20000076293945,9142,0.0,0.0
2024-06-27 00:00:00+02:00,55.5,55.900001525878906,54.20000076293945,54.20000076293945,54.20000076293945,9527,0.0,0.0
2024-06-28 00:00:00+02:00,54.20000076293945,54.5,51.79999923706055,51.79999923706055,51.79999923706055,11501,0.0,0.0
2024-07-01 00:00:00+02:00,53.5,54.5,51.29999923706055,53.79999923706055,53.79999923706055,15820,0.0,0.0
2024-07-02 00:00:00+02:00,54.79999923706055,55.29999923706055,54.0,54.900001525878906,54.900001525878906,11332,0.0,0.0
2024-07-03 00:00:00+02:00,55.400001525878906,56.79999923706055,54.0,54.79999923706055,54.79999923706055,12009,0.0,0.0
2024-07-04 00:00:00+02:00,55.0,56.099998474121094,54.599998474121094,54.70000076293945,54.70000076293945,5347,0.0,0.0
2024-07-05 00:00:00+02:00,54.29999923706055,56.400001525878906,54.29999923706055,56.0,56.0,4417,0.0,0.0
2024-07-08 00:00:00+02:00,56.099998474121094,56.900001525878906,55.400001525878906,55.900001525878906,55.900001525878906,6912,0.0,0.0
2024-07-09 00:00:00+02:00,55.79999923706055,55.79999923706055,54.0,54.29999923706055,54.29999923706055,4366,0.0,0.0
2024-07-10 00:00:00+02:00,54.099998474121094,55.29999923706055,53.5,55.20000076293945,55.20000076293945,10092,0.0,0.0
2024-07-11 00:00:00+02:00,54.79999923706055,55.79999923706055,54.29999923706055,55.29999923706055,55.29999923706055,10045,0.0,0.0
2024-07-12 00:00:00+02:00,55.0,55.900001525878906,54.599998474121094,54.900001525878906,54.900001525878906,3481,0.0,0.0
2024-07-15 00:00:00+02:00,54.79999923706055,55.099998474121094,53.79999923706055,54.20000076293945,54.20000076293945,2070,0.0,0.0
2024-07-16 00:00:00+02:00,54.5,54.5,53.599998474121094,53.900001525878906,53.900001525878906,3324,0.0,0.0
2024-07-17 00:00:00+02:00,53.900001525878906,54.5,53.20000076293945,53.29999923706055,53.29999923706055,6567,0.0,0.0
2024-07-18 00:00:00+02:00,53.20000076293945,53.900001525878906,53.0,53.5,53.5,1919,0.0,0.0
2024-07-19 00:00:00+02:00,53.400001525878906,53.400001525878906,51.20000076293945,51.5,51.5,2915,0.0,0.0
2024-07-22 00:00:00+02:00,51.900001525878906,52.79999923706055,51.400001525878906,51.900001525878906,51.900001525878906,4878,0.0,0.0
2024-07-23 00:00:00+02:00,52.20000076293945,52.20000076293945,50.400001525878906,50.900001525878906,50.900001525878906,2348,0.0,0.0
2024-07-24 00:00:00+02:00,50.900001525878906,50.900001525878906,49.5,50.5,50.5,6948,0.0,0.0
2024-07-25 00:00:00+02:00,50.400001525878906,50.400001525878906,48.099998474121094,49.400001525878906,49.400001525878906,15195,0.0,0.0
2024-07-26 00:00:00+02:00,49.79999923706055,52.29999923706055,49.400001525878906,51.900001525878906,51.900001525878906,6775,0.0,0.0
2024-07-29 00:00:00+02:00,52.400001525878906,52.400001525878906,49.849998474121094,50.099998474121094,50.099998474121094,4490,0.0,0.0
2024-07-30 00:00:00+02:00,50.79999923706055,52.20000076293945,50.5,52.20000076293945,52.20000076293945,3475,0.0,0.0
2024-07-31 00:00:00+02:00,52.599998474121094,53.29999923706055,52.099998474121094,52.900001525878906,52.900001525878906,7170,0.0,0.0
2024-08-01 00:00:00+02:00,53.099998474121094,53.70000076293945,51.900001525878906,52.599998474121094,52.599998474121094,5387,0.0,0.0
2024-08-02 00:00:00+02:00,52.29999923706055,52.29999923706055,48.70000076293945,48.70000076293945,48.70000076293945,6297,0.0,0.0
2024-08-05 00:00:00+02:00,46.29999923706055,46.650001525878906,42.75,44.900001525878906,44.900001525878906,26705,0.0,0.0
2024-08-06 00:00:00+02:00,45.79999923706055,51.0,45.79999923706055,48.79999923706055,48.79999923706055,21245,0.0,0.0
2024-08-07 00:00:00+02:00,49.29999923706055,51.0,48.75,50.0,50.0,7305,0.0,0.0
2024-08-08 00:00:00+02:00,49.5,49.5,46.70000076293945,48.54999923706055,48.54999923706055,8160,0.0,0.0
2024-08-09 00:00:00+02:00,48.20000076293945,50.099998474121094,48.099998474121094,49.5,49.5,7541,0.0,0.0
2024-08-12 00:00:00+02:00,49.400001525878906,51.0,48.150001525878906,49.20000076293945,49.20000076293945,7865,0.0,0.0
2024-08-13 00:00:00+02:00,49.29999923706055,51.400001525878906,49.29999923706055,50.900001525878906,50.900001525878906,5108,0.0,0.0
2024-08-14 00:00:00+02:00,52.29999923706055,52.29999923706055,49.75,49.75,49.75,3806,0.0,0.0
2024-08-15 00:00:00+02:00,50.0,52.099998474121094,49.45000076293945,51.20000076293945,51.20000076293945,5344,0.0,0.0
2024-08-16 00:00:00+02:00,51.5,51.5,49.099998474121094,49.20000076293945,49.20000076293945,4232,0.0,0.0
2024-08-19 00:00:00+02:00,49.0,49.79999923706055,48.650001525878906,49.04999923706055,49.04999923706055,5774,0.0,0.0
2024-08-20 00:00:00+02:00,48.95000076293945,49.849998474121094,48.95000076293945,49.400001525878906,49.400001525878906,2369,0.0,0.0
2024-08-21 00:00:00+02:00,49.849998474121094,51.29999923706055,49.849998474121094,50.599998474121094,50.599998474121094,2579,0.0,0.0
2024-08-22 00:00:00+02:00,50.900001525878906,52.5,50.900001525878906,52.0,52.0,3973,0.0,0.0
2024-08-23 00:00:00+02:00,52.20000076293945,53.5,52.20000076293945,52.599998474121094,52.599998474121094,6972,0.0,0.0
2024-08-26 00:00:00+02:00,52.400001525878906,53.599998474121094,52.400001525878906,53.099998474121094,53.099998474121094,1431,0.0,0.0
2024-08-27 00:00:00+02:00,53.29999923706055,54.0,52.29999923706055,52.29999923706055,52.29999923706055,1612,0.0,0.0
2024-08-28 00:00:00+02:00,52.20000076293945,52.70000076293945,50.29999923706055,51.70000076293945,51.70000076293945,4411,0.0,0.0
2024-08-29 00:00:00+02:00,52.20000076293945,53.29999923706055,52.099998474121094,52.70000076293945,52.70000076293945,2104,0.0,0.0
2024-08-30 00:00:00+02:00,52.70000076293945,53.29999923706055,52.5,52.900001525878906,52.900001525878906,3299,0.0,0.0
2024-09-02 00:00:00+02:00,53.5,53.5,51.0,51.900001525878906,51.900001525878906,1763,0.0,0.0
2024-09-03 00:00:00+02:00,52.099998474121094,52.599998474121094,51.599998474121094,52.5,52.5,3442,0.0,0.0
2024-09-04 00:00:00+02:00,52.0,52.29999923706055,51.5,52.0,52.0,2697,0.0,0.0
2024-09-05 00:00:00+02:00,51.70000076293945,53.099998474121094,51.5,51.79999923706055,51.79999923706055,3169,0.0,0.0
2024-09-06 00:00:00+02:00,51.0,51.5,49.29999923706055,50.0,50.0,4495,0.0,0.0
2024-09-09 00:00:00+02:00,50.099998474121094,50.099998474121094,49.400001525878906,50.0,50.0,3858,0.0,0.0
2024-09-10 00:00:00+02:00,50.099998474121094,50.099998474121094,49.0,49.5,49.5,3953,0.0,0.0
2024-09-11 00:00:00+02:00,50.0,50.0,47.20000076293945,48.70000076293945,48.70000076293945,5232,0.0,0.0
2024-09-12 00:00:00+02:00,49.29999923706055,50.599998474121094,47.849998474121094,49.79999923706055,49.79999923706055,4463,0.0,0.0
2024-09-13 00:00:00+02:00,49.20000076293945,50.0,49.20000076293945,49.29999923706055,49.29999923706055,733,0.0,0.0
2024-09-16 00:00:00+02:00,49.75,50.5,48.95000076293945,49.599998474121094,49.599998474121094,2534,0.0,0.0
2024-09-17 00:00:00+02:00,49.95000076293945,50.099998474121094,49.099998474121094,49.400001525878906,49.400001525878906,2149,0.0,0.0
2024-09-18 00:00:00+02:00,49.349998474121094,49.349998474121094,49.29999923706055,49.349998474121094,49.349998474121094,662,0.0,0.0
2024-09-19 00:00:00+02:00,49.849998474121094,50.79999923706055,49.79999923706055,50.400001525878906,50.400001525878906,4166,0.0,0.0
2024-09-20 00:00:00+02:00,50.900001525878906,50.900001525878906,48.5,48.5,48.5,4117,0.0,0.0
2024-09-23 00:00:00+02:00,47.400001525878906,49.0,46.75,48.79999923706055,48.79999923706055,5768,0.0,0.0
2024-09-24 00:00:00+02:00,48.79999923706055,50.400001525878906,48.400001525878906,49.900001525878906,49.900001525878906,4228,0.0,0.0
2024-09-25 00:00:00+02:00,50.099998474121094,50.099998474121094,49.099998474121094,49.5,49.5,1173,0.0,0.0
2024-09-26 00:00:00+02:00,49.099998474121094,53.29999923706055,49.099998474121094,52.70000076293945,52.70000076293945,14609,0.0,0.0
2024-09-27 00:00:00+02:00,53.29999923706055,54.400001525878906,52.79999923706055,53.099998474121094,53.099998474121094,7551,0.0,0.0
2024-09-30 00:00:00+02:00,54.70000076293945,54.900001525878906,53.29999923706055,54.5,54.5,18814,0.0,0.0
2024-10-01 00:00:00+02:00,54.900001525878906,55.0,51.20000076293945,51.79999923706055,51.79999923706055,8318,0.0,0.0
2024-10-02 00:00:00+02:00,52.400001525878906,52.400001525878906,50.400001525878906,50.79999923706055,50.79999923706055,1987,0.0,0.0
2024-10-03 00:00:00+02:00,50.70000076293945,51.5,50.20000076293945,51.20000076293945,51.20000076293945,840,0.0,0.0
2024-10-04 00:00:00+02:00,51.400001525878906,53.79999923706055,51.099998474121094,53.5,53.5,4636,0.0,0.0
2024-10-07 00:00:00+02:00,54.0,54.5,51.599998474121094,52.70000076293945,52.70000076293945,6889,0.0,0.0
2024-10-08 00:00:00+02:00,52.0,52.70000076293945,51.400001525878906,52.29999923706055,52.29999923706055,2546,0.0,0.0
2024-10-09 00:00:00+02:00,52.599998474121094,52.599998474121094,51.099998474121094,51.20000076293945,51.20000076293945,2425,0.0,0.0
2024-10-10 00:00:00+02:00,51.099998474121094,51.29999923706055,50.20000076293945,50.599998474121094,50.599998474121094,2610,0.0,0.0
2024-10-11 00:00:00+02:00,50.099998474121094,52.20000076293945,50.099998474121094,51.29999923706055,51.29999923706055,2234,0.0,0.0
2024-10-14 00:00:00+02:00,51.0,51.79999923706055,50.79999923706055,50.79999923706055,50.79999923706055,1615,0.0,0.0
2024-10-15 00:00:00+02:00,50.900001525878906,52.400001525878906,50.400001525878906,52.400001525878906,52.400001525878906,5293,0.0,0.0
2024-10-16 00:00:00+02:00,51.900001525878906,53.400001525878906,51.599998474121094,52.5,52.5,3586,0.0,0.0
2024-10-17 00:00:00+02:00,52.099998474121094,52.5,51.70000076293945,52.0,52.0,4620,0.0,0.0
2024-10-18 00:00:00+02:00,52.5,53.599998474121094,52.400001525878906,52.900001525878906,52.900001525878906,6184,0.0,0.0
2024-10-21 00:00:00+02:00,52.400001525878906,52.400001525878906,51.0,51.0,51.0,5157,0.0,0.0
2024-10-22 00:00:00+02:00,50.599998474121094,52.0,50.400001525878906,51.599998474121094,51.599998474121094,3554,0.0,0.0
2024-10-23 00:00:00+02:00,50.79999923706055,51.900001525878906,50.79999923706055,51.70000076293945,51.70000076293945,1536,0.0,0.0
2024-10-24 00:00:00+02:00,51.400001525878906,51.599998474121094,50.400001525878906,50.400001525878906,50.400001525878906,948,0.0,0.0
2024-10-25 00:00:00+02:00,50.70000076293945,51.29999923706055,50.0,50.70000076293945,50.70000076293945,3553,0.0,0.0
2024-10-28 00:00:00+01:00,51.099998474121094,51.099998474121094,50.0,50.099998474121094,50.099998474121094,1947,0.0,0.0
2024-10-29 00:00:00+01:00,50.0,50.20000076293945,49.29999923706055,49.45000076293945,49.45000076293945,2247,0.0,0.0
2024-10-30 00:00:00+01:00,49.04999923706055,49.04999923706055,48.099998474121094,48.900001525878906,48.900001525878906,3084,0.0,0.0
2024-10-31 00:00:00+01:00,48.400001525878906,48.400001525878906,45.5,46.5,46.5,8154,0.0,0.0
2024-11-01 00:00:00+01:00,46.849998474121094,50.20000076293945,46.5,49.29999923706055,49.29999923706055,9138,0.0,0.0
2024-11-04 00:00:00+01:00,50.0,51.599998474121094,49.900001525878906,50.29999923706055,50.29999923706055,10730,0.0,0.0
2024-11-05 00:00:00+01:00,50.5,50.5,48.75,48.79999923706055,48.79999923706055,2485,0.0,0.0
2024-11-06 00:00:00+01:00,48.29999923706055,49.20000076293945,48.04999923706055,48.150001525878906,48.150001525878906,3224,0.0,0.0
2024-11-07 00:00:00+01:00,48.150001525878906,48.79999923706055,47.79999923706055,48.349998474121094,48.349998474121094,3514,0.0,0.0
2024-11-08 00:00:00+01:00,48.45000076293945,48.5,46.900001525878906,47.29999923706055,47.29999923706055,4063,0.0,0.0
2024-11-11 00:00:00+01:00,47.04999923706055,48.400001525878906,47.04999923706055,47.849998474121094,47.849998474121094,7003,0.0,0.0
2024-11-12 00:00:00+01:00,47.349998474121094,47.900001525878906,46.79999923706055,47.29999923706055,47.29999923706055,5537,0.0,0.0
2024-11-13 00:00:00+01:00,47.099998474121094,47.599998474121094,46.849998474121094,46.95000076293945,46.95000076293945,3566,0.0,0.0
2024-11-14 00:00:00+01:00,47.400001525878906,47.45000076293945,46.5,46.79999923706055,46.79999923706055,2172,0.0,0.0
2024-11-15 00:00:00+01:00,46.5,46.5,44.70000076293945,46.349998474121094,46.349998474121094,12081,0.0,0.0
2024-11-18 00:00:00+01:00,47.0,48.29999923706055,46.099998474121094,46.45000076293945,46.45000076293945,5892,0.0,0.0
2024-11-19 00:00:00+01:00,46.599998474121094,47.150001525878906,46.400001525878906,46.45000076293945,46.45000076293945,4180,0.0,0.0
2024-11-20 00:00:00+01:00,46.54999923706055,47.099998474121094,46.150001525878906,47.04999923706055,47.04999923706055,3216,0.0,0.0
2024-11-21 00:00:00+01:00,47.650001525878906,48.150001525878906,46.5,46.5,46.5,5930,0.0,0.0
2024-11-22 00:00:00+01:00,47.20000076293945,47.75,45.150001525878906,46.849998474121094,46.849998474121094,6073,0.0,0.0
2024-11-25 00:00:00+01:00,47.349998474121094,48.5,46.599998474121094,48.04999923706055,48.04999923706055,7703,0.0,0.0
2024-11-26 00:00:00+01:00,47.150001525878906,49.45000076293945,47.150001525878906,47.849998474121094,47.849998474121094,3741,0.0,0.0
2024-11-27 00:00:00+01:00,48.099998474121094,48.849998474121094,47.849998474121094,48.54999923706055,48.54999923706055,3702,0.0,0.0
2024-11-28 00:00:00+01:00,48.04999923706055,50.79999923706055,47.400001525878906,50.0,50.0,13412,0.0,0.0
2024-11-29 00:00:00+01:00,50.20000076293945,51.400001525878906,49.70000076293945,49.95000076293945,49.95000076293945,6232,0.0,0.0
2024-12-02 00:00:00+01:00,49.0,50.5,49.0,50.29999923706055,50.29999923706055,6669,0.0,0.0
2024-12-03 00:00:00+01:00,50.70000076293945,50.70000076293945,47.79999923706055,48.45000076293945,48.45000076293945,2026,0.0,0.0
2024-12-04 00:00:00+01:00,48.95000076293945,49.79999923706055,48.20000076293945,49.150001525878906,49.150001525878906,3747,0.0,0.0
2024-12-05 00:00:00+01:00,49.29999923706055,51.29999923706055,49.29999923706055,51.099998474121094,51.099998474121094,6791,0.0,0.0
2024-12-06 00:00:00+01:00,51.099998474121094,52.20000076293945,50.400001525878906,52.0,52.0,9411,0.0,0.0
2024-12-09 00:00:00+01:00,52.29999923706055,53.70000076293945,52.099998474121094,53.70000076293945,53.70000076293945,9202,0.0,0.0
2024-12-10 00:00:00+01:00,54.0,54.099998474121094,52.79999923706055,52.79999923706055,52.79999923706055,4321,0.0,0.0
2024-12-11 00:00:00+01:00,53.0,54.79999923706055,52.900001525878906,54.599998474121094,54.599998474121094,6965,0.0,0.0
2024-12-12 00:00:00+01:00,55.0,55.400001525878906,53.099998474121094,53.20000076293945,53.20000076293945,4650,0.0,0.0
2024-12-13 00:00:00+01:00,53.599998474121094,54.5,52.20000076293945,52.79999923706055,52.79999923706055,7425,0.0,0.0
2024-12-16 00:00:00+01:00,53.400001525878906,54.0,52.5,54.0,54.0,8132,0.0,0.0
2024-12-17 00:00:00+01:00,53.599998474121094,54.0,52.099998474121094,52.099998474121094,52.099998474121094,5871,0.0,0.0
2024-12-18 00:00:00+01:00,52.20000076293945,53.400001525878906,52.099998474121094,53.400001525878906,53.400001525878906,10977,0.0,0.0
2024-12-19 00:00:00+01:00,53.20000076293945,53.29999923706055,50.79999923706055,51.0,51.0,9427,0.0,0.0
2024-12-20 00:00:00+01:00,51.099998474121094,51.400001525878906,49.400001525878906,51.29999923706055,51.29999923706055,31074,0.0,0.0
2024-12-23 00:00:00+01:00,51.400001525878906,53.099998474121094,51.20000076293945,52.5,52.5,18199,0.0,0.0
2024-12-27 00:00:00+01:00,53.0,53.20000076293945,51.0,52.599998474121094,52.599998474121094,16894,0.0,0.0
2024-12-30 00:00:00+01:00,52.5,53.099998474121094,51.5,53.099998474121094,53.099998474121094,5571,0.0,0.0
2025-01-02 00:00:00+01:00,53.599998474121094,54.900001525878906,52.70000076293945,54.70000076293945,54.70000076293945,12164,0.0,0.0
2025-01-03 00:00:00+01:00,55.0,55.0,53.79999923706055,54.29999923706055,54.29999923706055,6070,0.0,0.0
2025-01-06 00:00:00+01:00,54.5,54.70000076293945,53.20000076293945,54.0,54.0,5662,0.0,0.0
2025-01-07 00:00:00+01:00,54.5,60.0,54.5,59.5,59.5,60641,0.0,0.0
2025-01-08 00:00:00+01:00,59.20000076293945,61.0,58.79999923706055,60.70000076293945,60.70000076293945,23091,0.0,0.0
2025-01-09 00:00:00+01:00,60.79999923706055,62.0,60.5,61.79999923706055,61.79999923706055,12311,0.0,0.0
2025-01-10 00:00:00+01:00,62.400001525878906,64.4000015258789,61.29999923706055,62.70000076293945,62.70000076293945,89622,0.0,0.0
2025-01-13 00:00:00+01:00,63.400001525878906,63.400001525878906,59.70000076293945,59.79999923706055,59.79999923706055,20520,0.0,0.0
2025-01-14 00:00:00+01:00,60.0,60.70000076293945,58.20000076293945,58.70000076293945,58.70000076293945,19578,0.0,0.0
2025-01-15 00:00:00+01:00,59.400001525878906,62.0,57.599998474121094,58.0,58.0,27185,0.0,0.0
2025-01-16 00:00:00+01:00,58.599998474121094,59.5,56.79999923706055,57.29999923706055,57.29999923706055,19460,0.0,0.0
2025-01-17 00:00:00+01:00,57.0,58.0,55.900001525878906,56.0,56.0,23378,0.0,0.0
2025-01-20 00:00:00+01:00,56.29999923706055,57.79999923706055,56.20000076293945,56.400001525878906,56.400001525878906,31541,0.0,0.0
2025-01-21 00:00:00+01:00,56.0,56.599998474121094,54.0,54.29999923706055,54.29999923706055,24973,0.0,0.0
2025-01-22 00:00:00+01:00,54.79999923706055,56.0,54.5,55.099998474121094,55.099998474121094,8853,0.0,0.0
2025-01-23 00:00:00+01:00,55.099998474121094,55.5,54.599998474121094,54.599998474121094,54.599998474121094,12624,0.0,0.0
2025-01-24 00:00:00+01:00,55.20000076293945,55.29999923706055,54.29999923706055,54.900001525878906,54.900001525878906,6025,0.0,0.0
2025-01-27 00:00:00+01:00,54.099998474121094,54.70000076293945,52.5,52.79999923706055,52.79999923706055,17536,0.0,0.0
2025-01-28 00:00:00+01:00,52.900001525878906,55.29999923706055,52.900001525878906,54.79999923706055,54.79999923706055,8065,0.0,0.0
2025-01-29 00:00:00+01:00,54.20000076293945,56.0,54.20000076293945,54.5,54.5,15306,0.0,0.0
2025-01-30 00:00:00+01:00,54.29999923706055,54.70000076293945,53.599998474121094,54.099998474121094,54.099998474121094,9859,0.0,0.0
2025-01-31 00:00:00+01:00,54.599998474121094,54.79999923706055,53.599998474121094,53.599998474121094,53.599998474121094,9027,0.0,0.0
2025-02-03 00:00:00+01:00,52.70000076293945,53.29999923706055,52.20000076293945,52.79999923706055,52.79999923706055,9524,0.0,0.0
2025-02-04 00:00:00+01:00,53.29999923706055,53.29999923706055,51.599998474121094,52.0,52.0,9622,0.0,0.0
2025-02-05 00:00:00+01:00,52.0,53.5,51.70000076293945,53.5,53.5,11692,0.0,0.0
2025-02-06 00:00:00+01:00,53.79999923706055,54.900001525878906,53.79999923706055,54.70000076293945,54.70000076293945,6407,0.0,0.0
2025-02-07 00:00:00+01:00,54.900001525878906,54.900001525878906,52.70000076293945,52.79999923706055,52.79999923706055,8459,0.0,0.0
2025-02-10 00:00:00+01:00,52.5,53.400001525878906,52.20000076293945,52.20000076293945,52.20000076293945,4670,0.0,0.0
2025-02-11 00:00:00+01:00,52.20000076293945,52.900001525878906,51.70000076293945,52.099998474121094,52.099998474121094,7093,0.0,0.0
2025-02-12 00:00:00+01:00,52.29999923706055,52.5,50.29999923706055,51.0,51.0,11407,0.0,0.0
2025-02-13 00:00:00+01:00,51.20000076293945,51.70000076293945,49.900001525878906,50.599998474121094,50.599998474121094,16937,0.0,0.0
2025-02-14 00:00:00+01:00,50.5,50.5,49.75,49.79999923706055,49.79999923706055,7270,0.0,0.0
2025-02-17 00:00:00+01:00,38.0,38.0,27.549999237060547,32.599998474121094,32.599998474121094,613438,0.0,0.0
2025-02-18 00:00:00+01:00,33.20000076293945,34.45000076293945,31.75,33.20000076293945,33.20000076293945,208608,0.0,0.0
2025-02-19 00:00:00+01:00,32.900001525878906,33.20000076293945,29.899999618530273,29.899999618530273,29.899999618530273,161622,0.0,0.0
2025-02-20 00:00:00+01:00,30.700000762939453,31.299999237060547,28.899999618530273,30.5,30.5,139796,0.0,0.0
2025-02-21 00:00:00+01:00,30.899999618530273,31.149999618530273,29.299999237060547,29.700000762939453,29.700000762939453,76502,0.0,0.0
2025-02-24 00:00:00+01:00,29.0,29.200000762939453,26.850000381469727,27.25,27.25,149750,0.0,0.0
2025-02-25 00:00:00+01:00,27.25,28.600000381469727,27.149999618530273,27.149999618530273,27.149999618530273,72566,0.0,0.0
2025-02-26 00:00:00+01:00,27.350000381469727,28.350000381469727,27.100000381469727,27.700000762939453,27.700000762939453,62962,0.0,0.0
2025-02-27 00:00:00+01:00,27.350000381469727,27.850000381469727,27.0,27.25,27.25,49683,0.0,0.0
2025-02-28 00:00:00+01:00,27.0,27.25,26.549999237060547,26.700000762939453,26.700000762939453,67235,0.0,0.0
2025-03-03 00:00:00+01:00,26.700000762939453,27.700000762939453,26.0,26.649999618530273,26.649999618530273,51127,0.0,0.0
2025-03-04 00:00:00+01:00,26.049999237060547,26.399999618530273,25.25,25.350000381469727,25.350000381469727,57878,0.0,0.0
2025-03-05 00:00:00+01:00,26.0,26.899999618530273,26.0,26.5,26.5,31602,0.0,0.0
2025-03-06 00:00:00+01:00,26.600000381469727,26.950000762939453,25.299999237060547,25.850000381469727,25.850000381469727,56992,0.0,0.0
2025-03-07 00:00:00+01:00,25.350000381469727,26.149999618530273,25.0,25.850000381469727,25.850000381469727,61759,0.0,0.0
2025-03-10 00:00:00+01:00,26.0,26.200000762939453,24.950000762939453,25.149999618530273,25.149999618530273,41425,0.0,0.0
2025-03-11 00:00:00+01:00,25.200000762939453,25.5,24.200000762939453,24.350000381469727,24.350000381469727,39652,0.0,0.0
2025-03-12 00:00:00+01:00,24.450000762939453,25.700000762939453,24.100000381469727,25.299999237060547,25.299999237060547,51579,0.0,0.0
2025-03-13 00:00:00+01:00,25.100000381469727,26.700000762939453,25.100000381469727,26.549999237060547,26.549999237060547,50839,0.0,0.0
2025-03-14 00:00:00+01:00,26.799999237060547,28.399999618530273,26.700000762939453,27.600000381469727,27.600000381469727,40826,0.0,0.0
2025-03-17 00:00:00+01:00,27.450000762939453,27.700000762939453,26.850000381469727,27.399999618530273,27.399999618530273,33078,0.0,0.0
2025-03-18 00:00:00+01:00,27.600000381469727,27.899999618530273,26.100000381469727,26.649999618530273,26.649999618530273,34515,0.0,0.0
2025-03-19 00:00:00+01:00,26.5,26.799999237060547,26.25,26.549999237060547,26.549999237060547,14642,0.0,0.0
2025-03-20 00:00:00+01:00,26.399999618530273,27.049999237060547,26.200000762939453,26.799999237060547,26.799999237060547,28808,0.0,0.0
2025-03-21 00:00:00+01:00,26.950000762939453,26.950000762939453,26.100000381469727,26.649999618530273,26.649999618530273,22182,0.0,0.0
2025-03-24 00:00:00+01:00,26.799999237060547,27.299999237060547,26.649999618530273,26.899999618530273,26.899999618530273,18060,0.0,0.0
2025-03-25 00:00:00+01:00,26.700000762939453,27.299999237060547,26.100000381469727,26.200000762939453,26.200000762939453,26767,0.0,0.0
2025-03-26 00:00:00+01:00,26.100000381469727,26.450000762939453,25.700000762939453,25.950000762939453,25.950000762939453,20772,0.0,0.0
2025-03-27 00:00:00+01:00,25.600000381469727,25.600000381469727,24.149999618530273,24.399999618530273,24.399999618530273,48208,0.0,0.0
2025-03-28 00:00:00+01:00,24.399999618530273,24.600000381469727,23.649999618530273,23.75,23.75,43450,0.0,0.0
2025-03-31 00:00:00+02:00,23.0,23.149999618530273,22.350000381469727,22.899999618530273,22.899999618530273,64851,0.0,0.0
2025-04-01 00:00:00+02:00,23.5,23.899999618530273,23.350000381469727,23.799999237060547,23.799999237060547,24898,0.0,0.0
2025-04-02 00:00:00+02:00,23.649999618530273,24.0,23.25,23.549999237060547,23.549999237060547,33337,0.0,0.0
2025-04-03 00:00:00+02:00,22.899999618530273,24.0,22.75,22.799999237060547,22.799999237060547,37615,0.0,0.0
2025-04-04 00:00:00+02:00,23.200000762939453,23.549999237060547,21.850000381469727,22.899999618530273,22.899999618530273,47654,0.0,0.0
2025-04-07 00:00:00+02:00,19.5,23.299999237060547,19.18000030517578,22.0,22.0,78632,0.0,0.0
2025-04-08 00:00:00+02:00,22.399999618530273,22.850000381469727,21.950000762939453,21.950000762939453,21.950000762939453,25611,0.0,0.0
2025-04-09 00:00:00+02:00,22.399999618530273,22.399999618530273,20.25,20.399999618530273,20.399999618530273,16915,0.0,0.0
2025-04-10 00:00:00+02:00,22.399999618530273,22.75,21.549999237060547,21.850000381469727,21.850000381469727,32601,0.0,0.0
2025-04-11 00:00:00+02:00,21.850000381469727,21.850000381469727,20.799999237060547,21.649999618530273,21.649999618530273,34085,0.0,0.0
2025-04-14 00:00:00+02:00,21.850000381469727,22.549999237060547,21.850000381469727,22.549999237060547,22.549999237060547,16877,0.0,0.0
2025-04-15 00:00:00+02:00,22.700000762939453,24.200000762939453,22.700000762939453,23.600000381469727,23.600000381469727,27327,0.0,0.0
2025-04-16 00:00:00+02:00,23.600000381469727,23.600000381469727,23.200000762939453,23.350000381469727,23.350000381469727,6376,0.0,0.0
2025-04-17 00:00:00+02:00,23.549999237060547,23.799999237060547,22.799999237060547,22.950000762939453,22.950000762939453,19796,0.0,0.0
2025-04-22 00:00:00+02:00,22.450000762939453,22.450000762939453,21.25,22.049999237060547,22.049999237060547,21739,0.0,0.0
2025-04-23 00:00:00+02:00,22.549999237060547,22.950000762939453,22.200000762939453,22.649999618530273,22.649999618530273,22970,0.0,0.0
2025-04-24 00:00:00+02:00,22.600000381469727,23.100000381469727,22.25,22.75,22.75,21602,0.0,0.0
2025-04-25 00:00:00+02:00,22.899999618530273,23.5,22.700000762939453,23.049999237060547,23.049999237060547,14662,0.0,0.0
2025-04-28 00:00:00+02:00,23.049999237060547,23.549999237060547,22.549999237060547,22.649999618530273,22.649999618530273,16326,0.0,0.0
2025-04-29 00:00:00+02:00,23.0,23.450000762939453,22.549999237060547,22.950000762939453,22.950000762939453,24121,0.0,0.0
2025-04-30 00:00:00+02:00,23.0,23.75,23.0,23.200000762939453,23.200000762939453,16534,0.0,0.0
2025-05-02 00:00:00+02:00,23.350000381469727,23.950000762939453,23.100000381469727,23.149999618530273,23.149999618530273,13070,0.0,0.0
2025-05-05 00:00:00+02:00,23.350000381469727,23.5,23.149999618530273,23.25,23.25,17195,0.0,0.0
2025-05-06 00:00:00+02:00,23.299999237060547,23.850000381469727,22.899999618530273,23.700000762939453,23.700000762939453,12390,0.0,0.0
2025-05-07 00:00:00+02:00,23.549999237060547,23.75,23.200000762939453,23.600000381469727,23.600000381469727,11266,0.0,0.0
2025-05-08 00:00:00+02:00,23.75,24.799999237060547,23.350000381469727,24.549999237060547,24.549999237060547,23283,0.0,0.0
2025-05-09 00:00:00+02:00,24.600000381469727,24.899999618530273,23.850000381469727,24.350000381469727,24.350000381469727,33837,0.0,0.0
2025-05-12 00:00:00+02:00,24.100000381469727,24.600000381469727,22.549999237060547,24.299999237060547,24.299999237060547,72481,0.0,0.0
2025-05-13 00:00:00+02:00,24.049999237060547,24.799999237060547,23.0,23.149999618530273,23.149999618530273,45404,0.0,0.0
2025-05-14 00:00:00+02:00,23.5,24.149999618530273,23.100000381469727,23.200000762939453,23.200000762939453,28388,0.0,0.0
2025-05-15 00:00:00+02:00,23.350000381469727,23.350000381469727,22.75,22.899999618530273,22.899999618530273,23206,0.0,0.0
2025-05-16 00:00:00+02:00,23.049999237060547,23.149999618530273,22.549999237060547,22.899999618530273,22.899999618530273,22237,0.0,0.0
2025-05-19 00:00:00+02:00,22.799999237060547,23.049999237060547,22.450000762939453,22.850000381469727,22.850000381469727,37935,0.0,0.0
2025-05-20 00:00:00+02:00,22.600000381469727,23.600000381469727,22.5,23.200000762939453,23.200000762939453,39639,0.0,0.0
2025-05-21 00:00:00+02:00,23.299999237060547,23.299999237060547,22.700000762939453,22.799999237060547,22.799999237060547,14020,0.0,0.0
2025-05-22 00:00:00+02:00,22.75,22.799999237060547,21.75,22.149999618530273,22.149999618530273,34129,0.0,0.0
2025-05-23 00:00:00+02:00,22.450000762939453,22.850000381469727,21.799999237060547,22.25,22.25,14665,0.0,0.0
2025-05-26 00:00:00+02:00,22.799999237060547,23.299999237060547,22.799999237060547,23.049999237060547,23.049999237060547,17377,0.0,0.0
2025-05-27 00:00:00+02:00,23.0,23.5,22.899999618530273,23.25,23.25,14747,0.0,0.0
2025-05-28 00:00:00+02:00,23.200000762939453,23.200000762939453,22.600000381469727,22.649999618530273,22.649999618530273,13302,0.0,0.0
2025-05-29 00:00:00+02:00,22.850000381469727,23.149999618530273,22.600000381469727,22.950000762939453,22.950000762939453,11111,0.0,0.0
2025-05-30 00:00:00+02:00,23.299999237060547,24.200000762939453,23.100000381469727,23.700000762939453,23.700000762939453,27573,0.0,0.0
2025-06-02 00:00:00+02:00,23.549999237060547,24.0,23.149999618530273,23.850000381469727,23.850000381469727,22019,0.0,0.0
2025-06-03 00:00:00+02:00,24.0,25.0,23.950000762939453,24.899999618530273,24.899999618530273,47327,0.0,0.0
2025-06-04 00:00:00+02:00,25.25,27.450000762939453,25.25,26.200000762939453,26.200000762939453,68519,0.0,0.0
2025-06-05 00:00:00+02:00,26.899999618530273,28.299999237060547,26.899999618530273,27.399999618530273,27.399999618530273,73195,0.0,0.0
2025-06-06 00:00:00+02:00,27.649999618530273,27.649999618530273,26.950000762939453,27.399999618530273,27.399999618530273,43732,0.0,0.0
2025-06-09 00:00:00+02:00,27.5,29.549999237060547,27.5,28.649999618530273,28.649999618530273,65609,0.0,0.0
2025-06-10 00:00:00+02:00,28.799999237060547,29.700000762939453,28.350000381469727,28.549999237060547,28.549999237060547,50649,0.0,0.0
2025-06-11 00:00:00+02:00,28.649999618530273,30.049999237060547,28.0,29.600000381469727,29.600000381469727,60460,0.0,0.0
2025-06-12 00:00:00+02:00,29.5,29.5,28.200000762939453,28.200000762939453,28.200000762939453,21686,0.0,0.0
2025-06-13 00:00:00+02:00,27.350000381469727,27.950000762939453,27.049999237060547,27.149999618530273,27.149999618530273,31555,0.0,0.0
2025-06-16 00:00:00+02:00,27.549999237060547,27.799999237060547,27.200000762939453,27.5,27.5,18418,0.0,0.0
2025-06-17 00:00:00+02:00,27.5,27.5,25.700000762939453,26.649999618530273,26.649999618530273,41733,0.0,0.0
2025-06-18 00:00:00+02:00,26.5,26.799999237060547,26.350000381469727,26.75,26.75,11273,0.0,0.0
2025-06-19 00:00:00+02:00,26.850000381469727,26.850000381469727,26.299999237060547,26.299999237060547,26.299999237060547,4633,0.0,0.0
2025-06-20 00:00:00+02:00,26.149999618530273,27.049999237060547,26.149999618530273,26.350000381469727,26.350000381469727,12373,0.0,0.0
2025-06-23 00:00:00+02:00,26.450000762939453,26.600000381469727,25.799999237060547,25.950000762939453,25.950000762939453,14467,0.0,0.0
2025-06-24 00:00:00+02:00,26.299999237060547,26.75,25.899999618530273,26.600000381469727,26.600000381469727,12374,0.0,0.0
2025-06-25 00:00:00+02:00,27.0,29.25,27.0,28.25,28.25,27394,0.0,0.0
2025-06-26 00:00:00+02:00,28.850000381469727,30.700000762939453,28.850000381469727,29.600000381469727,29.600000381469727,58548,0.0,0.0
2025-06-27 00:00:00+02:00,30.049999237060547,30.149999618530273,28.950000762939453,29.0,29.0,22301,0.0,0.0
2025-06-30 00:00:00+02:00,29.399999618530273,29.399999618530273,27.950000762939453,28.0,28.0,19873,0.0,0.0
2025-07-01 00:00:00+02:00,27.799999237060547,28.149999618530273,27.450000762939453,27.549999237060547,27.549999237060547,12225,0.0,0.0
2025-07-02 00:00:00+02:00,28.100000381469727,29.75,28.0,29.600000381469727,29.600000381469727,24665,0.0,0.0
2025-07-03 00:00:00+02:00,29.950000762939453,30.049999237060547,29.200000762939453,29.399999618530273,29.399999618530273,19106,0.0,0.0
2025-07-04 00:00:00+02:00,28.950000762939453,29.399999618530273,28.950000762939453,29.100000381469727,29.100000381469727,6524,0.0,0.0
2025-07-07 00:00:00+02:00,29.549999237060547,29.549999237060547,28.75,28.850000381469727,28.850000381469727,9350,0.0,0.0
2025-07-08 00:00:00+02:00,28.700000762939453,28.899999618530273,27.950000762939453,28.049999237060547,28.049999237060547,14433,0.0,0.0
2025-07-09 00:00:00+02:00,28.450000762939453,29.25,28.100000381469727,28.950000762939453,28.950000762939453,9590,0.0,0.0
2025-07-10 00:00:00+02:00,29.299999237060547,30.700000762939453,29.299999237060547,30.549999237060547,30.549999237060547,33959,0.0,0.0
2025-07-11 00:00:00+02:00,30.25,30.25,29.600000381469727,29.950000762939453,29.950000762939453,5590,0.0,0.0
2025-07-14 00:00:00+02:00,29.700000762939453,30.149999618530273,29.100000381469727,30.0,30.0,10474,0.0,0.0
2025-07-15 00:00:00+02:00,30.200000762939453,30.799999237060547,29.549999237060547,29.600000381469727,29.600000381469727,15089,0.0,0.0
2025-07-16 00:00:00+02:00,29.200000762939453,29.799999237060547,29.200000762939453,29.25,29.25,5737,0.0,0.0
2025-07-17 00:00:00+02:00,29.850000381469727,30.450000762939453,29.5,29.799999237060547,29.799999237060547,14608,0.0,0.0
2025-07-18 00:00:00+02:00,29.850000381469727,30.0,29.25,29.700000762939453,29.700000762939453,15329,0.0,0.0
2025-07-21 00:00:00+02:00,29.700000762939453,29.700000762939453,29.100000381469727,29.100000381469727,29.100000381469727,5247,0.0,0.0
2025-07-22 00:00:00+02:00,28.850000381469727,29.200000762939453,27.850000381469727,28.149999618530273,28.149999618530273,22139,0.0,0.0
2025-07-23 00:00:00+02:00,28.5,29.450000762939453,28.5,29.25,29.25,12743,0.0,0.0
2025-07-24 00:00:00+02:00,29.799999237060547,30.75,29.549999237060547,30.600000381469727,30.600000381469727,31068,0.0,0.0
2025-07-25 00:00:00+02:00,30.5,30.75,29.799999237060547,30.299999237060547,30.299999237060547,23715,0.0,0.0
2025-07-28 00:00:00+02:00,30.350000381469727,31.299999237060547,29.950000762939453,30.149999618530273,30.149999618530273,29600,0.0,0.0
2025-07-29 00:00:00+02:00,30.5,30.5,29.700000762939453,29.700000762939453,29.700000762939453,13049,0.0,0.0
2025-07-30 00:00:00+02:00,30.100000381469727,30.100000381469727,29.149999618530273,29.600000381469727,29.600000381469727,19389,0.0,0.0
2025-07-31 00:00:00+02:00,29.5,29.649999618530273,27.950000762939453,27.950000762939453,27.950000762939453,12900,0.0,0.0
2025-08-01 00:00:00+02:00,27.700000762939453,28.5,26.350000381469727,26.450000762939453,26.450000762939453,28929,0.0,0.0
2025-08-04 00:00:00+02:00,26.850000381469727,27.299999237060547,26.649999618530273,26.799999237060547,26.799999237060547,11379,0.0,0.0
2025-08-05 00:00:00+02:00,26.700000762939453,27.299999237060547,24.649999618530273,25.399999618530273,25.399999618530273,43988,0.0,0.0
2025-08-06 00:00:00+02:00,25.450000762939453,26.299999237060547,25.25,25.649999618530273,25.649999618530273,21434,0.0,0.0
2025-08-07 00:00:00+02:00,25.649999618530273,26.200000762939453,25.149999618530273,25.25,25.25,14036,0.0,0.0
2025-08-08 00:00:00+02:00,25.100000381469727,26.149999618530273,25.100000381469727,25.799999237060547,25.799999237060547,18643,0.0,0.0
2025-08-11 00:00:00+02:00,25.549999237060547,25.799999237060547,24.850000381469727,25.0,25.0,15664,0.0,0.0
2025-08-12 00:00:00+02:00,25.299999237060547,26.049999237060547,24.850000381469727,25.350000381469727,25.350000381469727,19977,0.0,0.0
2025-08-13 00:00:00+02:00,24.350000381469727,25.0,23.5,25.0,25.0,48537,0.0,0.0
2025-08-14 00:00:00+02:00,25.25,25.700000762939453,24.75,25.0,25.0,14936,0.0,0.0
2025-08-15 00:00:00+02:00,25.350000381469727,25.600000381469727,24.899999618530273,25.0,25.0,11898,0.0,0.0
2025-08-18 00:00:00+02:00,25.0,25.649999618530273,24.799999237060547,25.0,25.0,11330,0.0,0.0
2025-08-19 00:00:00+02:00,24.850000381469727,25.100000381469727,24.700000762939453,24.950000762939453,24.950000762939453,6685,0.0,0.0
2025-08-20 00:00:00+02:00,24.850000381469727,25.049999237060547,24.399999618530273,24.600000381469727,24.600000381469727,12353,0.0,0.0
2025-08-21 00:00:00+02:00,24.399999618530273,24.600000381469727,23.899999618530273,24.149999618530273,24.149999618530273,21721,0.0,0.0
2025-08-22 00:00:00+02:00,24.399999618530273,25.049999237060547,24.25,24.5,24.5,23395,0.0,0.0
2025-08-25 00:00:00+02:00,24.549999237060547,24.700000762939453,24.200000762939453,24.600000381469727,24.600000381469727,8271,0.0,0.0
2025-08-26 00:00:00+02:00,24.649999618530273,24.649999618530273,23.5,24.049999237060547,24.049999237060547,27847,0.0,0.0
2025-08-27 00:00:00+02:00,23.950000762939453,24.450000762939453,23.600000381469727,24.100000381469727,24.100000381469727,27707,0.0,0.0
2025-08-28 00:00:00+02:00,23.799999237060547,24.950000762939453,23.799999237060547,24.600000381469727,24.600000381469727,17520,0.0,0.0
2025-08-29 00:00:00+02:00,24.75,24.75,24.149999618530273,24.149999618530273,24.149999618530273,8958,0.0,0.0
2025-09-01 00:00:00+02:00,24.399999618530273,24.899999618530273,24.200000762939453,24.799999237060547,24.799999237060547,7913,0.0,0.0
2025-09-02 00:00:00+02:00,24.950000762939453,24.950000762939453,23.899999618530273,24.0,24.0,6530,0.0,0.0
2025-09-03 00:00:00+02:00,24.0,24.25,23.149999618530273,23.200000762939453,23.200000762939453,14532,0.0,0.0
2025-09-04 00:00:00+02:00,23.25,23.5,22.899999618530273,23.149999618530273,23.149999618530273,13203,0.0,0.0
2025-09-05 00:00:00+02:00,23.5,23.549999237060547,23.200000762939453,23.549999237060547,23.549999237060547,9550,0.0,0.0
2025-09-08 00:00:00+02:00,23.549999237060547,23.700000762939453,23.25,23.299999237060547,23.299999237060547,5088,0.0,0.0
2025-09-09 00:00:00+02:00,23.049999237060547,23.350000381469727,22.75,22.899999618530273,22.899999618530273,15264,0.0,0.0
2025-09-10 00:00:00+02:00,22.899999618530273,23.0,22.600000381469727,22.799999237060547,22.799999237060547,12315,0.0,0.0
2025-09-11 00:00:00+02:00,23.0,23.0,21.950000762939453,22.25,22.25,29101,0.0,0.0
2025-09-12 00:00:00+02:00,22.350000381469727,22.5,21.850000381469727,22.200000762939453,22.200000762939453,16906,0.0,0.0
2025-09-15 00:00:00+02:00,22.100000381469727,22.25,21.049999237060547,21.549999237060547,21.549999237060547,63652,0.0,0.0
2025-09-16 00:00:00+02:00,21.600000381469727,22.049999237060547,21.100000381469727,21.700000762939453,21.700000762939453,44830,0.0,0.0
2025-09-17 00:00:00+02:00,22.100000381469727,22.799999237060547,21.950000762939453,22.450000762939453,22.450000762939453,29697,0.0,0.0
2025-09-18 00:00:00+02:00,22.649999618530273,23.75,22.399999618530273,22.950000762939453,22.950000762939453,32629,0.0,0.0
2025-09-19 00:00:00+02:00,23.149999618530273,24.0,22.950000762939453,23.350000381469727,23.350000381469727,97181,0.0,0.0
2025-09-22 00:00:00+02:00,23.600000381469727,24.350000381469727,23.0,23.049999237060547,23.049999237060547,23958,0.0,0.0
2025-09-23 00:00:00+02:00,23.299999237060547,23.75,23.25,23.399999618530273,23.399999618530273,14839,0.0,0.0
2025-09-24 00:00:00+02:00,23.149999618530273,23.299999237060547,22.799999237060547,23.299999237060547,23.299999237060547,13635,0.0,0.0
2025-09-25 00:00:00+02:00,23.049999237060547,23.25,22.5,22.549999237060547,22.549999237060547,8476,0.0,0.0
2025-09-26 00:00:00+02:00,22.799999237060547,22.799999237060547,21.850000381469727,22.100000381469727,22.100000381469727,19388,0.0,0.0
2025-09-29 00:00:00+02:00,22.299999237060547,22.75,22.100000381469727,22.5,22.5,7198,0.0,0.0
2025-09-30 00:00:00+02:00,22.25,22.600000381469727,21.899999618530273,22.5,22.5,20048,0.0,0.0
2025-10-01 00:00:00+02:00,22.75,23.049999237060547,22.399999618530273,22.950000762939453,22.950000762939453,8434,0.0,0.0
2025-10-02 00:00:00+02:00,24.200000762939453,25.799999237060547,24.149999618530273,25.350000381469727,25.350000381469727,68010,0.0,0.0
2025-10-03 00:00:00+02:00,25.799999237060547,26.25,24.649999618530273,25.350000381469727,25.350000381469727,40496,0.0,0.0
2025-10-06 00:00:00+02:00,25.600000381469727,26.350000381469727,25.299999237060547,25.700000762939453,25.700000762939453,22564,0.0,0.0
2025-10-07 00:00:00+02:00,25.549999237060547,25.75,25.25,25.399999618530273,25.399999618530273,12354,0.0,0.0
2025-10-08 00:00:00+02:00,25.25,25.450000762939453,24.850000381469727,25.0,25.0,15160,0.0,0.0
2025-10-09 00:00:00+02:00,25.0,25.549999237060547,24.850000381469727,25.299999237060547,25.299999237060547,21119,0.0,0.0
2025-10-10 00:00:00+02:00,25.149999618530273,25.399999618530273,24.549999237060547,24.600000381469727,24.600000381469727,13455,0.0,0.0
2025-10-13 00:00:00+02:00,24.549999237060547,25.350000381469727,24.149999618530273,24.299999237060547,24.299999237060547,24482,0.0,0.0
2025-10-14 00:00:00+02:00,24.350000381469727,24.450000762939453,23.399999618530273,23.450000762939453,23.450000762939453,19469,0.0,0.0
2025-10-15 00:00:00+02:00,23.700000762939453,24.0,23.200000762939453,23.549999237060547,23.549999237060547,16375,0.0,0.0
2025-10-16 00:00:00+02:00,23.600000381469727,24.5,23.600000381469727,24.100000381469727,24.100000381469727,18395,0.0,0.0
2025-10-17 00:00:00+02:00,23.899999618530273,24.149999618530273,23.200000762939453,23.299999237060547,23.299999237060547,14349,0.0,0.0
2025-10-20 00:00:00+02:00,23.5,23.950000762939453,23.299999237060547,23.75,23.75,13341,0.0,0.0
2025-10-21 00:00:00+02:00,23.950000762939453,24.5,23.600000381469727,23.850000381469727,23.850000381469727,42672,0.0,0.0
2025-10-22 00:00:00+02:00,24.100000381469727,24.100000381469727,23.350000381469727,23.350000381469727,23.350000381469727,9500,0.0,0.0
2025-10-23 00:00:00+02:00,23.450000762939453,23.450000762939453,22.649999618530273,23.100000381469727,23.100000381469727,17444,0.0,0.0
2025-10-24 00:00:00+02:00,23.299999237060547,23.75,22.549999237060547,22.549999237060547,22.549999237060547,15442,0.0,0.0
2025-10-27 00:00:00+01:00,22.299999237060547,22.950000762939453,22.299999237060547,22.850000381469727,22.850000381469727,19242,0.0,0.0
2025-10-28 00:00:00+01:00,22.700000762939453,22.850000381469727,22.200000762939453,22.600000381469727,22.600000381469727,17423,0.0,0.0
2025-10-29 00:00:00+01:00,22.799999237060547,23.600000381469727,22.200000762939453,22.399999618530273,22.399999618530273,20605,0.0,0.0
2025-10-30 00:00:00+01:00,22.200000762939453,22.549999237060547,21.799999237060547,22.100000381469727,22.100000381469727,23851,0.0,0.0
2025-10-31 00:00:00+01:00,22.149999618530273,22.5,21.850000381469727,21.899999618530273,21.899999618530273,13463,0.0,0.0
2025-11-03 00:00:00+01:00,22.149999618530273,22.350000381469727,21.149999618530273,21.200000762939453,21.200000762939453,45344,0.0,0.0
2025-11-04 00:00:00+01:00,21.0,21.5,20.850000381469727,21.149999618530273,21.149999618530273,20651,0.0,0.0
2025-11-05 00:00:00+01:00,21.0,21.350000381469727,19.979999542236328,20.0,20.0,43740,0.0,0.0
2025-11-06 00:00:00+01:00,20.100000381469727,20.299999237060547,19.860000610351562,20.200000762939453,20.200000762939453,17876,0.0,0.0
2025-11-07 00:00:00+01:00,20.049999237060547,20.299999237060547,19.020000457763672,19.299999237060547,19.299999237060547,40361,0.0,0.0
2025-11-10 00:00:00+01:00,19.34000015258789,20.700000762939453,19.34000015258789,20.350000381469727,20.350000381469727,17745,0.0,0.0
2025-11-11 00:00:00+01:00,21.450000762939453,22.200000762939453,20.799999237060547,21.450000762939453,21.450000762939453,20973,0.0,0.0
2025-11-12 00:00:00+01:00,21.649999618530273,22.0,21.149999618530273,21.600000381469727,21.600000381469727,18573,0.0,0.0
2025-11-13 00:00:00+01:00,21.600000381469727,21.649999618530273,20.700000762939453,21.0,21.0,12174,0.0,0.0
2025-11-14 00:00:00+01:00,20.450000762939453,20.75,20.200000762939453,20.75,20.75,12897,0.0,0.0
2025-11-17 00:00:00+01:00,22.049999237060547,23.450000762939453,21.850000381469727,23.25,23.25,93557,0.0,0.0
2025-11-18 00:00:00+01:00,23.0,23.0,21.950000762939453,22.350000381469727,22.350000381469727,18616,0.0,0.0
2025-11-19 00:00:00+01:00,22.600000381469727,23.700000762939453,22.600000381469727,23.299999237060547,23.299999237060547,33540,0.0,0.0
2025-11-20 00:00:00+01:00,23.299999237060547,23.950000762939453,23.200000762939453,23.299999237060547,23.299999237060547,14746,0.0,0.0
2025-11-21 00:00:00+01:00,23.100000381469727,23.350000381469727,23.0,23.149999618530273,23.149999618530273,22818,0.0,0.0
2025-11-24 00:00:00+01:00,23.450000762939453,23.5,22.399999618530273,22.600000381469727,22.600000381469727,206637,0.0,0.0
2025-11-25 00:00:00+01:00,22.700000762939453,24.100000381469727,22.600000381469727,23.950000762939453,23.950000762939453,23653,0.0,0.0
2025-11-26 00:00:00+01:00,24.299999237060547,25.350000381469727,24.299999237060547,24.799999237060547,24.799999237060547,48834,0.0,0.0
2025-11-27 00:00:00+01:00,25.049999237060547,25.049999237060547,24.25,24.600000381469727,24.600000381469727,17599,0.0,0.0
2025-11-28 00:00:00+01:00,24.649999618530273,25.0,24.149999618530273,24.25,24.25,11147,0.0,0.0
2025-12-01 00:00:00+01:00,24.450000762939453,24.450000762939453,23.100000381469727,23.100000381469727,23.100000381469727,18759,0.0,0.0
2025-12-02 00:00:00+01:00,23.0,23.25,22.700000762939453,22.850000381469727,22.850000381469727,19254,0.0,0.0
2025-12-03 00:00:00+01:00,22.600000381469727,23.350000381469727,22.450000762939453,23.299999237060547,23.299999237060547,14414,0.0,0.0
2025-12-04 00:00:00+01:00,24.75,25.75,24.5,25.75,25.75,52889,0.0,0.0
2025-12-05 00:00:00+01:00,25.899999618530273,25.899999618530273,24.75,24.950000762939453,24.950000762939453,24600,0.0,0.0
2025-12-08 00:00:00+01:00,25.200000762939453,25.399999618530273,24.75,24.899999618530273,24.899999618530273,31318,0.0,0.0
2025-12-09 00:00:00+01:00,24.899999618530273,26.100000381469727,23.700000762939453,24.0,24.0,42764,0.0,0.0
2025-12-10 00:00:00+01:00,24.25,24.600000381469727,22.5,23.100000381469727,23.100000381469727,57199,0.0,0.0
2025-12-11 00:00:00+01:00,23.149999618530273,23.649999618530273,22.700000762939453,23.649999618530273,23.649999618530273,26337,0.0,0.0
2025-12-12 00:00:00+01:00,24.049999237060547,24.049999237060547,23.049999237060547,23.799999237060547,23.799999237060547,17386,0.0,0.0
2025-12-15 00:00:00+01:00,24.399999618530273,24.549999237060547,23.0,23.549999237060547,23.549999237060547,23296,0.0,0.0
2025-12-16 00:00:00+01:00,23.299999237060547,23.5,23.049999237060547,23.299999237060547,23.299999237060547,15726,0.0,0.0
2025-12-17 00:00:00+01:00,23.450000762939453,24.0,23.299999237060547,23.75,23.75,13457,0.0,0.0
2025-12-18 00:00:00+01:00,23.950000762939453,23.950000762939453,22.799999237060547,23.850000381469727,23.850000381469727,29120,0.0,0.0
2025-12-19 00:00:00+01:00,23.75,24.25,23.600000381469727,23.700000762939453,23.700000762939453,78398,0.0,0.0
2025-12-22 00:00:00+01:00,23.899999618530273,24.5,23.5,24.399999618530273,24.399999618530273,23501,0.0,0.0
2025-12-23 00:00:00+01:00,24.299999237060547,25.299999237060547,24.100000381469727,24.850000381469727,24.850000381469727,33069,0.0,0.0
2025-12-29 00:00:00+01:00,24.799999237060547,25.700000762939453,24.799999237060547,25.350000381469727,25.350000381469727,16775,0.0,0.0
2025-12-30 00:00:00+01:00,25.5,25.850000381469727,24.950000762939453,25.600000381469727,25.600000381469727,20407,0.0,0.0
2026-01-02 00:00:00+01:00,25.899999618530273,26.600000381469727,25.75,26.100000381469727,26.100000381469727,24590,0.0,0.0
2026-01-05 00:00:00+01:00,26.549999237060547,26.950000762939453,24.549999237060547,25.350000381469727,25.350000381469727,23499,0.0,0.0
2026-01-06 00:00:00+01:00,24.850000381469727,25.649999618530273,24.850000381469727,25.450000762939453,25.450000762939453,12772,0.0,0.0
2026-01-07 00:00:00+01:00,25.399999618530273,25.75,25.0,25.75,25.75,8133,0.0,0.0
2026-01-08 00:00:00+01:00,25.700000762939453,26.100000381469727,25.450000762939453,25.899999618530273,25.899999618530273,14619,0.0,0.0
2026-01-09 00:00:00+01:00,25.799999237060547,26.149999618530273,25.549999237060547,25.799999237060547,25.799999237060547,12765,0.0,0.0
2026-01-12 00:00:00+01:00,25.899999618530273,25.899999618530273,24.799999237060547,25.399999618530273,25.399999618530273,16871,0.0,0.0
2026-01-13 00:00:00+01:00,24.799999237060547,26.0,24.799999237060547,25.850000381469727,25.850000381469727,29504,0.0,0.0
2026-01-14 00:00:00+01:00,25.799999237060547,25.799999237060547,25.100000381469727,25.299999237060547,25.299999237060547,13742,0.0,0.0
2026-01-15 00:00:00+01:00,25.549999237060547,25.549999237060547,24.149999618530273,24.200000762939453,24.200000762939453,15676,0.0,0.0
2026-01-16 00:00:00+01:00,24.549999237060547,24.549999237060547,24.049999237060547,24.049999237060547,24.049999237060547,17830,0.0,0.0
2026-01-19 00:00:00+01:00,23.649999618530273,23.700000762939453,22.899999618530273,23.149999618530273,23.149999618530273,13971,0.0,0.0
2026-01-20 00:00:00+01:00,22.950000762939453,23.149999618530273,22.5,23.049999237060547,23.049999237060547,19108,0.0,0.0
2026-01-21 00:00:00+01:00,23.399999618530273,23.5,22.5,23.25,23.25,7720,0.0,0.0
2026-01-22 00:00:00+01:00,22.600000381469727,24.399999618530273,22.600000381469727,24.0,24.0,19098,0.0,0.0
2026-01-23 00:00:00+01:00,24.100000381469727,24.399999618530273,23.600000381469727,23.700000762939453,23.700000762939453,14146,0.0,0.0
2026-01-26 00:00:00+01:00,23.25,23.600000381469727,22.399999618530273,23.299999237060547,23.299999237060547,35342,0.0,0.0
2026-01-27 00:00:00+01:00,22.899999618530273,23.450000762939453,22.549999237060547,23.450000762939453,23.450000762939453,13220,0.0,0.0
2026-01-28 00:00:00+01:00,23.149999618530273,23.200000762939453,22.799999237060547,22.899999618530273,22.899999618530273,2759,0.0,0.0
2026-01-29 00:00:00+01:00,22.5,23.25,22.450000762939453,22.899999618530273,22.899999618530273,14542,0.0,0.0
2026-01-30 00:00:00+01:00,23.0,23.450000762939453,22.850000381469727,23.0,23.0,10729,0.0,0.0
2026-02-02 00:00:00+01:00,22.75,23.200000762939453,22.399999618530273,22.850000381469727,22.850000381469727,14405,0.0,0.0
2026-02-03 00:00:00+01:00,23.0,23.299999237060547,22.75,23.25,23.25,20203,0.0,0.0
2026-02-04 00:00:00+01:00,23.600000381469727,23.649999618530273,22.700000762939453,23.049999237060547,23.049999237060547,9472,0.0,0.0
2026-02-05 00:00:00+01:00,23.399999618530273,23.399999618530273,22.700000762939453,22.799999237060547,22.799999237060547,16300,0.0,0.0
2026-02-06 00:00:00+01:00,22.600000381469727,23.149999618530273,22.600000381469727,23.0,23.0,11796,0.0,0.0
2026-02-09 00:00:00+01:00,23.049999237060547,23.549999237060547,22.950000762939453,23.25,23.25,10252,0.0,0.0
2026-02-10 00:00:00+01:00,23.549999237060547,23.799999237060547,23.299999237060547,23.5,23.5,12852,0.0,0.0
2026-02-11 00:00:00+01:00,23.350000381469727,24.100000381469727,23.049999237060547,23.950000762939453,23.950000762939453,11349,0.0,0.0
2026-02-12 00:00:00+01:00,23.850000381469727,23.850000381469727,23.25,23.600000381469727,23.600000381469727,8226,0.0,0.0
2026-02-13 00:00:00+01:00,23.350000381469727,23.899999618530273,23.350000381469727,23.799999237060547,23.799999237060547,14696,0.0,0.0
2026-02-16 00:00:00+01:00,23.75,23.899999618530273,23.350000381469727,23.350000381469727,23.350000381469727,2628,0.0,0.0
2026-02-17 00:00:00+01:00,23.450000762939453,24.200000762939453,23.049999237060547,23.799999237060547,23.799999237060547,25630,0.0,0.0
2026-02-18 00:00:00+01:00,24.350000381469727,24.549999237060547,23.450000762939453,23.649999618530273,23.649999618530273,7255,0.0,0.0
2026-02-19 00:00:00+01:00,23.700000762939453,23.700000762939453,23.100000381469727,23.200000762939453,23.200000762939453,6953,0.0,0.0
2026-02-20 00:00:00+01:00,23.100000381469727,23.25,22.549999237060547,22.950000762939453,22.950000762939453,14728,0.0,0.0
2026-02-23 00:00:00+01:00,23.5,23.5,21.200000762939453,21.25,21.25,44963,0.0,0.0
2026-02-24 00:00:00+01:00,21.049999237060547,21.399999618530273,20.5,20.799999237060547,20.799999237060547,29064,0.0,0.0
2026-02-25 00:00:00+01:00,22.299999237060547,23.299999237060547,21.600000381469727,22.649999618530273,22.649999618530273,48958,0.0,0.0
2026-02-26 00:00:00+01:00,22.399999618530273,23.0,22.350000381469727,22.850000381469727,22.850000381469727,18952,0.0,0.0
2026-02-27 00:00:00+01:00,22.450000762939453,23.0,22.450000762939453,22.950000762939453,22.950000762939453,8178,0.0,0.0
2026-03-02 00:00:00+01:00,22.25,22.700000762939453,22.0,22.350000381469727,22.350000381469727,12838,0.0,0.0
2026-03-03 00:00:00+01:00,22.600000381469727,22.899999618530273,21.399999618530273,21.399999618530273,21.399999618530273,21536,0.0,0.0
2026-03-04 00:00:00+01:00,21.149999618530273,22.100000381469727,21.149999618530273,21.950000762939453,21.950000762939453,7616,0.0,0.0
2026-03-05 00:00:00+01:00,21.350000381469727,22.049999237060547,19.68000030517578,19.68000030517578,19.68000030517578,38043,0.0,0.0
2026-03-06 00:00:00+01:00,20.600000381469727,21.149999618530273,19.700000762939453,19.739999771118164,19.739999771118164,19779,0.0,0.0
2026-03-09 00:00:00+01:00,19.559999465942383,19.559999465942383,18.68000030517578,19.15999984741211,19.15999984741211,40563,0.0,0.0
2026-03-10 00:00:00+01:00,19.5,20.25,19.5,20.200000762939453,20.200000762939453,16291,0.0,0.0
2026-03-11 00:00:00+01:00,20.5,20.5,19.5,19.719999313354492,19.719999313354492,13198,0.0,0.0
2026-03-12 00:00:00+01:00,19.600000381469727,19.6200008392334,19.079999923706055,19.280000686645508,19.280000686645508,11445,0.0,0.0
2026-03-13 00:00:00+01:00,19.040000915527344,19.5,18.84000015258789,18.8799991607666,18.8799991607666,13194,0.0,0.0
2026-03-16 00:00:00+01:00,18.8799991607666,19.479999542236328,18.8799991607666,19.31999969482422,19.31999969482422,5599,0.0,0.0
2026-03-17 00:00:00+01:00,19.700000762939453,19.959999084472656,18.84000015258789,19.84000015258789,19.84000015258789,19756,0.0,0.0
2026-03-18 00:00:00+01:00,20.049999237060547,20.200000762939453,19.739999771118164,19.81999969482422,19.81999969482422,6140,0.0,0.0
2026-03-19 00:00:00+01:00,19.34000015258789,19.5,16.81999969482422,16.81999969482422,16.81999969482422,42352,0.0,0.0
2026-03-20 00:00:00+01:00,17.700000762939453,17.700000762939453,16.700000762939453,17.059999465942383,17.059999465942383,41813,0.0,0.0
2026-03-23 00:00:00+01:00,16.459999084472656,17.540000915527344,15.800000190734863,17.280000686645508,17.280000686645508,40380,0.0,0.0
2026-03-24 00:00:00+01:00,17.15999984741211,17.31999969482422,16.600000381469727,17.100000381469727,17.100000381469727,21919,0.0,0.0
2026-03-25 00:00:00+01:00,17.299999237060547,18.559999465942383,17.280000686645508,18.559999465942383,18.559999465942383,23768,0.0,0.0
2026-03-26 00:00:00+01:00,18.200000762939453,18.260000228881836,17.520000457763672,17.81999969482422,17.81999969482422,13685,0.0,0.0
2026-03-27 00:00:00+01:00,17.959999084472656,17.979999542236328,17.100000381469727,17.65999984741211,17.65999984741211,14979,0.0,0.0
2026-03-30 00:00:00+02:00,17.639999389648438,18.020000457763672,17.1200008392334,18.020000457763672,18.020000457763672,9408,0.0,0.0
2026-03-31 00:00:00+02:00,17.84000015258789,18.139999389648438,17.559999465942383,18.0,18.0,6604,0.0,0.0
2026-04-01 00:00:00+02:00,19.059999465942383,19.239999771118164,18.260000228881836,18.959999084472656,18.959999084472656,5312,0.0,0.0
2026-04-02 00:00:00+02:00,18.559999465942383,18.760000228881836,17.959999084472656,18.6200008392334,18.6200008392334,3800,0.0,0.0
2026-04-07 00:00:00+02:00,18.399999618530273,18.579999923706055,17.540000915527344,17.760000228881836,17.760000228881836,12276,0.0,0.0
2026-04-08 00:00:00+02:00,19.200000762939453,19.200000762939453,18.0,18.84000015258789,18.84000015258789,14570,0.0,0.0
2026-04-09 00:00:00+02:00,18.81999969482422,18.81999969482422,17.18000030517578,17.860000610351562,17.860000610351562,13452,0.0,0.0
2026-04-10 00:00:00+02:00,18.020000457763672,18.040000915527344,17.559999465942383,17.719999313354492,17.719999313354492,7607,0.0,0.0
2026-04-13 00:00:00+02:00,17.719999313354492,17.8799991607666,17.040000915527344,17.81999969482422,17.81999969482422,10095,0.0,0.0
2026-04-14 00:00:00+02:00,18.0,18.559999465942383,18.0,18.559999465942383,18.559999465942383,8297,0.0,0.0
2026-04-15 00:00:00+02:00,18.719999313354492,18.719999313354492,18.219999313354492,18.559999465942383,18.559999465942383,12973,0.0,0.0
2026-04-16 00:00:00+02:00,18.700000762939453,19.18000030517578,18.559999465942383,18.780000686645508,18.780000686645508,12143,0.0,0.0
2026-04-17 00:00:00+02:00,18.780000686645508,20.0,18.780000686645508,19.81999969482422,19.81999969482422,27086,0.0,0.0
2026-04-20 00:00:00+02:00,19.559999465942383,20.100000381469727,18.84000015258789,18.979999542236328,18.979999542236328,21581,0.0,0.0
2026-04-21 00:00:00+02:00,19.299999237060547,19.420000076293945,19.0,19.059999465942383,19.059999465942383,6210,0.0,0.0
2026-04-22 00:00:00+02:00,19.020000457763672,19.200000762939453,17.84000015258789,18.299999237060547,18.299999237060547,11014,0.0,0.0
2026-04-23 00:00:00+02:00,18.899999618530273,19.200000762939453,18.15999984741211,19.059999465942383,19.059999465942383,6090,0.0,0.0
2026-04-24 00:00:00+02:00,19.100000381469727,19.100000381469727,18.059999465942383,18.299999237060547,18.299999237060547,12666,0.0,0.0
2026-04-27 00:00:00+02:00,18.5,18.5,17.84000015258789,17.920000076293945,17.920000076293945,6007,0.0,0.0
2026-04-28 00:00:00+02:00,17.979999542236328,18.200000762939453,17.540000915527344,18.020000457763672,18.020000457763672,14399,0.0,0.0
2026-04-29 00:00:00+02:00,17.8799991607666,17.959999084472656,17.579999923706055,17.8799991607666,17.8799991607666,2042,0.0,0.0
2026-04-30 00:00:00+02:00,17.979999542236328,18.1200008392334,17.780000686645508,18.100000381469727,18.100000381469727,2252,0.0,0.0
2026-05-04 00:00:00+02:00,18.959999084472656,18.959999084472656,17.5,17.920000076293945,17.920000076293945,18160,0.0,0.0
2026-05-05 00:00:00+02:00,17.520000457763672,18.020000457763672,17.520000457763672,17.940000534057617,17.940000534057617,22459,0.0,0.0
2026-05-06 00:00:00+02:00,17.739999771118164,18.780000686645508,17.739999771118164,18.559999465942383,18.559999465942383,7916,0.0,0.0
2026-05-07 00:00:00+02:00,18.780000686645508,19.600000381469727,18.559999465942383,19.459999084472656,19.459999084472656,16393,0.0,0.0
2026-05-08 00:00:00+02:00,19.059999465942383,19.059999465942383,18.31999969482422,18.799999237060547,18.799999237060547,9373,0.0,0.0
2026-05-11 00:00:00+02:00,18.459999084472656,19.059999465942383,18.420000076293945,19.059999465942383,19.059999465942383,7471,0.0,0.0
2026-05-12 00:00:00+02:00,18.6200008392334,18.700000762939453,18.299999237060547,18.299999237060547,18.299999237060547,5695,0.0,0.0
2026-05-13 00:00:00+02:00,18.799999237060547,19.18000030517578,18.5,19.15999984741211,19.15999984741211,11778,0.0,0.0
2026-05-14 00:00:00+02:00,19.399999618530273,19.399999618530273,18.700000762939453,19.0,19.0,4065,0.0,0.0
2026-05-15 00:00:00+02:00,19.600000381469727,19.600000381469727,18.420000076293945,18.8799991607666,18.8799991607666,6428,0.0,0.0
2026-05-18 00:00:00+02:00,18.65999984741211,18.959999084472656,18.360000610351562,18.700000762939453,18.700000762939453,9726,0.0,0.0
2026-05-19 00:00:00+02:00,18.959999084472656,19.600000381469727,18.18000030517578,18.18000030517578,18.18000030517578,11727,0.0,0.0
2026-05-20 00:00:00+02:00,18.0,20.799999237060547,18.0,20.799999237060547,20.799999237060547,19941,0.0,0.0
2026-05-21 00:00:00+02:00,20.549999237060547,20.549999237060547,19.34000015258789,19.65999984741211,19.65999984741211,7648,0.0,0.0
2026-05-22 00:00:00+02:00,19.739999771118164,20.200000762939453,19.280000686645508,20.049999237060547,20.049999237060547,19003,0.0,0.0
2026-05-25 00:00:00+02:00,20.200000762939453,20.799999237060547,20.0,20.799999237060547,20.799999237060547,3336,0.0,0.0
2026-05-26 00:00:00+02:00,19.5,20.25,19.5,20.0,20.0,4099,0.0,0.0
2026-05-27 00:00:00+02:00,20.049999237060547,21.100000381469727,20.049999237060547,20.25,20.25,42582,0.0,0.0
2026-05-28 00:00:00+02:00,20.350000381469727,21.5,20.100000381469727,21.299999237060547,21.299999237060547,10906,0.0,0.0
2026-05-29 00:00:00+02:00,21.649999618530273,22.700000762939453,21.350000381469727,22.600000381469727,22.600000381469727,20578,0.0,0.0
2026-06-01 00:00:00+02:00,22.5,22.600000381469727,21.850000381469727,22.049999237060547,22.049999237060547,11305,0.0,0.0
2026-06-02 00:00:00+02:00,22.700000762939453,22.700000762939453,21.25,21.5,21.5,4917,0.0,0.0
2026-06-03 00:00:00+02:00,21.25,21.25,20.049999237060547,20.049999237060547,20.049999237060547,13180,0.0,0.0
2026-06-04 00:00:00+02:00,20.350000381469727,21.0,20.100000381469727,20.700000762939453,20.700000762939453,3538,0.0,0.0
2026-06-05 00:00:00+02:00,20.600000381469727,21.200000762939453,20.600000381469727,20.649999618530273,20.649999618530273,5844,0.0,0.0
2026-06-08 00:00:00+02:00,21.950000762939453,21.950000762939453,19.799999237060547,20.100000381469727,20.100000381469727,4011,0.0,0.0
2026-06-09 00:00:00+02:00,19.799999237060547,20.5,19.799999237060547,20.100000381469727,20.100000381469727,8367,0.0,0.0
2026-06-10 00:00:00+02:00,20.399999618530273,20.399999618530273,19.5,19.5,19.5,3497,0.0,0.0
2026-06-11 00:00:00+02:00,19.5,20.399999618530273,19.5,20.049999237060547,20.049999237060547,6863,0.0,0.0
2026-06-12 00:00:00+02:00,20.0,21.100000381469727,19.899999618530273,20.549999237060547,20.549999237060547,13283,0.0,0.0
2026-06-15 00:00:00+02:00,22.100000381469727,22.100000381469727,20.0,20.0,20.0,6182,0.0,0.0
2026-06-16 00:00:00+02:00,20.700000762939453,21.350000381469727,19.81999969482422,19.979999542236328,19.979999542236328,18879,0.0,0.0
2026-06-17 00:00:00+02:00,19.899999618530273,20.149999618530273,19.899999618530273,19.940000534057617,19.940000534057617,5121,0.0,0.0
2026-06-18 00:00:00+02:00,20.0,20.399999618530273,19.600000381469727,19.600000381469727,19.600000381469727,8050,0.0,0.0
2026-06-19 00:00:00+02:00,19.600000381469727,19.899999618530273,19.600000381469727,19.739999771118164,19.739999771118164,2858,0.0,0.0
2026-06-22 00:00:00+02:00,20.0,20.0,19.34000015258789,19.600000381469727,19.600000381469727,5017,0.0,0.0
2026-06-23 00:00:00+02:00,19.8799991607666,20.350000381469727,19.520000457763672,20.350000381469727,20.350000381469727,6147,0.0,0.0
2026-06-24 00:00:00+02:00,20.299999237060547,20.350000381469727,19.719999313354492,19.940000534057617,19.940000534057617,4439,0.0,0.0
2026-06-25 00:00:00+02:00,19.799999237060547,19.860000610351562,19.100000381469727,19.280000686645508,19.280000686645508,8485,0.0,0.0
2026-06-26 00:00:00+02:00,19.0,19.0,18.360000610351562,18.8799991607666,18.8799991607666,7032,0.0,0.0
2026-06-29 00:00:00+02:00,19.18000030517578,19.18000030517578,18.84000015258789,19.020000457763672,19.020000457763672,2337,0.0,0.0
2026-06-30 00:00:00+02:00,18.899999618530273,20.25,18.899999618530273,19.700000762939453,19.700000762939453,13344,0.0,0.0
2026-07-01 00:00:00+02:00,19.65999984741211,19.65999984741211,19.059999465942383,19.100000381469727,19.100000381469727,1701,0.0,0.0
2026-07-02 00:00:00+02:00,18.899999618530273,20.25,18.899999618530273,19.68000030517578,19.68000030517578,3998,0.0,0.0
2026-07-03 00:00:00+02:00,19.399999618530273,19.639999389648438,18.940000534057617,19.1200008392334,19.1200008392334,2200,0.0,0.0
2026-07-06 00:00:00+02:00,19.299999237060547,19.459999084472656,18.940000534057617,19.31999969482422,19.31999969482422,1670,0.0,0.0
2026-07-07 00:00:00+02:00,19.579999923706055,19.579999923706055,18.700000762939453,18.700000762939453,18.700000762939453,3117,0.0,0.0
2026-07-08 00:00:00+02:00,18.899999618530273,19.0,18.239999771118164,18.520000457763672,18.520000457763672,7068,0.0,0.0
2026-07-09 00:00:00+02:00,18.940000534057617,19.0,18.65999984741211,19.0,19.0,1782,0.0,0.0
2026-07-10 00:00:00+02:00,18.979999542236328,18.979999542236328,18.719999313354492,18.799999237060547,18.799999237060547,1138,0.0,0.0
2026-07-13 00:00:00+02:00,18.059999465942383,18.760000228881836,18.059999465942383,18.15999984741211,18.15999984741211,3503,0.0,0.0
2026-07-14 00:00:00+02:00,18.040000915527344,18.399999618530273,17.739999771118164,18.260000228881836,18.260000228881836,4315,0.0,0.0
2026-07-15 00:00:00+02:00,18.600000381469727,18.600000381469727,17.860000610351562,18.15999984741211,18.15999984741211,824,0.0,0.0
2026-07-16 00:00:00+02:00,18.040000915527344,18.260000228881836,17.81999969482422,17.940000534057617,17.940000534057617,8993,0.0,0.0
2026-07-17 00:00:00+02:00,17.940000534057617,18.059999465942383,17.68000030517578,17.700000762939453,17.700000762939453,5258,0.0,0.0
2026-07-20 00:00:00+02:00,17.899999618530273,18.31999969482422,17.81999969482422,18.040000915527344,18.040000915527344,2616,0.0,0.0
2026-07-21 00:00:00+02:00,17.8799991607666,18.600000381469727,17.84000015258789,18.600000381469727,18.600000381469727,3721,0.0,0.0
2026-07-22 00:00:00+02:00,18.100000381469727,18.780000686645508,18.100000381469727,18.780000686645508,18.780000686645508,2436,0.0,0.0
2026-07-23 00:00:00+02:00,19.5,19.5,18.399999618530273,19.0,19.0,1418,0.0,0.0
2026-07-24 00:00:00+02:00,18.700000762939453,18.899999618530273,18.68000030517578,18.8799991607666,18.8799991607666,325,0.0,0.0
2026-07-27 00:00:00+02:00,18.799999237060547,19.0,18.700000762939453,18.81999969482422,18.81999969482422,4190,0.0,0.0
2026-07-28 00:00:00+02:00,18.0,18.920000076293945,18.0,18.899999618530273,18.899999618530273,1371,0.0,0.0
2026-07-29 00:00:00+02:00,18.860000610351562,19.360000610351562,18.200000762939453,18.940000534057617,18.940000534057617,3970,0.0,0.0
2026-07-30 00:00:00+02:00,19.0,19.260000228881836,18.899999618530273,19.260000228881836,19.260000228881836,3191,0.0,0.0
2026-07-31 00:00:00+02:00,18.899999618530273,19.34000015258789,18.899999618530273,19.18000030517578,19.18000030517578,368,0.0,0.0
2026-08-03 00:00:00+02:00,19.100000381469727,19.5,18.899999618530273,19.0,19.0,3572,0.0,0.0
2026-08-04 00:00:00+02:00,19.540000915527344,19.540000915527344,18.899999618530273,19.040000915527344,19.040000915527344,5004,0.0,0.0
2026-08-05 00:00:00+02:00,19.059999465942383,19.219999313354492,18.600000381469727,18.600000381469727,18.600000381469727,2889,0.0,0.0
2026-08-06 00:00:00+02:00,18.65999984741211,19.079999923706055,18.65999984741211,18.68000030517578,18.68000030517578,1246,0.0,0.0
2026-08-07 00:00:00+02:00,19.479999542236328,19.479999542236328,18.600000381469727,18.600000381469727,18.600000381469727,2002,0.0,0.0
2026-08-10 00:00:00+02:00,18.780000686645508,18.799999237060547,18.68000030517578,18.68000030517578,18.68000030517578,1257,0.0,0.0
2026-08-11 00:00:00+02:00,18.700000762939453,19.15999984741211,18.700000762939453,19.15999984741211,19.15999984741211,2464,0.0,0.0
2026-08-12 00:00:00+02:00,19.0,19.399999618530273,18.5,18.5,18.5,2257,0.0,0.0
2026-08-13 00:00:00+02:00,18.739999771118164,18.920000076293945,18.559999465942383,18.559999465942383,18.559999465942383,2819,0.0,0.0
2026-08-14 00:00:00+02:00,18.65999984741211,18.920000076293945,18.639999389648438,18.639999389648438,18.639999389648438,2423,0.0,0.0
2026-08-17 00:00:00+02:00,18.700000762939453,18.700000762939453,18.5,18.600000381469727,18.600000381469727,1741,0.0,0.0
2026-08-18 00:00:00+02:00,18.5,18.700000762939453,18.100000381469727,18.399999618530273,18.399999618530273,4182,0.0,0.0
2026-08-19 00:00:00+02:00,18.399999618530273,18.739999771118164,18.280000686645508,18.739999771118164,18.739999771118164,8169,0.0,0.0
2026-08-20 00:00:00+02:00,18.579999923706055,18.799999237060547,18.020000457763672,18.65999984741211,18.65999984741211,3042,0.0,0.0
2026-08-21 00:00:00+02:00,18.799999237060547,19.440000534057617,18.65999984741211,19.299999237060547,19.299999237060547,5240,0.0,0.0
2026-08-24 00:00:00+02:00,19.0,19.479999542236328,18.799999237060547,19.34000015258789,19.34000015258789,2147,0.0,0.0
2026-08-25 00:00:00+02:00,19.5,19.5,18.3799991607666,18.440000534057617,18.440000534057617,7264,0.0,0.0
2026-08-26 00:00:00+02:00,18.700000762939453,19.899999618530273,18.700000762939453,19.899999618530273,19.899999618530273,10617,0.0,0.0
2026-08-27 00:00:00+02:00,19.579999923706055,19.719999313354492,19.420000076293945,19.540000915527344,19.540000915527344,2527,0.0,0.0
2026-08-28 00:00:00+02:00,19.65999984741211,20.25,19.479999542236328,20.25,20.25,5897,0.0,0.0
2026-08-31 00:00:00+02:00,20.149999618530273,20.149999618530273,19.15999984741211,19.239999771118164,19.239999771118164,2350,0.0,0.0
2026-09-01 00:00:00+02:00,19.5,19.5,19.100000381469727,19.299999237060547,19.299999237060547,688,0.0,0.0
