Date,Open,High,Low,Close,Volume
1981-10-30 00:00:00-05:00,3.8079309463500977,3.885014057159424,3.8079309463500977,3.8773059844970703,6878894
1981-11-06 00:00:00-05:00,3.9929308891296387,4.062306880950928,3.8541810512542725,3.869597911834717,12872385
1981-11-13 00:00:00-05:00,3.9620978832244873,3.9929308891296387,3.869597911834717,3.9158480167388916,5571872
1981-11-20 00:00:00-05:00,3.9158480167388916,4.162515163421631,3.8233470916748047,4.085432052612305,5543493
1981-11-27 00:00:00-05:00,4.085432052612305,4.100848197937012,3.869597911834717,4.085432052612305,10488609
1981-12-04 00:00:00-05:00,4.085432052612305,4.1316819190979,4.0237650871276855,4.100848197937012,3410258
1981-12-11 00:00:00-05:00,4.085432052612305,4.085432052612305,3.9158480167388916,4.0237650871276855,3659986
1981-12-18 00:00:00-05:00,3.9620978832244873,4.116264820098877,3.885014057159424,4.054597854614258,3285393
1981-12-25 00:00:00-05:00,4.054597854614258,4.070014953613281,3.9312639236450195,3.9775149822235107,2802962
1982-01-01 00:00:00-05:00,4.008347988128662,4.1316819190979,4.008347988128662,4.1316819190979,1203238
1982-01-08 00:00:00-05:00,4.208765029907227,4.255015850067139,3.9312639236450195,4.100848197937012,4971062
1982-01-15 00:00:00-05:00,4.0237650871276855,4.162515163421631,3.9158480167388916,4.116264820098877,3792149
1982-01-22 00:00:00-05:00,4.1316819190979,4.239599227905273,4.0237650871276855,4.147099018096924,3689986
1982-01-29 00:00:00-05:00,4.100848197937012,4.455432891845703,4.054597854614258,4.44001579284668,11145364
1982-02-05 00:00:00-05:00,4.347516059875488,4.409183025360107,4.100848197937012,4.362933158874512,6597544
1982-02-12 00:00:00-05:00,4.285849094390869,4.347516059875488,4.116264820098877,4.301266193389893,8424294
1982-02-19 00:00:00-05:00,4.301266193389893,4.532516956329346,4.22418212890625,4.3783488273620605,8488348
1982-02-26 00:00:00-05:00,4.362933158874512,4.455432891845703,4.177931785583496,4.316682815551758,8669968
1982-03-05 00:00:00-05:00,4.301266193389893,4.347516059875488,4.116264820098877,4.1316819190979,7059703
1982-03-12 00:00:00-05:00,4.208765029907227,4.239599227905273,3.7462639808654785,3.8541810512542725,9574019
1982-03-19 00:00:00-05:00,3.9620978832244873,4.147099018096924,3.9158480167388916,4.116264820098877,4785389
1982-03-26 00:00:00-05:00,4.1933488845825195,4.301266193389893,4.054597854614258,4.085432052612305,6650246
1982-04-02 00:00:00-05:00,4.054597854614258,4.177931785583496,3.900430917739868,4.162515163421631,6937271
1982-04-09 00:00:00-05:00,4.239599227905273,4.316682815551758,4.162515163421631,4.270431995391846,4161066
1982-04-16 00:00:00-05:00,4.22418212890625,4.285849094390869,4.162515163421631,4.208765029907227,3889446
1982-04-23 00:00:00-05:00,4.255015850067139,4.301266193389893,4.085432052612305,4.162515163421631,6895109
1982-04-30 00:00:00-04:00,4.208765029907227,4.424600124359131,4.147099018096924,4.424600124359131,6785651
1982-05-07 00:00:00-04:00,4.455432891845703,4.532516956329346,4.393765926361084,4.470849990844727,3892687
1982-05-14 00:00:00-04:00,4.424600124359131,4.517099857330322,4.3783488273620605,4.44001579284668,4307822
1982-05-21 00:00:00-04:00,4.44001579284668,4.44001579284668,4.332098960876465,4.3783488273620605,4645118
1982-05-28 00:00:00-04:00,4.362933158874512,4.393765926361084,4.162515163421631,4.1933488845825195,3486474
1982-06-04 00:00:00-04:00,4.177931785583496,4.285849094390869,4.147099018096924,4.1933488845825195,2168100
1982-06-11 00:00:00-04:00,4.1933488845825195,4.347516059875488,4.039181232452393,4.270431995391846,3846472
1982-06-18 00:00:00-04:00,4.239599227905273,4.270431995391846,4.1316819190979,4.177931785583496,3692419
1982-06-25 00:00:00-04:00,4.1933488845825195,4.362933158874512,4.1316819190979,4.316682815551758,3802689
1982-07-02 00:00:00-04:00,4.362933158874512,4.486266136169434,4.285849094390869,4.285849094390869,4760254
1982-07-09 00:00:00-04:00,4.285849094390869,4.578766822814941,4.208765029907227,4.532516956329346,6906462
1982-07-16 00:00:00-04:00,4.6866841316223145,4.763766765594482,4.6404337882995605,4.763766765594482,5631870
1982-07-23 00:00:00-04:00,4.73293399810791,4.810018062591553,4.470849990844727,4.470849990844727,7791864
1982-07-30 00:00:00-04:00,4.409183025360107,4.532516956329346,4.316682815551758,4.332098960876465,7561593
1982-08-06 00:00:00-04:00,4.362933158874512,4.563350200653076,4.316682815551758,4.332098960876465,8651320
1982-08-13 00:00:00-04:00,4.270431995391846,4.347516059875488,4.162515163421631,4.255015850067139,4590794
1982-08-20 00:00:00-04:00,4.347516059875488,4.871685028076172,4.301266193389893,4.810018062591553,9772666
1982-08-27 00:00:00-04:00,4.717516899108887,4.9641852378845215,4.563350200653076,4.902517795562744,8245106
1982-09-03 00:00:00-04:00,4.887101173400879,5.4112701416015625,4.840850830078125,5.3033528327941895,8900238
1982-09-10 00:00:00-04:00,5.195436000823975,5.287936210632324,4.871685028076172,4.9641852378845215,3387555
1982-09-17 00:00:00-04:00,5.025852203369141,5.287936210632324,4.933351039886475,5.226268768310547,6884569
1982-09-24 00:00:00-04:00,5.257102966308594,5.503769874572754,5.210852146148682,5.287936210632324,5608358
1982-10-01 00:00:00-04:00,5.272519111633301,5.380435943603516,5.210852146148682,5.33418607711792,4033770
1982-10-08 00:00:00-04:00,5.3033528327941895,5.812105178833008,5.257102966308594,5.796688079833984,5775383
1982-10-15 00:00:00-04:00,5.8583550453186035,6.043355941772461,5.673354148864746,5.750438213348389,6857813
1982-10-22 00:00:00-04:00,5.8583550453186035,5.997105121612549,5.750438213348389,5.873772144317627,5091063
1982-10-29 00:00:00-04:00,5.812105178833008,5.84293794631958,5.550020217895508,5.827520847320557,6406193
1982-11-05 00:00:00-05:00,5.8583550453186035,6.243772983551025,5.812105178833008,5.997105121612549,5566196
1982-11-12 00:00:00-05:00,6.043355941772461,6.290022850036621,5.950854778289795,6.120439052581787,3664851
1982-11-19 00:00:00-05:00,5.981688976287842,6.0279388427734375,5.796688079833984,5.84293794631958,4937009
1982-11-26 00:00:00-05:00,5.642520904541016,5.84293794631958,5.426686763763428,5.781270980834961,5618899
1982-12-03 00:00:00-05:00,5.796688079833984,6.166688919067383,5.750438213348389,5.981688976287842,5323764
1982-12-10 00:00:00-05:00,5.966271877288818,6.166688919067383,5.889187812805176,6.012522220611572,6578085
1982-12-17 00:00:00-05:00,6.012522220611572,6.120439052581787,5.781270980834961,5.93543815612793,5689438
1982-12-24 00:00:00-05:00,5.93543815612793,6.012522220611572,5.827520847320557,5.827520847320557,4094580
1982-12-31 00:00:00-05:00,5.950854778289795,6.105021953582764,5.827520847320557,5.966271877288818,2229722
1983-01-07 00:00:00-05:00,5.84293794631958,6.074189186096191,5.627103805541992,6.074189186096191,4445660
1983-01-14 00:00:00-05:00,6.0279388427734375,6.089605808258057,5.827520847320557,5.889187812805176,3744310
1983-01-21 00:00:00-05:00,5.920022010803223,5.966271877288818,5.550020217895508,5.565436840057373,4939442
1983-01-28 00:00:00-05:00,5.503769874572754,5.93543815612793,5.365019798278809,5.812105178833008,4644307
1983-02-04 00:00:00-05:00,5.873772144317627,5.950854778289795,5.796688079833984,5.950854778289795,3535122
1983-02-11 00:00:00-05:00,5.889187812805176,5.950854778289795,5.673354148864746,5.781270980834961,4531605
1983-02-18 00:00:00-05:00,5.781270980834961,5.827520847320557,5.4883527755737305,5.519186973571777,8007538
1983-02-25 00:00:00-05:00,5.550020217895508,5.950854778289795,5.4883527755737305,5.889187812805176,9308073
1983-03-04 00:00:00-05:00,5.873772144317627,6.552106857299805,5.812105178833008,6.505856990814209,7016731
1983-03-11 00:00:00-05:00,6.413356781005859,6.459607124328613,6.243772983551025,6.35168981552124,6047005
1983-03-18 00:00:00-05:00,6.35168981552124,6.413356781005859,6.274606227874756,6.320857048034668,2139721
1983-03-25 00:00:00-05:00,6.3054399490356445,6.44419002532959,6.259190082550049,6.428773880004883,2699991
1983-04-01 00:00:00-05:00,6.428773880004883,6.475024223327637,6.35168981552124,6.367106914520264,4045120
1983-04-08 00:00:00-05:00,6.413356781005859,6.521274089813232,6.228355884552002,6.259190082550049,2802963
1983-04-15 00:00:00-05:00,6.274606227874756,6.906692028045654,6.259190082550049,6.906692028045654,4665388
1983-04-22 00:00:00-05:00,6.845025062561035,7.076275825500488,6.767941951751709,6.937524795532227,3832689
1983-04-29 00:00:00-04:00,6.891274929046631,6.95294189453125,6.505856990814209,6.70627498626709,4221877
1983-05-06 00:00:00-04:00,6.675440788269043,6.721691131591797,6.505856990814209,6.552106857299805,5419440
1983-05-13 00:00:00-04:00,6.536691188812256,6.552106857299805,6.413356781005859,6.428773880004883,5563763
1983-05-20 00:00:00-04:00,6.382523059844971,6.783358097076416,6.367106914520264,6.783358097076416,5734032
1983-05-27 00:00:00-04:00,6.7525248527526855,6.860442161560059,6.629190921783447,6.660024166107178,5911599
1983-06-03 00:00:00-04:00,6.567523956298828,6.7987751960754395,6.567523956298828,6.660024166107178,2939178
1983-06-10 00:00:00-04:00,6.690857887268066,6.70627498626709,6.428773880004883,6.459607124328613,4224308
1983-06-17 00:00:00-04:00,6.459607124328613,7.384610176086426,6.44419002532959,7.261277198791504,7430242
1983-06-24 00:00:00-04:00,7.261277198791504,7.477110862731934,6.999192237854004,7.430860996246338,4932955
1983-07-01 00:00:00-04:00,7.369194030761719,7.46169376373291,7.215025901794434,7.4154438972473145,4194309
1983-07-08 00:00:00-04:00,7.400026798248291,7.400026798248291,7.184193134307861,7.215025901794434,2177830
1983-07-15 00:00:00-04:00,7.2458600997924805,7.261277198791504,7.060859203338623,7.153359889984131,2371613
1983-07-22 00:00:00-04:00,7.153359889984131,7.615860939025879,7.153359889984131,7.615860939025879,2719450
1983-07-29 00:00:00-04:00,7.615860939025879,7.723777770996094,7.369194030761719,7.400026798248291,3244854
1983-08-05 00:00:00-04:00,7.400026798248291,7.400026798248291,7.107109069824219,7.3075270652771,3554582
1983-08-12 00:00:00-04:00,7.3075270652771,7.369194030761719,7.215025901794434,7.261277198791504,3343771
1983-08-19 00:00:00-04:00,7.276692867279053,7.446277141571045,7.276692867279053,7.400026798248291,2407288
1983-08-26 00:00:00-04:00,7.4154438972473145,7.46169376373291,7.122526168823242,7.184193134307861,3488095
1983-09-02 00:00:00-04:00,7.153359889984131,7.369194030761719,7.091692924499512,7.369194030761719,4375119
1983-09-09 00:00:00-04:00,7.46169376373291,7.615860939025879,7.338359832763672,7.338359832763672,3909716
1983-09-16 00:00:00-04:00,7.400026798248291,7.430860996246338,7.184193134307861,7.276692867279053,7252676
1983-09-23 00:00:00-04:00,7.338359832763672,7.646695137023926,7.2458600997924805,7.477110862731934,4872955
1983-09-30 00:00:00-04:00,7.55419397354126,7.585028171539307,7.292109966278076,7.292109966278076,3338906
1983-10-07 00:00:00-04:00,7.322944164276123,7.492527008056641,7.153359889984131,7.384610176086426,7847808
1983-10-14 00:00:00-04:00,7.3075270652771,7.384610176086426,7.137942790985107,7.168776035308838,3231069
1983-10-21 00:00:00-04:00,7.168776035308838,7.2458600997924805,6.721691131591797,6.783358097076416,7324027
1983-10-28 00:00:00-04:00,6.567523956298828,6.845025062561035,6.567523956298828,6.73710823059082,3619446
1983-11-04 00:00:00-05:00,6.767941951751709,6.845025062561035,6.475024223327637,6.536691188812256,5318900
1983-11-11 00:00:00-05:00,6.505856990814209,6.521274089813232,6.19752311706543,6.44419002532959,8590509
1983-11-18 00:00:00-05:00,6.567523956298828,6.7525248527526855,5.889187812805176,6.105021953582764,8633076
1983-11-25 00:00:00-05:00,6.105021953582764,6.382523059844971,5.827520847320557,5.889187812805176,9177940
1983-12-02 00:00:00-05:00,5.889187812805176,5.950854778289795,4.933351039886475,5.272519111633301,29626918
1983-12-09 00:00:00-05:00,5.365019798278809,5.735021114349365,5.272519111633301,5.550020217895508,15955483
1983-12-16 00:00:00-05:00,5.5808539390563965,5.673354148864746,5.3033528327941895,5.426686763763428,10418475
1983-12-23 00:00:00-05:00,5.4883527755737305,5.735021114349365,5.457520008087158,5.5808539390563965,5989437
1983-12-30 00:00:00-05:00,5.642520904541016,5.735021114349365,5.519186973571777,5.735021114349365,3997688
1984-01-06 00:00:00-05:00,5.7658538818359375,6.1358561515808105,5.611687183380127,6.043355941772461,10267665
1984-01-13 00:00:00-05:00,5.981688976287842,6.012522220611572,5.395853042602539,5.519186973571777,16276562
1984-01-20 00:00:00-05:00,5.519186973571777,5.611687183380127,5.365019798278809,5.426686763763428,7697405
1984-01-27 00:00:00-05:00,5.4883527755737305,5.4883527755737305,5.056684970855713,5.180018901824951,10339827
1984-02-03 00:00:00-05:00,5.24168586730957,5.4883527755737305,4.9641852378845215,5.365019798278809,9162128
1984-02-10 00:00:00-05:00,5.3033528327941895,5.395853042602539,4.748351097106934,4.933351039886475,11794821
1984-02-17 00:00:00-05:00,4.933351039886475,5.180018901824951,4.871685028076172,4.902517795562744,8052944
1984-02-24 00:00:00-05:00,4.840850830078125,4.840850830078125,4.1933488845825195,4.594183921813965,18752363
1984-03-02 00:00:00-05:00,4.594183921813965,4.594183921813965,4.316682815551758,4.409183025360107,12402521
1984-03-09 00:00:00-05:00,4.409183025360107,4.409183025360107,4.039181232452393,4.1933488845825195,11420633
1984-03-16 00:00:00-05:00,4.1933488845825195,4.44001579284668,4.1316819190979,4.1933488845825195,8274294
1984-03-23 00:00:00-05:00,4.162515163421631,4.316682815551758,4.070014953613281,4.22418212890625,7228759
1984-03-30 00:00:00-05:00,4.1933488845825195,4.22418212890625,4.039181232452393,4.162515163421631,13197114
1984-04-06 00:00:00-05:00,4.162515163421631,4.22418212890625,4.070014953613281,4.162515163421631,9114697
1984-04-13 00:00:00-05:00,4.162515163421631,4.22418212890625,3.8541810512542725,3.9158480167388916,8524022
1984-04-20 00:00:00-05:00,3.8541810512542725,4.1933488845825195,3.8541810512542725,4.1933488845825195,22336945
1984-04-27 00:00:00-05:00,4.162515163421631,4.409183025360107,4.100848197937012,4.255015850067139,11978469
1984-05-04 00:00:00-04:00,4.255015850067139,4.594183921813965,4.1933488845825195,4.347516059875488,14172921
1984-05-11 00:00:00-04:00,4.1933488845825195,4.347516059875488,4.1316819190979,4.1933488845825195,6607679
1984-05-18 00:00:00-04:00,4.1933488845825195,4.255015850067139,4.070014953613281,4.1316819190979,7548216
1984-05-25 00:00:00-04:00,4.1316819190979,4.1933488845825195,3.9775149822235107,4.070014953613281,5075657
1984-06-01 00:00:00-04:00,4.070014953613281,4.070014953613281,3.8541810512542725,3.9158480167388916,5310791
1984-06-08 00:00:00-04:00,3.946681022644043,4.008347988128662,3.8233470916748047,3.9775149822235107,6720786
1984-06-15 00:00:00-04:00,3.9775149822235107,3.9775149822235107,3.669179916381836,3.669179916381836,11087391
1984-06-22 00:00:00-04:00,3.669179916381836,3.8541810512542725,3.6383469104766846,3.7925140857696533,9374560
1984-06-29 00:00:00-04:00,3.7925140857696533,3.8233470916748047,3.6383469104766846,3.7925140857696533,6156870
1984-07-06 00:00:00-04:00,3.7616798877716064,3.7925140857696533,3.4841790199279785,3.5150129795074463,3586203
1984-07-13 00:00:00-04:00,3.5150129795074463,3.669179916381836,3.2683451175689697,3.5766799449920654,9109426
1984-07-20 00:00:00-04:00,3.5766799449920654,3.6383469104766846,3.453346014022827,3.5150129795074463,4424984
1984-07-27 00:00:00-04:00,3.422513008117676,3.8233470916748047,3.422513008117676,3.7925140857696533,4135525
1984-08-03 00:00:00-04:00,3.7925140857696533,4.44001579284668,3.700014114379883,4.285849094390869,11084959
1984-08-10 00:00:00-04:00,4.316682815551758,4.470849990844727,4.1316819190979,4.22418212890625,11463607
1984-08-17 00:00:00-04:00,4.1933488845825195,4.316682815551758,4.008347988128662,4.100848197937012,3673771
1984-08-24 00:00:00-04:00,4.162515163421631,4.316682815551758,4.039181232452393,4.22418212890625,7228351
1984-08-31 00:00:00-04:00,4.22418212890625,4.255015850067139,4.039181232452393,4.1316819190979,2901070
1984-09-07 00:00:00-04:00,4.162515163421631,4.162515163421631,3.9775149822235107,4.008347988128662,3728906
1984-09-14 00:00:00-04:00,3.946681022644043,4.162515163421631,3.885014057159424,3.946681022644043,6846461
1984-09-21 00:00:00-04:00,3.946681022644043,4.008347988128662,3.5766799449920654,3.6383469104766846,11077255
1984-09-28 00:00:00-04:00,3.669179916381836,3.700014114379883,3.4841790199279785,3.5458459854125977,9357938
1984-10-05 00:00:00-04:00,3.5150129795074463,3.5150129795074463,3.2683451175689697,3.391679048538208,10215773
1984-10-12 00:00:00-04:00,3.391679048538208,3.422513008117676,3.0833449363708496,3.330012083053589,11569822
1984-10-19 00:00:00-04:00,3.330012083053589,3.607512950897217,3.2375121116638184,3.422513008117676,8306321
1984-10-26 00:00:00-04:00,3.453346014022827,3.4841790199279785,3.2683451175689697,3.391679048538208,10299287
1984-11-02 00:00:00-05:00,3.422513008117676,3.4841790199279785,3.330012083053589,3.4841790199279785,6139842
1984-11-09 00:00:00-05:00,3.4841790199279785,3.607512950897217,3.422513008117676,3.4841790199279785,11131581
1984-11-16 00:00:00-05:00,3.453346014022827,3.453346014022827,3.330012083053589,3.391679048538208,6519705
1984-11-23 00:00:00-05:00,3.391679048538208,3.391679048538208,3.0216779708862305,3.2066779136657715,16707506
1984-11-30 00:00:00-05:00,3.17584490776062,3.2066779136657715,3.0216779708862305,3.052510976791382,10470771
1984-12-07 00:00:00-05:00,3.0216779708862305,3.052510976791382,2.898344039916992,3.052510976791382,9646587
1984-12-14 00:00:00-05:00,3.0216779708862305,3.2066779136657715,2.9908440113067627,3.17584490776062,8837805
1984-12-21 00:00:00-05:00,3.17584490776062,3.391679048538208,3.0833449363708496,3.1450119018554688,15581698
1984-12-28 00:00:00-05:00,3.114177942276001,3.2683451175689697,3.0833449363708496,3.2066779136657715,4750118
1985-01-04 00:00:00-05:00,3.2066779136657715,3.2683451175689697,3.17584490776062,3.2683451175689697,5261738
1985-01-11 00:00:00-05:00,3.2683451175689697,3.391679048538208,3.17584490776062,3.2375121116638184,7680784
1985-01-18 00:00:00-05:00,3.2375121116638184,3.3608460426330566,3.2066779136657715,3.2683451175689697,6995244
1985-01-25 00:00:00-05:00,3.2683451175689697,3.700014114379883,3.2375121116638184,3.669179916381836,20067088
1985-02-01 00:00:00-05:00,3.700014114379883,3.8233470916748047,3.5458459854125977,3.6383469104766846,15209539
1985-02-08 00:00:00-05:00,3.5766799449920654,3.700014114379883,3.5150129795074463,3.6383469104766846,12117524
1985-02-15 00:00:00-05:00,3.6383469104766846,3.669179916381836,3.453346014022827,3.4841790199279785,9922261
1985-02-22 00:00:00-05:00,3.5458459854125977,3.5766799449920654,3.453346014022827,3.5458459854125977,6720787
1985-03-01 00:00:00-05:00,3.5150129795074463,3.607512950897217,3.453346014022827,3.5766799449920654,8490375
1985-03-08 00:00:00-05:00,3.5766799449920654,3.7616798877716064,3.5766799449920654,3.700014114379883,10707123
1985-03-15 00:00:00-05:00,3.700014114379883,3.730846881866455,3.6383469104766846,3.6383469104766846,5340791
1985-03-22 00:00:00-05:00,3.6383469104766846,3.8541810512542725,3.6383469104766846,3.7925140857696533,8637536
1985-03-29 00:00:00-05:00,3.7925140857696533,4.162515163421631,3.730846881866455,3.885014057159424,9188481
1985-04-05 00:00:00-05:00,3.885014057159424,4.008347988128662,3.8541810512542725,3.946681022644043,9144290
1985-04-12 00:00:00-05:00,3.946681022644043,3.946681022644043,3.8233470916748047,3.9158480167388916,8942400
1985-04-19 00:00:00-05:00,3.885014057159424,3.946681022644043,3.8233470916748047,3.9158480167388916,4682010
1985-04-26 00:00:00-05:00,3.9158480167388916,3.9158480167388916,3.7616798877716064,3.8233470916748047,11085364
1985-05-03 00:00:00-04:00,3.7925140857696533,3.8233470916748047,3.6383469104766846,3.669179916381836,4282687
1985-05-10 00:00:00-04:00,3.669179916381836,3.7616798877716064,3.5766799449920654,3.700014114379883,8008754
1985-05-17 00:00:00-04:00,3.730846881866455,3.8233470916748047,3.669179916381836,3.730846881866455,7240513
1985-05-24 00:00:00-04:00,3.7616798877716064,3.7925140857696533,3.669179916381836,3.7616798877716064,5787142
1985-05-31 00:00:00-04:00,3.7616798877716064,3.7616798877716064,3.669179916381836,3.7616798877716064,4580660
1985-06-07 00:00:00-04:00,3.730846881866455,3.7925140857696533,3.669179916381836,3.669179916381836,6081870
1985-06-14 00:00:00-04:00,3.700014114379883,3.730846881866455,3.6383469104766846,3.669179916381836,4797955
1985-06-21 00:00:00-04:00,3.669179916381836,4.1316819190979,3.6383469104766846,3.9158480167388916,17180207
1985-06-28 00:00:00-04:00,3.885014057159424,4.039181232452393,3.700014114379883,3.7925140857696533,19188983
1985-07-05 00:00:00-04:00,3.8233470916748047,3.946681022644043,3.7616798877716064,3.8233470916748047,6203896
1985-07-12 00:00:00-04:00,3.8233470916748047,4.070014953613281,3.730846881866455,3.885014057159424,11316850
1985-07-19 00:00:00-04:00,3.6383469104766846,3.7925140857696533,3.453346014022827,3.7925140857696533,21481137
1985-07-26 00:00:00-04:00,3.7616798877716064,3.885014057159424,3.6383469104766846,3.6383469104766846,10441584
1985-08-02 00:00:00-04:00,3.6383469104766846,3.669179916381836,3.5766799449920654,3.607512950897217,5691467
1985-08-09 00:00:00-04:00,3.607512950897217,3.669179916381836,3.4841790199279785,3.4841790199279785,4789037
1985-08-16 00:00:00-04:00,3.5150129795074463,3.5150129795074463,3.3608460426330566,3.391679048538208,4711604
1985-08-23 00:00:00-04:00,3.391679048538208,3.5458459854125977,3.330012083053589,3.5458459854125977,4750118
1985-08-30 00:00:00-04:00,3.4841790199279785,3.669179916381836,3.4841790199279785,3.6383469104766846,4176066
1985-09-06 00:00:00-04:00,3.669179916381836,3.669179916381836,3.453346014022827,3.5150129795074463,4685658
1985-09-13 00:00:00-04:00,3.5766799449920654,3.607512950897217,3.2375121116638184,3.391679048538208,2826882
1985-09-20 00:00:00-04:00,3.3608460426330566,3.5150129795074463,3.330012083053589,3.391679048538208,3624311
1985-09-27 00:00:00-04:00,3.422513008117676,3.453346014022827,3.114177942276001,3.17584490776062,5294979
1985-10-04 00:00:00-04:00,3.114177942276001,3.2683451175689697,3.052510976791382,3.0833449363708496,10059692
1985-10-11 00:00:00-04:00,3.0833449363708496,3.3608460426330566,3.0833449363708496,3.3608460426330566,6055923
1985-10-18 00:00:00-04:00,3.3608460426330566,3.391679048538208,3.2683451175689697,3.3608460426330566,5433223
1985-10-25 00:00:00-04:00,3.3608460426330566,3.3608460426330566,3.2066779136657715,3.2066779136657715,4244984
1985-11-01 00:00:00-05:00,3.2375121116638184,3.2375121116638184,3.0833449363708496,3.17584490776062,6385922
1985-11-08 00:00:00-05:00,3.1450119018554688,3.330012083053589,3.114177942276001,3.2375121116638184,11451848
1985-11-15 00:00:00-05:00,3.2375121116638184,3.5766799449920654,3.17584490776062,3.5150129795074463,29007055
1985-11-22 00:00:00-05:00,3.5150129795074463,3.5150129795074463,3.2991790771484375,3.453346014022827,45327400
1985-11-29 00:00:00-05:00,3.453346014022827,3.8233470916748047,3.330012083053589,3.730846881866455,55195744
1985-12-06 00:00:00-05:00,3.730846881866455,3.9158480167388916,3.453346014022827,3.8233470916748047,39956611
1985-12-13 00:00:00-05:00,3.8233470916748047,3.946681022644043,3.730846881866455,3.9158480167388916,27567062
1985-12-20 00:00:00-05:00,3.9158480167388916,3.946681022644043,3.5150129795074463,3.700014114379883,24554098
1985-12-27 00:00:00-05:00,3.730846881866455,3.885014057159424,3.6383469104766846,3.885014057159424,11317255
1986-01-03 00:00:00-05:00,3.8541810512542725,3.885014057159424,3.7925140857696533,3.8541810512542725,9359155
1986-01-10 00:00:00-05:00,3.8541810512542725,4.008347988128662,3.7925140857696533,3.9775149822235107,23161132
1986-01-17 00:00:00-05:00,4.008347988128662,4.070014953613281,3.946681022644043,3.9775149822235107,14200083
1986-01-24 00:00:00-05:00,3.9775149822235107,3.9775149822235107,3.9158480167388916,3.9775149822235107,8309969
1986-01-31 00:00:00-05:00,3.9775149822235107,4.008347988128662,3.885014057159424,3.946681022644043,12555360
1986-02-07 00:00:00-05:00,3.9158480167388916,3.946681022644043,3.730846881866455,3.7925140857696533,11699147
1986-02-14 00:00:00-05:00,3.7616798877716064,3.9158480167388916,3.7616798877716064,3.9158480167388916,12639683
1986-02-21 00:00:00-05:00,3.946681022644043,4.532516956329346,3.9158480167388916,4.347516059875488,26141660
1986-02-28 00:00:00-05:00,4.3783488273620605,4.44001579284668,4.255015850067139,4.409183025360107,14179812
1986-03-07 00:00:00-05:00,4.409183025360107,4.44001579284668,4.162515163421631,4.347516059875488,10594827
1986-03-14 00:00:00-05:00,4.316682815551758,4.810018062591553,4.285849094390869,4.748351097106934,24279234
1986-03-21 00:00:00-05:00,4.6866841316223145,4.871685028076172,4.563350200653076,4.655849933624268,16926019
1986-03-28 00:00:00-05:00,4.6866841316223145,4.717516899108887,4.532516956329346,4.563350200653076,9293074
1986-04-04 00:00:00-05:00,4.563350200653076,4.6866841316223145,4.44001579284668,4.501683235168457,16628452
1986-04-11 00:00:00-05:00,4.501683235168457,4.748351097106934,4.501683235168457,4.625017166137695,10442395
1986-04-18 00:00:00-05:00,4.655849933624268,4.871685028076172,4.594183921813965,4.748351097106934,12789277
1986-04-25 00:00:00-05:00,4.779183864593506,4.871685028076172,4.501683235168457,4.779183864593506,10438340
1986-05-02 00:00:00-04:00,4.779183864593506,4.779183864593506,4.501683235168457,4.563350200653076,8267807
1986-05-09 00:00:00-04:00,4.501683235168457,4.779183864593506,4.470849990844727,4.748351097106934,9074967
1986-05-16 00:00:00-04:00,4.748351097106934,5.08751916885376,4.717516899108887,4.748351097106934,20844653
1986-05-23 00:00:00-04:00,4.748351097106934,5.08751916885376,4.655849933624268,5.025852203369141,12263469
1986-05-30 00:00:00-04:00,5.08751916885376,5.24168586730957,4.9641852378845215,4.995018005371094,16490615
1986-06-06 00:00:00-04:00,4.933351039886475,5.118351936340332,4.840850830078125,5.025852203369141,9633208
1986-06-13 00:00:00-04:00,4.995018005371094,5.025852203369141,4.717516899108887,4.933351039886475,9184831
1986-06-20 00:00:00-04:00,4.995018005371094,5.025852203369141,4.717516899108887,4.748351097106934,8422672
1986-06-27 00:00:00-04:00,4.748351097106934,4.779183864593506,4.594183921813965,4.655849933624268,11044013
1986-07-04 00:00:00-04:00,4.655849933624268,4.655849933624268,4.409183025360107,4.563350200653076,17569800
1986-07-11 00:00:00-04:00,4.563350200653076,4.625017166137695,4.100848197937012,4.409183025360107,18473852
1986-07-18 00:00:00-04:00,4.409183025360107,4.501683235168457,4.316682815551758,4.501683235168457,12259820
1986-07-25 00:00:00-04:00,4.470849990844727,4.532516956329346,4.3783488273620605,4.501683235168457,10744826
1986-08-01 00:00:00-04:00,4.501683235168457,4.625017166137695,4.3783488273620605,4.625017166137695,7756593
1986-08-08 00:00:00-04:00,4.594183921813965,4.840850830078125,4.532516956329346,4.6866841316223145,13786571
1986-08-15 00:00:00-04:00,4.6866841316223145,4.748351097106934,4.470849990844727,4.594183921813965,15900347
1986-08-22 00:00:00-04:00,4.563350200653076,4.594183921813965,4.409183025360107,4.44001579284668,11002663
1986-08-29 00:00:00-04:00,4.44001579284668,4.625017166137695,4.316682815551758,4.347516059875488,9354696
1986-09-05 00:00:00-04:00,4.347516059875488,4.532516956329346,4.22418212890625,4.44001579284668,10441989
1986-09-12 00:00:00-04:00,4.3783488273620605,4.409183025360107,3.7925140857696533,3.9775149822235107,19330874
1986-09-19 00:00:00-04:00,4.008347988128662,4.039181232452393,3.8233470916748047,3.9158480167388916,8476996
1986-09-26 00:00:00-04:00,3.9158480167388916,4.039181232452393,3.8233470916748047,3.8233470916748047,10077935
1986-10-03 00:00:00-04:00,3.885014057159424,4.1316819190979,3.8233470916748047,4.008347988128662,7812945
1986-10-10 00:00:00-04:00,4.008347988128662,4.100848197937012,3.885014057159424,4.008347988128662,4994576
1986-10-17 00:00:00-04:00,4.039181232452393,4.563350200653076,3.946681022644043,4.44001579284668,17786287
1986-10-24 00:00:00-04:00,4.3783488273620605,4.563350200653076,4.22418212890625,4.501683235168457,12610494
1986-10-31 00:00:00-05:00,4.501683235168457,4.717516899108887,4.470849990844727,4.655849933624268,10303746
1986-11-07 00:00:00-05:00,4.625017166137695,4.655849933624268,4.44001579284668,4.594183921813965,7913079
1986-11-14 00:00:00-05:00,4.563350200653076,4.625017166137695,4.501683235168457,4.594183921813965,6088762
1986-11-21 00:00:00-05:00,4.470849990844727,4.532516956329346,4.285849094390869,4.3783488273620605,8918480
1986-11-28 00:00:00-05:00,4.409183025360107,4.594183921813965,4.3783488273620605,4.563350200653076,5351332
1986-12-05 00:00:00-05:00,4.594183921813965,5.08751916885376,4.501683235168457,4.933351039886475,29566513
1986-12-12 00:00:00-05:00,4.9641852378845215,5.08751916885376,4.810018062591553,4.933351039886475,18910066
1986-12-19 00:00:00-05:00,4.902517795562744,5.056684970855713,4.779183864593506,4.933351039886475,18406149
1986-12-26 00:00:00-05:00,4.871685028076172,4.933351039886475,4.840850830078125,4.840850830078125,6333220
1987-01-02 00:00:00-05:00,4.871685028076172,4.933351039886475,4.6866841316223145,4.6866841316223145,7241730
1987-01-09 00:00:00-05:00,4.933351039886475,5.519186973571777,4.933351039886475,5.457520008087158,24212344
1987-01-16 00:00:00-05:00,5.426686763763428,5.673354148864746,5.180018901824951,5.365019798278809,24969638
1987-01-23 00:00:00-05:00,5.365019798278809,5.7658538818359375,5.3033528327941895,5.519186973571777,20759518
1987-01-30 00:00:00-05:00,5.426686763763428,5.704187870025635,5.395853042602539,5.642520904541016,11537391
1987-02-06 00:00:00-05:00,5.642520904541016,5.920022010803223,5.642520904541016,5.920022010803223,15773050
1987-02-13 00:00:00-05:00,5.8583550453186035,6.259190082550049,5.673354148864746,6.259190082550049,19412362
1987-02-20 00:00:00-05:00,6.290022850036621,6.44419002532959,5.796688079833984,6.259190082550049,17267370
1987-02-27 00:00:00-05:00,6.228355884552002,6.290022850036621,5.889187812805176,6.1358561515808105,12075361
1987-03-06 00:00:00-05:00,6.105021953582764,6.290022850036621,5.920022010803223,6.166688919067383,11237796
1987-03-13 00:00:00-05:00,6.166688919067383,6.290022850036621,5.950854778289795,6.259190082550049,9685909
1987-03-20 00:00:00-05:00,6.228355884552002,6.259190082550049,6.043355941772461,6.259190082550049,10325638
1987-03-27 00:00:00-05:00,6.290022850036621,6.413356781005859,5.735021114349365,5.8583550453186035,27652601
1987-04-03 00:00:00-05:00,5.4883527755737305,6.1358561515808105,5.4883527755737305,6.1358561515808105,23255995
1987-04-10 00:00:00-04:00,6.166688919067383,6.166688919067383,5.920022010803223,5.981688976287842,14339136
1987-04-17 00:00:00-04:00,5.950854778289795,6.012522220611572,5.457520008087158,5.611687183380127,15272377
1987-04-24 00:00:00-04:00,5.735021114349365,6.320857048034668,5.550020217895508,6.105021953582764,15782375
1987-05-01 00:00:00-04:00,6.043355941772461,6.382523059844971,5.796688079833984,6.166688919067383,13467924
1987-05-08 00:00:00-04:00,6.1358561515808105,6.290022850036621,5.673354148864746,6.1358561515808105,10649961
1987-05-15 00:00:00-04:00,6.166688919067383,6.228355884552002,5.550020217895508,5.704187870025635,23289645
1987-05-22 00:00:00-04:00,5.673354148864746,5.735021114349365,5.180018901824951,5.519186973571777,14660216
1987-05-29 00:00:00-04:00,5.5808539390563965,5.735021114349365,5.4883527755737305,5.642520904541016,9353479
1987-06-05 00:00:00-04:00,5.673354148864746,5.704187870025635,5.4883527755737305,5.611687183380127,10840095
1987-06-12 00:00:00-04:00,5.611687183380127,5.796688079833984,5.519186973571777,5.704187870025635,9601587
1987-06-19 00:00:00-04:00,5.704187870025635,5.8583550453186035,5.5808539390563965,5.7658538818359375,11287256
1987-06-26 00:00:00-04:00,5.796688079833984,6.19752311706543,5.426686763763428,6.012522220611572,21479111
1987-07-03 00:00:00-04:00,6.012522220611572,6.105021953582764,5.920022010803223,5.981688976287842,9754018
1987-07-10 00:00:00-04:00,5.981688976287842,6.166688919067383,5.950854778289795,6.074189186096191,9729694
1987-07-17 00:00:00-04:00,6.043355941772461,6.19752311706543,5.981688976287842,6.105021953582764,14257244
1987-07-24 00:00:00-04:00,6.074189186096191,6.074189186096191,5.889187812805176,6.043355941772461,17320072
1987-07-31 00:00:00-04:00,6.074189186096191,6.783358097076416,6.012522220611572,6.660024166107178,39287695
1987-08-07 00:00:00-04:00,6.567523956298828,6.845025062561035,6.475024223327637,6.783358097076416,22842077
1987-08-14 00:00:00-04:00,6.783358097076416,6.814191818237305,6.475024223327637,6.629190921783447,16910208
1987-08-21 00:00:00-04:00,6.567523956298828,6.7525248527526855,6.35168981552124,6.536691188812256,16074266
1987-08-28 00:00:00-04:00,6.598358154296875,6.690857887268066,6.475024223327637,6.505856990814209,8523617
1987-09-04 00:00:00-04:00,6.567523956298828,6.875858783721924,6.475024223327637,6.505856990814209,12087929
1987-09-11 00:00:00-04:00,6.475024223327637,6.845025062561035,6.290022850036621,6.814191818237305,12183605
1987-09-18 00:00:00-04:00,6.875858783721924,7.091692924499512,6.783358097076416,6.875858783721924,22010594
1987-09-25 00:00:00-04:00,6.906692028045654,7.030025959014893,6.567523956298828,6.937524795532227,18054258
1987-10-02 00:00:00-04:00,6.968358993530273,7.184193134307861,6.937524795532227,7.153359889984131,24385856
1987-10-09 00:00:00-04:00,7.122526168823242,7.215025901794434,6.598358154296875,6.690857887268066,14630622
1987-10-16 00:00:00-04:00,6.567523956298828,6.783358097076416,5.796688079833984,5.920022010803223,21278840
1987-10-23 00:00:00-04:00,4.6866841316223145,5.796688079833984,3.8233470916748047,5.210852146148682,42741735
1987-10-30 00:00:00-05:00,4.933351039886475,6.382523059844971,4.6866841316223145,5.889187812805176,24269100
1987-11-06 00:00:00-05:00,5.673354148864746,5.8583550453186035,5.3033528327941895,5.642520904541016,16666561
1987-11-13 00:00:00-05:00,5.3033528327941895,5.8583550453186035,5.210852146148682,5.550020217895508,13721706
1987-11-20 00:00:00-05:00,5.611687183380127,5.827520847320557,5.3033528327941895,5.642520904541016,12422387
1987-11-27 00:00:00-05:00,5.519186973571777,5.827520847320557,5.519186973571777,5.611687183380127,6394437
1987-12-04 00:00:00-05:00,5.180018901824951,5.519186973571777,5.056684970855713,5.395853042602539,12730088
1987-12-11 00:00:00-05:00,5.33418607711792,5.704187870025635,5.180018901824951,5.24168586730957,12459278
1987-12-18 00:00:00-05:00,5.180018901824951,5.796688079833984,5.180018901824951,5.611687183380127,14291703
1987-12-25 00:00:00-05:00,5.642520904541016,5.735021114349365,5.457520008087158,5.5808539390563965,8091456
1988-01-01 00:00:00-05:00,5.426686763763428,5.704187870025635,5.3033528327941895,5.611687183380127,6267950
1988-01-08 00:00:00-05:00,5.611687183380127,6.19752311706543,5.519186973571777,5.5808539390563965,25231530
1988-01-15 00:00:00-05:00,5.5808539390563965,6.012522220611572,5.3033528327941895,5.920022010803223,17972367
1988-01-22 00:00:00-05:00,5.889187812805176,5.981688976287842,5.426686763763428,5.796688079833984,16695750
1988-01-29 00:00:00-05:00,5.889187812805176,6.043355941772461,5.673354148864746,6.043355941772461,11484688
1988-02-05 00:00:00-05:00,6.074189186096191,6.105021953582764,5.5808539390563965,5.611687183380127,9295912
1988-02-12 00:00:00-05:00,5.550020217895508,5.981688976287842,5.4883527755737305,5.8583550453186035,8499700
1988-02-19 00:00:00-05:00,5.889187812805176,5.950854778289795,5.673354148864746,5.827520847320557,6100113
1988-02-26 00:00:00-05:00,5.827520847320557,6.1358561515808105,5.796688079833984,6.074189186096191,17466017
1988-03-04 00:00:00-05:00,6.105021953582764,6.35168981552124,5.981688976287842,6.1358561515808105,14911972
1988-03-11 00:00:00-05:00,6.1358561515808105,6.382523059844971,5.8583550453186035,5.981688976287842,12516440
1988-03-18 00:00:00-05:00,6.012522220611572,6.44419002532959,5.981688976287842,6.105021953582764,16483317
1988-03-25 00:00:00-05:00,6.043355941772461,6.043355941772461,5.611687183380127,5.611687183380127,14353731
1988-04-01 00:00:00-05:00,5.642520904541016,5.981688976287842,5.4883527755737305,5.673354148864746,8641996
1988-04-08 00:00:00-04:00,5.611687183380127,5.920022010803223,5.4883527755737305,5.7658538818359375,8180646
1988-04-15 00:00:00-04:00,5.796688079833984,5.889187812805176,5.210852146148682,5.4883527755737305,12821710
1988-04-22 00:00:00-04:00,5.4883527755737305,5.642520904541016,5.3033528327941895,5.426686763763428,8149834
1988-04-29 00:00:00-04:00,5.4883527755737305,5.7658538818359375,5.24168586730957,5.365019798278809,12419549
1988-05-06 00:00:00-04:00,5.395853042602539,5.457520008087158,5.025852203369141,5.056684970855713,13740761
1988-05-13 00:00:00-04:00,5.025852203369141,5.025852203369141,4.655849933624268,4.9641852378845215,19287903
1988-05-20 00:00:00-04:00,5.025852203369141,5.056684970855713,4.625017166137695,4.902517795562744,16221832
1988-05-27 00:00:00-04:00,4.902517795562744,5.180018901824951,4.748351097106934,5.08751916885376,9308884
1988-06-03 00:00:00-04:00,5.056684970855713,5.365019798278809,4.995018005371094,5.365019798278809,14808594
1988-06-10 00:00:00-04:00,5.365019798278809,5.550020217895508,5.272519111633301,5.3033528327941895,20496006
1988-06-17 00:00:00-04:00,5.33418607711792,5.426686763763428,4.995018005371094,5.180018901824951,19083985
1988-06-24 00:00:00-04:00,5.118351936340332,5.395853042602539,5.025852203369141,5.025852203369141,18806282
1988-07-01 00:00:00-04:00,5.056684970855713,5.149186134338379,4.9641852378845215,5.025852203369141,13574545
1988-07-08 00:00:00-04:00,4.9641852378845215,5.149186134338379,4.933351039886475,5.056684970855713,14541839
1988-07-15 00:00:00-04:00,5.056684970855713,5.08751916885376,4.748351097106934,4.871685028076172,28818138
1988-07-22 00:00:00-04:00,4.871685028076172,5.08751916885376,4.748351097106934,4.902517795562744,21357895
1988-07-29 00:00:00-04:00,4.840850830078125,4.9641852378845215,4.748351097106934,4.9641852378845215,13248599
1988-08-05 00:00:00-04:00,4.933351039886475,5.24168586730957,4.871685028076172,5.149186134338379,16209670
1988-08-12 00:00:00-04:00,5.180018901824951,5.24168586730957,4.840850830078125,4.9641852378845215,12382657
1988-08-19 00:00:00-04:00,4.902517795562744,5.056684970855713,4.840850830078125,4.9641852378845215,12666440
1988-08-26 00:00:00-04:00,4.9641852378845215,4.995018005371094,4.840850830078125,4.902517795562744,5796871
1988-09-02 00:00:00-04:00,4.933351039886475,5.149186134338379,4.933351039886475,5.118351936340332,11484688
1988-09-09 00:00:00-04:00,5.08751916885376,5.180018901824951,5.025852203369141,5.08751916885376,9151589
1988-09-16 00:00:00-04:00,5.149186134338379,5.395853042602539,5.149186134338379,5.395853042602539,21603975
1988-09-23 00:00:00-04:00,5.33418607711792,5.365019798278809,4.316682815551758,4.470849990844727,64744222
1988-09-30 00:00:00-04:00,4.44001579284668,4.44001579284668,4.285849094390869,4.3783488273620605,23565725
1988-10-07 00:00:00-04:00,4.347516059875488,4.3783488273620605,4.1933488845825195,4.347516059875488,24674909
1988-10-14 00:00:00-04:00,4.347516059875488,4.6866841316223145,4.1933488845825195,4.501683235168457,26434768
1988-10-21 00:00:00-04:00,4.501683235168457,4.501683235168457,4.285849094390869,4.3783488273620605,28245302
1988-10-28 00:00:00-04:00,4.3783488273620605,4.532516956329346,4.347516059875488,4.470849990844727,17090207
1988-11-04 00:00:00-05:00,4.470849990844727,4.470849990844727,4.255015850067139,4.255015850067139,19574118
1988-11-11 00:00:00-05:00,4.255015850067139,4.347516059875488,4.1316819190979,4.1316819190979,13460627
1988-11-18 00:00:00-05:00,4.1933488845825195,4.22418212890625,4.070014953613281,4.1316819190979,14875891
1988-11-25 00:00:00-05:00,4.100848197937012,4.162515163421631,4.008347988128662,4.100848197937012,7483757
1988-12-02 00:00:00-05:00,4.039181232452393,4.409183025360107,4.039181232452393,4.3783488273620605,16574534
1988-12-09 00:00:00-05:00,4.3783488273620605,4.409183025360107,4.285849094390869,4.3783488273620605,13135087
1988-12-16 00:00:00-05:00,4.347516059875488,4.347516059875488,4.162515163421631,4.22418212890625,13330491
1988-12-23 00:00:00-05:00,4.22418212890625,4.44001579284668,4.22418212890625,4.409183025360107,22879376
1988-12-30 00:00:00-05:00,4.44001579284668,4.501683235168457,4.22418212890625,4.347516059875488,13917922
1989-01-06 00:00:00-05:00,4.3783488273620605,4.563350200653076,4.316682815551758,4.501683235168457,10934554
1989-01-13 00:00:00-05:00,4.409183025360107,4.748351097106934,4.316682815551758,4.625017166137695,28582192
1989-01-20 00:00:00-05:00,4.655849933624268,4.748351097106934,4.44001579284668,4.6866841316223145,15195755
1989-01-27 00:00:00-05:00,4.6866841316223145,4.933351039886475,4.625017166137695,4.748351097106934,23663426
1989-02-03 00:00:00-05:00,4.779183864593506,5.056684970855713,4.717516899108887,4.995018005371094,20232087
1989-02-10 00:00:00-05:00,4.995018005371094,5.118351936340332,4.840850830078125,4.871685028076172,23671130
1989-02-17 00:00:00-05:00,4.840850830078125,4.933351039886475,4.810018062591553,4.871685028076172,10719285
1989-02-24 00:00:00-05:00,4.871685028076172,4.902517795562744,4.594183921813965,4.625017166137695,9537938
1989-03-03 00:00:00-05:00,4.594183921813965,4.717516899108887,4.563350200653076,4.6866841316223145,10800771
1989-03-10 00:00:00-05:00,4.717516899108887,4.9641852378845215,4.6866841316223145,4.748351097106934,20519520
1989-03-17 00:00:00-05:00,4.779183864593506,5.149186134338379,4.717516899108887,4.779183864593506,18186825
1989-03-24 00:00:00-05:00,4.748351097106934,4.902517795562744,4.717516899108887,4.810018062591553,10459827
1989-03-31 00:00:00-05:00,4.810018062591553,4.871685028076172,4.779183864593506,4.810018062591553,10339016
1989-04-07 00:00:00-04:00,4.810018062591553,4.871685028076172,4.748351097106934,4.810018062591553,14676027
1989-04-14 00:00:00-04:00,4.810018062591553,4.810018062591553,4.655849933624268,4.6866841316223145,10602122
1989-04-21 00:00:00-04:00,4.748351097106934,4.871685028076172,4.594183921813965,4.6866841316223145,23333833
1989-04-28 00:00:00-04:00,4.6866841316223145,4.902517795562744,4.594183921813965,4.871685028076172,16151292
1989-05-05 00:00:00-04:00,4.810018062591553,4.902517795562744,4.748351097106934,4.810018062591553,15458051
1989-05-12 00:00:00-04:00,4.810018062591553,5.056684970855713,4.748351097106934,4.995018005371094,18779120
1989-05-19 00:00:00-04:00,5.056684970855713,5.24168586730957,4.933351039886475,5.149186134338379,23369104
1989-05-26 00:00:00-04:00,5.24168586730957,5.395853042602539,5.180018901824951,5.365019798278809,15208728
1989-06-02 00:00:00-04:00,5.395853042602539,5.395853042602539,5.24168586730957,5.33418607711792,7699837
1989-06-09 00:00:00-04:00,5.3033528327941895,5.33418607711792,5.118351936340332,5.149186134338379,12887791
1989-06-16 00:00:00-04:00,5.180018901824951,5.210852146148682,5.056684970855713,5.210852146148682,13748464
1989-06-23 00:00:00-04:00,5.210852146148682,5.395853042602539,5.149186134338379,5.365019798278809,11950497
1989-06-30 00:00:00-04:00,5.365019798278809,5.395853042602539,5.056684970855713,5.118351936340332,10316718
1989-07-07 00:00:00-04:00,5.149186134338379,5.3033528327941895,5.118351936340332,5.272519111633301,9211183
1989-07-14 00:00:00-04:00,5.272519111633301,5.272519111633301,5.118351936340332,5.210852146148682,11525228
1989-07-21 00:00:00-04:00,5.149186134338379,5.3033528327941895,5.118351936340332,5.180018901824951,15046972
1989-07-28 00:00:00-04:00,5.210852146148682,5.7658538818359375,5.180018901824951,5.642520904541016,26749361
1989-08-04 00:00:00-04:00,5.704187870025635,6.012522220611572,5.519186973571777,5.796688079833984,22130189
1989-08-11 00:00:00-04:00,5.796688079833984,6.012522220611572,5.7658538818359375,5.796688079833984,15972509
1989-08-18 00:00:00-04:00,5.7658538818359375,6.012522220611572,5.704187870025635,6.012522220611572,14232921
1989-08-25 00:00:00-04:00,6.012522220611572,6.012522220611572,5.827520847320557,5.920022010803223,14809000
1989-09-01 00:00:00-04:00,5.889187812805176,5.889187812805176,5.735021114349365,5.796688079833984,12398873
1989-09-08 00:00:00-04:00,5.735021114349365,5.7658538818359375,5.457520008087158,5.519186973571777,12042524
1989-09-15 00:00:00-04:00,5.519186973571777,5.611687183380127,5.4883527755737305,5.5808539390563965,16808857
1989-09-22 00:00:00-04:00,5.519186973571777,5.550020217895508,5.457520008087158,5.519186973571777,8393482
1989-09-29 00:00:00-04:00,5.519186973571777,5.7658538818359375,5.457520008087158,5.673354148864746,9751992
1989-10-06 00:00:00-04:00,5.673354148864746,5.889187812805176,5.642520904541016,5.704187870025635,11274689
1989-10-13 00:00:00-04:00,5.704187870025635,5.796688079833984,5.33418607711792,5.395853042602539,10312259
1989-10-20 00:00:00-04:00,5.33418607711792,5.5808539390563965,5.180018901824951,5.4883527755737305,13923597
1989-10-27 00:00:00-04:00,5.4883527755737305,5.8583550453186035,5.426686763763428,5.519186973571777,14819541
1989-11-03 00:00:00-05:00,5.550020217895508,5.704187870025635,5.550020217895508,5.550020217895508,9424019
1989-11-10 00:00:00-05:00,5.5808539390563965,5.796688079833984,5.4883527755737305,5.796688079833984,10425773
1989-11-17 00:00:00-05:00,5.796688079833984,5.796688079833984,5.673354148864746,5.735021114349365,9536722
1989-11-24 00:00:00-05:00,5.704187870025635,5.981688976287842,5.673354148864746,5.950854778289795,10480907
1989-12-01 00:00:00-05:00,5.950854778289795,6.228355884552002,5.950854778289795,6.166688919067383,13534004
1989-12-08 00:00:00-05:00,6.166688919067383,6.382523059844971,6.074189186096191,6.1358561515808105,12744277
1989-12-15 00:00:00-05:00,6.1358561515808105,6.166688919067383,5.889187812805176,6.105021953582764,8390239
1989-12-22 00:00:00-05:00,6.043355941772461,6.1358561515808105,5.920022010803223,6.1358561515808105,11511443
1989-12-29 00:00:00-05:00,6.105021953582764,6.166688919067383,5.981688976287842,6.166688919067383,6759300
1990-01-05 00:00:00-05:00,6.1358561515808105,6.475024223327637,6.074189186096191,6.228355884552002,12767791
1990-01-12 00:00:00-05:00,6.19752311706543,6.382523059844971,5.950854778289795,5.950854778289795,11050095
1990-01-19 00:00:00-05:00,5.981688976287842,6.074189186096191,5.7658538818359375,6.074189186096191,10814149
1990-01-26 00:00:00-05:00,6.074189186096191,6.074189186096191,5.642520904541016,5.8583550453186035,13971841
1990-02-02 00:00:00-05:00,5.889187812805176,6.074189186096191,5.642520904541016,5.827520847320557,12996438
1990-02-09 00:00:00-05:00,5.827520847320557,6.1358561515808105,5.704187870025635,6.074189186096191,18667635
1990-02-16 00:00:00-05:00,6.043355941772461,6.166688919067383,5.920022010803223,6.043355941772461,10943068
1990-02-23 00:00:00-05:00,5.981688976287842,6.012522220611572,5.7658538818359375,5.827520847320557,10808067
1990-03-02 00:00:00-05:00,5.7658538818359375,6.259190082550049,5.673354148864746,6.105021953582764,21626678
1990-03-09 00:00:00-05:00,6.074189186096191,6.19752311706543,5.950854778289795,6.1358561515808105,13234005
1990-03-16 00:00:00-05:00,6.074189186096191,6.105021953582764,5.889187812805176,5.981688976287842,14503730
1990-03-23 00:00:00-05:00,5.920022010803223,6.043355941772461,5.827520847320557,5.920022010803223,11676443
1990-03-30 00:00:00-05:00,5.950854778289795,6.1358561515808105,5.889187812805176,5.981688976287842,6807948
1990-04-06 00:00:00-04:00,5.920022010803223,6.320857048034668,5.457520008087158,5.4883527755737305,38684857
1990-04-13 00:00:00-04:00,5.4883527755737305,5.673354148864746,5.4883527755737305,5.550020217895508,12259820
1990-04-20 00:00:00-04:00,5.550020217895508,5.5808539390563965,5.149186134338379,5.272519111633301,18512364
1990-04-27 00:00:00-04:00,5.24168586730957,5.272519111633301,5.056684970855713,5.08751916885376,13454950
1990-05-04 00:00:00-04:00,5.08751916885376,5.457520008087158,5.056684970855713,5.3033528327941895,18255742
1990-05-11 00:00:00-04:00,5.365019798278809,5.735021114349365,5.33418607711792,5.673354148864746,19009795
1990-05-18 00:00:00-04:00,5.735021114349365,5.8583550453186035,5.550020217895508,5.673354148864746,13986435
1990-05-25 00:00:00-04:00,5.704187870025635,5.827520847320557,5.519186973571777,5.642520904541016,10448071
1990-06-01 00:00:00-04:00,5.642520904541016,5.827520847320557,5.611687183380127,5.7658538818359375,12402117
1990-06-08 00:00:00-04:00,5.7658538818359375,5.920022010803223,5.704187870025635,5.827520847320557,20534519
1990-06-15 00:00:00-04:00,5.796688079833984,6.19752311706543,5.796688079833984,6.19752311706543,28356788
1990-06-22 00:00:00-04:00,6.166688919067383,6.320857048034668,6.012522220611572,6.166688919067383,19104255
1990-06-29 00:00:00-04:00,6.166688919067383,6.166688919067383,5.889187812805176,5.920022010803223,14542244
1990-07-06 00:00:00-04:00,5.920022010803223,6.105021953582764,5.8583550453186035,6.105021953582764,7578621
1990-07-13 00:00:00-04:00,6.105021953582764,6.505856990814209,6.043355941772461,6.413356781005859,19522632
1990-07-20 00:00:00-04:00,6.567523956298828,6.783358097076416,6.505856990814209,6.567523956298828,39343639
1990-07-27 00:00:00-04:00,6.536691188812256,6.567523956298828,6.043355941772461,6.320857048034668,21102894
1990-08-03 00:00:00-04:00,6.259190082550049,6.44419002532959,5.920022010803223,6.166688919067383,15813590
1990-08-10 00:00:00-04:00,5.950854778289795,6.166688919067383,5.7658538818359375,6.012522220611572,11470498
1990-08-17 00:00:00-04:00,5.950854778289795,6.1358561515808105,5.735021114349365,5.827520847320557,13963732
1990-08-24 00:00:00-04:00,5.796688079833984,5.796688079833984,5.3033528327941895,5.673354148864746,18052231
1990-08-31 00:00:00-04:00,5.796688079833984,5.950854778289795,5.673354148864746,5.827520847320557,9877667
1990-09-07 00:00:00-04:00,5.7658538818359375,5.889187812805176,5.704187870025635,5.8583550453186035,7864431
1990-09-14 00:00:00-04:00,5.950854778289795,6.043355941772461,5.7658538818359375,5.827520847320557,6542408
1990-09-21 00:00:00-04:00,5.796688079833984,5.8583550453186035,5.704187870025635,5.8583550453186035,13554274
1990-09-28 00:00:00-04:00,5.827520847320557,5.981688976287842,5.5808539390563965,5.950854778289795,16213726
1990-10-05 00:00:00-04:00,6.043355941772461,6.320857048034668,5.950854778289795,6.259190082550049,23969913
1990-10-12 00:00:00-04:00,6.259190082550049,6.290022850036621,5.889187812805176,6.074189186096191,17451422
1990-10-19 00:00:00-04:00,6.1358561515808105,6.721691131591797,6.1358561515808105,6.629190921783447,30190835
1990-10-26 00:00:00-04:00,6.567523956298828,6.660024166107178,6.320857048034668,6.320857048034668,13874950
1990-11-02 00:00:00-05:00,6.382523059844971,6.44419002532959,6.166688919067383,6.382523059844971,10190638
1990-11-09 00:00:00-05:00,6.382523059844971,6.598358154296875,6.228355884552002,6.44419002532959,10347124
1990-11-16 00:00:00-05:00,6.475024223327637,6.629190921783447,6.413356781005859,6.567523956298828,15868725
1990-11-23 00:00:00-05:00,6.536691188812256,6.660024166107178,6.382523059844971,6.413356781005859,8838210
1990-11-30 00:00:00-05:00,6.382523059844971,6.937524795532227,6.35168981552124,6.937524795532227,22463025
1990-12-07 00:00:00-05:00,6.999192237854004,7.276692867279053,6.845025062561035,6.875858783721924,21105328
1990-12-14 00:00:00-05:00,6.906692028045654,7.122526168823242,6.875858783721924,6.937524795532227,12421980
1990-12-21 00:00:00-05:00,6.906692028045654,7.030025959014893,6.845025062561035,6.906692028045654,10262394
1990-12-28 00:00:00-05:00,6.875858783721924,6.937524795532227,6.7525248527526855,6.875858783721924,4112417
1991-01-04 00:00:00-05:00,6.845025062561035,6.906692028045654,6.320857048034668,6.475024223327637,10018341
1991-01-11 00:00:00-05:00,6.475024223327637,6.629190921783447,6.320857048034668,6.567523956298828,11753065
1991-01-18 00:00:00-05:00,6.475024223327637,7.091692924499512,6.44419002532959,6.906692028045654,16704667
1991-01-25 00:00:00-05:00,6.814191818237305,7.276692867279053,6.690857887268066,7.184193134307861,19658848
1991-02-01 00:00:00-05:00,7.091692924499512,7.338359832763672,7.091692924499512,7.215025901794434,15316566
1991-02-08 00:00:00-05:00,7.215025901794434,7.585028171539307,7.153359889984131,7.46169376373291,21234246
1991-02-15 00:00:00-05:00,7.492527008056641,7.739194869995117,7.400026798248291,7.615860939025879,18697230
1991-02-22 00:00:00-05:00,7.585028171539307,7.893362045288086,7.5233612060546875,7.739194869995117,12023063
1991-03-01 00:00:00-05:00,7.800861835479736,7.831695079803467,7.400026798248291,7.585028171539307,14542650
1991-03-08 00:00:00-05:00,7.646695137023926,8.20169734954834,7.55419397354126,8.170863151550293,13990489
1991-03-15 00:00:00-05:00,8.109195709228516,8.140029907226562,7.5233612060546875,7.8625288009643555,16510885
1991-03-22 00:00:00-05:00,7.800861835479736,8.109195709228516,7.55419397354126,8.016695976257324,11585228
1991-03-29 00:00:00-05:00,8.078363418579102,8.479198455810547,8.078363418579102,8.20169734954834,9672937
1991-04-05 00:00:00-05:00,8.20169734954834,8.756698608398438,8.016695976257324,8.510030746459961,16055617
1991-04-12 00:00:00-04:00,8.510030746459961,8.880032539367676,8.355863571166992,8.695032119750977,10743609
1991-04-19 00:00:00-04:00,8.818366050720215,9.157533645629883,8.695032119750977,8.849199295043945,20133169
1991-04-26 00:00:00-04:00,8.880032539367676,9.003366470336914,8.41753101348877,8.571698188781738,14347649
1991-05-03 00:00:00-04:00,8.571698188781738,8.910865783691406,8.386696815490723,8.6333646774292,11940767
1991-05-10 00:00:00-04:00,8.602532386779785,8.725865364074707,8.386696815490723,8.386696815490723,9952667
1991-05-17 00:00:00-04:00,8.41753101348877,8.479198455810547,7.955029010772705,8.170863151550293,11349688
1991-05-24 00:00:00-04:00,8.170863151550293,8.818366050720215,8.140029907226562,8.695032119750977,8826860
1991-05-31 00:00:00-04:00,8.787531852722168,8.787531852722168,8.41753101348877,8.510030746459961,7175243
1991-06-07 00:00:00-04:00,8.4483642578125,8.4483642578125,7.8625288009643555,7.985863208770752,11452661
1991-06-14 00:00:00-04:00,8.016695976257324,8.20169734954834,7.770029067993164,8.109195709228516,13321573
1991-06-21 00:00:00-04:00,8.109195709228516,8.140029907226562,7.831695079803467,8.016695976257324,13045087
1991-06-28 00:00:00-04:00,7.893362045288086,8.232529640197754,7.770029067993164,7.955029010772705,8558076
1991-07-05 00:00:00-04:00,7.955029010772705,8.078363418579102,7.955029010772705,8.078363418579102,10242936
1991-07-12 00:00:00-04:00,8.047530174255371,8.232529640197754,7.985863208770752,7.985863208770752,9312939
1991-07-19 00:00:00-04:00,7.985863208770752,8.571698188781738,7.985863208770752,8.4483642578125,13038601
1991-07-26 00:00:00-04:00,8.4483642578125,8.540864944458008,8.109195709228516,8.540864944458008,9766992
1991-08-02 00:00:00-04:00,8.571698188781738,8.818366050720215,8.479198455810547,8.695032119750977,8230104
1991-08-09 00:00:00-04:00,8.6333646774292,8.880032539367676,8.540864944458008,8.818366050720215,6524572
1991-08-16 00:00:00-04:00,8.787531852722168,8.849199295043945,8.571698188781738,8.6333646774292,10978743
1991-08-23 00:00:00-04:00,8.140029907226562,8.941699028015137,8.078363418579102,8.818366050720215,10671448
1991-08-30 00:00:00-04:00,8.818366050720215,8.941699028015137,8.695032119750977,8.787531852722168,6451597
1991-09-06 00:00:00-04:00,8.849199295043945,9.003366470336914,8.540864944458008,8.571698188781738,6260248
1991-09-13 00:00:00-04:00,8.2633638381958,8.386696815490723,8.047530174255371,8.109195709228516,15174269
1991-09-20 00:00:00-04:00,8.170863151550293,8.756698608398438,8.140029907226562,8.695032119750977,9946990
1991-09-27 00:00:00-04:00,8.6333646774292,8.725865364074707,8.2633638381958,8.386696815490723,7360919
1991-10-04 00:00:00-04:00,8.355863571166992,8.510030746459961,8.232529640197754,8.386696815490723,15884132
1991-10-11 00:00:00-04:00,8.355863571166992,8.479198455810547,8.170863151550293,8.2633638381958,11002257
1991-10-18 00:00:00-04:00,8.2633638381958,8.910865783691406,8.20169734954834,8.910865783691406,13854678
1991-10-25 00:00:00-04:00,8.880032539367676,9.126700401306152,8.756698608398438,8.941699028015137,9572397
1991-11-01 00:00:00-05:00,8.941699028015137,9.496702194213867,8.910865783691406,9.373368263244629,10778878
1991-11-08 00:00:00-05:00,9.311700820922852,9.373368263244629,9.095867156982422,9.21920108795166,7842539
1991-11-15 00:00:00-05:00,9.25003433227539,9.712535858154297,8.6333646774292,8.6333646774292,17995070
1991-11-22 00:00:00-05:00,8.880032539367676,9.188366889953613,8.756698608398438,8.910865783691406,15314132
1991-11-29 00:00:00-05:00,8.972533226013184,9.126700401306152,8.880032539367676,8.972533226013184,6961595
1991-12-06 00:00:00-05:00,8.941699028015137,9.280866622924805,8.818366050720215,9.157533645629883,15235079
1991-12-13 00:00:00-05:00,9.126700401306152,9.43503475189209,8.880032539367676,9.404200553894043,8983345
1991-12-20 00:00:00-05:00,9.43503475189209,9.620035171508789,9.25003433227539,9.527535438537598,9820505
1991-12-27 00:00:00-05:00,9.404200553894043,9.835868835449219,9.342534065246582,9.805035591125488,7631728
1992-01-03 00:00:00-05:00,9.805035591125488,10.082536697387695,9.620035171508789,9.743369102478027,10336990
1992-01-10 00:00:00-05:00,9.558367729187012,9.990036964416504,9.558367729187012,9.774203300476074,15229404
1992-01-17 00:00:00-05:00,9.712535858154297,9.835868835449219,9.003366470336914,9.342534065246582,18481148
1992-01-24 00:00:00-05:00,9.373368263244629,9.404200553894043,8.787531852722168,9.034199714660645,25125718
1992-01-31 00:00:00-05:00,9.034199714660645,9.373368263244629,8.756698608398438,9.280866622924805,18279662
1992-02-07 00:00:00-05:00,9.311700820922852,9.342534065246582,9.003366470336914,9.065032958984375,12602385
1992-02-14 00:00:00-05:00,9.003366470336914,9.065032958984375,8.66419792175293,8.725865364074707,16261968
1992-02-21 00:00:00-05:00,8.6333646774292,8.787531852722168,8.4483642578125,8.66419792175293,14715757
1992-02-28 00:00:00-05:00,8.66419792175293,9.126700401306152,8.6333646774292,8.880032539367676,9444695
1992-03-06 00:00:00-05:00,8.941699028015137,9.034199714660645,8.66419792175293,8.725865364074707,11829687
1992-03-13 00:00:00-05:00,8.66419792175293,9.095867156982422,8.6333646774292,8.910865783691406,7895241
1992-03-20 00:00:00-05:00,8.880032539367676,9.188366889953613,8.849199295043945,9.126700401306152,9270777
1992-03-27 00:00:00-05:00,9.095867156982422,9.21920108795166,8.910865783691406,8.910865783691406,7305379
1992-04-03 00:00:00-05:00,8.880032539367676,9.25003433227539,8.818366050720215,9.21920108795166,13423330
1992-04-10 00:00:00-04:00,9.21920108795166,9.311700820922852,8.510030746459961,9.065032958984375,18449122
1992-04-17 00:00:00-04:00,9.126700401306152,9.743369102478027,9.095867156982422,9.342534065246582,13611842
1992-04-24 00:00:00-04:00,9.126700401306152,9.21920108795166,8.756698608398438,8.880032539367676,12059550
1992-05-01 00:00:00-04:00,8.941699028015137,9.558367729187012,8.941699028015137,9.311700820922852,9778343
1992-05-08 00:00:00-04:00,9.311700820922852,9.527535438537598,9.188366889953613,9.311700820922852,8120241
1992-05-15 00:00:00-04:00,9.311700820922852,9.496702194213867,9.034199714660645,9.065032958984375,7735106
1992-05-22 00:00:00-04:00,9.126700401306152,9.558367729187012,9.095867156982422,9.373368263244629,7922403
1992-05-29 00:00:00-04:00,9.280866622924805,9.68170166015625,9.188366889953613,9.527535438537598,7690106
1992-06-05 00:00:00-04:00,9.496702194213867,9.589201927185059,9.034199714660645,9.095867156982422,7413217
1992-06-12 00:00:00-04:00,9.003366470336914,9.003366470336914,8.325031280517578,8.725865364074707,15843186
1992-06-19 00:00:00-04:00,8.66419792175293,8.972533226013184,8.6333646774292,8.787531852722168,11359418
1992-06-26 00:00:00-04:00,8.787531852722168,9.126700401306152,8.725865364074707,8.972533226013184,7758619
1992-07-03 00:00:00-04:00,9.065032958984375,9.311700820922852,8.849199295043945,9.21920108795166,9063210
1992-07-10 00:00:00-04:00,9.21920108795166,9.373368263244629,9.003366470336914,9.25003433227539,8347671
1992-07-17 00:00:00-04:00,9.21920108795166,9.46586799621582,9.126700401306152,9.46586799621582,8601456
1992-07-24 00:00:00-04:00,9.311700820922852,9.43503475189209,9.188366889953613,9.373368263244629,7241730
1992-07-31 00:00:00-04:00,9.342534065246582,9.589201927185059,9.21920108795166,9.496702194213867,10265233
1992-08-07 00:00:00-04:00,9.43503475189209,9.496702194213867,9.280866622924805,9.373368263244629,5368358
1992-08-14 00:00:00-04:00,9.311700820922852,9.43503475189209,9.157533645629883,9.373368263244629,6476733
1992-08-21 00:00:00-04:00,9.373368263244629,9.43503475189209,9.126700401306152,9.25003433227539,8819562
1992-08-28 00:00:00-04:00,9.157533645629883,9.21920108795166,9.003366470336914,9.003366470336914,8220376
1992-09-04 00:00:00-04:00,9.003366470336914,9.095867156982422,8.880032539367676,8.910865783691406,9969693
1992-09-11 00:00:00-04:00,8.910865783691406,8.910865783691406,8.510030746459961,8.6333646774292,11196040
1992-09-18 00:00:00-04:00,8.725865364074707,8.818366050720215,8.4483642578125,8.6333646774292,13357653
1992-09-25 00:00:00-04:00,8.6333646774292,8.6333646774292,7.770029067993164,8.016695976257324,21915324
1992-10-02 00:00:00-04:00,8.109195709228516,8.232529640197754,7.770029067993164,7.831695079803467,21530191
1992-10-09 00:00:00-04:00,7.708362102508545,7.831695079803467,7.5233612060546875,7.708362102508545,18126419
1992-10-16 00:00:00-04:00,7.739194869995117,8.109195709228516,7.739194869995117,8.047530174255371,11480633
1992-10-23 00:00:00-04:00,8.047530174255371,8.232529640197754,7.893362045288086,8.078363418579102,9379425
1992-10-30 00:00:00-05:00,8.078363418579102,8.325031280517578,8.016695976257324,8.2633638381958,7450108
1992-11-06 00:00:00-05:00,8.2633638381958,8.355863571166992,8.016695976257324,8.078363418579102,9223749
1992-11-13 00:00:00-05:00,8.109195709228516,8.725865364074707,8.078363418579102,8.540864944458008,12113874
1992-11-20 00:00:00-05:00,8.510030746459961,9.034199714660645,8.4483642578125,9.034199714660645,15312917
1992-11-27 00:00:00-05:00,9.034199714660645,9.034199714660645,8.66419792175293,8.695032119750977,10679961
1992-12-04 00:00:00-05:00,8.6333646774292,9.268060684204102,8.4483642578125,9.166213989257812,17248066
1992-12-11 00:00:00-05:00,9.166213989257812,9.539651870727539,9.132265090942383,9.268060684204102,7981840
1992-12-18 00:00:00-05:00,9.302009582519531,9.302009582519531,9.064367294311523,9.166213989257812,10404964
1992-12-25 00:00:00-05:00,9.098316192626953,9.335959434509277,8.826725006103516,8.826725006103516,8172935
1993-01-01 00:00:00-05:00,8.860673904418945,8.894621849060059,8.65697956085205,8.792776107788086,9191008
1993-01-08 00:00:00-05:00,8.860673904418945,8.894621849060059,8.147746086120605,8.521183967590332,15002308
1993-01-15 00:00:00-05:00,8.487235069274902,8.65697956085205,8.249592781066895,8.419337272644043,13574798
1993-01-22 00:00:00-05:00,8.419337272644043,8.589081764221191,8.419337272644043,8.487235069274902,10154956
1993-01-29 00:00:00-05:00,8.487235069274902,8.65697956085205,8.215643882751465,8.283541679382324,11488576
1993-02-05 00:00:00-05:00,8.249592781066895,8.65697956085205,8.181694984436035,8.589081764221191,19152658
1993-02-12 00:00:00-05:00,8.589081764221191,8.690929412841797,8.419337272644043,8.623030662536621,11837630
1993-02-19 00:00:00-05:00,8.623030662536621,8.623030662536621,7.366919994354248,7.604563236236572,25314854
1993-02-26 00:00:00-05:00,7.638512134552002,8.01194953918457,7.502716064453125,7.910102844238281,19823519
1993-03-05 00:00:00-05:00,7.978001117706299,8.113797187805176,7.842205047607422,7.910102844238281,11867453
1993-03-12 00:00:00-05:00,7.876153945922852,8.385388374328613,7.876153945922852,8.249592781066895,16278122
1993-03-19 00:00:00-05:00,8.283541679382324,8.283541679382324,8.045899391174316,8.045899391174316,10699892
1993-03-26 00:00:00-05:00,8.045899391174316,8.147746086120605,7.774306774139404,7.808256149291992,15511161
1993-04-02 00:00:00-05:00,7.876153945922852,8.181694984436035,7.808256149291992,7.876153945922852,14542059
1993-04-09 00:00:00-04:00,7.910102844238281,7.978001117706299,7.434817790985107,7.434817790985107,12367470
1993-04-16 00:00:00-04:00,7.604563236236572,8.045899391174316,7.570613861083984,8.045899391174316,13567434
1993-04-23 00:00:00-04:00,8.01194953918457,8.249592781066895,7.774306774139404,7.774306774139404,16672464
1993-04-30 00:00:00-04:00,7.774306774139404,7.876153945922852,7.400868892669678,7.468767166137695,24355326
1993-05-07 00:00:00-04:00,7.502716064453125,8.147746086120605,7.434817790985107,7.978001117706299,26457011
1993-05-14 00:00:00-04:00,8.01194953918457,8.113797187805176,7.876153945922852,7.876153945922852,12178215
1993-05-21 00:00:00-04:00,8.01194953918457,8.283541679382324,7.910102844238281,8.181694984436035,11607874
1993-05-28 00:00:00-04:00,8.181694984436035,8.249592781066895,7.536664962768555,8.079848289489746,9298155
1993-06-04 00:00:00-04:00,8.147746086120605,8.317489624023438,7.978001117706299,8.01194953918457,10214605
1993-06-11 00:00:00-04:00,7.944052219390869,7.978001117706299,7.774306774139404,7.944052219390869,8625822
1993-06-18 00:00:00-04:00,8.01194953918457,8.045899391174316,7.706409931182861,7.774306774139404,12778381
1993-06-25 00:00:00-04:00,7.808256149291992,7.876153945922852,7.638512134552002,7.672461032867432,13210647
1993-07-02 00:00:00-04:00,7.706409931182861,7.876153945922852,7.570613861083984,7.570613861083984,9399777
1993-07-09 00:00:00-04:00,7.604563236236572,7.842205047607422,7.265072822570801,7.299022197723389,13697776
1993-07-16 00:00:00-04:00,7.299022197723389,7.570613861083984,7.231123924255371,7.299022197723389,12184843
1993-07-23 00:00:00-04:00,7.332971096038818,7.536664962768555,7.197175025939941,7.265072822570801,8615880
1993-07-30 00:00:00-04:00,7.299022197723389,7.366919994354248,7.061379909515381,7.197175025939941,9934037
1993-08-06 00:00:00-04:00,7.197175025939941,7.299022197723389,7.061379909515381,7.197175025939941,11740794
1993-08-13 00:00:00-04:00,7.197175025939941,7.265072822570801,6.042911052703857,6.518197059631348,25406905
1993-08-20 00:00:00-04:00,6.653992176055908,7.0953288078308105,6.653992176055908,7.0953288078308105,22959847
1993-08-27 00:00:00-04:00,7.027431011199951,7.265072822570801,6.9934821128845215,7.231123924255371,13703299
1993-09-03 00:00:00-04:00,7.265072822570801,7.536664962768555,7.197175025939941,7.265072822570801,17819407
1993-09-10 00:00:00-04:00,7.265072822570801,7.265072822570801,5.873167037963867,5.941064834594727,48437447
1993-09-17 00:00:00-04:00,5.8392181396484375,5.873167037963867,5.431830883026123,5.499728202819824,48724275
1993-09-24 00:00:00-04:00,5.601574897766113,6.008963108062744,5.431830883026123,5.9750142097473145,37828868
1993-10-01 00:00:00-04:00,5.907115936279297,6.144758224487305,5.80526876449585,6.110808849334717,18079355
1993-10-08 00:00:00-04:00,6.144758224487305,6.178707122802734,5.80526876449585,5.9750142097473145,14764821
1993-10-15 00:00:00-04:00,5.9750142097473145,6.348452091217041,5.907115936279297,6.212656021118164,13372656
1993-10-22 00:00:00-04:00,6.178707122802734,6.314503192901611,5.941064834594727,6.212656021118164,22744449
1993-10-29 00:00:00-04:00,6.212656021118164,6.62004280090332,6.178707122802734,6.484248161315918,21531968
1993-11-05 00:00:00-05:00,6.45029878616333,6.687941074371338,6.45029878616333,6.518197059631348,11909061
1993-11-12 00:00:00-05:00,6.518197059631348,6.586094856262207,6.348452091217041,6.518197059631348,8110341
1993-11-19 00:00:00-05:00,6.518197059631348,6.755838871002197,6.314503192901611,6.45029878616333,19579404
1993-11-26 00:00:00-05:00,6.45029878616333,6.45029878616333,6.314503192901611,6.4163498878479,6217794
1993-12-03 00:00:00-05:00,6.382400989532471,6.4163498878479,6.246604919433594,6.246604919433594,10753281
1993-12-10 00:00:00-05:00,6.280553817749023,6.314503192901611,6.042911052703857,6.144758224487305,17629416
1993-12-17 00:00:00-05:00,6.110808849334717,6.348452091217041,6.110808849334717,6.280553817749023,15715881
1993-12-24 00:00:00-05:00,6.280553817749023,6.4163498878479,6.076859951019287,6.246604919433594,12784273
1993-12-31 00:00:00-05:00,6.246604919433594,6.653992176055908,6.212656021118164,6.62004280090332,16533653
1994-01-07 00:00:00-05:00,6.552145957946777,6.721889972686768,6.484248161315918,6.653992176055908,15870525
1994-01-14 00:00:00-05:00,6.687941074371338,6.687941074371338,6.484248161315918,6.518197059631348,7629472
1994-01-21 00:00:00-05:00,6.552145957946777,6.755838871002197,6.4163498878479,6.484248161315918,9386154
1994-01-28 00:00:00-05:00,6.484248161315918,6.484248161315918,6.144758224487305,6.246604919433594,10216814
1994-02-04 00:00:00-05:00,6.280553817749023,6.62004280090332,6.178707122802734,6.178707122802734,13650648
1994-02-11 00:00:00-05:00,6.110808849334717,6.518197059631348,6.110808849334717,6.45029878616333,11411991
1994-02-18 00:00:00-05:00,6.484248161315918,6.518197059631348,6.314503192901611,6.4163498878479,13774362
1994-02-25 00:00:00-05:00,6.45029878616333,6.552145957946777,6.042911052703857,6.110808849334717,13430096
1994-03-04 00:00:00-05:00,6.144758224487305,6.246604919433594,5.9750142097473145,6.110808849334717,9448749
1994-03-11 00:00:00-05:00,6.110808849334717,6.348452091217041,5.941064834594727,6.246604919433594,13410581
1994-03-18 00:00:00-05:00,6.246604919433594,6.484248161315918,6.212656021118164,6.45029878616333,15353204
1994-03-25 00:00:00-05:00,6.4163498878479,6.586094856262207,6.314503192901611,6.348452091217041,12069963
1994-04-01 00:00:00-05:00,6.382400989532471,6.45029878616333,5.907115936279297,6.144758224487305,10332428
1994-04-08 00:00:00-04:00,5.941064834594727,6.314503192901611,5.873167037963867,6.280553817749023,15059012
1994-04-15 00:00:00-04:00,6.280553817749023,6.280553817749023,6.110808849334717,6.178707122802734,7869171
1994-04-22 00:00:00-04:00,6.178707122802734,6.314503192901611,6.008963108062744,6.178707122802734,10625885
1994-04-29 00:00:00-04:00,6.110808849334717,6.348452091217041,6.110808849334717,6.212656021118164,6246881
1994-05-06 00:00:00-04:00,6.178707122802734,6.687941074371338,6.144758224487305,6.586094856262207,14626376
1994-05-13 00:00:00-04:00,6.552145957946777,6.959533214569092,6.518197059631348,6.925583839416504,15110560
1994-05-20 00:00:00-04:00,6.891634941101074,7.129278182983398,6.755838871002197,6.823737144470215,15408065
1994-05-27 00:00:00-04:00,6.789787769317627,7.027431011199951,6.721889972686768,6.755838871002197,8644968
1994-06-03 00:00:00-04:00,6.721889972686768,7.0953288078308105,6.721889972686768,7.061379909515381,8135011
1994-06-10 00:00:00-04:00,7.061379909515381,7.163227081298828,6.8576860427856445,7.163227081298828,10733767
1994-06-17 00:00:00-04:00,7.129278182983398,7.265072822570801,7.061379909515381,7.129278182983398,13802345
1994-06-24 00:00:00-04:00,6.9934821128845215,7.197175025939941,6.687941074371338,6.687941074371338,11326568
1994-07-01 00:00:00-04:00,6.653992176055908,7.197175025939941,6.62004280090332,7.197175025939941,14162814
1994-07-08 00:00:00-04:00,7.231123924255371,7.332971096038818,6.959533214569092,7.163227081298828,10103040
1994-07-15 00:00:00-04:00,7.129278182983398,7.265072822570801,7.061379909515381,7.0953288078308105,11106754
1994-07-22 00:00:00-04:00,7.129278182983398,7.197175025939941,6.9934821128845215,7.129278182983398,8511679
1994-07-29 00:00:00-04:00,7.129278182983398,7.400868892669678,6.8576860427856445,7.163227081298828,13604622
1994-08-05 00:00:00-04:00,7.129278182983398,7.265072822570801,7.027431011199951,7.027431011199951,7003533
1994-08-12 00:00:00-04:00,7.027431011199951,7.265072822570801,6.959533214569092,7.163227081298828,7127984
1994-08-19 00:00:00-04:00,7.163227081298828,7.570613861083984,7.163227081298828,7.366919994354248,11919738
1994-08-26 00:00:00-04:00,7.332971096038818,7.638512134552002,7.299022197723389,7.536664962768555,8566541
1994-09-02 00:00:00-04:00,7.536664962768555,7.808256149291992,7.536664962768555,7.672461032867432,9099695
1994-09-09 00:00:00-04:00,7.638512134552002,7.706409931182861,7.536664962768555,7.536664962768555,6685776
1994-09-16 00:00:00-04:00,7.536664962768555,7.774306774139404,7.502716064453125,7.706409931182861,9484096
1994-09-23 00:00:00-04:00,7.672461032867432,7.740358829498291,7.332971096038818,7.536664962768555,9374372
1994-09-30 00:00:00-04:00,7.468767166137695,7.672461032867432,7.265072822570801,7.638512134552002,14959967
1994-10-07 00:00:00-04:00,7.706409931182861,7.706409931182861,7.332971096038818,7.366919994354248,9953551
1994-10-14 00:00:00-04:00,7.366919994354248,7.706409931182861,7.332971096038818,7.536664962768555,8746960
1994-10-21 00:00:00-04:00,7.536664962768555,7.536664962768555,7.0953288078308105,7.299022197723389,7367315
1994-10-28 00:00:00-04:00,7.265072822570801,7.299022197723389,6.45029878616333,7.0953288078308105,27829292
1994-11-04 00:00:00-05:00,7.061379909515381,7.400868892669678,7.027431011199951,7.366919994354248,13488639
1994-11-11 00:00:00-05:00,7.265072822570801,7.740358829498291,7.231123924255371,7.468767166137695,19830147
1994-11-18 00:00:00-05:00,7.536664962768555,7.570613861083984,7.265072822570801,7.299022197723389,13629661
1994-11-25 00:00:00-05:00,7.299022197723389,7.299022197723389,6.823737144470215,7.061379909515381,8431412
1994-12-02 00:00:00-05:00,7.027431011199951,7.061379909515381,6.789787769317627,6.891634941101074,7605171
1994-12-09 00:00:00-05:00,6.823737144470215,7.0953288078308105,6.823737144470215,6.925583839416504,10549299
1994-12-16 00:00:00-05:00,6.8576860427856445,7.536664962768555,6.8576860427856445,7.536664962768555,14052720
1994-12-23 00:00:00-05:00,7.434817790985107,7.672461032867432,7.400868892669678,7.536664962768555,10020564
1994-12-30 00:00:00-05:00,7.570613861083984,7.842205047607422,7.502716064453125,7.672461032867432,9108164
1995-01-06 00:00:00-05:00,7.638512134552002,7.842205047607422,7.536664962768555,7.808256149291992,8620666
1995-01-13 00:00:00-05:00,7.774306774139404,7.842205047607422,7.332971096038818,7.434817790985107,12319972
1995-01-20 00:00:00-05:00,7.400868892669678,7.604563236236572,7.366919994354248,7.400868892669678,10647975
1995-01-27 00:00:00-05:00,7.332971096038818,7.774306774139404,7.265072822570801,7.706409931182861,14127835
1995-02-03 00:00:00-05:00,7.740358829498291,8.113797187805176,7.706409931182861,7.978001117706299,18736224
1995-02-10 00:00:00-05:00,7.944052219390869,7.978001117706299,7.672461032867432,7.876153945922852,14500083
1995-02-17 00:00:00-05:00,7.944052219390869,8.487235069274902,7.910102844238281,8.419337272644043,29134193
1995-02-24 00:00:00-05:00,8.419337272644043,8.589081764221191,8.385388374328613,8.555132865905762,13551602
1995-03-03 00:00:00-05:00,8.419337272644043,8.487235069274902,8.317489624023438,8.487235069274902,14085124
1995-03-10 00:00:00-05:00,8.419337272644043,8.589081764221191,8.351439476013184,8.589081764221191,14513339
1995-03-17 00:00:00-05:00,8.623030662536621,9.166213989257812,8.623030662536621,9.064367294311523,19023053
1995-03-24 00:00:00-05:00,9.030418395996094,9.335959434509277,8.962519645690918,9.200162887573242,12074014
1995-03-31 00:00:00-05:00,9.200162887573242,9.47175407409668,8.690929412841797,8.894621849060059,23308901
1995-04-07 00:00:00-04:00,8.860673904418945,9.132265090942383,8.860673904418945,9.098316192626953,7506126
1995-04-14 00:00:00-04:00,9.064367294311523,9.302009582519531,9.064367294311523,9.268060684204102,9260598
1995-04-21 00:00:00-04:00,9.335959434509277,9.47175407409668,8.860673904418945,9.200162887573242,12831403
1995-04-28 00:00:00-04:00,9.200162887573242,9.47175407409668,8.826725006103516,9.437806129455566,11366702
1995-05-05 00:00:00-04:00,9.369908332824707,9.50570297241211,9.234111785888672,9.437806129455566,13599466
1995-05-12 00:00:00-04:00,9.437806129455566,9.675448417663574,9.132265090942383,9.234111785888672,20381710
1995-05-19 00:00:00-04:00,9.200162887573242,9.302009582519531,9.030418395996094,9.132265090942383,9206473
1995-05-26 00:00:00-04:00,9.166213989257812,9.50570297241211,8.962519645690918,9.437806129455566,9953920
1995-06-02 00:00:00-04:00,9.47175407409668,9.50570297241211,9.335959434509277,9.437806129455566,8686206
1995-06-09 00:00:00-04:00,9.437806129455566,9.573600769042969,9.234111785888672,9.335959434509277,7042929
1995-06-16 00:00:00-04:00,9.268060684204102,9.573600769042969,9.234111785888672,9.573600769042969,8083830
1995-06-23 00:00:00-04:00,9.539651870727539,10.0488862991333,9.47175407409668,9.845192909240723,12330282
1995-06-30 00:00:00-04:00,9.845192909240723,9.980989456176758,9.47175407409668,9.879141807556152,10629566
1995-07-07 00:00:00-04:00,9.811244010925293,9.845192909240723,9.302009582519531,9.403857231140137,6003869
1995-07-14 00:00:00-04:00,9.403857231140137,9.573600769042969,9.166213989257812,9.234111785888672,10416378
1995-07-21 00:00:00-04:00,9.234111785888672,9.845192909240723,9.200162887573242,9.777295112609863,18827170
1995-07-28 00:00:00-04:00,9.675448417663574,10.252579689025879,9.641498565673828,10.252579689025879,8505421
1995-08-04 00:00:00-04:00,10.21863079071045,10.252579689025879,9.811244010925293,10.18468189239502,6863616
1995-08-11 00:00:00-04:00,10.18468189239502,10.354427337646484,10.014938354492188,10.15073299407959,8285973
1995-08-18 00:00:00-04:00,10.15073299407959,10.320478439331055,10.014938354492188,10.08283519744873,7839346
1995-08-25 00:00:00-04:00,10.08283519744873,10.354427337646484,10.08283519744873,10.320478439331055,5351788
1995-09-01 00:00:00-04:00,10.354427337646484,10.76181411743164,10.320478439331055,10.524171829223633,10626621
1995-09-08 00:00:00-04:00,10.558120727539062,10.727865219116211,10.422325134277344,10.558120727539062,22811463
1995-09-15 00:00:00-04:00,10.456274032592773,10.558120727539062,10.21863079071045,10.456274032592773,13792036
1995-09-22 00:00:00-04:00,10.456274032592773,10.558120727539062,10.354427337646484,10.524171829223633,16888966
1995-09-29 00:00:00-04:00,10.558120727539062,11.237098693847656,10.524171829223633,11.169201850891113,14273640
1995-10-06 00:00:00-04:00,11.135252952575684,11.406844139099121,10.89760971069336,11.372895240783691,9477837
1995-10-13 00:00:00-04:00,11.338946342468262,11.338946342468262,10.727865219116211,10.86366081237793,8904549
1995-10-20 00:00:00-04:00,10.89760971069336,11.033406257629395,10.626017570495605,10.999457359313965,10068430
1995-10-27 00:00:00-04:00,10.89760971069336,10.999457359313965,10.320478439331055,10.388376235961914,15601001
1995-11-03 00:00:00-05:00,10.422325134277344,10.659967422485352,10.15073299407959,10.286528587341309,12052291
1995-11-10 00:00:00-05:00,10.252579689025879,10.524171829223633,10.18468189239502,10.422325134277344,7340067
1995-11-17 00:00:00-05:00,10.354427337646484,10.727865219116211,10.286528587341309,10.524171829223633,7514962
1995-11-24 00:00:00-05:00,10.456274032592773,10.490222930908203,9.980989456176758,10.18468189239502,9026055
1995-12-01 00:00:00-05:00,10.18468189239502,12.15372085571289,10.18468189239502,11.44079303741455,42150432
1995-12-08 00:00:00-05:00,11.406844139099121,11.57658863067627,11.203149795532227,11.203149795532227,11756258
1995-12-15 00:00:00-05:00,11.067355155944824,11.6105375289917,11.067355155944824,11.372895240783691,32682537
1995-12-22 00:00:00-05:00,11.271047592163086,11.47474193572998,11.033406257629395,11.169201850891113,7492870
1995-12-29 00:00:00-05:00,11.203149795532227,11.44079303741455,11.101304054260254,11.372895240783691,6563165
1996-01-05 00:00:00-05:00,11.372895240783691,11.814230918884277,11.271047592163086,11.6105375289917,9719744
1996-01-12 00:00:00-05:00,11.57658863067627,11.712385177612305,10.79576301574707,11.304997444152832,7607012
1996-01-19 00:00:00-05:00,11.304997444152832,11.644487380981445,11.169201850891113,11.644487380981445,12295671
1996-01-26 00:00:00-05:00,11.6105375289917,12.25556755065918,11.57658863067627,12.18766975402832,16901117
1996-02-02 00:00:00-05:00,12.119771957397461,12.561107635498047,11.135252952575684,11.54263973236084,22431480
1996-02-09 00:00:00-05:00,11.372895240783691,11.950027465820312,11.067355155944824,11.780282020568848,43653792
1996-02-16 00:00:00-05:00,11.780282020568848,11.882128715515137,11.304997444152832,11.406844139099121,15635612
1996-02-23 00:00:00-05:00,11.372895240783691,12.493209838867188,11.169201850891113,12.15372085571289,19323505
1996-03-01 00:00:00-05:00,12.119771957397461,12.696904182434082,11.950027465820312,12.493209838867188,22883998
1996-03-08 00:00:00-05:00,12.493209838867188,12.90059757232666,11.916077613830566,11.916077613830566,26202953
1996-03-15 00:00:00-05:00,11.882128715515137,12.595056533813477,11.848179817199707,12.357414245605469,33922265
1996-03-22 00:00:00-05:00,12.25556755065918,12.629006385803223,12.119771957397461,12.595056533813477,14581825
1996-03-29 00:00:00-05:00,12.595056533813477,12.696904182434082,12.289517402648926,12.289517402648926,12398398
1996-04-05 00:00:00-05:00,12.289517402648926,12.493209838867188,12.017925262451172,12.15372085571289,13606831
1996-04-12 00:00:00-04:00,11.983976364135742,12.119771957397461,11.135252952575684,11.50869083404541,17855859
1996-04-19 00:00:00-04:00,11.848179817199707,12.017925262451172,11.6105375289917,11.916077613830566,19540743
1996-04-26 00:00:00-04:00,11.983976364135742,12.051874160766602,11.54263973236084,11.882128715515137,18274135
1996-05-03 00:00:00-04:00,11.814230918884277,12.119771957397461,11.44079303741455,11.50869083404541,8050693
1996-05-10 00:00:00-04:00,11.406844139099121,11.50869083404541,11.101304054260254,11.44079303741455,10418219
1996-05-17 00:00:00-04:00,11.50869083404541,11.983976364135742,11.47474193572998,11.916077613830566,9441385
1996-05-24 00:00:00-04:00,11.983976364135742,12.18766975402832,11.882128715515137,12.017925262451172,11944039
1996-05-31 00:00:00-04:00,12.085823059082031,12.085823059082031,11.882128715515137,12.017925262451172,6406311
1996-06-07 00:00:00-04:00,11.950027465820312,12.798750877380371,11.950027465820312,12.595056533813477,12079537
1996-06-14 00:00:00-04:00,12.561107635498047,12.93454647064209,12.289517402648926,12.764801979064941,21640588
1996-06-21 00:00:00-04:00,12.764801979064941,12.86664867401123,12.459260940551758,12.561107635498047,15200032
1996-06-28 00:00:00-04:00,12.595056533813477,13.070342063903809,12.561107635498047,12.8326997756958,16240565
1996-07-05 00:00:00-04:00,12.90059757232666,13.00244426727295,12.357414245605469,12.357414245605469,14164654
1996-07-12 00:00:00-04:00,12.289517402648926,12.323466300964355,12.051874160766602,12.15372085571289,8773470
1996-07-19 00:00:00-04:00,12.119771957397461,12.493209838867188,11.54263973236084,12.15372085571289,12896942
1996-07-26 00:00:00-04:00,12.085823059082031,12.085823059082031,11.101304054260254,11.712385177612305,19087855
1996-08-02 00:00:00-04:00,11.678436279296875,12.25556755065918,11.135252952575684,12.085823059082031,26674985
1996-08-09 00:00:00-04:00,12.119771957397461,12.15372085571289,11.50869083404541,11.6105375289917,13694095
1996-08-16 00:00:00-04:00,11.644487380981445,11.882128715515137,11.47474193572998,11.814230918884277,10540830
1996-08-23 00:00:00-04:00,11.916077613830566,11.950027465820312,11.44079303741455,11.44079303741455,11393949
1996-08-30 00:00:00-04:00,11.44079303741455,12.391363143920898,11.237098693847656,12.15372085571289,18898233
1996-09-06 00:00:00-04:00,12.017925262451172,12.085823059082031,11.712385177612305,12.085823059082031,10080580
1996-09-13 00:00:00-04:00,12.051874160766602,12.357414245605469,11.848179817199707,12.323466300964355,12125931
1996-09-20 00:00:00-04:00,12.357414245605469,12.561107635498047,11.848179817199707,12.18766975402832,22588701
1996-09-27 00:00:00-04:00,12.18766975402832,12.629006385803223,11.983976364135742,12.561107635498047,19654884
1996-10-04 00:00:00-04:00,12.527158737182617,12.696904182434082,11.678436279296875,12.425312042236328,22302243
1996-10-11 00:00:00-04:00,12.493209838867188,12.696904182434082,12.170695304870605,12.22161865234375,12615270
1996-10-18 00:00:00-04:00,12.25556755065918,12.323466300964355,11.950027465820312,12.289517402648926,13122648
1996-10-25 00:00:00-04:00,12.289517402648926,12.391363143920898,11.033406257629395,11.304997444152832,50485742
1996-11-01 00:00:00-05:00,11.304997444152832,11.47474193572998,11.101304054260254,11.271047592163086,24441852
1996-11-08 00:00:00-05:00,11.237098693847656,11.780282020568848,11.169201850891113,11.780282020568848,30781888
1996-11-15 00:00:00-05:00,11.780282020568848,11.848179817199707,11.50869083404541,11.57658863067627,16155144
1996-11-22 00:00:00-05:00,11.57658863067627,11.678436279296875,10.999457359313965,11.101304054260254,18867305
1996-11-29 00:00:00-05:00,11.203149795532227,11.712385177612305,11.135252952575684,11.54263973236084,13799767
1996-12-06 00:00:00-05:00,11.54263973236084,11.54263973236084,10.79576301574707,11.304997444152832,19676608
1996-12-13 00:00:00-05:00,11.271047592163086,11.6105375289917,10.999457359313965,11.033406257629395,13172723
1996-12-20 00:00:00-05:00,10.999457359313965,11.746334075927734,10.8297119140625,11.372895240783691,18094821
1996-12-27 00:00:00-05:00,11.304997444152832,11.372895240783691,11.067355155944824,11.203149795532227,8061739
1997-01-03 00:00:00-05:00,11.271047592163086,11.54263973236084,10.8297119140625,11.54263973236084,8950942
1997-01-10 00:00:00-05:00,11.57658863067627,11.916077613830566,11.44079303741455,11.780282020568848,15507479
1997-01-17 00:00:00-05:00,11.848179817199707,12.017925262451172,11.678436279296875,11.950027465820312,12221295
1997-01-24 00:00:00-05:00,11.983976364135742,12.017925262451172,11.50869083404541,11.6105375289917,7566878
1997-01-31 00:00:00-05:00,11.54263973236084,12.96849536895752,11.372895240783691,12.493209838867188,21571366
1997-02-07 00:00:00-05:00,12.493209838867188,13.206137657165527,12.323466300964355,12.764801979064941,24748931
1997-02-14 00:00:00-05:00,12.8326997756958,13.511677742004395,12.764801979064941,12.90059757232666,19840457
1997-02-21 00:00:00-05:00,12.86664867401123,13.036393165588379,12.696904182434082,13.036393165588379,9638740
1997-02-28 00:00:00-05:00,12.96849536895752,13.511677742004395,12.493209838867188,12.493209838867188,18073834
1997-03-07 00:00:00-05:00,12.391363143920898,13.138239860534668,12.391363143920898,12.93454647064209,17760127
1997-03-14 00:00:00-05:00,12.96849536895752,13.240086555480957,12.561107635498047,12.629006385803223,13301592
1997-03-21 00:00:00-05:00,12.527158737182617,12.798750877380371,12.15372085571289,12.15372085571289,10224914
1997-03-28 00:00:00-05:00,12.119771957397461,12.8326997756958,12.085823059082031,12.22161865234375,6442396
1997-04-04 00:00:00-05:00,12.119771957397461,12.119771957397461,11.644487380981445,12.051874160766602,10509901
1997-04-11 00:00:00-04:00,12.22161865234375,12.459260940551758,11.47474193572998,11.50869083404541,9786756
1997-04-18 00:00:00-04:00,11.47474193572998,12.629006385803223,11.288022994995117,12.561107635498047,12673812
1997-04-25 00:00:00-04:00,12.561107635498047,12.86664867401123,12.15372085571289,12.629006385803223,10615941
1997-05-02 00:00:00-04:00,12.629006385803223,13.138239860534668,12.459260940551758,13.036393165588379,7949071
1997-05-09 00:00:00-04:00,13.036393165588379,13.409832000732422,12.595056533813477,12.629006385803223,13013292
1997-05-16 00:00:00-04:00,12.662955284118652,13.68142318725586,12.662955284118652,13.477728843688965,13934529
1997-05-23 00:00:00-04:00,13.443780899047852,14.25855541229248,13.206137657165527,14.156707763671875,11262869
1997-05-30 00:00:00-04:00,14.122758865356445,14.36040210723877,13.986964225769043,14.32645320892334,9637267
1997-06-06 00:00:00-04:00,14.36040210723877,14.462248802185059,13.68142318725586,14.462248802185059,12312241
1997-06-13 00:00:00-04:00,14.3943510055542,14.835686683654785,14.32645320892334,14.699891090393066,10848645
1997-06-20 00:00:00-04:00,14.699891090393066,15.209124565124512,14.462248802185059,14.903585433959961,15350257
1997-06-27 00:00:00-04:00,14.869635581970215,15.243074417114258,14.25855541229248,14.954507827758789,11290116
1997-07-04 00:00:00-04:00,14.97148323059082,16.125747680664062,14.190656661987305,15.939027786254883,13151000
1997-07-11 00:00:00-04:00,15.989951133728027,15.989951133728027,15.412818908691406,15.75230884552002,8709770
1997-07-18 00:00:00-04:00,15.75230884552002,16.363388061523438,15.480716705322266,15.786256790161133,13532822
1997-07-25 00:00:00-04:00,15.786256790161133,16.363388061523438,15.514665603637695,15.735334396362305,11540861
1997-08-01 00:00:00-04:00,15.786256790161133,15.939027786254883,15.344921112060547,15.6165132522583,11685563
1997-08-08 00:00:00-04:00,15.548615455627441,15.735334396362305,15.07332992553711,15.175176620483398,9630271
1997-08-15 00:00:00-04:00,15.141227722167969,15.192151069641113,14.224605560302734,14.241580963134766,11436291
1997-08-22 00:00:00-04:00,14.173683166503906,15.07332992553711,13.953015327453613,15.056355476379395,13666847
1997-08-29 00:00:00-04:00,15.056355476379395,15.175176620483398,14.428299903869629,14.445274353027344,9237770
1997-09-05 00:00:00-04:00,14.513172149658203,15.056355476379395,14.513172149658203,14.784764289855957,10575441
1997-09-12 00:00:00-04:00,14.767788887023926,14.97148323059082,14.071836471557617,14.615018844604492,10222335
1997-09-19 00:00:00-04:00,14.581069946289062,14.988456726074219,14.29250431060791,14.564096450805664,13419785
1997-09-26 00:00:00-04:00,14.665942192077637,14.93753433227539,14.088809967041016,14.547121047973633,11328409
1997-10-03 00:00:00-04:00,14.547121047973633,14.699891090393066,14.037886619567871,14.462248802185059,13175302
1997-10-10 00:00:00-04:00,14.530146598815918,15.378870010375977,14.462248802185059,14.784764289855957,10886937
1997-10-17 00:00:00-04:00,14.852662086486816,15.209124565124512,14.32645320892334,14.665942192077637,10828394
1997-10-24 00:00:00-04:00,14.699891090393066,15.514665603637695,13.358907699584961,13.426806449890137,41641578
1997-10-31 00:00:00-05:00,12.96849536895752,13.511677742004395,11.848179817199707,12.595056533813477,35014347
1997-11-07 00:00:00-05:00,12.662955284118652,12.985469818115234,12.662955284118652,12.730853080749512,18189079
1997-11-14 00:00:00-05:00,12.798750877380371,12.815725326538086,12.170695304870605,12.696904182434082,13295701
1997-11-21 00:00:00-05:00,12.8326997756958,13.817218780517578,12.612031936645508,13.800244331359863,23453605
1997-11-28 00:00:00-05:00,13.766295433044434,14.037886619567871,13.443780899047852,13.749320983886719,8784147
1997-12-05 00:00:00-05:00,13.766295433044434,14.615018844604492,13.579575538635254,14.479223251342773,16612815
1997-12-12 00:00:00-05:00,14.32645320892334,14.32645320892334,13.613525390625,13.715372085571289,15775162
1997-12-19 00:00:00-05:00,13.732346534729004,14.020913124084473,12.764801979064941,13.00244426727295,17923607
1997-12-26 00:00:00-05:00,13.053367614746094,13.070342063903809,12.74782657623291,12.849674224853516,6818695
1998-01-02 00:00:00-05:00,13.00244426727295,13.868142127990723,12.985469818115234,13.613525390625,7130929
1998-01-09 00:00:00-05:00,13.64747428894043,14.003937721252441,13.579575538635254,13.579575538635254,13041276
1998-01-16 00:00:00-05:00,13.307985305786133,14.122758865356445,13.172188758850098,14.122758865356445,18814652
1998-01-23 00:00:00-05:00,14.105785369873047,14.462248802185059,13.545626640319824,13.630499839782715,14359431
1998-01-30 00:00:00-05:00,13.630499839782715,15.310972213745117,13.630499839782715,15.124253273010254,22543780
1998-02-06 00:00:00-05:00,15.344921112060547,15.68441104888916,15.107278823852539,15.277023315429688,10539726
1998-02-13 00:00:00-05:00,15.310972213745117,15.582564353942871,15.00543212890625,15.209124565124512,7762023
1998-02-20 00:00:00-05:00,15.412818908691406,15.6334867477417,14.801737785339355,15.107278823852539,10128446
1998-02-27 00:00:00-05:00,15.141227722167969,15.53164005279541,15.00543212890625,15.378870010375977,6993591
1998-03-06 00:00:00-05:00,15.344921112060547,15.582564353942871,14.767788887023926,15.03938102722168,10058120
1998-03-13 00:00:00-05:00,14.97148323059082,15.989951133728027,14.97148323059082,15.480716705322266,13885928
1998-03-20 00:00:00-05:00,15.514665603637695,16.702878952026367,15.463743209838867,16.685903549194336,16511562
1998-03-27 00:00:00-05:00,16.906572341918945,16.957496643066406,15.71835994720459,15.75230884552002,15006359
1998-04-03 00:00:00-05:00,15.803232192993164,15.803232192993164,14.733839988708496,15.480716705322266,22311078
1998-04-10 00:00:00-04:00,15.412818908691406,15.582564353942871,15.022405624389648,15.175176620483398,9685501
1998-04-17 00:00:00-04:00,15.175176620483398,15.175176620483398,14.122758865356445,14.564096450805664,31770873
1998-04-24 00:00:00-04:00,14.598045349121094,14.92055892944336,14.3943510055542,14.801737785339355,23952515
1998-05-01 00:00:00-04:00,14.784764289855957,15.209124565124512,14.29250431060791,15.107278823852539,20087151
1998-05-08 00:00:00-04:00,15.310972213745117,15.327946662902832,14.3943510055542,14.954507827758789,11015439
1998-05-15 00:00:00-04:00,15.022405624389648,15.412818908691406,14.750815391540527,14.92055892944336,10696578
1998-05-22 00:00:00-04:00,14.93753433227539,16.17667007446289,14.886610984802246,15.68441104888916,14176805
1998-05-29 00:00:00-04:00,15.71835994720459,15.71835994720459,14.97148323059082,15.53164005279541,6760152
1998-06-05 00:00:00-04:00,15.49769115447998,15.6334867477417,14.411325454711914,15.00543212890625,27046867
1998-06-12 00:00:00-04:00,15.107278823852539,15.107278823852539,14.530146598815918,14.648967742919922,18634235
1998-06-19 00:00:00-04:00,14.428299903869629,14.598045349121094,14.088809967041016,14.275529861450195,17570136
1998-06-26 00:00:00-04:00,14.241580963134766,14.699891090393066,13.986964225769043,14.530146598815918,17304296
1998-07-03 00:00:00-04:00,14.665942192077637,14.835686683654785,14.530146598815918,14.767788887023926,11560008
1998-07-10 00:00:00-04:00,14.801737785339355,15.209124565124512,14.343426704406738,14.835686683654785,15625671
1998-07-17 00:00:00-04:00,14.835686683654785,15.446767807006836,14.581069946289062,15.378870010375977,11853831
1998-07-24 00:00:00-04:00,15.446767807006836,16.21061897277832,14.903585433959961,15.956002235412598,22109674
1998-07-31 00:00:00-04:00,15.972976684570312,16.634981155395508,15.56558895111084,16.22759437561035,24673450
1998-08-07 00:00:00-04:00,16.29549217224121,16.29549217224121,15.395845413208008,15.71835994720459,19356642
1998-08-14 00:00:00-04:00,15.582564353942871,16.091798782348633,15.00543212890625,15.480716705322266,14461791
1998-08-21 00:00:00-04:00,15.480716705322266,16.56708335876465,15.277023315429688,16.02389907836914,20729292
1998-08-28 00:00:00-04:00,15.989951133728027,16.668930053710938,14.93753433227539,15.293997764587402,12426014
1998-09-04 00:00:00-04:00,15.260048866271973,15.75230884552002,14.224605560302734,15.480716705322266,22882893
1998-09-11 00:00:00-04:00,15.75230884552002,16.3973388671875,15.667435646057129,16.159696578979492,14161340
1998-09-18 00:00:00-04:00,16.091798782348633,16.889598846435547,15.480716705322266,15.667435646057129,20493645
1998-09-25 00:00:00-04:00,15.429794311523438,16.49918556213379,15.378870010375977,16.24456787109375,12259219
1998-10-02 00:00:00-04:00,16.193645477294922,17.246061325073242,15.310972213745117,15.68441104888916,21218262
1998-10-09 00:00:00-04:00,15.68441104888916,16.14272117614746,15.378870010375977,15.854154586791992,14888167
1998-10-16 00:00:00-04:00,15.820205688476562,17.076316833496094,15.820205688476562,16.821699142456055,13448138
1998-10-23 00:00:00-04:00,16.821699142456055,17.92504119873047,15.480716705322266,15.989951133728027,43106278
1998-10-30 00:00:00-05:00,15.68441104888916,16.363388061523438,15.395845413208008,16.27851676940918,22910877
1998-11-06 00:00:00-05:00,16.27851676940918,16.29549217224121,15.75230884552002,16.02389907836914,17014889
1998-11-13 00:00:00-05:00,16.057849884033203,16.719852447509766,15.71835994720459,16.651954650878906,17053919
1998-11-20 00:00:00-05:00,16.787750244140625,17.381858825683594,16.38036346435547,17.229087829589844,11568107
1998-11-27 00:00:00-05:00,17.144214630126953,17.82319450378418,17.059343338012695,17.53462791442871,11087976
1998-12-04 00:00:00-05:00,17.449756622314453,17.92504119873047,16.804725646972656,17.246061325073242,12981260
1998-12-11 00:00:00-05:00,17.178163528442383,17.415807723999023,16.838674545288086,17.127241134643555,10567340
1998-12-18 00:00:00-05:00,17.059343338012695,17.415807723999023,16.736827850341797,17.280010223388672,14983161
1998-12-25 00:00:00-05:00,17.110265731811523,17.50067901611328,16.974470138549805,17.364883422851562,7617689
1999-01-01 00:00:00-05:00,17.381858825683594,17.483705520629883,17.212112426757812,17.46673011779785,8489588
1999-01-08 00:00:00-05:00,17.449756622314453,18.196632385253906,16.974470138549805,17.78924560546875,16030323
1999-01-15 00:00:00-05:00,17.6534481048584,17.874116897583008,16.923547744750977,17.415807723999023,14762242
1999-01-22 00:00:00-05:00,17.347909927368164,17.483705520629883,16.838674545288086,16.991445541381836,15482442
1999-01-29 00:00:00-05:00,17.008419036865234,19.31694793701172,16.770776748657227,19.266023635864258,18359924
1999-02-05 00:00:00-05:00,19.232074737548828,19.35089683532715,18.654943466186523,18.94350814819336,19804005
1999-02-12 00:00:00-05:00,18.73981475830078,18.96048355102539,18.179658889770508,18.383350372314453,15897403
1999-02-19 00:00:00-05:00,18.349401473999023,18.70586585998535,17.92504119873047,18.281505584716797,8786725
1999-02-26 00:00:00-05:00,18.213607788085938,19.14720344543457,18.213607788085938,19.11325454711914,12589127
1999-03-05 00:00:00-05:00,18.97745704650879,20.0977725982666,18.587045669555664,19.894079208374023,12073278
1999-03-12 00:00:00-05:00,19.894079208374023,20.64095687866211,19.299972534179688,20.471210479736328,18609196
1999-03-19 00:00:00-05:00,20.301467895507812,20.64095687866211,18.73981475830078,18.790739059448242,25689683
1999-03-26 00:00:00-05:00,18.722841262817383,18.8756103515625,17.58555030822754,18.043861389160156,20858531
1999-04-02 00:00:00-05:00,18.128734588623047,18.451248168945312,17.78924560546875,18.009912490844727,10399809
1999-04-09 00:00:00-04:00,18.077810287475586,18.400325775146484,17.68739891052246,18.009912490844727,12188526
1999-04-16 00:00:00-04:00,17.9589900970459,18.468223571777344,16.634981155395508,16.702878952026367,25782100
1999-04-23 00:00:00-04:00,16.634981155395508,18.688892364501953,16.363388061523438,18.332427978515625,24294572
1999-04-30 00:00:00-04:00,18.400325775146484,18.553096771240234,16.55010986328125,17.110265731811523,11609715
1999-05-07 00:00:00-04:00,17.110265731811523,18.111759185791016,17.025394439697266,17.82319450378418,14810845
1999-05-14 00:00:00-04:00,17.75529670715332,18.70586585998535,17.415807723999023,17.78924560546875,11741162
1999-05-21 00:00:00-04:00,17.82319450378418,17.82319450378418,17.144214630126953,17.246061325073242,10052964
1999-05-28 00:00:00-04:00,17.110265731811523,17.78924560546875,16.516159057617188,17.53462791442871,20234063
1999-06-04 00:00:00-04:00,17.53462791442871,18.264530181884766,17.415807723999023,18.196632385253906,11094971
1999-06-11 00:00:00-04:00,18.128734588623047,18.536121368408203,17.75529670715332,17.75529670715332,13306379
1999-06-18 00:00:00-04:00,17.9589900970459,18.026887893676758,16.923547744750977,17.110265731811523,16332615
1999-06-25 00:00:00-04:00,16.838674545288086,16.872623443603516,16.363388061523438,16.482210159301758,18617296
1999-07-02 00:00:00-04:00,16.482210159301758,16.601032257080078,15.939027786254883,16.02389907836914,26614233
1999-07-09 00:00:00-04:00,16.125747680664062,16.56708335876465,15.888104438781738,16.53313446044922,24076966
1999-07-16 00:00:00-04:00,17.483705520629883,18.637968063354492,16.923547744750977,18.570070266723633,31089336
1999-07-23 00:00:00-04:00,18.536121368408203,18.8756103515625,17.483705520629883,18.70586585998535,19840456
1999-07-30 00:00:00-04:00,18.570070266723633,18.94350814819336,18.536121368408203,18.654943466186523,13193710
1999-08-06 00:00:00-04:00,18.688892364501953,18.94350814819336,17.68739891052246,17.992938995361328,13711767
1999-08-13 00:00:00-04:00,17.92504119873047,18.332427978515625,17.229087829589844,18.332427978515625,14082177
1999-08-20 00:00:00-04:00,18.264530181884766,18.654943466186523,18.026887893676758,18.468223571777344,11870768
1999-08-27 00:00:00-04:00,18.468223571777344,19.249048233032227,18.468223571777344,18.570070266723633,12286467
1999-09-03 00:00:00-04:00,18.502172470092773,18.637968063354492,18.128734588623047,18.536121368408203,9006909
1999-09-10 00:00:00-04:00,18.553096771240234,18.89258575439453,18.128734588623047,18.145708084106445,6267500
1999-09-17 00:00:00-04:00,18.179658889770508,18.332427978515625,17.093292236328125,17.161190032958984,12102734
1999-09-24 00:00:00-04:00,17.178163528442383,17.347909927368164,15.989951133728027,16.125747680664062,18662217
1999-10-01 00:00:00-04:00,16.3973388671875,16.736827850341797,15.6334867477417,16.601032257080078,17366154
1999-10-08 00:00:00-04:00,16.668930053710938,17.82319450378418,16.516159057617188,17.70437240600586,15198191
1999-10-15 00:00:00-04:00,17.67042350769043,17.73832130432129,16.26154327392578,16.49918556213379,12083956
1999-10-22 00:00:00-04:00,16.22759437561035,17.85714340209961,15.429794311523438,17.61949920654297,25170890
1999-10-29 00:00:00-04:00,17.61949920654297,18.349401473999023,17.347909927368164,17.6534481048584,18039959
1999-11-05 00:00:00-05:00,17.72134780883789,18.230581283569336,17.076316833496094,17.73832130432129,14982795
1999-11-12 00:00:00-05:00,17.75529670715332,17.908065795898438,17.076316833496094,17.840167999267578,11152042
1999-11-19 00:00:00-05:00,17.55160140991211,18.90955924987793,17.53462791442871,18.671916961669922,17863224
1999-11-26 00:00:00-05:00,18.620994567871094,18.824687957763672,17.85714340209961,18.366376876831055,7535581
1999-12-03 00:00:00-05:00,18.366376876831055,18.671916961669922,18.162683486938477,18.315454483032227,15810140
1999-12-10 00:00:00-05:00,18.383350372314453,18.383350372314453,16.753801345825195,16.838674545288086,15826709
1999-12-17 00:00:00-05:00,16.974470138549805,17.110265731811523,16.02389907836914,16.4143123626709,18930266
1999-12-24 00:00:00-05:00,16.27851676940918,17.059343338012695,15.905078887939453,17.008419036865234,17394504
1999-12-31 00:00:00-05:00,16.838674545288086,17.178163528442383,16.159696578979492,17.059343338012695,14548687
2000-01-07 00:00:00-05:00,16.719852447509766,18.383350372314453,16.159696578979492,18.349401473999023,17639726
2000-01-14 00:00:00-05:00,18.400325775146484,18.400325775146484,16.923547744750977,17.3139591217041,13191870
2000-01-21 00:00:00-05:00,17.246061325073242,17.381858825683594,16.3973388671875,16.49918556213379,16304263
2000-01-28 00:00:00-05:00,16.49918556213379,18.043861389160156,15.209124565124512,17.025394439697266,39245333
2000-02-04 00:00:00-05:00,17.381858825683594,17.483705520629883,16.872623443603516,17.246061325073242,23873352
2000-02-11 00:00:00-05:00,17.178163528442383,17.330934524536133,16.02389907836914,16.091798782348633,16268549
2000-02-18 00:00:00-05:00,16.193645477294922,16.448261260986328,15.090304374694824,15.175176620483398,20739603
2000-02-25 00:00:00-05:00,15.107278823852539,15.786256790161133,14.598045349121094,14.716865539550781,18084511
2000-03-03 00:00:00-05:00,14.852662086486816,15.922053337097168,14.733839988708496,15.378870010375977,27554616
2000-03-10 00:00:00-05:00,15.412818908691406,15.463743209838867,14.054861068725586,15.226099967956543,27571552
2000-03-17 00:00:00-05:00,14.954507827758789,17.042367935180664,14.547121047973633,16.770776748657227,29989154
2000-03-24 00:00:00-05:00,16.770776748657227,17.61949920654297,16.58405876159668,16.702878952026367,36141038
2000-03-31 00:00:00-05:00,16.56708335876465,17.093292236328125,16.057849884033203,17.025394439697266,26208476
2000-04-07 00:00:00-04:00,16.27851676940918,17.246061325073242,16.057849884033203,16.14272117614746,21509140
2000-04-14 00:00:00-04:00,16.14272117614746,17.364883422851562,15.344921112060547,15.361895561218262,19875805
2000-04-21 00:00:00-04:00,15.429794311523438,16.32944107055664,15.07332992553711,16.24456787109375,18295858
2000-04-28 00:00:00-04:00,16.10877227783203,18.060836791992188,16.10877227783203,17.68739891052246,39502706
2000-05-05 00:00:00-04:00,17.68739891052246,17.70437240600586,16.46523666381836,16.787750244140625,16559058
2000-05-12 00:00:00-04:00,17.076316833496094,18.70586585998535,16.923547744750977,17.92504119873047,28747951
2000-05-19 00:00:00-04:00,18.043861389160156,18.604019165039062,17.92504119873047,18.162683486938477,19239185
2000-05-26 00:00:00-04:00,18.094785690307617,18.8586368560791,17.80621910095215,17.80621910095215,14108319
2000-06-02 00:00:00-04:00,17.92504119873047,18.519147872924805,17.059343338012695,17.263036727905273,15709622
2000-06-09 00:00:00-04:00,17.3139591217041,18.230581283569336,16.702878952026367,17.58555030822754,14536536
2000-06-16 00:00:00-04:00,17.58555030822754,18.688892364501953,17.55160140991211,17.992938995361328,20690263
2000-06-23 00:00:00-04:00,18.009912490844727,18.502172470092773,17.73832130432129,17.942014694213867,11625546
2000-06-30 00:00:00-04:00,17.992938995361328,19.571563720703125,17.9589900970459,19.09627914428711,31497301
2000-07-07 00:00:00-04:00,19.215099334716797,20.36936378479004,19.09627914428711,19.14720344543457,25146955
2000-07-14 00:00:00-04:00,19.282997131347656,20.26751708984375,18.332427978515625,18.8756103515625,26183439
2000-07-21 00:00:00-04:00,19.14720344543457,21.59152603149414,19.06233024597168,21.353883743286133,30085621
2000-07-28 00:00:00-04:00,21.353883743286133,21.79521942138672,19.928028106689453,20.895572662353516,30420683
2000-08-04 00:00:00-04:00,20.997419357299805,21.72732162475586,20.844650268554688,21.031368255615234,21678511
2000-08-11 00:00:00-04:00,20.963470458984375,22.06681251525879,19.995925903320312,21.438756942749023,27177211
2000-08-18 00:00:00-04:00,21.387832641601562,22.134708404541016,21.099266052246094,21.55757713317871,19934716
2000-08-25 00:00:00-04:00,21.55757713317871,23.08527946472168,21.52362823486328,22.957971572875977,29748718
2000-09-01 00:00:00-04:00,22.98343276977539,23.255023956298828,22.304454803466797,22.847637176513672,22345323
2000-09-08 00:00:00-04:00,22.542097091674805,22.864612579345703,21.93101692199707,22.61848258972168,14264804
2000-09-15 00:00:00-04:00,22.694866180419922,22.745790481567383,21.48967933654785,21.574552536010742,23781670
2000-09-22 00:00:00-04:00,21.574552536010742,22.355377197265625,20.980445861816406,22.29596710205078,26406935
2000-09-29 00:00:00-04:00,22.338403701782227,22.338403701782227,21.218088150024414,21.67639923095703,22932601
2000-10-06 00:00:00-04:00,21.455730438232422,22.660917282104492,20.725828170776367,22.440250396728516,32913398
2000-10-13 00:00:00-04:00,22.440250396728516,23.10225486755371,21.88009262084961,22.813688278198242,20445409
2000-10-20 00:00:00-04:00,23.08527946472168,24.51113510131836,20.23356819152832,20.573057174682617,80183650
2000-10-27 00:00:00-04:00,20.64095687866211,21.897066116333008,20.607006072998047,21.659423828125,34087587
2000-11-03 00:00:00-05:00,21.79521942138672,22.711841583251953,21.52362823486328,21.88009262084961,29380520
2000-11-10 00:00:00-05:00,21.863117218017578,23.11922836303711,21.69337272644043,22.711841583251953,27195251
2000-11-17 00:00:00-05:00,22.779739379882812,22.813688278198242,21.88009262084961,22.100759506225586,18185398
2000-11-24 00:00:00-05:00,22.134708404541016,22.94948387145996,21.9649658203125,22.457223892211914,19016058
2000-12-01 00:00:00-05:00,22.542097091674805,23.866104125976562,22.355377197265625,23.17015266418457,17739508
2000-12-08 00:00:00-05:00,23.17015266418457,23.730310440063477,22.813688278198242,23.33989715576172,15161740
2000-12-15 00:00:00-05:00,23.30594825744629,23.458717346191406,22.643943786621094,23.06830406188965,198112220
2000-12-22 00:00:00-05:00,23.00040626525879,23.458717346191406,22.508148193359375,22.711841583251953,18678049
2000-12-29 00:00:00-05:00,22.711841583251953,24.4262638092041,22.711841583251953,23.984926223754883,12348324
2001-01-05 00:00:00-05:00,24.018875122070312,24.748777389526367,21.76127052307129,22.542097091674805,34006216
2001-01-12 00:00:00-05:00,22.609994888305664,23.611488342285156,22.270505905151367,22.660917282104492,29426913
2001-01-19 00:00:00-05:00,22.660917282104492,23.390819549560547,22.457223892211914,22.559070587158203,20994027
2001-01-26 00:00:00-05:00,22.457223892211914,24.171646118164062,22.134708404541016,23.781232833862305,34675235
2001-02-02 00:00:00-05:00,23.66920280456543,24.30744171142578,23.302553176879883,23.804996490478516,16785869
2001-02-09 00:00:00-05:00,23.57414436340332,24.160781860351562,23.57414436340332,23.905485153198242,15855429
2001-02-16 00:00:00-05:00,23.981531143188477,24.3237361907959,23.2319393157959,23.557849884033203,20587904
2001-02-23 00:00:00-05:00,23.70993995666504,25.301467895507812,23.696361541748047,24.28028106689453,29311666
2001-03-02 00:00:00-05:00,24.4432373046875,25.388376235961914,23.973384857177734,25.347637176513672,24871542
2001-03-09 00:00:00-05:00,25.347637176513672,25.855512619018555,24.26670265197754,25.230852127075195,30199027
2001-03-16 00:00:00-05:00,25.190113067626953,25.48886489868164,23.98967933654785,24.416078567504883,37171263
2001-03-23 00:00:00-05:00,24.30744171142578,24.646930694580078,23.087995529174805,23.8973388671875,41091120
2001-03-30 00:00:00-05:00,23.8973388671875,25.80119514465332,23.769689559936523,25.567626953125,32123609
2001-04-06 00:00:00-04:00,25.532318115234375,25.6653995513916,23.9842472076416,24.3346004486084,34514332
2001-04-13 00:00:00-04:00,24.429658889770508,25.06789779663086,23.832155227661133,24.31830406188965,19617328
2001-04-20 00:00:00-04:00,24.52199935913086,25.190113067626953,23.655622482299805,24.35089683532715,29266744
2001-04-27 00:00:00-04:00,24.361759185791016,24.904943466186523,23.81314468383789,24.904943466186523,18619138
2001-05-04 00:00:00-04:00,24.850624084472656,25.991308212280273,24.549158096313477,25.72243309020996,27412858
2001-05-11 00:00:00-04:00,25.855512619018555,25.923410415649414,25.054317474365234,25.122215270996094,15831863
2001-05-18 00:00:00-04:00,25.190113067626953,26.610538482666016,25.162954330444336,26.148832321166992,28828955
2001-05-25 00:00:00-04:00,26.148832321166992,26.80608367919922,26.086366653442383,26.29549217224121,17580813
2001-06-01 00:00:00-04:00,26.298206329345703,27.441608428955078,26.208581924438477,27.218902587890625,16267996
2001-06-08 00:00:00-04:00,27.213470458984375,27.756654739379883,26.892993927001953,27.15372085571289,21116455
2001-06-15 00:00:00-04:00,27.023357391357422,27.52851676940918,26.453014373779297,27.457902908325195,14045909
2001-06-22 00:00:00-04:00,27.457902908325195,29.60347557067871,27.164583206176758,28.560565948486328,27630096
2001-06-29 00:00:00-04:00,28.696361541748047,29.087451934814453,26.328083038330078,27.430744171142578,34589077
2001-07-06 00:00:00-04:00,27.104833602905273,27.53394889831543,26.007604598999023,26.018468856811523,23247965
2001-07-13 00:00:00-04:00,26.29006004333496,26.865833282470703,25.833786010742188,25.882671356201172,24359192
2001-07-20 00:00:00-04:00,25.882671356201172,26.996198654174805,25.42096710205078,26.40412712097168,28563300
2001-07-27 00:00:00-04:00,26.697446823120117,27.441608428955078,26.078218460083008,26.52906036376953,19775101
2001-08-03 00:00:00-04:00,26.692014694213867,27.311243057250977,25.953285217285156,26.17599105834961,20137411
2001-08-10 00:00:00-04:00,26.262901306152344,27.180879592895508,25.54046630859375,26.92015266418457,16600481
2001-08-17 00:00:00-04:00,27.05594825744629,29.092884063720703,27.001630783081055,28.8973388671875,26445413
2001-08-24 00:00:00-04:00,28.7887020111084,29.223247528076172,28.060836791992188,28.74524688720703,21366278
2001-08-31 00:00:00-04:00,28.853883743286133,29.054861068725586,27.93047332763672,28.02824592590332,20347469
2001-09-07 00:00:00-04:00,27.8924503326416,29.27756690979004,27.53938102722168,28.51711082458496,22143364
2001-09-14 00:00:00-04:00,28.354154586791992,28.97881507873535,27.973926544189453,28.962520599365234,3689732
2001-09-21 00:00:00-04:00,29.331884384155273,29.38620376586914,27.430744171142578,27.571971893310547,39238890
2001-09-28 00:00:00-04:00,27.702335357666016,30.363933563232422,27.007061004638672,29.9022274017334,38386692
2001-10-05 00:00:00-04:00,29.9022274017334,30.14665985107422,28.136882781982422,28.8973388671875,36985874
2001-10-12 00:00:00-04:00,28.89190673828125,29.38620376586914,27.957632064819336,28.571428298950195,20081628
2001-10-19 00:00:00-04:00,28.191200256347656,28.441064834594727,25.5350341796875,27.838130950927734,44583866
2001-10-26 00:00:00-04:00,27.702335357666016,29.0059757232666,26.740901947021484,27.14828872680664,25900293
2001-11-02 00:00:00-05:00,27.338403701782227,27.39815330505371,26.099945068359375,26.615970611572266,20731317
2001-11-09 00:00:00-05:00,25.80119514465332,26.453014373779297,24.57903289794922,25.79033088684082,73195399
2001-11-16 00:00:00-05:00,25.80119514465332,27.322107315063477,25.52960205078125,26.708311080932617,26956475
2001-11-23 00:00:00-05:00,26.75176429748535,27.213470458984375,26.371536254882812,26.615970611572266,12287570
2001-11-30 00:00:00-05:00,26.887561798095703,28.375883102416992,26.463878631591797,28.245519638061523,25634269
2001-12-07 00:00:00-05:00,28.245519638061523,28.48451805114746,26.941879272460938,27.6860408782959,24585818
2001-12-14 00:00:00-05:00,27.593698501586914,28.109722137451172,27.235197067260742,27.946767807006836,30564466
2001-12-21 00:00:00-05:00,28.00108528137207,28.97881507873535,27.702335357666016,28.97881507873535,20454431
2001-12-28 00:00:00-05:00,28.97881507873535,29.315589904785156,28.7778377532959,29.114612579345703,7983312
2002-01-04 00:00:00-05:00,29.076589584350586,29.299293518066406,28.441064834594727,28.707223892211914,17377383
2002-01-11 00:00:00-05:00,28.701793670654297,28.89190673828125,27.832700729370117,28.685497283935547,20670565
2002-01-18 00:00:00-05:00,28.690929412841797,29.054861068725586,28.435632705688477,28.98967933654785,16575259
2002-01-25 00:00:00-05:00,28.98967933654785,30.0108642578125,28.337860107421875,28.527973175048828,23532214
2002-02-01 00:00:00-05:00,28.66377067565918,30.646387100219727,28.27267837524414,30.14665985107422,27733745
2002-02-08 00:00:00-05:00,30.09234046936035,30.461706161499023,29.35904312133789,29.717544555664062,21790261
2002-02-15 00:00:00-05:00,29.9891357421875,30.97229766845703,29.799022674560547,30.73329734802246,18710266
2002-02-22 00:00:00-05:00,30.554046630859375,30.662683486938477,29.576316833496094,30.13579559326172,13396037
2002-03-01 00:00:00-05:00,29.87506866455078,30.581205368041992,29.201520919799805,30.076045989990234,25225013
2002-03-08 00:00:00-05:00,30.0108642578125,30.47256851196289,29.712112426757812,29.87506866455078,20820422
2002-03-15 00:00:00-05:00,29.820749282836914,31.450298309326172,29.337316513061523,31.395980834960938,26040761
2002-03-22 00:00:00-05:00,31.450298309326172,31.618684768676758,30.73329734802246,31.395980834960938,22558326
2002-03-29 00:00:00-05:00,31.395980834960938,32.53666687011719,31.34709358215332,32.33025360107422,23456733
2002-04-05 00:00:00-05:00,32.34654998779297,32.35198211669922,30.765888214111328,31.314502716064453,27270364
2002-04-12 00:00:00-04:00,31.314502716064453,32.50407409667969,30.98316192626953,31.097230911254883,22102494
2002-04-19 00:00:00-04:00,30.96143341064453,31.912004470825195,30.559478759765625,31.803367614746094,26061012
2002-04-26 00:00:00-04:00,31.803367614746094,31.884845733642578,30.363933563232422,30.765888214111328,28887316
2002-05-03 00:00:00-04:00,30.765888214111328,31.184139251708984,30.043455123901367,30.917978286743164,21571733
2002-05-10 00:00:00-04:00,30.907115936279297,31.097230911254883,29.467681884765625,29.684953689575195,24315745
2002-05-17 00:00:00-04:00,29.820749282836914,30.09234046936035,28.614883422851562,29.060293197631836,33487975
2002-05-24 00:00:00-04:00,29.0059757232666,29.054861068725586,28.02824592590332,28.66920280456543,23946808
2002-05-31 00:00:00-04:00,28.39760971069336,29.440521240234375,28.033676147460938,29.168930053710938,30715980
2002-06-07 00:00:00-04:00,29.25040626525879,29.331884384155273,26.871265411376953,27.376426696777344,28559250
2002-06-14 00:00:00-04:00,27.512222290039062,28.245519638061523,24.47039794921875,25.236284255981445,35083201
2002-06-21 00:00:00-04:00,25.52960205078125,26.833242416381836,24.747419357299805,24.915807723999023,29150395
2002-06-28 00:00:00-04:00,25.040739059448242,25.31233024597168,23.57414436340332,24.144487380981445,28095686
2002-07-05 00:00:00-04:00,24.242259979248047,24.3346004486084,21.944595336914062,23.487234115600586,20386314
2002-07-12 00:00:00-04:00,23.351438522338867,23.81857681274414,20.803911209106445,22.297664642333984,27126399
2002-07-19 00:00:00-04:00,22.297664642333984,23.780553817749023,16.300922393798828,17.246061325073242,105313116
2002-07-26 00:00:00-04:00,17.311243057250977,19.934818267822266,16.78435516357422,19.86963653564453,45018894
2002-08-02 00:00:00-04:00,20.63009262084961,21.82509422302246,20.423683166503906,20.771320343017578,38909168
2002-08-09 00:00:00-04:00,21.12982177734375,21.184139251708984,19.342748641967773,20.581205368041992,28222347
2002-08-16 00:00:00-04:00,20.532318115234375,20.537750244140625,18.40847396850586,18.468223571777344,39596965
2002-08-23 00:00:00-04:00,18.441064834594727,20.043455123901367,18.441064834594727,19.445953369140625,26130232
2002-08-30 00:00:00-04:00,19.554590225219727,20.575773239135742,19.52743148803711,19.712112426757812,29018762
2002-09-06 00:00:00-04:00,19.440521240234375,19.60347557067871,18.902769088745117,19.12004280090332,17406287
2002-09-13 00:00:00-04:00,19.03856658935547,19.282997131347656,16.02389907836914,17.62085723876953,54875791
2002-09-20 00:00:00-04:00,17.62085723876953,18.337860107421875,17.40901756286621,17.53938102722168,28829323
2002-09-27 00:00:00-04:00,17.327539443969727,17.973926544189453,16.702878952026367,17.06138038635254,31513687
2002-10-04 00:00:00-04:00,17.06681251525879,17.104833602905273,13.351439476013184,14.606191635131836,93836139
2002-10-11 00:00:00-04:00,15.209124565124512,15.877241134643555,14.88321590423584,15.562193870544434,43756335
2002-10-18 00:00:00-04:00,15.562193870544434,16.56708335876465,13.579575538635254,15.12221622467041,59267681
2002-10-25 00:00:00-04:00,14.986419677734375,15.545899391174316,14.225963592529297,14.774579048156738,42047520
2002-11-01 00:00:00-05:00,15.019010543823242,15.138511657714844,13.074416160583496,13.15589427947998,56202600
2002-11-08 00:00:00-05:00,13.33514404296875,14.464964866638184,13.286256790161133,14.345463752746582,72905994
2002-11-15 00:00:00-05:00,14.285714149475098,16.40412712097168,14.133623123168945,16.328083038330078,52944582
2002-11-22 00:00:00-05:00,16.328083038330078,17.267789840698242,15.75230884552002,16.985334396362305,44427381
2002-11-29 00:00:00-05:00,16.985334396362305,17.593698501586914,16.078218460083008,17.376426696777344,29265457
2002-12-06 00:00:00-05:00,17.599130630493164,17.6534481048584,16.78435516357422,17.381858825683594,28462781
2002-12-13 00:00:00-05:00,17.327539443969727,17.941335678100586,15.535035133361816,15.779467582702637,100666433
2002-12-20 00:00:00-05:00,15.904399871826172,16.18685531616211,15.214556694030762,15.344921112060547,42035370
2002-12-27 00:00:00-05:00,15.301466941833496,15.453557968139648,15.019010543823242,15.019010543823242,14686393
2003-01-03 00:00:00-05:00,15.046171188354492,15.638239860534668,14.834328651428223,15.5078763961792,19101112
2003-01-10 00:00:00-05:00,15.535035133361816,16.659423828125,15.480716705322266,16.512765884399414,43090815
2003-01-17 00:00:00-05:00,16.730037689208984,17.012493133544922,16.349809646606445,16.485605239868164,36692787
2003-01-24 00:00:00-05:00,16.67572021484375,16.844106674194336,15.469853401184082,15.643671989440918,26759119
2003-01-31 00:00:00-05:00,15.323193550109863,16.02389907836914,15.12764835357666,15.30689811706543,28524454
2003-02-07 00:00:00-05:00,15.399239540100098,15.480716705322266,14.801737785339355,14.93753433227539,31503561
2003-02-14 00:00:00-05:00,14.752852439880371,14.752852439880371,13.769689559936523,14.714829444885254,36231801
2003-02-21 00:00:00-05:00,14.714829444885254,15.334057807922363,14.714829444885254,15.258011817932129,16110223
2003-02-28 00:00:00-05:00,15.12221622467041,15.464422225952148,14.660511016845703,15.420967102050781,23911094
2003-03-07 00:00:00-05:00,16.02389907836914,16.02389907836914,15.339488983154297,15.589353561401367,26585145
2003-03-14 00:00:00-05:00,15.589353561401367,15.665398597717285,10.505160331726074,10.67354679107666,125683598
2003-03-21 00:00:00-05:00,10.836502075195312,11.412276268005371,10.516023635864258,11.118956565856934,86135604
2003-03-28 00:00:00-05:00,10.91797924041748,10.999457359313965,10.320478439331055,10.407386779785156,48172526
2003-04-04 00:00:00-05:00,10.380228042602539,10.592069625854492,9.875067710876465,10.130364418029785,51219935
2003-04-11 00:00:00-04:00,10.18468189239502,10.890819549560547,10.18468189239502,10.722433090209961,48800859
2003-04-18 00:00:00-04:00,10.738728523254395,11.091797828674316,10.293318748474121,10.521455764770508,53931543
2003-04-25 00:00:00-04:00,10.635523796081543,11.97718620300293,10.391092300415039,11.716458320617676,60020098
2003-05-02 00:00:00-04:00,11.78707218170166,12.84084701538086,11.78707218170166,12.732211112976074,46384547
2003-05-09 00:00:00-04:00,12.753937721252441,12.781097412109375,12.161869049072266,12.22161865234375,42643268
2003-05-16 00:00:00-04:00,12.1673002243042,13.422053337097168,11.814230918884277,12.22161865234375,77053767
2003-05-23 00:00:00-04:00,12.22705078125,13.036393165588379,12.03150463104248,12.944051742553711,40369817
2003-05-30 00:00:00-04:00,12.737643241882324,13.769689559936523,12.66702938079834,13.764259338378906,31074240
2003-06-06 00:00:00-04:00,14.513851165771484,14.513851165771484,13.498099327087402,14.171646118164062,36912051
2003-06-13 00:00:00-04:00,14.122758865356445,14.3943510055542,13.508962631225586,13.595871925354004,37662626
2003-06-20 00:00:00-04:00,13.362302780151367,14.5029878616333,13.362302780151367,14.073872566223145,34906650
2003-06-27 00:00:00-04:00,13.938076972961426,14.106464385986328,13.470939636230469,13.661053657531738,25580328
2003-07-04 00:00:00-04:00,13.851167678833008,14.236827850341797,13.036393165588379,13.579575538635254,42020826
2003-07-11 00:00:00-04:00,13.579575538635254,13.872895240783691,13.248234748840332,13.775121688842773,32465666
2003-07-18 00:00:00-04:00,13.959803581237793,14.19337272644043,12.438892364501953,14.122758865356445,46979374
2003-07-25 00:00:00-04:00,14.122758865356445,15.344921112060547,14.00869083404541,15.344921112060547,33999772
2003-08-01 00:00:00-04:00,15.888104438781738,15.888104438781738,14.4432373046875,15.377511978149414,37823897
2003-08-08 00:00:00-04:00,15.36121654510498,15.589353561401367,14.720260620117188,15.07332992553711,22357842
2003-08-15 00:00:00-04:00,15.024442672729492,15.567625999450684,14.986419677734375,15.382944107055664,14204605
2003-08-22 00:00:00-04:00,15.388376235961914,15.60021686553955,14.508419036865234,14.617055892944336,22049105
2003-08-29 00:00:00-04:00,14.617055892944336,15.279739379882812,14.579032897949219,15.263443946838379,17956746
2003-09-05 00:00:00-04:00,15.5078763961792,15.79576301574707,15.181965827941895,15.627375602722168,16157353
2003-09-12 00:00:00-04:00,15.491580963134766,16.67572021484375,15.480716705322266,16.65399169921875,24857550
2003-09-19 00:00:00-04:00,16.485605239868164,16.643129348754883,16.02389907836914,16.371536254882812,49722463
2003-09-26 00:00:00-04:00,16.241172790527344,16.317218780517578,15.279739379882812,15.681694984436035,30428969
2003-10-03 00:00:00-04:00,15.714285850524902,16.507333755493164,15.399239540100098,16.127105712890625,21126948
2003-10-10 00:00:00-04:00,16.252037048339844,16.822378158569336,15.697990417480469,16.29549217224121,34458549
2003-10-17 00:00:00-04:00,16.366104125976562,16.643129348754883,15.567625999450684,15.817489624023438,28082429
2003-10-24 00:00:00-04:00,15.969581604003906,16.018468856811523,15.209124565124512,15.736013412475586,22269656
2003-10-31 00:00:00-05:00,15.736013412475586,15.779467582702637,14.361760139465332,14.437806129455566,34776306
2003-11-07 00:00:00-05:00,14.557306289672852,14.769146919250488,14.236827850341797,14.622488021850586,41150952
2003-11-14 00:00:00-05:00,14.584465026855469,15.36121654510498,14.372624397277832,15.279739379882812,21672805
2003-11-21 00:00:00-05:00,15.171102523803711,15.198262214660645,14.589897155761719,14.660511016845703,18863439
2003-11-28 00:00:00-05:00,14.812602043151855,15.111352920532227,14.69310188293457,15.111352920532227,14005592
2003-12-05 00:00:00-05:00,15.344921112060547,15.562193870544434,15.160239219665527,15.31776237487793,15802592
2003-12-12 00:00:00-05:00,15.75230884552002,16.442150115966797,15.697990417480469,16.393264770507812,31537804
2003-12-19 00:00:00-05:00,16.463878631591797,17.007061004638672,16.300922393798828,16.65399169921875,21111115
2003-12-26 00:00:00-05:00,16.643129348754883,16.80608367919922,15.31233024597168,16.29006004333496,39623659
2004-01-02 00:00:00-05:00,16.230310440063477,16.659423828125,16.17055892944336,16.387832641601562,17980127
2004-01-09 00:00:00-05:00,16.5616512298584,17.093971252441406,16.29006004333496,16.458446502685547,21219917
2004-01-16 00:00:00-05:00,16.40412712097168,17.468767166137695,16.18685531616211,17.197174072265625,25459926
2004-01-23 00:00:00-05:00,17.27322006225586,17.360130310058594,16.730037689208984,16.78978729248047,20558263
2004-01-30 00:00:00-05:00,16.730037689208984,17.164583206176758,14.720260620117188,15.833786010742188,73545372
2004-02-06 00:00:00-05:00,15.839218139648438,16.43128776550293,15.757740020751953,16.17055892944336,32973416
2004-02-13 00:00:00-05:00,16.089082717895508,16.90385627746582,16.05105972290039,16.6702880859375,23852916
2004-02-20 00:00:00-05:00,16.80608367919922,16.80608367919922,15.915263175964355,15.98044490814209,21434578
2004-02-27 00:00:00-05:00,15.942422866821289,16.013036727905273,15.638239860534668,15.817489624023438,23038090
2004-03-05 00:00:00-05:00,15.81205940246582,16.387832641601562,15.757740020751953,16.28462791442871,19619721
2004-03-12 00:00:00-05:00,16.28462791442871,16.29006004333496,15.763172149658203,16.03476333618164,26241981
2004-03-19 00:00:00-05:00,16.02389907836914,16.67572021484375,15.893535614013672,16.376968383789062,24835275
2004-03-26 00:00:00-05:00,16.328083038330078,16.65399169921875,15.936990737915039,16.621400833129883,23016181
2004-04-02 00:00:00-05:00,16.56708335876465,16.969039916992188,16.496469497680664,16.941879272460938,19242870
2004-04-09 00:00:00-04:00,16.958175659179688,17.164583206176758,16.78978729248047,16.90385627746582,13557860
2004-04-16 00:00:00-04:00,16.974470138549805,17.202606201171875,16.458446502685547,17.13742446899414,25233114
2004-04-23 00:00:00-04:00,17.072242736816406,18.848451614379883,16.974470138549805,18.087995529174805,44764099
2004-04-30 00:00:00-04:00,18.071699142456055,18.223791122436523,17.110265731811523,17.191743850708008,25334554
2004-05-07 00:00:00-04:00,17.327539443969727,17.91960906982422,17.229766845703125,17.495925903320312,21401993
2004-05-14 00:00:00-04:00,17.436176300048828,17.740358352661133,16.92015266418457,17.463335037231445,22104335
2004-05-21 00:00:00-04:00,17.30038070678711,17.381858825683594,17.007061004638672,17.164583206176758,15469002
2004-05-28 00:00:00-04:00,17.170015335083008,17.224334716796875,16.512765884399414,17.077674865722656,30118576
2004-06-04 00:00:00-04:00,17.104833602905273,17.506790161132812,17.001630783081055,17.425312042236328,10497381
2004-06-11 00:00:00-04:00,17.463335037231445,17.8707218170166,17.38728904724121,17.816404342651367,15976750
2004-06-18 00:00:00-04:00,17.80010986328125,17.8924503326416,17.593698501586914,17.827268600463867,18691305
2004-06-25 00:00:00-04:00,17.805540084838867,18.7887020111084,17.696903228759766,18.64747428894043,28270396
2004-07-02 00:00:00-04:00,18.631179809570312,18.924497604370117,18.071699142456055,18.27811050415039,19546450
2004-07-09 00:00:00-04:00,18.033676147460938,18.39217758178711,17.990222930908203,18.294404983520508,11631991
2004-07-16 00:00:00-04:00,18.294404983520508,18.39760971069336,17.6751766204834,17.6751766204834,11495941
2004-07-23 00:00:00-04:00,17.745790481567383,17.946767807006836,15.31776237487793,16.366104125976562,35997441
2004-07-30 00:00:00-04:00,16.29549217224121,16.43128776550293,15.888104438781738,16.333513259887695,24408530
2004-08-06 00:00:00-04:00,16.29549217224121,16.730037689208984,16.19771957397461,16.257469177246094,19097245
2004-08-13 00:00:00-04:00,16.300922393798828,16.963607788085938,16.203149795532227,16.871265411376953,16860247
2004-08-20 00:00:00-04:00,16.78978729248047,17.381858825683594,16.78435516357422,17.354698181152344,11986751
2004-08-27 00:00:00-04:00,17.327539443969727,17.370994567871094,16.480173110961914,16.626832962036133,18409633
2004-09-03 00:00:00-04:00,16.52362823486328,17.083106994628906,16.300922393798828,17.05051612854004,17019861
2004-09-10 00:00:00-04:00,17.028789520263672,17.186311721801758,16.81694793701172,17.15372085571289,14885590
2004-09-17 00:00:00-04:00,17.110265731811523,17.53394889831543,17.110265731811523,17.501358032226562,19434517
2004-09-24 00:00:00-04:00,17.40901756286621,17.52851676940918,17.218902587890625,17.436176300048828,12646013
2004-10-01 00:00:00-04:00,17.360130310058594,17.77838134765625,17.13742446899414,17.599130630493164,15012067
2004-10-08 00:00:00-04:00,17.6534481048584,17.6860408782959,16.81151580810547,16.91472053527832,11388978
2004-10-15 00:00:00-04:00,16.958175659179688,17.13742446899414,16.713743209838867,16.952743530273438,16966841
2004-10-22 00:00:00-04:00,16.871265411376953,17.15372085571289,16.083650588989258,16.300922393798828,23265638
2004-10-29 00:00:00-04:00,16.29549217224121,16.735469818115234,15.942422866821289,16.708311080932617,18738619
2004-11-05 00:00:00-05:00,16.621400833129883,17.15372085571289,16.55621910095215,17.15372085571289,14362745
2004-11-12 00:00:00-05:00,17.083106994628906,17.39272117614746,17.001630783081055,17.381858825683594,13558229
2004-11-19 00:00:00-05:00,17.262357711791992,17.419879913330078,17.072242736816406,17.246061325073242,17163091
2004-11-26 00:00:00-05:00,17.202606201171875,17.604562759399414,17.110265731811523,17.54481315612793,10023509
2004-12-03 00:00:00-05:00,17.599130630493164,17.6534481048584,17.083106994628906,17.39272117614746,25047358
2004-12-10 00:00:00-05:00,17.41444969177246,17.77838134765625,17.126562118530273,17.376426696777344,24213937
2004-12-17 00:00:00-05:00,17.327539443969727,18.413904190063477,17.218902587890625,18.196632385253906,27654398
2004-12-24 00:00:00-05:00,18.196632385253906,18.804996490478516,17.941335678100586,18.723520278930664,18551205
2004-12-31 00:00:00-05:00,18.723520278930664,18.89190673828125,18.479087829589844,18.76154327392578,10802620
2005-01-07 00:00:00-05:00,18.79413414001465,19.483976364135742,18.696361541748047,19.27213478088379,33552962
2005-01-14 00:00:00-05:00,19.310157775878906,19.353612899780273,18.52254295349121,18.65833854675293,41573647
2005-01-21 00:00:00-05:00,18.631179809570312,19.25583839416504,18.544269561767578,18.9951114654541,25787256
2005-01-28 00:00:00-05:00,19.01140785217285,19.109180450439453,18.142314910888672,18.316133499145508,28594228
2005-02-04 00:00:00-05:00,18.359586715698242,19.168930053710938,18.191200256347656,19.065725326538086,24869148
2005-02-11 00:00:00-05:00,18.8756103515625,19.14177131652832,18.457359313964844,18.685497283935547,16709838
2005-02-18 00:00:00-05:00,18.631179809570312,19.293861389160156,18.50624656677246,19.239543914794922,21703182
2005-02-25 00:00:00-05:00,19.282997131347656,19.826181411743164,18.973384857177734,19.684953689575195,17751107
2005-03-04 00:00:00-05:00,19.549158096313477,19.674089431762695,18.853883743286133,19.152633666992188,24336548
2005-03-11 00:00:00-05:00,19.12547492980957,19.397066116333008,18.886474609375,19.03856658935547,20002466
2005-03-18 00:00:00-05:00,19.01140785217285,19.098316192626953,18.082563400268555,18.40847396850586,24913149
2005-03-25 00:00:00-05:00,18.468223571777344,18.631179809570312,18.115154266357422,18.52254295349121,16193437
2005-04-01 00:00:00-05:00,18.52254295349121,18.707223892211914,17.968494415283203,18.332427978515625,18038302
2005-04-08 00:00:00-04:00,18.332427978515625,18.951656341552734,18.191200256347656,18.712656021118164,15764300
2005-04-15 00:00:00-04:00,18.707223892211914,19.190656661987305,18.64747428894043,18.75067901611328,20334582
2005-04-22 00:00:00-04:00,18.636611938476562,20.14122772216797,18.142314910888672,19.89679527282715,25677164
2005-04-29 00:00:00-04:00,19.923954010009766,20.190113067626953,19.60890769958496,20.152090072631836,25709382
2005-05-06 00:00:00-04:00,20.152090072631836,20.49429702758789,19.663227081298828,20.363933563232422,17652429
2005-05-13 00:00:00-04:00,20.325910568237305,20.760456085205078,20.09234046936035,20.293319702148438,19569095
2005-05-20 00:00:00-04:00,20.293319702148438,20.39109230041504,19.961977005004883,20.13579559326172,20194298
2005-05-27 00:00:00-04:00,20.12493133544922,20.532318115234375,19.831613540649414,20.065181732177734,19010536
2005-06-03 00:00:00-04:00,20.0869083404541,20.24443244934082,19.88050079345703,20.038022994995117,17439609
2005-06-10 00:00:00-04:00,20.038022994995117,20.152090072631836,19.73927116394043,19.837045669555664,17014706
2005-06-17 00:00:00-04:00,19.75013542175293,20.157522201538086,19.60890769958496,20.11949920654297,16664548
2005-06-24 00:00:00-04:00,20.043455123901367,20.450841903686523,19.842477798461914,20.0977725982666,15424819
2005-07-01 00:00:00-04:00,20.0977725982666,20.499727249145508,19.85334014892578,20.14122772216797,14391650
2005-07-08 00:00:00-04:00,20.027158737182617,20.700706481933594,19.793590545654297,20.695274353027344,12104575
2005-07-15 00:00:00-04:00,20.74416160583496,20.85822868347168,20.46713638305664,20.787614822387695,14246027
2005-07-22 00:00:00-04:00,20.776752471923828,21.49918556213379,20.49429702758789,21.13525390625,19200710
2005-07-29 00:00:00-04:00,21.10809326171875,21.662139892578125,21.01032066345215,21.33079719543457,16769485
2005-08-05 00:00:00-04:00,21.33622932434082,21.624116897583008,21.271047592163086,21.374252319335938,12149680
2005-08-12 00:00:00-04:00,21.368820190429688,22.031505584716797,21.23845672607422,21.884845733642578,16646322
2005-08-19 00:00:00-04:00,21.73275375366211,21.906572341918945,21.195003509521484,21.51004981994629,14954444
2005-08-26 00:00:00-04:00,21.60782241821289,21.759912490844727,21.032047271728516,21.11895751953125,16108751
2005-09-02 00:00:00-04:00,21.12982177734375,21.928300857543945,21.026615142822266,21.434003829956055,17186471
2005-09-09 00:00:00-04:00,21.395980834960938,22.270505905151367,21.34709358215332,21.868549346923828,12093345
2005-09-16 00:00:00-04:00,21.81966209411621,22.308528900146484,21.60782241821289,22.134708404541016,17238389
2005-09-23 00:00:00-04:00,22.08039093017578,22.1075496673584,21.423139572143555,21.700162887573242,13703115
2005-09-30 00:00:00-04:00,21.890277862548828,21.939163208007812,21.02118492126465,21.656707763671875,16987092
2005-10-07 00:00:00-04:00,21.59695816040039,22.004344940185547,20.678979873657227,21.053775787353516,21554980
2005-10-14 00:00:00-04:00,21.032047271728516,21.20586585998535,19.9022274017334,20.309614181518555,23641202
2005-10-21 00:00:00-04:00,20.304182052612305,20.87995719909668,20.13036346435547,20.700706481933594,22997957
2005-10-28 00:00:00-04:00,20.809343338012695,21.271047592163086,20.765888214111328,21.162412643432617,17555592
2005-11-04 00:00:00-05:00,21.173274993896484,21.314502716064453,19.549158096313477,20.363933563232422,35875936
2005-11-11 00:00:00-05:00,20.505159378051758,21.097230911254883,20.39652442932129,20.9940242767334,17365048
2005-11-18 00:00:00-05:00,20.651819229125977,21.189571380615234,20.651819229125977,20.939706802368164,16476213
2005-11-25 00:00:00-05:00,20.97772979736328,21.292776107788086,20.814775466918945,21.22759437561035,7257775
2005-12-02 00:00:00-05:00,21.34709358215332,21.624116897583008,20.923410415649414,21.50461769104004,15420769
2005-12-09 00:00:00-05:00,21.428571701049805,21.624116897583008,20.97229766845703,21.053775787353516,14509843
2005-12-16 00:00:00-05:00,21.053775787353516,21.184139251708984,20.782184600830078,20.917978286743164,21100438
2005-12-23 00:00:00-05:00,20.776752471923828,20.787614822387695,19.956544876098633,20.61922836303711,16733769
2005-12-30 00:00:00-05:00,20.564910888671875,20.63552474975586,20.271591186523438,20.450841903686523,13504655
2006-01-06 00:00:00-05:00,21.12982177734375,21.2330265045166,20.429115295410156,21.064638137817383,24945551
2006-01-13 00:00:00-05:00,21.01032066345215,21.2330265045166,20.689842224121094,20.73872947692871,22927262
2006-01-20 00:00:00-05:00,20.61379623413086,21.537208557128906,20.61379623413086,20.99945640563965,18113416
2006-01-27 00:00:00-05:00,21.02118492126465,21.162412643432617,20.23900032043457,20.450841903686523,26842149
2006-02-03 00:00:00-05:00,20.353069305419922,20.358501434326172,19.462249755859375,19.565454483032227,33259137
2006-02-10 00:00:00-05:00,19.52743148803711,20.61379623413086,19.076589584350586,20.14122772216797,37238092
2006-02-17 00:00:00-05:00,20.0977725982666,21.200435638427734,19.809886932373047,20.820205688476562,27982647
2006-02-24 00:00:00-05:00,20.782184600830078,20.96686553955078,20.510591506958008,20.917978286743164,26065247
2006-03-03 00:00:00-05:00,20.803911209106445,21.2221622467041,20.39652442932129,20.912548065185547,26311572
2006-03-10 00:00:00-05:00,20.836502075195312,21.12982177734375,20.646387100219727,20.798479080200195,20862765
2006-03-17 00:00:00-05:00,20.793046951293945,21.097230911254883,20.64095687866211,20.99945640563965,23142292
2006-03-24 00:00:00-05:00,21.080934524536133,21.156980514526367,20.689842224121094,21.053775787353516,16106172
2006-03-31 00:00:00-05:00,20.96686553955078,21.444866180419922,20.782184600830078,21.080934524536133,23691829
2006-04-07 00:00:00-04:00,21.02118492126465,21.21673011779785,20.11406707763672,20.152090072631836,22638408
2006-04-14 00:00:00-04:00,20.13036346435547,20.222705841064453,19.695817947387695,19.826181411743164,20873074
2006-04-21 00:00:00-04:00,19.777294158935547,21.178707122802734,19.554590225219727,20.945138931274414,28131216
2006-04-28 00:00:00-04:00,20.945138931274414,21.173274993896484,20.342205047607422,20.47800064086914,26886886
2006-05-05 00:00:00-04:00,20.63552474975586,20.896251678466797,20.11949920654297,20.74416160583496,26939721
2006-05-12 00:00:00-04:00,20.646387100219727,21.319934844970703,20.521455764770508,20.657251358032227,21562713
2006-05-19 00:00:00-04:00,20.592069625854492,20.95600128173828,19.576316833496094,19.86420440673828,30580850
2006-05-26 00:00:00-04:00,19.86420440673828,20.901683807373047,19.63063621520996,20.820205688476562,25621196
2006-06-02 00:00:00-04:00,20.74959373474121,20.885387420654297,20.39652442932129,20.700706481933594,15671697
2006-06-09 00:00:00-04:00,20.61922836303711,20.896251678466797,20.222705841064453,20.559478759765625,22151095
2006-06-16 00:00:00-04:00,20.61922836303711,21.048343658447266,20.24443244934082,20.64095687866211,23016920
2006-06-23 00:00:00-04:00,20.63009262084961,20.798479080200195,20.0977725982666,20.23356819152832,18932477
2006-06-30 00:00:00-04:00,19.929386138916016,20.206409454345703,19.60890769958496,19.967409133911133,22099917
2006-07-07 00:00:00-04:00,20.027158737182617,20.179250717163086,19.684953689575195,19.788158416748047,18159992
2006-07-14 00:00:00-04:00,19.826181411743164,20.695274353027344,19.76643180847168,20.548614501953125,27766515
2006-07-21 00:00:00-04:00,20.554046630859375,22.672460556030273,20.505159378051758,22.525800704956055,39869985
2006-07-28 00:00:00-04:00,22.498641967773438,22.829984664916992,22.194459915161133,22.650733947753906,31011277
2006-08-04 00:00:00-04:00,22.487777709960938,23.351438522338867,22.406301498413086,22.509506225585938,35994311
2006-08-11 00:00:00-04:00,22.59098243713379,23.31884765625,22.509506225585938,23.286256790161133,22904066
2006-08-18 00:00:00-04:00,23.356870651245117,23.671916961669922,23.058120727539062,23.47637176513672,23809286
2006-08-25 00:00:00-04:00,23.400325775146484,23.95437240600586,23.19391632080078,23.48180389404297,18934502
2006-09-01 00:00:00-04:00,23.546985626220703,24.4541015625,23.46550750732422,24.421510696411133,26059908
2006-09-08 00:00:00-04:00,24.421510696411133,24.660511016845703,23.688213348388672,23.796850204467773,17571609
2006-09-15 00:00:00-04:00,23.655622482299805,24.769147872924805,23.4383487701416,24.747419357299805,17732696
2006-09-22 00:00:00-04:00,24.68766975402832,24.780010223388672,24.3454647064209,24.68223762512207,16277019
2006-09-29 00:00:00-04:00,24.67137336730957,24.714828491210938,24.19337272644043,24.69310188293457,20176440
2006-10-06 00:00:00-04:00,24.3346004486084,25.127647399902344,24.225963592529297,24.899511337280273,19428994
2006-10-13 00:00:00-04:00,24.866920471191406,25.105920791625977,24.481260299682617,24.964693069458008,12910381
2006-10-20 00:00:00-04:00,24.980989456176758,25.524171829223633,23.900054931640625,24.986419677734375,32025484
2006-10-27 00:00:00-04:00,24.93210220336914,25.79576301574707,24.861488342285156,25.17110252380371,24644178
2006-11-03 00:00:00-05:00,25.230852127075195,25.290603637695312,24.617055892944336,24.83976173400879,20357778
2006-11-10 00:00:00-05:00,25.040739059448242,25.52960205078125,24.383487701416016,24.524715423583984,19860525
2006-11-17 00:00:00-05:00,24.4432373046875,25.16023826599121,24.35089683532715,25.05160140991211,17104915
2006-11-24 00:00:00-05:00,24.92667007446289,25.06246566772461,23.900054931640625,24.117328643798828,16519661
2006-12-01 00:00:00-05:00,24.003259658813477,24.513851165771484,23.56328010559082,24.35089683532715,21133391
2006-12-08 00:00:00-05:00,24.513851165771484,24.763715744018555,24.052146911621094,24.5410099029541,14975430
2006-12-15 00:00:00-05:00,24.5518741607666,26.366104125976562,24.06300926208496,25.285171508789062,28238362
2006-12-22 00:00:00-05:00,25.214557647705078,25.393808364868164,24.953828811645508,25.105920791625977,17769516
2006-12-29 00:00:00-05:00,25.05160140991211,25.475284576416016,24.975557327270508,25.198261260986328,12299721
2007-01-05 00:00:00-05:00,25.203693389892578,25.5458984375,25.127647399902344,25.41553497314453,16124214
2007-01-12 00:00:00-05:00,25.350353240966797,25.882671356201172,25.024442672729492,25.828353881835938,23035882
2007-01-19 00:00:00-05:00,25.860944747924805,26.724605560302734,25.828353881835938,26.54535675048828,23504783
2007-01-26 00:00:00-05:00,26.480173110961914,27.14828872680664,25.638240814208984,26.480173110961914,34937579
2007-02-02 00:00:00-05:00,26.42585563659668,27.332971572875977,26.203149795532227,27.023357391357422,28885843
2007-02-09 00:00:00-05:00,26.91472053527832,27.197174072265625,26.637697219848633,27.023357391357422,23936866
2007-02-16 00:00:00-05:00,27.034221649169922,27.419879913330078,26.892993927001953,27.40901756286621,21609291
2007-02-23 00:00:00-05:00,27.267789840698242,27.696903228759766,26.876697540283203,27.05594825744629,16422458
2007-03-02 00:00:00-05:00,27.15915298461914,27.376426696777344,26.127105712890625,26.51819610595703,32710520
2007-03-09 00:00:00-05:00,26.328083038330078,27.208038330078125,26.208581924438477,27.14828872680664,32781951
2007-03-16 00:00:00-04:00,27.349266052246094,28.196632385253906,27.093971252441406,27.89788246154785,38334039
2007-03-23 00:00:00-04:00,27.935903549194336,28.625747680664062,27.89788246154785,28.544269561767578,28413074
2007-03-30 00:00:00-04:00,28.620315551757812,29.076589584350586,28.435632705688477,28.609451293945312,23851996
2007-04-06 00:00:00-04:00,28.73438262939453,29.407930374145508,28.50081443786621,29.353612899780273,19454768
2007-04-13 00:00:00-04:00,29.331884384155273,29.75013542175293,28.468223571777344,29.326452255249023,27659736
2007-04-20 00:00:00-04:00,29.12547492980957,31.064638137817383,29.065725326538086,30.36936378479004,51079465
2007-04-27 00:00:00-04:00,30.689842224121094,31.526344299316406,30.22813606262207,31.064638137817383,38653268
2007-05-04 00:00:00-04:00,31.1243896484375,31.363388061523438,30.450841903686523,31.195003509521484,26753965
2007-05-11 00:00:00-04:00,31.195003509521484,31.47745704650879,30.668115615844727,30.825637817382812,22182026
2007-05-18 00:00:00-04:00,30.825637817382812,31.662139892578125,30.74959373474121,31.10809326171875,26609998
2007-05-25 00:00:00-04:00,31.048343658447266,31.368820190429688,30.820205688476562,30.945138931274414,19722817
2007-06-01 00:00:00-04:00,31.042911529541016,31.2330265045166,30.36936378479004,31.042911529541016,23261220
2007-06-08 00:00:00-04:00,30.939706802368164,31.444866180419922,29.90765953063965,30.689842224121094,26603555
2007-06-15 00:00:00-04:00,30.689842224121094,31.50461769104004,30.14665985107422,31.439434051513672,29845371
2007-06-22 00:00:00-04:00,30.96143341064453,31.553504943847656,30.1086368560791,30.24443244934082,25989214
2007-06-29 00:00:00-04:00,30.363933563232422,30.847366333007812,29.206953048706055,30.602933883666992,33532343
2007-07-06 00:00:00-04:00,30.96143341064453,31.569799423217773,30.85279655456543,31.526344299316406,15687345
2007-07-13 00:00:00-04:00,31.439434051513672,31.912004470825195,30.87995719909668,31.803367614746094,24836196
2007-07-20 00:00:00-04:00,31.629549026489258,32.04779815673828,29.85877227783203,30.12493133544922,49649929
2007-07-27 00:00:00-04:00,30.412818908691406,30.771320343017578,27.702335357666016,28.26181411743164,57478966
2007-08-03 00:00:00-04:00,28.191200256347656,29.87506866455078,28.082563400268555,29.060293197631836,47357700
2007-08-10 00:00:00-04:00,29.87506866455078,29.87506866455078,27.6534481048584,28.240087509155273,42999317
2007-08-17 00:00:00-04:00,28.25638198852539,29.03313446044922,27.088539123535156,27.64258575439453,38208851
2007-08-24 00:00:00-04:00,27.729494094848633,29.234111785888672,26.7789249420166,28.598588943481445,38087897
2007-08-31 00:00:00-04:00,28.544269561767578,29.929386138916016,28.049972534179688,29.74470329284668,31607025
2007-09-07 00:00:00-04:00,29.494840621948242,30.412818908691406,28.15317726135254,28.620315551757812,17051158
2007-09-14 00:00:00-04:00,28.696361541748047,29.923954010009766,28.549701690673828,29.695817947387695,16206876
2007-09-21 00:00:00-04:00,29.52743148803711,30.896251678466797,29.36990737915039,30.836502075195312,19988291
2007-09-28 00:00:00-04:00,30.695274353027344,30.896251678466797,30.027158737182617,30.570341110229492,20417611
2007-10-05 00:00:00-04:00,30.711570739746094,30.96143341064453,30.222705841064453,30.581205368041992,15335530
2007-10-12 00:00:00-04:00,30.47256851196289,31.314502716064453,29.842477798461914,31.173274993896484,19726499
2007-10-19 00:00:00-04:00,31.12982177734375,33.1233024597168,29.826181411743164,31.50461769104004,38749552
2007-10-26 00:00:00-04:00,31.189571380615234,32.73221206665039,31.173274993896484,32.56382369995117,25808243
2007-11-02 00:00:00-04:00,32.612709045410156,33.10700607299805,31.59152603149414,32.178165435791016,23648749
2007-11-09 00:00:00-05:00,31.917436599731445,32.2161865234375,30.98859214782715,31.423139572143555,28632152
2007-11-16 00:00:00-05:00,31.428571701049805,32.07495880126953,30.96143341064453,31.645845413208008,28586496
2007-11-23 00:00:00-05:00,31.51004981994629,31.99348258972168,30.537750244140625,31.444866180419922,24017871
2007-11-30 00:00:00-05:00,31.385116577148438,32.54752731323242,30.564910888671875,32.52037048339844,34662164
2007-12-07 00:00:00-05:00,32.259639739990234,32.85714340209961,31.781639099121094,32.72677993774414,24118941
2007-12-14 00:00:00-05:00,32.753936767578125,33.18305206298828,31.461162567138672,31.553504943847656,27248089
2007-12-21 00:00:00-05:00,31.368820190429688,32.46604919433594,31.140684127807617,32.32482147216797,24951257
2007-12-28 00:00:00-05:00,32.58555221557617,32.59098434448242,31.61325454711914,31.868549346923828,11873715
2008-01-04 00:00:00-05:00,31.711027145385742,32.39543533325195,31.12982177734375,31.33622932434082,20518866
2008-01-11 00:00:00-05:00,31.466594696044922,34.91580581665039,31.390548706054688,34.60619354248047,55242887
2008-01-18 00:00:00-05:00,34.95383071899414,35.41553497314453,33.84573745727539,34.30744171142578,50278999
2008-01-25 00:00:00-05:00,32.58012008666992,34.481258392333984,31.50461769104004,33.1341667175293,51120888
2008-02-01 00:00:00-05:00,33.1124382019043,33.69364547729492,32.265071868896484,33.411190032958984,41501110
2008-02-08 00:00:00-05:00,33.422054290771484,34.08473587036133,32.47691345214844,32.944053649902344,31364380
2008-02-15 00:00:00-05:00,32.944053649902344,33.921783447265625,31.950027465820312,32.23248291015625,38384482
2008-02-22 00:00:00-05:00,32.53666687011719,33.10700607299805,31.98261833190918,32.37914276123047,25614017
2008-02-29 00:00:00-05:00,32.33568572998047,32.884300231933594,31.901140213012695,32.05866241455078,39013183
2008-03-07 00:00:00-05:00,32.06952667236328,32.4334602355957,30.73329734802246,31.385116577148438,40484511
2008-03-14 00:00:00-04:00,31.35252571105957,31.667572021484375,30.25529670715332,30.564910888671875,37626358
2008-03-21 00:00:00-04:00,29.777294158935547,31.917436599731445,29.777294158935547,31.531776428222656,31155980
2008-03-28 00:00:00-04:00,31.59695816040039,31.82509422302246,30.97229766845703,31.2330265045166,23900966
2008-04-04 00:00:00-04:00,31.162412643432617,32.82455062866211,30.825637817382812,32.53123474121094,32024749
2008-04-11 00:00:00-04:00,32.70505142211914,33.1233024597168,32.319393157958984,32.900596618652344,27797443
2008-04-18 00:00:00-04:00,32.82455062866211,33.62846374511719,31.99348258972168,33.286258697509766,38408966
2008-04-25 00:00:00-04:00,33.17218780517578,33.92721176147461,32.743072509765625,33.67191696166992,30394358
2008-05-02 00:00:00-04:00,33.59587097167969,34.432373046875,33.59587097167969,34.11189651489258,35688337
2008-05-09 00:00:00-04:00,34.11189651489258,34.432373046875,33.05268859863281,33.269962310791016,28757341
2008-05-16 00:00:00-04:00,33.231937408447266,33.731666564941406,33.06355285644531,33.280826568603516,20559736
2008-05-23 00:00:00-04:00,33.31341552734375,33.726234436035156,32.748504638671875,32.748504638671875,21784737
2008-05-30 00:00:00-04:00,32.775665283203125,33.3623046875,32.37371063232422,33.18848419189453,17911089
2008-06-06 00:00:00-04:00,33.04182434082031,33.66648483276367,32.47148132324219,33.1015739440918,25700361
2008-06-13 00:00:00-04:00,33.07984924316406,33.758827209472656,32.672462463378906,33.60673522949219,25740126
2008-06-20 00:00:00-04:00,33.50353240966797,34.22053146362305,32.99837112426758,34.024986267089844,36125206
2008-06-27 00:00:00-04:00,34.10103225708008,34.43780517578125,33.49810028076172,34.17164611816406,46220330
2008-07-04 00:00:00-04:00,34.22053146362305,35.08962631225586,34.014122009277344,34.828895568847656,31419795
2008-07-11 00:00:00-04:00,34.986419677734375,36.116241455078125,34.34003448486328,35.43726348876953,46640261
2008-07-18 00:00:00-04:00,35.507877349853516,37.838130950927734,34.89407730102539,37.44704055786133,63421529
2008-07-25 00:00:00-04:00,37.58283615112305,37.5991325378418,36.708309173583984,36.92015075683594,31145670
2008-08-01 00:00:00-04:00,36.81694793701172,37.60456466674805,35.964149475097656,37.15372085571289,27841811
2008-08-08 00:00:00-04:00,37.050514221191406,38.6474723815918,37.050514221191406,38.6474723815918,34907569
2008-08-15 00:00:00-04:00,38.51710891723633,38.853885650634766,37.365562438964844,38.00651931762695,30931378
2008-08-22 00:00:00-04:00,38.09885787963867,38.51710891723633,37.246063232421875,38.28897476196289,25205315
2008-08-29 00:00:00-04:00,38.299835205078125,38.299835205078125,36.68658447265625,36.80608367919922,25606470
2008-09-05 00:00:00-04:00,37.104835510253906,38.158607482910156,36.121673583984375,36.4421501159668,29020420
2008-09-12 00:00:00-04:00,36.93101501464844,37.60456466674805,36.4747428894043,37.121131896972656,36065006
2008-09-19 00:00:00-04:00,36.39869689941406,37.691471099853516,34.405216217041016,35.86094665527344,49589360
2008-09-26 00:00:00-04:00,35.7849006652832,36.34437942504883,34.519283294677734,36.257469177246094,36141776
2008-10-03 00:00:00-04:00,35.89896774291992,37.5665397644043,34.56273651123047,36.45844650268555,51211098
2008-10-10 00:00:00-04:00,35.92612838745117,36.42042541503906,27.87615394592285,30.47256851196289,72064472
2008-10-17 00:00:00-04:00,31.23845672607422,34.481258392333984,29.9891357421875,32.38457489013672,57628087
2008-10-24 00:00:00-04:00,32.748504638671875,34.47039794921875,30.706138610839844,31.61325454711914,45638022
2008-10-31 00:00:00-04:00,31.412275314331055,33.18305206298828,29.712112426757812,32.85714340209961,48659287
2008-11-07 00:00:00-05:00,32.82998275756836,33.894622802734375,31.292776107788086,32.2379150390625,30593370
2008-11-14 00:00:00-05:00,32.73221206665039,33.94894027709961,31.26018524169922,32.59098434448242,38209771
2008-11-21 00:00:00-05:00,32.140140533447266,32.56382369995117,25.752309799194336,27.816404342651367,65776537
2008-11-28 00:00:00-05:00,28.343292236328125,29.26127052307129,28.071699142456055,28.73438262939453,32314337
2008-12-05 00:00:00-05:00,28.039108276367188,29.288429260253906,27.6860408782959,29.03313446044922,43183602
2008-12-12 00:00:00-05:00,29.60890769958496,29.60890769958496,26.52906036376953,27.246061325073242,44951329
2008-12-19 00:00:00-05:00,27.452470779418945,29.53286361694336,26.615970611572266,29.223247528076172,43785240
2008-12-26 00:00:00-05:00,29.201520919799805,29.473112106323242,28.48451805114746,28.75611114501953,14517390
2009-01-02 00:00:00-05:00,28.73438262939453,30.043455123901367,28.01738166809082,29.91852378845215,19897344
2009-01-09 00:00:00-05:00,29.826181411743164,30.027158737182617,28.826725006103516,29.321020126342773,39334437
2009-01-16 00:00:00-05:00,29.201520919799805,29.983705520629883,28.348724365234375,29.847909927368164,47396730
2009-01-23 00:00:00-05:00,29.809886932373047,31.309070587158203,29.060293197631836,31.21673011779785,44286912
2009-01-30 00:00:00-05:00,31.385116577148438,32.24334716796875,31.189571380615234,31.857685089111328,41059270
2009-02-06 00:00:00-05:00,31.558935165405273,33.12873458862305,31.47745704650879,32.69961929321289,35841693
2009-02-13 00:00:00-05:00,32.72134780883789,32.72134780883789,30.9940242767334,31.906572341918945,32335692
2009-02-20 00:00:00-05:00,31.49375343322754,31.922868728637695,30.96143341064453,31.531776428222656,24690940
2009-02-27 00:00:00-05:00,31.20586585998535,31.73818588256836,27.582834243774414,27.6534481048584,46543794
2009-03-06 00:00:00-05:00,27.571971893310547,28.98967933654785,27.322107315063477,28.202064514160156,48829580
2009-03-13 00:00:00-04:00,27.87615394592285,28.625747680664062,26.110809326171875,27.78924560546875,59256268
2009-03-20 00:00:00-04:00,27.968494415283203,28.696361541748047,26.626832962036133,26.92558479309082,38267947
2009-03-27 00:00:00-04:00,27.370994567871094,27.832700729370117,25.860944747924805,27.425312042236328,57189378
2009-04-03 00:00:00-04:00,27.316675186157227,28.40847396850586,26.241172790527344,26.40412712097168,51031416
2009-04-10 00:00:00-04:00,26.17599105834961,27.463335037231445,25.32862663269043,26.740901947021484,42196457
2009-04-17 00:00:00-04:00,26.588809967041016,28.40847396850586,26.203149795532227,28.16404151916504,56739068
2009-04-24 00:00:00-04:00,28.055404663085938,28.479087829589844,25.93699073791504,26.110809326171875,40578033
2009-05-01 00:00:00-04:00,26.57794761657715,27.39272117614746,26.094514846801758,26.648561477661133,42285929
2009-05-08 00:00:00-04:00,26.702878952026367,27.745790481567383,26.17599105834961,27.30038070678711,37862926
2009-05-15 00:00:00-04:00,27.15915298461914,28.223791122436523,26.822378158569336,27.03965187072754,37936198
2009-05-22 00:00:00-04:00,27.110265731811523,27.267789840698242,26.19228744506836,27.05051612854004,32633567
2009-05-29 00:00:00-04:00,27.023357391357422,27.865291595458984,26.626832962036133,27.805540084838867,26476526
2009-06-05 00:00:00-04:00,27.963064193725586,27.973926544189453,24.69310188293457,25.833786010742188,107511823
2009-06-12 00:00:00-04:00,25.274307250976562,27.419879913330078,24.94839859008789,26.90385627746582,74334610
2009-06-19 00:00:00-04:00,26.93101692199707,28.115154266357422,25.93699073791504,27.91417694091797,58950292
2009-06-26 00:00:00-04:00,27.64801788330078,28.609451293945312,27.170015335083008,28.381315231323242,39419492
2009-07-03 00:00:00-04:00,28.381315231323242,28.940792083740234,28.120586395263672,28.87017822265625,35022631
2009-07-10 00:00:00-04:00,28.75067901611328,29.13633918762207,28.348724365234375,28.65290641784668,39068598
2009-07-17 00:00:00-04:00,28.66377067565918,30.065181732177734,28.593156814575195,29.413362503051758,51173541
2009-07-24 00:00:00-04:00,29.549158096313477,29.85877227783203,28.87017822265625,29.684953689575195,31730003
2009-07-31 00:00:00-04:00,29.76099967956543,30.98316192626953,29.494840621948242,30.61922836303711,33494050
2009-08-07 00:00:00-04:00,30.95056915283203,31.080934524536133,29.728408813476562,30.08147621154785,31264230
2009-08-14 00:00:00-04:00,30.09234046936035,30.282455444335938,29.60347557067871,30.0,25872678
2009-08-21 00:00:00-04:00,29.831613540649414,30.74959373474121,29.60890769958496,30.575773239135742,23642858
2009-08-28 00:00:00-04:00,30.72786521911621,31.200435638427734,30.548614501953125,30.841934204101562,22918609
2009-09-04 00:00:00-04:00,30.73329734802246,31.1026611328125,30.179250717163086,30.755023956298828,27519269
2009-09-11 00:00:00-04:00,30.87995719909668,31.075502395629883,30.027158737182617,30.885387420654297,26230385
2009-09-18 00:00:00-04:00,30.890819549560547,32.11841583251953,30.021726608276367,31.700162887573242,50152706
2009-09-25 00:00:00-04:00,31.575231552124023,31.928300857543945,30.782184600830078,31.167844772338867,32755625
2009-10-02 00:00:00-04:00,31.25475311279297,31.47745704650879,30.179250717163086,30.798479080200195,36482362
2009-10-09 00:00:00-04:00,30.755023956298828,31.662139892578125,30.418251037597656,31.60782241821289,27172791
2009-10-16 00:00:00-04:00,31.374252319335938,31.651275634765625,29.397066116333008,29.967409133911133,67539295
2009-10-23 00:00:00-04:00,29.9891357421875,30.320478439331055,29.61977195739746,29.91852378845215,39001217
2009-10-30 00:00:00-04:00,29.945682525634766,30.24986457824707,29.060293197631836,29.36447525024414,35410898
2009-11-06 00:00:00-05:00,29.37533950805664,29.978273391723633,29.174362182617188,29.940250396728516,30669036
2009-11-13 00:00:00-05:00,30.054317474365234,31.319934844970703,29.52199935913086,29.777294158935547,53809669
2009-11-20 00:00:00-05:00,29.826181411743164,30.304182052612305,29.418794631958008,29.51113510131836,41760140
2009-11-27 00:00:00-05:00,29.86420440673828,30.14665985107422,29.223247528076172,29.782726287841797,25548109
2009-12-04 00:00:00-05:00,29.76099967956543,31.1026611328125,29.554590225219727,30.793046951293945,43934728
2009-12-11 00:00:00-05:00,30.711570739746094,32.44975662231445,29.9022274017334,32.319393157958984,58732134
2009-12-18 00:00:00-05:00,32.4117317199707,32.4117317199707,30.841934204101562,31.287343978881836,46013034
2009-12-25 00:00:00-05:00,31.379684448242188,32.0315055847168,31.21673011779785,31.944595336914062,19736440
2010-01-01 00:00:00-05:00,31.944595336914062,32.21075439453125,31.781639099121094,31.873981475830078,14784703
2010-01-08 00:00:00-05:00,32.0423698425293,32.265071868896484,31.309070587158203,32.140140533447266,34141530
2010-01-15 00:00:00-05:00,32.172733306884766,33.61216735839844,31.82509422302246,33.443782806396484,42421979
2010-01-22 00:00:00-05:00,32.67789077758789,33.59043884277344,31.863117218017578,31.906572341918945,34767653
2010-01-29 00:00:00-05:00,32.0315055847168,32.55295944213867,30.700706481933594,31.281911849975586,38226709
2010-02-05 00:00:00-05:00,31.26561737060547,31.792503356933594,30.445409774780273,30.73872947692871,38078139
2010-02-12 00:00:00-05:00,30.755023956298828,31.053775787353516,30.032590866088867,30.37479591369629,33276444
2010-02-19 00:00:00-05:00,30.49429702758789,31.455730438232422,30.423683166503906,31.25475311279297,27125478
2010-02-26 00:00:00-05:00,31.34166145324707,31.444866180419922,30.74959373474121,30.923410415649414,35983450
2010-03-05 00:00:00-05:00,31.02118492126465,32.37914276123047,30.917978286743164,32.308528900146484,37773454
2010-03-12 00:00:00-05:00,32.22705078125,32.259639739990234,31.184139251708984,31.401411056518555,27881578
2010-03-19 00:00:00-04:00,31.379684448242188,32.22161865234375,31.374252319335938,32.183597564697266,27374013
2010-03-26 00:00:00-04:00,32.161869049072266,32.72134780883789,31.526344299316406,31.73818588256836,31184147
2010-04-02 00:00:00-04:00,31.83595848083496,32.04779815673828,31.455730438232422,31.629549026489258,19920357
2010-04-09 00:00:00-04:00,31.624116897583008,31.83052635192871,31.303638458251953,31.49918556213379,27961660
2010-04-16 00:00:00-04:00,31.461162567138672,32.4551887512207,31.292776107788086,32.10211944580078,47748361
2010-04-23 00:00:00-04:00,31.98805046081543,32.56382369995117,26.099945068359375,26.78978729248047,166057832
2010-04-30 00:00:00-04:00,26.849538803100586,26.849538803100586,25.616512298583984,25.64910316467285,120110338
2010-05-07 00:00:00-04:00,25.866376876831055,25.953285217285156,24.220531463623047,24.508419036865234,128184779
2010-05-14 00:00:00-04:00,25.4372615814209,25.736013412475586,23.44378089904785,23.644758224487305,69979355
2010-05-21 00:00:00-04:00,23.46550750732422,23.80771255493164,22.031505584716797,22.09125518798828,115351721
2010-05-28 00:00:00-04:00,22.06952667236328,23.31884765625,21.98805046081543,22.93861961364746,69964075
2010-06-04 00:00:00-04:00,22.688756942749023,23.10157585144043,22.38457489013672,22.47148323059082,41664591
2010-06-11 00:00:00-04:00,22.829984664916992,23.07984733581543,21.912004470825195,22.493209838867188,51735783
2010-06-18 00:00:00-04:00,22.623573303222656,23.259098052978516,22.520368576049805,22.819120407104492,54941331
2010-06-25 00:00:00-04:00,23.20478057861328,23.356870651245117,22.194459915161133,22.69961929321289,51178513
2010-07-02 00:00:00-04:00,22.69961929321289,23.134166717529297,21.863117218017578,22.623573303222656,46623694
2010-07-09 00:00:00-04:00,22.813688278198242,24.101032257080078,22.542097091674805,23.851167678833008,34143923
2010-07-16 00:00:00-04:00,23.81857681274414,24.101032257080078,22.786529541015625,23.058120727539062,60541838
2010-07-23 00:00:00-04:00,23.139598846435547,24.225963592529297,22.514938354492188,23.894622802734375,48195724
2010-07-30 00:00:00-04:00,23.932645797729492,24.5410099029541,23.351438522338867,23.775121688842773,34187369
2010-08-06 00:00:00-04:00,24.122758865356445,24.611623764038086,24.014123916625977,24.513851165771484,28086848
2010-08-13 00:00:00-04:00,24.508419036865234,25.32319450378418,24.44866943359375,24.82889747619629,42678616
2010-08-20 00:00:00-04:00,24.725692749023438,25.095056533813477,24.003259658813477,24.20966911315918,25675875
2010-08-27 00:00:00-04:00,24.32916831970215,24.67680549621582,23.389461517333984,23.764259338378906,37174945
2010-09-03 00:00:00-04:00,23.699077606201172,24.08473777770996,23.06898307800293,24.024986267089844,21965708
2010-09-10 00:00:00-04:00,24.014123916625977,24.30200958251953,23.19391632080078,23.394893646240234,27068960
2010-09-17 00:00:00-04:00,23.525257110595703,24.611623764038086,23.259098052978516,24.43780517578125,34821963
2010-09-24 00:00:00-04:00,24.4432373046875,26.93101692199707,24.3454647064209,26.083650588989258,58369457
2010-10-01 00:00:00-04:00,26.17055892944336,26.26833152770996,25.69255828857422,25.882671356201172,29923983
2010-10-08 00:00:00-04:00,25.888103485107422,26.7789249420166,25.621944427490234,26.702878952026367,30108266
2010-10-15 00:00:00-04:00,26.724605560302734,27.121129989624023,26.43671989440918,26.485605239868164,38760414
2010-10-22 00:00:00-04:00,26.447582244873047,28.120586395263672,26.317218780517578,27.76751708984375,50783249
2010-10-29 00:00:00-04:00,27.91960906982422,28.191200256347656,27.28951644897461,27.6643123626709,35681527
2010-11-05 00:00:00-04:00,27.724063873291016,28.02281379699707,27.338403701782227,27.984790802001953,23544916
2010-11-12 00:00:00-05:00,27.762086868286133,28.245519638061523,27.61542510986328,27.952199935913086,21430344
2010-11-19 00:00:00-05:00,27.93047332763672,28.120586395263672,27.267789840698242,27.91417694091797,21887097
2010-11-26 00:00:00-05:00,27.68060874938965,27.805540084838867,26.79521942138672,27.023357391357422,15712751
2010-12-03 00:00:00-05:00,26.865833282470703,27.15915298461914,26.28462791442871,27.072242736816406,36420872
2010-12-10 00:00:00-05:00,26.90928840637207,27.39272117614746,26.68115234375,27.30581283569336,19341546
2010-12-17 00:00:00-05:00,27.29494857788086,28.40847396850586,27.28951644897461,27.848995208740234,39066572
2010-12-24 00:00:00-05:00,27.89788246154785,27.957632064819336,27.170015335083008,27.751222610473633,21305525
2010-12-31 00:00:00-05:00,27.64258575439453,27.854427337646484,27.343835830688477,27.495925903320312,11495019
2011-01-07 00:00:00-05:00,27.61542510986328,27.64801788330078,26.626832962036133,26.838674545288086,34314952
2011-01-14 00:00:00-05:00,26.730037689208984,27.91960906982422,26.512765884399414,27.327539443969727,34272425
2011-01-21 00:00:00-05:00,27.571971893310547,27.6751766204834,26.871265411376953,26.882129669189453,34729360
2011-01-28 00:00:00-05:00,26.822378158569336,27.76751708984375,26.355241775512695,26.398696899414062,66366210
2011-02-04 00:00:00-05:00,26.55621910095215,26.68115234375,26.089082717895508,26.355241775512695,44115330
2011-02-11 00:00:00-05:00,26.398696899414062,28.142314910888672,26.349809646606445,28.071699142456055,58604554
2011-02-18 00:00:00-05:00,28.071699142456055,28.9951114654541,27.838130950927734,28.804996490478516,44654561
2011-02-25 00:00:00-05:00,28.202064514160156,28.65290641784668,27.935903549194336,28.473655700683594,22281071
2011-03-04 00:00:00-05:00,28.680065155029297,29.331884384155273,28.17490577697754,29.223247528076172,41706750
2011-03-11 00:00:00-05:00,29.196088790893555,29.293861389160156,28.17490577697754,28.571428298950195,29497606
2011-03-18 00:00:00-04:00,28.86474609375,28.86474609375,27.14828872680664,28.126018524169922,34124592
2011-03-25 00:00:00-04:00,28.321563720703125,29.02770233154297,28.087995529174805,28.74524688720703,26463823
2011-04-01 00:00:00-04:00,28.821292877197266,29.38620376586914,28.555133819580078,29.282997131347656,29608251
2011-04-08 00:00:00-04:00,29.38620376586914,29.641498565673828,29.02227020263672,29.185224533081055,31092281
2011-04-15 00:00:00-04:00,29.14177131652832,29.940250396728516,28.75611114501953,29.85334014892578,35793458
2011-04-22 00:00:00-04:00,29.592613220214844,30.825637817382812,29.00054359436035,30.73872947692871,27760990
2011-04-29 00:00:00-04:00,30.439977645874023,31.24932098388672,30.401954650878906,30.907115936279297,28338881
2011-05-06 00:00:00-04:00,31.053775787353516,31.72188949584961,31.032047271728516,31.390548706054688,40435171
2011-05-13 00:00:00-04:00,31.34709358215332,32.313961029052734,31.34709358215332,32.172733306884766,30919412
2011-05-20 00:00:00-04:00,32.06952667236328,32.86257553100586,32.0097770690918,32.770233154296875,29687045
2011-05-27 00:00:00-04:00,32.319393157958984,32.46604919433594,31.901140213012695,32.10755157470703,30088200
2011-06-03 00:00:00-04:00,32.10211944580078,32.36284637451172,31.417707443237305,31.472026824951172,25763508
2011-06-10 00:00:00-04:00,31.401411056518555,32.140140533447266,31.24388885498047,31.292776107788086,24982186
2011-06-17 00:00:00-04:00,31.309070587158203,32.10755157470703,31.23845672607422,31.689298629760742,32157852
2011-06-24 00:00:00-04:00,31.558935165405273,32.68875503540039,31.537208557128906,31.776208877563477,36114346
2011-07-01 00:00:00-04:00,31.863117218017578,32.753936767578125,31.673004150390625,32.71591567993164,29029256
2011-07-08 00:00:00-04:00,32.59098434448242,33.280826568603516,32.308528900146484,33.09071350097656,34668239
2011-07-15 00:00:00-04:00,32.71591567993164,33.44921112060547,32.42802810668945,33.02553176879883,30651546
2011-07-22 00:00:00-04:00,32.97664260864258,33.94894027709961,32.54752731323242,33.56328201293945,35209677
2011-07-29 00:00:00-04:00,33.226505279541016,33.775123596191406,31.319934844970703,31.59695816040039,35153712
2011-08-05 00:00:00-04:00,31.754480361938477,31.85225486755371,28.310701370239258,29.109180450439453,53215025
2011-08-12 00:00:00-04:00,28.544269561767578,29.076589584350586,26.89842414855957,28.946224212646484,61867542
2011-08-19 00:00:00-04:00,29.293861389160156,29.473112106323242,27.93047332763672,28.049972534179688,40339808
2011-08-26 00:00:00-04:00,28.576860427856445,29.581748962402344,28.044540405273438,29.185224533081055,40347910
2011-09-02 00:00:00-04:00,29.494840621948242,30.755023956298828,29.331884384155273,29.397066116333008,38004501
2011-09-09 00:00:00-04:00,28.38674545288086,30.597501754760742,28.381315231323242,28.8756103515625,27905694
2011-09-16 00:00:00-04:00,28.723520278930664,30.803911209106445,28.375883102416992,30.782184600830078,36136253
2011-09-23 00:00:00-04:00,30.331342697143555,31.1026611328125,28.240087509155273,29.04399871826172,32398655
2011-09-30 00:00:00-04:00,29.293861389160156,31.097230911254883,28.88104248046875,30.49429702758789,34958565
2011-10-07 00:00:00-04:00,30.0108642578125,30.651819229125977,28.48995018005371,30.22813606262207,39082404
2011-10-14 00:00:00-04:00,30.63552474975586,31.11895751953125,28.826725006103516,30.37479591369629,44206829
2011-10-21 00:00:00-04:00,30.190113067626953,30.62466049194336,28.680065155029297,29.77186393737793,36251867
2011-10-28 00:00:00-04:00,29.842477798461914,30.592069625854492,29.353612899780273,29.967409133911133,37726507
2011-11-04 00:00:00-04:00,29.712112426757812,30.09234046936035,28.680065155029297,29.163497924804688,41588006
2011-11-11 00:00:00-05:00,29.065725326538086,29.831613540649414,28.799564361572266,29.690385818481445,30497638
2011-11-18 00:00:00-05:00,29.51113510131836,29.820749282836914,27.30581283569336,27.38728904724121,44450209
2011-11-25 00:00:00-05:00,27.007061004638672,27.316675186157227,25.904399871826172,25.92069435119629,29297859
2011-12-02 00:00:00-05:00,26.262901306152344,28.66920280456543,26.262901306152344,27.952199935913086,37897169
2011-12-09 00:00:00-05:00,28.343292236328125,28.609451293945312,26.827810287475586,27.360130310058594,32899039
2011-12-16 00:00:00-05:00,27.316675186157227,27.332971572875977,26.05105972290039,26.116241455078125,40326921
2011-12-23 00:00:00-05:00,26.349809646606445,27.186311721801758,25.828353881835938,27.186311721801758,24193686
2011-12-30 00:00:00-05:00,27.072242736816406,27.088539123535156,26.615970611572266,26.876697540283203,15209422
2012-01-06 00:00:00-05:00,27.229766845703125,27.577404022216797,26.887561798095703,27.235197067260742,22848099
2012-01-13 00:00:00-05:00,27.213470458984375,28.234655380249023,26.952743530273438,27.865291595458984,31486992
2012-01-20 00:00:00-05:00,28.16947364807129,28.962520599365234,27.93047332763672,28.614883422851562,32243643
2012-01-27 00:00:00-05:00,28.582292556762695,30.787614822387695,28.544269561767578,30.347637176513672,43166664
2012-02-03 00:00:00-05:00,30.070613861083984,31.0048885345459,29.782726287841797,30.98316192626953,38975812
2012-02-10 00:00:00-05:00,31.02118492126465,31.042911529541016,30.532318115234375,30.87452507019043,23355295
2012-02-17 00:00:00-05:00,30.98859214782715,31.01032066345215,30.63552474975586,30.945138931274414,23903913
2012-02-24 00:00:00-05:00,30.945138931274414,31.35795783996582,30.60836410522461,31.309070587158203,16136181
2012-03-02 00:00:00-05:00,31.140684127807617,31.71645736694336,31.10809326171875,31.49375343322754,23754975
2012-03-09 00:00:00-05:00,31.455730438232422,32.11298370361328,31.02118492126465,31.98805046081543,26435105
2012-03-16 00:00:00-04:00,31.922868728637695,32.54752731323242,31.84682273864746,32.48777770996094,21229124
2012-03-23 00:00:00-04:00,32.46604919433594,32.56382369995117,32.05866241455078,32.2161865234375,19310249
2012-03-30 00:00:00-04:00,32.41716384887695,32.884300231933594,32.08039093017578,32.47148132324219,24812630
2012-04-06 00:00:00-04:00,32.3900032043457,32.84084701538086,32.09125518798828,32.35741424560547,15998842
2012-04-13 00:00:00-04:00,32.06409454345703,32.08582305908203,31.319934844970703,31.520912170410156,18531690
2012-04-20 00:00:00-04:00,30.195545196533203,30.554046630859375,29.217815399169922,29.424226760864258,57906814
2012-04-27 00:00:00-04:00,29.158065795898438,30.162954330444336,29.14177131652832,29.923954010009766,26116058
2012-05-04 00:00:00-04:00,29.9022274017334,30.46713638305664,29.674089431762695,29.684953689575195,22947329
2012-05-11 00:00:00-04:00,29.62520408630371,29.86963653564453,29.27213478088379,29.37533950805664,22761941
2012-05-18 00:00:00-04:00,29.13090705871582,29.168930053710938,27.8815860748291,27.979358673095703,24131829
2012-05-25 00:00:00-04:00,28.00651741027832,28.576860427856445,27.88701820373535,28.240087509155273,19142718
2012-06-01 00:00:00-04:00,28.413904190063477,28.48995018005371,27.170015335083008,27.251493453979492,25375792
2012-06-08 00:00:00-04:00,27.316675186157227,27.713199615478516,27.012493133544922,27.495925903320312,28006765
2012-06-15 00:00:00-04:00,27.62628936767578,27.702335357666016,26.605106353759766,26.7789249420166,35352906
2012-06-22 00:00:00-04:00,26.746334075927734,28.576860427856445,26.697446823120117,28.17490577697754,40102503
2012-06-29 00:00:00-04:00,28.087995529174805,28.8756103515625,27.745790481567383,28.87017822265625,25706620
2012-07-06 00:00:00-04:00,29.03313446044922,29.50570297241211,28.913633346557617,29.103748321533203,17417885
2012-07-13 00:00:00-04:00,29.158065795898438,29.652362823486328,29.04943084716797,29.61977195739746,30138828
2012-07-20 00:00:00-04:00,29.543725967407227,31.091798782348633,29.52743148803711,30.532318115234375,32956661
2012-07-27 00:00:00-04:00,30.23356819152832,32.56925582885742,29.62520408630371,32.42802810668945,33980810
2012-08-03 00:00:00-04:00,32.35198211669922,32.38457489013672,31.178707122802734,32.0097770690918,25662804
2012-08-10 00:00:00-04:00,32.05323028564453,32.22161865234375,31.72732162475586,31.960891723632812,17913114
2012-08-17 00:00:00-04:00,31.792503356933594,32.44975662231445,31.71645736694336,31.99348258972168,19842667
2012-08-24 00:00:00-04:00,31.98805046081543,32.161869049072266,31.428571701049805,31.912004470825195,13264222
2012-08-31 00:00:00-04:00,31.781639099121094,32.2161865234375,31.51004981994629,31.873981475830078,15591061
2012-09-07 00:00:00-04:00,31.83052635192871,32.194461822509766,31.47745704650879,32.145572662353516,14498796
2012-09-14 00:00:00-04:00,32.0423698425293,33.248233795166016,31.917436599731445,32.85171127319336,29818309
2012-09-21 00:00:00-04:00,32.781097412109375,33.242801666259766,32.770233154296875,33.13959884643555,23281471
2012-09-28 00:00:00-04:00,32.645301818847656,33.49810028076172,32.37914276123047,32.73764419555664,27414147
2012-10-05 00:00:00-04:00,32.81911849975586,33.66648483276367,32.49864196777344,33.63932418823242,21931465
2012-10-12 00:00:00-04:00,33.59587097167969,33.65018844604492,32.72134780883789,32.96577835083008,24826622
2012-10-19 00:00:00-04:00,33.03639221191406,34.2476921081543,32.922325134277344,33.63389587402344,26588090
2012-10-26 00:00:00-04:00,33.48180389404297,33.775123596191406,33.03096008300781,33.22107696533203,18537029
2012-11-02 00:00:00-04:00,33.55241775512695,35.25801086425781,33.269962310791016,35.171104431152344,28646512
2012-11-09 00:00:00-05:00,34.883216857910156,36.235740661621094,34.845191955566406,34.91037368774414,42867133
2012-11-16 00:00:00-05:00,35.05160140991211,36.32808303833008,34.91037368774414,35.86094665527344,39161383
2012-11-23 00:00:00-05:00,36.105377197265625,37.43074417114258,35.66539764404297,37.376426696777344,21520738
2012-11-30 00:00:00-05:00,37.01792526245117,37.02878952026367,35.41553497314453,35.996742248535156,32459408
2012-12-07 00:00:00-05:00,36.17599105834961,36.19228744506836,34.68767166137695,35.34492111206055,27690114
2012-12-14 00:00:00-05:00,35.3394889831543,36.14883041381836,35.20369338989258,35.82292175292969,21433290
2012-12-21 00:00:00-05:00,35.83921813964844,36.82781219482422,35.82292175292969,36.52906036376953,26596191
2012-12-28 00:00:00-05:00,36.39326477050781,36.4530143737793,35.621944427490234,35.627376556396484,10619625
2013-01-04 00:00:00-05:00,35.638240814208984,37.19174575805664,35.507877349853516,37.17001724243164,17955273
2013-01-11 00:00:00-05:00,36.96360778808594,37.47962951660156,36.80608367919922,37.45247268676758,25170337
2013-01-18 00:00:00-05:00,37.45247268676758,37.45247268676758,36.099945068359375,36.42042541503906,36060955
2013-01-25 00:00:00-05:00,36.42042541503906,37.197174072265625,35.79033279418945,36.93644714355469,23953619
2013-02-01 00:00:00-05:00,36.95274353027344,37.39815139770508,36.49103546142578,37.354698181152344,25228696
2013-02-08 00:00:00-05:00,37.16458511352539,37.66431427001953,37.055946350097656,37.47962951660156,20939718
2013-02-15 00:00:00-05:00,37.41444778442383,37.64258575439453,36.88212966918945,37.02878952026367,23362290
2013-02-22 00:00:00-05:00,37.04508590698242,37.14285659790039,36.06735610961914,36.39326477050781,19743620
2013-03-01 00:00:00-05:00,36.567081451416016,37.47419738769531,36.230308532714844,37.42531204223633,37421455
2013-03-08 00:00:00-05:00,37.18088150024414,38.310699462890625,37.088539123535156,37.96306228637695,28090347
2013-03-15 00:00:00-04:00,37.838130950927734,38.207496643066406,37.44704055786133,37.702335357666016,26645346
2013-03-22 00:00:00-04:00,37.45790481567383,38.53883743286133,37.251495361328125,38.53340530395508,21302027
2013-03-29 00:00:00-04:00,38.51167678833008,39.51113510131836,38.26724624633789,39.456817626953125,19185062
2013-04-05 00:00:00-04:00,39.36447525024414,39.570884704589844,38.174903869628906,38.29440689086914,27929259
2013-04-12 00:00:00-04:00,38.26181411743164,39.14720153808594,37.97392654418945,38.989681243896484,26432341
2013-04-19 00:00:00-04:00,38.929927825927734,39.05485916137695,37.32210922241211,37.52851867675781,30907077
2013-04-26 00:00:00-04:00,37.56110763549805,38.11515426635742,37.332969665527344,37.74578857421875,32481499
2013-05-03 00:00:00-04:00,37.93590545654297,38.799564361572266,37.387290954589844,38.158607482910156,25465816
2013-05-10 00:00:00-04:00,38.13688278198242,38.810428619384766,36.6702880859375,38.43563461303711,70861932
2013-05-17 00:00:00-04:00,38.27267837524414,39.86963653564453,38.11515426635742,39.619773864746094,46018557
2013-05-24 00:00:00-04:00,39.65779495239258,40.16838836669922,38.74524688720703,38.843021392822266,30964515
2013-05-31 00:00:00-04:00,39.15806579589844,39.549156188964844,38.202064514160156,38.202064514160156,19113078
2013-06-07 00:00:00-04:00,38.25094985961914,38.326995849609375,37.208038330078125,38.00651931762695,27989460
2013-06-14 00:00:00-04:00,38.06626892089844,38.73981475830078,37.30581283569336,38.348724365234375,22551513
2013-06-21 00:00:00-04:00,38.56599807739258,38.63661193847656,36.8875617980957,38.0010871887207,26124711
2013-06-28 00:00:00-04:00,37.805538177490234,38.24008560180664,37.26235580444336,37.62628936767578,28386195
2013-07-05 00:00:00-04:00,37.827266693115234,38.29440689086914,37.50135803222656,37.9576301574707,12662214
2013-07-12 00:00:00-04:00,38.180335998535156,39.53829574584961,38.169471740722656,39.38077163696289,21658077
2013-07-19 00:00:00-04:00,39.456817626953125,40.27159118652344,39.326454162597656,40.2172737121582,22538811
2013-07-26 00:00:00-04:00,40.24443054199219,40.52145767211914,39.331886291503906,39.66322708129883,24008664
2013-08-02 00:00:00-04:00,39.65779495239258,40.17924880981445,37.64801788330078,38.26181411743164,39750136
2013-08-09 00:00:00-04:00,38.185768127441406,40.1955451965332,38.15317916870117,40.081478118896484,34369629
2013-08-16 00:00:00-04:00,40.01629638671875,40.25529479980469,38.58772277832031,38.63117980957031,25827021
2013-08-23 00:00:00-04:00,38.58772277832031,39.15806579589844,38.27267837524414,39.07658767700195,16233201
2013-08-30 00:00:00-04:00,39.07658767700195,39.22867965698242,37.686038970947266,37.7838134765625,20452222
2013-09-06 00:00:00-04:00,38.164039611816406,38.321563720703125,37.51765441894531,38.02824783325195,18418101
2013-09-13 00:00:00-04:00,38.13688278198242,39.27213668823242,38.0228157043457,38.989681243896484,18789613
2013-09-20 00:00:00-04:00,39.549156188964844,39.570884704589844,38.59315490722656,38.88104248046875,23326943
2013-09-27 00:00:00-04:00,38.91363525390625,39.10918045043945,35.85551452636719,36.05649185180664,49520692
2013-10-04 00:00:00-04:00,35.964149475097656,36.01303482055664,34.11189651489258,35.31232833862305,46542322
2013-10-11 00:00:00-04:00,35.43726348876953,35.85551452636719,34.93753433227539,35.85008239746094,29779649
2013-10-18 00:00:00-04:00,35.7305793762207,36.69744873046875,35.502445220947266,35.85008239746094,36130914
2013-10-25 00:00:00-04:00,35.86094665527344,35.89353561401367,35.27430725097656,35.57305908203125,38062492
2013-11-01 00:00:00-04:00,36.724605560302734,36.80065155029297,35.57305908203125,35.71428680419922,31224465
2013-11-08 00:00:00-05:00,35.82292175292969,35.91526412963867,35.18739700317383,35.37751388549805,28951198
2013-11-15 00:00:00-05:00,35.41553497314453,37.39271926879883,35.29060363769531,37.29494857788086,38586807
2013-11-22 00:00:00-05:00,37.62628936767578,37.64801788330078,36.751766204833984,36.81694793701172,34837612
2013-11-29 00:00:00-05:00,36.81151580810547,37.202606201171875,36.50189971923828,37.18088150024414,20184541
2013-12-06 00:00:00-05:00,37.48506164550781,37.67517852783203,35.93156051635742,36.605106353759766,39186054
2013-12-13 00:00:00-05:00,36.615970611572266,37.00706100463867,35.90983200073242,35.996742248535156,27812170
2013-12-20 00:00:00-05:00,36.13796615600586,37.338401794433594,35.594783782958984,37.14828872680664,38349687
2013-12-27 00:00:00-05:00,37.235198974609375,37.751220703125,36.93644714355469,37.734928131103516,14151951
2014-01-03 00:00:00-05:00,37.707767486572266,37.91960906982422,37.49049377441406,37.64258575439453,14347650
2014-01-10 00:00:00-05:00,37.93047332763672,38.180335998535156,37.43617630004883,38.02824783325195,31195929
2014-01-17 00:00:00-05:00,37.91417694091797,38.37588119506836,37.45790481567383,37.98479080200195,30251497
2014-01-24 00:00:00-05:00,38.03910827636719,38.42477035522461,36.561649322509766,36.740901947021484,27954112
2014-01-31 00:00:00-05:00,36.80608367919922,37.713199615478516,36.77892303466797,37.099403381347656,34229346
2014-02-07 00:00:00-05:00,37.12656021118164,37.202606201171875,36.089080810546875,36.88212966918945,30915913
2014-02-14 00:00:00-05:00,36.81151580810547,37.92504119873047,36.746334075927734,37.52308654785156,21568605
2014-02-21 00:00:00-05:00,37.724063873291016,38.03910827636719,37.48506164550781,37.63715362548828,20853375
2014-02-28 00:00:00-05:00,37.740360260009766,38.10429000854492,36.96903991699219,37.751220703125,30806557
2014-03-07 00:00:00-05:00,37.43074417114258,37.724063873291016,36.605106353759766,36.66485595703125,33728961
2014-03-14 00:00:00-04:00,36.66485595703125,37.083106994628906,36.089080810546875,36.116241455078125,24341886
2014-03-21 00:00:00-04:00,36.04019546508789,37.28408432006836,36.03476333618164,36.77892303466797,30436701
2014-03-28 00:00:00-04:00,36.80065155029297,41.10809326171875,36.127105712890625,39.570884704589844,78244526
2014-04-04 00:00:00-04:00,39.614341735839844,40.26072692871094,39.429656982421875,39.614341735839844,31509452
2014-04-11 00:00:00-04:00,39.565452575683594,40.01629638671875,39.02770233154297,39.09831619262695,27168741
2014-04-18 00:00:00-04:00,39.321022033691406,40.25529479980469,39.17979431152344,39.549156188964844,24703827
2014-04-25 00:00:00-04:00,39.39163589477539,39.85877227783203,39.05485916137695,39.282997131347656,23094977
2014-05-02 00:00:00-04:00,39.435089111328125,40.9179801940918,39.23954391479492,40.581207275390625,38623259
2014-05-09 00:00:00-04:00,40.46713638305664,40.96686553955078,40.065181732177734,40.77132034301758,25284111
2014-05-16 00:00:00-04:00,40.85823059082031,41.21672821044922,40.35850143432617,40.543182373046875,22316051
2014-05-23 00:00:00-04:00,40.46713638305664,40.711570739746094,39.934818267822266,40.50516128540039,15758776
2014-05-30 00:00:00-04:00,40.61379623413086,40.61379623413086,40.076045989990234,40.418251037597656,13669978
2014-06-06 00:00:00-04:00,40.418251037597656,40.548614501953125,39.429656982421875,40.086910247802734,30726658
2014-06-13 00:00:00-04:00,40.070613861083984,40.14665985107422,39.549156188964844,39.71754455566406,18185215
2014-06-20 00:00:00-04:00,39.84247589111328,40.28245544433594,39.587181091308594,40.081478118896484,18955305
2014-06-27 00:00:00-04:00,40.11406707763672,40.23357009887695,39.435089111328125,39.560020446777344,21082028
2014-07-04 00:00:00-04:00,39.64149856567383,40.86909484863281,39.12004470825195,40.673545837402344,18948677
2014-07-11 00:00:00-04:00,40.64638900756836,41.71645736694336,40.48343276977539,41.60239028930664,22177055
2014-07-18 00:00:00-04:00,41.673004150390625,41.95545959472656,41.032047271728516,41.56436538696289,22073958
2014-07-25 00:00:00-04:00,41.40684509277344,41.99348068237305,41.1026611328125,41.634979248046875,18686519
2014-08-01 00:00:00-04:00,41.553504943847656,41.93373107910156,40.401954650878906,40.72243118286133,22605823
2014-08-08 00:00:00-04:00,40.537750244140625,40.90168380737305,39.7935905456543,40.14122772216797,18939840
2014-08-15 00:00:00-04:00,40.28788757324219,40.8745231628418,40.13579559326172,40.418251037597656,18128696
2014-08-22 00:00:00-04:00,40.61379623413086,41.46659469604492,40.532318115234375,40.76045608520508,15098595
2014-08-29 00:00:00-04:00,40.9071159362793,41.09722900390625,40.48886489868164,40.72786331176758,13315217
2014-09-05 00:00:00-04:00,40.711570739746094,40.79304885864258,39.929386138916016,40.30418395996094,15058275
2014-09-12 00:00:00-04:00,40.1955451965332,40.93427658081055,40.076045989990234,40.575775146484375,19131304
2014-09-19 00:00:00-04:00,40.59749984741211,40.81477355957031,39.293861389160156,39.40250015258789,27553326
2014-09-26 00:00:00-04:00,39.326454162597656,39.39706802368164,38.6692008972168,39.26127243041992,21204271
2014-10-03 00:00:00-04:00,38.91363525390625,39.65236282348633,38.462791442871094,39.603477478027344,22346979
2014-10-10 00:00:00-04:00,39.85877227783203,39.951114654541016,38.7017936706543,38.7017936706543,20871970
2014-10-17 00:00:00-04:00,38.62031555175781,38.6909294128418,36.05105972290039,36.52362823486328,43174028
2014-10-24 00:00:00-04:00,36.54535675048828,37.9793586730957,36.29005813598633,37.93047332763672,25217466
2014-10-31 00:00:00-04:00,37.9793586730957,38.484519958496094,37.751220703125,38.09885787963867,24318321
2014-11-07 00:00:00-05:00,38.09342575073242,38.984249114990234,37.02878952026367,38.354156494140625,52417136
2014-11-14 00:00:00-05:00,38.370452880859375,39.24497604370117,38.15317916870117,38.973384857177734,21437893
2014-11-21 00:00:00-05:00,38.86474609375,39.560020446777344,38.810428619384766,39.34817886352539,21049073
2014-11-28 00:00:00-05:00,39.48397445678711,39.7609977722168,39.24497604370117,39.65236282348633,13935818
2014-12-05 00:00:00-05:00,39.72297668457031,40.423683166503906,39.413360595703125,40.31504440307617,23016367
2014-12-12 00:00:00-05:00,40.29875183105469,40.48886489868164,38.984249114990234,38.984249114990234,22951195
2014-12-19 00:00:00-05:00,39.13633728027344,40.61379623413086,38.37588119506836,40.45627212524414,27856357
2014-12-26 00:00:00-05:00,40.1846809387207,40.8962516784668,40.1846809387207,40.49972915649414,11625548
2015-01-02 00:00:00-05:00,40.31504440307617,40.586639404296875,39.592613220214844,39.82075119018555,11524661
2015-01-09 00:00:00-05:00,39.38077163696289,39.902225494384766,38.51710891723633,39.315589904785156,29640836
2015-01-16 00:00:00-05:00,39.47854232788086,40.14665985107422,38.479087829589844,39.1146125793457,22852517
2015-01-23 00:00:00-05:00,39.445953369140625,39.456817626953125,38.58772277832031,38.799564361572266,18893079
2015-01-30 00:00:00-05:00,38.794132232666016,39.05485916137695,38.04454040527344,38.191200256347656,41157028
2015-02-06 00:00:00-05:00,38.22378921508789,39.01140594482422,37.58283615112305,38.54970169067383,27336089
2015-02-13 00:00:00-05:00,38.359588623046875,38.51167678833008,37.49049377441406,38.23465347290039,22862458
2015-02-20 00:00:00-05:00,37.98479080200195,38.06626892089844,35.81748962402344,36.88212966918945,47093148
2015-02-27 00:00:00-05:00,36.95817565917969,37.718631744384766,36.90385818481445,37.56110763549805,32370118
2015-03-06 00:00:00-05:00,37.56110763549805,38.03910827636719,36.708309173583984,36.78978729248047,26103907
2015-03-13 00:00:00-04:00,36.724605560302734,36.99076461791992,36.262901306152344,36.588809967041016,32279726
2015-03-20 00:00:00-04:00,36.80608367919922,37.41444778442383,36.68115234375,37.03422164916992,41165312
2015-03-27 00:00:00-04:00,37.03422164916992,37.58283615112305,36.82781219482422,37.235198974609375,31026005
2015-04-03 00:00:00-04:00,37.376426696777344,37.39815139770508,36.4530143737793,36.93644714355469,22309239
2015-04-10 00:00:00-04:00,37.01792526245117,38.343292236328125,36.80608367919922,38.332427978515625,26463638
2015-04-17 00:00:00-04:00,38.359588623046875,38.359588623046875,37.66431427001953,37.97392654418945,27005446
2015-04-24 00:00:00-04:00,38.06083679199219,39.14720153808594,37.88701629638672,38.64204025268555,30572751
2015-05-01 00:00:00-04:00,38.63117980957031,38.804996490478516,37.202606201171875,37.713199615478516,21243300
2015-05-08 00:00:00-04:00,37.75665283203125,38.08799743652344,37.251495361328125,37.80010986328125,21298530
2015-05-15 00:00:00-04:00,37.696903228759766,37.816402435302734,36.90385818481445,37.67517852783203,27311971
2015-05-22 00:00:00-04:00,37.713199615478516,37.74578857421875,36.49103546142578,36.594242095947266,47184647
2015-05-29 00:00:00-04:00,36.610538482666016,36.719173431396484,35.94242477416992,36.18142318725586,37855930
2015-06-05 00:00:00-04:00,36.279197692871094,36.34981155395508,35.28517150878906,35.3177604675293,48462853
2015-06-12 00:00:00-04:00,35.3612174987793,37.235198974609375,34.76914596557617,37.077674865722656,76260848
2015-06-19 00:00:00-04:00,36.90928649902344,37.9902229309082,36.583377838134766,37.702335357666016,67995494
2015-06-26 00:00:00-04:00,37.696903228759766,39.565452575683594,37.5665397644043,39.06572341918945,85472107
2015-07-03 00:00:00-04:00,38.6474723815918,39.03313446044922,37.43000030517578,38.29999923706055,75327829
2015-07-10 00:00:00-04:00,38.150001525878906,38.40999984741211,36.400001525878906,37.61000061035156,62840300
2015-07-17 00:00:00-04:00,37.72999954223633,37.83000183105469,37.27000045776367,37.36000061035156,50606300
2015-07-24 00:00:00-04:00,37.43000030517578,38.209999084472656,37.2599983215332,37.63999938964844,45053600
2015-07-31 00:00:00-04:00,37.599998474121094,40.150001525878906,37.5,40.08000183105469,51776100
2015-08-07 00:00:00-04:00,39.91999816894531,43.439998626708984,39.38999938964844,41.880001068115234,158093600
2015-08-14 00:00:00-04:00,42.029998779296875,42.45000076293945,40.40999984741211,40.900001525878906,33230500
2015-08-21 00:00:00-04:00,40.75,40.97999954223633,38.0099983215332,38.279998779296875,40669000
2015-08-28 00:00:00-04:00,36.369998931884766,39.04999923706055,34.5,38.75,49969400
2015-09-04 00:00:00-04:00,38.650001525878906,38.90999984741211,35.90999984741211,36.13999938964844,28962200
2015-09-11 00:00:00-04:00,36.83000183105469,37.2599983215332,35.75,36.02000045776367,22159700
2015-09-18 00:00:00-04:00,35.959999084472656,36.880001068115234,35.720001220703125,36.25,19724700
2015-09-25 00:00:00-04:00,36.439998626708984,36.70000076293945,34.25,34.45000076293945,24619300
2015-10-02 00:00:00-04:00,34.25,34.34000015258789,32.18000030517578,33.54999923706055,36133500
2015-10-09 00:00:00-04:00,33.83000183105469,33.86000061035156,32.18000030517578,33.209999084472656,35284600
2015-10-16 00:00:00-04:00,33.16999816894531,34.16999816894531,32.91999816894531,33.91999816894531,21795800
2015-10-23 00:00:00-04:00,33.86000061035156,35.68000030517578,33.779998779296875,35.400001525878906,34914900
2015-10-30 00:00:00-04:00,35.470001220703125,37.7599983215332,35.400001525878906,37.38999938964844,35540400
2015-11-06 00:00:00-05:00,37.5099983215332,38.790000915527344,37.220001220703125,37.970001220703125,20667600
2015-11-13 00:00:00-05:00,37.810001373291016,38.11000061035156,37.349998474121094,37.56999969482422,16766900
2015-11-20 00:00:00-05:00,37.380001068115234,38.560001373291016,37.31999969482422,38.310001373291016,20624700
2015-11-27 00:00:00-05:00,38.2400016784668,38.459999084472656,37.650001525878906,37.68000030517578,15964900
2015-12-04 00:00:00-05:00,37.72999954223633,38.040000915527344,36.81999969482422,37.540000915527344,23004600
2015-12-11 00:00:00-05:00,37.5,38.400001525878906,36.540000915527344,36.84000015258789,15043400
2015-12-18 00:00:00-05:00,36.849998474121094,37.88999938964844,36.08000183105469,36.650001525878906,20555800
2015-12-25 00:00:00-05:00,36.7400016784668,38.380001068115234,36.349998474121094,38.150001525878906,13568800
2016-01-01 00:00:00-05:00,38.02000045776367,38.689998626708984,37.720001220703125,38.150001525878906,12411600
2016-01-08 00:00:00-05:00,37.65999984741211,37.689998626708984,36.11000061035156,36.20000076293945,34120100
2016-01-15 00:00:00-05:00,36.310001373291016,36.5,34.540000915527344,35.099998474121094,34009200
2016-01-22 00:00:00-05:00,35.45000076293945,36.130001068115234,34.060001373291016,36.06999969482422,18510700
2016-01-29 00:00:00-05:00,36.029998779296875,37.25,35.41999816894531,36.599998474121094,28263300
2016-02-05 00:00:00-05:00,36.369998931884766,38.52000045776367,36.279998779296875,37.4900016784668,39217800
2016-02-12 00:00:00-05:00,37.08000183105469,37.459999084472656,35.540000915527344,36.61000061035156,23156100
2016-02-19 00:00:00-05:00,36.880001068115234,38.56999969482422,36.66999816894531,37.650001525878906,25586300
2016-02-26 00:00:00-05:00,38.16999816894531,40.560001373291016,37.689998626708984,39.43000030517578,22681200
2016-03-04 00:00:00-05:00,39.47999954223633,40.04999923706055,38.9900016784668,39.459999084472656,23964700
2016-03-11 00:00:00-05:00,39.290000915527344,40.5,39.060001373291016,40.47999954223633,15956700
2016-03-18 00:00:00-04:00,40.189998626708984,40.66999816894531,39.279998779296875,40.130001068115234,15655000
2016-03-25 00:00:00-04:00,40.130001068115234,41.06999969482422,39.869998931884766,40.11000061035156,21684800
2016-04-01 00:00:00-04:00,40.150001525878906,41.72999954223633,39.97999954223633,41.689998626708984,21253800
2016-04-08 00:00:00-04:00,41.75,42.310001373291016,41.13999938964844,41.84000015258789,19672900
2016-04-15 00:00:00-04:00,41.959999084472656,42.97999954223633,41.720001220703125,42.689998626708984,15872200
2016-04-22 00:00:00-04:00,42.529998779296875,43.59000015258789,42.529998779296875,43.31999969482422,54417700
2016-04-29 00:00:00-04:00,43.310001373291016,44.779998779296875,43.25,44.220001220703125,68228300
2016-05-06 00:00:00-04:00,44.38999938964844,45.459999084472656,44.150001525878906,45.06999969482422,82434100
2016-05-13 00:00:00-04:00,45.040000915527344,46.95000076293945,44.81999969482422,45.52000045776367,123256800
2016-05-20 00:00:00-04:00,45.38999938964844,45.880001068115234,42.88999938964844,42.91999816894531,124616900
2016-05-27 00:00:00-04:00,42.95000076293945,43.93000030517578,42.56999969482422,43.310001373291016,54730900
2016-06-03 00:00:00-04:00,43.310001373291016,43.599998474121094,42.84000015258789,43.47999954223633,20319200
2016-06-10 00:00:00-04:00,43.5,44.790000915527344,43.41999816894531,44.4900016784668,22419200
2016-06-17 00:00:00-04:00,44.119998931884766,44.779998779296875,44.0,44.439998626708984,18216300
2016-06-24 00:00:00-04:00,44.83000183105469,45.959999084472656,43.720001220703125,43.849998474121094,29945100
2016-07-01 00:00:00-04:00,43.54999923706055,45.5,42.220001220703125,45.45000076293945,25679800
2016-07-08 00:00:00-04:00,45.25,46.66999816894531,44.9900016784668,46.650001525878906,14600000
2016-07-15 00:00:00-04:00,46.869998931884766,47.220001220703125,46.369998931884766,46.77000045776367,16381000
2016-07-22 00:00:00-04:00,46.810001373291016,46.86000061035156,45.66999816894531,46.31999969482422,13296300
2016-07-29 00:00:00-04:00,46.38999938964844,48.5,45.869998931884766,48.02000045776367,24638200
2016-08-05 00:00:00-04:00,48.060001373291016,48.7599983215332,47.75,48.060001373291016,17706900
2016-08-12 00:00:00-04:00,48.08000183105469,49.4900016784668,47.93000030517578,48.59000015258789,14413000
2016-08-19 00:00:00-04:00,48.70000076293945,48.97999954223633,47.54999923706055,47.95000076293945,15862700
2016-08-26 00:00:00-04:00,47.66999816894531,48.349998474121094,46.90999984741211,47.18000030517578,16991900
2016-09-02 00:00:00-04:00,47.290000915527344,47.72999954223633,45.90999984741211,46.279998779296875,17683200
2016-09-09 00:00:00-04:00,46.2400016784668,46.400001525878906,45.08000183105469,45.09000015258789,19707400
2016-09-16 00:00:00-04:00,44.869998931884766,47.400001525878906,44.689998626708984,47.279998779296875,34682500
2016-09-23 00:00:00-04:00,47.36000061035156,48.2599983215332,47.119998931884766,47.4900016784668,18965400
2016-09-30 00:00:00-04:00,47.34000015258789,47.939998626708984,46.720001220703125,47.599998474121094,15770900
2016-10-07 00:00:00-04:00,47.29999923706055,48.54999923706055,46.959999084472656,48.45000076293945,14759800
2016-10-14 00:00:00-04:00,48.65999984741211,48.84000015258789,46.63999938964844,47.45000076293945,19356600
2016-10-21 00:00:00-04:00,47.439998626708984,48.34000015258789,47.31999969482422,48.18000030517578,13747000
2016-10-28 00:00:00-04:00,48.54999923706055,50.15999984741211,46.54999923706055,47.20000076293945,32196200
2016-11-04 00:00:00-04:00,47.20000076293945,47.709999084472656,46.58000183105469,46.9900016784668,23495300
2016-11-11 00:00:00-05:00,47.61000061035156,49.290000915527344,45.79999923706055,46.81999969482422,22082000
2016-11-18 00:00:00-05:00,46.90999984741211,47.189998626708984,44.959999084472656,46.97999954223633,21266200
2016-11-25 00:00:00-05:00,47.220001220703125,47.43000030517578,45.599998474121094,46.720001220703125,10755400
2016-12-02 00:00:00-05:00,46.58000183105469,46.939998626708984,43.2400016784668,44.0099983215332,36803900
2016-12-09 00:00:00-05:00,44.13999938964844,44.869998931884766,43.130001068115234,44.84000015258789,23533800
2016-12-16 00:00:00-05:00,44.689998626708984,45.41999816894531,44.56999969482422,44.720001220703125,18923600
2016-12-23 00:00:00-05:00,44.849998474121094,45.099998474121094,43.810001373291016,44.220001220703125,11293700
2016-12-30 00:00:00-05:00,44.25,44.75,43.95000076293945,44.34000015258789,7150800
2017-01-06 00:00:00-05:00,44.380001068115234,45.61000061035156,44.060001373291016,45.52000045776367,10374800
2017-01-13 00:00:00-05:00,45.72999954223633,47.0099983215332,45.4900016784668,46.45000076293945,14656700
2017-01-20 00:00:00-05:00,46.189998626708984,47.400001525878906,45.790000915527344,46.22999954223633,10417300
2017-01-27 00:00:00-05:00,46.060001373291016,47.15999984741211,45.470001220703125,47.08000183105469,11939000
2017-02-03 00:00:00-05:00,46.9900016784668,49.290000915527344,46.5,48.630001068115234,21268400
2017-02-10 00:00:00-05:00,48.5,49.13999938964844,48.119998931884766,49.0,9328300
2017-02-17 00:00:00-05:00,49.040000915527344,49.7400016784668,48.58000183105469,49.72999954223633,11493800
2017-02-24 00:00:00-05:00,49.75,50.7599983215332,49.59000015258789,50.4900016784668,9410800
2017-03-03 00:00:00-05:00,50.5,51.400001525878906,50.369998931884766,50.90999984741211,17228500
2017-03-10 00:00:00-05:00,50.61000061035156,52.33000183105469,50.349998474121094,52.0099983215332,20211000
2017-03-17 00:00:00-04:00,52.0,52.33000183105469,51.209999084472656,51.630001068115234,13243400
2017-03-24 00:00:00-04:00,51.63999938964844,52.189998626708984,51.029998779296875,52.02000045776367,12690200
2017-03-31 00:00:00-04:00,51.790000915527344,52.310001373291016,51.38999938964844,51.86000061035156,11171600
2017-04-07 00:00:00-04:00,51.90999984741211,53.18000030517578,51.56999969482422,52.790000915527344,14281900
2017-04-14 00:00:00-04:00,52.79999923706055,53.540000915527344,52.650001525878906,53.25,15411600
2017-04-21 00:00:00-04:00,52.709999084472656,53.22999954223633,52.27000045776367,52.880001068115234,17157100
2017-04-28 00:00:00-04:00,53.43000030517578,56.5,53.040000915527344,55.68000030517578,24864100
2017-05-05 00:00:00-04:00,55.72999954223633,56.15999984741211,55.34000015258789,55.95000076293945,11333500
2017-05-12 00:00:00-04:00,55.90999984741211,56.5,55.560001373291016,56.189998626708984,12767700
2017-05-19 00:00:00-04:00,56.04999923706055,57.790000915527344,55.939998626708984,57.209999084472656,14784000
2017-05-26 00:00:00-04:00,57.380001068115234,59.40999984741211,57.16999816894531,58.63999938964844,10718800
2017-06-02 00:00:00-04:00,58.70000076293945,60.33000183105469,58.529998779296875,59.720001220703125,12711500
2017-06-09 00:00:00-04:00,60.380001068115234,60.45000076293945,58.56999969482422,58.90999984741211,15447400
2017-06-16 00:00:00-04:00,58.689998626708984,58.790000915527344,57.13999938964844,57.93000030517578,21737900
2017-06-23 00:00:00-04:00,58.220001220703125,61.5099983215332,58.220001220703125,61.380001068115234,17160700
2017-06-30 00:00:00-04:00,61.380001068115234,61.52000045776367,59.72999954223633,60.540000915527344,11101300
2017-07-07 00:00:00-04:00,60.779998779296875,60.880001068115234,60.0099983215332,60.720001220703125,8822400
2017-07-14 00:00:00-04:00,60.619998931884766,62.25,60.2599983215332,62.11000061035156,9328000
2017-07-21 00:00:00-04:00,62.099998474121094,63.13999938964844,61.90999984741211,62.66999816894531,13211600
2017-07-28 00:00:00-04:00,62.81999969482422,63.0099983215332,59.880001068115234,60.72999954223633,14331500
2017-08-04 00:00:00-04:00,60.779998779296875,61.18000030517578,58.810001373291016,59.880001068115234,11841700
2017-08-11 00:00:00-04:00,59.84000015258789,60.369998931884766,59.36000061035156,59.84000015258789,11178000
2017-08-18 00:00:00-04:00,60.06999969482422,61.529998779296875,60.060001373291016,60.869998931884766,12020000
2017-08-25 00:00:00-04:00,60.790000915527344,62.209999084472656,60.529998779296875,61.5099983215332,10877100
2017-09-01 00:00:00-04:00,61.63999938964844,62.5,61.20000076293945,62.22999954223633,11614900
2017-09-08 00:00:00-04:00,61.9900016784668,64.4000015258789,61.83000183105469,63.279998779296875,7578400
2017-09-15 00:00:00-04:00,63.630001068115234,64.75,63.56999969482422,63.959999084472656,13424600
2017-09-22 00:00:00-04:00,64.06999969482422,64.51000213623047,63.34000015258789,63.5099983215332,9000100
2017-09-29 00:00:00-04:00,63.5099983215332,63.54999923706055,61.86000061035156,62.75,8399700
2017-10-06 00:00:00-04:00,62.91999816894531,63.400001525878906,62.41999816894531,62.90999984741211,9668600
2017-10-13 00:00:00-04:00,63.04999923706055,63.04999923706055,60.779998779296875,62.81999969482422,11452900
2017-10-20 00:00:00-04:00,62.900001525878906,64.18000030517578,62.810001373291016,63.59000015258789,12584900
2017-10-27 00:00:00-04:00,63.75,65.69999694824219,62.52000045776367,65.68000030517578,13642900
2017-11-03 00:00:00-04:00,65.37000274658203,65.41999816894531,63.7599983215332,64.9000015258789,10823800
2017-11-10 00:00:00-05:00,65.0999984741211,65.41000366210938,62.91999816894531,64.04000091552734,12029600
2017-11-17 00:00:00-05:00,63.689998626708984,65.29000091552734,63.02000045776367,63.880001068115234,13911100
2017-11-24 00:00:00-05:00,64.01000213623047,64.61000061035156,63.7599983215332,64.12000274658203,7781200
2017-12-01 00:00:00-05:00,64.23999786376953,66.18000030517578,64.01000213623047,65.48999786376953,19567700
2017-12-08 00:00:00-05:00,65.5999984741211,65.72000122070312,63.209999084472656,64.05000305175781,12413700
2017-12-15 00:00:00-05:00,63.900001525878906,65.61000061035156,63.720001220703125,65.33000183105469,15844000
2017-12-22 00:00:00-05:00,65.48999786376953,66.0,64.41000366210938,64.72000122070312,12363200
2017-12-29 00:00:00-05:00,64.83999633789062,65.30000305175781,64.51000213623047,64.63999938964844,6582300
2018-01-05 00:00:00-05:00,66.08999633789062,69.3499984741211,65.81999969482422,69.18000030517578,15719200
2018-01-12 00:00:00-05:00,69.18000030517578,69.6500015258789,68.0,68.33999633789062,12327200
2018-01-19 00:00:00-05:00,68.5,70.0199966430664,67.54000091552734,70.01000213623047,15312500
2018-01-26 00:00:00-05:00,70.02999877929688,72.26000213623047,69.4000015258789,72.26000213623047,13459900
2018-02-02 00:00:00-05:00,71.87000274658203,72.58000183105469,68.4800033569336,68.55000305175781,19684300
2018-02-09 00:00:00-05:00,68.33999633789062,68.66000366210938,62.52000045776367,64.30999755859375,24381600
2018-02-16 00:00:00-05:00,64.7300033569336,67.11000061035156,63.84000015258789,66.33000183105469,16457300
2018-02-23 00:00:00-05:00,66.76000213623047,68.41999816894531,65.93000030517578,68.36000061035156,12923300
2018-03-02 00:00:00-05:00,68.58000183105469,69.36000061035156,65.55000305175781,66.27999877929688,13892400
2018-03-09 00:00:00-05:00,65.93000030517578,68.9800033569336,65.77999877929688,68.88999938964844,15645900
2018-03-16 00:00:00-04:00,68.95999908447266,69.1500015258789,67.08999633789062,67.88999938964844,13693600
2018-03-23 00:00:00-04:00,67.80000305175781,67.9800033569336,64.18000030517578,64.29000091552734,15309000
2018-03-30 00:00:00-04:00,65.01000213623047,66.13999938964844,63.84000015258789,65.04000091552734,14148800
2018-04-06 00:00:00-04:00,64.91999816894531,65.80999755859375,62.66999816894531,63.88999938964844,14993000
2018-04-13 00:00:00-04:00,64.48999786376953,66.75,64.16999816894531,65.72000122070312,14592900
2018-04-20 00:00:00-04:00,66.36000061035156,67.68000030517578,65.41000366210938,67.05000305175781,14107100
2018-04-27 00:00:00-04:00,67.30999755859375,70.58000183105469,65.19999694824219,70.20999908447266,18338100
2018-05-04 00:00:00-04:00,70.18000030517578,70.87999725341797,68.97000122070312,70.37999725341797,14961100
2018-05-11 00:00:00-04:00,70.5199966430664,70.93000030517578,68.55999755859375,70.5199966430664,11850100
2018-05-18 00:00:00-04:00,70.38999938964844,71.69999694824219,70.0199966430664,70.5999984741211,13680400
2018-05-25 00:00:00-04:00,71.16999816894531,73.04000091552734,71.16999816894531,72.52999877929688,16304500
2018-06-01 00:00:00-04:00,71.93000030517578,72.75,70.77999877929688,72.69999694824219,13614000
2018-06-08 00:00:00-04:00,72.77999877929688,75.45999908447266,72.66000366210938,74.77999877929688,19671900
2018-06-15 00:00:00-04:00,74.86000061035156,75.62000274658203,74.45999908447266,75.22000122070312,15095200
2018-06-22 00:00:00-04:00,74.58000183105469,74.86000061035156,73.27999877929688,74.31999969482422,13589200
2018-06-29 00:00:00-04:00,74.05999755859375,74.69000244140625,72.33000183105469,73.83999633789062,13757500
2018-07-06 00:00:00-04:00,73.38999938964844,74.56999969482422,72.91999816894531,74.37000274658203,5959500
2018-07-13 00:00:00-04:00,74.5999984741211,75.12000274658203,74.0999984741211,74.77999877929688,8948300
2018-07-20 00:00:00-04:00,74.25,75.5999984741211,73.58999633789062,75.0,12752200
2018-07-27 00:00:00-04:00,75.0,76.51000213623047,71.01000213623047,71.70999908447266,21443300
2018-08-03 00:00:00-04:00,71.63999938964844,73.12999725341797,70.94999694824219,72.3499984741211,16530100
2018-08-10 00:00:00-04:00,72.25,73.08999633789062,71.19000244140625,71.5,13933500
2018-08-17 00:00:00-04:00,71.4000015258789,72.13999938964844,70.19000244140625,72.04000091552734,10941700
2018-08-24 00:00:00-04:00,72.08999633789062,72.76000213623047,71.2300033569336,72.3499984741211,13291300
2018-08-31 00:00:00-04:00,72.5999984741211,74.44999694824219,72.51000213623047,74.37000274658203,13160900
2018-09-07 00:00:00-04:00,74.80000305175781,75.12999725341797,73.66999816894531,74.58999633789062,14568900
2018-09-14 00:00:00-04:00,74.83999633789062,77.8499984741211,74.63999938964844,77.69000244140625,12677400
2018-09-21 00:00:00-04:00,77.44999694824219,78.37999725341797,76.93000030517578,77.37000274658203,14367800
2018-09-28 00:00:00-04:00,77.38999938964844,77.95999908447266,76.55000305175781,77.08999633789062,12166500
2018-10-05 00:00:00-04:00,77.5,78.2300033569336,73.55999755859375,74.18000030517578,13617100
2018-10-12 00:00:00-04:00,73.88999938964844,74.1500015258789,69.5199966430664,71.25,15637500
2018-10-19 00:00:00-04:00,71.19999694824219,72.54000091552734,69.19999694824219,69.45999908447266,15899900
2018-10-26 00:00:00-04:00,69.45999908447266,69.7300033569336,66.19000244140625,67.0999984741211,16809400
2018-11-02 00:00:00-04:00,68.1500015258789,68.88999938964844,61.04999923706055,62.18000030517578,37089300
2018-11-09 00:00:00-05:00,62.41999816894531,64.11000061035156,61.7599983215332,63.47999954223633,19529600
2018-11-16 00:00:00-05:00,63.439998626708984,66.91000366210938,61.4900016784668,66.51000213623047,31319100
2018-11-23 00:00:00-05:00,66.63999938964844,66.72000122070312,63.75,65.47000122070312,15143400
2018-11-30 00:00:00-05:00,65.88999938964844,68.63999938964844,65.1500015258789,68.55000305175781,17754600
2018-12-07 00:00:00-05:00,68.93000030517578,69.37000274658203,64.76000213623047,65.0199966430664,21193100
2018-12-14 00:00:00-05:00,64.98999786376953,67.75,63.970001220703125,65.69999694824219,16650900
2018-12-21 00:00:00-05:00,65.33999633789062,65.97000122070312,62.220001220703125,62.900001525878906,28162800
2018-12-28 00:00:00-05:00,62.47999954223633,66.0,61.400001525878906,65.20999908447266,14515900
2019-01-04 00:00:00-05:00,65.58999633789062,66.80999755859375,64.12999725341797,66.5,16450100
2019-01-11 00:00:00-05:00,66.20999908447266,67.68000030517578,65.2699966430664,66.80999755859375,18679000
2019-01-18 00:00:00-05:00,66.31999969482422,70.81999969482422,66.04000091552734,70.62999725341797,21879600
2019-01-25 00:00:00-05:00,70.05000305175781,70.58000183105469,68.69000244140625,70.33000183105469,12076500
2019-02-01 00:00:00-05:00,69.93000030517578,73.75,69.86000061035156,72.12999725341797,18295400
2019-02-08 00:00:00-05:00,72.27999877929688,72.69999694824219,70.56999969482422,71.5,12106000
2019-02-15 00:00:00-05:00,71.73999786376953,73.5199966430664,71.5999984741211,73.43000030517578,12213600
2019-02-22 00:00:00-05:00,73.16999816894531,74.83000183105469,73.16999816894531,74.68000030517578,9341000
2019-03-01 00:00:00-05:00,74.97000122070312,76.0999984741211,74.0,75.83999633789062,15601200
2019-03-08 00:00:00-05:00,76.18000030517578,76.25,73.4000015258789,74.12999725341797,14004000
2019-03-15 00:00:00-04:00,74.54000091552734,77.12999725341797,74.38999938964844,76.94000244140625,15116300
2019-03-22 00:00:00-04:00,77.13999938964844,78.5199966430664,76.5,77.23999786376953,11922200
2019-03-29 00:00:00-04:00,77.2699966430664,81.41999816894531,77.11000061035156,81.30999755859375,16933900
2019-04-05 00:00:00-04:00,81.88999938964844,82.25,80.05000305175781,80.66999816894531,14651800
2019-04-12 00:00:00-04:00,79.80000305175781,80.55999755859375,79.0,79.31999969482422,11547500
2019-04-19 00:00:00-04:00,79.58000183105469,80.26000213623047,73.37999725341797,74.33000183105469,13926800
2019-04-26 00:00:00-04:00,74.08000183105469,77.01000213623047,74.02999877929688,76.18000030517578,19432800
2019-05-03 00:00:00-04:00,76.18000030517578,77.58000183105469,74.97000122070312,77.30000305175781,12043500
2019-05-10 00:00:00-04:00,76.06999969482422,77.52999877929688,74.04000091552734,75.94000244140625,12314000
2019-05-17 00:00:00-04:00,75.22000122070312,77.20999908447266,74.94999694824219,75.9800033569336,11651500
2019-05-24 00:00:00-04:00,75.72000122070312,76.16999816894531,74.5,75.0999984741211,10482500
2019-05-31 00:00:00-04:00,75.18000030517578,75.8499984741211,72.41999816894531,73.44000244140625,8976200
2019-06-07 00:00:00-04:00,73.66999816894531,78.12999725341797,73.44999694824219,77.58000183105469,15018500
2019-06-14 00:00:00-04:00,78.05999755859375,78.91999816894531,76.93000030517578,77.93000030517578,8115800
2019-06-21 00:00:00-04:00,77.94000244140625,82.80000305175781,77.8499984741211,82.41000366210938,13890600
2019-06-28 00:00:00-04:00,82.47000122070312,82.66000366210938,79.41999816894531,81.9000015258789,12616100
2019-07-05 00:00:00-04:00,82.73999786376953,82.7699966430664,80.83000183105469,82.01000213623047,6450500
2019-07-12 00:00:00-04:00,81.8499984741211,82.8499984741211,81.13999938964844,81.6500015258789,9536600
2019-07-19 00:00:00-04:00,81.77999877929688,83.93000030517578,81.26000213623047,83.0999984741211,12739700
2019-07-26 00:00:00-04:00,83.31999969482422,86.6500015258789,82.52999877929688,85.1500015258789,13673600
2019-08-02 00:00:00-04:00,85.19999694824219,86.27999877929688,83.29000091552734,84.69999694824219,10523700
2019-08-09 00:00:00-04:00,83.69000244140625,86.68000030517578,81.20999908447266,85.97000122070312,10219400
2019-08-16 00:00:00-04:00,85.87999725341797,88.27999877929688,85.38999938964844,86.97000122070312,12246600
2019-08-23 00:00:00-04:00,87.70999908447266,88.4800033569336,84.62000274658203,85.02999877929688,7704400
2019-08-30 00:00:00-04:00,85.77999877929688,88.20999908447266,84.98999786376953,87.94999694824219,10049200
2019-09-06 00:00:00-04:00,87.62000274658203,89.93000030517578,86.97000122070312,89.77999877929688,9970800
2019-09-13 00:00:00-04:00,89.66000366210938,89.80999755859375,84.45999908447266,86.93000030517578,13088500
2019-09-20 00:00:00-04:00,86.55999755859375,88.41000366210938,86.51000213623047,87.4000015258789,17643800
2019-09-27 00:00:00-04:00,87.37999725341797,87.97000122070312,85.70999908447266,85.93000030517578,13011300
2019-10-04 00:00:00-04:00,86.1500015258789,87.94000244140625,83.4800033569336,86.63999938964844,11354100
2019-10-11 00:00:00-04:00,86.2300033569336,89.0,84.68000030517578,88.02999877929688,10892100
2019-10-18 00:00:00-04:00,88.0,88.30999755859375,86.37000274658203,87.98999786376953,8582600
2019-10-25 00:00:00-04:00,88.4800033569336,89.0999984741211,75.66999816894531,77.27999877929688,28657800
2019-11-01 00:00:00-04:00,77.3499984741211,78.91999816894531,76.2300033569336,77.91000366210938,21296600
2019-11-08 00:00:00-05:00,78.20999908447266,78.66999816894531,77.11000061035156,78.51000213623047,15451900
2019-11-15 00:00:00-05:00,78.31999969482422,81.51000213623047,78.19999694824219,81.44000244140625,15542600
2019-11-22 00:00:00-05:00,81.23999786376953,82.43000030517578,80.73999786376953,82.0199966430664,13434100
2019-11-29 00:00:00-05:00,82.54000091552734,82.87000274658203,81.75,81.97000122070312,8279100
2019-12-06 00:00:00-05:00,82.0999984741211,83.52999877929688,80.5199966430664,83.16999816894531,8975400
2019-12-13 00:00:00-05:00,83.12999725341797,84.04000091552734,80.62999725341797,83.95999908447266,13284300
2019-12-20 00:00:00-05:00,84.5199966430664,84.69000244140625,81.27999877929688,82.48999786376953,16987300
2019-12-27 00:00:00-05:00,82.79000091552734,84.91000366210938,82.5,84.05000305175781,4466900
2020-01-03 00:00:00-05:00,84.0999984741211,85.87000274658203,83.06999969482422,85.5,6988500
2020-01-10 00:00:00-05:00,85.30000305175781,87.08000183105469,84.1500015258789,85.9000015258789,17097600
2020-01-17 00:00:00-05:00,87.47000122070312,90.30000305175781,87.0999984741211,89.7300033569336,18123800
2020-01-24 00:00:00-05:00,89.5199966430664,91.87000274658203,89.30999755859375,90.77999877929688,10840500
2020-01-31 00:00:00-05:00,89.68000030517578,91.16999816894531,89.05000305175781,89.22000122070312,9127800
2020-02-07 00:00:00-05:00,89.9800033569336,95.0,89.6500015258789,91.25,13091200
2020-02-14 00:00:00-05:00,90.69999694824219,93.43000030517578,90.25,93.13999938964844,9781400
2020-02-21 00:00:00-05:00,92.58999633789062,93.56999969482422,91.04000091552734,92.66999816894531,6744600
2020-02-28 00:00:00-05:00,90.7699966430664,91.33000183105469,80.58999633789062,83.47000122070312,15791700
2020-03-06 00:00:00-05:00,83.37000274658203,91.13999938964844,82.9000015258789,85.37999725341797,18217900
2020-03-13 00:00:00-04:00,80.6500015258789,83.30999755859375,71.27999877929688,80.98999786376953,24009100
2020-03-20 00:00:00-04:00,72.66000366210938,85.22000122070312,69.0999984741211,75.75,30387400
2020-03-27 00:00:00-04:00,74.8499984741211,80.73999786376953,69.69000244140625,79.79000091552734,24254800
2020-04-03 00:00:00-04:00,80.87000274658203,84.36000061035156,77.81999969482422,81.41999816894531,14588700
2020-04-10 00:00:00-04:00,84.04000091552734,87.80000305175781,82.16000366210938,86.88999938964844,12509800
2020-04-17 00:00:00-04:00,85.61000061035156,93.0,84.56999969482422,92.94999694824219,15492700
2020-04-24 00:00:00-04:00,92.9000015258789,95.19000244140625,89.9000015258789,92.91999816894531,16313600
2020-05-01 00:00:00-04:00,94.0,94.01000213623047,86.5999984741211,87.83999633789062,13749500
2020-05-08 00:00:00-04:00,88.16999816894531,89.68000030517578,86.56999969482422,88.08000183105469,9962600
2020-05-15 00:00:00-04:00,87.76000213623047,89.7699966430664,84.29000091552734,87.16000366210938,15906700
2020-05-22 00:00:00-04:00,88.41999816894531,89.38999938964844,85.81999969482422,86.93000030517578,12794900
2020-05-29 00:00:00-04:00,87.91000366210938,90.11000061035156,83.66000366210938,90.01000213623047,16599500
2020-06-05 00:00:00-04:00,89.61000061035156,91.58000183105469,88.16999816894531,89.19000244140625,10200500
2020-06-12 00:00:00-04:00,87.58999633789062,89.45999908447266,82.7699966430664,83.97000122070312,19344200
2020-06-19 00:00:00-04:00,82.94999694824219,86.01000213623047,82.45999908447266,84.48999786376953,16346700
2020-06-26 00:00:00-04:00,84.41999816894531,85.5,81.3499984741211,84.30999755859375,15473400
2020-07-03 00:00:00-04:00,84.8499984741211,87.66000366210938,83.66000366210938,87.20999908447266,12049000
2020-07-10 00:00:00-04:00,87.7699966430664,88.5,83.7300033569336,85.2300033569336,15647600
2020-07-17 00:00:00-04:00,85.51000213623047,87.80000305175781,82.87999725341797,87.55999755859375,12854200
2020-07-24 00:00:00-04:00,87.51000213623047,90.80999755859375,86.8499984741211,89.26000213623047,8934800
2020-07-31 00:00:00-04:00,89.33000183105469,91.44999694824219,82.91999816894531,86.37999725341797,17499400
2020-08-07 00:00:00-04:00,86.95999908447266,87.12000274658203,78.68000030517578,80.7300033569336,23940700
2020-08-14 00:00:00-04:00,80.83999633789062,84.91999816894531,80.37000274658203,83.5,18680300
2020-08-21 00:00:00-04:00,83.37000274658203,84.5199966430664,82.12999725341797,83.08999633789062,13415500
2020-08-28 00:00:00-04:00,83.5199966430664,86.88999938964844,82.87999725341797,86.02999877929688,13254400
2020-09-04 00:00:00-04:00,86.25,87.25,81.48999786376953,82.30000305175781,17271600
2020-09-11 00:00:00-04:00,81.80999755859375,83.83999633789062,80.8499984741211,83.0999984741211,10542600
2020-09-18 00:00:00-04:00,83.58999633789062,84.63999938964844,80.36000061035156,82.97000122070312,17154200
2020-09-25 00:00:00-04:00,81.80999755859375,81.86000061035156,77.72000122070312,79.63999938964844,13962300
2020-10-02 00:00:00-04:00,80.55999755859375,82.38999938964844,78.63999938964844,78.83000183105469,12086200
2020-10-09 00:00:00-04:00,79.16999816894531,82.0199966430664,77.7300033569336,78.5,14834400
2020-10-16 00:00:00-04:00,78.83000183105469,82.30999755859375,78.54000091552734,81.81999969482422,10279800
2020-10-23 00:00:00-04:00,81.87000274658203,82.61000061035156,80.75,81.08999633789062,12215000
2020-10-30 00:00:00-04:00,80.26000213623047,82.0,76.02999877929688,77.56999969482422,14783200
2020-11-06 00:00:00-05:00,78.1500015258789,80.20999908447266,75.5199966430664,78.93000030517578,20508000
2020-11-13 00:00:00-05:00,81.73999786376953,82.83999633789062,79.16000366210938,82.36000061035156,22213200
2020-11-20 00:00:00-05:00,82.83000183105469,82.87999725341797,76.98999786376953,77.0199966430664,16716100
2020-11-27 00:00:00-05:00,76.73999786376953,77.0199966430664,75.19999694824219,75.97000122070312,10360400
2020-12-04 00:00:00-05:00,76.12000274658203,78.27999877929688,74.79000091552734,78.0,21618300
2020-12-11 00:00:00-05:00,77.79000091552734,80.5999984741211,76.79000091552734,79.33999633789062,19428100
2020-12-18 00:00:00-05:00,79.80999755859375,81.62999725341797,78.18000030517578,80.86000061035156,15926800
2020-12-25 00:00:00-05:00,80.04000091552734,80.12000274658203,78.02999877929688,79.58999633789062,7564900
2021-01-01 00:00:00-05:00,79.87999725341797,80.44999694824219,78.72000122070312,80.23999786376953,5735500
2021-01-08 00:00:00-05:00,80.48999786376953,82.13999938964844,79.30999755859375,81.69999694824219,12660100
2021-01-15 00:00:00-05:00,82.19999694824219,82.88999938964844,79.22000122070312,80.04000091552734,14278300
2021-01-22 00:00:00-05:00,80.55999755859375,80.6500015258789,78.5199966430664,79.51000213623047,9495000
2021-01-29 00:00:00-05:00,79.4800033569336,81.05000305175781,74.98999786376953,76.83000183105469,15146700
2021-02-05 00:00:00-05:00,77.47000122070312,80.48999786376953,75.83999633789062,77.30000305175781,15233400
2021-02-12 00:00:00-05:00,77.54000091552734,78.9800033569336,76.76000213623047,78.7300033569336,14849900
2021-02-19 00:00:00-05:00,78.68000030517578,79.33000183105469,76.8499984741211,78.44000244140625,11348100
2021-02-26 00:00:00-05:00,77.94999694824219,80.38999938964844,76.80000305175781,77.69000244140625,16080100
2021-03-05 00:00:00-05:00,78.06999969482422,78.98999786376953,75.9000015258789,78.05999755859375,16194000
2021-03-12 00:00:00-05:00,78.20999908447266,79.30000305175781,76.95999908447266,77.95999908447266,8719500
2021-03-19 00:00:00-04:00,78.01000213623047,80.83000183105469,77.55999755859375,80.30000305175781,13231600
2021-03-26 00:00:00-04:00,79.80000305175781,86.08999633789062,79.51000213623047,85.94999694824219,16405700
2021-04-02 00:00:00-04:00,85.4800033569336,86.55999755859375,83.37999725341797,84.31999969482422,12301700
2021-04-09 00:00:00-04:00,84.75,85.69999694824219,83.80000305175781,84.91999816894531,9752700
2021-04-16 00:00:00-04:00,85.0,86.8499984741211,83.7300033569336,86.55999755859375,10571800
2021-04-23 00:00:00-04:00,86.43000030517578,88.31999969482422,85.73999786376953,87.87000274658203,11388100
2021-04-30 00:00:00-04:00,88.0,88.0,83.83000183105469,85.69000244140625,10593500
2021-05-07 00:00:00-04:00,86.0199966430664,87.91999816894531,85.69999694824219,86.62000274658203,11637100
2021-05-14 00:00:00-04:00,87.18000030517578,87.56999969482422,82.8499984741211,83.86000061035156,15400500
2021-05-21 00:00:00-04:00,83.8499984741211,84.18000030517578,82.02999877929688,83.05999755859375,9795600
2021-05-28 00:00:00-04:00,83.2300033569336,83.52999877929688,81.19000244140625,82.12000274658203,15667600
2021-06-04 00:00:00-04:00,82.45999908447266,82.77999877929688,80.66000366210938,82.25,10152200
2021-06-11 00:00:00-04:00,82.30999755859375,84.5,80.26000213623047,82.23999786376953,16512500
2021-06-18 00:00:00-04:00,82.30000305175781,82.9000015258789,80.27999877929688,80.81999969482422,14171600
2021-06-25 00:00:00-04:00,81.13999938964844,82.52999877929688,80.41000366210938,82.19000244140625,15457800
2021-07-02 00:00:00-04:00,82.43000030517578,82.43000030517578,80.27999877929688,81.76000213623047,14809500
2021-07-09 00:00:00-04:00,81.5,81.87000274658203,80.22000122070312,80.43000030517578,9330700
2021-07-16 00:00:00-04:00,80.37999725341797,81.81999969482422,80.2699966430664,81.41999816894531,9289300
2021-07-23 00:00:00-04:00,81.0999984741211,81.66000366210938,79.54000091552734,81.13999938964844,9687900
2021-07-30 00:00:00-04:00,80.66000366210938,85.68000030517578,76.38999938964844,77.3499984741211,23588900
2021-08-06 00:00:00-04:00,77.5999984741211,77.9800033569336,73.61000061035156,74.83000183105469,22784400
2021-08-13 00:00:00-04:00,74.80999755859375,74.91999816894531,73.54000091552734,74.55999755859375,10852200
2021-08-20 00:00:00-04:00,74.77999877929688,76.19999694824219,74.62999725341797,75.19000244140625,16087600
2021-08-27 00:00:00-04:00,75.44000244140625,75.44000244140625,73.12000274658203,73.97000122070312,13312800
2021-09-03 00:00:00-04:00,74.25,83.1500015258789,74.25,82.70999908447266,31857600
2021-09-10 00:00:00-04:00,82.33000183105469,83.91000366210938,80.70999908447266,80.91999816894531,14895200
2021-09-17 00:00:00-04:00,82.2300033569336,84.16999816894531,80.33000183105469,83.61000061035156,18869600
2021-09-24 00:00:00-04:00,82.8499984741211,83.2300033569336,80.52999877929688,80.8499984741211,12007400
2021-10-01 00:00:00-04:00,80.43000030517578,82.52999877929688,79.76000213623047,81.29000091552734,13725700
2021-10-08 00:00:00-04:00,81.0,82.19000244140625,79.66999816894531,80.19999694824219,14821300
2021-10-15 00:00:00-04:00,79.91999816894531,80.36000061035156,78.27999877929688,79.69999694824219,8433600
2021-10-22 00:00:00-04:00,79.5999984741211,82.23999786376953,77.94000244140625,82.19000244140625,9318200
2021-10-29 00:00:00-04:00,82.37000274658203,84.30000305175781,77.55999755859375,78.95999908447266,22282600
2021-11-05 00:00:00-04:00,79.19999694824219,80.94000244140625,77.76000213623047,78.04000091552734,12422400
2021-11-12 00:00:00-05:00,78.31999969482422,79.70999908447266,77.55999755859375,79.45999908447266,9589900
2021-11-19 00:00:00-05:00,79.58000183105469,80.1500015258789,78.66000366210938,79.26000213623047,10317900
2021-11-26 00:00:00-05:00,79.4000015258789,79.93000030517578,76.05000305175781,76.29000091552734,6035200
2021-12-03 00:00:00-05:00,76.31999969482422,78.13999938964844,74.31999969482422,78.05000305175781,13686600
2021-12-10 00:00:00-05:00,78.38999938964844,81.2699966430664,78.22000122070312,80.86000061035156,11793500
2021-12-17 00:00:00-05:00,80.97000122070312,85.08999633789062,80.41999816894531,83.62999725341797,15831200
2021-12-24 00:00:00-05:00,83.12999725341797,86.08000183105469,81.9000015258789,85.55000305175781,9697400
2021-12-31 00:00:00-05:00,85.80000305175781,87.51000213623047,85.48999786376953,85.83999633789062,6863500
2022-01-07 00:00:00-05:00,85.5199966430664,88.91000366210938,85.19000244140625,87.44999694824219,11470500
2022-01-14 00:00:00-05:00,87.37000274658203,87.69000244140625,84.31999969482422,85.73999786376953,12300600
2022-01-21 00:00:00-05:00,85.58999633789062,87.56999969482422,85.18000030517578,86.27999877929688,8939200
2022-01-28 00:00:00-05:00,85.19000244140625,86.19000244140625,83.16999816894531,85.29000091552734,15350500
2022-02-04 00:00:00-05:00,85.29000091552734,87.25,83.79000091552734,86.70999908447266,17371000
2022-02-11 00:00:00-05:00,86.9800033569336,89.69999694824219,85.81999969482422,85.91000366210938,17093500
2022-02-18 00:00:00-05:00,85.58999633789062,86.62000274658203,79.55999755859375,82.3499984741211,17185100
2022-02-25 00:00:00-05:00,82.5,86.95999908447266,81.94000244140625,86.26000213623047,15482600
2022-03-04 00:00:00-05:00,85.25,86.44000244140625,83.4800033569336,86.0199966430664,13312000
2022-03-11 00:00:00-05:00,85.62000274658203,85.62000274658203,76.66999816894531,76.8499984741211,16402000
2022-03-18 00:00:00-04:00,77.44999694824219,79.69999694824219,77.19999694824219,79.12000274658203,13020600
2022-03-25 00:00:00-04:00,79.01000213623047,79.91999816894531,76.76000213623047,77.20999908447266,22437800
2022-04-01 00:00:00-04:00,77.3499984741211,80.72000122070312,76.75,78.58000183105469,21014300
2022-04-08 00:00:00-04:00,76.1500015258789,80.30999755859375,75.31999969482422,80.0,20420800
2022-04-15 00:00:00-04:00,80.0,80.58000183105469,75.97000122070312,76.44000244140625,12938000
2022-04-22 00:00:00-04:00,76.25,78.7300033569336,72.88999938964844,73.08000183105469,13330800
2022-04-29 00:00:00-04:00,72.80000305175781,74.6500015258789,69.72000122070312,71.05999755859375,22520500
2022-05-06 00:00:00-04:00,71.33000183105469,73.62999725341797,69.72000122070312,72.79000091552734,18106200
2022-05-13 00:00:00-04:00,72.16000366210938,74.51000213623047,71.2699966430664,73.02999877929688,14663200
2022-05-20 00:00:00-04:00,73.05999755859375,74.36000061035156,71.16000366210938,73.2300033569336,11115500
2022-05-27 00:00:00-04:00,74.19000244140625,77.08000183105469,72.93000030517578,76.16000366210938,14032900
2022-06-03 00:00:00-04:00,75.37999725341797,76.51000213623047,72.30000305175781,72.54000091552734,9787000
2022-06-10 00:00:00-04:00,72.22000122070312,73.62999725341797,71.19000244140625,73.12000274658203,11566900
2022-06-17 00:00:00-04:00,71.83000183105469,72.6500015258789,63.27000045776367,63.83000183105469,23696400
2022-06-24 00:00:00-04:00,64.56999969482422,67.02999877929688,63.25,66.77999877929688,12733300
2022-07-01 00:00:00-04:00,66.7699966430664,67.41999816894531,63.709999084472656,65.48999786376953,13367600
2022-07-08 00:00:00-04:00,65.01000213623047,65.87000274658203,63.540000915527344,65.18000030517578,8957700
2022-07-15 00:00:00-04:00,64.63999938964844,65.18000030517578,62.70000076293945,64.91000366210938,11902700
2022-07-22 00:00:00-04:00,64.93000030517578,66.58999633789062,64.19000244140625,66.16000366210938,10493800
2022-07-29 00:00:00-04:00,66.27999877929688,67.06999969482422,57.91999816894531,58.65999984741211,22975700
2022-08-05 00:00:00-04:00,58.34000015258789,59.5,57.4900016784668,58.59000015258789,20062800
2022-08-12 00:00:00-04:00,58.9900016784668,61.060001373291016,58.470001220703125,60.459999084472656,12902200
2022-08-19 00:00:00-04:00,60.33000183105469,62.2400016784668,60.130001068115234,61.25,16506500
2022-08-26 00:00:00-04:00,61.040000915527344,61.150001525878906,57.119998931884766,57.16999816894531,13841500
2022-09-02 00:00:00-04:00,56.79999923706055,58.88999938964844,55.880001068115234,56.209999084472656,15853500
2022-09-09 00:00:00-04:00,56.4900016784668,59.810001373291016,54.45000076293945,59.529998779296875,16043800
2022-09-16 00:00:00-04:00,59.779998779296875,60.38999938964844,57.97999954223633,58.18000030517578,14482200
2022-09-23 00:00:00-04:00,57.88999938964844,58.58000183105469,54.560001373291016,55.40999984741211,11826900
2022-09-30 00:00:00-04:00,55.15999984741211,55.97999954223633,53.779998779296875,53.86000061035156,15362600
2022-10-07 00:00:00-04:00,54.25,58.22999954223633,53.810001373291016,55.619998931884766,14777500
2022-10-14 00:00:00-04:00,55.880001068115234,56.75,53.849998474121094,54.5,15949200
2022-10-21 00:00:00-04:00,55.2599983215332,56.810001373291016,54.33000183105469,56.43000030517578,23797000
2022-10-28 00:00:00-04:00,56.91999816894531,58.119998931884766,53.56999969482422,55.0,28984800
2022-11-04 00:00:00-04:00,54.880001068115234,55.04999923706055,49.83000183105469,50.58000183105469,19310000
2022-11-11 00:00:00-05:00,50.79999923706055,55.18000030517578,50.650001525878906,54.880001068115234,28708300
2022-11-18 00:00:00-05:00,54.86000061035156,55.61000061035156,53.630001068115234,55.0,23857300
2022-11-25 00:00:00-05:00,55.029998779296875,56.72999954223633,54.7599983215332,56.0,11552400
2022-12-02 00:00:00-05:00,55.70000076293945,56.91999816894531,51.779998779296875,53.220001220703125,34262500
2022-12-09 00:00:00-05:00,52.779998779296875,53.15999984741211,50.880001068115234,52.380001068115234,22800400
2022-12-16 00:00:00-05:00,52.220001220703125,53.79999923706055,49.470001220703125,49.709999084472656,31857300
2022-12-23 00:00:00-05:00,49.0,50.38999938964844,49.0,50.16999816894531,22061100
2022-12-30 00:00:00-05:00,50.150001525878906,51.70000076293945,49.540000915527344,50.970001220703125,9599000
2023-01-06 00:00:00-05:00,50.400001525878906,53.119998931884766,47.86000061035156,48.45000076293945,20204500
2023-01-13 00:00:00-05:00,47.599998474121094,47.95000076293945,44.33000183105469,44.84000015258789,40145500
2023-01-20 00:00:00-05:00,45.029998779296875,45.119998931884766,43.25,43.880001068115234,36099900
2023-01-27 00:00:00-05:00,44.0,46.369998931884766,43.9900016784668,46.0,22213200
2023-02-03 00:00:00-05:00,45.939998626708984,47.22999954223633,44.7599983215332,46.68000030517578,30738300
2023-02-10 00:00:00-05:00,46.540000915527344,46.65999984741211,38.58000183105469,40.95000076293945,48271500
2023-02-17 00:00:00-05:00,41.0,41.040000915527344,39.22999954223633,41.0,35291300
2023-02-24 00:00:00-05:00,40.790000915527344,41.38999938964844,39.650001525878906,40.15999984741211,21647800
2023-03-03 00:00:00-05:00,40.290000915527344,40.58000183105469,38.61000061035156,39.939998626708984,27980600
2023-03-10 00:00:00-05:00,40.0,40.150001525878906,37.95000076293945,38.02000045776367,25487900
2023-03-17 00:00:00-04:00,38.0,39.560001373291016,37.349998474121094,37.58000183105469,38935500
2023-03-24 00:00:00-04:00,37.59000015258789,40.150001525878906,37.52000045776367,39.22999954223633,34256400
2023-03-31 00:00:00-04:00,39.97999954223633,41.11000061035156,39.52000045776367,40.560001373291016,21688400
2023-04-07 00:00:00-04:00,40.83000183105469,42.720001220703125,39.66999816894531,42.29999923706055,30605800
2023-04-14 00:00:00-04:00,42.0,43.54999923706055,41.61000061035156,43.04999923706055,30124100
2023-04-21 00:00:00-04:00,43.20000076293945,45.45000076293945,42.720001220703125,45.290000915527344,29737500
2023-04-28 00:00:00-04:00,45.5,47.970001220703125,44.72999954223633,47.68000030517578,37691000
2023-05-05 00:00:00-04:00,47.59000015258789,48.22999954223633,45.220001220703125,46.04999923706055,18935800
2023-05-12 00:00:00-04:00,46.5,47.2599983215332,42.279998779296875,42.470001220703125,37028100
2023-05-19 00:00:00-04:00,42.56999969482422,43.68000030517578,42.22999954223633,42.9900016784668,19195000
2023-05-26 00:00:00-04:00,42.9900016784668,43.290000915527344,40.88999938964844,41.290000915527344,18574400
2023-06-02 00:00:00-04:00,41.11000061035156,41.709999084472656,39.91999816894531,41.33000183105469,29221500
2023-06-09 00:00:00-04:00,41.41999816894531,42.380001068115234,40.63999938964844,41.970001220703125,18744300
2023-06-16 00:00:00-04:00,42.130001068115234,45.529998779296875,41.97999954223633,45.36000061035156,25120900
2023-06-23 00:00:00-04:00,44.720001220703125,45.599998474121094,43.9900016784668,45.040000915527344,25676400
2023-06-30 00:00:00-04:00,44.88999938964844,45.75,43.86000061035156,45.560001373291016,20967800
2023-07-07 00:00:00-04:00,45.310001373291016,45.7599983215332,44.25,45.29999923706055,15649400
2023-07-14 00:00:00-04:00,45.40999984741211,47.5,45.119998931884766,46.86000061035156,18813400
2023-07-21 00:00:00-04:00,46.599998474121094,50.209999084472656,46.41999816894531,48.560001373291016,29962600
2023-07-28 00:00:00-04:00,48.2400016784668,49.290000915527344,44.7599983215332,47.0099983215332,36816200
2023-08-04 00:00:00-04:00,46.95000076293945,47.189998626708984,43.560001373291016,43.91999816894531,31597700
2023-08-11 00:00:00-04:00,43.83000183105469,44.310001373291016,42.279998779296875,43.2400016784668,16486300
2023-08-18 00:00:00-04:00,43.25,43.349998474121094,41.5,41.790000915527344,15753400
2023-08-25 00:00:00-04:00,42.060001373291016,42.25,40.650001525878906,41.529998779296875,15987900
2023-09-01 00:00:00-04:00,41.849998474121094,42.61000061035156,40.5,40.599998474121094,13111500
2023-09-08 00:00:00-04:00,40.439998626708984,40.439998626708984,37.9900016784668,38.66999816894531,20685300
2023-09-15 00:00:00-04:00,38.93000030517578,39.61000061035156,38.220001220703125,39.08000183105469,18277000
2023-09-22 00:00:00-04:00,39.029998779296875,39.27000045776367,37.41999816894531,37.70000076293945,18455100
2023-09-29 00:00:00-04:00,37.599998474121094,37.93000030517578,37.04999923706055,37.7400016784668,18496100
2023-10-06 00:00:00-04:00,37.45000076293945,37.70000076293945,36.58000183105469,36.619998931884766,25681800
2023-10-13 00:00:00-04:00,36.369998931884766,37.36000061035156,31.469999313354492,31.84000015258789,56123700
2023-10-20 00:00:00-04:00,31.84000015258789,33.2400016784668,31.010000228881836,32.689998626708984,34333700
2023-10-27 00:00:00-04:00,32.5,33.209999084472656,31.8799991607666,32.15999984741211,22369900
2023-11-03 00:00:00-04:00,32.45000076293945,35.279998779296875,31.75,33.959999084472656,30780500
2023-11-10 00:00:00-05:00,34.060001373291016,34.599998474121094,32.52000045776367,32.81999969482422,22633700
2023-11-17 00:00:00-05:00,33.27000045776367,35.7400016784668,33.0099983215332,35.459999084472656,29085700
2023-11-24 00:00:00-05:00,35.5,36.2400016784668,35.209999084472656,36.02000045776367,10098700
2023-12-01 00:00:00-05:00,35.93000030517578,36.83000183105469,35.90999984741211,36.54999923706055,18552900
2023-12-08 00:00:00-05:00,36.27000045776367,37.18000030517578,35.619998931884766,36.150001525878906,17345400
2023-12-15 00:00:00-05:00,36.20000076293945,39.209999084472656,35.959999084472656,38.70000076293945,24349800
2023-12-22 00:00:00-05:00,38.849998474121094,39.459999084472656,38.130001068115234,38.380001068115234,19069000
2023-12-29 00:00:00-05:00,38.27000045776367,38.9900016784668,38.20000076293945,38.65999984741211,10129800
2024-01-05 00:00:00-05:00,38.470001220703125,39.79999923706055,37.95000076293945,39.15999984741211,18343800
2024-01-12 00:00:00-05:00,39.369998931884766,42.2400016784668,39.220001220703125,40.0,22906600
2024-01-19 00:00:00-05:00,39.68000030517578,39.720001220703125,38.0099983215332,38.599998474121094,14574800
2024-01-26 00:00:00-05:00,38.709999084472656,39.31999969482422,37.869998931884766,38.790000915527344,11825300
2024-02-02 00:00:00-05:00,38.61000061035156,39.52000045776367,38.439998626708984,38.97999954223633,13710600
2024-02-09 00:00:00-05:00,38.70000076293945,41.310001373291016,38.11000061035156,39.54999923706055,24765200
2024-02-16 00:00:00-05:00,39.689998626708984,41.869998931884766,39.08000183105469,41.220001220703125,23102600
2024-02-23 00:00:00-05:00,41.15999984741211,42.869998931884766,41.040000915527344,42.54999923706055,16291600
2024-03-01 00:00:00-05:00,42.439998626708984,42.540000915527344,40.27000045776367,41.0099983215332,15349900
2024-03-08 00:00:00-05:00,41.0,44.0099983215332,40.84000015258789,43.77000045776367,23522000
2024-03-15 00:00:00-04:00,43.650001525878906,43.970001220703125,41.29999923706055,41.61000061035156,18758900
2024-03-22 00:00:00-04:00,41.63999938964844,42.349998474121094,41.2400016784668,41.939998626708984,13925900
2024-03-29 00:00:00-04:00,42.150001525878906,43.119998931884766,41.25,42.7400016784668,17074900
2024-04-05 00:00:00-04:00,43.5,43.9900016784668,42.380001068115234,42.619998931884766,16094500
2024-04-12 00:00:00-04:00,42.54999923706055,42.86000061035156,40.209999084472656,40.33000183105469,15973800
2024-04-19 00:00:00-04:00,40.709999084472656,40.849998474121094,39.290000915527344,39.470001220703125,13670800
2024-04-26 00:00:00-04:00,39.779998779296875,41.18000030517578,39.529998779296875,40.130001068115234,13662300
2024-05-03 00:00:00-04:00,40.18000030517578,40.959999084472656,36.20000076293945,36.88999938964844,27143900
2024-05-10 00:00:00-04:00,37.04999923706055,37.099998474121094,35.54999923706055,35.689998626708984,25727100
2024-05-17 00:00:00-04:00,35.70000076293945,36.08000183105469,34.880001068115234,35.25,23308900
2024-05-24 00:00:00-04:00,35.20000076293945,35.34000015258789,33.58000183105469,33.900001525878906,21361300
2024-05-31 00:00:00-04:00,33.7599983215332,34.11000061035156,33.0,34.09000015258789,17641500
2024-06-07 00:00:00-04:00,33.900001525878906,34.380001068115234,32.7599983215332,33.15999984741211,27104400
2024-06-14 00:00:00-04:00,33.08000183105469,33.83000183105469,32.47999954223633,33.779998779296875,22684800
2024-06-21 00:00:00-04:00,33.5099983215332,34.36000061035156,33.459999084472656,34.290000915527344,19142800
2024-06-28 00:00:00-04:00,34.27000045776367,34.369998931884766,33.099998474121094,33.45000076293945,21636600
2024-07-05 00:00:00-04:00,33.5,35.20000076293945,32.689998626708984,34.90999984741211,21681100
2024-07-12 00:00:00-04:00,34.77000045776367,35.540000915527344,33.380001068115234,35.31999969482422,22950900
2024-07-19 00:00:00-04:00,34.20000076293945,36.369998931884766,33.880001068115234,35.349998474121094,31271200
2024-07-26 00:00:00-04:00,35.43000030517578,36.099998474121094,34.959999084472656,35.5099983215332,18741700
2024-08-02 00:00:00-04:00,35.560001373291016,36.34000015258789,34.779998779296875,35.27000045776367,27817000
2024-08-09 00:00:00-04:00,35.2599983215332,37.88999938964844,33.95000076293945,37.150001525878906,30580700
2024-08-16 00:00:00-04:00,37.150001525878906,37.5,33.849998474121094,36.119998931884766,26753400
2024-08-23 00:00:00-04:00,36.119998931884766,37.59000015258789,35.97999954223633,37.540000915527344,14097200
2024-08-30 00:00:00-04:00,37.619998931884766,38.470001220703125,37.439998626708984,37.939998626708984,13961200
2024-09-06 00:00:00-04:00,37.83000183105469,39.47999954223633,37.130001068115234,38.959999084472656,18426000
2024-09-13 00:00:00-04:00,39.04999923706055,40.060001373291016,38.4900016784668,39.720001220703125,17735300
2024-09-20 00:00:00-04:00,39.880001068115234,40.4900016784668,38.27000045776367,38.4900016784668,16482600
2024-09-27 00:00:00-04:00,38.709999084472656,39.56999969482422,37.91999816894531,38.90999984741211,13903400
2024-10-04 00:00:00-04:00,37.75,38.130001068115234,34.939998626708984,36.31999969482422,24933800
2024-10-11 00:00:00-04:00,36.02000045776367,38.279998779296875,35.59000015258789,36.540000915527344,20702400
2024-10-18 00:00:00-04:00,36.59000015258789,37.540000915527344,36.0099983215332,36.86000061035156,14658200
2024-10-25 00:00:00-04:00,36.790000915527344,37.099998474121094,35.84000015258789,35.970001220703125,10178000
2024-11-01 00:00:00-04:00,36.22999954223633,36.4900016784668,35.59000015258789,35.869998931884766,12963100
2024-11-08 00:00:00-05:00,36.0099983215332,36.81999969482422,33.779998779296875,34.63999938964844,21286500
2024-11-15 00:00:00-05:00,35.0,35.0,31.600000381469727,31.959999084472656,27626300
2024-11-22 00:00:00-05:00,31.770000457763672,33.70000076293945,31.75,33.209999084472656,26267400
2024-11-29 00:00:00-05:00,33.540000915527344,33.810001373291016,32.599998474121094,33.709999084472656,16774000
2024-12-06 00:00:00-05:00,33.689998626708984,33.779998779296875,31.649999618530273,31.799999237060547,18459800
2024-12-13 00:00:00-05:00,31.8700008392334,32.4900016784668,30.059999465942383,30.31999969482422,22846000
2024-12-20 00:00:00-05:00,30.020000457763672,30.290000915527344,28.6200008392334,29.5,36592600
2024-12-27 00:00:00-05:00,29.299999237060547,29.540000915527344,28.75,29.200000762939453,11873800
2025-01-03 00:00:00-05:00,29.059999465942383,29.75,28.34000015258789,29.5,15353500
2025-01-10 00:00:00-05:00,29.469999313354492,30.25,29.049999237060547,29.420000076293945,18693100
2025-01-17 00:00:00-05:00,29.479999542236328,31.200000762939453,29.239999771118164,30.979999542236328,26992100
2025-01-24 00:00:00-05:00,31.170000076293945,32.58000183105469,31.09000015258789,32.45000076293945,21106900
2025-01-31 00:00:00-05:00,32.75,33.58000183105469,32.47999954223633,32.560001373291016,19982400
2025-02-07 00:00:00-05:00,31.760000228881836,32.02000045776367,30.510000228881836,30.6200008392334,19954700
2025-02-14 00:00:00-05:00,30.860000610351562,31.09000015258789,29.889999389648438,30.81999969482422,21800100
2025-02-21 00:00:00-05:00,30.719999313354492,34.02000045776367,30.559999465942383,33.81999969482422,32159900
2025-02-28 00:00:00-05:00,34.02000045776367,36.2599983215332,33.439998626708984,34.5099983215332,31897100
2025-03-07 00:00:00-05:00,34.869998931884766,36.63999938964844,34.29999923706055,36.56999969482422,18970100
2025-03-14 00:00:00-04:00,36.689998626708984,37.7400016784668,34.04999923706055,34.59000015258789,23429100
2025-03-21 00:00:00-04:00,34.5099983215332,35.029998779296875,33.0,33.189998626708984,26093700
2025-03-28 00:00:00-04:00,33.29999923706055,34.0099983215332,32.79999923706055,33.75,15221900
2025-04-04 00:00:00-04:00,33.630001068115234,34.52000045776367,28.700000762939453,28.790000915527344,21137400
2025-04-11 00:00:00-04:00,28.350000381469727,30.81999969482422,26.25,27.84000015258789,39782700
2025-04-18 00:00:00-04:00,28.3799991607666,29.100000381469727,27.520000457763672,28.889999389648438,20605200
2025-04-25 00:00:00-04:00,28.75,30.479999542236328,28.270000457763672,30.219999313354492,20329700
2025-05-02 00:00:00-04:00,30.309999465942383,32.599998474121094,30.09000015258789,30.709999084472656,24207600
2025-05-09 00:00:00-04:00,30.31999969482422,32.06999969482422,29.860000610351562,30.899999618530273,17659700
2025-05-16 00:00:00-04:00,31.559999465942383,32.68000030517578,30.040000915527344,31.65999984741211,21756600
2025-05-23 00:00:00-04:00,31.229999542236328,31.6299991607666,29.719999313354492,30.1200008392334,12530600
2025-05-30 00:00:00-04:00,30.760000228881836,31.040000915527344,29.93000030517578,30.5,14000600
2025-06-06 00:00:00-04:00,30.34000015258789,30.709999084472656,29.15999984741211,30.260000228881836,17006800
2025-06-13 00:00:00-04:00,30.420000076293945,32.040000915527344,30.18000030517578,30.6200008392334,17557700
2025-06-20 00:00:00-04:00,30.75,30.979999542236328,29.540000915527344,29.989999771118164,15708100
2025-06-27 00:00:00-04:00,29.780000686645508,30.84000015258789,29.31999969482422,30.389999389648438,17298600
2025-07-04 00:00:00-04:00,30.450000762939453,31.760000228881836,30.059999465942383,31.010000228881836,11251500
2025-07-11 00:00:00-04:00,30.8700008392334,31.149999618530273,28.510000228881836,28.700000762939453,31748600
2025-07-18 00:00:00-04:00,28.5,28.93000030517578,27.6200008392334,27.770000457763672,23757400
2025-07-25 00:00:00-04:00,28.0,29.309999465942383,27.3700008392334,29.219999313354492,26746800
2025-08-01 00:00:00-04:00,29.040000915527344,29.350000381469727,21.329999923706055,21.959999084472656,91290500
2025-08-08 00:00:00-04:00,21.829999923706055,23.860000610351562,21.799999237060547,23.690000534057617,58574500
2025-08-15 00:00:00-04:00,23.559999465942383,24.850000381469727,23.280000686645508,24.18000030517578,33429400
2025-08-22 00:00:00-04:00,24.200000762939453,24.889999389648438,23.450000762939453,24.540000915527344,31313800
2025-08-29 00:00:00-04:00,24.510000228881836,24.719999313354492,24.15999984741211,24.690000534057617,28945600
2025-09-05 00:00:00-04:00,24.40999984741211,24.600000381469727,23.1200008392334,24.420000076293945,34864900
2025-09-12 00:00:00-04:00,24.25,24.6299991607666,23.790000915527344,23.989999771118164,24435000
2025-09-19 00:00:00-04:00,24.010000228881836,24.170000076293945,23.020000457763672,23.020000457763672,35254300
2025-09-26 00:00:00-04:00,23.0,23.15999984741211,21.59000015258789,21.979999542236328,33566400
2025-10-03 00:00:00-04:00,22.0,24.270000457763672,21.799999237060547,23.860000610351562,30358700
2025-10-10 00:00:00-04:00,23.899999618530273,23.920000076293945,21.6299991607666,21.950000762939453,27068900
2025-10-17 00:00:00-04:00,22.040000915527344,23.31999969482422,21.8799991607666,23.09000015258789,24318800
2025-10-24 00:00:00-04:00,23.239999771118164,23.600000381469727,22.530000686645508,23.020000457763672,25207900
2025-10-31 00:00:00-04:00,23.260000228881836,23.350000381469727,18.420000076293945,18.469999313354492,55477700
2025-11-07 00:00:00-05:00,18.299999237060547,18.399999618530273,17.469999313354492,18.0,52199200
2025-11-14 00:00:00-05:00,17.979999542236328,18.920000076293945,17.56999969482422,18.469999313354492,49626900
2025-11-21 00:00:00-05:00,18.3799991607666,18.610000610351562,17.399999618530273,18.309999465942383,41853800
2025-11-28 00:00:00-05:00,18.309999465942383,18.950000762939453,18.110000610351562,18.739999771118164,26782200
2025-12-05 00:00:00-05:00,18.6200008392334,19.200000762939453,18.329999923706055,18.540000915527344,40692800
2025-12-12 00:00:00-05:00,18.649999618530273,19.34000015258789,17.920000076293945,19.149999618530273,46909400
2025-12-19 00:00:00-05:00,19.25,19.81999969482422,18.81999969482422,18.959999084472656,50579600
2025-12-26 00:00:00-05:00,18.850000381469727,19.389999389648438,18.649999618530273,19.3799991607666,19289400
2026-01-02 00:00:00-05:00,19.3700008392334,19.639999389648438,19.040000915527344,19.5,22060800
2026-01-09 00:00:00-05:00,19.59000015258789,21.25,19.540000915527344,21.06999969482422,57581200
2026-01-16 00:00:00-05:00,21.030000686645508,21.030000686645508,19.360000610351562,20.110000610351562,45114500
2026-01-23 00:00:00-05:00,19.940000534057617,20.450000762939453,19.360000610351562,19.84000015258789,38662700
2026-01-30 00:00:00-05:00,19.8700008392334,20.190000534057617,19.229999542236328,20.06999969482422,31384700
2026-02-06 00:00:00-05:00,19.889999389648438,21.93000030517578,19.549999237060547,21.729999542236328,52680900
2026-02-13 00:00:00-05:00,21.489999771118164,22.40999984741211,18.579999923706055,19.790000915527344,71099500
2026-02-20 00:00:00-05:00,20.09000015258789,22.079999923706055,19.969999313354492,21.579999923706055,39863200
2026-02-27 00:00:00-05:00,21.25,21.479999542236328,19.90999984741211,20.3700008392334,63441200
2026-03-06 00:00:00-05:00,19.8799991607666,19.969999313354492,17.540000915527344,17.690000534057617,46546200
2026-03-13 00:00:00-04:00,17.260000228881836,18.559999465942383,17.0,17.399999618530273,53867500
2026-03-20 00:00:00-04:00,17.149999618530273,17.84000015258789,16.079999923706055,16.149999618530273,55326600
2026-03-27 00:00:00-04:00,16.6200008392334,17.5,15.869999885559082,15.970000267028809,42650800
2026-04-03 00:00:00-04:00,16.0,17.200000762939453,15.729999542236328,16.68000030517578,32191800
2026-04-10 00:00:00-04:00,16.65999984741211,17.780000686645508,16.3799991607666,17.149999618530273,26495800
2026-04-17 00:00:00-04:00,16.959999084472656,19.190000534057617,16.809999465942383,18.709999084472656,36906100
2026-04-24 00:00:00-04:00,18.469999313354492,19.190000534057617,17.899999618530273,18.15999984741211,28485000
2026-05-01 00:00:00-04:00,18.139999389648438,18.670000076293945,16.170000076293945,17.209999084472656,64156400
2026-05-08 00:00:00-04:00,17.200000762939453,18.0,16.479999542236328,17.989999771118164,35421900
2026-05-15 00:00:00-04:00,17.959999084472656,18.09000015258789,17.09000015258789,17.299999237060547,32997600
2026-05-22 00:00:00-04:00,17.399999618530273,19.670000076293945,17.389999389648438,19.18000030517578,34692600
2026-05-29 00:00:00-04:00,19.18000030517578,19.969999313354492,18.59000015258789,18.780000686645508,27352000
2026-06-05 00:00:00-04:00,18.56999969482422,19.75,18.110000610351562,19.3799991607666,31930600
2026-06-12 00:00:00-04:00,19.329999923706055,20.979999542236328,19.049999237060547,20.860000610351562,38414000
2026-06-19 00:00:00-04:00,21.030000686645508,21.299999237060547,19.3799991607666,19.889999389648438,31154900
2026-06-26 00:00:00-04:00,19.899999618530273,22.18000030517578,19.420000076293945,22.040000915527344,32850300
2026-07-03 00:00:00-04:00,21.950000762939453,22.760000228881836,21.309999465942383,22.649999618530273,25658000
2026-07-10 00:00:00-04:00,22.780000686645508,23.530000686645508,21.729999542236328,22.6200008392334,24838000
2026-07-17 00:00:00-04:00,22.600000381469727,23.709999084472656,21.15999984741211,22.610000610351562,32077500
2026-07-24 00:00:00-04:00,22.459999084472656,22.649999618530273,21.399999618530273,22.399999618530273,22953200
2026-07-31 00:00:00-04:00,22.68000030517578,30.0,22.600000381469727,26.15999984741211,53934600
2026-08-07 00:00:00-04:00,26.979999542236328,28.3799991607666,26.559999465942383,27.549999237060547,45065900
2026-08-14 00:00:00-04:00,27.1200008392334,28.020000457763672,26.600000381469727,26.729999542236328,34434100
2026-08-21 00:00:00-04:00,26.469999313354492,26.780000686645508,25.75,26.34000015258789,25482400
2026-08-28 00:00:00-04:00,26.3700008392334,26.760000228881836,25.81999969482422,25.93000030517578,17905100
2026-09-04 00:00:00-04:00,25.90999984741211,26.350000381469727,25.860000610351562,26.0,3991300
