Date,Open,High,Low,Close,Adj_Close,Volume,Company,Country,Ticker
2014-01-02 05:00:00,47.59542083740234,47.74809265136719,47.04198455810547,47.22328186035156,32.08517074584961,8265052,Merck & Co.,United States,MRK
2014-01-03 05:00:00,47.22328186035156,47.70992279052734,47.19465637207031,47.45228958129883,32.24076080322266,6743880,Merck & Co.,United States,MRK
2014-01-06 05:00:00,47.52862548828125,47.84350967407227,47.24236679077148,47.46183013916016,32.24723815917969,10408107,Merck & Co.,United States,MRK
2014-01-07 05:00:00,47.67175674438477,48.09160232543945,47.65267181396484,47.81488418579102,32.48711395263672,10475598,Merck & Co.,United States,MRK
2014-01-08 05:00:00,47.80534362792969,47.84350967407227,47.32824325561523,47.50954055786133,32.27967071533203,14353094,Merck & Co.,United States,MRK
2014-01-09 05:00:00,47.53816986083984,47.70992279052734,47.08015441894531,47.25190734863281,32.1046142578125,9771447,Merck & Co.,United States,MRK
2014-01-10 05:00:00,47.54771041870117,47.77671813964844,47.23282241821289,47.59542083740234,32.33799362182617,8533969,Merck & Co.,United States,MRK
2014-01-13 05:00:00,48.56870269775391,50.99236679077148,48.46374130249023,50.6870231628418,34.43855285644531,39081282,Merck & Co.,United States,MRK
2014-01-14 05:00:00,50.12404632568359,50.66793823242188,49.78053283691406,50.57251739501953,34.36075592041016,22207854,Merck & Co.,United States,MRK
2014-01-15 05:00:00,50.23854827880859,50.47710037231445,49.95228958129883,50.11450576782227,34.04956817626953,10991424,Merck & Co.,United States,MRK
2014-01-16 05:00:00,49.76145172119141,50.55343627929688,49.71374130249023,50.09542083740234,34.03658294677734,8142541,Merck & Co.,United States,MRK
2014-01-17 05:00:00,50.20992279052734,50.23854827880859,49.35114669799805,49.57061004638672,33.68002319335938,17563222,Merck & Co.,United States,MRK
2014-01-21 05:00:00,49.64694595336914,49.85686874389648,49.34160232543945,49.45610809326172,33.60222625732422,11565204,Merck & Co.,United States,MRK
2014-01-22 05:00:00,49.39885330200195,49.59923553466797,48.93129730224609,48.99809265136719,33.29104614257812,11164973,Merck & Co.,United States,MRK
2014-01-23 05:00:00,48.86450576782227,49.3797721862793,48.53053283691406,49.23664093017578,33.45311737060547,16639934,Merck & Co.,United States,MRK
2014-01-24 05:00:00,48.92175674438477,49.78053283691406,48.78816986083984,49.59923553466797,33.6994743347168,19137842,Merck & Co.,United States,MRK
2014-01-27 05:00:00,50.43893051147461,51.62213516235352,50.12404632568359,50.12404632568359,34.05605316162109,32490096,Merck & Co.,United States,MRK
2014-01-28 05:00:00,49.97137451171875,50.65839767456055,49.82824325561523,50.4484748840332,34.27647018432617,15801954,Merck & Co.,United States,MRK
2014-01-29 05:00:00,50.28625869750977,50.41984558105469,49.40839767456055,49.81870269775391,33.84858322143555,20274713,Merck & Co.,United States,MRK
2014-01-30 05:00:00,50.0572509765625,51.21183013916016,49.98091506958008,51.05915832519531,34.69139862060547,18205646,Merck & Co.,United States,MRK
2014-01-31 05:00:00,50.86832046508789,51.03053283691406,50.34350967407227,50.54389190673828,34.34130859375,17071920,Merck & Co.,United States,MRK
2014-02-03 05:00:00,50.48664093017578,50.71564865112305,49.54198455810547,49.69465637207031,33.76430511474609,16232053,Merck & Co.,United States,MRK
2014-02-04 05:00:00,50.18129730224609,51.06870269775391,50.0,51.05915832519531,34.69139862060547,19054631,Merck & Co.,United States,MRK
2014-02-05 05:00:00,51.79389190673828,52.67175674438477,50.70610809326172,51.07824325561523,34.70436859130859,25682602,Merck & Co.,United States,MRK
2014-02-06 05:00:00,50.82061004638672,51.40267181396484,50.38167953491211,51.3072509765625,34.85995483398438,12832550,Merck & Co.,United States,MRK
2014-02-07 05:00:00,51.1927490234375,52.30915832519531,50.99236679077148,52.26145172119141,35.50827789306641,15192961,Merck & Co.,United States,MRK
2014-02-10 05:00:00,51.80343627929688,52.48091506958008,51.73664093017578,52.37595367431641,35.58606338500977,11118861,Merck & Co.,United States,MRK
2014-02-11 05:00:00,52.20419692993164,53.19656372070312,51.94656372070312,53.14885330200195,36.1112060546875,16089525,Merck & Co.,United States,MRK
2014-02-12 05:00:00,52.90076446533203,53.13931274414062,52.33778762817383,52.48091506958008,35.65739440917969,14283926,Merck & Co.,United States,MRK
2014-02-13 05:00:00,51.95610809326172,52.68129730224609,51.91793823242188,52.57633590698242,35.72222137451172,10735083,Merck & Co.,United States,MRK
2014-02-14 05:00:00,52.43320465087891,53.07251739501953,52.43320465087891,52.90076446533203,35.94264984130859,9098631,Merck & Co.,United States,MRK
2014-02-18 05:00:00,52.69084167480469,53.36832046508789,52.60496139526367,53.13931274414062,36.10472106933594,11738753,Merck & Co.,United States,MRK
2014-02-19 05:00:00,52.90076446533203,53.11068725585938,52.47137451171875,52.51908493041992,35.68332672119141,10791361,Merck & Co.,United States,MRK
2014-02-20 05:00:00,52.58587646484375,53.43511581420898,52.50954055786133,53.25381851196289,36.18251800537109,10619489,Merck & Co.,United States,MRK
2014-02-21 05:00:00,53.29198455810547,53.75954055786133,53.26335906982422,53.46374130249023,36.32515335083008,12226597,Merck & Co.,United States,MRK
2014-02-24 05:00:00,53.31106948852539,54.3129768371582,53.31106948852539,53.60686874389648,36.42240905761719,11541100,Merck & Co.,United States,MRK
2014-02-25 05:00:00,53.55915832519531,53.8072509765625,53.2442741394043,53.34923553466797,36.24734878540039,8923196,Merck & Co.,United States,MRK
2014-02-26 05:00:00,53.43511581420898,53.86450576782227,53.35877990722656,53.6927490234375,36.48075103759766,10626196,Merck & Co.,United States,MRK
2014-02-27 05:00:00,53.66412353515625,54.07442855834961,53.43511581420898,54.06488418579102,36.73360443115234,9490164,Merck & Co.,United States,MRK
2014-02-28 05:00:00,54.13167953491211,54.82824325561523,54.05534362792969,54.3797721862793,36.94754028320312,12457157,Merck & Co.,United States,MRK
2014-03-03 05:00:00,53.53053283691406,54.16984558105469,53.38740539550781,53.83587646484375,36.57799530029297,10293246,Merck & Co.,United States,MRK
2014-03-04 05:00:00,54.42748260498047,54.76145172119141,54.30343627929688,54.44656372070312,36.992919921875,11523703,Merck & Co.,United States,MRK
2014-03-05 05:00:00,54.77099227905273,54.80915832519531,53.93129730224609,54.27481079101562,36.876220703125,9476330,Merck & Co.,United States,MRK
2014-03-06 05:00:00,54.44656372070312,55.00954055786133,54.39885330200195,54.63740539550781,37.12258148193359,11114774,Merck & Co.,United States,MRK
2014-03-07 05:00:00,54.72328186035156,54.93320465087891,54.48473358154297,54.83778762817383,37.25872802734375,11144642,Merck & Co.,United States,MRK
2014-03-10 04:00:00,54.80915832519531,54.98091506958008,54.38931274414062,54.69465637207031,37.16149139404297,7737594,Merck & Co.,United States,MRK
2014-03-11 04:00:00,54.77099227905273,54.80915832519531,53.97900772094727,54.09350967407227,36.75303268432617,11408004,Merck & Co.,United States,MRK
2014-03-12 04:00:00,53.8072509765625,54.32251739501953,53.68320465087891,54.20801544189453,36.83085250854492,9954218,Merck & Co.,United States,MRK
2014-03-13 04:00:00,54.01717758178711,54.18893051147461,53.16793823242188,53.23473358154297,36.45188140869141,10605760,Merck & Co.,United States,MRK
2014-03-14 04:00:00,52.98664093017578,53.45419692993164,52.73854827880859,53.14885330200195,36.39307403564453,12699454,Merck & Co.,United States,MRK
2014-03-17 04:00:00,53.38740539550781,53.86450576782227,53.38740539550781,53.68320465087891,36.75896072387695,9965851,Merck & Co.,United States,MRK
2014-03-18 04:00:00,53.73091506958008,53.96946716308594,53.58778762817383,53.77862548828125,36.82430267333984,7410303,Merck & Co.,United States,MRK
2014-03-19 04:00:00,54.08396911621094,54.30343627929688,53.09160232543945,53.42557144165039,36.58256149291992,10530723,Merck & Co.,United States,MRK
2014-03-20 04:00:00,53.27289962768555,53.32061004638672,52.77671813964844,53.04389190673828,36.32121276855469,8866918,Merck & Co.,United States,MRK
2014-03-21 04:00:00,53.91221237182617,54.00763320922852,52.11832046508789,52.15649032592773,35.71357345581055,24549295,Merck & Co.,United States,MRK
2014-03-24 04:00:00,52.34732818603516,52.34732818603516,51.11641311645508,51.31679534912109,35.13859558105469,16244838,Merck & Co.,United States,MRK
2014-03-25 04:00:00,51.41221237182617,52.93893051147461,51.34542083740234,52.66221237182617,36.05986404418945,14793254,Merck & Co.,United States,MRK
2014-03-26 04:00:00,52.89122009277344,53.87404632568359,52.85305404663086,53.45419692993164,36.60215759277344,13701133,Merck & Co.,United States,MRK
2014-03-27 04:00:00,53.33015441894531,53.54007720947266,52.79580307006836,53.17748260498047,36.41268157958984,11657742,Merck & Co.,United States,MRK
2014-03-28 04:00:00,53.63549423217773,54.35114669799805,53.21564865112305,53.41603088378906,36.57603073120117,9390394,Merck & Co.,United States,MRK
2014-03-31 04:00:00,53.52099227905273,54.23664093017578,53.47328186035156,54.16984558105469,37.09218978881836,14861898,Merck & Co.,United States,MRK
2014-04-01 04:00:00,54.05534362792969,54.23664093017578,53.44465637207031,53.78816986083984,36.83085250854492,8085739,Merck & Co.,United States,MRK
2014-04-02 04:00:00,53.89313125610352,53.96946716308594,53.48282241821289,53.87404632568359,36.88964080810547,7398880,Merck & Co.,United States,MRK
2014-04-03 04:00:00,53.94084167480469,54.15076446533203,53.38740539550781,53.63549423217773,36.72630310058594,8712129,Merck & Co.,United States,MRK
2014-04-04 04:00:00,54.01717758178711,54.12213516235352,53.52099227905273,53.54961776733398,36.6674919128418,10912614,Merck & Co.,United States,MRK
2014-04-07 04:00:00,52.83396911621094,53.58778762817383,52.50954055786133,52.66221237182617,36.05986404418945,11974762,Merck & Co.,United States,MRK
2014-04-08 04:00:00,52.74809265136719,53.0629768371582,52.19465637207031,52.51908493041992,35.96186447143555,11283606,Merck & Co.,United States,MRK
2014-04-09 04:00:00,52.69084167480469,54.53244400024414,52.67175674438477,54.48473358154297,37.30781555175781,16881708,Merck & Co.,United States,MRK
2014-04-10 04:00:00,55.23854827880859,55.47710037231445,53.22518920898438,53.29198455810547,36.49108123779297,18883388,Merck & Co.,United States,MRK
2014-04-11 04:00:00,53.0057258605957,54.00763320922852,52.76717758178711,53.35877990722656,36.53681182861328,14286022,Merck & Co.,United States,MRK
2014-04-14 04:00:00,53.64503860473633,54.13167953491211,52.43320465087891,53.02481079101562,36.30813598632812,11304776,Merck & Co.,United States,MRK
2014-04-15 04:00:00,53.23473358154297,53.73091506958008,52.58587646484375,53.48282241821289,36.62175750732422,11677759,Merck & Co.,United States,MRK
2014-04-16 04:00:00,53.86450576782227,54.34160232543945,53.36832046508789,53.68320465087891,36.75896072387695,10098004,Merck & Co.,United States,MRK
2014-04-17 04:00:00,53.86450576782227,54.38931274414062,53.6927490234375,53.88358688354492,36.89615631103516,11804358,Merck & Co.,United States,MRK
2014-04-21 04:00:00,53.96946716308594,54.67557144165039,53.81679534912109,54.62786483764648,37.40580368041992,6530088,Merck & Co.,United States,MRK
2014-04-22 04:00:00,54.47518920898438,55.64885330200195,54.40839767456055,55.12404632568359,37.74556732177734,14642866,Merck & Co.,United States,MRK
2014-04-23 04:00:00,55.10496139526367,55.12404632568359,54.46564865112305,54.86641311645508,37.56915283203125,8107433,Merck & Co.,United States,MRK
2014-04-24 04:00:00,54.69465637207031,55.17175674438477,54.24618148803711,54.89503860473633,37.58875274658203,7037110,Merck & Co.,United States,MRK
2014-04-25 04:00:00,54.89503860473633,55.03816986083984,54.40839767456055,54.61832046508789,37.39928817749023,6526630,Merck & Co.,United States,MRK
2014-04-28 04:00:00,54.97137451171875,55.20038223266602,53.89313125610352,54.08396911621094,37.03338623046875,17807826,Merck & Co.,United States,MRK
2014-04-29 04:00:00,54.86641311645508,56.16412353515625,54.64694595336914,56.03053283691406,38.36627960205078,14317252,Merck & Co.,United States,MRK
2014-04-30 04:00:00,55.83015441894531,56.29771041870117,55.36259460449219,55.87786483764648,38.2617301940918,14211299,Merck & Co.,United States,MRK
2014-05-01 04:00:00,55.86832046508789,57.09923553466797,55.86832046508789,56.88931274414062,38.95431518554688,12287276,Merck & Co.,United States,MRK
2014-05-02 04:00:00,56.74618148803711,56.80343627929688,55.28625869750977,55.55343627929688,38.03959655761719,12659106,Merck & Co.,United States,MRK
2014-05-05 04:00:00,55.4484748840332,55.98282241821289,55.10496139526367,55.94465637207031,38.30746841430664,8525480,Merck & Co.,United States,MRK
2014-05-06 04:00:00,56.05915832519531,56.07824325561523,54.42748260498047,54.4942741394043,37.3143424987793,14502538,Merck & Co.,United States,MRK
2014-05-07 04:00:00,53.61641311645508,54.24618148803711,52.97710037231445,53.28244400024414,36.48455047607422,24009575,Merck & Co.,United States,MRK
2014-05-08 04:00:00,53.0057258605957,53.20610809326172,52.21374130249023,52.31870269775391,35.82464599609375,15061227,Merck & Co.,United States,MRK
2014-05-09 04:00:00,52.57633590698242,53.15839767456055,51.90839767456055,52.68129730224609,36.07293319702148,12979480,Merck & Co.,United States,MRK
2014-05-12 04:00:00,53.07251739501953,53.07251739501953,52.33778762817383,52.75763320922852,36.12520217895508,8473080,Merck & Co.,United States,MRK
2014-05-13 04:00:00,52.77671813964844,53.49236679077148,52.67175674438477,53.19656372070312,36.42575454711914,9389032,Merck & Co.,United States,MRK
2014-05-14 04:00:00,53.08206176757812,53.96946716308594,53.08206176757812,53.78816986083984,36.83085250854492,8171780,Merck & Co.,United States,MRK
2014-05-15 04:00:00,53.25381851196289,53.99809265136719,52.96755599975586,53.33015441894531,36.51721572875977,9346588,Merck & Co.,United States,MRK
2014-05-16 04:00:00,53.11068725585938,53.68320465087891,53.11068725585938,53.31106948852539,36.50415802001953,9496976,Merck & Co.,United States,MRK
2014-05-19 04:00:00,53.1870231628418,53.78816986083984,53.07251739501953,53.76908493041992,36.81776809692383,7880226,Merck & Co.,United States,MRK
2014-05-20 04:00:00,53.64503860473633,53.68320465087891,53.17748260498047,53.43511581420898,36.58908843994141,8232983,Merck & Co.,United States,MRK
2014-05-21 04:00:00,53.62595367431641,54.02671813964844,53.55915832519531,53.98854827880859,36.96804809570312,6970143,Merck & Co.,United States,MRK
2014-05-22 04:00:00,53.81679534912109,54.17938995361328,53.47328186035156,53.90267181396484,36.90924072265625,7522544,Merck & Co.,United States,MRK
2014-05-23 04:00:00,54.03625869750977,54.3702278137207,53.86450576782227,54.20801544189453,37.11833572387695,6343544,Merck & Co.,United States,MRK
2014-05-27 04:00:00,54.32251739501953,54.42748260498047,53.88358688354492,54.09350967407227,37.03991317749023,7652286,Merck & Co.,United States,MRK
2014-05-28 04:00:00,54.11259460449219,54.13167953491211,53.81679534912109,53.81679534912109,36.85044097900391,7171569,Merck & Co.,United States,MRK
2014-05-29 04:00:00,54.30343627929688,55.14313125610352,54.00763320922852,55.0572509765625,37.69983291625977,8922358,Merck & Co.,United States,MRK
2014-05-30 04:00:00,54.88549423217773,55.60114669799805,54.88549423217773,55.20992279052734,37.80436706542969,12071912,Merck & Co.,United States,MRK
2014-06-02 04:00:00,55.25763320922852,55.53435134887695,54.84732818603516,55.27671813964844,37.8501091003418,6733924,Merck & Co.,United States,MRK
2014-06-03 04:00:00,54.88549423217773,55.30534362792969,54.74236679077148,55.25763320922852,37.83703994750977,7417849,Merck & Co.,United States,MRK
2014-06-04 04:00:00,55.13358688354492,55.35305404663086,54.87595367431641,55.27671813964844,37.8501091003418,7205419,Merck & Co.,United States,MRK
2014-06-05 04:00:00,55.31488418579102,55.79198455810547,55.07633590698242,55.43893051147461,37.96118545532227,8007349,Merck & Co.,United States,MRK
2014-06-06 04:00:00,55.53435134887695,55.59160232543945,55.03816986083984,55.20038223266602,37.7978401184082,7024954,Merck & Co.,United States,MRK
2014-06-09 04:00:00,54.85686874389648,55.31488418579102,54.61832046508789,55.28625869750977,37.85664749145508,8470879,Merck & Co.,United States,MRK
2014-06-10 04:00:00,55.26717758178711,55.82061004638672,55.26717758178711,55.81106948852539,38.21599578857422,8031558,Merck & Co.,United States,MRK
2014-06-11 04:00:00,55.83969497680664,56.32633590698242,55.72518920898438,56.11641311645508,38.42508316040039,12258246,Merck & Co.,United States,MRK
2014-06-12 04:00:00,55.61068725585938,56.03053283691406,55.40076446533203,55.6297721862793,38.37899780273438,10022967,Merck & Co.,United States,MRK
2014-06-13 04:00:00,55.4484748840332,55.96374130249023,55.32442855834961,55.57251739501953,38.33950042724609,8801628,Merck & Co.,United States,MRK
2014-06-16 04:00:00,55.40076446533203,55.70610809326172,55.08587646484375,55.41030502319336,38.22758483886719,8102612,Merck & Co.,United States,MRK
2014-06-17 04:00:00,55.29580307006836,55.55343627929688,55.13358688354492,55.40076446533203,38.22100067138672,6567502,Merck & Co.,United States,MRK
2014-06-18 04:00:00,55.37213516235352,55.77289962768555,55.16221237182617,55.73473358154297,38.45141220092773,8213176,Merck & Co.,United States,MRK
2014-06-19 04:00:00,55.7442741394043,55.7442741394043,55.43893051147461,55.6297721862793,38.37899780273438,6300471,Merck & Co.,United States,MRK
2014-06-20 04:00:00,55.92557144165039,56.56488418579102,55.76335906982422,56.22137451171875,38.78714752197266,15110064,Merck & Co.,United States,MRK
2014-06-23 04:00:00,56.11641311645508,56.27862548828125,55.73473358154297,55.82061004638672,38.51065826416016,7393011,Merck & Co.,United States,MRK
2014-06-24 04:00:00,55.70610809326172,56.06870269775391,55.22900772094727,55.26717758178711,38.12884521484375,8550108,Merck & Co.,United States,MRK
2014-06-25 04:00:00,55.08587646484375,56.60305404663086,55.07633590698242,56.16412353515625,38.74764633178711,13911466,Merck & Co.,United States,MRK
2014-06-26 04:00:00,56.06870269775391,56.07824325561523,55.58206176757812,55.84923553466797,38.53039932250977,7585738,Merck & Co.,United States,MRK
2014-06-27 04:00:00,55.69656372070312,55.83969497680664,54.84732818603516,54.89503860473633,37.87210464477539,18115414,Merck & Co.,United States,MRK
2014-06-30 04:00:00,54.97137451171875,55.53435134887695,54.89503860473633,55.20038223266602,38.0827522277832,9154280,Merck & Co.,United States,MRK
2014-07-01 04:00:00,55.0572509765625,55.95419692993164,54.84732818603516,55.83015441894531,38.51723480224609,9262224,Merck & Co.,United States,MRK
2014-07-02 04:00:00,55.79198455810547,56.39313125610352,55.69656372070312,56.34542083740234,38.87272262573242,7274168,Merck & Co.,United States,MRK
2014-07-03 04:00:00,56.66984558105469,56.72710037231445,56.36450576782227,56.48854827880859,38.97146606445312,5470665,Merck & Co.,United States,MRK
2014-07-07 04:00:00,56.21183013916016,56.91793823242188,55.81106948852539,55.83969497680664,38.52381134033203,9721458,Merck & Co.,United States,MRK
2014-07-08 04:00:00,55.97328186035156,55.98282241821289,55.25763320922852,55.5057258605957,38.29342651367188,8667065,Merck & Co.,United States,MRK
2014-07-09 04:00:00,55.77289962768555,56.03053283691406,55.51526641845703,55.86832046508789,38.54356384277344,7271758,Merck & Co.,United States,MRK
2014-07-10 04:00:00,55.61068725585938,56.07824325561523,55.08587646484375,55.89694595336914,38.56331634521484,5851718,Merck & Co.,United States,MRK
2014-07-11 04:00:00,55.96374130249023,56.04961776733398,55.49618148803711,55.76335906982422,38.47117233276367,6399926,Merck & Co.,United States,MRK
2014-07-14 04:00:00,55.93511581420898,55.98282241821289,55.40076446533203,55.51526641845703,38.29999542236328,8781297,Merck & Co.,United States,MRK
2014-07-15 04:00:00,55.46755599975586,55.72518920898438,54.85686874389648,55.25763320922852,38.12226486206055,10645689,Merck & Co.,United States,MRK
2014-07-16 04:00:00,55.28625869750977,55.54389190673828,55.08587646484375,55.48664093017578,38.28024673461914,7131640,Merck & Co.,United States,MRK
2014-07-17 04:00:00,55.21946716308594,55.57251739501953,54.93320465087891,54.96183013916016,37.91818237304688,6968886,Merck & Co.,United States,MRK
2014-07-18 04:00:00,55.26717758178711,55.75381851196289,54.98091506958008,55.66793823242188,38.40532684326172,7789470,Merck & Co.,United States,MRK
2014-07-21 04:00:00,55.23854827880859,55.52481079101562,55.06679534912109,55.34350967407227,38.18149948120117,7436294,Merck & Co.,United States,MRK
2014-07-22 04:00:00,55.46755599975586,56.18320465087891,55.46755599975586,55.75381851196289,38.46457672119141,6821642,Merck & Co.,United States,MRK
2014-07-23 04:00:00,55.6297721862793,55.82061004638672,55.39122009277344,55.4484748840332,38.25392532348633,6594435,Merck & Co.,United States,MRK
2014-07-24 04:00:00,55.64885330200195,55.82061004638672,55.26717758178711,55.54389190673828,38.31975173950195,10547282,Merck & Co.,United States,MRK
2014-07-25 04:00:00,55.46755599975586,55.6870231628418,55.26717758178711,55.48664093017578,38.28024673461914,5790305,Merck & Co.,United States,MRK
2014-07-28 04:00:00,55.5057258605957,55.66793823242188,55.20038223266602,55.31488418579102,38.16174697875977,9013534,Merck & Co.,United States,MRK
2014-07-29 04:00:00,56.12595367431641,56.56488418579102,55.47710037231445,55.89694595336914,38.56331634521484,10823744,Merck & Co.,United States,MRK
2014-07-30 04:00:00,55.89694595336914,56.15457916259766,54.97137451171875,55.41984558105469,38.23416900634766,8438286,Merck & Co.,United States,MRK
2014-07-31 04:00:00,55.11450576782227,55.41030502319336,54.12213516235352,54.14122009277344,37.35204696655273,10604712,Merck & Co.,United States,MRK
2014-08-01 04:00:00,53.98854827880859,54.50381851196289,53.70228958129883,54.1984748840332,37.39154434204102,10627768,Merck & Co.,United States,MRK
2014-08-04 04:00:00,54.34160232543945,54.64694595336914,53.77862548828125,54.44656372070312,37.56269836425781,9064676,Merck & Co.,United States,MRK
2014-08-05 04:00:00,54.12213516235352,54.36068725585938,53.26335906982422,53.46374130249023,36.8846549987793,9464698,Merck & Co.,United States,MRK
2014-08-06 04:00:00,53.32061004638672,53.56870269775391,53.16793823242188,53.36832046508789,36.81881713867188,12865038,Merck & Co.,United States,MRK
2014-08-07 04:00:00,53.63549423217773,53.96946716308594,53.02481079101562,53.09160232543945,36.62792205810547,7561844,Merck & Co.,United States,MRK
2014-08-08 04:00:00,53.31106948852539,54.01717758178711,53.03435134887695,53.95992279052734,37.22696304321289,7421412,Merck & Co.,United States,MRK
2014-08-11 04:00:00,54.10305404663086,54.4370231628418,53.87404632568359,54.06488418579102,37.29938125610352,5763057,Merck & Co.,United States,MRK
2014-08-12 04:00:00,53.95992279052734,54.52289962768555,53.93129730224609,54.41793823242188,37.54295349121094,7430530,Merck & Co.,United States,MRK
2014-08-13 04:00:00,54.76145172119141,55.23854827880859,54.54198455810547,55.20038223266602,38.0827522277832,11172414,Merck & Co.,United States,MRK
2014-08-14 04:00:00,55.39122009277344,56.09732818603516,55.34350967407227,56.08778762817383,38.69497680664062,8313050,Merck & Co.,United States,MRK
2014-08-15 04:00:00,56.10686874389648,56.29771041870117,55.37213516235352,55.92557144165039,38.58307266235352,9481046,Merck & Co.,United States,MRK
2014-08-18 04:00:00,56.10686874389648,56.17366409301758,55.67748260498047,55.7442741394043,38.45797729492188,9897207,Merck & Co.,United States,MRK
2014-08-19 04:00:00,56.15457916259766,56.25,55.66793823242188,56.21183013916016,38.78055572509766,7791880,Merck & Co.,United States,MRK
2014-08-20 04:00:00,55.99236679077148,56.84160232543945,55.84923553466797,56.7557258605957,39.15579605102539,7376243,Merck & Co.,United States,MRK
2014-08-21 04:00:00,56.67938995361328,56.92748260498047,56.09732818603516,56.15457916259766,38.74106216430664,8013846,Merck & Co.,United States,MRK
2014-08-22 04:00:00,56.33587646484375,56.64122009277344,56.20228958129883,56.45992279052734,38.95170593261719,5436605,Merck & Co.,United States,MRK
2014-08-25 04:00:00,56.62213516235352,57.12786483764648,56.54580307006836,56.9942741394043,39.32037353515625,5418998,Merck & Co.,United States,MRK
2014-08-26 04:00:00,56.9370231628418,57.63358688354492,56.92748260498047,57.4427490234375,39.62976455688477,9663189,Merck & Co.,United States,MRK
2014-08-27 04:00:00,57.63358688354492,57.80534362792969,57.35686874389648,57.51908493041992,39.68243408203125,6860942,Merck & Co.,United States,MRK
2014-08-28 04:00:00,57.14694595336914,57.47137451171875,57.09923553466797,57.25190734863281,39.49810791015625,5492568,Merck & Co.,United States,MRK
2014-08-29 04:00:00,57.65267181396484,57.65267181396484,57.08969497680664,57.35686874389648,39.57051086425781,5990158,Merck & Co.,United States,MRK
2014-09-02 04:00:00,56.9942741394043,57.34732818603516,56.9370231628418,57.0515251159668,39.35985946655273,6345116,Merck & Co.,United States,MRK
2014-09-03 04:00:00,57.36641311645508,58.07251739501953,57.30915832519531,57.70992279052734,39.8140869140625,9532818,Merck & Co.,United States,MRK
2014-09-04 04:00:00,57.79580307006836,58.20610809326172,57.17557144165039,57.32824325561523,39.55077743530273,11327832,Merck & Co.,United States,MRK
2014-09-05 04:00:00,57.65267181396484,58.37786483764648,57.39503860473633,58.37786483764648,40.27490997314453,11259922,Merck & Co.,United States,MRK
2014-09-08 04:00:00,58.41603088378906,58.52099227905273,58.04389190673828,58.25381851196289,40.1893310546875,8824579,Merck & Co.,United States,MRK
2014-09-09 04:00:00,58.05343627929688,58.23473358154297,57.70038223266602,57.78625869750977,39.86675643920898,7800998,Merck & Co.,United States,MRK
2014-09-10 04:00:00,57.89122009277344,58.08206176757812,57.58587646484375,57.97710037231445,39.99840927124023,9655014,Merck & Co.,United States,MRK
2014-09-11 04:00:00,57.45228958129883,57.67175674438477,57.07061004638672,57.34732818603516,39.85253143310547,8158890,Merck & Co.,United States,MRK
2014-09-12 04:00:00,57.13740539550781,57.37595367431641,56.54580307006836,56.82251739501953,39.48781967163086,7358846,Merck & Co.,United States,MRK
2014-09-15 04:00:00,56.91793823242188,57.24236679077148,56.77481079101562,56.79389190673828,39.46794128417969,8110367,Merck & Co.,United States,MRK
2014-09-16 04:00:00,56.78435134887695,57.30915832519531,56.56488418579102,57.24236679077148,39.77959060668945,9479579,Merck & Co.,United States,MRK
2014-09-17 04:00:00,56.80343627929688,57.26145172119141,56.56488418579102,57.13740539550781,39.70664978027344,10764218,Merck & Co.,United States,MRK
2014-09-18 04:00:00,57.37595367431641,57.57633590698242,57.08015441894531,57.54771041870117,39.99178695678711,8388297,Merck & Co.,United States,MRK
2014-09-19 04:00:00,57.96755599975586,58.10114669799805,57.71946716308594,57.71946716308594,40.11115646362305,15175774,Merck & Co.,United States,MRK
2014-09-22 04:00:00,57.60496139526367,58.1870231628418,57.5,57.80534362792969,40.17082595825195,9767884,Merck & Co.,United States,MRK
2014-09-23 04:00:00,57.39503860473633,57.9484748840332,56.95610809326172,57.51908493041992,39.97189712524414,8396681,Merck & Co.,United States,MRK
2014-09-24 04:00:00,57.54771041870117,57.76717758178711,57.47137451171875,57.59542083740234,40.02493286132812,12015949,Merck & Co.,United States,MRK
2014-09-25 04:00:00,57.51908493041992,57.72900772094727,56.89885330200195,56.90839767456055,39.54749298095703,9109006,Merck & Co.,United States,MRK
2014-09-26 04:00:00,56.98473358154297,57.0515251159668,55.86832046508789,56.66984558105469,39.38174438476562,11303938,Merck & Co.,United States,MRK
2014-09-29 04:00:00,56.32633590698242,56.98473358154297,56.11641311645508,56.68893051147461,39.39498519897461,9137722,Merck & Co.,United States,MRK
2014-09-30 04:00:00,56.67938995361328,57.23282241821289,56.53625869750977,56.56488418579102,39.30879211425781,9691170,Merck & Co.,United States,MRK
2014-10-01 04:00:00,56.38358688354492,56.50763320922852,55.82061004638672,56.02099227905273,38.93081665039062,9525167,Merck & Co.,United States,MRK
2014-10-02 04:00:00,56.08778762817383,56.35496139526367,55.6202278137207,56.15457916259766,39.02366256713867,8499070,Merck & Co.,United States,MRK
2014-10-03 04:00:00,56.45992279052734,57.34732818603516,56.45992279052734,57.15649032592773,39.71991348266602,9056606,Merck & Co.,United States,MRK
2014-10-06 04:00:00,57.41412353515625,57.49045944213867,56.58396911621094,56.85114669799805,39.50771713256836,7456101,Merck & Co.,United States,MRK
2014-10-07 04:00:00,56.60305404663086,56.67938995361328,55.77289962768555,55.78244400024414,38.76504898071289,9977065,Merck & Co.,United States,MRK
2014-10-08 04:00:00,55.97328186035156,57.47137451171875,55.88740539550781,57.42366409301758,39.90558242797852,12909474,Merck & Co.,United States,MRK
2014-10-09 04:00:00,57.25190734863281,57.73854827880859,56.40267181396484,56.49809265136719,39.26237106323242,9008398,Merck & Co.,United States,MRK
2014-10-10 04:00:00,56.59350967407227,57.17557144165039,55.97328186035156,55.97328186035156,38.89768218994141,11826890,Merck & Co.,United States,MRK
2014-10-13 04:00:00,55.86832046508789,55.86832046508789,53.41603088378906,53.56870269775391,37.22664260864258,15518470,Merck & Co.,United States,MRK
2014-10-14 04:00:00,53.97900772094727,54.34160232543945,53.17748260498047,53.75,37.35263824462891,11460718,Merck & Co.,United States,MRK
2014-10-15 04:00:00,52.83396911621094,53.31106948852539,51.80343627929688,52.22328186035156,36.29166793823242,19687518,Merck & Co.,United States,MRK
2014-10-16 04:00:00,51.53625869750977,51.61259460449219,50.08587646484375,50.98282241821289,35.42963409423828,22905298,Merck & Co.,United States,MRK
2014-10-17 04:00:00,51.38358688354492,52.12786483764648,51.07824325561523,51.54580307006836,35.82086563110352,20664569,Merck & Co.,United States,MRK
2014-10-20 04:00:00,51.73664093017578,51.78435134887695,51.45038223266602,51.57442855834961,35.84076690673828,12643177,Merck & Co.,United States,MRK
2014-10-21 04:00:00,52.07061004638672,52.74809265136719,51.83206176757812,52.60496139526367,36.55691528320312,18119815,Merck & Co.,United States,MRK
2014-10-22 04:00:00,52.70038223266602,53.3015251159668,52.48091506958008,52.96755599975586,36.80887985229492,13520982,Merck & Co.,United States,MRK
2014-10-23 04:00:00,53.68320465087891,54.45610809326172,53.61641311645508,54.03625869750977,37.55157089233398,12419953,Merck & Co.,United States,MRK
2014-10-24 04:00:00,54.1984748840332,55.01908493041992,54.03625869750977,54.97137451171875,38.20140838623047,8966059,Merck & Co.,United States,MRK
2014-10-27 04:00:00,54.30343627929688,54.61832046508789,53.35877990722656,53.86450576782227,37.43221282958984,15111007,Merck & Co.,United States,MRK
2014-10-28 04:00:00,54.00763320922852,54.00763320922852,51.62213516235352,53.29198455810547,37.03433227539062,25111338,Merck & Co.,United States,MRK
2014-10-29 04:00:00,53.45419692993164,54.01717758178711,53.08206176757812,53.62595367431641,37.26642990112305,13092559,Merck & Co.,United States,MRK
2014-10-30 04:00:00,53.15839767456055,54.76145172119141,53.14885330200195,54.68511581420898,38.00246429443359,13484197,Merck & Co.,United States,MRK
2014-10-31 04:00:00,55.29580307006836,55.46755599975586,55.01908493041992,55.28625869750977,38.42023086547852,14741273,Merck & Co.,United States,MRK
2014-11-03 05:00:00,55.29580307006836,56.23091506958008,54.93320465087891,56.22137451171875,39.07007217407227,10667487,Merck & Co.,United States,MRK
2014-11-04 05:00:00,56.17366409301758,56.97518920898438,56.17366409301758,56.65076446533203,39.36846542358398,11882643,Merck & Co.,United States,MRK
2014-11-05 05:00:00,57.24236679077148,57.49045944213867,56.66030502319336,56.84160232543945,39.50109100341797,13287382,Merck & Co.,United States,MRK
2014-11-06 05:00:00,56.8702278137207,57.15649032592773,56.47900772094727,56.54580307006836,39.29551696777344,14003481,Merck & Co.,United States,MRK
2014-11-07 05:00:00,56.66984558105469,56.88931274414062,56.35496139526367,56.62213516235352,39.34857559204102,11122424,Merck & Co.,United States,MRK
2014-11-10 05:00:00,55.57251739501953,56.47900772094727,55.0572509765625,56.11641311645508,38.99713134765625,15299228,Merck & Co.,United States,MRK
2014-11-11 05:00:00,56.98473358154297,57.20419692993164,56.49809265136719,56.65076446533203,39.36846542358398,13942173,Merck & Co.,United States,MRK
2014-11-12 05:00:00,56.56488418579102,56.82251739501953,56.39313125610352,56.59350967407227,39.32868576049805,6988902,Merck & Co.,United States,MRK
2014-11-13 05:00:00,56.77481079101562,57.20419692993164,56.46946716308594,56.8129768371582,39.48119735717773,6965951,Merck & Co.,United States,MRK
2014-11-14 05:00:00,56.51717758178711,56.82251739501953,56.07824325561523,56.36450576782227,39.16953659057617,7472869,Merck & Co.,United States,MRK
2014-11-17 05:00:00,56.97518920898438,57.15649032592773,56.59350967407227,56.73664093017578,39.42815780639648,8982722,Merck & Co.,United States,MRK
2014-11-18 05:00:00,56.76526641845703,57.37595367431641,56.44084167480469,57.14694595336914,39.71329116821289,8030824,Merck & Co.,United States,MRK
2014-11-19 05:00:00,56.89885330200195,56.9942741394043,56.42175674438477,56.90839767456055,39.54749298095703,7655011,Merck & Co.,United States,MRK
2014-11-20 05:00:00,56.49809265136719,56.67938995361328,56.16412353515625,56.66030502319336,39.3751106262207,7064673,Merck & Co.,United States,MRK
2014-11-21 05:00:00,57.19465637207031,57.27099227905273,56.61259460449219,56.92748260498047,39.56077194213867,11800899,Merck & Co.,United States,MRK
2014-11-24 05:00:00,57.07061004638672,57.07061004638672,56.28816986083984,56.53625869750977,39.28890228271484,8895424,Merck & Co.,United States,MRK
2014-11-25 05:00:00,56.60305404663086,56.92748260498047,56.42175674438477,56.62213516235352,39.34857559204102,10824373,Merck & Co.,United States,MRK
2014-11-26 05:00:00,56.96564865112305,57.03244400024414,56.63167953491211,57.01335906982422,39.62044906616211,6582069,Merck & Co.,United States,MRK
2014-11-28 05:00:00,56.96564865112305,58.08206176757812,56.96564865112305,57.63358688354492,40.05146026611328,6505355,Merck & Co.,United States,MRK
2014-12-01 05:00:00,57.63358688354492,58.51145172119141,57.51908493041992,57.74809265136719,40.13103103637695,8671257,Merck & Co.,United States,MRK
2014-12-02 05:00:00,57.85305404663086,58.1870231628418,57.51908493041992,57.99618148803711,40.30344390869141,6755408,Merck & Co.,United States,MRK
2014-12-03 05:00:00,57.97710037231445,58.13931274414062,57.54771041870117,57.80534362792969,40.17082595825195,10197564,Merck & Co.,United States,MRK
2014-12-04 05:00:00,57.73854827880859,58.56870269775391,57.73854827880859,58.1297721862793,40.39628219604492,7456101,Merck & Co.,United States,MRK
2014-12-05 05:00:00,58.23473358154297,58.94084167480469,58.03435134887695,58.67366409301758,40.77424621582031,11708046,Merck & Co.,United States,MRK
2014-12-08 05:00:00,58.36832046508789,59.35114669799805,58.1870231628418,59.04580307006836,41.03285217285156,11941646,Merck & Co.,United States,MRK
2014-12-09 05:00:00,56.67938995361328,57.38549423217773,56.05915832519531,57.26145172119141,39.7928581237793,19679554,Merck & Co.,United States,MRK
2014-12-10 05:00:00,57.36641311645508,57.74809265136719,56.96564865112305,57.23282241821289,39.7729606628418,13889878,Merck & Co.,United States,MRK
2014-12-11 05:00:00,57.04198455810547,57.80534362792969,56.47900772094727,56.62213516235352,39.6460075378418,11857177,Merck & Co.,United States,MRK
2014-12-12 05:00:00,56.42175674438477,56.91793823242188,55.06679534912109,55.07633590698242,38.56367111206055,12702179,Merck & Co.,United States,MRK
2014-12-15 05:00:00,55.17175674438477,55.40076446533203,54.1984748840332,54.34160232543945,38.04922103881836,12759610,Merck & Co.,United States,MRK
2014-12-16 05:00:00,54.36068725585938,55.6202278137207,54.17938995361328,54.1984748840332,37.94899749755859,11752272,Merck & Co.,United States,MRK
2014-12-17 05:00:00,54.4370231628418,55.15267181396484,53.96946716308594,54.99045944213867,38.50353622436523,13271662,Merck & Co.,United States,MRK
2014-12-18 05:00:00,55.90649032592773,56.27862548828125,55.42938995361328,56.27862548828125,39.40549087524414,14000651,Merck & Co.,United States,MRK
2014-12-19 05:00:00,56.53625869750977,57.15649032592773,56.3072509765625,56.85114669799805,39.80637359619141,18208162,Merck & Co.,United States,MRK
2014-12-22 05:00:00,56.41221237182617,56.83206176757812,55.86832046508789,56.25954055786133,39.39213562011719,10491004,Merck & Co.,United States,MRK
2014-12-23 05:00:00,56.00190734863281,56.29771041870117,54.41793823242188,54.58969497680664,38.22293090820312,14845339,Merck & Co.,United States,MRK
2014-12-24 05:00:00,54.66603088378906,55.20992279052734,54.62786483764648,54.82824325561523,38.38997650146484,5293448,Merck & Co.,United States,MRK
2014-12-26 05:00:00,55.03816986083984,55.36259460449219,54.95228958129883,55.13358688354492,38.603759765625,4897094,Merck & Co.,United States,MRK
2014-12-29 05:00:00,54.81870269775391,55.26717758178711,54.81870269775391,55.08587646484375,38.57035446166992,6291982,Merck & Co.,United States,MRK
2014-12-30 05:00:00,54.89503860473633,55.12404632568359,54.67557144165039,55.00954055786133,38.51691055297852,5486070,Merck & Co.,United States,MRK
2014-12-31 05:00:00,54.64694595336914,55.20038223266602,54.13167953491211,54.18893051147461,37.94231414794922,7842813,Merck & Co.,United States,MRK
2015-01-02 05:00:00,54.59923553466797,55.14313125610352,54.41793823242188,54.57061004638672,38.20955657958984,7415962,Merck & Co.,United States,MRK
2015-01-05 05:00:00,55.54389190673828,55.8015251159668,54.93320465087891,55.38167953491211,38.77747344970703,16727338,Merck & Co.,United States,MRK
2015-01-06 05:00:00,55.61068725585938,57.72900772094727,55.58206176757812,57.5572509765625,40.30078125,25453510,Merck & Co.,United States,MRK
2015-01-07 05:00:00,57.67175674438477,58.79771041870117,57.59542083740234,58.78816986083984,41.16264343261719,19528956,Merck & Co.,United States,MRK
2015-01-08 05:00:00,59.16030502319336,60.0572509765625,59.01717758178711,59.97137451171875,41.99110412597656,20038808,Merck & Co.,United States,MRK
2015-01-09 05:00:00,59.93320465087891,60.23854827880859,59.32251739501953,59.69465637207031,41.79735946655273,13245358,Merck & Co.,United States,MRK
2015-01-12 05:00:00,60.20992279052734,60.59160232543945,59.2557258605957,59.44656372070312,41.62363815307617,12124312,Merck & Co.,United States,MRK
2015-01-13 05:00:00,60.02862548828125,60.70610809326172,58.90267181396484,59.34160232543945,41.5501594543457,10516890,Merck & Co.,United States,MRK
2015-01-14 05:00:00,58.89313125610352,60.02862548828125,58.66412353515625,59.77099227905273,41.85080337524414,10331289,Merck & Co.,United States,MRK
2015-01-15 05:00:00,59.91412353515625,60.10496139526367,58.99809265136719,59.04580307006836,41.34303665161133,10023701,Merck & Co.,United States,MRK
2015-01-16 05:00:00,59.02671813964844,60.26717758178711,58.71183013916016,60.14313125610352,42.11136245727539,11917018,Merck & Co.,United States,MRK
2015-01-20 05:00:00,59.83778762817383,60.40076446533203,59.04580307006836,59.74236679077148,41.83076858520508,13734983,Merck & Co.,United States,MRK
2015-01-21 05:00:00,59.56106948852539,59.90457916259766,59.23664093017578,59.3129768371582,41.53010559082031,9517307,Merck & Co.,United States,MRK
2015-01-22 05:00:00,59.40839767456055,59.83778762817383,58.71183013916016,59.72328186035156,41.8173942565918,8902131,Merck & Co.,United States,MRK
2015-01-23 05:00:00,59.59923553466797,60.11450576782227,59.5515251159668,59.62786483764648,41.7505989074707,6528097,Merck & Co.,United States,MRK
2015-01-26 05:00:00,59.71374130249023,60.09542083740234,59.27481079101562,59.9427490234375,41.97106170654297,7036901,Merck & Co.,United States,MRK
2015-01-27 05:00:00,60.0,60.13358688354492,59.28435134887695,59.69465637207031,41.79735946655273,8347425,Merck & Co.,United States,MRK
2015-01-28 05:00:00,59.9427490234375,60.07633590698242,58.51145172119141,58.63549423217773,41.05575180053711,9293769,Merck & Co.,United States,MRK
2015-01-29 05:00:00,58.72137451171875,59.30343627929688,57.97710037231445,59.24618148803711,41.48334503173828,9527682,Merck & Co.,United States,MRK
2015-01-30 05:00:00,58.71183013916016,59.09350967407227,57.28053283691406,57.51908493041992,40.2740478515625,12667071,Merck & Co.,United States,MRK
2015-02-02 05:00:00,57.72900772094727,58.13931274414062,57.04198455810547,58.09160232543945,40.67491912841797,9711502,Merck & Co.,United States,MRK
2015-02-03 05:00:00,58.10114669799805,58.26335906982422,57.19465637207031,58.22518920898438,40.76844787597656,12028420,Merck & Co.,United States,MRK
2015-02-04 05:00:00,57.22328186035156,57.25190734863281,55.66793823242188,56.34542083740234,39.45226669311523,20380142,Merck & Co.,United States,MRK
2015-02-05 05:00:00,56.55534362792969,56.63167953491211,55.83015441894531,56.45992279052734,39.53243255615234,13268099,Merck & Co.,United States,MRK
2015-02-06 05:00:00,56.39313125610352,57.03244400024414,55.89694595336914,56.09732818603516,39.27855682373047,10338310,Merck & Co.,United States,MRK
2015-02-09 05:00:00,55.96374130249023,56.29771041870117,55.27671813964844,55.65839767456055,38.97122573852539,10494777,Merck & Co.,United States,MRK
2015-02-10 05:00:00,56.29771041870117,56.62213516235352,56.07824325561523,56.15457916259766,39.31865310668945,9997291,Merck & Co.,United States,MRK
2015-02-11 05:00:00,56.06870269775391,56.25954055786133,55.72518920898438,56.04961776733398,39.24515914916992,10987127,Merck & Co.,United States,MRK
2015-02-12 05:00:00,56.29771041870117,56.40267181396484,55.90649032592773,56.18320465087891,39.33869171142578,7553670,Merck & Co.,United States,MRK
2015-02-13 05:00:00,56.20228958129883,56.24045944213867,55.92557144165039,56.11641311645508,39.29191589355469,8278466,Merck & Co.,United States,MRK
2015-02-17 05:00:00,56.04961776733398,56.26908493041992,56.01145172119141,56.09732818603516,39.27855682373047,10676290,Merck & Co.,United States,MRK
2015-02-18 05:00:00,55.98282241821289,56.3072509765625,55.5629768371582,56.10686874389648,39.28522109985352,11039842,Merck & Co.,United States,MRK
2015-02-19 05:00:00,56.15457916259766,56.28816986083984,55.16221237182617,55.6297721862793,38.951171875,10308338,Merck & Co.,United States,MRK
2015-02-20 05:00:00,55.48664093017578,55.8015251159668,55.08587646484375,55.67748260498047,38.98458862304688,12161830,Merck & Co.,United States,MRK
2015-02-23 05:00:00,55.71564865112305,55.98282241821289,55.5057258605957,55.6297721862793,38.951171875,9002215,Merck & Co.,United States,MRK
2015-02-24 05:00:00,55.81106948852539,55.88740539550781,55.39122009277344,55.6870231628418,38.99127960205078,8084377,Merck & Co.,United States,MRK
2015-02-25 05:00:00,55.78244400024414,56.26908493041992,55.40076446533203,55.81106948852539,39.07811737060547,8861050,Merck & Co.,United States,MRK
2015-02-26 05:00:00,55.97328186035156,56.44084167480469,55.97328186035156,56.25954055786133,39.39213562011719,12040577,Merck & Co.,United States,MRK
2015-02-27 05:00:00,56.1927490234375,56.35496139526367,55.81106948852539,55.85877990722656,39.11151885986328,13686775,Merck & Co.,United States,MRK
2015-03-02 05:00:00,55.85877990722656,56.1927490234375,55.61068725585938,55.89694595336914,39.13825988769531,10131226,Merck & Co.,United States,MRK
2015-03-03 05:00:00,55.95419692993164,56.01145172119141,55.29580307006836,55.66793823242188,38.9779052734375,8647362,Merck & Co.,United States,MRK
2015-03-04 05:00:00,55.73473358154297,55.96374130249023,55.03816986083984,55.22900772094727,38.67057037353516,13975290,Merck & Co.,United States,MRK
2015-03-05 05:00:00,55.42938995361328,55.61068725585938,55.15267181396484,55.32442855834961,38.73736953735352,12087737,Merck & Co.,United States,MRK
2015-03-06 05:00:00,55.20038223266602,55.21946716308594,54.12213516235352,54.23664093017578,37.9757194519043,11595806,Merck & Co.,United States,MRK
2015-03-09 04:00:00,54.23664093017578,54.74236679077148,53.72137451171875,54.63740539550781,38.25633239746094,8742416,Merck & Co.,United States,MRK
2015-03-10 04:00:00,54.34160232543945,54.57061004638672,53.90267181396484,53.98854827880859,37.80200958251953,13755000,Merck & Co.,United States,MRK
2015-03-11 04:00:00,54.85686874389648,54.85686874389648,53.40649032592773,53.49236679077148,37.4546012878418,16417234,Merck & Co.,United States,MRK
2015-03-12 04:00:00,53.26335906982422,53.64503860473633,53.11068725585938,53.59732818603516,37.83177185058594,13576106,Merck & Co.,United States,MRK
2015-03-13 04:00:00,53.46374130249023,53.84542083740234,53.09160232543945,53.62595367431641,37.85197448730469,13700399,Merck & Co.,United States,MRK
2015-03-16 04:00:00,53.98854827880859,54.69465637207031,53.98854827880859,54.50381851196289,38.47162628173828,12073798,Merck & Co.,United States,MRK
2015-03-17 04:00:00,54.28435134887695,54.28435134887695,53.66412353515625,53.88358688354492,38.0338249206543,10479371,Merck & Co.,United States,MRK
2015-03-18 04:00:00,53.8072509765625,55.31488418579102,53.63549423217773,55.00954055786133,38.82859039306641,15645068,Merck & Co.,United States,MRK
2015-03-19 04:00:00,54.79961776733398,55.66793823242188,54.41793823242188,55.54389190673828,39.20576095581055,15149783,Merck & Co.,United States,MRK
2015-03-20 04:00:00,55.57251739501953,56.16412353515625,55.11450576782227,55.89694595336914,39.45496368408203,27367472,Merck & Co.,United States,MRK
2015-03-23 04:00:00,55.72518920898438,56.43129730224609,55.38167953491211,56.04007720947266,39.55598831176758,11170108,Merck & Co.,United States,MRK
2015-03-24 04:00:00,56.68893051147461,56.96564865112305,55.83015441894531,55.94465637207031,39.48863983154297,13692434,Merck & Co.,United States,MRK
2015-03-25 04:00:00,56.77481079101562,56.97518920898438,55.51526641845703,55.59160232543945,39.23943328857422,14712243,Merck & Co.,United States,MRK
2015-03-26 04:00:00,55.38167953491211,55.53435134887695,54.78053283691406,54.96183013916016,38.79490280151367,11090879,Merck & Co.,United States,MRK
2015-03-27 04:00:00,55.18129730224609,55.5629768371582,54.99045944213867,55.10496139526367,38.89593887329102,8932628,Merck & Co.,United States,MRK
2015-03-30 04:00:00,55.58206176757812,55.85877990722656,55.48664093017578,55.66793823242188,39.29331588745117,8582072,Merck & Co.,United States,MRK
2015-03-31 04:00:00,55.52481079101562,55.63931274414062,54.84732818603516,54.84732818603516,38.71409606933594,10960718,Merck & Co.,United States,MRK
2015-04-01 04:00:00,54.63740539550781,54.69465637207031,53.64503860473633,54.2557258605957,38.29650115966797,13322386,Merck & Co.,United States,MRK
2015-04-02 04:00:00,54.38931274414062,54.81870269775391,54.24618148803711,54.48473358154297,38.45815658569336,7947508,Merck & Co.,United States,MRK
2015-04-06 04:00:00,54.32251739501953,54.71374130249023,54.11259460449219,54.56106948852539,38.51202774047852,13256362,Merck & Co.,United States,MRK
2015-04-07 04:00:00,55.01908493041992,55.22900772094727,54.67557144165039,54.79961776733398,38.680419921875,9723658,Merck & Co.,United States,MRK
2015-04-08 04:00:00,55.25763320922852,55.39122009277344,54.40839767456055,54.53244400024414,38.49183654785156,14210566,Merck & Co.,United States,MRK
2015-04-09 04:00:00,54.59923553466797,55.08587646484375,54.4942741394043,54.79961776733398,38.680419921875,12582288,Merck & Co.,United States,MRK
2015-04-10 04:00:00,54.4370231628418,55.00954055786133,53.74045944213867,54.62786483764648,38.55916976928711,16251860,Merck & Co.,United States,MRK
2015-04-13 04:00:00,54.46564865112305,54.74236679077148,53.91221237182617,54.13167953491211,38.20893859863281,10983983,Merck & Co.,United States,MRK
2015-04-14 04:00:00,54.33206176757812,55.33396911621094,54.01717758178711,55.11450576782227,38.90266418457031,15359698,Merck & Co.,United States,MRK
2015-04-15 04:00:00,55.41030502319336,56.25,55.41030502319336,55.77289962768555,39.36740875244141,12690022,Merck & Co.,United States,MRK
2015-04-16 04:00:00,55.54389190673828,55.71564865112305,55.09542083740234,55.19084167480469,38.95656585693359,6717051,Merck & Co.,United States,MRK
2015-04-17 04:00:00,54.72328186035156,54.73282241821289,53.97900772094727,54.27481079101562,38.30997848510742,12223243,Merck & Co.,United States,MRK
2015-04-20 04:00:00,54.86641311645508,55.34350967407227,54.76145172119141,54.97137451171875,38.8016471862793,10439547,Merck & Co.,United States,MRK
2015-04-21 04:00:00,55.35305404663086,55.37213516235352,54.78053283691406,55.01908493041992,38.8353271484375,9699764,Merck & Co.,United States,MRK
2015-04-22 04:00:00,54.92366409301758,55.23854827880859,54.69465637207031,55.04771041870117,38.85552597045898,8294501,Merck & Co.,United States,MRK
2015-04-23 04:00:00,54.88549423217773,55.20038223266602,54.42748260498047,54.87595367431641,38.73429870605469,8742416,Merck & Co.,United States,MRK
2015-04-24 04:00:00,55.20038223266602,55.52481079101562,54.87595367431641,54.96183013916016,38.79490280151367,8244092,Merck & Co.,United States,MRK
2015-04-27 04:00:00,55.18129730224609,55.37213516235352,54.27481079101562,54.48473358154297,38.45815658569336,11108381,Merck & Co.,United States,MRK
2015-04-28 04:00:00,54.48473358154297,57.70992279052734,54.48473358154297,57.23282241821289,40.39788818359375,36398298,Merck & Co.,United States,MRK
2015-04-29 04:00:00,56.61259460449219,57.66221237182617,56.51717758178711,56.94656372070312,40.19584274291992,18017216,Merck & Co.,United States,MRK
2015-04-30 04:00:00,57.0515251159668,57.38549423217773,56.52671813964844,56.83206176757812,40.11502075195312,13636995,Merck & Co.,United States,MRK
2015-05-01 04:00:00,57.02289962768555,57.61450576782227,56.94656372070312,57.11832046508789,40.31707382202148,9806660,Merck & Co.,United States,MRK
2015-05-04 04:00:00,57.38549423217773,58.15839767456055,57.28053283691406,57.86259460449219,40.84242248535156,9484819,Merck & Co.,United States,MRK
2015-05-05 04:00:00,57.5572509765625,57.91984558105469,57.30915832519531,57.71946716308594,40.74139022827148,12662041,Merck & Co.,United States,MRK
2015-05-06 04:00:00,57.68129730224609,57.81488418579102,57.18511581420898,57.5,40.58647537231445,12126303,Merck & Co.,United States,MRK
2015-05-07 04:00:00,57.29961776733398,57.9484748840332,57.18511581420898,57.53816986083984,40.61342239379883,9433048,Merck & Co.,United States,MRK
2015-05-08 04:00:00,58.20610809326172,58.56870269775391,57.91984558105469,57.95801544189453,40.90977478027344,10630283,Merck & Co.,United States,MRK
2015-05-11 04:00:00,57.88167953491211,57.91030502319336,57.09923553466797,57.25190734863281,40.41136169433594,10185407,Merck & Co.,United States,MRK
2015-05-12 04:00:00,56.82251739501953,56.9942741394043,56.40267181396484,56.71755599975586,40.03418350219727,13825111,Merck & Co.,United States,MRK
2015-05-13 04:00:00,56.88931274414062,57.10877990722656,56.26908493041992,56.46946716308594,39.85906982421875,7672303,Merck & Co.,United States,MRK
2015-05-14 04:00:00,56.74618148803711,57.14694595336914,56.34542083740234,57.04198455810547,40.26318740844727,7469410,Merck & Co.,United States,MRK
2015-05-15 04:00:00,57.19465637207031,57.47137451171875,57.07061004638672,57.47137451171875,40.5662727355957,8033654,Merck & Co.,United States,MRK
2015-05-18 04:00:00,57.41412353515625,57.68129730224609,57.26145172119141,57.26145172119141,40.41809844970703,7535539,Merck & Co.,United States,MRK
2015-05-19 04:00:00,57.21374130249023,58.1297721862793,57.19465637207031,57.74809265136719,40.76159286499023,8518878,Merck & Co.,United States,MRK
2015-05-20 04:00:00,57.89122009277344,58.0629768371582,57.67175674438477,57.69084167480469,40.72118759155273,6324575,Merck & Co.,United States,MRK
2015-05-21 04:00:00,57.77671813964844,58.0057258605957,57.33778762817383,57.34732818603516,40.47871780395508,8424872,Merck & Co.,United States,MRK
2015-05-22 04:00:00,57.31870269775391,57.31870269775391,56.62213516235352,56.66030502319336,39.99379348754883,9421939,Merck & Co.,United States,MRK
2015-05-26 04:00:00,56.56488418579102,56.71755599975586,56.15457916259766,56.26908493041992,39.71763610839844,11378870,Merck & Co.,United States,MRK
2015-05-27 04:00:00,56.38358688354492,57.04198455810547,56.17366409301758,56.73664093017578,40.04767608642578,10193582,Merck & Co.,United States,MRK
2015-05-28 04:00:00,56.72710037231445,57.10877990722656,56.66030502319336,56.96564865112305,40.20930480957031,9987545,Merck & Co.,United States,MRK
2015-05-29 04:00:00,57.13740539550781,58.32061004638672,56.74618148803711,58.10114669799805,41.01080322265625,20976349,Merck & Co.,United States,MRK
2015-06-01 04:00:00,58.0629768371582,58.87404632568359,57.57633590698242,57.96755599975586,40.91651916503906,12374155,Merck & Co.,United States,MRK
2015-06-02 04:00:00,57.68129730224609,57.69084167480469,57.08015441894531,57.48091506958008,40.57301330566406,9424664,Merck & Co.,United States,MRK
2015-06-03 04:00:00,57.88167953491211,58.09160232543945,57.5,57.62404632568359,40.67403411865234,9078195,Merck & Co.,United States,MRK
2015-06-04 04:00:00,57.21374130249023,57.45228958129883,56.55534362792969,56.74618148803711,40.05438995361328,11350154,Merck & Co.,United States,MRK
2015-06-05 04:00:00,56.64122009277344,56.68893051147461,56.10686874389648,56.28816986083984,39.73111724853516,11404126,Merck & Co.,United States,MRK
2015-06-08 04:00:00,56.1927490234375,56.45992279052734,56.06870269775391,56.17366409301758,39.65028381347656,8434094,Merck & Co.,United States,MRK
2015-06-09 04:00:00,56.25954055786133,56.57442855834961,56.02099227905273,56.14503860473633,39.63008117675781,6754570,Merck & Co.,United States,MRK
2015-06-10 04:00:00,56.27862548828125,56.92748260498047,56.21183013916016,56.8797721862793,40.1486930847168,10713914,Merck & Co.,United States,MRK
2015-06-11 04:00:00,56.48854827880859,56.65076446533203,56.14503860473633,56.21183013916016,39.97903823852539,12199034,Merck & Co.,United States,MRK
2015-06-12 04:00:00,56.09732818603516,56.10686874389648,55.14313125610352,55.21946716308594,39.27322387695312,16571290,Merck & Co.,United States,MRK
2015-06-15 04:00:00,54.96183013916016,55.0,54.40839767456055,54.50381851196289,38.76425552368164,10591612,Merck & Co.,United States,MRK
2015-06-16 04:00:00,54.61832046508789,55.08587646484375,54.27481079101562,55.06679534912109,39.1646614074707,7303407,Merck & Co.,United States,MRK
2015-06-17 04:00:00,55.06679534912109,55.5057258605957,54.83778762817383,55.25763320922852,39.30038452148438,8297330,Merck & Co.,United States,MRK
2015-06-18 04:00:00,55.25763320922852,56.17366409301758,55.25763320922852,55.90649032592773,39.76185989379883,7797644,Merck & Co.,United States,MRK
2015-06-19 04:00:00,55.73473358154297,56.14503860473633,55.29580307006836,55.38167953491211,39.38861083984375,13218948,Merck & Co.,United States,MRK
2015-06-22 04:00:00,56.09732818603516,56.48854827880859,55.75381851196289,56.13549423217773,39.92473220825195,8763900,Merck & Co.,United States,MRK
2015-06-23 04:00:00,56.18320465087891,56.34542083740234,55.83969497680664,56.32633590698242,40.06046676635742,8772808,Merck & Co.,United States,MRK
2015-06-24 04:00:00,56.22137451171875,56.32633590698242,55.57251739501953,55.57251739501953,39.52433395385742,8288003,Merck & Co.,United States,MRK
2015-06-25 04:00:00,55.58206176757812,55.91603088378906,55.07633590698242,55.24809265136719,39.29359817504883,10428858,Merck & Co.,United States,MRK
2015-06-26 04:00:00,55.55343627929688,55.84923553466797,55.20038223266602,55.81106948852539,39.69398880004883,13711718,Merck & Co.,United States,MRK
2015-06-29 04:00:00,55.27671813964844,55.55343627929688,54.62786483764648,54.66603088378906,38.87961196899414,10062058,Merck & Co.,United States,MRK
2015-06-30 04:00:00,55.06679534912109,55.06679534912109,54.11259460449219,54.32251739501953,38.63531112670898,12415970,Merck & Co.,United States,MRK
2015-07-01 04:00:00,54.32251739501953,55.21946716308594,54.01717758178711,54.96183013916016,39.08999633789062,9830345,Merck & Co.,United States,MRK
2015-07-02 04:00:00,55.28625869750977,55.65839767456055,54.86641311645508,55.02862548828125,39.13750839233398,8927283,Merck & Co.,United States,MRK
2015-07-06 04:00:00,54.61832046508789,55.19084167480469,54.04580307006836,54.91412353515625,39.05607604980469,8440697,Merck & Co.,United States,MRK
2015-07-07 04:00:00,55.10496139526367,55.43893051147461,54.56106948852539,55.33396911621094,39.35466384887695,9467946,Merck & Co.,United States,MRK
2015-07-08 04:00:00,55.08587646484375,55.09542083740234,54.50381851196289,54.72328186035156,38.92034149169922,9548957,Merck & Co.,United States,MRK
2015-07-09 04:00:00,55.38167953491211,55.5057258605957,54.72328186035156,54.75190734863281,38.94070816040039,9094334,Merck & Co.,United States,MRK
2015-07-10 04:00:00,55.41030502319336,55.58206176757812,54.9427490234375,55.29580307006836,39.32752227783203,8433675,Merck & Co.,United States,MRK
2015-07-13 04:00:00,55.58206176757812,55.86832046508789,55.03816986083984,55.21946716308594,39.27322387695312,9572222,Merck & Co.,United States,MRK
2015-07-14 04:00:00,55.24809265136719,55.61068725585938,55.03816986083984,55.52481079101562,39.49039840698242,7582385,Merck & Co.,United States,MRK
2015-07-15 04:00:00,55.49618148803711,55.87786483764648,55.41030502319336,55.55343627929688,39.51076889038086,6024533,Merck & Co.,United States,MRK
2015-07-16 04:00:00,55.83015441894531,56.17366409301758,55.67748260498047,56.12595367431641,39.91794967651367,5580286,Merck & Co.,United States,MRK
2015-07-17 04:00:00,56.01145172119141,56.22137451171875,55.90649032592773,56.12595367431641,39.91794967651367,7324367,Merck & Co.,United States,MRK
2015-07-20 04:00:00,56.25954055786133,56.48854827880859,56.16412353515625,56.29771041870117,40.04011154174805,5970666,Merck & Co.,United States,MRK
2015-07-21 04:00:00,56.28816986083984,56.31679534912109,55.96374130249023,55.98282241821289,39.81614685058594,7265574,Merck & Co.,United States,MRK
2015-07-22 04:00:00,55.83015441894531,56.32633590698242,55.35305404663086,55.46755599975586,39.44968414306641,9031454,Merck & Co.,United States,MRK
2015-07-23 04:00:00,55.84923553466797,55.84923553466797,55.28625869750977,55.41030502319336,39.40896987915039,6750797,Merck & Co.,United States,MRK
2015-07-24 04:00:00,55.06679534912109,55.22900772094727,54.69465637207031,54.78053283691406,38.96105575561523,8223761,Merck & Co.,United States,MRK
2015-07-27 04:00:00,54.79961776733398,54.81870269775391,54.03625869750977,54.3797721862793,38.67602920532227,15601576,Merck & Co.,United States,MRK
2015-07-28 04:00:00,53.93129730224609,55.0,53.27289962768555,54.88549423217773,39.03572082519531,17173681,Merck & Co.,United States,MRK
2015-07-29 04:00:00,55.04771041870117,56.12595367431641,55.0,55.85877990722656,39.72792434692383,13494048,Merck & Co.,United States,MRK
2015-07-30 04:00:00,55.93511581420898,56.12595367431641,55.61068725585938,55.83969497680664,39.71435928344727,7324996,Merck & Co.,United States,MRK
2015-07-31 04:00:00,56.29771041870117,56.61259460449219,56.01145172119141,56.25954055786133,40.01296615600586,9172620,Merck & Co.,United States,MRK
2015-08-03 04:00:00,56.58396911621094,56.72710037231445,55.8015251159668,56.34542083740234,40.07403945922852,7133736,Merck & Co.,United States,MRK
2015-08-04 04:00:00,56.71755599975586,56.74618148803711,55.69656372070312,56.01145172119141,39.83650970458984,7268718,Merck & Co.,United States,MRK
2015-08-05 04:00:00,56.37404632568359,56.56488418579102,56.07824325561523,56.39313125610352,40.10797500610352,5976325,Merck & Co.,United States,MRK
2015-08-06 04:00:00,56.45038223266602,56.53625869750977,55.64885330200195,55.75381851196289,39.65327453613281,7356646,Merck & Co.,United States,MRK
2015-08-07 04:00:00,55.67748260498047,55.77289962768555,55.02862548828125,55.31488418579102,39.34109878540039,10178595,Merck & Co.,United States,MRK
2015-08-10 04:00:00,55.59160232543945,55.92557144165039,55.59160232543945,55.73473358154297,39.63970947265625,5294915,Merck & Co.,United States,MRK
2015-08-11 04:00:00,55.27671813964844,55.52481079101562,54.92366409301758,55.11450576782227,39.19857406616211,7418058,Merck & Co.,United States,MRK
2015-08-12 04:00:00,54.65649032592773,55.61068725585938,54.50381851196289,55.59160232543945,39.53790664672852,7886514,Merck & Co.,United States,MRK
2015-08-13 04:00:00,55.86832046508789,56.72710037231445,55.82061004638672,56.27862548828125,40.02653121948242,11483146,Merck & Co.,United States,MRK
2015-08-14 04:00:00,56.3072509765625,56.84160232543945,56.17366409301758,56.46946716308594,40.16225433349609,9920787,Merck & Co.,United States,MRK
2015-08-17 04:00:00,56.10686874389648,57.01335906982422,55.89694595336914,56.97518920898438,40.52194213867188,6407158,Merck & Co.,United States,MRK
2015-08-18 04:00:00,56.9370231628418,57.20419692993164,56.83206176757812,56.92748260498047,40.48801040649414,7123675,Merck & Co.,United States,MRK
2015-08-19 04:00:00,56.60305404663086,57.31870269775391,56.47900772094727,56.92748260498047,40.48801040649414,8369642,Merck & Co.,United States,MRK
2015-08-20 04:00:00,55.6202278137207,55.86832046508789,54.14122009277344,54.34160232543945,38.64887619018555,24831731,Merck & Co.,United States,MRK
2015-08-21 04:00:00,53.99809265136719,54.99045944213867,53.20610809326172,53.21564865112305,37.84808349609375,18478860,Merck & Co.,United States,MRK
2015-08-24 04:00:00,50.63931274414062,51.90839767456055,43.59732818603516,51.51717758178711,36.64009857177734,26030853,Merck & Co.,United States,MRK
2015-08-25 04:00:00,52.85305404663086,52.87213516235352,48.66412353515625,48.82633590698242,34.72631072998047,23946590,Merck & Co.,United States,MRK
2015-08-26 04:00:00,50.95419692993164,52.10877990722656,50.08587646484375,51.92748260498047,36.93192672729492,23989978,Merck & Co.,United States,MRK
2015-08-27 04:00:00,52.74809265136719,52.86259460449219,51.18320465087891,52.43320465087891,37.29159164428711,16910109,Merck & Co.,United States,MRK
2015-08-28 04:00:00,52.27099227905273,52.87213516235352,52.08969497680664,52.83396911621094,37.57659912109375,13411256,Merck & Co.,United States,MRK
2015-08-31 04:00:00,52.59542083740234,52.76717758178711,51.16412353515625,51.38358688354492,36.54508972167969,13537121,Merck & Co.,United States,MRK
2015-09-01 04:00:00,50.24809265136719,50.79198455810547,49.80915832519531,50.12404632568359,35.64927673339844,16503275,Merck & Co.,United States,MRK
2015-09-02 04:00:00,50.73473358154297,50.83015441894531,49.95228958129883,50.55343627929688,35.95465087890625,13761078,Merck & Co.,United States,MRK
2015-09-03 04:00:00,50.83015441894531,51.09732818603516,50.19084167480469,50.23854827880859,35.73070907592773,12732257,Merck & Co.,United States,MRK
2015-09-04 04:00:00,49.71374130249023,49.84732818603516,48.83587646484375,49.22710037231445,35.01134490966797,15186882,Merck & Co.,United States,MRK
2015-09-08 04:00:00,50.58206176757812,50.59160232543945,49.80915832519531,50.27671813964844,35.75785064697266,15679233,Merck & Co.,United States,MRK
2015-09-09 04:00:00,50.77289962768555,50.88740539550781,49.4370231628418,49.5515251159668,35.2420768737793,11650302,Merck & Co.,United States,MRK
2015-09-10 04:00:00,49.63740539550781,50.76335906982422,49.48473358154297,50.30534362792969,35.77821731567383,14740539,Merck & Co.,United States,MRK
2015-09-11 04:00:00,49.81870269775391,50.04771041870117,49.34160232543945,49.70419692993164,35.65500259399414,12671158,Merck & Co.,United States,MRK
2015-09-14 04:00:00,49.73282241821289,50.31488418579102,49.60877990722656,49.9427490234375,35.82612991333008,9213387,Merck & Co.,United States,MRK
2015-09-15 04:00:00,50.36259460449219,51.42175674438477,50.25763320922852,51.09732818603516,36.65436553955078,12358226,Merck & Co.,United States,MRK
2015-09-16 04:00:00,51.05915832519531,51.49809265136719,50.87786483764648,51.40267181396484,36.87339782714844,9098107,Merck & Co.,United States,MRK
2015-09-17 04:00:00,51.38358688354492,52.00381851196289,50.59160232543945,51.48854827880859,36.93500137329102,23894295,Merck & Co.,United States,MRK
2015-09-18 04:00:00,51.22137451171875,51.40267181396484,49.53244400024414,49.74236679077148,35.68238830566406,30389799,Merck & Co.,United States,MRK
2015-09-21 04:00:00,50.03816986083984,50.03816986083984,48.36832046508789,48.64503860473633,34.89522171020508,18070978,Merck & Co.,United States,MRK
2015-09-22 04:00:00,48.23473358154297,48.66412353515625,47.95801544189453,48.41603088378906,34.73093795776367,13409789,Merck & Co.,United States,MRK
2015-09-23 04:00:00,48.41603088378906,49.08396911621094,48.08206176757812,48.6927490234375,34.9294548034668,10538164,Merck & Co.,United States,MRK
2015-09-24 04:00:00,48.21564865112305,48.53053283691406,47.91984558105469,48.27289962768555,34.62826156616211,11012698,Merck & Co.,United States,MRK
2015-09-25 04:00:00,48.58778762817383,48.96946716308594,46.8797721862793,47.32824325561523,33.95061874389648,16058190,Merck & Co.,United States,MRK
2015-09-28 04:00:00,47.04198455810547,47.10877990722656,45.88740539550781,46.20228958129883,33.14292526245117,21117724,Merck & Co.,United States,MRK
2015-09-29 04:00:00,46.35496139526367,47.04198455810547,45.99236679077148,46.42175674438477,33.30036163330078,13417439,Merck & Co.,United States,MRK
2015-09-30 04:00:00,47.13740539550781,47.27099227905273,46.61259460449219,47.12786483764648,33.806884765625,13287697,Merck & Co.,United States,MRK
2015-10-01 04:00:00,47.08969497680664,47.29961776733398,46.31679534912109,47.10877990722656,33.79318618774414,15100213,Merck & Co.,United States,MRK
2015-10-02 04:00:00,46.55534362792969,47.85305404663086,46.13549423217773,47.84350967407227,34.32025146484375,25453719,Merck & Co.,United States,MRK
2015-10-05 04:00:00,48.73091506958008,48.96946716308594,48.36832046508789,48.88358688354492,35.06634140014648,16643917,Merck & Co.,United States,MRK
2015-10-06 04:00:00,49.03625869750977,49.03625869750977,47.06106948852539,47.51908493041992,34.08751678466797,17285188,Merck & Co.,United States,MRK
2015-10-07 04:00:00,48.14885330200195,48.77862548828125,47.49045944213867,48.61641311645508,34.87469100952148,15204594,Merck & Co.,United States,MRK
2015-10-08 04:00:00,48.33969497680664,48.84542083740234,47.84350967407227,48.68320465087891,34.92259979248047,13144016,Merck & Co.,United States,MRK
2015-10-09 04:00:00,48.65457916259766,49.15076446533203,48.36832046508789,48.61641311645508,34.87469100952148,11445627,Merck & Co.,United States,MRK
2015-10-12 04:00:00,47.43320465087891,48.52099227905273,47.41412353515625,48.38740539550781,34.71041488647461,12212658,Merck & Co.,United States,MRK
2015-10-13 04:00:00,48.45419692993164,48.57824325561523,47.09923553466797,47.20419692993164,33.86164093017578,15621383,Merck & Co.,United States,MRK
2015-10-14 04:00:00,47.31870269775391,47.82442855834961,47.18511581420898,47.27099227905273,33.9095573425293,14390298,Merck & Co.,United States,MRK
2015-10-15 04:00:00,47.39503860473633,48.74045944213867,46.9942741394043,48.39694595336914,34.71725082397461,14711300,Merck & Co.,United States,MRK
2015-10-16 04:00:00,48.95038223266602,49.35114669799805,48.74045944213867,49.12213516235352,35.23746490478516,11624940,Merck & Co.,United States,MRK
2015-10-19 04:00:00,48.97900772094727,49.18893051147461,48.59732818603516,49.04580307006836,35.18270874023438,8847111,Merck & Co.,United States,MRK
2015-10-20 04:00:00,49.03625869750977,49.11259460449219,47.80534362792969,48.08206176757812,34.49137496948242,10422255,Merck & Co.,United States,MRK
2015-10-21 04:00:00,48.42557144165039,48.64503860473633,47.85305404663086,48.27289962768555,34.62826156616211,11810855,Merck & Co.,United States,MRK
2015-10-22 04:00:00,48.49236679077148,50.15267181396484,47.99618148803711,49.62786483764648,35.60025024414062,19335181,Merck & Co.,United States,MRK
2015-10-23 04:00:00,49.95228958129883,50.81106948852539,49.75190734863281,50.45801544189453,36.19574737548828,16457268,Merck & Co.,United States,MRK
2015-10-26 04:00:00,50.23854827880859,50.73473358154297,50.06679534912109,50.48664093017578,36.21628570556641,11502010,Merck & Co.,United States,MRK
2015-10-27 04:00:00,51.29771041870117,51.62213516235352,50.36259460449219,51.02099227905273,36.59960556030273,14626831,Merck & Co.,United States,MRK
2015-10-28 04:00:00,51.51717758178711,52.61450576782227,51.09732818603516,52.57633590698242,37.71531677246094,15416080,Merck & Co.,United States,MRK
2015-10-29 04:00:00,52.4427490234375,53.09160232543945,51.97518920898438,52.35686874389648,37.55788803100586,9334850,Merck & Co.,United States,MRK
2015-10-30 04:00:00,52.28053283691406,52.73854827880859,52.15649032592773,52.15649032592773,37.41413879394531,11546235,Merck & Co.,United States,MRK
2015-11-02 05:00:00,52.18511581420898,52.79580307006836,51.91793823242188,52.58587646484375,37.72214889526367,11065937,Merck & Co.,United States,MRK
2015-11-03 05:00:00,52.5572509765625,52.84350967407227,51.98473358154297,52.58587646484375,37.72214889526367,9658578,Merck & Co.,United States,MRK
2015-11-04 05:00:00,52.92938995361328,53.21564865112305,52.65267181396484,52.98664093017578,38.00964736938477,8121162,Merck & Co.,United States,MRK
2015-11-05 05:00:00,52.91984558105469,53.1297721862793,52.17557144165039,52.52862548828125,37.68109130859375,9481046,Merck & Co.,United States,MRK
2015-11-06 05:00:00,52.28053283691406,52.36641311645508,51.53625869750977,52.10877990722656,37.37991333007812,11237704,Merck & Co.,United States,MRK
2015-11-09 05:00:00,51.55534362792969,51.91793823242188,51.27862548828125,51.7557258605957,37.12665939331055,9578930,Merck & Co.,United States,MRK
2015-11-10 05:00:00,51.88931274414062,52.09923553466797,51.54580307006836,51.9370231628418,37.25671005249023,7820490,Merck & Co.,United States,MRK
2015-11-11 05:00:00,52.29961776733398,52.48091506958008,51.22137451171875,51.25954055786133,36.77070617675781,8954741,Merck & Co.,United States,MRK
2015-11-12 05:00:00,51.13549423217773,51.49809265136719,50.60114669799805,50.60114669799805,36.29842376708984,8989220,Merck & Co.,United States,MRK
2015-11-13 05:00:00,51.01145172119141,51.25954055786133,50.47710037231445,50.60114669799805,36.29842376708984,11941436,Merck & Co.,United States,MRK
2015-11-16 05:00:00,49.79961776733398,51.34542083740234,49.74236679077148,51.24045944213867,36.75702667236328,7239374,Merck & Co.,United States,MRK
2015-11-17 05:00:00,51.25,51.8129768371582,50.84923553466797,51.25,36.76387405395508,7468677,Merck & Co.,United States,MRK
2015-11-18 05:00:00,51.39313125610352,51.83206176757812,51.24045944213867,51.74618148803711,37.11981201171875,11330347,Merck & Co.,United States,MRK
2015-11-19 05:00:00,51.94656372070312,52.03244400024414,51.45038223266602,51.79389190673828,37.1540412902832,7167482,Merck & Co.,United States,MRK
2015-11-20 05:00:00,52.10877990722656,52.34732818603516,51.52671813964844,51.62213516235352,37.03082656860352,9362098,Merck & Co.,United States,MRK
2015-11-23 05:00:00,51.60305404663086,51.71755599975586,51.31679534912109,51.53625869750977,36.96921920776367,9105129,Merck & Co.,United States,MRK
2015-11-24 05:00:00,51.10686874389648,51.22137451171875,50.66793823242188,51.03053283691406,36.60644149780273,11011546,Merck & Co.,United States,MRK
2015-11-25 05:00:00,51.16412353515625,51.45038223266602,51.01145172119141,51.25954055786133,36.77070617675781,6370687,Merck & Co.,United States,MRK
2015-11-27 05:00:00,50.91603088378906,51.71755599975586,50.91603088378906,51.48854827880859,36.93500137329102,3124717,Merck & Co.,United States,MRK
2015-11-30 05:00:00,51.56488418579102,51.63167953491211,50.57251739501953,50.58206176757812,36.28473281860352,14004634,Merck & Co.,United States,MRK
2015-12-01 05:00:00,51.3072509765625,52.13740539550781,50.99236679077148,52.07061004638672,37.35253143310547,13620646,Merck & Co.,United States,MRK
2015-12-02 05:00:00,52.15649032592773,52.47137451171875,51.28816986083984,51.35496139526367,36.83917617797852,10584066,Merck & Co.,United States,MRK
2015-12-03 05:00:00,51.59350967407227,51.61259460449219,49.84732818603516,50.18129730224609,35.99725341796875,14247665,Merck & Co.,United States,MRK
2015-12-04 05:00:00,50.4484748840332,51.22137451171875,50.41030502319336,51.18320465087891,36.7159538269043,14343976,Merck & Co.,United States,MRK
2015-12-07 05:00:00,51.54580307006836,51.74618148803711,50.7442741394043,51.22137451171875,36.74334716796875,9113408,Merck & Co.,United States,MRK
2015-12-08 05:00:00,51.11641311645508,51.90839767456055,50.78244400024414,51.02099227905273,36.59960556030273,7936714,Merck & Co.,United States,MRK
2015-12-09 05:00:00,50.83969497680664,51.15457916259766,50.11450576782227,50.40076446533203,36.15468597412109,10854346,Merck & Co.,United States,MRK
2015-12-10 05:00:00,50.59160232543945,51.50763320922852,50.40076446533203,51.23091506958008,36.75018310546875,12001591,Merck & Co.,United States,MRK
2015-12-11 05:00:00,50.57251739501953,50.83969497680664,49.63740539550781,49.76145172119141,36.00455474853516,10896999,Merck & Co.,United States,MRK
2015-12-14 05:00:00,49.76145172119141,49.96183013916016,49.28435134887695,49.80915832519531,36.03905868530273,12575162,Merck & Co.,United States,MRK
2015-12-15 05:00:00,50.07633590698242,50.75381851196289,49.83778762817383,50.47710037231445,36.52235794067383,12142023,Merck & Co.,United States,MRK
2015-12-16 05:00:00,50.97328186035156,51.63167953491211,50.57251739501953,51.54580307006836,37.29559326171875,10494986,Merck & Co.,United States,MRK
2015-12-17 05:00:00,51.63167953491211,51.76526641845703,50.24809265136719,50.24809265136719,36.35665512084961,14165921,Merck & Co.,United States,MRK
2015-12-18 05:00:00,49.76145172119141,49.92366409301758,49.24618148803711,49.27481079101562,35.65244293212891,22114686,Merck & Co.,United States,MRK
2015-12-21 05:00:00,49.76145172119141,49.76145172119141,48.85496139526367,49.4942741394043,35.81123733520508,12194633,Merck & Co.,United States,MRK
2015-12-22 05:00:00,49.62786483764648,49.83778762817383,48.93129730224609,49.71374130249023,35.97002410888672,13830351,Merck & Co.,United States,MRK
2015-12-23 05:00:00,49.98091506958008,50.78244400024414,49.96183013916016,50.55343627929688,36.57757949829102,7469515,Merck & Co.,United States,MRK
2015-12-24 05:00:00,50.37213516235352,50.69656372070312,50.20038223266602,50.42938995361328,36.48783111572266,3123145,Merck & Co.,United States,MRK
2015-12-28 05:00:00,50.37213516235352,50.61068725585938,50.16221237182617,50.41984558105469,36.48092269897461,5068442,Merck & Co.,United States,MRK
2015-12-29 05:00:00,50.54389190673828,51.15457916259766,50.48664093017578,50.89694595336914,36.82612991333008,6925708,Merck & Co.,United States,MRK
2015-12-30 05:00:00,50.89694595336914,51.12595367431641,50.64885330200195,50.81106948852539,36.76400375366211,5827194,Merck & Co.,United States,MRK
2015-12-31 05:00:00,50.38167953491211,50.84923553466797,50.24809265136719,50.40076446533203,36.46712493896484,8690959,Merck & Co.,United States,MRK
2016-01-04 05:00:00,49.62786483764648,50.20038223266602,49.24618148803711,50.07633590698242,36.23237991333008,17998981,Merck & Co.,United States,MRK
2016-01-05 05:00:00,50.37213516235352,51.02099227905273,50.25763320922852,50.71564865112305,36.6949462890625,11607124,Merck & Co.,United States,MRK
2016-01-06 05:00:00,50.10496139526367,50.52481079101562,49.81870269775391,50.01908493041992,36.19095230102539,13064263,Merck & Co.,United States,MRK
2016-01-07 05:00:00,49.16030502319336,49.92366409301758,49.08396911621094,49.58015441894531,35.87337493896484,13330560,Merck & Co.,United States,MRK
2016-01-08 05:00:00,50.10496139526367,50.11450576782227,48.53053283691406,48.74045944213867,35.26582717895508,14835698,Merck & Co.,United States,MRK
2016-01-11 05:00:00,48.90267181396484,49.17938995361328,48.29198455810547,48.90267181396484,35.38318252563477,15057035,Merck & Co.,United States,MRK
2016-01-12 05:00:00,49.15076446533203,49.68511581420898,48.64503860473633,49.38931274414062,35.73530197143555,11864408,Merck & Co.,United States,MRK
2016-01-13 05:00:00,49.53244400024414,49.67557144165039,48.26335906982422,48.33969497680664,34.97584533691406,17340837,Merck & Co.,United States,MRK
2016-01-14 05:00:00,48.34923553466797,49.72328186035156,48.27289962768555,49.42748260498047,35.76290893554688,14219788,Merck & Co.,United States,MRK
2016-01-15 05:00:00,48.1870231628418,48.95038223266602,47.80534362792969,48.79771041870117,35.30725860595703,16233939,Merck & Co.,United States,MRK
2016-01-19 05:00:00,49.23664093017578,49.53244400024414,48.48282241821289,48.98854827880859,35.44532012939453,11454116,Merck & Co.,United States,MRK
2016-01-20 05:00:00,47.98664093017578,48.68320465087891,47.04198455810547,48.23473358154297,34.89990997314453,16684579,Merck & Co.,United States,MRK
2016-01-21 05:00:00,48.45419692993164,48.96946716308594,47.79580307006836,48.58778762817383,35.15535736083984,12499706,Merck & Co.,United States,MRK
2016-01-22 05:00:00,49.08396911621094,49.3702278137207,48.61641311645508,48.99809265136719,35.45223236083984,11331814,Merck & Co.,United States,MRK
2016-01-25 05:00:00,48.99809265136719,49.08396911621094,48.43511581420898,48.58778762817383,35.15535736083984,9725964,Merck & Co.,United States,MRK
2016-01-26 05:00:00,48.71183013916016,49.23664093017578,48.43511581420898,49.09350967407227,35.52127456665039,9450340,Merck & Co.,United States,MRK
2016-01-27 05:00:00,48.33969497680664,49.20801544189453,47.54771041870117,48.0629768371582,34.77562713623047,13748817,Merck & Co.,United States,MRK
2016-01-28 05:00:00,48.02481079101562,48.22518920898438,46.73664093017578,46.94656372070312,33.96785736083984,18996991,Merck & Co.,United States,MRK
2016-01-29 05:00:00,47.51908493041992,48.34923553466797,47.30915832519531,48.34923553466797,34.98275375366211,17734990,Merck & Co.,United States,MRK
2016-02-01 05:00:00,48.08206176757812,48.64503860473633,47.5572509765625,48.42557144165039,35.03799057006836,11979898,Merck & Co.,United States,MRK
2016-02-02 05:00:00,47.96755599975586,48.19656372070312,47.61450576782227,48.10114669799805,34.80324935913086,15614466,Merck & Co.,United States,MRK
2016-02-03 05:00:00,47.34732818603516,47.81488418579102,46.35496139526367,47.75763320922852,34.55471038818359,20507893,Merck & Co.,United States,MRK
2016-02-04 05:00:00,47.42366409301758,47.46183013916016,45.83015441894531,46.36450576782227,33.54670715332031,21598442,Merck & Co.,United States,MRK
2016-02-05 05:00:00,46.37404632568359,47.4427490234375,46.05915832519531,47.11832046508789,34.09212875366211,17693384,Merck & Co.,United States,MRK
2016-02-08 05:00:00,46.68893051147461,47.07061004638672,45.77289962768555,46.59350967407227,33.71240997314453,13985665,Merck & Co.,United States,MRK
2016-02-09 05:00:00,46.45992279052734,47.29961776733398,46.18320465087891,46.90839767456055,33.94024276733398,11160257,Merck & Co.,United States,MRK
2016-02-10 05:00:00,47.24236679077148,48.10114669799805,47.22328186035156,47.26145172119141,34.1956901550293,11565833,Merck & Co.,United States,MRK
2016-02-11 05:00:00,46.57442855834961,47.12786483764648,46.28816986083984,46.61259460449219,33.72621154785156,11620643,Merck & Co.,United States,MRK
2016-02-12 05:00:00,46.73664093017578,46.86068725585938,46.06870269775391,46.78435134887695,33.85049057006836,14251018,Merck & Co.,United States,MRK
2016-02-16 05:00:00,47.13740539550781,47.70038223266602,46.98473358154297,47.5,34.3682975769043,11964178,Merck & Co.,United States,MRK
2016-02-17 05:00:00,47.70992279052734,48.33015441894531,47.67175674438477,48.28244400024414,34.93442916870117,9770818,Merck & Co.,United States,MRK
2016-02-18 05:00:00,48.28244400024414,48.65457916259766,47.9484748840332,48.01526641845703,34.74111175537109,10074319,Merck & Co.,United States,MRK
2016-02-19 05:00:00,47.9484748840332,48.09160232543945,47.58587646484375,47.82442855834961,34.60302734375,9394482,Merck & Co.,United States,MRK
2016-02-22 05:00:00,47.97710037231445,48.45419692993164,47.83396911621094,48.44465637207031,35.05178451538086,8143274,Merck & Co.,United States,MRK
2016-02-23 05:00:00,48.2442741394043,48.60686874389648,48.1202278137207,48.22518920898438,34.89300155639648,8278676,Merck & Co.,United States,MRK
2016-02-24 05:00:00,47.86259460449219,48.3015251159668,47.35686874389648,48.2442741394043,34.90680694580078,7936190,Merck & Co.,United States,MRK
2016-02-25 05:00:00,48.2442741394043,48.66412353515625,48.08206176757812,48.66412353515625,35.21058654785156,9110998,Merck & Co.,United States,MRK
2016-02-26 05:00:00,48.71183013916016,48.78816986083984,48.31106948852539,48.32061004638672,34.96204376220703,9695362,Merck & Co.,United States,MRK
2016-02-29 05:00:00,48.20610809326172,48.50190734863281,47.85305404663086,47.91030502319336,34.66515731811523,13507358,Merck & Co.,United States,MRK
2016-03-01 05:00:00,48.08206176757812,49.56106948852539,47.79580307006836,49.3797721862793,35.72838973999023,12686774,Merck & Co.,United States,MRK
2016-03-02 05:00:00,49.26526641845703,50.03816986083984,49.16030502319336,49.87595367431641,36.08739852905273,12548857,Merck & Co.,United States,MRK
2016-03-03 05:00:00,49.79007720947266,49.92366409301758,48.8072509765625,49.71374130249023,35.97002410888672,10279622,Merck & Co.,United States,MRK
2016-03-04 05:00:00,49.47518920898438,49.89503860473633,49.14122009277344,49.69465637207031,35.95621490478516,9521918,Merck & Co.,United States,MRK
2016-03-07 05:00:00,49.46564865112305,50.5057258605957,49.3797721862793,50.22900772094727,36.34286117553711,7824682,Merck & Co.,United States,MRK
2016-03-08 05:00:00,49.96183013916016,50.5057258605957,49.89503860473633,50.04771041870117,36.21166610717773,8665912,Merck & Co.,United States,MRK
2016-03-09 05:00:00,50.17175674438477,50.46755599975586,49.71374130249023,49.96183013916016,36.14954376220703,9589829,Merck & Co.,United States,MRK
2016-03-10 05:00:00,50.27671813964844,50.8015251159668,50.02862548828125,50.61068725585938,36.61900329589844,12856340,Merck & Co.,United States,MRK
2016-03-11 05:00:00,50.59160232543945,51.01145172119141,50.36259460449219,50.76335906982422,37.05081176757812,16277955,Merck & Co.,United States,MRK
2016-03-14 04:00:00,50.71564865112305,50.87786483764648,50.41984558105469,50.64885330200195,36.96723175048828,6846479,Merck & Co.,United States,MRK
2016-03-15 04:00:00,50.07633590698242,50.22900772094727,49.57061004638672,50.01908493041992,36.50758361816406,9495614,Merck & Co.,United States,MRK
2016-03-16 04:00:00,49.91412353515625,49.91412353515625,49.1984748840332,49.56106948852539,36.17327499389648,10460402,Merck & Co.,United States,MRK
2016-03-17 04:00:00,49.5515251159668,49.58969497680664,48.97900772094727,49.16984558105469,35.88772964477539,10038163,Merck & Co.,United States,MRK
2016-03-18 04:00:00,49.3702278137207,50.01908493041992,49.22710037231445,49.85686874389648,36.38919067382812,15116666,Merck & Co.,United States,MRK
2016-03-21 04:00:00,49.93320465087891,50.41030502319336,49.71374130249023,50.38167953491211,36.77223587036133,8014161,Merck & Co.,United States,MRK
2016-03-22 04:00:00,50.17175674438477,51.01145172119141,50.14313125610352,50.60114669799805,36.93241500854492,9748810,Merck & Co.,United States,MRK
2016-03-23 04:00:00,51.14503860473633,51.14503860473633,50.42938995361328,50.64885330200195,36.96723175048828,10424980,Merck & Co.,United States,MRK
2016-03-24 04:00:00,50.37213516235352,50.90649032592773,50.18129730224609,50.63931274414062,36.96026611328125,7929378,Merck & Co.,United States,MRK
2016-03-28 04:00:00,50.6870231628418,50.84923553466797,50.23854827880859,50.41030502319336,36.79311370849609,6337046,Merck & Co.,United States,MRK
2016-03-29 04:00:00,50.48664093017578,50.96374130249023,50.16221237182617,50.87786483764648,37.13437652587891,7730782,Merck & Co.,United States,MRK
2016-03-30 04:00:00,51.03053283691406,51.09732818603516,50.67748260498047,50.78244400024414,37.06473541259766,6711287,Merck & Co.,United States,MRK
2016-03-31 04:00:00,50.64885330200195,51.03053283691406,50.34350967407227,50.48664093017578,36.84883880615234,8735080,Merck & Co.,United States,MRK
2016-04-01 04:00:00,50.09542083740234,51.32633590698242,50.03816986083984,51.24045944213867,37.39902496337891,9099889,Merck & Co.,United States,MRK
2016-04-04 04:00:00,51.44084167480469,52.12786483764648,51.28816986083984,51.90839767456055,37.88653945922852,10741581,Merck & Co.,United States,MRK
2016-04-05 04:00:00,51.61259460449219,52.21374130249023,51.51717758178711,51.7557258605957,37.77510452270508,9432838,Merck & Co.,United States,MRK
2016-04-06 04:00:00,51.86068725585938,53.23473358154297,51.77481079101562,53.08206176757812,38.7431526184082,13079459,Merck & Co.,United States,MRK
2016-04-07 04:00:00,52.80534362792969,53.22518920898438,52.52862548828125,52.88167953491211,38.59692001342773,11042566,Merck & Co.,United States,MRK
2016-04-08 04:00:00,53.19656372070312,53.34923553466797,52.57633590698242,52.82442855834961,38.55512619018555,7322795,Merck & Co.,United States,MRK
2016-04-11 04:00:00,52.83396911621094,53.1870231628418,52.46183013916016,52.52862548828125,38.33922958374023,7404749,Merck & Co.,United States,MRK
2016-04-12 04:00:00,52.45228958129883,53.19656372070312,52.42366409301758,52.80534362792969,38.54119491577148,6221976,Merck & Co.,United States,MRK
2016-04-13 04:00:00,52.91984558105469,53.42557144165039,52.73854827880859,53.39694595336914,38.97299194335938,8849836,Merck & Co.,United States,MRK
2016-04-14 04:00:00,53.45419692993164,54.00763320922852,53.37786483764648,53.86450576782227,39.31425094604492,8757822,Merck & Co.,United States,MRK
2016-04-15 04:00:00,53.94084167480469,53.95992279052734,53.32061004638672,53.56870269775391,39.09835815429688,8839251,Merck & Co.,United States,MRK
2016-04-18 04:00:00,53.56870269775391,54.22710037231445,53.35877990722656,53.92175674438477,39.35603332519531,8168322,Merck & Co.,United States,MRK
2016-04-19 04:00:00,54.13167953491211,54.75190734863281,53.64503860473633,54.2557258605957,39.59979629516602,8011122,Merck & Co.,United States,MRK
2016-04-20 04:00:00,54.53244400024414,54.77099227905273,53.85496139526367,53.98854827880859,39.4047737121582,8929903,Merck & Co.,United States,MRK
2016-04-21 04:00:00,53.75954055786133,54.41793823242188,53.73091506958008,54.00763320922852,39.4187126159668,11040994,Merck & Co.,United States,MRK
2016-04-22 04:00:00,54.09350967407227,54.41793823242188,53.92175674438477,54.14122009277344,39.51621246337891,7433988,Merck & Co.,United States,MRK
2016-04-25 04:00:00,53.89313125610352,54.04580307006836,53.43511581420898,53.64503860473633,39.15407562255859,8677650,Merck & Co.,United States,MRK
2016-04-26 04:00:00,53.82633590698242,53.83587646484375,53.31106948852539,53.47328186035156,39.02870559692383,7573477,Merck & Co.,United States,MRK
2016-04-27 04:00:00,53.49236679077148,54.02671813964844,53.49236679077148,53.73091506958008,39.21674346923828,7274587,Merck & Co.,United States,MRK
2016-04-28 04:00:00,53.33015441894531,53.65457916259766,53.0057258605957,53.1870231628418,38.81976699829102,9531246,Merck & Co.,United States,MRK
2016-04-29 04:00:00,53.09160232543945,53.09160232543945,52.06106948852539,52.32824325561523,38.19297409057617,13862944,Merck & Co.,United States,MRK
2016-05-02 04:00:00,52.33778762817383,52.82442855834961,52.19465637207031,52.76717758178711,38.51333999633789,10143487,Merck & Co.,United States,MRK
2016-05-03 04:00:00,52.61450576782227,52.91030502319336,52.33778762817383,52.5572509765625,38.3601188659668,7966058,Merck & Co.,United States,MRK
2016-05-04 04:00:00,52.20419692993164,52.51908493041992,51.97518920898438,52.29961776733398,38.17207336425781,8075888,Merck & Co.,United States,MRK
2016-05-05 04:00:00,51.79389190673828,51.90839767456055,50.89694595336914,51.61259460449219,37.67063522338867,11764010,Merck & Co.,United States,MRK
2016-05-06 04:00:00,51.35496139526367,51.49809265136719,50.6297721862793,51.14503860473633,37.32938003540039,11031562,Merck & Co.,United States,MRK
2016-05-09 04:00:00,51.11641311645508,51.84160232543945,51.05915832519531,51.62213516235352,37.67761611938477,8358219,Merck & Co.,United States,MRK
2016-05-10 04:00:00,51.97518920898438,52.22328186035156,51.89885330200195,52.17557144165039,38.0815315246582,6797538,Merck & Co.,United States,MRK
2016-05-11 04:00:00,52.19465637207031,52.28053283691406,51.77481079101562,51.82251739501953,37.82385635375977,6888399,Merck & Co.,United States,MRK
2016-05-12 04:00:00,52.08969497680664,52.11832046508789,51.45992279052734,51.64122009277344,37.6915397644043,8640026,Merck & Co.,United States,MRK
2016-05-13 04:00:00,51.62213516235352,52.01335906982422,51.36450576782227,51.41221237182617,37.52437591552734,7467210,Merck & Co.,United States,MRK
2016-05-16 04:00:00,51.3072509765625,52.26145172119141,51.13549423217773,52.14694595336914,38.06064987182617,6968257,Merck & Co.,United States,MRK
2016-05-17 04:00:00,51.91793823242188,52.07061004638672,51.50763320922852,51.83206176757812,37.8308219909668,12360112,Merck & Co.,United States,MRK
2016-05-18 04:00:00,51.89885330200195,52.43320465087891,51.68893051147461,52.16603088378906,38.0745849609375,7745978,Merck & Co.,United States,MRK
2016-05-19 04:00:00,51.67938995361328,52.46183013916016,51.60305404663086,52.08015441894531,38.01189422607422,9153127,Merck & Co.,United States,MRK
2016-05-20 04:00:00,52.31870269775391,52.99618148803711,52.12786483764648,52.58587646484375,38.38100433349609,9047489,Merck & Co.,United States,MRK
2016-05-23 04:00:00,52.48091506958008,52.70038223266602,52.27099227905273,52.40457916259766,38.24869155883789,5837674,Merck & Co.,United States,MRK
2016-05-24 04:00:00,52.70038223266602,53.33015441894531,52.65267181396484,53.05343627929688,38.72227096557617,6614138,Merck & Co.,United States,MRK
2016-05-25 04:00:00,53.25381851196289,54.07442855834961,53.21564865112305,53.97900772094727,39.39781951904297,10052626,Merck & Co.,United States,MRK
2016-05-26 04:00:00,53.88358688354492,54.12213516235352,53.75954055786133,53.8072509765625,39.27245712280273,5995084,Merck & Co.,United States,MRK
2016-05-27 04:00:00,53.91221237182617,54.23664093017578,53.65457916259766,53.89313125610352,39.33513641357422,7869222,Merck & Co.,United States,MRK
2016-05-31 04:00:00,53.90267181396484,54.12213516235352,53.51145172119141,53.68320465087891,39.18191909790039,9922988,Merck & Co.,United States,MRK
2016-06-01 04:00:00,53.62595367431641,53.93129730224609,53.38740539550781,53.75,39.23067855834961,7012168,Merck & Co.,United States,MRK
2016-06-02 04:00:00,53.85496139526367,54.2557258605957,53.77862548828125,54.21755599975586,39.57191848754883,7645684,Merck & Co.,United States,MRK
2016-06-03 04:00:00,54.23664093017578,54.35114669799805,53.70228958129883,54.04580307006836,39.44657135009766,5697871,Merck & Co.,United States,MRK
2016-06-06 04:00:00,54.06488418579102,54.74236679077148,54.05534362792969,54.5515251159668,39.81568908691406,7235392,Merck & Co.,United States,MRK
2016-06-07 04:00:00,54.58015441894531,54.80915832519531,54.3129768371582,54.38931274414062,39.69728851318359,6552515,Merck & Co.,United States,MRK
2016-06-08 04:00:00,54.36068725585938,55.21946716308594,54.36068725585938,54.98091506958008,40.12908554077148,8164025,Merck & Co.,United States,MRK
2016-06-09 04:00:00,54.87595367431641,55.17175674438477,54.32251739501953,54.56106948852539,39.82266235351562,9670630,Merck & Co.,United States,MRK
2016-06-10 04:00:00,54.21755599975586,54.46564865112305,53.97900772094727,54.20801544189453,39.56496047973633,9989222,Merck & Co.,United States,MRK
2016-06-13 04:00:00,53.60686874389648,54.08396911621094,53.52099227905273,53.54007720947266,39.39645385742188,6502630,Merck & Co.,United States,MRK
2016-06-14 04:00:00,53.21564865112305,53.73091506958008,53.07251739501953,53.67366409301758,39.4947509765625,9006722,Merck & Co.,United States,MRK
2016-06-15 04:00:00,53.82633590698242,53.93129730224609,53.38740539550781,53.52099227905273,39.38241958618164,8015942,Merck & Co.,United States,MRK
2016-06-16 04:00:00,54.3797721862793,55.02862548828125,53.55915832519531,54.86641311645508,40.37241744995117,23110706,Merck & Co.,United States,MRK
2016-06-17 04:00:00,54.79961776733398,54.79961776733398,53.14885330200195,53.33015441894531,39.24198532104492,18323651,Merck & Co.,United States,MRK
2016-06-20 04:00:00,53.75954055786133,54.00763320922852,53.54961776733398,53.56870269775391,39.41750717163086,9116238,Merck & Co.,United States,MRK
2016-06-21 04:00:00,53.95038223266602,54.07442855834961,53.66412353515625,53.67366409301758,39.4947509765625,6710344,Merck & Co.,United States,MRK
2016-06-22 04:00:00,53.56870269775391,54.64694595336914,53.53053283691406,54.42748260498047,40.04944229125977,13076420,Merck & Co.,United States,MRK
2016-06-23 04:00:00,54.84732818603516,55.03816986083984,54.4942741394043,55.03816986083984,40.49879837036133,7302883,Merck & Co.,United States,MRK
2016-06-24 04:00:00,53.47328186035156,54.45610809326172,53.21564865112305,53.32061004638672,39.23495483398438,18087013,Merck & Co.,United States,MRK
2016-06-27 04:00:00,52.9484748840332,53.1297721862793,52.57633590698242,52.77671813964844,38.83475112915039,13721778,Merck & Co.,United States,MRK
2016-06-28 04:00:00,52.90076446533203,53.1202278137207,52.58587646484375,53.03435134887695,39.02431869506836,13372585,Merck & Co.,United States,MRK
2016-06-29 04:00:00,53.56870269775391,54.52289962768555,53.41603088378906,54.4370231628418,40.05646514892578,10284862,Merck & Co.,United States,MRK
2016-06-30 04:00:00,54.53244400024414,55.03816986083984,54.30343627929688,54.97137451171875,40.44964599609375,9723030,Merck & Co.,United States,MRK
2016-07-01 04:00:00,54.90457916259766,55.34350967407227,54.79007720947266,55.28625869750977,40.68134689331055,8245978,Merck & Co.,United States,MRK
2016-07-05 04:00:00,55.13358688354492,55.5057258605957,55.13358688354492,55.34350967407227,40.72348022460938,7749017,Merck & Co.,United States,MRK
2016-07-06 04:00:00,55.60114669799805,56.55534362792969,55.41030502319336,56.45038223266602,41.53794860839844,15015430,Merck & Co.,United States,MRK
2016-07-07 04:00:00,56.1927490234375,56.31679534912109,55.6202278137207,56.08778762817383,41.27114105224609,9800791,Merck & Co.,United States,MRK
2016-07-08 04:00:00,56.27862548828125,56.84160232543945,56.10686874389648,56.63167953491211,41.67134857177734,9934411,Merck & Co.,United States,MRK
2016-07-11 04:00:00,56.54580307006836,57.01335906982422,56.48854827880859,56.62213516235352,41.66433334350586,7688862,Merck & Co.,United States,MRK
2016-07-12 04:00:00,56.55534362792969,57.0515251159668,56.37404632568359,56.8702278137207,41.84688568115234,8804562,Merck & Co.,United States,MRK
2016-07-13 04:00:00,57.04198455810547,57.20419692993164,56.7557258605957,56.82251739501953,41.8117790222168,7119274,Merck & Co.,United States,MRK
2016-07-14 04:00:00,57.12786483764648,57.18511581420898,56.7557258605957,56.91793823242188,41.88198852539062,7698084,Merck & Co.,United States,MRK
2016-07-15 04:00:00,57.06106948852539,57.18511581420898,56.53625869750977,56.89885330200195,41.86794662475586,8554510,Merck & Co.,United States,MRK
2016-07-18 04:00:00,56.29771041870117,56.76526641845703,56.03053283691406,56.31679534912109,41.43965530395508,9190122,Merck & Co.,United States,MRK
2016-07-19 04:00:00,56.37404632568359,56.77481079101562,55.87786483764648,55.97328186035156,41.1868782043457,9307602,Merck & Co.,United States,MRK
2016-07-20 04:00:00,56.29771041870117,56.41221237182617,56.06870269775391,56.09732818603516,41.27815628051758,6786848,Merck & Co.,United States,MRK
2016-07-21 04:00:00,56.29771041870117,56.40267181396484,55.87786483764648,56.09732818603516,41.27815628051758,6337361,Merck & Co.,United States,MRK
2016-07-22 04:00:00,56.28816986083984,56.37404632568359,55.86832046508789,56.12595367431641,41.29922866821289,6570436,Merck & Co.,United States,MRK
2016-07-25 04:00:00,55.94465637207031,56.18320465087891,55.32442855834961,55.87786483764648,41.11667633056641,8422986,Merck & Co.,United States,MRK
2016-07-26 04:00:00,56.01145172119141,56.11641311645508,55.47710037231445,55.6870231628418,40.97624588012695,7494038,Merck & Co.,United States,MRK
2016-07-27 04:00:00,55.71564865112305,56.03053283691406,55.27671813964844,55.91603088378906,41.14475250244141,8267462,Merck & Co.,United States,MRK
2016-07-28 04:00:00,55.83969497680664,55.90649032592773,55.4484748840332,55.75381851196289,41.025390625,7639606,Merck & Co.,United States,MRK
2016-07-29 04:00:00,56.3072509765625,56.48854827880859,55.60114669799805,55.97328186035156,41.1868782043457,8898778,Merck & Co.,United States,MRK
2016-08-01 04:00:00,56.13549423217773,56.29771041870117,55.82061004638672,55.97328186035156,41.1868782043457,9297018,Merck & Co.,United States,MRK
2016-08-02 04:00:00,55.99236679077148,56.04007720947266,55.58206176757812,55.65839767456055,40.9551887512207,7153962,Merck & Co.,United States,MRK
2016-08-03 04:00:00,55.5057258605957,55.6297721862793,54.56106948852539,55.00954055786133,40.47773361206055,10099890,Merck & Co.,United States,MRK
2016-08-04 04:00:00,55.09542083740234,55.5629768371582,55.09542083740234,55.19084167480469,40.61114883422852,5807387,Merck & Co.,United States,MRK
2016-08-05 04:00:00,55.19084167480469,61.06870269775391,55.19084167480469,60.93511581420898,44.83795928955078,76374048,Merck & Co.,United States,MRK
2016-08-08 04:00:00,59.79007720947266,60.13358688354492,59.11259460449219,59.98091506958008,44.13582992553711,26248103,Merck & Co.,United States,MRK
2016-08-09 04:00:00,59.98091506958008,60.24809265136719,59.57061004638672,59.62786483764648,43.87604904174805,12821651,Merck & Co.,United States,MRK
2016-08-10 04:00:00,59.24618148803711,60.20992279052734,59.22710037231445,59.77099227905273,43.98136138916016,9259499,Merck & Co.,United States,MRK
2016-08-11 04:00:00,59.74236679077148,60.81106948852539,59.61832046508789,60.71564865112305,44.67646026611328,10862520,Merck & Co.,United States,MRK
2016-08-12 04:00:00,60.24809265136719,60.54389190673828,60.04771041870117,60.4484748840332,44.47986602783203,6544026,Merck & Co.,United States,MRK
2016-08-15 04:00:00,60.4484748840332,60.83015441894531,60.31488418579102,60.41984558105469,44.45880508422852,6969305,Merck & Co.,United States,MRK
2016-08-16 04:00:00,60.11450576782227,60.41984558105469,59.96183013916016,60.15267181396484,44.26220321655273,5952745,Merck & Co.,United States,MRK
2016-08-17 04:00:00,60.14313125610352,60.52481079101562,59.73282241821289,60.39122009277344,44.43773651123047,8668532,Merck & Co.,United States,MRK
2016-08-18 04:00:00,60.19084167480469,60.72518920898438,60.19084167480469,60.71564865112305,44.67646026611328,7259077,Merck & Co.,United States,MRK
2016-08-19 04:00:00,60.28625869750977,60.53435134887695,59.99045944213867,60.45801544189453,44.48689270019531,8887040,Merck & Co.,United States,MRK
2016-08-22 04:00:00,60.35305404663086,60.72518920898438,60.19084167480469,60.63931274414062,44.62029266357422,6756666,Merck & Co.,United States,MRK
2016-08-23 04:00:00,60.79198455810547,60.95419692993164,60.46755599975586,60.66793823242188,44.64134979248047,6076723,Merck & Co.,United States,MRK
2016-08-24 04:00:00,60.6870231628418,60.85877990722656,59.64694595336914,59.85686874389648,44.04454040527344,7842079,Merck & Co.,United States,MRK
2016-08-25 04:00:00,59.98091506958008,60.20992279052734,59.41793823242188,59.46564865112305,43.75667572021484,8329190,Merck & Co.,United States,MRK
2016-08-26 04:00:00,59.61832046508789,60.10496139526367,59.33206176757812,59.97137451171875,44.12881469726562,8167902,Merck & Co.,United States,MRK
2016-08-29 04:00:00,60.03816986083984,60.39122009277344,59.77099227905273,60.12404632568359,44.24114608764648,5843438,Merck & Co.,United States,MRK
2016-08-30 04:00:00,60.07633590698242,60.14313125610352,59.64694595336914,59.83778762817383,44.03050231933594,6474544,Merck & Co.,United States,MRK
2016-08-31 04:00:00,60.19084167480469,60.22900772094727,59.56106948852539,59.91412353515625,44.08667373657227,9285804,Merck & Co.,United States,MRK
2016-09-01 04:00:00,59.82824325561523,60.09542083740234,59.53244400024414,60.01908493041992,44.16391754150391,6858846,Merck & Co.,United States,MRK
2016-09-02 04:00:00,59.72328186035156,60.37213516235352,59.72328186035156,60.09542083740234,44.22006988525391,7978634,Merck & Co.,United States,MRK
2016-09-06 04:00:00,60.10496139526367,60.5629768371582,59.89503860473633,60.34350967407227,44.40263366699219,8310954,Merck & Co.,United States,MRK
2016-09-07 04:00:00,60.41030502319336,60.58206176757812,59.73282241821289,59.99045944213867,44.14284133911133,9084169,Merck & Co.,United States,MRK
2016-09-08 04:00:00,59.58969497680664,60.39122009277344,59.47518920898438,60.34350967407227,44.40263366699219,9627242,Merck & Co.,United States,MRK
2016-09-09 04:00:00,59.81870269775391,59.83778762817383,59.46564865112305,59.62786483764648,43.87604904174805,13191700,Merck & Co.,United States,MRK
2016-09-12 04:00:00,59.16030502319336,60.58206176757812,59.07442855834961,60.29580307006836,44.36752700805664,11139716,Merck & Co.,United States,MRK
2016-09-13 04:00:00,59.51335906982422,59.90457916259766,58.55915832519531,58.97900772094727,43.71682739257812,10714123,Merck & Co.,United States,MRK
2016-09-14 04:00:00,59.08396911621094,59.48473358154297,58.49236679077148,58.54007720947266,43.39148330688477,10922046,Merck & Co.,United States,MRK
2016-09-15 04:00:00,58.43511581420898,59.74236679077148,58.32061004638672,59.52289962768555,44.11997604370117,9429694,Merck & Co.,United States,MRK
2016-09-16 04:00:00,59.58969497680664,59.75190734863281,59.21755599975586,59.42748260498047,44.04925918579102,13029050,Merck & Co.,United States,MRK
2016-09-19 04:00:00,59.67557144165039,59.67557144165039,58.51145172119141,58.52099227905273,43.37734222412109,11829510,Merck & Co.,United States,MRK
2016-09-20 04:00:00,59.06488418579102,59.5515251159668,58.86450576782227,59.10305404663086,43.80878067016602,9653757,Merck & Co.,United States,MRK
2016-09-21 04:00:00,59.40839767456055,59.9427490234375,59.02671813964844,59.82824325561523,44.34630584716797,7565512,Merck & Co.,United States,MRK
2016-09-22 04:00:00,60.03816986083984,60.5629768371582,59.95228958129883,60.13358688354492,44.57263565063477,8853294,Merck & Co.,United States,MRK
2016-09-23 04:00:00,59.99045944213867,60.35305404663086,59.82824325561523,60.07633590698242,44.53021240234375,8048430,Merck & Co.,United States,MRK
2016-09-26 04:00:00,59.66603088378906,59.71374130249023,59.04580307006836,59.30343627929688,43.95730590820312,7319022,Merck & Co.,United States,MRK
2016-09-27 04:00:00,59.45610809326172,59.82824325561523,58.99809265136719,59.70419692993164,44.25436019897461,7693158,Merck & Co.,United States,MRK
2016-09-28 04:00:00,60.11450576782227,60.57251739501953,59.63740539550781,60.40076446533203,44.77067947387695,12361160,Merck & Co.,United States,MRK
2016-09-29 04:00:00,60.13358688354492,60.13358688354492,58.74045944213867,59.07442855834961,43.78755950927734,11454640,Merck & Co.,United States,MRK
2016-09-30 04:00:00,59.05534362792969,59.85686874389648,59.02671813964844,59.5515251159668,44.14120483398438,14258354,Merck & Co.,United States,MRK
2016-10-03 04:00:00,59.3702278137207,59.70419692993164,58.84542083740234,59.65649032592773,44.2190055847168,7881065,Merck & Co.,United States,MRK
2016-10-04 04:00:00,59.61832046508789,60.06679534912109,59.10305404663086,59.59923553466797,44.17656707763672,8276475,Merck & Co.,United States,MRK
2016-10-05 04:00:00,59.82824325561523,60.15267181396484,59.61832046508789,59.92366409301758,44.41703033447266,8249122,Merck & Co.,United States,MRK
2016-10-06 04:00:00,59.62786483764648,59.81870269775391,58.91221237182617,59.79007720947266,44.31800842285156,11979164,Merck & Co.,United States,MRK
2016-10-07 04:00:00,59.89503860473633,60.10496139526367,59.18893051147461,59.89503860473633,44.39580917358398,11292410,Merck & Co.,United States,MRK
2016-10-10 04:00:00,61.26908493041992,61.88931274414062,60.53435134887695,60.97328186035156,45.19504547119141,21322503,Merck & Co.,United States,MRK
2016-10-11 04:00:00,60.6202278137207,60.63931274414062,58.92175674438477,59.09350967407227,43.80170440673828,14625259,Merck & Co.,United States,MRK
2016-10-12 04:00:00,59.54198455810547,59.76145172119141,58.75954055786133,58.83587646484375,43.61074447631836,10607751,Merck & Co.,United States,MRK
2016-10-13 04:00:00,59.39885330200195,60.06679534912109,59.10305404663086,59.64694595336914,44.2119255065918,15239492,Merck & Co.,United States,MRK
2016-10-14 04:00:00,59.84732818603516,59.98091506958008,59.28435134887695,59.29389190673828,43.95024108886719,12790002,Merck & Co.,United States,MRK
2016-10-17 04:00:00,59.20801544189453,59.20801544189453,58.01526641845703,58.70228958129883,43.51172256469727,13681221,Merck & Co.,United States,MRK
2016-10-18 04:00:00,59.06488418579102,59.75190734863281,58.99809265136719,59.24618148803711,43.91486740112305,10467424,Merck & Co.,United States,MRK
2016-10-19 04:00:00,59.28435134887695,59.44656372070312,58.97900772094727,59.03625869750977,43.75925827026367,5850670,Merck & Co.,United States,MRK
2016-10-20 04:00:00,59.11259460449219,59.41793823242188,58.86450576782227,59.08396911621094,43.79464340209961,6626923,Merck & Co.,United States,MRK
2016-10-21 04:00:00,58.73091506958008,59.06488418579102,58.23473358154297,58.39694595336914,43.2853889465332,7762222,Merck & Co.,United States,MRK
2016-10-24 04:00:00,58.58778762817383,58.66412353515625,57.86259460449219,57.96755599975586,42.96711730957031,10420264,Merck & Co.,United States,MRK
2016-10-25 04:00:00,57.50954055786133,59.34160232543945,56.82251739501953,59.11259460449219,43.81585693359375,15917548,Merck & Co.,United States,MRK
2016-10-26 04:00:00,58.91221237182617,59.01717758178711,57.77671813964844,58.08206176757812,43.05199432373047,10435774,Merck & Co.,United States,MRK
2016-10-27 04:00:00,58.34923553466797,59.21755599975586,58.20610809326172,58.48282241821289,43.34904098510742,10847534,Merck & Co.,United States,MRK
2016-10-28 04:00:00,58.22518920898438,58.27289962768555,55.77289962768555,56.14503860473633,41.61621475219727,21335603,Merck & Co.,United States,MRK
2016-10-31 04:00:00,56.38358688354492,56.44084167480469,55.69656372070312,56.03053283691406,41.53133773803711,14939030,Merck & Co.,United States,MRK
2016-11-01 04:00:00,56.29771041870117,56.86068725585938,55.83015441894531,56.58396911621094,41.94155883789062,15036075,Merck & Co.,United States,MRK
2016-11-02 04:00:00,56.35496139526367,56.78435134887695,56.05915832519531,56.14503860473633,41.61621475219727,11239486,Merck & Co.,United States,MRK
2016-11-03 04:00:00,56.46946716308594,56.50763320922852,55.6202278137207,55.75381851196289,41.32623291015625,11866504,Merck & Co.,United States,MRK
2016-11-04 04:00:00,56.00190734863281,56.55534362792969,55.92557144165039,56.12595367431641,41.60207748413086,11861893,Merck & Co.,United States,MRK
2016-11-07 05:00:00,56.79389190673828,57.45228958129883,56.7557258605957,57.29961776733398,42.47201919555664,10981258,Merck & Co.,United States,MRK
2016-11-08 05:00:00,57.08015441894531,57.99618148803711,56.79389190673828,57.73854827880859,42.79736328125,8323321,Merck & Co.,United States,MRK
2016-11-09 05:00:00,61.03053283691406,62.02289962768555,59.88549423217773,61.24045944213867,45.39308166503906,29187953,Merck & Co.,United States,MRK
2016-11-10 05:00:00,61.58396911621094,62.46183013916016,61.56488418579102,61.98473358154297,45.94475936889648,18719690,Merck & Co.,United States,MRK
2016-11-11 05:00:00,61.14503860473633,61.55534362792969,60.66793823242188,61.02099227905273,45.23040390014648,14734566,Merck & Co.,United States,MRK
2016-11-14 05:00:00,61.06870269775391,61.15457916259766,60.34350967407227,60.6202278137207,44.93335723876953,10610476,Merck & Co.,United States,MRK
2016-11-15 05:00:00,60.76335906982422,60.81106948852539,60.19084167480469,60.73473358154297,45.01821899414062,7640339,Merck & Co.,United States,MRK
2016-11-16 05:00:00,60.78244400024414,61.02099227905273,59.58969497680664,59.76145172119141,44.29680633544922,11297650,Merck & Co.,United States,MRK
2016-11-17 05:00:00,59.64694595336914,59.91412353515625,59.27481079101562,59.82824325561523,44.34630584716797,8762642,Merck & Co.,United States,MRK
2016-11-18 05:00:00,59.70419692993164,59.75190734863281,58.90267181396484,59.03625869750977,43.75925827026367,8066351,Merck & Co.,United States,MRK
2016-11-21 05:00:00,59.10305404663086,59.53244400024414,58.89313125610352,59.44656372070312,44.06340026855469,7164862,Merck & Co.,United States,MRK
2016-11-22 05:00:00,59.63740539550781,59.78053283691406,58.40649032592773,58.87404632568359,43.63903045654297,10052626,Merck & Co.,United States,MRK
2016-11-23 05:00:00,57.56679534912109,58.87404632568359,57.08015441894531,58.81679534912109,43.59661102294922,9588152,Merck & Co.,United States,MRK
2016-11-25 05:00:00,58.98854827880859,59.54198455810547,58.92175674438477,59.36068725585938,43.99973678588867,3669362,Merck & Co.,United States,MRK
2016-11-28 05:00:00,58.95038223266602,59.21755599975586,58.79771041870117,58.96946716308594,43.70975875854492,7806971,Merck & Co.,United States,MRK
2016-11-29 05:00:00,59.11259460449219,59.59923553466797,59.08396911621094,59.34160232543945,43.98559188842773,10516575,Merck & Co.,United States,MRK
2016-11-30 05:00:00,59.45610809326172,59.46564865112305,58.19656372070312,58.38740539550781,43.2783203125,13132174,Merck & Co.,United States,MRK
2016-12-01 05:00:00,58.49236679077148,58.55915832519531,57.87213516235352,57.97710037231445,42.97418594360352,8802047,Merck & Co.,United States,MRK
2016-12-02 05:00:00,58.25381851196289,58.70228958129883,57.85305404663086,58.33015441894531,43.23587799072266,8376769,Merck & Co.,United States,MRK
2016-12-05 05:00:00,58.70228958129883,58.71183013916016,57.09923553466797,57.49045944213867,42.61347961425781,13608490,Merck & Co.,United States,MRK
2016-12-06 05:00:00,57.42366409301758,57.62404632568359,56.8797721862793,57.51908493041992,42.63469696044922,11171261,Merck & Co.,United States,MRK
2016-12-07 05:00:00,56.96564865112305,57.30915832519531,55.93511581420898,57.30915832519531,42.47909545898438,14723981,Merck & Co.,United States,MRK
2016-12-08 05:00:00,56.9942741394043,57.59542083740234,56.77481079101562,57.36641311645508,42.52153778076172,8998757,Merck & Co.,United States,MRK
2016-12-09 05:00:00,57.71946716308594,58.6927490234375,57.63358688354492,58.42557144165039,43.30661392211914,11021187,Merck & Co.,United States,MRK
2016-12-12 05:00:00,58.62595367431641,59.2557258605957,58.49236679077148,58.89313125610352,43.65317916870117,8641808,Merck & Co.,United States,MRK
2016-12-13 05:00:00,58.96946716308594,59.12213516235352,58.44465637207031,58.95992279052734,44.03804397583008,8218626,Merck & Co.,United States,MRK
2016-12-14 05:00:00,59.01717758178711,59.88549423217773,58.76908493041992,58.96946716308594,44.04516220092773,11612574,Merck & Co.,United States,MRK
2016-12-15 05:00:00,59.16030502319336,59.77099227905273,59.00763320922852,59.51335906982422,44.45140075683594,8917851,Merck & Co.,United States,MRK
2016-12-16 05:00:00,59.79007720947266,60.14313125610352,59.20801544189453,59.58015441894531,44.50129318237305,18406758,Merck & Co.,United States,MRK
2016-12-19 05:00:00,58.96946716308594,59.41793823242188,58.08206176757812,58.33969497680664,43.57477951049805,12512072,Merck & Co.,United States,MRK
2016-12-20 05:00:00,58.38740539550781,58.85496139526367,57.60496139526367,57.72900772094727,43.11864852905273,10875201,Merck & Co.,United States,MRK
2016-12-21 05:00:00,57.81488418579102,58.02481079101562,56.62213516235352,56.70801544189453,42.35605239868164,12630706,Merck & Co.,United States,MRK
2016-12-22 05:00:00,56.88931274414062,57.25190734863281,56.45038223266602,56.85114669799805,42.46296310424805,10584800,Merck & Co.,United States,MRK
2016-12-23 05:00:00,57.03244400024414,57.11832046508789,56.53625869750977,56.83206176757812,42.44871139526367,7955892,Merck & Co.,United States,MRK
2016-12-27 05:00:00,57.12786483764648,57.38549423217773,56.83206176757812,57.0515251159668,42.61262512207031,6094749,Merck & Co.,United States,MRK
2016-12-28 05:00:00,56.98473358154297,57.11832046508789,56.49809265136719,56.55534362792969,42.24202728271484,6470981,Merck & Co.,United States,MRK
2016-12-29 05:00:00,56.57442855834961,56.86068725585938,56.27862548828125,56.33587646484375,42.07810592651367,6833065,Merck & Co.,United States,MRK
2016-12-30 05:00:00,56.08778762817383,56.25,55.87786483764648,56.17366409301758,41.95694351196289,11289685,Merck & Co.,United States,MRK
2017-01-03 05:00:00,56.44084167480469,57.61450576782227,56.34542083740234,57.39503860473633,42.86919403076172,12564158,Merck & Co.,United States,MRK
2017-01-04 05:00:00,57.72900772094727,58.0057258605957,57.29007720947266,57.37595367431641,42.85494995117188,9863671,Merck & Co.,United States,MRK
2017-01-05 05:00:00,57.46183013916016,57.80534362792969,57.25190734863281,57.35686874389648,42.8406982421875,10581446,Merck & Co.,United States,MRK
2017-01-06 05:00:00,57.33778762817383,57.69084167480469,56.80343627929688,57.50954055786133,42.95472717285156,10730053,Merck & Co.,United States,MRK
2017-01-09 05:00:00,57.53816986083984,58.66412353515625,57.32824325561523,58.3015251159668,43.54627227783203,10201861,Merck & Co.,United States,MRK
2017-01-10 05:00:00,58.39694595336914,58.43511581420898,57.14694595336914,57.17557144165039,42.70526504516602,16036706,Merck & Co.,United States,MRK
2017-01-11 05:00:00,59.48473358154297,60.26717758178711,57.96755599975586,58.8072509765625,43.92401123046875,34281862,Merck & Co.,United States,MRK
2017-01-12 05:00:00,59.66603088378906,60.34350967407227,59.27481079101562,59.36068725585938,44.33736801147461,26079899,Merck & Co.,United States,MRK
2017-01-13 05:00:00,59.47518920898438,59.80915832519531,59.2557258605957,59.48473358154297,44.43003082275391,10447617,Merck & Co.,United States,MRK
2017-01-17 05:00:00,59.08396911621094,59.22710037231445,58.39694595336914,58.66412353515625,43.81710815429688,11101150,Merck & Co.,United States,MRK
2017-01-18 05:00:00,58.56870269775391,58.95038223266602,58.28244400024414,58.36832046508789,43.59616088867188,8522022,Merck & Co.,United States,MRK
2017-01-19 05:00:00,58.25381851196289,58.28244400024414,57.31870269775391,57.56679534912109,42.99748229980469,11944999,Merck & Co.,United States,MRK
2017-01-20 05:00:00,59.54198455810547,60.03816986083984,59.30343627929688,59.66603088378906,44.56544876098633,26451834,Merck & Co.,United States,MRK
2017-01-23 05:00:00,58.97900772094727,59.54198455810547,58.8072509765625,58.97900772094727,44.05228805541992,10691382,Merck & Co.,United States,MRK
2017-01-24 05:00:00,58.76908493041992,58.86450576782227,57.9484748840332,58.40649032592773,43.62466430664062,10990900,Merck & Co.,United States,MRK
2017-01-25 05:00:00,58.51145172119141,58.56870269775391,57.97710037231445,58.28244400024414,43.53202438354492,15255736,Merck & Co.,United States,MRK
2017-01-26 05:00:00,58.22518920898438,58.54961776733398,57.76717758178711,58.39694595336914,43.61753463745117,13317460,Merck & Co.,United States,MRK
2017-01-27 05:00:00,58.56870269775391,59.15076446533203,58.49236679077148,58.92175674438477,44.00953674316406,6972554,Merck & Co.,United States,MRK
2017-01-30 05:00:00,58.70228958129883,58.88358688354492,58.13931274414062,58.61641311645508,43.78145599365234,8230573,Merck & Co.,United States,MRK
2017-01-31 05:00:00,58.26335906982422,59.38931274414062,58.1297721862793,59.15076446533203,44.18058013916016,10292513,Merck & Co.,United States,MRK
2017-02-01 05:00:00,59.21755599975586,59.41793823242188,58.74045944213867,59.2557258605957,44.25897216796875,11547702,Merck & Co.,United States,MRK
2017-02-02 05:00:00,59.77099227905273,61.26908493041992,59.66603088378906,61.24045944213867,45.74140167236328,19901730,Merck & Co.,United States,MRK
2017-02-03 05:00:00,60.93511581420898,61.38358688354492,60.37213516235352,61.34542083740234,45.81978988647461,12209724,Merck & Co.,United States,MRK
2017-02-06 05:00:00,60.99236679077148,61.97518920898438,60.97328186035156,61.96564865112305,46.28305435180664,9598422,Merck & Co.,United States,MRK
2017-02-07 05:00:00,61.79389190673828,61.95610809326172,61.11641311645508,61.25954055786133,45.75565338134766,8840194,Merck & Co.,United States,MRK
2017-02-08 05:00:00,60.97328186035156,61.52671813964844,60.90649032592773,61.37404632568359,45.84117889404297,6190326,Merck & Co.,United States,MRK
2017-02-09 05:00:00,61.37404632568359,61.85114669799805,61.35496139526367,61.44084167480469,45.89106369018555,7391439,Merck & Co.,United States,MRK
2017-02-10 05:00:00,61.37404632568359,61.61259460449219,61.03053283691406,61.21183013916016,45.72001647949219,8940907,Merck & Co.,United States,MRK
2017-02-13 05:00:00,61.3072509765625,61.86068725585938,61.27862548828125,61.80343627929688,46.16189575195312,7494353,Merck & Co.,United States,MRK
2017-02-14 05:00:00,61.67938995361328,62.70992279052734,61.47900772094727,62.65267181396484,46.79620742797852,10629550,Merck & Co.,United States,MRK
2017-02-15 05:00:00,61.92748260498047,62.85305404663086,61.8797721862793,62.17557144165039,46.43986129760742,18662050,Merck & Co.,United States,MRK
2017-02-16 05:00:00,62.15649032592773,62.41412353515625,61.50763320922852,62.27099227905273,46.5111198425293,12938922,Merck & Co.,United States,MRK
2017-02-17 05:00:00,62.21374130249023,62.5572509765625,61.88931274414062,62.39503860473633,46.60377883911133,9482618,Merck & Co.,United States,MRK
2017-02-21 05:00:00,61.92748260498047,62.76717758178711,61.92748260498047,62.48091506958008,46.66792297363281,7740633,Merck & Co.,United States,MRK
2017-02-22 05:00:00,62.5,62.73854827880859,62.10877990722656,62.29961776733398,46.53250122070312,9096221,Merck & Co.,United States,MRK
2017-02-23 05:00:00,62.51908493041992,63.08206176757812,62.35686874389648,62.83396911621094,46.9316291809082,7184669,Merck & Co.,United States,MRK
2017-02-24 05:00:00,62.64313125610352,63.1297721862793,62.62404632568359,63.1297721862793,47.15256500244141,8849626,Merck & Co.,United States,MRK
2017-02-27 05:00:00,62.76717758178711,62.91984558105469,62.5572509765625,62.83396911621094,46.9316291809082,7476222,Merck & Co.,United States,MRK
2017-02-28 05:00:00,62.79580307006836,63.1202278137207,62.64313125610352,62.85305404663086,46.94588470458984,8112044,Merck & Co.,United States,MRK
2017-03-01 05:00:00,63.04389190673828,63.74045944213867,62.87213516235352,63.17748260498047,47.18819808959961,11193374,Merck & Co.,United States,MRK
2017-03-02 05:00:00,63.33969497680664,63.53053283691406,62.97710037231445,63.05343627929688,47.09553909301758,9062790,Merck & Co.,United States,MRK
2017-03-03 05:00:00,63.05343627929688,63.56870269775391,62.79580307006836,63.53053283691406,47.45190048217773,8716111,Merck & Co.,United States,MRK
2017-03-06 05:00:00,63.05343627929688,63.72137451171875,62.88167953491211,63.42557144165039,47.37347793579102,9104500,Merck & Co.,United States,MRK
2017-03-07 05:00:00,62.43320465087891,63.27289962768555,62.20419692993164,62.93893051147461,47.01000595092773,8728478,Merck & Co.,United States,MRK
2017-03-08 05:00:00,62.93893051147461,63.09160232543945,62.28053283691406,62.78625869750977,46.89598083496094,8821645,Merck & Co.,United States,MRK
2017-03-09 05:00:00,62.9484748840332,63.0057258605957,62.51908493041992,62.87213516235352,46.96012496948242,8106280,Merck & Co.,United States,MRK
2017-03-10 05:00:00,63.04389190673828,63.16793823242188,62.5,62.59542083740234,46.75344467163086,9247447,Merck & Co.,United States,MRK
2017-03-13 04:00:00,62.25190734863281,62.29961776733398,61.07824325561523,61.21183013916016,46.04994964599609,14880133,Merck & Co.,United States,MRK
2017-03-14 04:00:00,61.1927490234375,61.55534362792969,61.11641311645508,61.25954055786133,46.08583450317383,8271759,Merck & Co.,United States,MRK
2017-03-15 04:00:00,61.45038223266602,61.9942741394043,61.27862548828125,61.73664093017578,46.44476699829102,9458200,Merck & Co.,United States,MRK
2017-03-16 04:00:00,61.61259460449219,61.82251739501953,61.05915832519531,61.24045944213867,46.07149887084961,10074634,Merck & Co.,United States,MRK
2017-03-17 04:00:00,61.3072509765625,61.73664093017578,60.96374130249023,60.97328186035156,45.8704948425293,15142762,Merck & Co.,United States,MRK
2017-03-20 04:00:00,61.20228958129883,61.35496139526367,61.06870269775391,61.17366409301758,46.02124404907227,13593818,Merck & Co.,United States,MRK
2017-03-21 04:00:00,61.37404632568359,61.65076446533203,60.70610809326172,60.98282241821289,45.87766647338867,11057134,Merck & Co.,United States,MRK
2017-03-22 04:00:00,61.04961776733398,61.17366409301758,60.35305404663086,60.59160232543945,45.58335494995117,10007352,Merck & Co.,United States,MRK
2017-03-23 04:00:00,60.45801544189453,60.89694595336914,60.29580307006836,60.38167953491211,45.42543029785156,9915128,Merck & Co.,United States,MRK
2017-03-24 04:00:00,60.26717758178711,60.6202278137207,59.98091506958008,60.28625869750977,45.35364151000977,9575052,Merck & Co.,United States,MRK
2017-03-27 04:00:00,60.03816986083984,60.5057258605957,59.93320465087891,60.29580307006836,45.36081695556641,8400663,Merck & Co.,United States,MRK
2017-03-28 04:00:00,60.30534362792969,60.49618148803711,60.0,60.43893051147461,45.468505859375,10673880,Merck & Co.,United States,MRK
2017-03-29 04:00:00,60.75381851196289,61.17366409301758,60.55343627929688,60.72518920898438,45.68384170532227,8525794,Merck & Co.,United States,MRK
2017-03-30 04:00:00,60.59160232543945,60.76335906982422,60.41984558105469,60.54389190673828,45.54746246337891,5577456,Merck & Co.,United States,MRK
2017-03-31 04:00:00,60.36259460449219,60.71564865112305,60.35305404663086,60.6297721862793,45.61205673217773,7979472,Merck & Co.,United States,MRK
2017-04-03 04:00:00,60.52481079101562,60.79198455810547,60.32442855834961,60.5629768371582,45.56181716918945,6962493,Merck & Co.,United States,MRK
2017-04-04 04:00:00,60.67748260498047,60.84923553466797,60.46755599975586,60.75381851196289,45.70538711547852,6650189,Merck & Co.,United States,MRK
2017-04-05 04:00:00,60.77289962768555,61.21183013916016,60.60114669799805,60.65839767456055,45.63360595703125,8083538,Merck & Co.,United States,MRK
2017-04-06 04:00:00,60.57251739501953,61.04007720947266,60.29580307006836,60.34350967407227,45.39670562744141,7915125,Merck & Co.,United States,MRK
2017-04-07 04:00:00,60.38167953491211,60.42938995361328,60.06679534912109,60.23854827880859,45.31774520874023,8091713,Merck & Co.,United States,MRK
2017-04-10 04:00:00,60.37213516235352,60.42938995361328,59.66603088378906,59.68511581420898,44.90139007568359,7595590,Merck & Co.,United States,MRK
2017-04-11 04:00:00,59.62786483764648,59.88549423217773,59.33206176757812,59.71374130249023,44.92293930053711,6858950,Merck & Co.,United States,MRK
2017-04-12 04:00:00,59.51335906982422,60.31488418579102,59.42748260498047,60.16221237182617,45.26031875610352,9965642,Merck & Co.,United States,MRK
2017-04-13 04:00:00,59.91412353515625,60.11450576782227,59.69465637207031,59.74236679077148,44.94446182250977,6217260,Merck & Co.,United States,MRK
2017-04-17 04:00:00,59.83778762817383,59.96183013916016,59.53244400024414,59.92366409301758,45.08086013793945,5590242,Merck & Co.,United States,MRK
2017-04-18 04:00:00,59.59923553466797,59.59923553466797,59.15076446533203,59.41793823242188,44.70039367675781,7749436,Merck & Co.,United States,MRK
2017-04-19 04:00:00,59.40839767456055,59.77099227905273,59.16030502319336,59.77099227905273,44.96601104736328,10845857,Merck & Co.,United States,MRK
2017-04-20 04:00:00,59.79007720947266,59.87595367431641,59.39885330200195,59.68511581420898,44.90139007568359,9392490,Merck & Co.,United States,MRK
2017-04-21 04:00:00,59.50381851196289,59.76145172119141,59.03625869750977,59.05534362792969,44.42761611938477,11002323,Merck & Co.,United States,MRK
2017-04-24 04:00:00,59.63740539550781,59.65649032592773,59.17938995361328,59.29389190673828,44.60708618164062,9270922,Merck & Co.,United States,MRK
2017-04-25 04:00:00,59.62786483764648,60.04771041870117,59.39885330200195,59.44656372070312,44.72193145751953,11205006,Merck & Co.,United States,MRK
2017-04-26 04:00:00,59.76145172119141,60.0,59.57061004638672,59.82824325561523,45.00907516479492,9284546,Merck & Co.,United States,MRK
2017-04-27 04:00:00,59.90457916259766,60.02862548828125,59.58969497680664,59.71374130249023,44.92293930053711,6920258,Merck & Co.,United States,MRK
2017-04-28 04:00:00,59.71374130249023,59.78053283691406,59.29389190673828,59.47518920898438,44.74347305297852,9915862,Merck & Co.,United States,MRK
2017-05-01 04:00:00,59.39885330200195,59.63740539550781,59.2557258605957,59.52289962768555,44.77935028076172,10707521,Merck & Co.,United States,MRK
2017-05-02 04:00:00,59.64694595336914,60.34350967407227,59.45610809326172,59.82824325561523,45.00907516479492,13647580,Merck & Co.,United States,MRK
2017-05-03 04:00:00,59.63740539550781,60.75381851196289,59.52289962768555,60.71564865112305,45.67667770385742,11978430,Merck & Co.,United States,MRK
2017-05-04 04:00:00,60.75381851196289,60.96374130249023,60.32442855834961,60.47710037231445,45.4972038269043,9023280,Merck & Co.,United States,MRK
2017-05-05 04:00:00,60.59160232543945,61.15457916259766,60.52481079101562,61.04007720947266,45.92074584960938,9795237,Merck & Co.,United States,MRK
2017-05-08 04:00:00,60.98282241821289,61.55534362792969,60.90649032592773,61.07824325561523,45.9494514465332,11684676,Merck & Co.,United States,MRK
2017-05-09 04:00:00,61.24045944213867,61.32633590698242,60.26717758178711,60.39122009277344,45.43259811401367,10712970,Merck & Co.,United States,MRK
2017-05-10 04:00:00,60.23854827880859,61.02099227905273,60.20038223266602,61.01145172119141,45.89919662475586,10094126,Merck & Co.,United States,MRK
2017-05-11 04:00:00,61.78435134887695,62.26145172119141,61.36450576782227,61.47900772094727,46.25095748901367,19404663,Merck & Co.,United States,MRK
2017-05-12 04:00:00,61.44084167480469,61.70801544189453,60.37213516235352,60.65839767456055,45.63360595703125,10838521,Merck & Co.,United States,MRK
2017-05-15 04:00:00,60.51526641845703,60.6870231628418,60.43893051147461,60.60114669799805,45.59052658081055,8710347,Merck & Co.,United States,MRK
2017-05-16 04:00:00,60.53435134887695,60.94465637207031,60.24809265136719,60.86832046508789,45.79153060913086,8248494,Merck & Co.,United States,MRK
2017-05-17 04:00:00,60.86832046508789,60.86832046508789,60.0,60.11450576782227,45.22443008422852,8296911,Merck & Co.,United States,MRK
2017-05-18 04:00:00,60.02862548828125,61.54580307006836,60.02862548828125,60.96374130249023,45.86330032348633,12528316,Merck & Co.,United States,MRK
2017-05-19 04:00:00,61.10686874389648,61.10686874389648,60.59160232543945,60.85877990722656,45.78434753417969,9739798,Merck & Co.,United States,MRK
2017-05-22 04:00:00,60.78244400024414,61.48854827880859,60.65839767456055,61.10686874389648,45.97099304199219,6525372,Merck & Co.,United States,MRK
2017-05-23 04:00:00,61.06870269775391,61.63167953491211,61.06870269775391,61.59350967407227,46.33709335327148,6009861,Merck & Co.,United States,MRK
2017-05-24 04:00:00,61.80343627929688,62.21374130249023,61.58396911621094,61.95610809326172,46.60987854003906,7289259,Merck & Co.,United States,MRK
2017-05-25 04:00:00,61.98473358154297,62.13740539550781,61.6984748840332,62.06106948852539,46.68884658813477,7436503,Merck & Co.,United States,MRK
2017-05-26 04:00:00,62.02289962768555,62.22328186035156,61.85114669799805,61.94656372070312,46.60269546508789,3862614,Merck & Co.,United States,MRK
2017-05-30 04:00:00,61.7557258605957,62.15649032592773,61.57442855834961,61.90839767456055,46.57398223876953,5120109,Merck & Co.,United States,MRK
2017-05-31 04:00:00,62.09923553466797,62.49045944213867,62.0515251159668,62.12786483764648,46.73909759521484,8162138,Merck & Co.,United States,MRK
2017-06-01 04:00:00,62.10877990722656,62.27099227905273,61.88931274414062,62.27099227905273,46.84675216674805,7923404,Merck & Co.,United States,MRK
2017-06-02 04:00:00,62.46183013916016,62.57633590698242,62.19465637207031,62.47137451171875,46.99751281738281,6600933,Merck & Co.,United States,MRK
2017-06-05 04:00:00,62.35686874389648,62.39503860473633,61.73664093017578,62.08969497680664,46.71037673950195,6254988,Merck & Co.,United States,MRK
2017-06-06 04:00:00,62.02289962768555,62.06106948852539,61.50763320922852,61.70801544189453,46.42323303222656,8218206,Merck & Co.,United States,MRK
2017-06-07 04:00:00,61.64122009277344,61.68893051147461,61.06870269775391,61.12595367431641,45.98534774780273,7971717,Merck & Co.,United States,MRK
2017-06-08 04:00:00,61.12595367431641,61.3072509765625,59.95228958129883,60.30534362792969,45.36800765991211,19411056,Merck & Co.,United States,MRK
2017-06-09 04:00:00,60.30534362792969,61.48854827880859,60.24809265136719,61.44084167480469,46.22222518920898,11266419,Merck & Co.,United States,MRK
2017-06-12 04:00:00,61.44084167480469,61.71755599975586,61.25954055786133,61.44084167480469,46.22222518920898,9851514,Merck & Co.,United States,MRK
2017-06-13 04:00:00,60.81106948852539,60.91603088378906,60.14313125610352,60.37213516235352,45.75218963623047,12631544,Merck & Co.,United States,MRK
2017-06-14 04:00:00,60.13358688354492,60.72518920898438,60.13358688354492,60.46755599975586,45.82450103759766,10834853,Merck & Co.,United States,MRK
2017-06-15 04:00:00,60.40076446533203,60.53435134887695,60.0,60.29580307006836,45.69435882568359,8244406,Merck & Co.,United States,MRK
2017-06-16 04:00:00,60.36259460449219,60.79198455810547,59.81870269775391,60.08587646484375,45.53527069091797,15617296,Merck & Co.,United States,MRK
2017-06-19 04:00:00,60.20038223266602,60.88740539550781,60.13358688354492,60.76335906982422,46.0486946105957,8831391,Merck & Co.,United States,MRK
2017-06-20 04:00:00,60.76335906982422,61.98473358154297,60.66793823242188,61.57442855834961,46.66334915161133,10755624,Merck & Co.,United States,MRK
2017-06-21 04:00:00,61.60305404663086,62.59542083740234,61.60305404663086,62.46183013916016,47.33584976196289,11679960,Merck & Co.,United States,MRK
2017-06-22 04:00:00,62.50954055786133,63.33015441894531,62.38549423217773,62.99618148803711,47.74079895019531,14087111,Merck & Co.,United States,MRK
2017-06-23 04:00:00,63.01526641845703,63.34923553466797,62.82442855834961,63.1297721862793,47.84204483032227,14769988,Merck & Co.,United States,MRK
2017-06-26 04:00:00,63.1202278137207,63.35877990722656,62.81488418579102,62.90076446533203,47.66848373413086,7940067,Merck & Co.,United States,MRK
2017-06-27 04:00:00,63.23473358154297,63.23473358154297,62.53816986083984,62.53816986083984,47.39370346069336,8511437,Merck & Co.,United States,MRK
2017-06-28 04:00:00,62.74809265136719,62.88167953491211,62.15649032592773,62.17557144165039,47.11891937255859,7056498,Merck & Co.,United States,MRK
2017-06-29 04:00:00,62.03244400024414,62.09923553466797,61.15457916259766,61.39313125610352,46.52595520019531,8751114,Merck & Co.,United States,MRK
2017-06-30 04:00:00,61.53625869750977,61.76526641845703,61.06870269775391,61.15457916259766,46.34516525268555,8762223,Merck & Co.,United States,MRK
2017-07-03 04:00:00,60.92557144165039,61.66984558105469,60.92557144165039,61.32633590698242,46.47532653808594,4895627,Merck & Co.,United States,MRK
2017-07-05 04:00:00,61.51717758178711,61.83206176757812,60.99236679077148,61.22137451171875,46.39579010009766,6820174,Merck & Co.,United States,MRK
2017-07-06 04:00:00,60.84923553466797,60.98282241821289,60.10496139526367,60.20992279052734,45.62927627563477,11887150,Merck & Co.,United States,MRK
2017-07-07 04:00:00,60.31488418579102,60.43893051147461,59.93320465087891,60.26717758178711,45.67265319824219,7591083,Merck & Co.,United States,MRK
2017-07-10 04:00:00,60.48664093017578,60.49618148803711,59.74236679077148,59.95228958129883,45.43403244018555,7036062,Merck & Co.,United States,MRK
2017-07-11 04:00:00,59.9427490234375,60.09542083740234,59.38931274414062,59.48473358154297,45.07970428466797,7207620,Merck & Co.,United States,MRK
2017-07-12 04:00:00,59.79007720947266,60.23854827880859,59.79007720947266,59.90457916259766,45.39787292480469,8610368,Merck & Co.,United States,MRK
2017-07-13 04:00:00,59.91412353515625,60.10496139526367,59.42748260498047,60.00954055786133,45.4774169921875,7125562,Merck & Co.,United States,MRK
2017-07-14 04:00:00,60.04771041870117,60.49618148803711,59.98091506958008,60.17175674438477,45.60034942626953,6309903,Merck & Co.,United States,MRK
2017-07-17 04:00:00,60.25763320922852,60.41030502319336,59.66603088378906,59.74236679077148,45.27493286132812,7741890,Merck & Co.,United States,MRK
2017-07-18 04:00:00,59.63740539550781,59.76145172119141,59.41793823242188,59.5515251159668,45.13031387329102,6408415,Merck & Co.,United States,MRK
2017-07-19 04:00:00,59.63740539550781,59.95228958129883,59.58015441894531,59.75190734863281,45.28216934204102,5972657,Merck & Co.,United States,MRK
2017-07-20 04:00:00,60.02862548828125,60.34350967407227,59.98091506958008,60.0572509765625,45.51356506347656,6974545,Merck & Co.,United States,MRK
2017-07-21 04:00:00,59.91412353515625,60.11450576782227,59.71374130249023,59.76145172119141,45.28940582275391,7237907,Merck & Co.,United States,MRK
2017-07-24 04:00:00,59.67557144165039,60.01908493041992,59.63740539550781,59.70419692993164,45.24600982666016,8157318,Merck & Co.,United States,MRK
2017-07-25 04:00:00,59.97137451171875,60.11450576782227,59.39885330200195,59.50381851196289,45.09415435791016,6241783,Merck & Co.,United States,MRK
2017-07-26 04:00:00,59.45610809326172,59.48473358154297,58.89313125610352,58.96946716308594,44.68921279907227,9816302,Merck & Co.,United States,MRK
2017-07-27 04:00:00,60.75381851196289,61.59350967407227,59.92366409301758,60.77289962768555,46.0559196472168,22894922,Merck & Co.,United States,MRK
2017-07-28 04:00:00,60.88740539550781,61.41221237182617,60.32442855834961,61.17366409301758,46.35963821411133,13982521,Merck & Co.,United States,MRK
2017-07-31 04:00:00,61.3072509765625,61.36450576782227,60.60114669799805,60.95419692993164,46.19330978393555,12277215,Merck & Co.,United States,MRK
2017-08-01 04:00:00,61.10686874389648,61.32633590698242,60.84923553466797,60.99236679077148,46.22222518920898,6802463,Merck & Co.,United States,MRK
2017-08-02 04:00:00,61.02099227905273,61.03053283691406,60.27671813964844,60.53435134887695,45.8751220703125,7372575,Merck & Co.,United States,MRK
2017-08-03 04:00:00,60.31488418579102,60.81106948852539,60.28625869750977,60.61068725585938,45.93299865722656,7355702,Merck & Co.,United States,MRK
2017-08-04 04:00:00,60.71564865112305,60.77289962768555,60.0572509765625,60.20992279052734,45.62927627563477,5597368,Merck & Co.,United States,MRK
2017-08-07 04:00:00,60.06679534912109,60.20038223266602,59.79007720947266,59.96183013916016,45.44126129150391,7018246,Merck & Co.,United States,MRK
2017-08-08 04:00:00,59.67557144165039,59.84732818603516,59.35114669799805,59.46564865112305,45.06523513793945,8048745,Merck & Co.,United States,MRK
2017-08-09 04:00:00,59.58969497680664,59.84732818603516,59.3702278137207,59.62786483764648,45.18815994262695,6866810,Merck & Co.,United States,MRK
2017-08-10 04:00:00,59.51335906982422,59.71374130249023,59.32251739501953,59.33206176757812,44.9640007019043,8137825,Merck & Co.,United States,MRK
2017-08-11 04:00:00,59.56106948852539,60.07633590698242,59.40839767456055,59.52289962768555,45.10861968994141,6341448,Merck & Co.,United States,MRK
2017-08-14 04:00:00,60.02862548828125,60.11450576782227,59.72328186035156,59.79961776733398,45.31833648681641,5771860,Merck & Co.,United States,MRK
2017-08-15 04:00:00,59.85686874389648,60.14313125610352,59.62786483764648,59.63740539550781,45.19540023803711,6619168,Merck & Co.,United States,MRK
2017-08-16 04:00:00,59.57061004638672,60.04771041870117,59.47518920898438,59.82824325561523,45.34002685546875,6352138,Merck & Co.,United States,MRK
2017-08-17 04:00:00,59.87595367431641,60.13358688354492,58.97900772094727,59.00763320922852,44.7181282043457,9589305,Merck & Co.,United States,MRK
2017-08-18 04:00:00,58.94084167480469,58.98854827880859,58.35877990722656,58.67366409301758,44.46503448486328,8825942,Merck & Co.,United States,MRK
2017-08-21 04:00:00,58.66412353515625,59.1984748840332,58.61641311645508,59.13167953491211,44.81214141845703,7542666,Merck & Co.,United States,MRK
2017-08-22 04:00:00,59.13167953491211,59.63740539550781,59.08396911621094,59.56106948852539,45.13754272460938,5779930,Merck & Co.,United States,MRK
2017-08-23 04:00:00,59.39885330200195,59.73282241821289,59.30343627929688,59.30343627929688,44.94230651855469,6743775,Merck & Co.,United States,MRK
2017-08-24 04:00:00,59.39885330200195,60.02862548828125,59.34160232543945,59.83778762817383,45.34724426269531,8122105,Merck & Co.,United States,MRK
2017-08-25 04:00:00,59.99045944213867,60.39122009277344,59.89503860473633,60.0572509765625,45.51356506347656,5528095,Merck & Co.,United States,MRK
2017-08-28 04:00:00,60.21946716308594,60.55343627929688,60.09542083740234,60.41984558105469,45.78836059570312,7858114,Merck & Co.,United States,MRK
2017-08-29 04:00:00,60.23854827880859,60.31488418579102,59.84732818603516,60.22900772094727,45.64373779296875,6879806,Merck & Co.,United States,MRK
2017-08-30 04:00:00,60.24809265136719,60.27671813964844,60.01908493041992,60.22900772094727,45.64373779296875,5263580,Merck & Co.,United States,MRK
2017-08-31 04:00:00,60.4484748840332,60.99236679077148,60.06679534912109,60.93511581420898,46.17884063720703,13522344,Merck & Co.,United States,MRK
2017-09-01 04:00:00,60.86832046508789,61.16412353515625,60.6870231628418,60.90649032592773,46.15715026855469,6481985,Merck & Co.,United States,MRK
2017-09-05 04:00:00,60.83015441894531,61.17366409301758,60.55343627929688,60.70610809326172,46.00530242919922,7583538,Merck & Co.,United States,MRK
2017-09-06 04:00:00,60.96374130249023,61.38358688354492,60.84923553466797,61.06870269775391,46.28008651733398,7491838,Merck & Co.,United States,MRK
2017-09-07 04:00:00,61.15457916259766,61.46946716308594,60.86832046508789,61.37404632568359,46.5114860534668,7185507,Merck & Co.,United States,MRK
2017-09-08 04:00:00,61.05915832519531,61.57442855834961,61.01145172119141,61.32633590698242,46.47532653808594,7719358,Merck & Co.,United States,MRK
2017-09-11 04:00:00,61.96564865112305,62.31870269775391,61.71755599975586,62.14694595336914,47.09720993041992,10785597,Merck & Co.,United States,MRK
2017-09-12 04:00:00,62.13740539550781,62.61450576782227,62.13740539550781,62.46183013916016,47.33584976196289,7707202,Merck & Co.,United States,MRK
2017-09-13 04:00:00,62.36641311645508,62.54771041870117,62.30915832519531,62.45228958129883,47.32861709594727,5898878,Merck & Co.,United States,MRK
2017-09-14 04:00:00,62.01335906982422,63.13931274414062,61.9370231628418,63.09160232543945,48.15893936157227,10437137,Merck & Co.,United States,MRK
2017-09-15 04:00:00,63.13931274414062,63.33969497680664,62.73854827880859,63.1297721862793,48.18808364868164,15390718,Merck & Co.,United States,MRK
2017-09-18 04:00:00,62.99618148803711,63.36832046508789,62.79580307006836,62.96755599975586,48.06425857543945,11049274,Merck & Co.,United States,MRK
2017-09-19 04:00:00,62.99618148803711,63.1297721862793,62.67175674438477,62.92938995361328,48.03511428833008,7345746,Merck & Co.,United States,MRK
2017-09-20 04:00:00,63.04389190673828,63.27289962768555,62.20419692993164,62.77671813964844,47.91858673095703,9903600,Merck & Co.,United States,MRK
2017-09-21 04:00:00,62.83396911621094,62.91030502319336,62.51908493041992,62.59542083740234,47.78021240234375,6255198,Merck & Co.,United States,MRK
2017-09-22 04:00:00,62.62404632568359,62.69084167480469,62.08969497680664,62.14694595336914,47.43786239624023,7824263,Merck & Co.,United States,MRK
2017-09-25 04:00:00,62.17557144165039,62.40457916259766,62.06106948852539,62.19465637207031,47.47428894042969,5840923,Merck & Co.,United States,MRK
2017-09-26 04:00:00,62.11832046508789,62.32824325561523,61.7557258605957,61.79389190673828,47.16837692260742,7311058,Merck & Co.,United States,MRK
2017-09-27 04:00:00,61.71755599975586,61.78435134887695,61.37404632568359,61.61259460449219,47.02997970581055,7013111,Merck & Co.,United States,MRK
2017-09-28 04:00:00,61.32633590698242,61.6984748840332,61.23091506958008,61.34542083740234,46.82604598999023,7359894,Merck & Co.,United States,MRK
2017-09-29 04:00:00,61.34542083740234,61.57442855834961,60.42938995361328,61.09732818603516,46.63668441772461,11999181,Merck & Co.,United States,MRK
2017-10-02 04:00:00,61.26908493041992,61.71755599975586,60.96374130249023,61.59350967407227,47.01543045043945,7067083,Merck & Co.,United States,MRK
2017-10-03 04:00:00,61.59350967407227,61.62213516235352,60.85877990722656,61.42175674438477,46.88432312011719,6819441,Merck & Co.,United States,MRK
2017-10-04 04:00:00,61.46946716308594,61.66030502319336,61.38358688354492,61.64122009277344,47.05184555053711,6722606,Merck & Co.,United States,MRK
2017-10-05 04:00:00,61.46946716308594,61.83206176757812,61.38358688354492,61.64122009277344,47.05184555053711,9589200,Merck & Co.,United States,MRK
2017-10-06 04:00:00,61.73664093017578,61.92748260498047,61.42175674438477,61.59350967407227,47.01543045043945,7847843,Merck & Co.,United States,MRK
2017-10-09 04:00:00,61.70801544189453,61.77481079101562,61.18320465087891,61.38358688354492,46.85519790649414,5712962,Merck & Co.,United States,MRK
2017-10-10 04:00:00,61.36450576782227,61.51717758178711,61.25,61.50763320922852,46.94987869262695,5157208,Merck & Co.,United States,MRK
2017-10-11 04:00:00,61.39313125610352,61.39313125610352,60.85877990722656,60.85877990722656,46.45460510253906,10586477,Merck & Co.,United States,MRK
2017-10-12 04:00:00,60.86832046508789,61.04961776733398,60.64885330200195,60.90649032592773,46.49100112915039,6454108,Merck & Co.,United States,MRK
2017-10-13 04:00:00,61.02099227905273,61.22137451171875,60.47710037231445,60.48664093017578,46.1705322265625,7693787,Merck & Co.,United States,MRK
2017-10-16 04:00:00,60.58206176757812,60.81106948852539,60.36259460449219,60.43893051147461,46.13411331176758,7806762,Merck & Co.,United States,MRK
2017-10-17 04:00:00,60.31488418579102,60.41030502319336,60.0,60.32442855834961,46.04670715332031,7365868,Merck & Co.,United States,MRK
2017-10-18 04:00:00,61.15457916259766,61.17366409301758,60.5057258605957,60.60114669799805,46.25793838500977,8265471,Merck & Co.,United States,MRK
2017-10-19 04:00:00,60.72518920898438,61.09732818603516,60.67748260498047,60.83015441894531,46.43274307250977,10554618,Merck & Co.,United States,MRK
2017-10-20 04:00:00,60.92557144165039,61.05915832519531,60.65839767456055,60.95419692993164,46.52743148803711,10798802,Merck & Co.,United States,MRK
2017-10-23 04:00:00,61.09732818603516,61.56488418579102,60.40076446533203,60.49618148803711,46.17781829833984,12137936,Merck & Co.,United States,MRK
2017-10-24 04:00:00,60.41030502319336,60.41030502319336,59.51335906982422,60.21946716308594,45.96658706665039,10711713,Merck & Co.,United States,MRK
2017-10-25 04:00:00,60.20992279052734,60.23854827880859,59.47518920898438,59.58969497680664,45.48587417602539,11545502,Merck & Co.,United States,MRK
2017-10-26 04:00:00,59.4370231628418,59.81870269775391,58.97900772094727,59.15076446533203,45.15083312988281,11260026,Merck & Co.,United States,MRK
2017-10-27 04:00:00,57.77671813964844,57.77671813964844,55.17175674438477,55.57251739501953,42.41948318481445,30980242,Merck & Co.,United States,MRK
2017-10-30 04:00:00,53.19656372070312,53.48282241821289,51.91793823242188,52.20419692993164,39.848388671875,40860891,Merck & Co.,United States,MRK
2017-10-31 04:00:00,52.64313125610352,53.23473358154297,52.50954055786133,52.56679534912109,40.12517166137695,19313802,Merck & Co.,United States,MRK
2017-11-01 04:00:00,52.99618148803711,53.2442741394043,52.74809265136719,52.80534362792969,40.30725860595703,17206483,Merck & Co.,United States,MRK
2017-11-02 04:00:00,52.93893051147461,53.02481079101562,52.51908493041992,52.83396911621094,40.32910919189453,12909788,Merck & Co.,United States,MRK
2017-11-03 04:00:00,52.76717758178711,53.70228958129883,52.66221237182617,53.49236679077148,40.83167266845703,10281718,Merck & Co.,United States,MRK
2017-11-06 05:00:00,53.47328186035156,53.60686874389648,53.05343627929688,53.32061004638672,40.70056915283203,9136988,Merck & Co.,United States,MRK
2017-11-07 05:00:00,53.32061004638672,53.61641311645508,52.84350967407227,53.04389190673828,40.48935317993164,15008513,Merck & Co.,United States,MRK
2017-11-08 05:00:00,52.95801544189453,54.12213516235352,52.91984558105469,53.98854827880859,41.21041870117188,15859279,Merck & Co.,United States,MRK
2017-11-09 05:00:00,53.95992279052734,54.06488418579102,53.07251739501953,53.63549423217773,40.9409294128418,14818825,Merck & Co.,United States,MRK
2017-11-10 05:00:00,53.71183013916016,53.71183013916016,52.62404632568359,52.93893051147461,40.40923309326172,17547607,Merck & Co.,United States,MRK
2017-11-13 05:00:00,52.77671813964844,52.97710037231445,52.53816986083984,52.57633590698242,40.13244247436523,14135738,Merck & Co.,United States,MRK
2017-11-14 05:00:00,52.45228958129883,52.65267181396484,52.24236679077148,52.47137451171875,40.05233383178711,13315678,Merck & Co.,United States,MRK
2017-11-15 05:00:00,52.25190734863281,52.57633590698242,51.90839767456055,52.29007720947266,39.9139518737793,12290315,Merck & Co.,United States,MRK
2017-11-16 05:00:00,52.34732818603516,52.83396911621094,52.24236679077148,52.64313125610352,40.18344497680664,12572122,Merck & Co.,United States,MRK
2017-11-17 05:00:00,52.48091506958008,52.89122009277344,52.24236679077148,52.67175674438477,40.20529556274414,10358537,Merck & Co.,United States,MRK
2017-11-20 05:00:00,51.56488418579102,51.89885330200195,51.17366409301758,51.62213516235352,39.40410232543945,18003278,Merck & Co.,United States,MRK
2017-11-21 05:00:00,51.8702278137207,52.33778762817383,51.6984748840332,51.78435134887695,39.52791976928711,14369442,Merck & Co.,United States,MRK
2017-11-22 05:00:00,51.74618148803711,52.07061004638672,51.68893051147461,51.8797721862793,39.60075759887695,7730258,Merck & Co.,United States,MRK
2017-11-24 05:00:00,52.00381851196289,52.12786483764648,51.63167953491211,51.86068725585938,39.58618545532227,4549682,Merck & Co.,United States,MRK
2017-11-27 05:00:00,51.91793823242188,52.09923553466797,51.71755599975586,52.0515251159668,39.73185729980469,10584905,Merck & Co.,United States,MRK
2017-11-28 05:00:00,52.41412353515625,52.60496139526367,51.91793823242188,52.41412353515625,40.00861358642578,13446783,Merck & Co.,United States,MRK
2017-11-29 05:00:00,52.51908493041992,53.10114669799805,52.41412353515625,52.82442855834961,40.32182693481445,10980525,Merck & Co.,United States,MRK
2017-11-30 05:00:00,52.66221237182617,53.33015441894531,52.50954055786133,52.73854827880859,40.25628280639648,16139619,Merck & Co.,United States,MRK
2017-12-01 05:00:00,52.86259460449219,53.41603088378906,52.69084167480469,53.31106948852539,40.69327545166016,12672835,Merck & Co.,United States,MRK
2017-12-04 05:00:00,53.36832046508789,54.11259460449219,53.31106948852539,53.64503860473633,40.94821929931641,14085120,Merck & Co.,United States,MRK
2017-12-05 05:00:00,53.57824325561523,53.92175674438477,53.16793823242188,53.21564865112305,40.62045288085938,12405386,Merck & Co.,United States,MRK
2017-12-06 05:00:00,51.94656372070312,53.36832046508789,51.70801544189453,51.86068725585938,39.58618545532227,21217703,Merck & Co.,United States,MRK
2017-12-07 05:00:00,52.33778762817383,53.28244400024414,52.17557144165039,52.26145172119141,39.89208984375,17250604,Merck & Co.,United States,MRK
2017-12-08 05:00:00,52.77671813964844,53.02481079101562,52.15649032592773,53.02481079101562,40.47477722167969,10923723,Merck & Co.,United States,MRK
2017-12-11 05:00:00,53.75954055786133,54.04580307006836,53.01526641845703,53.75954055786133,41.03560638427734,10239170,Merck & Co.,United States,MRK
2017-12-12 05:00:00,54.26526641845703,54.5515251159668,54.03625869750977,54.45610809326172,41.56731414794922,14454750,Merck & Co.,United States,MRK
2017-12-13 05:00:00,54.33206176757812,54.74236679077148,54.05534362792969,54.30343627929688,41.45078659057617,13982940,Merck & Co.,United States,MRK
2017-12-14 05:00:00,53.81679534912109,54.14122009277344,53.39694595336914,53.44465637207031,41.14226913452148,10623890,Merck & Co.,United States,MRK
2017-12-15 05:00:00,53.65457916259766,53.78816986083984,53.19656372070312,53.66412353515625,41.31122589111328,23664574,Merck & Co.,United States,MRK
2017-12-18 05:00:00,53.79771041870117,54.09350967407227,53.62595367431641,53.64503860473633,41.29653167724609,12151560,Merck & Co.,United States,MRK
2017-12-19 05:00:00,53.64503860473633,54.02671813964844,53.44465637207031,53.65457916259766,41.30387115478516,9921521,Merck & Co.,United States,MRK
2017-12-20 05:00:00,53.70228958129883,53.90267181396484,53.41603088378906,53.54007720947266,41.21572875976562,13766423,Merck & Co.,United States,MRK
2017-12-21 05:00:00,53.51145172119141,54.1984748840332,53.51145172119141,54.00763320922852,41.57565307617188,10439966,Merck & Co.,United States,MRK
2017-12-22 05:00:00,54.00763320922852,54.22710037231445,53.55915832519531,53.77862548828125,41.39935684204102,11890608,Merck & Co.,United States,MRK
2017-12-26 05:00:00,53.90267181396484,54.00763320922852,53.6927490234375,53.75954055786133,41.38466644287109,4616754,Merck & Co.,United States,MRK
2017-12-27 05:00:00,53.8072509765625,54.03625869750977,53.68320465087891,53.75954055786133,41.38466644287109,5931994,Merck & Co.,United States,MRK
2017-12-28 05:00:00,53.75954055786133,54.1984748840332,53.72137451171875,54.00763320922852,41.57565307617188,6061108,Merck & Co.,United States,MRK
2017-12-29 05:00:00,54.22710037231445,54.3797721862793,53.6927490234375,53.6927490234375,41.333251953125,8841557,Merck & Co.,United States,MRK
2018-01-02 05:00:00,53.99809265136719,54.15076446533203,53.48282241821289,53.64503860473633,41.29653167724609,10556504,Merck & Co.,United States,MRK
2018-01-03 05:00:00,53.65457916259766,53.68320465087891,53.39694595336914,53.56870269775391,41.23775482177734,11090460,Merck & Co.,United States,MRK
2018-01-04 05:00:00,53.85496139526367,54.79007720947266,53.79771041870117,54.4370231628418,41.90621185302734,15751650,Merck & Co.,United States,MRK
2018-01-05 05:00:00,54.76145172119141,54.76145172119141,53.99809265136719,54.3797721862793,41.86212539672852,9955057,Merck & Co.,United States,MRK
2018-01-08 05:00:00,54.58969497680664,54.62786483764648,53.91221237182617,54.06488418579102,41.61972808837891,11642546,Merck & Co.,United States,MRK
2018-01-09 05:00:00,54.20801544189453,54.48473358154297,53.97900772094727,54.1984748840332,41.72256851196289,11142022,Merck & Co.,United States,MRK
2018-01-10 05:00:00,53.95992279052734,54.74236679077148,53.87404632568359,54.67557144165039,42.08983993530273,9497395,Merck & Co.,United States,MRK
2018-01-11 05:00:00,54.67557144165039,54.97137451171875,54.54198455810547,54.96183013916016,42.31019592285156,7447402,Merck & Co.,United States,MRK
2018-01-12 05:00:00,55.29580307006836,56.11641311645508,55.23854827880859,55.97328186035156,43.08883285522461,12935569,Merck & Co.,United States,MRK
2018-01-16 05:00:00,58.92175674438477,60.85877990722656,58.44465637207031,59.22710037231445,45.59366226196289,50399682,Merck & Co.,United States,MRK
2018-01-17 05:00:00,59.4370231628418,59.72328186035156,59.05534362792969,59.18893051147461,45.56427764892578,22940615,Merck & Co.,United States,MRK
2018-01-18 05:00:00,59.16030502319336,59.27481079101562,57.85305404663086,58.33015441894531,44.9031867980957,20861278,Merck & Co.,United States,MRK
2018-01-19 05:00:00,58.66412353515625,58.66412353515625,57.86259460449219,58.47328186035156,45.01336288452148,12745671,Merck & Co.,United States,MRK
2018-01-22 05:00:00,58.15839767456055,58.62595367431641,57.93893051147461,58.44465637207031,44.99131393432617,12835380,Merck & Co.,United States,MRK
2018-01-23 05:00:00,58.23473358154297,59.28435134887695,58.08206176757812,58.87404632568359,45.32188415527344,11718212,Merck & Co.,United States,MRK
2018-01-24 05:00:00,59.16984558105469,59.26526641845703,58.16793823242188,58.37786483764648,44.93990707397461,14129241,Merck & Co.,United States,MRK
2018-01-25 05:00:00,58.49236679077148,58.56870269775391,58.15839767456055,58.49236679077148,45.02804565429688,9853610,Merck & Co.,United States,MRK
2018-01-26 05:00:00,58.67366409301758,59.23664093017578,58.53053283691406,59.1984748840332,45.57161712646484,11060278,Merck & Co.,United States,MRK
2018-01-29 05:00:00,59.11259460449219,59.29389190673828,58.74045944213867,58.8072509765625,45.27044677734375,9198191,Merck & Co.,United States,MRK
2018-01-30 05:00:00,58.0057258605957,58.44465637207031,57.67175674438477,57.87213516235352,44.55058670043945,13666654,Merck & Co.,United States,MRK
2018-01-31 05:00:00,57.98664093017578,58.01526641845703,56.20228958129883,56.53625869750977,43.52222442626953,15582712,Merck & Co.,United States,MRK
2018-02-01 05:00:00,56.45992279052734,57.57633590698242,56.36450576782227,57.11832046508789,43.97028732299805,14009664,Merck & Co.,United States,MRK
2018-02-02 05:00:00,56.68893051147461,57.22328186035156,55.61068725585938,55.87786483764648,43.015380859375,12852777,Merck & Co.,United States,MRK
2018-02-05 05:00:00,55.60114669799805,56.25,53.26335906982422,53.81679534912109,41.42873382568359,20546774,Merck & Co.,United States,MRK
2018-02-06 05:00:00,52.61450576782227,54.16984558105469,51.84160232543945,52.91984558105469,40.7382698059082,32494498,Merck & Co.,United States,MRK
2018-02-07 05:00:00,52.64313125610352,54.11259460449219,52.56679534912109,53.32061004638672,41.04676818847656,14349740,Merck & Co.,United States,MRK
2018-02-08 05:00:00,53.47328186035156,53.87404632568359,52.20419692993164,52.22328186035156,40.20204544067383,21871760,Merck & Co.,United States,MRK
2018-02-09 05:00:00,52.62404632568359,52.87213516235352,50.91603088378906,52.35686874389648,40.30487823486328,19472364,Merck & Co.,United States,MRK
2018-02-12 05:00:00,52.81488418579102,53.33015441894531,52.4427490234375,52.89122009277344,40.71623229980469,13259506,Merck & Co.,United States,MRK
2018-02-13 05:00:00,52.70038223266602,52.83396911621094,52.26145172119141,52.38549423217773,40.32691955566406,17857291,Merck & Co.,United States,MRK
2018-02-14 05:00:00,51.82251739501953,52.57633590698242,51.73664093017578,52.38549423217773,40.32691955566406,11996142,Merck & Co.,United States,MRK
2018-02-15 05:00:00,52.89122009277344,53.42557144165039,52.31870269775391,53.42557144165039,41.1275634765625,10584695,Merck & Co.,United States,MRK
2018-02-16 05:00:00,53.40649032592773,54.3797721862793,53.35877990722656,53.71183013916016,41.34793853759766,12294402,Merck & Co.,United States,MRK
2018-02-20 05:00:00,53.54961776733398,53.56870269775391,52.43320465087891,52.46183013916016,40.38567352294922,14113416,Merck & Co.,United States,MRK
2018-02-21 05:00:00,52.50954055786133,52.90076446533203,52.0515251159668,52.0515251159668,40.06982040405273,11244935,Merck & Co.,United States,MRK
2018-02-22 05:00:00,52.09923553466797,52.54771041870117,51.92748260498047,52.07061004638672,40.08451461791992,11334958,Merck & Co.,United States,MRK
2018-02-23 05:00:00,52.30915832519531,52.48091506958008,52.07061004638672,52.35686874389648,40.30487823486328,9499177,Merck & Co.,United States,MRK
2018-02-26 05:00:00,52.48091506958008,53.61641311645508,52.48091506958008,53.49236679077148,41.17899322509766,12725026,Merck & Co.,United States,MRK
2018-02-27 05:00:00,53.34923553466797,53.39694595336914,52.19465637207031,52.21374130249023,40.19469833374023,9734453,Merck & Co.,United States,MRK
2018-02-28 05:00:00,52.53816986083984,52.64313125610352,51.72710037231445,51.73664093017578,39.82741928100586,11807606,Merck & Co.,United States,MRK
2018-03-01 05:00:00,51.77481079101562,52.29961776733398,50.97328186035156,51.24045944213867,39.44545364379883,13648523,Merck & Co.,United States,MRK
2018-03-02 05:00:00,51.03053283691406,51.9370231628418,50.6870231628418,51.8702278137207,39.93025970458984,9355706,Merck & Co.,United States,MRK
2018-03-05 05:00:00,51.7557258605957,52.20419692993164,51.60305404663086,51.90839767456055,39.95963287353516,13743577,Merck & Co.,United States,MRK
2018-03-06 05:00:00,51.9942741394043,52.20419692993164,51.35496139526367,51.8129768371582,39.88618087768555,9716951,Merck & Co.,United States,MRK
2018-03-07 05:00:00,51.37404632568359,52.08015441894531,51.28816986083984,51.97518920898438,40.01106643676758,12817564,Merck & Co.,United States,MRK
2018-03-08 05:00:00,52.02289962768555,52.30915832519531,51.8702278137207,52.25190734863281,40.22407531738281,7705001,Merck & Co.,United States,MRK
2018-03-09 05:00:00,52.50954055786133,52.66221237182617,52.19465637207031,52.61450576782227,40.50320816040039,9240006,Merck & Co.,United States,MRK
2018-03-12 04:00:00,53.17748260498047,53.55915832519531,52.70992279052734,52.82442855834961,40.66481399536133,11269039,Merck & Co.,United States,MRK
2018-03-13 04:00:00,53.1870231628418,53.19656372070312,52.48091506958008,52.83396911621094,40.67214965820312,12272080,Merck & Co.,United States,MRK
2018-03-14 04:00:00,52.73854827880859,52.89122009277344,51.82251739501953,52.29007720947266,40.60547637939453,11692222,Merck & Co.,United States,MRK
2018-03-15 04:00:00,52.43320465087891,53.17748260498047,52.37595367431641,52.71946716308594,40.93891143798828,10560277,Merck & Co.,United States,MRK
2018-03-16 04:00:00,52.66221237182617,53.29198455810547,52.5572509765625,53.1202278137207,41.2501106262207,22010620,Merck & Co.,United States,MRK
2018-03-19 04:00:00,53.11068725585938,53.1297721862793,51.7557258605957,52.12786483764648,40.47950744628906,12391762,Merck & Co.,United States,MRK
2018-03-20 04:00:00,52.24236679077148,52.42366409301758,51.8702278137207,52.13740539550781,40.48691940307617,8153440,Merck & Co.,United States,MRK
2018-03-21 04:00:00,52.25190734863281,52.74809265136719,51.92748260498047,52.18511581420898,40.52395629882812,10489746,Merck & Co.,United States,MRK
2018-03-22 04:00:00,51.7557258605957,52.46183013916016,51.55534362792969,51.64122009277344,40.10160827636719,13387990,Merck & Co.,United States,MRK
2018-03-23 04:00:00,51.83206176757812,52.20419692993164,50.89694595336914,50.96374130249023,39.57551193237305,12408634,Merck & Co.,United States,MRK
2018-03-26 04:00:00,51.57442855834961,51.67938995361328,50.54389190673828,51.56488418579102,40.04232406616211,10448770,Merck & Co.,United States,MRK
2018-03-27 04:00:00,51.51717758178711,52.06106948852539,51.02099227905273,51.28816986083984,39.82744598388672,16956535,Merck & Co.,United States,MRK
2018-03-28 04:00:00,51.57442855834961,52.80534362792969,51.54580307006836,52.56679534912109,40.82034683227539,13302788,Merck & Co.,United States,MRK
2018-03-29 04:00:00,52.82442855834961,52.87213516235352,51.97518920898438,51.97518920898438,40.3609504699707,10218524,Merck & Co.,United States,MRK
2018-04-02 04:00:00,51.90839767456055,52.14694595336914,50.53435134887695,50.83015441894531,39.47178649902344,14041104,Merck & Co.,United States,MRK
2018-04-03 04:00:00,50.89694595336914,51.66984558105469,50.41030502319336,51.61259460449219,40.07935333251953,9688341,Merck & Co.,United States,MRK
2018-04-04 04:00:00,51.02099227905273,52.18511581420898,50.95419692993164,52.04198455810547,40.41281509399414,9330030,Merck & Co.,United States,MRK
2018-04-05 04:00:00,52.53816986083984,52.84350967407227,51.94656372070312,52.03244400024414,40.40541839599609,13074638,Merck & Co.,United States,MRK
2018-04-06 04:00:00,51.79389190673828,52.08015441894531,50.47710037231445,50.91603088378906,39.53845977783203,13100838,Merck & Co.,United States,MRK
2018-04-09 04:00:00,52.48091506958008,54.79007720947266,52.06106948852539,53.58778762817383,41.61319351196289,24352376,Merck & Co.,United States,MRK
2018-04-10 04:00:00,54.08396911621094,54.18893051147461,53.47328186035156,53.90267181396484,41.85771179199219,13481891,Merck & Co.,United States,MRK
2018-04-11 04:00:00,53.49236679077148,53.95038223266602,53.33015441894531,53.62595367431641,41.6428337097168,9445834,Merck & Co.,United States,MRK
2018-04-12 04:00:00,54.00763320922852,54.57061004638672,53.56870269775391,54.14122009277344,42.04296112060547,12511967,Merck & Co.,United States,MRK
2018-04-13 04:00:00,54.46564865112305,54.70419692993164,54.04580307006836,54.5515251159668,42.36156845092773,10536278,Merck & Co.,United States,MRK
2018-04-16 04:00:00,55.12404632568359,56.53625869750977,54.5515251159668,55.96374130249023,43.45821762084961,23627998,Merck & Co.,United States,MRK
2018-04-17 04:00:00,57.09923553466797,57.21374130249023,56.25954055786133,56.55534362792969,43.91763305664062,16070451,Merck & Co.,United States,MRK
2018-04-18 04:00:00,56.68893051147461,56.88931274414062,55.90649032592773,56.22137451171875,43.65828704833984,11779730,Merck & Co.,United States,MRK
2018-04-19 04:00:00,56.22137451171875,56.60305404663086,55.7442741394043,55.95419692993164,43.45080947875977,11041204,Merck & Co.,United States,MRK
2018-04-20 04:00:00,56.16412353515625,56.55534362792969,55.97328186035156,56.13549423217773,43.59159851074219,10109951,Merck & Co.,United States,MRK
2018-04-23 04:00:00,57.29961776733398,57.84350967407227,56.70801544189453,57.49045944213867,44.64378356933594,20767587,Merck & Co.,United States,MRK
2018-04-24 04:00:00,57.64313125610352,58.20610809326172,57.03244400024414,57.33778762817383,44.52522659301758,13974975,Merck & Co.,United States,MRK
2018-04-25 04:00:00,57.15649032592773,57.17557144165039,56.23091506958008,56.89885330200195,44.18437957763672,14057034,Merck & Co.,United States,MRK
2018-04-26 04:00:00,57.08015441894531,57.33778762817383,56.40267181396484,56.68893051147461,44.0213623046875,14148105,Merck & Co.,United States,MRK
2018-04-27 04:00:00,56.62213516235352,56.91793823242188,56.59350967407227,56.74618148803711,44.06581497192383,8034073,Merck & Co.,United States,MRK
2018-04-30 04:00:00,56.91793823242188,57.23282241821289,56.17366409301758,56.17366409301758,43.62123870849609,13730267,Merck & Co.,United States,MRK
2018-05-01 04:00:00,56.29771041870117,56.52671813964844,54.27481079101562,55.32442855834961,42.96176528930664,13756782,Merck & Co.,United States,MRK
2018-05-02 04:00:00,55.03816986083984,55.34350967407227,54.40839767456055,54.67557144165039,42.45790481567383,10921837,Merck & Co.,United States,MRK
2018-05-03 04:00:00,54.52289962768555,55.15267181396484,53.78816986083984,54.89503860473633,42.62833404541016,11864932,Merck & Co.,United States,MRK
2018-05-04 04:00:00,54.50381851196289,55.25763320922852,54.22710037231445,55.10496139526367,42.79134368896484,9149983,Merck & Co.,United States,MRK
2018-05-07 04:00:00,55.12404632568359,55.43893051147461,54.46564865112305,54.75190734863281,42.51718139648438,10513955,Merck & Co.,United States,MRK
2018-05-08 04:00:00,54.74236679077148,54.79007720947266,53.68320465087891,54.16030502319336,42.05778503417969,10749546,Merck & Co.,United States,MRK
2018-05-09 04:00:00,54.36068725585938,55.73473358154297,54.22710037231445,55.29580307006836,42.93954086303711,8684042,Merck & Co.,United States,MRK
2018-05-10 04:00:00,55.46755599975586,56.04007720947266,55.27671813964844,55.40076446533203,43.02104949951172,8624097,Merck & Co.,United States,MRK
2018-05-11 04:00:00,55.49618148803711,57.22328186035156,55.46755599975586,56.95610809326172,44.22883224487305,13344498,Merck & Co.,United States,MRK
2018-05-14 04:00:00,57.03244400024414,57.32824325561523,56.70801544189453,56.94656372070312,44.221435546875,9942062,Merck & Co.,United States,MRK
2018-05-15 04:00:00,56.71755599975586,57.06106948852539,56.20228958129883,56.48854827880859,43.86574935913086,7148932,Merck & Co.,United States,MRK
2018-05-16 04:00:00,56.60305404663086,57.26145172119141,56.40267181396484,57.01335906982422,44.27330017089844,8941222,Merck & Co.,United States,MRK
2018-05-17 04:00:00,56.8129768371582,57.04198455810547,56.18320465087891,56.36450576782227,43.76942825317383,8222398,Merck & Co.,United States,MRK
2018-05-18 04:00:00,56.25954055786133,56.73664093017578,54.85686874389648,56.43129730224609,43.82130432128906,10151242,Merck & Co.,United States,MRK
2018-05-21 04:00:00,56.46946716308594,56.60305404663086,55.71564865112305,55.88740539550781,43.39894104003906,8882219,Merck & Co.,United States,MRK
2018-05-22 04:00:00,56.08778762817383,56.43129730224609,55.72518920898438,55.77289962768555,43.31002044677734,9357068,Merck & Co.,United States,MRK
2018-05-23 04:00:00,55.77289962768555,56.76526641845703,55.75381851196289,56.45992279052734,43.84352111816406,10375619,Merck & Co.,United States,MRK
2018-05-24 04:00:00,56.53625869750977,56.68893051147461,56.11641311645508,56.42175674438477,43.81389236450195,7261382,Merck & Co.,United States,MRK
2018-05-25 04:00:00,56.43129730224609,56.73664093017578,56.14503860473633,56.38358688354492,43.78425216674805,6985339,Merck & Co.,United States,MRK
2018-05-29 04:00:00,55.89694595336914,56.1927490234375,55.37213516235352,55.72518920898438,43.27298736572266,9228269,Merck & Co.,United States,MRK
2018-05-30 04:00:00,55.96374130249023,57.06106948852539,55.83969497680664,56.98473358154297,44.25106811523438,11572016,Merck & Co.,United States,MRK
2018-05-31 04:00:00,56.89885330200195,57.13740539550781,56.59350967407227,56.80343627929688,44.11027908325195,12786019,Merck & Co.,United States,MRK
2018-06-01 04:00:00,57.14694595336914,58.02481079101562,56.88931274414062,57.78625869750977,44.87348937988281,11556925,Merck & Co.,United States,MRK
2018-06-04 04:00:00,58.73091506958008,59.66603088378906,58.37786483764648,59.17938995361328,45.955322265625,20410534,Merck & Co.,United States,MRK
2018-06-05 04:00:00,59.16030502319336,59.47518920898438,58.26335906982422,58.57824325561523,45.48849487304688,13098218,Merck & Co.,United States,MRK
2018-06-06 04:00:00,58.6927490234375,59.10305404663086,58.41603088378906,59.09350967407227,45.88862991333008,7912190,Merck & Co.,United States,MRK
2018-06-07 04:00:00,59.16030502319336,59.1984748840332,58.6927490234375,59.15076446533203,45.93308639526367,7910933,Merck & Co.,United States,MRK
2018-06-08 04:00:00,59.16984558105469,59.78053283691406,59.13167953491211,59.71374130249023,46.37025833129883,10142754,Merck & Co.,United States,MRK
2018-06-11 04:00:00,59.89503860473633,59.98091506958008,59.23664093017578,59.47518920898438,46.18501281738281,7542666,Merck & Co.,United States,MRK
2018-06-12 04:00:00,59.51335906982422,59.74236679077148,59.16984558105469,59.58015441894531,46.26652145385742,8308230,Merck & Co.,United States,MRK
2018-06-13 04:00:00,59.70419692993164,60.07633590698242,59.4942741394043,59.72328186035156,46.37766647338867,9873732,Merck & Co.,United States,MRK
2018-06-14 04:00:00,59.22710037231445,59.52289962768555,58.41603088378906,58.74045944213867,45.96697616577148,12528211,Merck & Co.,United States,MRK
2018-06-15 04:00:00,58.76908493041992,59.2557258605957,58.41603088378906,59.18893051147461,46.31792831420898,17246517,Merck & Co.,United States,MRK
2018-06-18 04:00:00,58.54007720947266,58.54961776733398,57.81488418579102,58.19656372070312,45.54136657714844,9990270,Merck & Co.,United States,MRK
2018-06-19 04:00:00,57.87213516235352,58.50190734863281,57.85305404663086,58.23473358154297,45.57122039794922,10501589,Merck & Co.,United States,MRK
2018-06-20 04:00:00,58.26335906982422,58.66412353515625,58.0057258605957,58.47328186035156,45.75790405273438,12757094,Merck & Co.,United States,MRK
2018-06-21 04:00:00,58.46374130249023,58.46374130249023,58.02481079101562,58.37786483764648,45.6832389831543,9336527,Merck & Co.,United States,MRK
2018-06-22 04:00:00,58.47328186035156,59.08396911621094,58.41603088378906,58.65457916259766,45.8997802734375,12885998,Merck & Co.,United States,MRK
2018-06-25 04:00:00,58.59732818603516,58.79771041870117,57.86259460449219,58.28244400024414,45.60856246948242,11057238,Merck & Co.,United States,MRK
2018-06-26 04:00:00,58.04389190673828,58.22518920898438,57.83396911621094,57.93893051147461,45.33975601196289,12571913,Merck & Co.,United States,MRK
2018-06-27 04:00:00,57.91984558105469,58.28244400024414,57.06106948852539,57.13740539550781,44.71252059936523,10948770,Merck & Co.,United States,MRK
2018-06-28 04:00:00,57.35686874389648,57.96755599975586,57.24236679077148,57.53816986083984,45.02613830566406,10691591,Merck & Co.,United States,MRK
2018-06-29 04:00:00,57.75763320922852,58.65457916259766,57.58587646484375,57.91984558105469,45.32480621337891,14956951,Merck & Co.,United States,MRK
2018-07-02 04:00:00,57.77671813964844,57.78625869750977,57.17557144165039,57.69084167480469,45.14562225341797,9546337,Merck & Co.,United States,MRK
2018-07-03 04:00:00,57.95801544189453,58.49236679077148,57.77671813964844,57.92938995361328,45.33229446411133,5106590,Merck & Co.,United States,MRK
2018-07-05 04:00:00,58.58778762817383,59.12213516235352,58.29198455810547,58.81679534912109,46.02672576904297,9517098,Merck & Co.,United States,MRK
2018-07-06 04:00:00,58.96946716308594,59.64694595336914,58.95992279052734,59.35114669799805,46.44488525390625,8543191,Merck & Co.,United States,MRK
2018-07-09 04:00:00,59.59923553466797,59.81870269775391,59.16030502319336,59.17938995361328,46.31047439575195,8724600,Merck & Co.,United States,MRK
2018-07-10 04:00:00,59.53244400024414,59.76145172119141,59.26526641845703,59.44656372070312,46.51953506469727,11266524,Merck & Co.,United States,MRK
2018-07-11 04:00:00,59.29389190673828,59.35114669799805,58.76908493041992,59.06488418579102,46.22085571289062,6055344,Merck & Co.,United States,MRK
2018-07-12 04:00:00,59.58015441894531,59.96183013916016,59.29389190673828,59.79007720947266,46.78835678100586,8424453,Merck & Co.,United States,MRK
2018-07-13 04:00:00,59.41793823242188,60.15267181396484,59.39885330200195,60.00954055786133,46.96008682250977,7705106,Merck & Co.,United States,MRK
2018-07-16 04:00:00,60.04771041870117,60.06679534912109,59.47518920898438,59.72328186035156,46.73608016967773,4729938,Merck & Co.,United States,MRK
2018-07-17 04:00:00,59.66603088378906,59.93320465087891,59.59923553466797,59.66603088378906,46.69128036499023,5292086,Merck & Co.,United States,MRK
2018-07-18 04:00:00,59.73282241821289,60.09542083740234,59.51335906982422,60.0572509765625,46.99742126464844,6645578,Merck & Co.,United States,MRK
2018-07-19 04:00:00,59.86641311645508,60.0572509765625,59.39885330200195,59.64694595336914,46.67634582519531,7631641,Merck & Co.,United States,MRK
2018-07-20 04:00:00,59.21755599975586,59.67557144165039,59.16984558105469,59.65649032592773,46.68381500244141,7204686,Merck & Co.,United States,MRK
2018-07-23 04:00:00,59.70419692993164,59.90457916259766,59.64694595336914,59.81870269775391,46.81075286865234,7266413,Merck & Co.,United States,MRK
2018-07-24 04:00:00,60.01908493041992,60.53435134887695,59.9427490234375,60.51526641845703,47.35585021972656,9931058,Merck & Co.,United States,MRK
2018-07-25 04:00:00,60.52481079101562,61.61259460449219,60.45801544189453,61.53625869750977,48.15481567382812,11023598,Merck & Co.,United States,MRK
2018-07-26 04:00:00,61.65076446533203,62.21374130249023,61.05915832519531,61.07824325561523,47.7963981628418,11677235,Merck & Co.,United States,MRK
2018-07-27 04:00:00,59.58969497680664,61.08778762817383,59.52289962768555,60.58206176757812,47.40811920166016,8815357,Merck & Co.,United States,MRK
2018-07-30 04:00:00,60.86832046508789,61.92748260498047,60.6202278137207,61.84160232543945,48.39376449584961,10129130,Merck & Co.,United States,MRK
2018-07-31 04:00:00,61.92748260498047,63.09160232543945,61.90839767456055,62.85305404663086,49.18526840209961,16184683,Merck & Co.,United States,MRK
2018-08-01 04:00:00,62.70038223266602,63.11068725585938,62.45228958129883,62.49045944213867,48.90152740478516,7949604,Merck & Co.,United States,MRK
2018-08-02 04:00:00,62.30915832519531,62.43320465087891,61.89885330200195,62.23282241821289,48.69990539550781,7226379,Merck & Co.,United States,MRK
2018-08-03 04:00:00,62.21374130249023,62.99618148803711,61.9942741394043,62.91030502319336,49.23006820678711,7333066,Merck & Co.,United States,MRK
2018-08-06 04:00:00,63.0629768371582,63.43511581420898,62.68129730224609,63.1870231628418,49.44661331176758,8600202,Merck & Co.,United States,MRK
2018-08-07 04:00:00,63.0629768371582,63.92175674438477,63.0057258605957,63.53053283691406,49.71542739868164,8471298,Merck & Co.,United States,MRK
2018-08-08 04:00:00,63.46374130249023,63.92175674438477,63.1202278137207,63.63549423217773,49.79755783081055,6821746,Merck & Co.,United States,MRK
2018-08-09 04:00:00,63.8072509765625,63.8072509765625,62.78625869750977,62.97710037231445,49.28234100341797,7495086,Merck & Co.,United States,MRK
2018-08-10 04:00:00,62.88167953491211,63.45419692993164,62.67175674438477,63.04389190673828,49.33459854125977,7796806,Merck & Co.,United States,MRK
2018-08-13 04:00:00,63.10114669799805,63.82633590698242,63.04389190673828,63.66412353515625,49.81996917724609,9973606,Merck & Co.,United States,MRK
2018-08-14 04:00:00,63.55915832519531,63.88358688354492,63.22518920898438,63.41603088378906,49.62581634521484,6912608,Merck & Co.,United States,MRK
2018-08-15 04:00:00,63.67366409301758,64.47518920898438,63.42557144165039,64.28434753417969,50.30531692504883,11413873,Merck & Co.,United States,MRK
2018-08-16 04:00:00,64.50381469726562,65.8396987915039,64.28434753417969,65.69656372070312,51.41043853759766,19378358,Merck & Co.,United States,MRK
2018-08-17 04:00:00,65.62976837158203,66.0687026977539,65.55343627929688,65.8969497680664,51.5672492980957,8223761,Merck & Co.,United States,MRK
2018-08-20 04:00:00,65.8396987915039,67.00381469726562,65.77290344238281,66.95610809326172,52.39608764648438,10919426,Merck & Co.,United States,MRK
2018-08-21 04:00:00,66.99427795410156,67.03244018554688,65.92557525634766,66.00190734863281,51.64938354492188,10285701,Merck & Co.,United States,MRK
2018-08-22 04:00:00,66.0114517211914,66.22137451171875,65.69656372070312,65.87786102294922,51.55230712890625,6176178,Merck & Co.,United States,MRK
2018-08-23 04:00:00,65.71565246582031,66.02098846435547,65.59160614013672,65.81106567382812,51.50004959106445,5806654,Merck & Co.,United States,MRK
2018-08-24 04:00:00,65.8396987915039,66.0782470703125,65.62023162841797,65.87786102294922,51.55230712890625,5194098,Merck & Co.,United States,MRK
2018-08-27 04:00:00,66.16412353515625,66.25,65.39122009277344,65.83015441894531,51.51497268676758,5327822,Merck & Co.,United States,MRK
2018-08-28 04:00:00,65.69656372070312,65.71565246582031,65.24809265136719,65.48664093017578,51.24616241455078,6219251,Merck & Co.,United States,MRK
2018-08-29 04:00:00,65.24809265136719,65.74427795410156,65.14312744140625,65.65839385986328,51.38056945800781,5753206,Merck & Co.,United States,MRK
2018-08-30 04:00:00,65.51526641845703,65.78244018554688,65.21946716308594,65.40076446533203,51.178955078125,4972341,Merck & Co.,United States,MRK
2018-08-31 04:00:00,65.21946716308594,65.60114288330078,65.03816986083984,65.44847106933594,51.21628952026367,6018978,Merck & Co.,United States,MRK
2018-09-04 04:00:00,65.2385482788086,65.27671813964844,64.8187026977539,64.83778381347656,50.7384033203125,6045178,Merck & Co.,United States,MRK
2018-09-05 04:00:00,64.83778381347656,65.54389190673828,64.79962158203125,65.47709655761719,51.23868942260742,6664337,Merck & Co.,United States,MRK
2018-09-06 04:00:00,65.81106567382812,66.35496520996094,65.66793823242188,66.2022933959961,51.80619430541992,10099995,Merck & Co.,United States,MRK
2018-09-07 04:00:00,65.99236297607422,66.58396911621094,65.69656372070312,66.47901153564453,52.02274703979492,9971930,Merck & Co.,United States,MRK
2018-09-10 04:00:00,66.79389190673828,67.35687255859375,66.34542083740234,66.3740463256836,51.94061279296875,7616759,Merck & Co.,United States,MRK
2018-09-11 04:00:00,66.6030502319336,66.6030502319336,65.90648651123047,65.91603088378906,51.58218383789062,6094644,Merck & Co.,United States,MRK
2018-09-12 04:00:00,66.22137451171875,66.81298065185547,65.9542007446289,66.6603012084961,52.16459274291992,6382320,Merck & Co.,United States,MRK
2018-09-13 04:00:00,66.94656372070312,67.69084167480469,66.39312744140625,67.58587646484375,52.888916015625,10750594,Merck & Co.,United States,MRK
2018-09-14 04:00:00,67.5,67.5,66.46946716308594,66.77481079101562,52.61074447631836,7792928,Merck & Co.,United States,MRK
2018-09-17 04:00:00,66.65076446533203,67.23282623291016,66.45992279052734,67.19465637207031,52.94153594970703,7018770,Merck & Co.,United States,MRK
2018-09-18 04:00:00,67.18511199951172,67.65267181396484,66.69847106933594,67.19465637207031,52.94153594970703,7126819,Merck & Co.,United States,MRK
2018-09-19 04:00:00,66.93701934814453,67.33778381347656,66.45037841796875,66.77481079101562,52.61074447631836,8325522,Merck & Co.,United States,MRK
2018-09-20 04:00:00,67.12786102294922,67.58587646484375,66.84160614013672,67.53816986083984,53.21218109130859,6435454,Merck & Co.,United States,MRK
2018-09-21 04:00:00,67.66221618652344,68.30152893066406,67.66221618652344,67.84351348876953,53.45274353027344,17850689,Merck & Co.,United States,MRK
2018-09-24 04:00:00,67.6717529296875,68.03434753417969,67.39503479003906,67.53816986083984,53.21218109130859,6747862,Merck & Co.,United States,MRK
2018-09-25 04:00:00,67.60496520996094,68.11068725585938,67.29007720947266,67.41412353515625,53.11445236206055,6770499,Merck & Co.,United States,MRK
2018-09-26 04:00:00,67.6812973022461,67.89122009277344,66.96565246582031,67.10877990722656,52.87388229370117,7260963,Merck & Co.,United States,MRK
2018-09-27 04:00:00,67.10877990722656,67.91984558105469,66.87023162841797,67.48091888427734,53.16709136962891,6315458,Merck & Co.,United States,MRK
2018-09-28 04:00:00,67.48091888427734,67.93893432617188,67.41412353515625,67.69084167480469,53.33247375488281,7135622,Merck & Co.,United States,MRK
2018-10-01 04:00:00,67.81488800048828,68.59732818603516,67.3759536743164,68.25381469726562,53.77603149414062,7994668,Merck & Co.,United States,MRK
2018-10-02 04:00:00,68.67366027832031,68.864501953125,67.83396911621094,68.46373748779297,53.94142532348633,10894589,Merck & Co.,United States,MRK
2018-10-03 04:00:00,68.78816986083984,69.1030502319336,68.08206176757812,68.10114288330078,53.65574264526367,10037325,Merck & Co.,United States,MRK
2018-10-04 04:00:00,67.86259460449219,68.09160614013672,67.23282623291016,67.95801544189453,53.54296875,10837054,Merck & Co.,United States,MRK
2018-10-05 04:00:00,67.96755981445312,68.40648651123047,67.34732818603516,67.77671813964844,53.40012741088867,7790308,Merck & Co.,United States,MRK
2018-10-08 04:00:00,67.6812973022461,68.41603088378906,67.64312744140625,68.18701934814453,53.72341156005859,9279830,Merck & Co.,United States,MRK
2018-10-09 04:00:00,68.18701934814453,69.33206176757812,67.71946716308594,69.02671813964844,54.38497924804688,8249122,Merck & Co.,United States,MRK
2018-10-10 04:00:00,69.1603012084961,69.55152893066406,67.16603088378906,67.22328186035156,52.96407318115234,13259191,Merck & Co.,United States,MRK
2018-10-11 04:00:00,67.1469497680664,67.29962158203125,64.71373748779297,65.2385482788086,51.40036010742188,13491952,Merck & Co.,United States,MRK
2018-10-12 04:00:00,65.55343627929688,66.85114288330078,65.28626251220703,66.61259460449219,52.48293685913086,10648938,Merck & Co.,United States,MRK
2018-10-15 04:00:00,66.02098846435547,66.99427795410156,65.77290344238281,66.27862548828125,52.21981811523438,6896783,Merck & Co.,United States,MRK
2018-10-16 04:00:00,66.65076446533203,68.04389190673828,66.55534362792969,67.95801544189453,53.54296875,10719992,Merck & Co.,United States,MRK
2018-10-17 04:00:00,67.83396911621094,68.64503479003906,67.5572509765625,68.53053283691406,53.99406051635742,9793036,Merck & Co.,United States,MRK
2018-10-18 04:00:00,68.84542083740234,69.08396911621094,68.14885711669922,68.90267181396484,54.28725814819336,12812848,Merck & Co.,United States,MRK
2018-10-19 04:00:00,68.9885482788086,69.33206176757812,68.64503479003906,69.03626251220703,54.39249420166016,15210043,Merck & Co.,United States,MRK
2018-10-22 04:00:00,69.62786102294922,70.1240463256836,68.55915832519531,69.24618530273438,54.55789947509766,12486186,Merck & Co.,United States,MRK
2018-10-23 04:00:00,68.85496520996094,69.1030502319336,67.95801544189453,68.7977066040039,54.20454788208008,12116871,Merck & Co.,United States,MRK
2018-10-24 04:00:00,68.53053283691406,69.31298065185547,67.01335906982422,67.30915832519531,53.0317497253418,15348170,Merck & Co.,United States,MRK
2018-10-25 04:00:00,63.87404632568359,67.33778381347656,63.07251739501953,66.75572204589844,52.595703125,21553692,Merck & Co.,United States,MRK
2018-10-26 04:00:00,66.57442474365234,67.53816986083984,65.72518920898438,67.17557525634766,52.92650604248047,17764229,Merck & Co.,United States,MRK
2018-10-29 04:00:00,68.10114288330078,69.68511199951172,67.3187026977539,68.17748260498047,53.71588134765625,19743901,Merck & Co.,United States,MRK
2018-10-30 04:00:00,68.40648651123047,69.61832427978516,68.22518920898438,69.53244018554688,54.78343963623047,19845976,Merck & Co.,United States,MRK
2018-10-31 04:00:00,70.0477066040039,71.0782470703125,69.43701934814453,70.2385482788086,55.33978271484375,16624529,Merck & Co.,United States,MRK
2018-11-01 04:00:00,70.41984558105469,70.64885711669922,69.34160614013672,69.77098846435547,54.97138214111328,14507988,Merck & Co.,United States,MRK
2018-11-02 04:00:00,70.20037841796875,70.32442474365234,68.3396987915039,68.95992279052734,54.33236312866211,13517838,Merck & Co.,United States,MRK
2018-11-05 05:00:00,68.66412353515625,70.20037841796875,66.90839385986328,69.77098846435547,54.97138214111328,12922364,Merck & Co.,United States,MRK
2018-11-06 05:00:00,69.59923553466797,70.41984558105469,69.41793823242188,69.9522933959961,55.11423873901367,10737913,Merck & Co.,United States,MRK
2018-11-07 05:00:00,70.70610809326172,71.87976837158203,70.45801544189453,71.64122009277344,56.44491195678711,19566684,Merck & Co.,United States,MRK
2018-11-08 05:00:00,71.45992279052734,72.22328186035156,71.2022933959961,72.02290344238281,56.74562454223633,13634690,Merck & Co.,United States,MRK
2018-11-09 05:00:00,72.385498046875,72.5095443725586,71.3740463256836,71.4312973022461,56.27951431274414,15359802,Merck & Co.,United States,MRK
2018-11-12 05:00:00,71.68893432617188,71.82251739501953,70.63931274414062,71.26908111572266,56.15171051025391,14679022,Merck & Co.,United States,MRK
2018-11-13 05:00:00,71.77481079101562,71.82251739501953,70.62023162841797,71.1927490234375,56.09157943725586,16587430,Merck & Co.,United States,MRK
2018-11-14 05:00:00,71.51717376708984,71.52671813964844,70.30534362792969,70.69656372070312,55.70062255859375,9936193,Merck & Co.,United States,MRK
2018-11-15 05:00:00,70.13359069824219,71.44084167480469,69.78053283691406,71.41221618652344,56.26448440551758,12549171,Merck & Co.,United States,MRK
2018-11-16 05:00:00,71.3167953491211,72.75763702392578,71.135498046875,72.57633972167969,57.1816520690918,14384010,Merck & Co.,United States,MRK
2018-11-19 05:00:00,72.72901153564453,73.10114288330078,72.12786102294922,72.8530502319336,57.39967727661133,17210675,Merck & Co.,United States,MRK
2018-11-20 05:00:00,72.52862548828125,72.86259460449219,71.23091888427734,71.35496520996094,56.21936798095703,14240014,Merck & Co.,United States,MRK
2018-11-21 05:00:00,71.4885482788086,71.63167572021484,70.78244018554688,71.364501953125,56.22687911987305,9489116,Merck & Co.,United States,MRK
2018-11-23 05:00:00,70.73473358154297,71.85114288330078,70.62023162841797,71.25,56.13668441772461,3690846,Merck & Co.,United States,MRK
2018-11-26 05:00:00,71.55534362792969,72.28053283691406,71.364501953125,71.98473358154297,56.71556854248047,11407061,Merck & Co.,United States,MRK
2018-11-27 05:00:00,71.63167572021484,73.01526641845703,71.63167572021484,72.84351348876953,57.39218139648438,15325533,Merck & Co.,United States,MRK
2018-11-28 05:00:00,73.28244018554688,73.8167953491211,72.77671813964844,73.6927490234375,58.06128311157227,12625675,Merck & Co.,United States,MRK
2018-11-29 05:00:00,73.65457916259766,74.885498046875,73.5782470703125,74.34160614013672,58.57248687744141,11429174,Merck & Co.,United States,MRK
2018-11-30 05:00:00,74.27481079101562,75.84923553466797,74.1603012084961,75.70610809326172,59.64756774902344,22380669,Merck & Co.,United States,MRK
2018-12-03 05:00:00,75.87786102294922,75.93511199951172,74.69465637207031,75.59160614013672,59.55733489990234,13183106,Merck & Co.,United States,MRK
2018-12-04 05:00:00,75.66793823242188,76.51717376708984,74.52290344238281,74.62786102294922,58.79804229736328,15482942,Merck & Co.,United States,MRK
2018-12-06 05:00:00,73.43511199951172,74.78053283691406,72.34732818603516,74.78053283691406,58.91832733154297,17329518,Merck & Co.,United States,MRK
2018-12-07 05:00:00,74.63740539550781,74.71373748779297,72.614501953125,73.20610809326172,57.67786407470703,13228799,Merck & Co.,United States,MRK
2018-12-10 05:00:00,73.90267181396484,74.21755981445312,72.385498046875,73.8740463256836,58.20412063598633,16163618,Merck & Co.,United States,MRK
2018-12-11 05:00:00,74.35114288330078,74.72328186035156,73.03434753417969,73.5782470703125,57.97106552124023,13867660,Merck & Co.,United States,MRK
2018-12-12 05:00:00,74.20801544189453,75.15267181396484,74.1603012084961,74.43701934814453,58.64767074584961,11219678,Merck & Co.,United States,MRK
2018-12-13 05:00:00,74.66603088378906,75.45801544189453,74.42748260498047,75.39122009277344,59.39946746826172,11272498,Merck & Co.,United States,MRK
2018-12-14 05:00:00,74.26526641845703,74.45610809326172,72.7385482788086,72.97709655761719,57.90048980712891,13896375,Merck & Co.,United States,MRK
2018-12-17 05:00:00,72.4904556274414,73.36832427978516,71.4312973022461,71.78434753417969,56.95415115356445,15831822,Merck & Co.,United States,MRK
2018-12-18 05:00:00,72.13740539550781,72.30915832519531,70.19084167480469,70.92557525634766,56.27278518676758,16163828,Merck & Co.,United States,MRK
2018-12-19 05:00:00,71.2595443725586,71.80343627929688,69.72328186035156,70.39122009277344,55.84884643554688,19765594,Merck & Co.,United States,MRK
2018-12-20 05:00:00,70.08587646484375,70.73473358154297,69.31298065185547,70.1240463256836,55.6368522644043,20321454,Merck & Co.,United States,MRK
2018-12-21 05:00:00,69.60877990722656,71.04007720947266,68.91221618652344,69.56106567382812,55.19016647338867,37919994,Merck & Co.,United States,MRK
2018-12-24 05:00:00,69.20801544189453,69.56106567382812,67.64312744140625,67.89122009277344,53.86531066894531,11565833,Merck & Co.,United States,MRK
2018-12-26 05:00:00,67.71946716308594,70.63931274414062,67.71946716308594,70.61068725585938,56.02296447753906,14074011,Merck & Co.,United States,MRK
2018-12-27 05:00:00,69.92366027832031,71.92748260498047,69.42748260498047,71.92748260498047,57.06770324707031,13577154,Merck & Co.,United States,MRK
2018-12-28 05:00:00,72.40457916259766,73.07251739501953,71.40267181396484,71.91793823242188,57.06014633178711,13180696,Merck & Co.,United States,MRK
2018-12-31 05:00:00,72.34732818603516,73.18701934814453,72.19465637207031,72.9103012084961,57.84748077392578,9687502,Merck & Co.,United States,MRK
2019-01-02 05:00:00,71.84160614013672,72.5095443725586,71.1832046508789,72.12786102294922,57.22669219970703,15120125,Merck & Co.,United States,MRK
2019-01-03 05:00:00,72.09923553466797,72.4904556274414,70.46755981445312,70.64885711669922,56.0532341003418,13910628,Merck & Co.,United States,MRK
2019-01-04 05:00:00,71.3167953491211,72.99618530273438,71.22137451171875,72.77671813964844,57.74150848388672,14753115,Merck & Co.,United States,MRK
2019-01-07 05:00:00,72.66221618652344,72.96755981445312,71.95610809326172,71.97518920898438,57.10555648803711,15795142,Merck & Co.,United States,MRK
2019-01-08 05:00:00,72.39503479003906,72.71946716308594,71.84160614013672,72.5095443725586,57.52950668334961,11896686,Merck & Co.,United States,MRK
2019-01-09 05:00:00,72.41412353515625,72.81488800048828,71.87023162841797,71.95610809326172,57.09041213989258,11916284,Merck & Co.,United States,MRK
2019-01-10 05:00:00,72.21373748779297,72.21373748779297,70.10496520996094,71.0687026977539,56.38634872436523,19134070,Merck & Co.,United States,MRK
2019-01-11 05:00:00,71.27862548828125,71.50763702392578,70.75381469726562,71.46946716308594,56.70431137084961,9878029,Merck & Co.,United States,MRK
2019-01-14 05:00:00,70.88740539550781,71.03053283691406,69.75190734863281,70.0095443725586,55.54600524902344,15669486,Merck & Co.,United States,MRK
2019-01-15 05:00:00,69.75190734863281,71.45992279052734,69.75190734863281,71.08778381347656,56.4014778137207,13102096,Merck & Co.,United States,MRK
2019-01-16 05:00:00,71.3167953491211,72.29962158203125,71.05915832519531,71.1927490234375,56.48477554321289,15272504,Merck & Co.,United States,MRK
2019-01-17 05:00:00,70.90648651123047,72.29962158203125,70.90648651123047,72.13740539550781,57.23426818847656,16969321,Merck & Co.,United States,MRK
2019-01-18 05:00:00,72.65267181396484,72.83396911621094,72.01335906982422,72.39503479003906,57.43864822387695,14980741,Merck & Co.,United States,MRK
2019-01-22 05:00:00,72.10877990722656,72.70992279052734,71.90839385986328,72.35687255859375,57.40837860107422,10568766,Merck & Co.,United States,MRK
2019-01-23 05:00:00,72.0896987915039,72.24236297607422,71.3167953491211,71.98473358154297,57.11313629150391,14369233,Merck & Co.,United States,MRK
2019-01-24 05:00:00,71.71755981445312,71.71755981445312,69.06488800048828,69.8187026977539,55.39459228515625,21986621,Merck & Co.,United States,MRK
2019-01-25 05:00:00,70.43893432617188,70.45801544189453,68.8167953491211,69.60877990722656,55.2280387878418,14054099,Merck & Co.,United States,MRK
2019-01-28 05:00:00,69.17938995361328,69.72328186035156,68.75,69.58015441894531,55.205322265625,13376672,Merck & Co.,United States,MRK
2019-01-29 05:00:00,69.56106567382812,70.30534362792969,69.31298065185547,69.8759536743164,55.44000244140625,11966693,Merck & Co.,United States,MRK
2019-01-30 05:00:00,70.09542083740234,70.42938995361328,69.67557525634766,70.0095443725586,55.54600524902344,13941230,Merck & Co.,United States,MRK
2019-01-31 05:00:00,69.79962158203125,71.39312744140625,69.7614517211914,71.02098846435547,56.3485107421875,16797658,Merck & Co.,United States,MRK
2019-02-01 05:00:00,72.4904556274414,73.94084167480469,71.87976837158203,72.94847106933594,57.87775802612305,15941757,Merck & Co.,United States,MRK
2019-02-04 05:00:00,72.47137451171875,73.36832427978516,72.21373748779297,73.34923553466797,58.19573593139648,11824165,Merck & Co.,United States,MRK
2019-02-05 05:00:00,73.83587646484375,74.79007720947266,73.53053283691406,73.61640930175781,58.4077262878418,12955690,Merck & Co.,United States,MRK
2019-02-06 05:00:00,73.32061004638672,74.1603012084961,73.12023162841797,73.84542083740234,58.58942413330078,8375721,Merck & Co.,United States,MRK
2019-02-07 05:00:00,73.41603088378906,73.59732818603516,72.6240463256836,73.30152893066406,58.15788650512695,9661407,Merck & Co.,United States,MRK
2019-02-08 05:00:00,73.23473358154297,73.9885482788086,73.06298065185547,73.96946716308594,58.68782424926758,9266940,Merck & Co.,United States,MRK
2019-02-11 05:00:00,74.23664093017578,74.27481079101562,72.71946716308594,73.19656372070312,58.07460784912109,13803942,Merck & Co.,United States,MRK
2019-02-12 05:00:00,73.75,75.31488800048828,73.5782470703125,74.92366027832031,59.44489288330078,13676086,Merck & Co.,United States,MRK
2019-02-13 05:00:00,74.96183013916016,75.54389190673828,74.85687255859375,75.40076446533203,59.82342910766602,10980106,Merck & Co.,United States,MRK
2019-02-14 05:00:00,75.50572204589844,75.90648651123047,75.08587646484375,75.32442474365234,59.76285171508789,8577042,Merck & Co.,United States,MRK
2019-02-15 05:00:00,76.0114517211914,76.45992279052734,75.63931274414062,76.15457916259766,60.42151641845703,10886100,Merck & Co.,United States,MRK
2019-02-19 05:00:00,76.135498046875,76.45992279052734,75.45801544189453,75.61068725585938,59.98999786376953,9653547,Merck & Co.,United States,MRK
2019-02-20 05:00:00,75.38167572021484,75.8969497680664,75.20037841796875,75.79198455810547,60.13382339477539,8993517,Merck & Co.,United States,MRK
2019-02-21 05:00:00,75.55343627929688,76.364501953125,75.52481079101562,76.17366027832031,60.4366569519043,7740633,Merck & Co.,United States,MRK
2019-02-22 05:00:00,76.11640930175781,77.15648651123047,76.11640930175781,77.07061004638672,61.14831161499023,8337469,Merck & Co.,United States,MRK
2019-02-25 05:00:00,77.15648651123047,77.28053283691406,76.32633972167969,76.69847106933594,60.8530387878418,9741265,Merck & Co.,United States,MRK
2019-02-26 05:00:00,76.83206176757812,77.385498046875,76.33587646484375,77.04198455810547,61.12558364868164,8927912,Merck & Co.,United States,MRK
2019-02-27 05:00:00,76.85114288330078,77.5667953491211,76.74618530273438,76.92748260498047,61.03473663330078,7852978,Merck & Co.,United States,MRK
2019-02-28 05:00:00,76.84160614013672,78.01526641845703,76.84160614013672,77.5667953491211,61.54198837280273,11588365,Merck & Co.,United States,MRK
2019-03-01 05:00:00,78.01526641845703,78.17748260498047,77.4522933959961,77.9103012084961,61.81452178955078,10624205,Merck & Co.,United States,MRK
2019-03-04 05:00:00,78.27290344238281,78.35877990722656,76.84160614013672,77.64312744140625,61.60254287719727,8522755,Merck & Co.,United States,MRK
2019-03-05 05:00:00,77.74809265136719,78.27290344238281,77.5,77.95801544189453,61.85237503051758,8698190,Merck & Co.,United States,MRK
2019-03-06 05:00:00,77.86259460449219,78.01526641845703,76.62213897705078,77.06106567382812,61.14072799682617,8167169,Merck & Co.,United States,MRK
2019-03-07 05:00:00,77.3187026977539,77.39503479003906,76.3740463256836,76.76526641845703,60.90603256225586,10925505,Merck & Co.,United States,MRK
2019-03-08 05:00:00,76.53626251220703,76.90839385986328,75.42938995361328,76.14503479003906,60.41395568847656,11716326,Merck & Co.,United States,MRK
2019-03-11 04:00:00,76.67938995361328,77.3187026977539,76.40267181396484,77.16603088378906,61.22400665283203,9126613,Merck & Co.,United States,MRK
2019-03-12 04:00:00,77.4522933959961,77.82442474365234,77.08015441894531,77.5095443725586,61.49653625488281,9261281,Merck & Co.,United States,MRK
2019-03-13 04:00:00,77.87213897705078,78.25381469726562,77.47137451171875,77.86259460449219,61.77666473388672,8059749,Merck & Co.,United States,MRK
2019-03-14 04:00:00,77.58587646484375,78.01526641845703,77.22328186035156,77.75763702392578,62.11203765869141,8530406,Merck & Co.,United States,MRK
2019-03-15 04:00:00,77.76717376708984,78.15839385986328,77.09923553466797,77.83396911621094,62.17300033569336,17341046,Merck & Co.,United States,MRK
2019-03-18 04:00:00,77.5477066040039,78.08206176757812,77.21373748779297,77.6240463256836,62.00532913208008,14357914,Merck & Co.,United States,MRK
2019-03-19 04:00:00,77.80534362792969,78.24427795410156,77.25190734863281,78.15839385986328,62.43215942382812,10224393,Merck & Co.,United States,MRK
2019-03-20 04:00:00,78.10114288330078,78.9312973022461,77.65267181396484,78.32061004638672,62.56172561645508,11894590,Merck & Co.,United States,MRK
2019-03-21 04:00:00,78.3396987915039,79.36068725585938,78.10114288330078,79.15076446533203,63.224853515625,9473291,Merck & Co.,United States,MRK
2019-03-22 04:00:00,79.11259460449219,79.62786102294922,78.26335906982422,78.52098846435547,62.7217903137207,10639191,Merck & Co.,United States,MRK
2019-03-25 04:00:00,78.31106567382812,78.95992279052734,78.16793823242188,78.5782470703125,62.76752853393555,7878654,Merck & Co.,United States,MRK
2019-03-26 04:00:00,78.96946716308594,79.6469497680664,78.78816986083984,79.12213897705078,63.20199584960938,9242731,Merck & Co.,United States,MRK
2019-03-27 04:00:00,79.12213897705078,79.25572204589844,78.06298065185547,78.52098846435547,62.7217903137207,10020766,Merck & Co.,United States,MRK
2019-03-28 04:00:00,78.99809265136719,79.1030502319336,78.41603088378906,78.84542083740234,62.98095703125,7161298,Merck & Co.,United States,MRK
2019-03-29 04:00:00,79.19847106933594,79.48473358154297,78.9217529296875,79.36068725585938,63.39253234863281,10147994,Merck & Co.,United States,MRK
2019-04-01 04:00:00,79.89503479003906,80.0095443725586,79.14122009277344,79.48473358154297,63.49162673950195,8820282,Merck & Co.,United States,MRK
2019-04-02 04:00:00,79.63740539550781,79.885498046875,79.1030502319336,79.39885711669922,63.42303848266602,5875088,Merck & Co.,United States,MRK
2019-04-03 04:00:00,79.45610809326172,79.8282470703125,78.95992279052734,79.37023162841797,63.4001579284668,6550734,Merck & Co.,United States,MRK
2019-04-04 04:00:00,79.20801544189453,79.38931274414062,77.4904556274414,78.10114288330078,62.38641738891602,10257719,Merck & Co.,United States,MRK
2019-04-05 04:00:00,78.21565246582031,78.3969497680664,77.39503479003906,77.4332046508789,61.85288238525391,10324162,Merck & Co.,United States,MRK
2019-04-08 04:00:00,77.25190734863281,77.53816986083984,76.66984558105469,77.24236297607422,61.7004508972168,10586267,Merck & Co.,United States,MRK
2019-04-09 04:00:00,76.87976837158203,77.27098846435547,76.58396911621094,77.09923553466797,61.58611297607422,10785282,Merck & Co.,United States,MRK
2019-04-10 04:00:00,77.15648651123047,77.59542083740234,76.95610809326172,77.11832427978516,61.60135269165039,6894268,Merck & Co.,United States,MRK
2019-04-11 04:00:00,77.22328186035156,77.22328186035156,75.75381469726562,76.1832046508789,60.85438919067383,10410518,Merck & Co.,United States,MRK
2019-04-12 04:00:00,76.34542083740234,76.75572204589844,75.66793823242188,75.79198455810547,60.54189682006836,10164762,Merck & Co.,United States,MRK
2019-04-15 04:00:00,75.67748260498047,75.84923553466797,74.8759536743164,74.9332046508789,59.85591125488281,13822491,Merck & Co.,United States,MRK
2019-04-16 04:00:00,75.60114288330078,75.65839385986328,73.8740463256836,74.00763702392578,59.1165657043457,12531250,Merck & Co.,United States,MRK
2019-04-17 04:00:00,74.05534362792969,74.06488800048828,70.37213897705078,70.53434753417969,56.34214782714844,34181463,Merck & Co.,United States,MRK
2019-04-18 04:00:00,70.114501953125,70.65839385986328,68.9217529296875,69.83778381347656,55.78573608398438,32768445,Merck & Co.,United States,MRK
2019-04-22 04:00:00,69.80915832519531,70.42938995361328,69.40839385986328,70.09542083740234,55.99153518676758,14548441,Merck & Co.,United States,MRK
2019-04-23 04:00:00,70.32442474365234,71.80343627929688,70.03816986083984,71.1832046508789,56.86045455932617,19281523,Merck & Co.,United States,MRK
2019-04-24 04:00:00,71.3072509765625,71.66984558105469,70.59160614013672,71.3072509765625,56.95954132080078,12779102,Merck & Co.,United States,MRK
2019-04-25 04:00:00,71.16412353515625,73.30152893066406,71.04962158203125,72.84351348876953,58.18668746948242,13994154,Merck & Co.,United States,MRK
2019-04-26 04:00:00,73.12976837158203,73.46373748779297,72.60496520996094,73.12023162841797,58.40774154663086,8888193,Merck & Co.,United States,MRK
2019-04-29 04:00:00,73.08206176757812,73.64503479003906,72.97709655761719,73.26335906982422,58.52205276489258,7395317,Merck & Co.,United States,MRK
2019-04-30 04:00:00,74.00763702392578,75.28626251220703,72.51908111572266,75.10496520996094,59.99311447143555,11269039,Merck & Co.,United States,MRK
2019-05-01 04:00:00,75.08587646484375,76.0782470703125,74.83778381347656,75.114501953125,60.000732421875,15288643,Merck & Co.,United States,MRK
2019-05-02 04:00:00,75.0095443725586,76.17366027832031,75.0095443725586,75.87786102294922,60.6104850769043,11579142,Merck & Co.,United States,MRK
2019-05-03 04:00:00,75.8969497680664,76.46946716308594,75.62023162841797,76.33587646484375,60.97634506225586,7942582,Merck & Co.,United States,MRK
2019-05-06 04:00:00,74.9332046508789,76.135498046875,74.71373748779297,75.8396987915039,60.58001327514648,9906534,Merck & Co.,United States,MRK
2019-05-07 04:00:00,75.27671813964844,75.65839385986328,73.8740463256836,74.33206176757812,59.3757209777832,10523387,Merck & Co.,United States,MRK
2019-05-08 04:00:00,74.74236297607422,75.10496520996094,74.33206176757812,74.59923553466797,59.58913040161133,10567508,Merck & Co.,United States,MRK
2019-05-09 04:00:00,74.12213897705078,74.91412353515625,73.7022933959961,74.74236297607422,59.70347595214844,8105861,Merck & Co.,United States,MRK
2019-05-10 04:00:00,74.50381469726562,74.74236297607422,73.29198455810547,74.60877990722656,59.59677124023438,9027158,Merck & Co.,United States,MRK
2019-05-13 04:00:00,73.30152893066406,73.97901153564453,73.30152893066406,73.635498046875,58.81931304931641,9641705,Merck & Co.,United States,MRK
2019-05-14 04:00:00,74.06488800048828,74.50381469726562,73.8167953491211,73.8740463256836,59.00984954833984,8113826,Merck & Co.,United States,MRK
2019-05-15 04:00:00,73.34923553466797,74.31298065185547,73.28244018554688,73.99809265136719,59.10893630981445,7284543,Merck & Co.,United States,MRK
2019-05-16 04:00:00,74.20801544189453,76.23091888427734,74.16984558105469,75.50572204589844,60.313232421875,9910831,Merck & Co.,United States,MRK
2019-05-17 04:00:00,74.8187026977539,75.44847106933594,74.28434753417969,75.114501953125,60.000732421875,8259707,Merck & Co.,United States,MRK
2019-05-20 04:00:00,74.77098846435547,75.63931274414062,74.66603088378906,75.26717376708984,60.12268829345703,8281191,Merck & Co.,United States,MRK
2019-05-21 04:00:00,75.45801544189453,76.0782470703125,74.9332046508789,75.85877990722656,60.59524536132812,10873734,Merck & Co.,United States,MRK
2019-05-22 04:00:00,75.71565246582031,77.4332046508789,75.67748260498047,77.27098846435547,61.72331237792969,13491847,Merck & Co.,United States,MRK
2019-05-23 04:00:00,76.90839385986328,77.47137451171875,76.72709655761719,77.30915832519531,61.75379180908203,9831498,Merck & Co.,United States,MRK
2019-05-24 04:00:00,77.57633972167969,78.18701934814453,77.39503479003906,77.4522933959961,61.86813354492188,6071588,Merck & Co.,United States,MRK
2019-05-28 04:00:00,77.65267181396484,78.18701934814453,76.55534362792969,76.58396911621094,61.17451858520508,13779733,Merck & Co.,United States,MRK
2019-05-29 04:00:00,76.45037841796875,76.68893432617188,75.14312744140625,75.72518920898438,60.48854064941406,11278890,Merck & Co.,United States,MRK
2019-05-30 04:00:00,75.91603088378906,76.16412353515625,75.56298065185547,76.03053283691406,60.73243713378906,7483768,Merck & Co.,United States,MRK
2019-05-31 04:00:00,75.69656372070312,76.2595443725586,75.19084167480469,75.58206176757812,60.37420272827148,7142749,Merck & Co.,United States,MRK
2019-06-03 04:00:00,76.00190734863281,77.21373748779297,75.87786102294922,76.58396911621094,61.17451858520508,9218103,Merck & Co.,United States,MRK
2019-06-04 04:00:00,77.05152893066406,77.60496520996094,76.44084167480469,77.36640930175781,61.79953384399414,9368806,Merck & Co.,United States,MRK
2019-06-05 04:00:00,77.65267181396484,78.50190734863281,77.36640930175781,77.94847106933594,62.26445770263672,9821961,Merck & Co.,United States,MRK
2019-06-06 04:00:00,78.3969497680664,78.66412353515625,77.70037841796875,77.70992279052734,62.07392883300781,11393961,Merck & Co.,United States,MRK
2019-06-07 04:00:00,78.07251739501953,79.08396911621094,78.07251739501953,78.6832046508789,62.85137939453125,8797436,Merck & Co.,United States,MRK
2019-06-10 04:00:00,78.89312744140625,78.89312744140625,77.9103012084961,78.7022933959961,62.86661911010742,7536273,Merck & Co.,United States,MRK
2019-06-11 04:00:00,79.09351348876953,79.5896987915039,78.67366027832031,79.17938995361328,63.24771881103516,7789679,Merck & Co.,United States,MRK
2019-06-12 04:00:00,79.33206176757812,80.4103012084961,79.33206176757812,79.8759536743164,63.80411911010742,11057762,Merck & Co.,United States,MRK
2019-06-13 04:00:00,80.20992279052734,80.32442474365234,78.75,79.1030502319336,63.18674850463867,10194001,Merck & Co.,United States,MRK
2019-06-14 04:00:00,78.9217529296875,79.55152893066406,78.6832046508789,78.9885482788086,63.51667404174805,7989952,Merck & Co.,United States,MRK
2019-06-17 04:00:00,78.91221618652344,79.51335906982422,78.75,79.48473358154297,63.91567993164062,6427279,Merck & Co.,United States,MRK
2019-06-18 04:00:00,79.41793823242188,80.79198455810547,79.41793823242188,80.62023162841797,64.82875061035156,11425086,Merck & Co.,United States,MRK
2019-06-19 04:00:00,80.39122009277344,81.64122009277344,80.3530502319336,81.45037841796875,65.4963150024414,9825419,Merck & Co.,United States,MRK
2019-06-20 04:00:00,82.04198455810547,82.53816986083984,80.45801544189453,80.72518920898438,64.91316223144531,12490483,Merck & Co.,United States,MRK
2019-06-21 04:00:00,80.57251739501953,80.88740539550781,79.80915832519531,80.69656372070312,64.89013671875,15034294,Merck & Co.,United States,MRK
2019-06-24 04:00:00,81.0782470703125,82.0896987915039,80.85877990722656,81.59351348876953,65.61138916015625,7891440,Merck & Co.,United States,MRK
2019-06-25 04:00:00,81.63167572021484,82.30915832519531,80.92557525634766,81.33587646484375,65.40422058105469,9348894,Merck & Co.,United States,MRK
2019-06-26 04:00:00,81.27862548828125,81.2977066040039,79.28434753417969,79.71373748779297,64.09984588623047,12604401,Merck & Co.,United States,MRK
2019-06-27 04:00:00,79.83778381347656,80.81106567382812,79.58015441894531,79.9904556274414,64.32234954833984,11721670,Merck & Co.,United States,MRK
2019-06-28 04:00:00,80.1240463256836,80.59160614013672,79.17938995361328,80.0095443725586,64.33767700195312,46684837,Merck & Co.,United States,MRK
2019-07-01 04:00:00,80.46755981445312,81.04007720947266,80.0477066040039,80.86832427978516,65.02825927734375,10260863,Merck & Co.,United States,MRK
2019-07-02 04:00:00,80.59160614013672,81.59351348876953,80.24809265136719,81.59351348876953,65.61138916015625,10381593,Merck & Co.,United States,MRK
2019-07-03 04:00:00,82.11832427978516,83.08206176757812,82.05152893066406,82.91984558105469,66.67794036865234,6533232,Merck & Co.,United States,MRK
2019-07-05 04:00:00,82.70992279052734,82.82442474365234,81.57442474365234,81.67938995361328,65.68045043945312,8767358,Merck & Co.,United States,MRK
2019-07-08 04:00:00,81.11640930175781,81.58396911621094,79.67557525634766,80.19084167480469,64.48348236083984,13693273,Merck & Co.,United States,MRK
2019-07-09 04:00:00,80.38167572021484,81.3072509765625,80.2385482788086,80.97328186035156,65.11264038085938,8490791,Merck & Co.,United States,MRK
2019-07-10 04:00:00,80.91603088378906,81.21183013916016,80.48664093017578,80.93511199951172,65.08195495605469,5996132,Merck & Co.,United States,MRK
2019-07-11 04:00:00,79.67557525634766,79.83778381347656,76.1259536743164,77.29007720947266,62.15088272094727,22146126,Merck & Co.,United States,MRK
2019-07-12 04:00:00,77.1469497680664,77.19465637207031,75.02862548828125,76.0782470703125,61.17644882202148,18910636,Merck & Co.,United States,MRK
2019-07-15 04:00:00,76.90839385986328,77.5477066040039,76.45037841796875,77.25190734863281,62.12020111083984,10922570,Merck & Co.,United States,MRK
2019-07-16 04:00:00,77.59542083740234,78.03434753417969,77.18511199951172,77.8530502319336,62.60358047485352,8448662,Merck & Co.,United States,MRK
2019-07-17 04:00:00,78.20610809326172,78.5687026977539,77.84351348876953,78.16793823242188,62.85679244995117,9848999,Merck & Co.,United States,MRK
2019-07-18 04:00:00,78.635498046875,79.1603012084961,77.86259460449219,78.90267181396484,63.44761657714844,8472661,Merck & Co.,United States,MRK
2019-07-19 04:00:00,78.91221618652344,79.02671813964844,77.4332046508789,77.66221618652344,62.45012664794922,12053782,Merck & Co.,United States,MRK
2019-07-22 04:00:00,77.93893432617188,78.07251739501953,77.33778381347656,77.4904556274414,62.3120231628418,7261697,Merck & Co.,United States,MRK
2019-07-23 04:00:00,77.74809265136719,78.65457916259766,77.18511199951172,78.27290344238281,62.94120407104492,7420469,Merck & Co.,United States,MRK
2019-07-24 04:00:00,78.24427795410156,78.54007720947266,77.40457916259766,78.00572204589844,62.72636032104492,7720197,Merck & Co.,United States,MRK
2019-07-25 04:00:00,77.71946716308594,79.25572204589844,77.33778381347656,78.00572204589844,62.72636032104492,9670106,Merck & Co.,United States,MRK
2019-07-26 04:00:00,77.84351348876953,77.89122009277344,77.2042007446289,77.70037841796875,62.48081588745117,7638977,Merck & Co.,United States,MRK
2019-07-29 04:00:00,78.3396987915039,79.00763702392578,77.87213897705078,78.71183013916016,63.29414749145508,11123682,Merck & Co.,United States,MRK
2019-07-30 04:00:00,80.14312744140625,81.26908111572266,79.02671813964844,79.45610809326172,63.89265441894531,14286965,Merck & Co.,United States,MRK
2019-07-31 04:00:00,79.1030502319336,80.77290344238281,79.0457992553711,79.18893432617188,63.67783355712891,12443428,Merck & Co.,United States,MRK
2019-08-01 04:00:00,79.25572204589844,80.62976837158203,78.85496520996094,79.85687255859375,64.21493530273438,10550006,Merck & Co.,United States,MRK
2019-08-02 04:00:00,80.03816986083984,80.88740539550781,79.72328186035156,80.60114288330078,64.81340789794922,10913767,Merck & Co.,United States,MRK
2019-08-05 04:00:00,80.0095443725586,80.47709655761719,78.3969497680664,79.31298065185547,63.77755355834961,11885578,Merck & Co.,United States,MRK
2019-08-06 04:00:00,79.31298065185547,80.61068725585938,79.29389190673828,80.48664093017578,64.7213363647461,11025274,Merck & Co.,United States,MRK
2019-08-07 04:00:00,80.3530502319336,80.81106567382812,79.00763702392578,80.39122009277344,64.64459991455078,11509660,Merck & Co.,United States,MRK
2019-08-08 04:00:00,80.86832427978516,81.15457916259766,80.45801544189453,80.84923553466797,65.01290130615234,8699762,Merck & Co.,United States,MRK
2019-08-09 04:00:00,81.2022933959961,82.16603088378906,80.83015441894531,81.6030502319336,65.61905670166016,8968260,Merck & Co.,United States,MRK
2019-08-12 04:00:00,81.32633972167969,81.99427795410156,80.64885711669922,81.1259536743164,65.23540496826172,8761909,Merck & Co.,United States,MRK
2019-08-13 04:00:00,81.5457992553711,82.81488800048828,81.5457992553711,82.13740539550781,66.04875946044922,8413658,Merck & Co.,United States,MRK
2019-08-14 04:00:00,81.45992279052734,81.90839385986328,79.53244018554688,79.58015441894531,63.99239730834961,11411148,Merck & Co.,United States,MRK
2019-08-15 04:00:00,79.69465637207031,80.0095443725586,79.09351348876953,79.63740539550781,64.0384521484375,9543612,Merck & Co.,United States,MRK
2019-08-16 04:00:00,80.58206176757812,81.45037841796875,80.2957992553711,81.16412353515625,65.26612091064453,9156271,Merck & Co.,United States,MRK
2019-08-19 04:00:00,81.66984558105469,82.5667953491211,81.53626251220703,82.24236297607422,66.13314056396484,7655221,Merck & Co.,United States,MRK
2019-08-20 04:00:00,82.07061004638672,82.75763702392578,81.6603012084961,81.72709655761719,65.71882629394531,6176598,Merck & Co.,United States,MRK
2019-08-21 04:00:00,82.33778381347656,83.25381469726562,82.18511199951172,82.92938995361328,66.68560028076172,6486072,Merck & Co.,United States,MRK
2019-08-22 04:00:00,82.77671813964844,83.20610809326172,82.29962158203125,82.74809265136719,66.53982543945312,6588776,Merck & Co.,United States,MRK
2019-08-23 04:00:00,82.27098846435547,82.95801544189453,80.61068725585938,81.04962158203125,65.17404174804688,10608694,Merck & Co.,United States,MRK
2019-08-26 04:00:00,81.46946716308594,81.96565246582031,81.1832046508789,81.94656372070312,65.89530181884766,6041825,Merck & Co.,United States,MRK
2019-08-27 04:00:00,82.46183013916016,82.93893432617188,81.53626251220703,81.6030502319336,65.61905670166016,6527049,Merck & Co.,United States,MRK
2019-08-28 04:00:00,81.35496520996094,82.60496520996094,81.14503479003906,82.51908111572266,66.35568237304688,6159934,Merck & Co.,United States,MRK
2019-08-29 04:00:00,83.08206176757812,83.34923553466797,82.23282623291016,82.74809265136719,66.53982543945312,6321012,Merck & Co.,United States,MRK
2019-08-30 04:00:00,83.12976837158203,83.22518920898438,82.22328186035156,82.5095443725586,66.34800720214844,6795127,Merck & Co.,United States,MRK
2019-09-03 04:00:00,82.29007720947266,83.02481079101562,82.09923553466797,82.6812973022461,66.48611450195312,6695882,Merck & Co.,United States,MRK
2019-09-04 04:00:00,83.14885711669922,83.17748260498047,81.50763702392578,82.10877990722656,66.02574157714844,7868070,Merck & Co.,United States,MRK
2019-09-05 04:00:00,82.6717529296875,82.69084167480469,81.58396911621094,82.15648651123047,66.06410217285156,7524954,Merck & Co.,United States,MRK
2019-09-06 04:00:00,82.57633972167969,82.94847106933594,82.35687255859375,82.60496520996094,66.42472076416016,7047695,Merck & Co.,United States,MRK
2019-09-09 04:00:00,82.53816986083984,82.5572509765625,79.12213897705078,79.6469497680664,64.04610443115234,12040786,Merck & Co.,United States,MRK
2019-09-10 04:00:00,78.61640930175781,78.61640930175781,75.2385482788086,77.94847106933594,62.68032455444336,18087432,Merck & Co.,United States,MRK
2019-09-11 04:00:00,78.11068725585938,79.30343627929688,77.88167572021484,79.12213897705078,63.62411117553711,10602197,Merck & Co.,United States,MRK
2019-09-12 04:00:00,79.65648651123047,80.22901153564453,78.99809265136719,79.49427795410156,63.92335891723633,8416698,Merck & Co.,United States,MRK
2019-09-13 04:00:00,79.16984558105469,79.74236297607422,78.35877990722656,78.82633972167969,63.80747985839844,7521496,Merck & Co.,United States,MRK
2019-09-16 04:00:00,78.67366027832031,78.67366027832031,77.94847106933594,78.27290344238281,63.35948181152344,6191270,Merck & Co.,United States,MRK
2019-09-17 04:00:00,78.36832427978516,79.67557525634766,78.36832427978516,78.73091888427734,63.73023986816406,7375405,Merck & Co.,United States,MRK
2019-09-18 04:00:00,78.88359069824219,79.46565246582031,78.60687255859375,79.21755981445312,64.1241455078125,6943734,Merck & Co.,United States,MRK
2019-09-19 04:00:00,79.21755981445312,80.43893432617188,79.08396911621094,80.1240463256836,64.85794830322266,6922774,Merck & Co.,United States,MRK
2019-09-20 04:00:00,80.85877990722656,81.93701934814453,80.45801544189453,81.2595443725586,65.777099609375,23631247,Merck & Co.,United States,MRK
2019-09-23 04:00:00,81.02098846435547,81.3167953491211,80.47709655761719,80.49618530273438,65.1591796875,8909572,Merck & Co.,United States,MRK
2019-09-24 04:00:00,80.67748260498047,80.99236297607422,79.57061004638672,79.77098846435547,64.57215118408203,9377085,Merck & Co.,United States,MRK
2019-09-25 04:00:00,79.6469497680664,80.1812973022461,79.15076446533203,79.29389190673828,64.18595123291016,7290936,Merck & Co.,United States,MRK
2019-09-26 04:00:00,79.79007720947266,80.2385482788086,79.23664093017578,80.03816986083984,64.78843688964844,8104918,Merck & Co.,United States,MRK
2019-09-27 04:00:00,80.03816986083984,80.14312744140625,78.7977066040039,79.11259460449219,64.0392074584961,7827093,Merck & Co.,United States,MRK
2019-09-30 04:00:00,79.39885711669922,81.2022933959961,79.39885711669922,80.32442474365234,65.02013397216797,9806974,Merck & Co.,United States,MRK
2019-10-01 04:00:00,80.32442474365234,80.72518920898438,79.71373748779297,79.78053283691406,64.57987213134766,7050001,Merck & Co.,United States,MRK
2019-10-02 04:00:00,79.26526641845703,79.39885711669922,76.85114288330078,77.88167572021484,63.04280853271484,8762433,Merck & Co.,United States,MRK
2019-10-03 04:00:00,78.17748260498047,79.08396911621094,77.89122009277344,78.95037841796875,63.90789031982422,5790095,Merck & Co.,United States,MRK
2019-10-04 04:00:00,79.59923553466797,81.22137451171875,79.35114288330078,81.10687255859375,65.65351104736328,7504518,Merck & Co.,United States,MRK
2019-10-07 04:00:00,81.135498046875,81.21183013916016,80.10496520996094,80.52481079101562,65.18233489990234,5086154,Merck & Co.,United States,MRK
2019-10-08 04:00:00,79.9522933959961,80.54389190673828,79.27481079101562,79.47518920898438,64.33272552490234,6416694,Merck & Co.,United States,MRK
2019-10-09 04:00:00,80.31488800048828,80.62023162841797,79.7042007446289,80.32442474365234,65.02013397216797,4660875,Merck & Co.,United States,MRK
2019-10-10 04:00:00,80.28626251220703,80.96373748779297,79.7614517211914,79.92366027832031,64.69573974609375,8580290,Merck & Co.,United States,MRK
2019-10-11 04:00:00,80.43893432617188,81.52671813964844,80.40076446533203,80.47709655761719,65.14372253417969,6229626,Merck & Co.,United States,MRK
2019-10-14 04:00:00,80.50572204589844,81.21183013916016,80.42938995361328,80.81106567382812,65.41405487060547,5513214,Merck & Co.,United States,MRK
2019-10-15 04:00:00,81.0114517211914,81.2022933959961,80.71565246582031,81.14503479003906,65.68439483642578,5205102,Merck & Co.,United States,MRK
2019-10-16 04:00:00,81.16412353515625,81.1927490234375,80.55343627929688,80.58206176757812,65.22868347167969,5686134,Merck & Co.,United States,MRK
2019-10-17 04:00:00,80.55343627929688,80.77290344238281,79.90457916259766,79.96183013916016,64.72663879394531,7178486,Merck & Co.,United States,MRK
2019-10-18 04:00:00,79.8759536743164,81.02098846435547,79.8282470703125,80.80152893066406,65.40632629394531,7883056,Merck & Co.,United States,MRK
2019-10-21 04:00:00,81.0782470703125,81.16412353515625,80.22901153564453,80.64885711669922,65.28275299072266,5352136,Merck & Co.,United States,MRK
2019-10-22 04:00:00,78.24427795410156,78.89312744140625,76.57442474365234,77.57633972167969,62.795654296875,18629038,Merck & Co.,United States,MRK
2019-10-23 04:00:00,77.5667953491211,79.07442474365234,77.4427490234375,79.07442474365234,64.00830841064453,8511961,Merck & Co.,United States,MRK
2019-10-24 04:00:00,79.30343627929688,79.80915832519531,78.28244018554688,78.7977066040039,63.78432464599609,5232769,Merck & Co.,United States,MRK
2019-10-25 04:00:00,78.50190734863281,79.05534362792969,78.27290344238281,78.49236297607422,63.53714370727539,7868384,Merck & Co.,United States,MRK
2019-10-28 04:00:00,78.94084167480469,79.6469497680664,76.6603012084961,78.43511199951172,63.49078750610352,15557665,Merck & Co.,United States,MRK
2019-10-29 04:00:00,80.20037841796875,81.84160614013672,78.91221618652344,81.2022933959961,65.73075103759766,17371019,Merck & Co.,United States,MRK
2019-10-30 04:00:00,81.10687255859375,82.52862548828125,80.45801544189453,82.27098846435547,66.59584045410156,10026845,Merck & Co.,United States,MRK
2019-10-31 04:00:00,82.15648651123047,83.00572204589844,81.59351348876953,82.69084167480469,66.93569946289062,12419429,Merck & Co.,United States,MRK
2019-11-01 04:00:00,83.08206176757812,83.24427795410156,80.90648651123047,81.04962158203125,65.60716247558594,9281298,Merck & Co.,United States,MRK
2019-11-04 05:00:00,81.66984558105469,81.77481079101562,80.03816986083984,80.0572509765625,64.80387878417969,8947195,Merck & Co.,United States,MRK
2019-11-05 05:00:00,79.83778381347656,79.91412353515625,78.94084167480469,79.12213897705078,64.04693603515625,9937974,Merck & Co.,United States,MRK
2019-11-06 05:00:00,79.73282623291016,80.114501953125,79.32251739501953,79.43701934814453,64.30182647705078,9735606,Merck & Co.,United States,MRK
2019-11-07 05:00:00,79.41793823242188,80.14312744140625,78.88359069824219,79.08396911621094,64.01604461669922,9251325,Merck & Co.,United States,MRK
2019-11-08 05:00:00,79.11259460449219,79.8759536743164,78.9217529296875,79.7614517211914,64.5644302368164,6653123,Merck & Co.,United States,MRK
2019-11-11 05:00:00,79.35114288330078,79.80915832519531,79.1603012084961,79.46565246582031,64.32498168945312,3725221,Merck & Co.,United States,MRK
2019-11-12 05:00:00,79.75190734863281,80.93511199951172,79.75190734863281,80.26717376708984,64.97380065917969,8616656,Merck & Co.,United States,MRK
2019-11-13 05:00:00,80.67748260498047,81.21183013916016,80.25763702392578,80.93511199951172,65.51448822021484,6516883,Merck & Co.,United States,MRK
2019-11-14 05:00:00,81.03053283691406,81.27862548828125,79.86640930175781,80.67748260498047,65.30593872070312,7911247,Merck & Co.,United States,MRK
2019-11-15 05:00:00,80.81106567382812,81.67938995361328,80.76335906982422,81.0114517211914,65.5762710571289,9675870,Merck & Co.,United States,MRK
2019-11-18 05:00:00,80.78244018554688,80.93511199951172,80.0095443725586,80.27671813964844,64.98152160644531,10701757,Merck & Co.,United States,MRK
2019-11-19 05:00:00,80.53434753417969,81.05915832519531,80.1240463256836,80.77290344238281,65.38319396972656,9691380,Merck & Co.,United States,MRK
2019-11-20 05:00:00,80.65839385986328,81.56488800048828,80.58206176757812,81.364501953125,65.862060546875,8160147,Merck & Co.,United States,MRK
2019-11-21 05:00:00,81.77481079101562,81.84160614013672,80.4103012084961,81.5457992553711,66.0088119506836,7195568,Merck & Co.,United States,MRK
2019-11-22 05:00:00,81.72709655761719,82.40457916259766,81.41221618652344,81.53626251220703,66.0010757446289,7800159,Merck & Co.,United States,MRK
2019-11-25 05:00:00,82.09923553466797,82.6240463256836,81.4312973022461,81.77481079101562,66.1941909790039,9021289,Merck & Co.,United States,MRK
2019-11-26 05:00:00,82.06106567382812,83.43511199951172,81.97518920898438,83.3396987915039,67.4609146118164,19233420,Merck & Co.,United States,MRK
2019-11-27 05:00:00,83.3969497680664,83.84542083740234,83.00572204589844,83.59732818603516,67.66947174072266,6037318,Merck & Co.,United States,MRK
2019-11-29 05:00:00,83.17748260498047,83.75,83.04389190673828,83.18701934814453,67.33731079101562,4880222,Merck & Co.,United States,MRK
2019-12-02 05:00:00,83.53053283691406,83.95992279052734,82.58587646484375,83.05343627929688,67.22918701171875,5597997,Merck & Co.,United States,MRK
2019-12-03 05:00:00,82.70992279052734,83.46373748779297,82.53816986083984,83.37786102294922,67.49178314208984,7466162,Merck & Co.,United States,MRK
2019-12-04 05:00:00,83.52098846435547,84.66603088378906,83.18701934814453,84.60877990722656,68.4881820678711,7293766,Merck & Co.,United States,MRK
2019-12-05 05:00:00,84.66603088378906,84.72328186035156,83.94084167480469,84.68511199951172,68.54997253417969,8267462,Merck & Co.,United States,MRK
2019-12-06 05:00:00,84.92366027832031,85.15267181396484,84.68511199951172,84.78053283691406,68.62721252441406,7245872,Merck & Co.,United States,MRK
2019-12-09 05:00:00,84.8282470703125,84.92366027832031,84.1603012084961,84.65648651123047,68.52681732177734,8054823,Merck & Co.,United States,MRK
2019-12-10 05:00:00,84.54198455810547,85.42938995361328,84.45610809326172,85.01908111572266,68.82034301757812,8663711,Merck & Co.,United States,MRK
2019-12-11 05:00:00,85.0572509765625,85.39122009277344,84.78053283691406,84.90457916259766,68.72763061523438,6821746,Merck & Co.,United States,MRK
2019-12-12 05:00:00,84.96183013916016,85.8396987915039,84.83778381347656,85.46755981445312,69.18335723876953,6863876,Merck & Co.,United States,MRK
2019-12-13 05:00:00,85.114501953125,85.48664093017578,84.38931274414062,85.10496520996094,69.36222076416016,7571800,Merck & Co.,United States,MRK
2019-12-16 05:00:00,85.54389190673828,85.87786102294922,85.09542083740234,85.20037841796875,69.43998718261719,10355183,Merck & Co.,United States,MRK
2019-12-17 05:00:00,85.2385482788086,85.3530502319336,84.46565246582031,84.9427490234375,69.23001098632812,11690545,Merck & Co.,United States,MRK
2019-12-18 05:00:00,85.25763702392578,85.87786102294922,85.0477066040039,85.51526641845703,69.69662475585938,11578199,Merck & Co.,United States,MRK
2019-12-19 05:00:00,85.77290344238281,85.96373748779297,85.39122009277344,85.86832427978516,69.98436737060547,7602716,Merck & Co.,United States,MRK
2019-12-20 05:00:00,87.27098846435547,88.3969497680664,86.67938995361328,87.385498046875,71.22090148925781,17849641,Merck & Co.,United States,MRK
2019-12-23 05:00:00,87.6240463256836,87.80534362792969,87.25190734863281,87.53816986083984,71.3453140258789,7895946,Merck & Co.,United States,MRK
2019-12-24 05:00:00,87.4427490234375,87.52862548828125,86.89885711669922,87.25190734863281,71.11200714111328,2343223,Merck & Co.,United States,MRK
2019-12-26 05:00:00,87.40457916259766,87.51908111572266,86.89885711669922,87.15648651123047,71.03426361083984,3062675,Merck & Co.,United States,MRK
2019-12-27 05:00:00,87.48091888427734,87.5,87.0896987915039,87.30915832519531,71.15868377685547,3758966,Merck & Co.,United States,MRK
2019-12-30 05:00:00,87.33778381347656,87.4904556274414,86.57442474365234,86.86068725585938,70.79316711425781,3932934,Merck & Co.,United States,MRK
2019-12-31 05:00:00,86.75572204589844,86.82251739501953,86.2977066040039,86.78434753417969,70.73096466064453,4710760,Merck & Co.,United States,MRK
2020-01-02 05:00:00,86.90839385986328,87.91984558105469,86.23091888427734,87.82442474365234,71.5786361694336,8251428,Merck & Co.,United States,MRK
2020-01-03 05:00:00,86.52671813964844,87.8530502319336,86.364501953125,87.07061004638672,70.96427154541016,5903698,Merck & Co.,United States,MRK
2020-01-06 05:00:00,87.05152893066406,87.53816986083984,86.82251739501953,87.4427490234375,71.2675552368164,7522963,Merck & Co.,United States,MRK
2020-01-07 05:00:00,86.64122009277344,86.94656372070312,85.03816986083984,85.114501953125,69.37001037597656,11132275,Merck & Co.,United States,MRK
2020-01-08 05:00:00,85.0095443725586,85.40076446533203,84.36068725585938,84.54198455810547,68.90338897705078,15200506,Merck & Co.,United States,MRK
2020-01-09 05:00:00,84.8759536743164,85.92557525634766,84.71373748779297,85.28626251220703,69.50999450683594,9714750,Merck & Co.,United States,MRK
2020-01-10 05:00:00,85.61068725585938,85.98282623291016,85.3530502319336,85.42938995361328,69.62664031982422,5945304,Merck & Co.,United States,MRK
2020-01-13 05:00:00,85.41984558105469,85.52481079101562,84.9427490234375,85.4103012084961,69.61107635498047,10261492,Merck & Co.,United States,MRK
2020-01-14 05:00:00,85.1812973022461,85.81106567382812,84.79962158203125,85.81106567382812,69.93772888183594,8625669,Merck & Co.,United States,MRK
2020-01-15 05:00:00,85.97328186035156,87.41412353515625,85.96373748779297,87.34732818603516,71.1897964477539,9614038,Merck & Co.,United States,MRK
2020-01-16 05:00:00,87.65267181396484,87.84351348876953,86.87976837158203,87.00381469726562,70.9098129272461,7252474,Merck & Co.,United States,MRK
2020-01-17 05:00:00,87.09923553466797,87.4332046508789,86.69847106933594,86.80343627929688,70.74651336669922,10131226,Merck & Co.,United States,MRK
2020-01-21 05:00:00,86.56488800048828,86.80343627929688,85.60114288330078,85.84923553466797,69.96881866455078,10022129,Merck & Co.,United States,MRK
2020-01-22 05:00:00,86.04007720947266,86.3167953491211,85.51526641845703,85.54389190673828,69.7199478149414,7800474,Merck & Co.,United States,MRK
2020-01-23 05:00:00,85.55343627929688,85.55343627929688,84.21755981445312,84.50381469726562,68.87227630615234,13198093,Merck & Co.,United States,MRK
2020-01-24 05:00:00,84.57061004638672,84.7614517211914,81.6603012084961,82.04198455810547,66.86583709716797,14954960,Merck & Co.,United States,MRK
2020-01-27 05:00:00,81.2022933959961,82.5477066040039,80.83015441894531,82.15648651123047,66.95915222167969,10847534,Merck & Co.,United States,MRK
2020-01-28 05:00:00,82.48091888427734,82.7385482788086,81.96565246582031,82.29962158203125,67.07582092285156,9496347,Merck & Co.,United States,MRK
2020-01-29 05:00:00,82.63359069824219,84.12213897705078,82.47137451171875,83.24427795410156,67.84573364257812,8511227,Merck & Co.,United States,MRK
2020-01-30 05:00:00,82.96755981445312,83.13931274414062,82.25190734863281,82.53816986083984,67.2702407836914,11016471,Merck & Co.,United States,MRK
2020-01-31 05:00:00,82.42366027832031,82.70037841796875,81.10687255859375,81.52671813964844,66.44587707519531,9621583,Merck & Co.,United States,MRK
2020-02-03 05:00:00,82.09923553466797,84.17938995361328,82.09923553466797,83.3396987915039,67.9234848022461,9729318,Merck & Co.,United States,MRK
2020-02-04 05:00:00,84.37976837158203,85.114501953125,84.02671813964844,84.31298065185547,68.71673583984375,15091305,Merck & Co.,United States,MRK
2020-02-05 05:00:00,80.80152893066406,82.76717376708984,80.15267181396484,81.89885711669922,66.74919128417969,29290133,Merck & Co.,United States,MRK
2020-02-06 05:00:00,82.08015441894531,82.28053283691406,81.35496520996094,81.75572204589844,66.63253784179688,16110170,Merck & Co.,United States,MRK
2020-02-07 05:00:00,81.95610809326172,82.00381469726562,80.94465637207031,81.1832046508789,66.16590881347656,11419427,Merck & Co.,United States,MRK
2020-02-10 05:00:00,81.1832046508789,82.04198455810547,81.04962158203125,81.73664093017578,66.61698150634766,10590983,Merck & Co.,United States,MRK
2020-02-11 05:00:00,81.92748260498047,82.06106567382812,81.05915832519531,81.34542083740234,66.298095703125,10252689,Merck & Co.,United States,MRK
2020-02-12 05:00:00,81.14503479003906,81.32633972167969,79.1030502319336,79.43701934814453,64.74273681640625,19630926,Merck & Co.,United States,MRK
2020-02-13 05:00:00,79.13167572021484,79.13167572021484,77.71946716308594,78.21565246582031,63.74731063842773,19388734,Merck & Co.,United States,MRK
2020-02-14 05:00:00,78.46373748779297,79.00763702392578,77.92938995361328,78.864501953125,64.276123046875,8743464,Merck & Co.,United States,MRK
2020-02-18 05:00:00,79.08396911621094,79.30343627929688,78.49236297607422,78.6832046508789,64.12835693359375,10017308,Merck & Co.,United States,MRK
2020-02-19 05:00:00,79.27481079101562,79.30343627929688,77.83396911621094,78.24427795410156,63.77062606811523,11740220,Merck & Co.,United States,MRK
2020-02-20 05:00:00,78.4542007446289,79.03626251220703,77.97709655761719,78.71183013916016,64.15167999267578,10941330,Merck & Co.,United States,MRK
2020-02-21 05:00:00,78.42557525634766,78.84542083740234,77.96755981445312,78.5687026977539,64.0350341796875,9295970,Merck & Co.,United States,MRK
2020-02-24 05:00:00,76.91793823242188,78.8072509765625,76.87976837158203,77.60496520996094,63.24956130981445,13734145,Merck & Co.,United States,MRK
2020-02-25 05:00:00,77.7957992553711,78.18701934814453,76.1927490234375,76.59351348876953,62.42520523071289,13171683,Merck & Co.,United States,MRK
2020-02-26 05:00:00,76.96565246582031,77.89122009277344,76.11640930175781,76.27862548828125,62.16858291625977,11940283,Merck & Co.,United States,MRK
2020-02-27 05:00:00,77.01335906982422,78.00572204589844,74.42748260498047,74.50381469726562,60.72207641601562,15734253,Merck & Co.,United States,MRK
2020-02-28 05:00:00,73.16793823242188,73.94084167480469,70.78244018554688,73.05343627929688,59.54000473022461,29246117,Merck & Co.,United States,MRK
2020-03-02 05:00:00,73.59732818603516,77.81488800048828,73.54962158203125,77.64312744140625,63.28067016601562,18840525,Merck & Co.,United States,MRK
2020-03-03 05:00:00,77.6717529296875,78.6259536743164,74.34160614013672,75.50572204589844,61.53866577148438,17394599,Merck & Co.,United States,MRK
2020-03-04 05:00:00,77.76717376708984,79.26526641845703,76.22137451171875,79.16984558105469,64.52499389648438,20224199,Merck & Co.,United States,MRK
2020-03-05 05:00:00,77.7957992553711,78.97901153564453,77.23282623291016,77.84351348876953,63.44399642944336,15017840,Merck & Co.,United States,MRK
2020-03-06 05:00:00,76.3072509765625,78.83587646484375,75.79198455810547,78.43511199951172,63.92613220214844,14208574,Merck & Co.,United States,MRK
2020-03-09 04:00:00,74.42748260498047,77.02290344238281,73.46373748779297,75.34351348876953,61.40644073486328,18942810,Merck & Co.,United States,MRK
2020-03-10 04:00:00,76.79389190673828,78.41603088378906,73.95037841796875,78.26335906982422,63.78617095947266,17527486,Merck & Co.,United States,MRK
2020-03-11 04:00:00,76.17366027832031,76.4885482788086,74.45610809326172,75.62023162841797,61.63198089599609,14274179,Merck & Co.,United States,MRK
2020-03-12 04:00:00,70.99236297607422,74.48473358154297,69.90457916259766,71.04007720947266,57.89905548095703,22664782,Merck & Co.,United States,MRK
2020-03-13 04:00:00,72.72901153564453,73.6927490234375,68.95037841796875,73.23473358154297,60.18083953857422,25857094,Merck & Co.,United States,MRK
2020-03-16 04:00:00,67.52862548828125,72.60496520996094,64.0457992553711,66.71755981445312,54.82532501220703,20808354,Merck & Co.,United States,MRK
2020-03-17 04:00:00,68.36832427978516,72.58587646484375,68.11068725585938,71.0687026977539,58.40090179443359,24745795,Merck & Co.,United States,MRK
2020-03-18 04:00:00,68.17748260498047,71.2404556274414,65.67748260498047,68.34923553466797,56.16617965698242,18558508,Merck & Co.,United States,MRK
2020-03-19 04:00:00,68.08206176757812,69.52290344238281,65.75381469726562,67.4904556274414,55.46046829223633,19268738,Merck & Co.,United States,MRK
2020-03-20 04:00:00,66.364501953125,69.17938995361328,65.36259460449219,68.09160614013672,55.95446395874023,23075912,Merck & Co.,United States,MRK
2020-03-23 04:00:00,67.05152893066406,68.33015441894531,62.26145172119141,63.35877990722656,52.06524658203125,18375003,Merck & Co.,United States,MRK
2020-03-24 04:00:00,65.83015441894531,66.55534362792969,64.11259460449219,65.88740539550781,54.14315414428711,19901939,Merck & Co.,United States,MRK
2020-03-25 04:00:00,65.27671813964844,67.15648651123047,63.6927490234375,65.09542083740234,53.49233627319336,18311494,Merck & Co.,United States,MRK
2020-03-26 04:00:00,65.01908111572266,70.78244018554688,64.98091888427734,70.16221618652344,57.65598678588867,18052848,Merck & Co.,United States,MRK
2020-03-27 04:00:00,68.5114517211914,70.0667953491211,67.98664093017578,68.44465637207031,56.24458694458008,12467218,Merck & Co.,United States,MRK
2020-03-30 04:00:00,70.24809265136719,74.03626251220703,69.54198455810547,73.42557525634766,60.33766174316406,15803316,Merck & Co.,United States,MRK
2020-03-31 04:00:00,72.75763702392578,74.0457992553711,72.06106567382812,73.41603088378906,60.3298225402832,15079672,Merck & Co.,United States,MRK
2020-04-01 04:00:00,71.2404556274414,72.01335906982422,69.6469497680664,70.41984558105469,57.86769866943359,11665288,Merck & Co.,United States,MRK
2020-04-02 04:00:00,72.5,73.58778381347656,70.63931274414062,73.34923553466797,60.27492141723633,12843345,Merck & Co.,United States,MRK
2020-04-03 04:00:00,72.78626251220703,73.89312744140625,71.87023162841797,72.75763702392578,59.78878402709961,10039211,Merck & Co.,United States,MRK
2020-04-06 04:00:00,74.74236297607422,77.1469497680664,74.33206176757812,76.63167572021484,62.9722785949707,14314108,Merck & Co.,United States,MRK
2020-04-07 04:00:00,77.93893432617188,78.21565246582031,74.80915832519531,74.96183013916016,61.60007095336914,10657950,Merck & Co.,United States,MRK
2020-04-08 04:00:00,75.55343627929688,79.19847106933594,74.75190734863281,77.88167572021484,63.99947738647461,11481888,Merck & Co.,United States,MRK
2020-04-09 04:00:00,77.4522933959961,79.47518920898438,76.50763702392578,78.71183013916016,64.68164825439453,13876568,Merck & Co.,United States,MRK
2020-04-13 04:00:00,78.07251739501953,78.6927490234375,76.17366027832031,76.85114288330078,63.15264129638672,7706678,Merck & Co.,United States,MRK
2020-04-14 04:00:00,78.55915832519531,79.38931274414062,77.03244018554688,79.0457992553711,64.95608520507812,12155333,Merck & Co.,United States,MRK
2020-04-15 04:00:00,77.5095443725586,79.1603012084961,76.87023162841797,78.31106567382812,64.35233306884766,10809072,Merck & Co.,United States,MRK
2020-04-16 04:00:00,78.864501953125,79.51335906982422,78.49236297607422,79.19847106933594,65.08155059814453,9145058,Merck & Co.,United States,MRK
2020-04-17 04:00:00,80.10496520996094,80.30534362792969,78.66412353515625,79.63740539550781,65.4422607421875,15433162,Merck & Co.,United States,MRK
2020-04-20 04:00:00,79.02671813964844,80.27671813964844,77.06106567382812,79.29389190673828,65.15997314453125,11675768,Merck & Co.,United States,MRK
2020-04-21 04:00:00,77.88167572021484,78.53053283691406,74.62786102294922,74.96183013916016,61.60007095336914,17876574,Merck & Co.,United States,MRK
2020-04-22 04:00:00,75.57251739501953,76.95610809326172,75.21946716308594,76.3167953491211,62.71352767944336,11933890,Merck & Co.,United States,MRK
2020-04-23 04:00:00,76.51717376708984,78.12976837158203,76.49809265136719,77.17557525634766,63.41922378540039,8152497,Merck & Co.,United States,MRK
2020-04-24 04:00:00,77.86259460449219,78.3396987915039,77.30915832519531,77.70037841796875,63.85049819946289,7686451,Merck & Co.,United States,MRK
2020-04-27 04:00:00,77.5095443725586,80.79198455810547,77.12786102294922,80.13359069824219,65.85000610351562,12786753,Merck & Co.,United States,MRK
2020-04-28 04:00:00,77.46183013916016,78.46373748779297,76.49809265136719,77.46183013916016,63.65446090698242,20273560,Merck & Co.,United States,MRK
2020-04-29 04:00:00,78.42557525634766,78.42557525634766,75.4103012084961,77.07061004638672,63.33300399780273,13687194,Merck & Co.,United States,MRK
2020-04-30 04:00:00,76.16412353515625,76.71755981445312,75.51526641845703,75.70610809326172,62.21171569824219,11638878,Merck & Co.,United States,MRK
2020-05-01 04:00:00,75.24809265136719,75.24809265136719,73.40648651123047,74.11259460449219,60.9022102355957,9518565,Merck & Co.,United States,MRK
2020-05-04 04:00:00,74.44656372070312,74.45610809326172,72.72901153564453,73.3396987915039,60.26708602905273,8850255,Merck & Co.,United States,MRK
2020-05-05 04:00:00,73.71183013916016,75.19084167480469,73.25381469726562,74.43701934814453,61.1688117980957,7401395,Merck & Co.,United States,MRK
2020-05-06 04:00:00,74.7614517211914,75.03816986083984,73.54962158203125,73.58778381347656,60.4709587097168,12414922,Merck & Co.,United States,MRK
2020-05-07 04:00:00,73.47328186035156,73.58778381347656,71.97518920898438,72.13740539550781,59.27909851074219,12602410,Merck & Co.,United States,MRK
2020-05-08 04:00:00,72.99618530273438,73.43511199951172,72.4904556274414,72.90076446533203,59.90639877319336,8791672,Merck & Co.,United States,MRK
2020-05-11 04:00:00,72.5477066040039,74.49427795410156,72.4427490234375,74.34160614013672,61.09040069580078,10622528,Merck & Co.,United States,MRK
2020-05-12 04:00:00,74.57061004638672,75.09542083740234,73.58778381347656,73.65457916259766,60.52585220336914,9544660,Merck & Co.,United States,MRK
2020-05-13 04:00:00,73.14885711669922,75.19084167480469,73.07251739501953,74.32251739501953,61.07472991943359,10935146,Merck & Co.,United States,MRK
2020-05-14 04:00:00,73.7404556274414,76.45992279052734,73.72137451171875,76.38359069824219,62.76842498779297,11407585,Merck & Co.,United States,MRK
2020-05-15 04:00:00,76.44084167480469,76.86068725585938,75.21946716308594,76.1259536743164,62.55671310424805,9367234,Merck & Co.,United States,MRK
2020-05-18 04:00:00,77.29007720947266,77.29007720947266,75.60114288330078,76.0687026977539,62.50965118408203,12552630,Merck & Co.,United States,MRK
2020-05-19 04:00:00,75.83015441894531,76.0782470703125,73.8072509765625,73.99809265136719,60.80813980102539,10591822,Merck & Co.,United States,MRK
2020-05-20 04:00:00,74.45610809326172,74.65648651123047,73.16793823242188,73.36832427978516,60.29062271118164,11027685,Merck & Co.,United States,MRK
2020-05-21 04:00:00,73.24427795410156,73.50190734863281,72.77671813964844,73.04389190673828,60.02400588989258,9000329,Merck & Co.,United States,MRK
2020-05-22 04:00:00,72.6812973022461,73.14885711669922,72.58587646484375,72.87213897705078,59.88286590576172,6357482,Merck & Co.,United States,MRK
2020-05-26 04:00:00,74.67557525634766,75.0,73.38740539550781,73.72137451171875,60.58074569702148,19146017,Merck & Co.,United States,MRK
2020-05-27 04:00:00,73.47328186035156,74.08396911621094,72.51908111572266,73.99809265136719,60.80813980102539,12828987,Merck & Co.,United States,MRK
2020-05-28 04:00:00,75.0,76.61259460449219,74.91412353515625,75.41984558105469,61.97647094726562,13180906,Merck & Co.,United States,MRK
2020-05-29 04:00:00,75.82061004638672,77.23282623291016,74.72328186035156,77.02290344238281,63.29378509521484,13517104,Merck & Co.,United States,MRK
2020-06-01 04:00:00,76.50763702392578,76.77481079101562,75.50572204589844,75.91603088378906,62.38421249389648,6269241,Merck & Co.,United States,MRK
2020-06-02 04:00:00,75.8969497680664,77.15648651123047,75.21946716308594,77.13740539550781,63.38787078857422,11352984,Merck & Co.,United States,MRK
2020-06-03 04:00:00,77.29007720947266,78.5782470703125,77.15648651123047,78.30152893066406,64.34449768066406,13675457,Merck & Co.,United States,MRK
2020-06-04 04:00:00,77.5477066040039,78.3969497680664,77.13740539550781,77.81488800048828,63.94458389282227,9292930,Merck & Co.,United States,MRK
2020-06-05 04:00:00,78.34923553466797,79.32251739501953,77.75763702392578,78.49236297607422,64.50131225585938,10413347,Merck & Co.,United States,MRK
2020-06-08 04:00:00,77.4332046508789,79.38931274414062,77.4332046508789,79.1030502319336,65.00313568115234,9956838,Merck & Co.,United States,MRK
2020-06-09 04:00:00,79.37976837158203,79.68511199951172,78.35877990722656,78.49236297607422,64.50131225585938,8846168,Merck & Co.,United States,MRK
2020-06-10 04:00:00,78.66412353515625,78.9885482788086,77.28053283691406,78.02481079101562,64.11710357666016,9080920,Merck & Co.,United States,MRK
2020-06-11 04:00:00,77.10877990722656,77.91984558105469,73.8072509765625,73.8072509765625,60.65130233764648,14303838,Merck & Co.,United States,MRK
2020-06-12 04:00:00,74.32251739501953,74.36068725585938,72.01335906982422,72.80534362792969,60.30354309082031,17000656,Merck & Co.,United States,MRK
2020-06-15 04:00:00,71.47901153564453,71.91793823242188,70.20037841796875,70.62976837158203,58.50154876708984,17684162,Merck & Co.,United States,MRK
2020-06-16 04:00:00,71.92748260498047,73.864501953125,71.40267181396484,73.44465637207031,60.83308029174805,21437050,Merck & Co.,United States,MRK
2020-06-17 04:00:00,73.8167953491211,73.90267181396484,72.16603088378906,72.7957992553711,60.29564666748047,13983045,Merck & Co.,United States,MRK
2020-06-18 04:00:00,72.16603088378906,72.78626251220703,71.90839385986328,72.72901153564453,60.24032974243164,7750903,Merck & Co.,United States,MRK
2020-06-19 04:00:00,73.59732818603516,74.40839385986328,72.33778381347656,74.33206176757812,61.56811904907227,17691393,Merck & Co.,United States,MRK
2020-06-22 04:00:00,73.82633972167969,74.07442474365234,72.92938995361328,73.23473358154297,60.65921020507812,7474231,Merck & Co.,United States,MRK
2020-06-23 04:00:00,73.95037841796875,75.01908111572266,73.36832427978516,73.58778381347656,60.95164108276367,11428650,Merck & Co.,United States,MRK
2020-06-24 04:00:00,73.21565246582031,73.36832427978516,71.99427795410156,72.39503479003906,59.96370697021484,8084901,Merck & Co.,United States,MRK
2020-06-25 04:00:00,72.18511199951172,73.43511199951172,71.86068725585938,73.06298065185547,60.5169563293457,7583328,Merck & Co.,United States,MRK
2020-06-26 04:00:00,72.8530502319336,73.21565246582031,71.56488800048828,71.74618530273438,59.42626571655273,12328882,Merck & Co.,United States,MRK
2020-06-29 04:00:00,72.42366027832031,73.00572204589844,72.06106567382812,72.63359069824219,60.16130447387695,7230990,Merck & Co.,United States,MRK
2020-06-30 04:00:00,73.23473358154297,74.1030502319336,72.70992279052734,73.78816986083984,61.11759185791016,9940804,Merck & Co.,United States,MRK
2020-07-01 04:00:00,73.88359069824219,75.32442474365234,73.58778381347656,74.54198455810547,61.74198150634766,9948769,Merck & Co.,United States,MRK
2020-07-02 04:00:00,74.97137451171875,75.67748260498047,74.63740539550781,75.1717529296875,62.26362991333008,6827825,Merck & Co.,United States,MRK
2020-07-06 04:00:00,75.61068725585938,76.35496520996094,75.28626251220703,75.93511199951172,62.89589309692383,8058282,Merck & Co.,United States,MRK
2020-07-07 04:00:00,75.38167572021484,76.03053283691406,74.9904556274414,75.114501953125,62.21618270874023,6956414,Merck & Co.,United States,MRK
2020-07-08 04:00:00,75.02862548828125,75.34351348876953,73.9312973022461,74.35114288330078,61.58391189575195,8211394,Merck & Co.,United States,MRK
2020-07-09 04:00:00,74.37023162841797,74.7614517211914,72.5572509765625,73.17748260498047,60.61178588867188,7966058,Merck & Co.,United States,MRK
2020-07-10 04:00:00,73.23473358154297,73.8072509765625,72.90076446533203,73.21565246582031,60.64342498779297,5161400,Merck & Co.,United States,MRK
2020-07-13 04:00:00,73.47328186035156,74.98091888427734,73.21565246582031,73.8072509765625,61.13340759277344,8114245,Merck & Co.,United States,MRK
2020-07-14 04:00:00,73.9885482788086,75.0095443725586,73.8167953491211,74.66603088378906,61.84471893310547,8397100,Merck & Co.,United States,MRK
2020-07-15 04:00:00,75.61068725585938,76.3072509765625,75.22901153564453,75.80152893066406,62.78524398803711,7709717,Merck & Co.,United States,MRK
2020-07-16 04:00:00,76.1259536743164,76.15457916259766,75.14312744140625,75.76335906982422,62.75363159179688,5850774,Merck & Co.,United States,MRK
2020-07-17 04:00:00,76.0687026977539,76.57442474365234,75.67748260498047,76.21183013916016,63.12508010864258,8191378,Merck & Co.,United States,MRK
2020-07-20 04:00:00,76.21183013916016,76.52671813964844,75.44847106933594,75.77290344238281,62.76153182983398,5434194,Merck & Co.,United States,MRK
2020-07-21 04:00:00,76.0687026977539,76.45037841796875,75.1812973022461,75.27671813964844,62.35054397583008,8967526,Merck & Co.,United States,MRK
2020-07-22 04:00:00,75.68701934814453,76.10687255859375,74.44656372070312,75.1717529296875,62.26362991333008,12362103,Merck & Co.,United States,MRK
2020-07-23 04:00:00,75.52481079101562,75.57251739501953,73.95992279052734,74.48473358154297,61.6945686340332,11558916,Merck & Co.,United States,MRK
2020-07-24 04:00:00,74.28434753417969,74.41793823242188,72.86259460449219,73.5687026977539,60.93582534790039,9068763,Merck & Co.,United States,MRK
2020-07-27 04:00:00,72.9103012084961,75.51526641845703,72.81488800048828,75.31488800048828,62.38217544555664,10958307,Merck & Co.,United States,MRK
2020-07-28 04:00:00,75.56298065185547,76.53626251220703,75.3530502319336,76.04007720947266,62.98283004760742,8494564,Merck & Co.,United States,MRK
2020-07-29 04:00:00,75.62023162841797,76.08778381347656,75.13359069824219,75.71565246582031,62.71410751342773,6398040,Merck & Co.,United States,MRK
2020-07-30 04:00:00,75.1240463256836,75.64885711669922,74.07442474365234,75.37213897705078,62.42958068847656,7152600,Merck & Co.,United States,MRK
2020-07-31 04:00:00,77.18511199951172,77.93893432617188,75.52481079101562,76.56488800048828,63.41751480102539,12291154,Merck & Co.,United States,MRK
2020-08-03 04:00:00,78.38740539550781,79.96183013916016,78.11068725585938,78.7595443725586,65.23531341552734,10601463,Merck & Co.,United States,MRK
2020-08-04 04:00:00,78.76908111572266,78.76908111572266,77.35687255859375,77.92938995361328,64.5477294921875,7218729,Merck & Co.,United States,MRK
2020-08-05 04:00:00,78.31106567382812,78.6927490234375,77.4332046508789,77.90076446533203,64.5240249633789,6492465,Merck & Co.,United States,MRK
2020-08-06 04:00:00,77.72901153564453,78.61640930175781,76.88931274414062,77.33778381347656,64.05770874023438,7256562,Merck & Co.,United States,MRK
2020-08-07 04:00:00,77.0896987915039,77.30915832519531,76.364501953125,77.30915832519531,64.03399658203125,6977584,Merck & Co.,United States,MRK
2020-08-10 04:00:00,77.29962158203125,77.4904556274414,76.62213897705078,77.2042007446289,63.94704818725586,5782445,Merck & Co.,United States,MRK
2020-08-11 04:00:00,78.00572204589844,78.12023162841797,76.93701934814453,77.2042007446289,63.94704818725586,7636671,Merck & Co.,United States,MRK
2020-08-12 04:00:00,77.64312744140625,79.11259460449219,77.614501953125,78.89312744140625,65.34598541259766,7295652,Merck & Co.,United States,MRK
2020-08-13 04:00:00,78.36832427978516,79.79962158203125,78.25381469726562,79.71373748779297,66.0256576538086,7455262,Merck & Co.,United States,MRK
2020-08-14 04:00:00,79.56106567382812,80.56298065185547,79.36068725585938,79.65648651123047,65.97823333740234,7390496,Merck & Co.,United States,MRK
2020-08-17 04:00:00,80.41984558105469,81.27862548828125,80.16221618652344,80.87786102294922,66.98988342285156,8764319,Merck & Co.,United States,MRK
2020-08-18 04:00:00,81.00190734863281,81.11640930175781,79.9332046508789,80.68701934814453,66.83182525634766,6551572,Merck & Co.,United States,MRK
2020-08-19 04:00:00,80.68701934814453,81.78434753417969,80.68701934814453,81.135498046875,67.20328521728516,6896050,Merck & Co.,United States,MRK
2020-08-20 04:00:00,80.91603088378906,81.40267181396484,80.52481079101562,81.135498046875,67.20328521728516,6380434,Merck & Co.,United States,MRK
2020-08-21 04:00:00,81.2022933959961,81.27862548828125,80.26717376708984,81.08778381347656,67.16378021240234,6890495,Merck & Co.,United States,MRK
2020-08-24 04:00:00,81.2977066040039,81.55534362792969,80.61068725585938,81.50763702392578,67.51152801513672,7582280,Merck & Co.,United States,MRK
2020-08-25 04:00:00,81.97518920898438,82.33778381347656,81.2977066040039,81.75572204589844,67.7170181274414,10245982,Merck & Co.,United States,MRK
2020-08-26 04:00:00,81.40267181396484,81.75572204589844,80.78244018554688,81.62213897705078,67.60637664794922,7844175,Merck & Co.,United States,MRK
2020-08-27 04:00:00,81.53626251220703,82.21373748779297,81.1832046508789,81.88931274414062,67.82767486572266,6464902,Merck & Co.,United States,MRK
2020-08-28 04:00:00,81.94656372070312,81.94656372070312,81.02098846435547,81.72709655761719,67.69329833984375,6134049,Merck & Co.,United States,MRK
2020-08-31 04:00:00,81.67938995361328,81.99427795410156,81.2404556274414,81.364501953125,67.3929672241211,7929273,Merck & Co.,United States,MRK
2020-09-01 04:00:00,81.44084167480469,81.87023162841797,80.07633972167969,80.56298065185547,66.72908020019531,6797433,Merck & Co.,United States,MRK
2020-09-02 04:00:00,80.61068725585938,83.21565246582031,80.4103012084961,82.94847106933594,68.70496368408203,11571597,Merck & Co.,United States,MRK
2020-09-03 04:00:00,83.67366027832031,83.77862548828125,81.04962158203125,81.57442474365234,67.56684112548828,12983672,Merck & Co.,United States,MRK
2020-09-04 04:00:00,81.63167572021484,82.9103012084961,80.39122009277344,81.33587646484375,67.36925506591797,9359688,Merck & Co.,United States,MRK
2020-09-08 04:00:00,82.00381469726562,82.00381469726562,79.19847106933594,79.51335906982422,65.85970306396484,9095592,Merck & Co.,United States,MRK
2020-09-09 04:00:00,79.9332046508789,81.88931274414062,79.8282470703125,80.99236297607422,67.0847396850586,8862307,Merck & Co.,United States,MRK
2020-09-10 04:00:00,80.84923553466797,80.99236297607422,79.46565246582031,79.74236297607422,66.04936218261719,6907578,Merck & Co.,United States,MRK
2020-09-11 04:00:00,80.0,80.99236297607422,79.9427490234375,80.61068725585938,66.76859283447266,7171254,Merck & Co.,United States,MRK
2020-09-14 04:00:00,80.34351348876953,81.2022933959961,79.89503479003906,80.30534362792969,66.99948120117188,8575994,Merck & Co.,United States,MRK
2020-09-15 04:00:00,80.84923553466797,81.26908111572266,79.8187026977539,80.3530502319336,67.03927612304688,10826678,Merck & Co.,United States,MRK
2020-09-16 04:00:00,80.62976837158203,82.15648651123047,80.62976837158203,81.65076446533203,68.12196350097656,10380230,Merck & Co.,United States,MRK
2020-09-17 04:00:00,81.46946716308594,81.84160614013672,80.58206176757812,81.71755981445312,68.17770385742188,8090455,Merck & Co.,United States,MRK
2020-09-18 04:00:00,81.65076446533203,82.34732818603516,81.04962158203125,81.87976837158203,68.3130111694336,12308446,Merck & Co.,United States,MRK
2020-09-21 04:00:00,81.03053283691406,81.4312973022461,78.33015441894531,79.32251739501953,66.17948150634766,10445311,Merck & Co.,United States,MRK
2020-09-22 04:00:00,79.29389190673828,79.74236297607422,78.43511199951172,79.14122009277344,66.02824401855469,8143170,Merck & Co.,United States,MRK
2020-09-23 04:00:00,79.28434753417969,79.98091888427734,78.7977066040039,78.84542083740234,65.78143310546875,7085842,Merck & Co.,United States,MRK
2020-09-24 04:00:00,78.3396987915039,79.65648651123047,78.10114288330078,79.34160614013672,66.1954116821289,7844280,Merck & Co.,United States,MRK
2020-09-25 04:00:00,78.38740539550781,79.42748260498047,78.05343627929688,79.13167572021484,66.02024841308594,6932101,Merck & Co.,United States,MRK
2020-09-28 04:00:00,79.38931274414062,79.86640930175781,78.77862548828125,78.96946716308594,65.88491821289062,6123674,Merck & Co.,United States,MRK
2020-09-29 04:00:00,78.89312744140625,79.34160614013672,77.95801544189453,78.14885711669922,65.2002944946289,6742413,Merck & Co.,United States,MRK
2020-09-30 04:00:00,78.49236297607422,79.50381469726562,78.26335906982422,79.15076446533203,66.03618621826172,11593605,Merck & Co.,United States,MRK
2020-10-01 04:00:00,79.37023162841797,79.52290344238281,77.52862548828125,77.90076446533203,64.99331665039062,8410305,Merck & Co.,United States,MRK
2020-10-02 04:00:00,77.09923553466797,77.99618530273438,76.76526641845703,77.09923553466797,64.32457733154297,5255406,Merck & Co.,United States,MRK
2020-10-05 04:00:00,77.5095443725586,77.80534362792969,76.92748260498047,77.51908111572266,64.67488098144531,8807182,Merck & Co.,United States,MRK
2020-10-06 04:00:00,77.41412353515625,77.42366027832031,75.87786102294922,75.98282623291016,63.39316177368164,10273230,Merck & Co.,United States,MRK
2020-10-07 04:00:00,76.4217529296875,76.66984558105469,75.86832427978516,76.3740463256836,63.71954345703125,9845226,Merck & Co.,United States,MRK
2020-10-08 04:00:00,76.70801544189453,78.08206176757812,76.4885482788086,76.79389190673828,64.06980895996094,9217160,Merck & Co.,United States,MRK
2020-10-09 04:00:00,77.17557525634766,77.36640930175781,76.38359069824219,76.67938995361328,63.97430419921875,5956098,Merck & Co.,United States,MRK
2020-10-12 04:00:00,76.82251739501953,77.02290344238281,76.25,76.67938995361328,63.97430419921875,8276370,Merck & Co.,United States,MRK
2020-10-13 04:00:00,76.62213897705078,77.22328186035156,76.3740463256836,77.01335906982422,64.25293731689453,9125774,Merck & Co.,United States,MRK
2020-10-14 04:00:00,77.1469497680664,77.22328186035156,76.40267181396484,76.82251739501953,64.09369659423828,9166122,Merck & Co.,United States,MRK
2020-10-15 04:00:00,76.14503479003906,76.27862548828125,75.1717529296875,75.43893432617188,62.93938446044922,9151974,Merck & Co.,United States,MRK
2020-10-16 04:00:00,75.66793823242188,76.62213897705078,75.48664093017578,76.17366027832031,63.55236434936523,7903492,Merck & Co.,United States,MRK
2020-10-19 04:00:00,76.45037841796875,76.80343627929688,74.74236297607422,75.0667953491211,62.6288948059082,8614455,Merck & Co.,United States,MRK
2020-10-20 04:00:00,75.3530502319336,75.3530502319336,74.50381469726562,74.68511199951172,62.31046676635742,11144746,Merck & Co.,United States,MRK
2020-10-21 04:00:00,74.67557525634766,75.2385482788086,74.45610809326172,74.49427795410156,62.15122985839844,9689808,Merck & Co.,United States,MRK
2020-10-22 04:00:00,74.52290344238281,75.81106567382812,74.52290344238281,75.58206176757812,63.05879974365234,6075990,Merck & Co.,United States,MRK
2020-10-23 04:00:00,75.62976837158203,76.92748260498047,75.62976837158203,76.17366027832031,63.55236434936523,7309381,Merck & Co.,United States,MRK
2020-10-26 04:00:00,75.69656372070312,76.14503479003906,74.67557525634766,75.22901153564453,62.76425170898438,9122840,Merck & Co.,United States,MRK
2020-10-27 04:00:00,75.31488800048828,76.55534362792969,74.41793823242188,74.41793823242188,62.08753204345703,12241374,Merck & Co.,United States,MRK
2020-10-28 04:00:00,73.59732818603516,74.16984558105469,72.53816986083984,72.69084167480469,60.64662933349609,8989954,Merck & Co.,United States,MRK
2020-10-29 04:00:00,72.6812973022461,73.08206176757812,71.25,72.41412353515625,60.41575622558594,9314310,Merck & Co.,United States,MRK
2020-10-30 04:00:00,71.92748260498047,72.41412353515625,70.55343627929688,71.76526641845703,59.8743782043457,11096748,Merck & Co.,United States,MRK
2020-11-02 05:00:00,72.94847106933594,73.3396987915039,72.17557525634766,73.19656372070312,61.06853866577148,8145475,Merck & Co.,United States,MRK
2020-11-03 05:00:00,73.9217529296875,74.6469497680664,73.24427795410156,73.3969497680664,61.23573303222656,7693578,Merck & Co.,United States,MRK
2020-11-04 05:00:00,76.27862548828125,79.09351348876953,75.8969497680664,76.92748260498047,64.18128967285156,14731422,Merck & Co.,United States,MRK
2020-11-05 05:00:00,78.30152893066406,79.1030502319336,76.75572204589844,76.77481079101562,64.05391693115234,9277210,Merck & Co.,United States,MRK
2020-11-06 05:00:00,75.81106567382812,77.42366027832031,75.81106567382812,76.67938995361328,63.97430419921875,6945515,Merck & Co.,United States,MRK
2020-11-09 05:00:00,80.8969497680664,81.26908111572266,76.66984558105469,76.81298065185547,64.08575439453125,11184046,Merck & Co.,United States,MRK
2020-11-10 05:00:00,78.03434753417969,78.27290344238281,77.29962158203125,77.39503479003906,64.5713882446289,8593914,Merck & Co.,United States,MRK
2020-11-11 05:00:00,78.12023162841797,78.12023162841797,76.89885711669922,77.34732818603516,64.53157043457031,5741678,Merck & Co.,United States,MRK
2020-11-12 05:00:00,76.86068725585938,77.29007720947266,75.4103012084961,76.2022933959961,63.57624435424805,7464799,Merck & Co.,United States,MRK
2020-11-13 05:00:00,76.56488800048828,78.10114288330078,76.0687026977539,77.3759536743164,64.55545043945312,7694206,Merck & Co.,United States,MRK
2020-11-16 05:00:00,77.5095443725586,78.13931274414062,76.04962158203125,76.50763702392578,63.83102798461914,9503474,Merck & Co.,United States,MRK
2020-11-17 05:00:00,77.34732818603516,78.20610809326172,76.72709655761719,77.76717376708984,64.88184356689453,9509133,Merck & Co.,United States,MRK
2020-11-18 05:00:00,77.70037841796875,78.21565246582031,76.55534362792969,76.57442474365234,63.8867301940918,8678174,Merck & Co.,United States,MRK
2020-11-19 05:00:00,77.07061004638672,77.07061004638672,75.69656372070312,76.70801544189453,63.99819183349609,7037110,Merck & Co.,United States,MRK
2020-11-20 05:00:00,76.78434753417969,77.10877990722656,76.0782470703125,76.76526641845703,64.04593658447266,8415440,Merck & Co.,United States,MRK
2020-11-23 05:00:00,76.91793823242188,77.4427490234375,75.74427795410156,76.6030502319336,63.91061782836914,9498548,Merck & Co.,United States,MRK
2020-11-24 05:00:00,76.35496520996094,77.18511199951172,76.02098846435547,76.46946716308594,63.79915237426758,12790840,Merck & Co.,United States,MRK
2020-11-25 05:00:00,76.46946716308594,76.77481079101562,75.9542007446289,76.39312744140625,63.73546600341797,6023590,Merck & Co.,United States,MRK
2020-11-27 05:00:00,76.62213897705078,76.98473358154297,75.91603088378906,76.2022933959961,63.57624435424805,5644528,Merck & Co.,United States,MRK
2020-11-30 05:00:00,76.33587646484375,76.85114288330078,75.77290344238281,76.70801544189453,63.99819183349609,14501910,Merck & Co.,United States,MRK
2020-12-01 05:00:00,77.24236297607422,78.6832046508789,77.11832427978516,77.81488800048828,64.9216537475586,10166543,Merck & Co.,United States,MRK
2020-12-02 05:00:00,78.18701934814453,78.95037841796875,77.5667953491211,78.08206176757812,65.14456176757812,7165805,Merck & Co.,United States,MRK
2020-12-03 05:00:00,78.18701934814453,78.21565246582031,77.11832427978516,77.71946716308594,64.84202575683594,7085109,Merck & Co.,United States,MRK
2020-12-04 05:00:00,77.42366027832031,78.20610809326172,77.39503479003906,78.18701934814453,65.23211669921875,8651554,Merck & Co.,United States,MRK
2020-12-07 05:00:00,78.30152893066406,79.6469497680664,78.29198455810547,78.73091888427734,65.6859130859375,8829190,Merck & Co.,United States,MRK
2020-12-08 05:00:00,78.52098846435547,79.90457916259766,78.49236297607422,79.37023162841797,66.21930694580078,8664969,Merck & Co.,United States,MRK
2020-12-09 05:00:00,79.98091888427734,80.03816986083984,78.7595443725586,79.6469497680664,66.45015716552734,7168320,Merck & Co.,United States,MRK
2020-12-10 05:00:00,79.8282470703125,80.09542083740234,78.9312973022461,79.18893432617188,66.06805419921875,7349205,Merck & Co.,United States,MRK
2020-12-11 05:00:00,79.05534362792969,79.59923553466797,78.7404556274414,79.1603012084961,66.04415130615234,7979158,Merck & Co.,United States,MRK
2020-12-14 05:00:00,78.84542083740234,79.27481079101562,76.3740463256836,76.64122009277344,64.4474105834961,13139300,Merck & Co.,United States,MRK
2020-12-15 05:00:00,76.81298065185547,77.3282470703125,76.33587646484375,76.79389190673828,64.5757827758789,10087838,Merck & Co.,United States,MRK
2020-12-16 05:00:00,76.6030502319336,77.05152893066406,76.00190734863281,76.17366027832031,64.05422973632812,9487649,Merck & Co.,United States,MRK
2020-12-17 05:00:00,76.70801544189453,76.87023162841797,76.03053283691406,76.16412353515625,64.04622650146484,11710038,Merck & Co.,United States,MRK
2020-12-18 05:00:00,76.05915832519531,76.50763702392578,74.85687255859375,75.88740539550781,63.81351470947266,33161759,Merck & Co.,United States,MRK
2020-12-21 05:00:00,75.19084167480469,75.69656372070312,74.17938995361328,75.65839385986328,63.62094879150391,11140764,Merck & Co.,United States,MRK
2020-12-22 05:00:00,75.37213897705078,76.32633972167969,74.65648651123047,75.78244018554688,63.72524642944336,9052414,Merck & Co.,United States,MRK
2020-12-23 05:00:00,75.94465637207031,76.74618530273438,75.92557525634766,76.10687255859375,63.99808502197266,6056078,Merck & Co.,United States,MRK
2020-12-24 05:00:00,76.33587646484375,76.74618530273438,76.21183013916016,76.46946716308594,64.302978515625,2957456,Merck & Co.,United States,MRK
2020-12-28 05:00:00,76.95610809326172,77.42366027832031,76.45992279052734,76.76526641845703,64.55170440673828,4804242,Merck & Co.,United States,MRK
2020-12-29 05:00:00,77.09923553466797,77.8530502319336,77.06106567382812,77.69084167480469,65.33003997802734,5708037,Merck & Co.,United States,MRK
2020-12-30 05:00:00,77.91984558105469,77.98664093017578,76.85114288330078,76.89885711669922,64.6640625,5933357,Merck & Co.,United States,MRK
2020-12-31 05:00:00,76.94656372070312,78.18701934814453,76.69847106933594,78.05343627929688,65.63492584228516,5511118,Merck & Co.,United States,MRK
2021-01-04 05:00:00,78.24427795410156,78.33015441894531,76.22137451171875,77.25190734863281,64.96092224121094,10502637,Merck & Co.,United States,MRK
2021-01-05 05:00:00,76.97518920898438,77.6717529296875,76.25,77.385498046875,65.07327270507812,10956526,Merck & Co.,United States,MRK
2021-01-06 05:00:00,76.88931274414062,78.95037841796875,76.63167572021484,78.60687255859375,66.10031127929688,10521396,Merck & Co.,United States,MRK
2021-01-07 05:00:00,78.76908111572266,80.50572204589844,78.31106567382812,80.1717529296875,67.41622161865234,10447931,Merck & Co.,United States,MRK
2021-01-08 05:00:00,80.50572204589844,80.50572204589844,78.76908111572266,79.22709655761719,66.62185668945312,9563105,Merck & Co.,United States,MRK
2021-01-11 05:00:00,79.67557525634766,81.67938995361328,79.43701934814453,81.10687255859375,68.20257568359375,13488179,Merck & Co.,United States,MRK
2021-01-12 05:00:00,81.22137451171875,81.2404556274414,78.76908111572266,79.28434753417969,66.67001342773438,10128606,Merck & Co.,United States,MRK
2021-01-13 05:00:00,79.55152893066406,79.55152893066406,78.4542007446289,78.5687026977539,66.06822967529297,10093812,Merck & Co.,United States,MRK
2021-01-14 05:00:00,78.64503479003906,79.00763702392578,78.12976837158203,78.40648651123047,65.93180847167969,11366398,Merck & Co.,United States,MRK
2021-01-15 05:00:00,78.09160614013672,79.67557525634766,77.82442474365234,79.56106567382812,66.90269470214844,10203538,Merck & Co.,United States,MRK
2021-01-19 05:00:00,79.74236297607422,80.0572509765625,78.8740463256836,79.37976837158203,66.75025177001953,8467316,Merck & Co.,United States,MRK
2021-01-20 05:00:00,79.43701934814453,79.72328186035156,78.50190734863281,78.6832046508789,66.16451263427734,11097901,Merck & Co.,United States,MRK
2021-01-21 05:00:00,78.06298065185547,78.53053283691406,77.25190734863281,77.46183013916016,65.137451171875,9043716,Merck & Co.,United States,MRK
2021-01-22 05:00:00,77.18511199951172,77.70037841796875,77.06106567382812,77.27098846435547,64.97697448730469,9436926,Merck & Co.,United States,MRK
2021-01-25 05:00:00,77.01335906982422,77.47137451171875,76.39312744140625,77.4332046508789,65.11337280273438,9957677,Merck & Co.,United States,MRK
2021-01-26 05:00:00,77.4332046508789,77.4332046508789,76.45992279052734,76.57442474365234,64.3912353515625,7748283,Merck & Co.,United States,MRK
2021-01-27 05:00:00,76.2022933959961,76.40267181396484,73.32061004638672,73.54007720947266,61.83966827392578,16230376,Merck & Co.,United States,MRK
2021-01-28 05:00:00,73.54962158203125,74.91412353515625,73.54007720947266,74.35114288330078,62.52169418334961,12972039,Merck & Co.,United States,MRK
2021-01-29 05:00:00,74.41793823242188,74.78053283691406,72.89122009277344,73.54007720947266,61.83966827392578,10671470,Merck & Co.,United States,MRK
2021-02-01 05:00:00,74.41793823242188,74.74236297607422,73.7977066040039,73.8167953491211,62.07235717773438,8224599,Merck & Co.,United States,MRK
2021-02-02 05:00:00,74.22709655761719,75.30534362792969,74.14122009277344,74.20801544189453,62.40132904052734,9866710,Merck & Co.,United States,MRK
2021-02-03 05:00:00,74.08396911621094,74.57061004638672,73.61640930175781,73.77862548828125,62.04026031494141,10034810,Merck & Co.,United States,MRK
2021-02-04 05:00:00,73.44465637207031,73.48282623291016,72.08015441894531,72.5477066040039,61.00517272949219,18867563,Merck & Co.,United States,MRK
2021-02-05 05:00:00,72.92938995361328,73.4542007446289,71.95610809326172,72.3282470703125,60.82063674926758,13901825,Merck & Co.,United States,MRK
2021-02-08 05:00:00,72.3759536743164,72.70037841796875,71.2404556274414,71.6030502319336,60.21081161499023,16718534,Merck & Co.,United States,MRK
2021-02-09 05:00:00,71.6603012084961,71.72709655761719,70.9542007446289,71.6030502319336,60.21081161499023,13484616,Merck & Co.,United States,MRK
2021-02-10 05:00:00,71.87023162841797,71.92748260498047,71.1259536743164,71.45992279052734,60.0904655456543,11721566,Merck & Co.,United States,MRK
2021-02-11 05:00:00,71.38359069824219,71.6603012084961,70.83015441894531,71.3167953491211,59.97011566162109,8780982,Merck & Co.,United States,MRK
2021-02-12 05:00:00,71.2977066040039,71.66984558105469,71.1259536743164,71.56488800048828,60.17873001098633,6738116,Merck & Co.,United States,MRK
2021-02-16 05:00:00,71.91793823242188,71.97518920898438,70.65839385986328,70.84923553466797,59.57694625854492,9734453,Merck & Co.,United States,MRK
2021-02-17 05:00:00,71.04962158203125,72.57633972167969,70.96373748779297,72.08015441894531,60.61201477050781,13876463,Merck & Co.,United States,MRK
2021-02-18 05:00:00,71.82251739501953,72.40457916259766,71.6030502319336,71.95610809326172,60.50771713256836,10004627,Merck & Co.,United States,MRK
2021-02-19 05:00:00,71.98473358154297,72.05152893066406,70.85877990722656,70.90648651123047,59.62508010864258,12388198,Merck & Co.,United States,MRK
2021-02-22 05:00:00,71.08778381347656,71.62213897705078,70.3530502319336,71.49809265136719,60.12256240844727,8612464,Merck & Co.,United States,MRK
2021-02-23 05:00:00,71.84160614013672,72.48091888427734,71.04962158203125,71.1259536743164,59.80962753295898,10900458,Merck & Co.,United States,MRK
2021-02-24 05:00:00,71.3740463256836,71.82251739501953,70.98282623291016,71.15457916259766,59.83370208740234,9838834,Merck & Co.,United States,MRK
2021-02-25 05:00:00,70.81106567382812,71.56488800048828,70.68701934814453,71.2022933959961,59.87383270263672,10906955,Merck & Co.,United States,MRK
2021-02-26 05:00:00,71.03053283691406,71.28816986083984,69.21755981445312,69.29389190673828,58.26905059814453,17644862,Merck & Co.,United States,MRK
2021-03-01 05:00:00,69.85687255859375,70.02862548828125,68.8740463256836,69.06488800048828,58.07649230957031,12594864,Merck & Co.,United States,MRK
2021-03-02 05:00:00,69.50381469726562,70.1240463256836,69.08396911621094,69.51335906982422,58.45361709594727,16047290,Merck & Co.,United States,MRK
2021-03-03 05:00:00,69.48473358154297,70.3530502319336,69.1030502319336,69.9427490234375,58.81468200683594,13939972,Merck & Co.,United States,MRK
2021-03-04 05:00:00,69.8282470703125,69.96183013916016,68.43511199951172,68.864501953125,57.90799331665039,15975188,Merck & Co.,United States,MRK
2021-03-05 05:00:00,69.18893432617188,70.0477066040039,68.71183013916016,69.78053283691406,58.67828750610352,12241164,Merck & Co.,United States,MRK
2021-03-08 05:00:00,70.96373748779297,72.09923553466797,70.03816986083984,70.77290344238281,59.51277542114258,15391347,Merck & Co.,United States,MRK
2021-03-09 05:00:00,71.14503479003906,72.00381469726562,70.73473358154297,70.74427795410156,59.48867416381836,14189920,Merck & Co.,United States,MRK
2021-03-10 05:00:00,71.33587646484375,71.78434753417969,70.70610809326172,71.33587646484375,59.98615264892578,12827310,Merck & Co.,United States,MRK
2021-03-11 05:00:00,71.45992279052734,71.90839385986328,71.17366027832031,71.21183013916016,59.88184356689453,13205324,Merck & Co.,United States,MRK
2021-03-12 05:00:00,70.63931274414062,71.45992279052734,70.60114288330078,71.1832046508789,60.38368606567383,11493940,Merck & Co.,United States,MRK
2021-03-15 04:00:00,72.04198455810547,73.05343627929688,71.64122009277344,72.7385482788086,61.70305633544922,17999295,Merck & Co.,United States,MRK
2021-03-16 04:00:00,72.66221618652344,73.635498046875,72.65267181396484,73.29198455810547,62.17253875732422,15697887,Merck & Co.,United States,MRK
2021-03-17 04:00:00,73.21565246582031,73.95037841796875,72.4904556274414,73.7595443725586,62.56916046142578,17533878,Merck & Co.,United States,MRK
2021-03-18 04:00:00,73.72137451171875,74.60877990722656,73.67366027832031,73.73091888427734,62.54487991333008,14274179,Merck & Co.,United States,MRK
2021-03-19 04:00:00,73.71183013916016,74.66603088378906,72.53816986083984,73.95992279052734,62.73915100097656,58225203,Merck & Co.,United States,MRK
2021-03-22 04:00:00,72.3282470703125,74.42748260498047,72.08015441894531,73.95992279052734,62.73915100097656,11352879,Merck & Co.,United States,MRK
2021-03-23 04:00:00,73.55915832519531,73.77862548828125,72.5477066040039,72.77671813964844,61.73545837402344,11651245,Merck & Co.,United States,MRK
2021-03-24 04:00:00,72.58587646484375,73.16793823242188,72.4332046508789,72.74809265136719,61.71115875244141,9135416,Merck & Co.,United States,MRK
2021-03-25 04:00:00,72.91984558105469,73.10114288330078,71.86068725585938,72.58587646484375,61.57355880737305,10700918,Merck & Co.,United States,MRK
2021-03-26 04:00:00,72.66221618652344,73.9217529296875,72.3759536743164,73.84542083740234,62.64200210571289,10389767,Merck & Co.,United States,MRK
2021-03-29 04:00:00,73.77862548828125,74.9522933959961,73.635498046875,74.71373748779297,63.37860488891602,11448562,Merck & Co.,United States,MRK
2021-03-30 04:00:00,74.42748260498047,74.50381469726562,73.27290344238281,73.43511199951172,62.29396438598633,10123366,Merck & Co.,United States,MRK
2021-03-31 04:00:00,73.5687026977539,74.13167572021484,73.12976837158203,73.55915832519531,62.3991813659668,13598219,Merck & Co.,United States,MRK
2021-04-01 04:00:00,73.6259536743164,73.91221618652344,73.30152893066406,73.55915832519531,62.3991813659668,9121373,Merck & Co.,United States,MRK
2021-04-05 04:00:00,73.96946716308594,74.34160614013672,73.26335906982422,73.47328186035156,62.32632064819336,9828144,Merck & Co.,United States,MRK
2021-04-06 04:00:00,73.38740539550781,73.41603088378906,72.17557525634766,72.3187026977539,61.3469123840332,13394698,Merck & Co.,United States,MRK
2021-04-07 04:00:00,72.59542083740234,72.90076446533203,72.25190734863281,72.63359069824219,61.61403274536133,8970566,Merck & Co.,United States,MRK
2021-04-08 04:00:00,72.59542083740234,72.90076446533203,71.83206176757812,72.03244018554688,61.10408782958984,12007984,Merck & Co.,United States,MRK
2021-04-09 04:00:00,72.05152893066406,72.88167572021484,71.97518920898438,72.81488800048828,61.76784133911133,8177439,Merck & Co.,United States,MRK
2021-04-12 04:00:00,72.87213897705078,73.09160614013672,72.5,72.72901153564453,61.69497680664062,9970672,Merck & Co.,United States,MRK
2021-04-13 04:00:00,72.4904556274414,73.24427795410156,72.39503479003906,72.92938995361328,61.86495971679688,8627346,Merck & Co.,United States,MRK
2021-04-14 04:00:00,72.80534362792969,73.27290344238281,72.53816986083984,72.90076446533203,61.84068298339844,8415545,Merck & Co.,United States,MRK
2021-04-15 04:00:00,72.5667953491211,73.78816986083984,72.5667953491211,73.14885711669922,62.0511360168457,14541734,Merck & Co.,United States,MRK
2021-04-16 04:00:00,73.71183013916016,74.18893432617188,73.30152893066406,73.9217529296875,62.70677185058594,12512806,Merck & Co.,United States,MRK
2021-04-19 04:00:00,74.14122009277344,74.22709655761719,73.44465637207031,74.1030502319336,62.86055755615234,8536903,Merck & Co.,United States,MRK
2021-04-20 04:00:00,74.12213897705078,75.51526641845703,74.12213897705078,74.97137451171875,63.59714508056641,11009345,Merck & Co.,United States,MRK
2021-04-21 04:00:00,75.31488800048828,75.84923553466797,75.0667953491211,75.60114288330078,64.1313705444336,11817248,Merck & Co.,United States,MRK
2021-04-22 04:00:00,75.38167572021484,75.43893432617188,74.00763702392578,74.38931274414062,63.1033935546875,13330560,Merck & Co.,United States,MRK
2021-04-23 04:00:00,74.29389190673828,74.61832427978516,73.91221618652344,74.31298065185547,63.03864669799805,8598840,Merck & Co.,United States,MRK
2021-04-26 04:00:00,74.29389190673828,74.34160614013672,73.7595443725586,73.97901153564453,62.75534820556641,7834219,Merck & Co.,United States,MRK
2021-04-27 04:00:00,73.8740463256836,74.37023162841797,73.6832046508789,73.8167953491211,62.61771392822266,9095802,Merck & Co.,United States,MRK
2021-04-28 04:00:00,74.05534362792969,74.45610809326172,73.3396987915039,73.55915832519531,62.3991813659668,11628398,Merck & Co.,United States,MRK
2021-04-29 04:00:00,72.04198455810547,72.27098846435547,69.51335906982422,70.30534362792969,59.63900756835938,30602753,Merck & Co.,United States,MRK
2021-04-30 04:00:00,70.20992279052734,71.64122009277344,70.114501953125,71.08778381347656,60.3027458190918,18052114,Merck & Co.,United States,MRK
2021-05-03 04:00:00,70.85877990722656,72.53816986083984,70.82061004638672,72.5,61.50072479248047,12543302,Merck & Co.,United States,MRK
2021-05-04 04:00:00,72.59542083740234,72.96755981445312,72.07061004638672,72.5095443725586,61.50880432128906,10418587,Merck & Co.,United States,MRK
2021-05-05 04:00:00,72.614501953125,74.16984558105469,72.27098846435547,74.14122009277344,62.8929328918457,16795143,Merck & Co.,United States,MRK
2021-05-06 04:00:00,73.89312744140625,74.29389190673828,73.17748260498047,74.21755981445312,62.95769119262695,12871641,Merck & Co.,United States,MRK
2021-05-07 04:00:00,74.43701934814453,75.0572509765625,74.32251739501953,74.8187026977539,63.4676513671875,12237496,Merck & Co.,United States,MRK
2021-05-10 04:00:00,75.20992279052734,75.55343627929688,74.58015441894531,74.5896987915039,63.27336502075195,10939758,Merck & Co.,United States,MRK
2021-05-11 04:00:00,74.26526641845703,75.0572509765625,73.61640930175781,73.91221618652344,62.69867706298828,12148102,Merck & Co.,United States,MRK
2021-05-12 04:00:00,74.15076446533203,74.9332046508789,73.7595443725586,74.42748260498047,63.13575744628906,13379711,Merck & Co.,United States,MRK
2021-05-13 04:00:00,74.32251739501953,75.37213897705078,74.08396911621094,75.08587646484375,63.69427108764648,10830451,Merck & Co.,United States,MRK
2021-05-14 04:00:00,75.43893432617188,75.52481079101562,74.63740539550781,74.7042007446289,63.37049865722656,8273122,Merck & Co.,United States,MRK
2021-05-17 04:00:00,75.0667953491211,76.49809265136719,74.9904556274414,76.21183013916016,64.6493911743164,12532508,Merck & Co.,United States,MRK
2021-05-18 04:00:00,75.70610809326172,76.14503479003906,75.27671813964844,75.74427795410156,64.25279235839844,7943106,Merck & Co.,United States,MRK
2021-05-19 04:00:00,75.31488800048828,75.76335906982422,74.37976837158203,75.72518920898438,64.2365951538086,9132796,Merck & Co.,United States,MRK
2021-05-20 04:00:00,75.31488800048828,76.32633972167969,75.28626251220703,76.0114517211914,64.47941589355469,7345222,Merck & Co.,United States,MRK
2021-05-21 04:00:00,76.26908111572266,76.6603012084961,75.45801544189453,75.55343627929688,64.09090423583984,10863987,Merck & Co.,United States,MRK
2021-05-24 04:00:00,75.88740539550781,76.00190734863281,75.34351348876953,75.4103012084961,63.96948623657227,8737910,Merck & Co.,United States,MRK
2021-05-25 04:00:00,75.38167572021484,75.62023162841797,73.91221618652344,73.95037841796875,62.73104095458984,14331714,Merck & Co.,United States,MRK
2021-05-26 04:00:00,73.99809265136719,74.20801544189453,73.44465637207031,73.6927490234375,62.51250076293945,9686454,Merck & Co.,United States,MRK
2021-05-27 04:00:00,73.95037841796875,74.0457992553711,72.40457916259766,72.4427490234375,61.45214080810547,17675149,Merck & Co.,United States,MRK
2021-05-28 04:00:00,72.53816986083984,72.90076446533203,72.3282470703125,72.41412353515625,61.42786407470703,13969735,Merck & Co.,United States,MRK
2021-06-01 04:00:00,72.57633972167969,72.65267181396484,71.59351348876953,71.73664093017578,60.8531608581543,15798914,Merck & Co.,United States,MRK
2021-06-02 04:00:00,71.86068725585938,72.60496520996094,71.82251739501953,72.39503479003906,61.41167449951172,11830453,Merck & Co.,United States,MRK
2021-06-03 04:00:00,73.22000122070312,74.0,72.9000015258789,73.91000366210938,62.69680023193359,15974400,Merck & Co.,United States,MRK
2021-06-04 04:00:00,74.19999694824219,74.4800033569336,73.9000015258789,74.11000061035156,62.8664436340332,12728500,Merck & Co.,United States,MRK
2021-06-07 04:00:00,74.13999938964844,74.19999694824219,72.77999877929688,72.80000305175781,61.75520706176758,16794400,Merck & Co.,United States,MRK
2021-06-08 04:00:00,72.94999694824219,73.16999816894531,72.08000183105469,72.4000015258789,61.4158935546875,13657700,Merck & Co.,United States,MRK
2021-06-09 04:00:00,73.0,74.30000305175781,72.94999694824219,74.04000091552734,62.80706787109375,12258700,Merck & Co.,United States,MRK
2021-06-10 04:00:00,75.2300033569336,76.47000122070312,74.73999786376953,76.13999938964844,64.58849334716797,17236700,Merck & Co.,United States,MRK
2021-06-11 04:00:00,76.70999908447266,76.86000061035156,75.61000061035156,76.2699966430664,64.69876861572266,13928400,Merck & Co.,United States,MRK
2021-06-14 04:00:00,75.73999786376953,75.80000305175781,74.87999725341797,75.44999694824219,64.55328369140625,7841400,Merck & Co.,United States,MRK
2021-06-15 04:00:00,75.5,75.7699966430664,74.72000122070312,75.69999694824219,64.76719665527344,14185700,Merck & Co.,United States,MRK
2021-06-16 04:00:00,76.22000122070312,77.55000305175781,76.19000244140625,76.61000061035156,65.54578399658203,17576900,Merck & Co.,United States,MRK
2021-06-17 04:00:00,76.33999633789062,77.47000122070312,75.98999786376953,77.2300033569336,66.07622528076172,14233200,Merck & Co.,United States,MRK
2021-06-18 04:00:00,76.73999786376953,77.22000122070312,76.16000366210938,76.61000061035156,65.54578399658203,19351900,Merck & Co.,United States,MRK
2021-06-21 04:00:00,76.88999938964844,77.29000091552734,76.55000305175781,76.75,65.66553497314453,10880800,Merck & Co.,United States,MRK
2021-06-22 04:00:00,76.58999633789062,76.73999786376953,76.01000213623047,76.19000244140625,65.18640899658203,10957500,Merck & Co.,United States,MRK
2021-06-23 04:00:00,75.8499984741211,76.26000213623047,75.55000305175781,75.58000183105469,64.66452026367188,9539100,Merck & Co.,United States,MRK
2021-06-24 04:00:00,75.7300033569336,76.63999938964844,75.7300033569336,76.36000061035156,65.33187866210938,8601900,Merck & Co.,United States,MRK
2021-06-25 04:00:00,76.05999755859375,77.97000122070312,76.05000305175781,77.19999694824219,66.050537109375,50285200,Merck & Co.,United States,MRK
2021-06-28 04:00:00,77.25,77.73999786376953,76.79000091552734,76.86000061035156,65.75965881347656,8796200,Merck & Co.,United States,MRK
2021-06-29 04:00:00,77.0,77.33000183105469,76.81999969482422,77.20999908447266,66.05912780761719,7696600,Merck & Co.,United States,MRK
2021-06-30 04:00:00,77.4000015258789,78.08999633789062,77.2300033569336,77.7699966430664,66.5382308959961,13811900,Merck & Co.,United States,MRK
2021-07-01 04:00:00,77.6500015258789,78.1500015258789,77.51000213623047,77.98999786376953,66.72649383544922,9212000,Merck & Co.,United States,MRK
2021-07-02 04:00:00,78.04000091552734,78.7699966430664,77.76000213623047,78.5999984741211,67.24837493896484,7668000,Merck & Co.,United States,MRK
2021-07-06 04:00:00,78.13999938964844,78.3499984741211,77.55999755859375,78.11000061035156,66.82913208007812,6720500,Merck & Co.,United States,MRK
2021-07-07 04:00:00,78.41000366210938,78.61000061035156,78.12999725341797,78.55999755859375,67.2141342163086,8275100,Merck & Co.,United States,MRK
2021-07-08 04:00:00,77.7699966430664,78.30000305175781,77.30999755859375,78.12000274658203,66.83767700195312,8400400,Merck & Co.,United States,MRK
2021-07-09 04:00:00,78.41999816894531,78.69000244140625,77.94000244140625,77.98999786376953,66.72649383544922,6006500,Merck & Co.,United States,MRK
2021-07-12 04:00:00,77.55000305175781,78.43000030517578,77.38999938964844,77.55000305175781,66.35001373291016,11087900,Merck & Co.,United States,MRK
2021-07-13 04:00:00,77.4000015258789,77.7699966430664,77.23999786376953,77.61000061035156,66.4013671875,6465800,Merck & Co.,United States,MRK
2021-07-14 04:00:00,77.5999984741211,77.72000122070312,76.87999725341797,77.62000274658203,66.40991973876953,7163200,Merck & Co.,United States,MRK
2021-07-15 04:00:00,77.62000274658203,78.04000091552734,77.20999908447266,77.9000015258789,66.64946746826172,7041300,Merck & Co.,United States,MRK
2021-07-16 04:00:00,78.01000213623047,78.37999725341797,77.62999725341797,78.0199966430664,66.75213623046875,7638200,Merck & Co.,United States,MRK
2021-07-19 04:00:00,77.80999755859375,78.33999633789062,76.1500015258789,77.05000305175781,65.9222183227539,9830600,Merck & Co.,United States,MRK
2021-07-20 04:00:00,77.19000244140625,78.12999725341797,75.94999694824219,76.16999816894531,65.1693115234375,11627600,Merck & Co.,United States,MRK
2021-07-21 04:00:00,76.31999969482422,76.45999908447266,75.63999938964844,76.38999938964844,65.35753631591797,7429300,Merck & Co.,United States,MRK
2021-07-22 04:00:00,76.5999984741211,76.79000091552734,76.08000183105469,76.52999877929688,65.47730255126953,8708900,Merck & Co.,United States,MRK
2021-07-23 04:00:00,76.80000305175781,77.68000030517578,76.7300033569336,77.54000091552734,66.3414535522461,6560800,Merck & Co.,United States,MRK
2021-07-26 04:00:00,77.45999908447266,77.61000061035156,76.95999908447266,77.23999786376953,66.08477783203125,5071800,Merck & Co.,United States,MRK
2021-07-27 04:00:00,77.16999816894531,78.12999725341797,76.73999786376953,77.8499984741211,66.606689453125,8136000,Merck & Co.,United States,MRK
2021-07-28 04:00:00,77.86000061035156,78.66999816894531,77.47000122070312,78.33000183105469,67.0173568725586,11037900,Merck & Co.,United States,MRK
2021-07-29 04:00:00,77.55000305175781,77.91999816894531,76.80999755859375,76.93000030517578,65.81954956054688,11583000,Merck & Co.,United States,MRK
2021-07-30 04:00:00,77.12000274658203,77.76000213623047,76.7699966430664,76.87000274658203,65.76821899414062,13004500,Merck & Co.,United States,MRK
2021-08-02 04:00:00,76.93000030517578,77.26000213623047,76.13999938964844,76.18000030517578,65.1778793334961,9083400,Merck & Co.,United States,MRK
2021-08-03 04:00:00,76.36000061035156,76.80999755859375,76.19000244140625,76.41000366210938,65.37466430664062,9952400,Merck & Co.,United States,MRK
2021-08-04 04:00:00,76.48999786376953,76.48999786376953,75.45999908447266,75.4800033569336,64.57896423339844,10893400,Merck & Co.,United States,MRK
2021-08-05 04:00:00,75.5199966430664,75.69000244140625,74.93000030517578,75.58999633789062,64.6730728149414,8701600,Merck & Co.,United States,MRK
2021-08-06 04:00:00,75.62000274658203,75.66000366210938,74.98999786376953,75.44000244140625,64.54473876953125,8670700,Merck & Co.,United States,MRK
2021-08-09 04:00:00,75.8499984741211,76.22000122070312,75.0,75.31999969482422,64.44208526611328,7867000,Merck & Co.,United States,MRK
2021-08-10 04:00:00,75.1500015258789,75.36000061035156,74.81999969482422,75.19000244140625,64.3308334350586,11243100,Merck & Co.,United States,MRK
2021-08-11 04:00:00,75.58000183105469,75.7699966430664,75.13999938964844,75.20999908447266,64.34796905517578,6952200,Merck & Co.,United States,MRK
2021-08-12 04:00:00,75.12000274658203,76.05999755859375,75.05999755859375,76.04000091552734,65.05809020996094,6077100,Merck & Co.,United States,MRK
2021-08-13 04:00:00,76.36000061035156,76.7699966430664,76.22000122070312,76.72000122070312,65.639892578125,6810400,Merck & Co.,United States,MRK
2021-08-16 04:00:00,76.7300033569336,78.01000213623047,76.63999938964844,77.93000030517578,66.67513275146484,9368400,Merck & Co.,United States,MRK
2021-08-17 04:00:00,77.9000015258789,79.05999755859375,77.83000183105469,78.83000183105469,67.44515228271484,10311600,Merck & Co.,United States,MRK
2021-08-18 04:00:00,78.87999725341797,79.06999969482422,77.75,77.79000091552734,66.55535888671875,7459100,Merck & Co.,United States,MRK
2021-08-19 04:00:00,77.70999908447266,79.13999938964844,77.70999908447266,78.45999908447266,67.12857818603516,8865400,Merck & Co.,United States,MRK
2021-08-20 04:00:00,78.52999877929688,79.19999694824219,78.22000122070312,78.68000030517578,67.31681823730469,6284200,Merck & Co.,United States,MRK
2021-08-23 04:00:00,79.11000061035156,79.2300033569336,78.33999633789062,78.37999725341797,67.06014251708984,6492600,Merck & Co.,United States,MRK
2021-08-24 04:00:00,78.2699966430664,78.2699966430664,77.54000091552734,77.72000122070312,66.49547576904297,8698100,Merck & Co.,United States,MRK
2021-08-25 04:00:00,77.80999755859375,77.80999755859375,76.4000015258789,77.06999969482422,65.9393310546875,7045800,Merck & Co.,United States,MRK
2021-08-26 04:00:00,77.11000061035156,77.31999969482422,76.51000213623047,76.56999969482422,65.51154327392578,6640400,Merck & Co.,United States,MRK
2021-08-27 04:00:00,76.80999755859375,76.97000122070312,76.16999816894531,76.30000305175781,65.28054809570312,6010000,Merck & Co.,United States,MRK
2021-08-30 04:00:00,76.30000305175781,76.83999633789062,76.20999908447266,76.5,65.45166015625,7339700,Merck & Co.,United States,MRK
2021-08-31 04:00:00,76.79000091552734,77.0999984741211,76.02999877929688,76.29000091552734,65.27198028564453,10949500,Merck & Co.,United States,MRK
2021-09-01 04:00:00,76.22000122070312,76.80000305175781,75.83000183105469,76.18000030517578,65.1778793334961,9187200,Merck & Co.,United States,MRK
2021-09-02 04:00:00,76.4800033569336,77.13999938964844,76.16999816894531,77.12000274658203,65.98210144042969,6559400,Merck & Co.,United States,MRK
2021-09-03 04:00:00,77.26000213623047,77.37999725341797,76.69000244140625,77.26000213623047,66.10189056396484,6629800,Merck & Co.,United States,MRK
2021-09-07 04:00:00,76.58999633789062,76.87000274658203,75.16999816894531,75.9800033569336,65.00675964355469,13979500,Merck & Co.,United States,MRK
2021-09-08 04:00:00,75.97000122070312,75.97000122070312,74.80000305175781,75.36000061035156,64.47628021240234,8243000,Merck & Co.,United States,MRK
2021-09-09 04:00:00,75.19000244140625,75.19000244140625,73.5999984741211,73.81999969482422,63.15872573852539,14628700,Merck & Co.,United States,MRK
2021-09-10 04:00:00,73.9800033569336,74.20999908447266,73.12000274658203,73.44999694824219,62.84214782714844,11084500,Merck & Co.,United States,MRK
2021-09-13 04:00:00,73.7699966430664,73.83000183105469,72.86000061035156,73.18000030517578,62.61114120483398,11245200,Merck & Co.,United States,MRK
2021-09-14 04:00:00,73.05000305175781,73.13999938964844,72.05999755859375,72.11000061035156,62.24859619140625,15202800,Merck & Co.,United States,MRK
2021-09-15 04:00:00,72.08000183105469,73.1500015258789,71.87999725341797,72.80999755859375,62.85283660888672,12555900,Merck & Co.,United States,MRK
2021-09-16 04:00:00,73.0199966430664,73.0199966430664,71.69000244140625,71.97000122070312,62.12773513793945,14818900,Merck & Co.,United States,MRK
2021-09-17 04:00:00,71.19000244140625,72.0,70.88999938964844,71.68000030517578,61.87737274169922,43406600,Merck & Co.,United States,MRK
2021-09-20 04:00:00,71.16000366210938,72.61000061035156,71.12000274658203,71.93000030517578,62.09317779541016,15989400,Merck & Co.,United States,MRK
2021-09-21 04:00:00,72.4800033569336,72.68000030517578,71.7699966430664,71.97000122070312,62.12773513793945,11995900,Merck & Co.,United States,MRK
2021-09-22 04:00:00,72.33000183105469,72.41000366210938,71.86000061035156,72.04000091552734,62.18814086914062,9028700,Merck & Co.,United States,MRK
2021-09-23 04:00:00,72.68000030517578,74.04000091552734,72.56999969482422,73.05000305175781,63.06003952026367,12813500,Merck & Co.,United States,MRK
2021-09-24 04:00:00,73.58999633789062,74.62999725341797,73.3499984741211,73.61000061035156,63.54344177246094,14714700,Merck & Co.,United States,MRK
2021-09-27 04:00:00,73.51000213623047,74.2699966430664,73.33999633789062,73.36000061035156,63.32761764526367,8630600,Merck & Co.,United States,MRK
2021-09-28 04:00:00,73.55000305175781,73.81999969482422,72.66000366210938,73.31999969482422,63.29311370849609,11836200,Merck & Co.,United States,MRK
2021-09-29 04:00:00,73.61000061035156,75.69999694824219,73.58000183105469,75.08999633789062,64.82103729248047,16054500,Merck & Co.,United States,MRK
2021-09-30 04:00:00,75.58000183105469,76.6500015258789,75.0999984741211,75.11000061035156,64.83831024169922,16248600,Merck & Co.,United States,MRK
2021-10-01 04:00:00,81.55999755859375,84.33999633789062,80.62999725341797,81.4000015258789,70.26811981201172,102497300,Merck & Co.,United States,MRK
2021-10-04 04:00:00,84.16999816894531,84.55999755859375,82.41999816894531,83.0999984741211,71.73563385009766,53553300,Merck & Co.,United States,MRK
2021-10-05 04:00:00,82.77999877929688,83.38999938964844,81.30000305175781,81.5999984741211,70.4407730102539,28977800,Merck & Co.,United States,MRK
2021-10-06 04:00:00,81.5,81.68000030517578,80.1500015258789,80.66000366210938,69.62932586669922,17608000,Merck & Co.,United States,MRK
2021-10-07 04:00:00,81.54000091552734,82.66999816894531,81.02999877929688,81.94000244140625,70.73428344726562,14190500,Merck & Co.,United States,MRK
2021-10-08 04:00:00,81.66999816894531,81.80000305175781,80.52999877929688,80.62999725341797,69.60342407226562,12121100,Merck & Co.,United States,MRK
2021-10-11 04:00:00,81.63999938964844,81.63999938964844,79.87000274658203,79.93000030517578,68.99916076660156,11279700,Merck & Co.,United States,MRK
2021-10-12 04:00:00,80.18000030517578,80.18000030517578,79.25,79.58999633789062,68.70565032958984,10945000,Merck & Co.,United States,MRK
2021-10-13 04:00:00,79.58999633789062,79.66000366210938,78.77999877929688,78.94999694824219,68.1531753540039,9462600,Merck & Co.,United States,MRK
2021-10-14 04:00:00,78.97000122070312,79.66999816894531,77.9800033569336,78.33000183105469,67.61795043945312,14607900,Merck & Co.,United States,MRK
2021-10-15 04:00:00,78.19999694824219,79.05999755859375,77.9800033569336,78.33000183105469,67.61795043945312,12866800,Merck & Co.,United States,MRK
2021-10-18 04:00:00,78.73999786376953,78.73999786376953,77.11000061035156,77.1500015258789,66.5993423461914,13075500,Merck & Co.,United States,MRK
2021-10-19 04:00:00,78.7300033569336,79.5199966430664,78.11000061035156,79.48999786376953,68.61933135986328,15577100,Merck & Co.,United States,MRK
2021-10-20 04:00:00,79.31999969482422,81.25,79.30999755859375,81.06999969482422,69.9832534790039,11465500,Merck & Co.,United States,MRK
2021-10-21 04:00:00,81.11000061035156,81.26000213623047,80.27999877929688,81.16999816894531,70.06956481933594,9893600,Merck & Co.,United States,MRK
2021-10-22 04:00:00,81.1500015258789,81.4800033569336,80.87999725341797,81.1500015258789,70.05231475830078,7543600,Merck & Co.,United States,MRK
2021-10-25 04:00:00,81.02999877929688,81.72000122070312,79.94999694824219,81.66000366210938,70.49256134033203,9365900,Merck & Co.,United States,MRK
2021-10-26 04:00:00,81.9000015258789,82.36000061035156,81.70999908447266,82.25,71.00188446044922,9352500,Merck & Co.,United States,MRK
2021-10-27 04:00:00,82.4800033569336,82.4800033569336,81.30000305175781,81.54000091552734,70.38896179199219,8465400,Merck & Co.,United States,MRK
2021-10-28 04:00:00,83.37999725341797,86.86000061035156,83.16999816894531,86.55000305175781,74.7138442993164,28854700,Merck & Co.,United States,MRK
2021-10-29 04:00:00,86.48999786376953,88.45999908447266,86.16999816894531,88.05000305175781,76.00870513916016,18678600,Merck & Co.,United States,MRK
2021-11-01 04:00:00,88.05000305175781,88.62999725341797,87.29000091552734,87.83999633789062,75.8274154663086,10943900,Merck & Co.,United States,MRK
2021-11-02 04:00:00,88.2300033569336,90.41999816894531,87.4800033569336,89.0199966430664,76.84605407714844,14671400,Merck & Co.,United States,MRK
2021-11-03 04:00:00,88.7699966430664,89.41999816894531,88.20999908447266,88.68000030517578,76.55254364013672,10883900,Merck & Co.,United States,MRK
2021-11-04 04:00:00,90.37000274658203,91.4000015258789,89.2699966430664,90.54000091552734,78.15818786621094,19519800,Merck & Co.,United States,MRK
2021-11-05 04:00:00,82.29000091552734,84.0,81.3499984741211,81.61000061035156,70.44940948486328,37623900,Merck & Co.,United States,MRK
2021-11-08 05:00:00,80.41000366210938,82.87999725341797,79.87999725341797,82.68000030517578,71.37307739257812,18655700,Merck & Co.,United States,MRK
2021-11-09 05:00:00,83.62000274658203,83.70999908447266,81.91000366210938,82.72000122070312,71.4076156616211,10512000,Merck & Co.,United States,MRK
2021-11-10 05:00:00,83.30999755859375,84.0199966430664,82.69999694824219,84.01000213623047,72.52119445800781,9855900,Merck & Co.,United States,MRK
2021-11-11 05:00:00,83.91999816894531,84.26000213623047,83.52999877929688,84.0199966430664,72.52983093261719,5761500,Merck & Co.,United States,MRK
2021-11-12 05:00:00,83.83999633789062,84.19999694824219,83.05000305175781,84.0,72.51255798339844,8206700,Merck & Co.,United States,MRK
2021-11-15 05:00:00,84.1500015258789,84.18000030517578,83.4000015258789,83.69000244140625,72.24494171142578,7108200,Merck & Co.,United States,MRK
2021-11-16 05:00:00,83.66999816894531,84.69000244140625,83.25,84.11000061035156,72.60751342773438,10565200,Merck & Co.,United States,MRK
2021-11-17 05:00:00,84.37000274658203,84.66999816894531,82.58999633789062,82.5999984741211,71.30401611328125,10286300,Merck & Co.,United States,MRK
2021-11-18 05:00:00,82.30000305175781,83.13999938964844,82.0199966430664,83.05000305175781,71.69246673583984,9833600,Merck & Co.,United States,MRK
2021-11-19 05:00:00,82.37000274658203,82.75,80.62000274658203,80.69999694824219,69.66384887695312,17581100,Merck & Co.,United States,MRK
2021-11-22 05:00:00,81.0,82.06999969482422,80.54000091552734,81.63999938964844,70.47528839111328,10880200,Merck & Co.,United States,MRK
2021-11-23 05:00:00,81.48999786376953,83.58999633789062,81.33999633789062,82.80000305175781,71.47666931152344,12130800,Merck & Co.,United States,MRK
2021-11-24 05:00:00,82.80000305175781,82.9000015258789,81.95999908447266,82.27999877929688,71.02777862548828,8537000,Merck & Co.,United States,MRK
2021-11-26 05:00:00,78.7300033569336,79.93000030517578,77.11000061035156,79.16000366210938,68.33444213867188,18022000,Merck & Co.,United States,MRK
2021-11-29 05:00:00,76.41999816894531,77.5,74.0,74.88999938964844,64.64838409423828,34192400,Merck & Co.,United States,MRK
2021-11-30 05:00:00,74.75,75.02999877929688,73.83999633789062,74.91000366210938,64.66566467285156,30179900,Merck & Co.,United States,MRK
2021-12-01 05:00:00,75.52999877929688,76.91000366210938,74.38999938964844,74.44000244140625,64.25994110107422,21435900,Merck & Co.,United States,MRK
2021-12-02 05:00:00,74.37999725341797,74.77999877929688,73.30000305175781,73.88999938964844,63.78515625,15345300,Merck & Co.,United States,MRK
2021-12-03 05:00:00,74.08999633789062,74.25,72.66000366210938,73.33999633789062,63.31037521362305,14508900,Merck & Co.,United States,MRK
2021-12-06 05:00:00,73.30000305175781,73.8499984741211,72.80000305175781,73.41999816894531,63.37940979003906,13506800,Merck & Co.,United States,MRK
2021-12-07 05:00:00,72.02999877929688,72.72000122070312,71.5,72.27999877929688,62.39533233642578,17635100,Merck & Co.,United States,MRK
2021-12-08 05:00:00,72.54000091552734,73.41000366210938,72.08000183105469,73.20999908447266,63.19813537597656,14331400,Merck & Co.,United States,MRK
2021-12-09 05:00:00,73.44000244140625,73.55999755859375,72.69000244140625,72.86000061035156,62.89598846435547,11938000,Merck & Co.,United States,MRK
2021-12-10 05:00:00,73.12000274658203,73.2300033569336,72.25,72.62000274658203,62.68882751464844,11398800,Merck & Co.,United States,MRK
2021-12-13 05:00:00,72.37000274658203,73.44999694824219,71.97000122070312,73.41999816894531,63.37940979003906,17486100,Merck & Co.,United States,MRK
2021-12-14 05:00:00,72.36000061035156,74.04000091552734,72.16000366210938,73.72000122070312,64.24214172363281,18949700,Merck & Co.,United States,MRK
2021-12-15 05:00:00,73.70999908447266,75.38999938964844,73.70999908447266,75.29000091552734,65.61029815673828,14263400,Merck & Co.,United States,MRK
2021-12-16 05:00:00,75.5,76.52999877929688,75.2699966430664,75.91000366210938,66.15058898925781,16601700,Merck & Co.,United States,MRK
2021-12-17 05:00:00,76.55999755859375,77.73999786376953,75.5,75.69000244140625,65.95887756347656,28040600,Merck & Co.,United States,MRK
2021-12-20 05:00:00,75.69999694824219,76.5,74.94999694824219,76.41000366210938,66.5863037109375,11818800,Merck & Co.,United States,MRK
2021-12-21 05:00:00,76.25,76.27999877929688,74.88999938964844,75.54000091552734,65.8281478881836,14947800,Merck & Co.,United States,MRK
2021-12-22 05:00:00,75.44000244140625,76.55999755859375,75.12999725341797,76.16000366210938,66.36846923828125,9256000,Merck & Co.,United States,MRK
2021-12-23 05:00:00,76.30000305175781,76.30000305175781,75.3499984741211,75.7300033569336,65.99372100830078,9894900,Merck & Co.,United States,MRK
2021-12-27 05:00:00,76.0,76.61000061035156,75.7699966430664,76.56999969482422,66.7257308959961,6334700,Merck & Co.,United States,MRK
2021-12-28 05:00:00,76.68000030517578,77.13999938964844,76.20999908447266,76.80999755859375,66.93487548828125,5727100,Merck & Co.,United States,MRK
2021-12-29 05:00:00,76.80000305175781,77.18000030517578,76.47000122070312,76.94999694824219,67.05687713623047,5926100,Merck & Co.,United States,MRK
2021-12-30 05:00:00,77.12000274658203,77.61000061035156,76.97000122070312,77.13999938964844,67.22247314453125,5859100,Merck & Co.,United States,MRK
2021-12-31 05:00:00,77.13999938964844,77.55000305175781,76.62000274658203,76.63999938964844,66.78672790527344,6019500,Merck & Co.,United States,MRK
2022-01-03 05:00:00,76.58000183105469,76.94000244140625,75.3499984741211,76.87000274658203,66.98715209960938,9441200,Merck & Co.,United States,MRK
2022-01-04 05:00:00,76.4000015258789,77.2699966430664,75.88999938964844,77.01000213623047,67.1091537475586,11981700,Merck & Co.,United States,MRK
2022-01-05 05:00:00,77.26000213623047,79.80999755859375,77.26000213623047,78.87999725341797,68.73873901367188,17447900,Merck & Co.,United States,MRK
2022-01-06 05:00:00,78.79000091552734,79.58000183105469,77.94999694824219,78.83000183105469,68.69518280029297,11359200,Merck & Co.,United States,MRK
2022-01-07 05:00:00,78.86000061035156,80.52999877929688,78.45999908447266,80.30000305175781,69.97618865966797,15212000,Merck & Co.,United States,MRK
2022-01-10 05:00:00,80.54000091552734,82.44999694824219,79.66999816894531,82.37000274658203,71.78005981445312,19636800,Merck & Co.,United States,MRK
2022-01-11 05:00:00,82.41999816894531,82.55999755859375,80.6500015258789,81.66999816894531,71.1700668334961,11585100,Merck & Co.,United States,MRK
2022-01-12 05:00:00,81.08000183105469,81.41999816894531,80.66999816894531,81.19999694824219,70.76046752929688,13057000,Merck & Co.,United States,MRK
2022-01-13 05:00:00,80.93000030517578,81.72000122070312,80.33000183105469,81.31999969482422,70.86505126953125,9678100,Merck & Co.,United States,MRK
2022-01-14 05:00:00,81.5999984741211,81.8499984741211,80.7699966430664,81.37999725341797,70.9173355102539,9478000,Merck & Co.,United States,MRK
2022-01-18 05:00:00,81.0999984741211,82.16000366210938,80.80999755859375,81.54000091552734,71.05674743652344,14493100,Merck & Co.,United States,MRK
2022-01-19 05:00:00,80.9800033569336,81.9800033569336,80.4800033569336,81.29000091552734,70.83889770507812,11448200,Merck & Co.,United States,MRK
2022-01-20 05:00:00,80.7300033569336,81.86000061035156,80.5199966430664,80.75,70.36833190917969,12069600,Merck & Co.,United States,MRK
2022-01-21 05:00:00,81.2699966430664,81.5199966430664,79.23999786376953,79.9800033569336,69.69731903076172,18461700,Merck & Co.,United States,MRK
2022-01-24 05:00:00,79.7699966430664,80.11000061035156,76.6500015258789,78.83000183105469,68.69518280029297,17289000,Merck & Co.,United States,MRK
2022-01-25 05:00:00,78.41999816894531,79.77999877929688,77.77999877929688,79.45999908447266,69.24417877197266,13662400,Merck & Co.,United States,MRK
2022-01-26 05:00:00,79.38999938964844,80.33999633789062,78.7300033569336,79.13999938964844,68.96532440185547,13046600,Merck & Co.,United States,MRK
2022-01-27 05:00:00,78.41999816894531,81.5999984741211,78.41999816894531,80.58000183105469,70.2201919555664,20187200,Merck & Co.,United States,MRK
2022-01-28 05:00:00,79.54000091552734,80.98999786376953,79.18000030517578,80.9000015258789,70.49906158447266,13915300,Merck & Co.,United States,MRK
2022-01-31 05:00:00,81.0199966430664,81.72000122070312,80.80000305175781,81.4800033569336,71.00447845458984,13035000,Merck & Co.,United States,MRK
2022-02-01 05:00:00,81.95999908447266,82.12000274658203,81.08000183105469,81.91999816894531,71.3879165649414,10803300,Merck & Co.,United States,MRK
2022-02-02 05:00:00,81.80000305175781,82.30000305175781,81.26000213623047,82.01000213623047,71.46635437011719,13988200,Merck & Co.,United States,MRK
2022-02-03 05:00:00,81.6500015258789,81.80000305175781,78.4000015258789,79.01000213623047,68.85204315185547,19181400,Merck & Co.,United States,MRK
2022-02-04 05:00:00,78.51000213623047,79.55000305175781,78.19999694824219,78.55999755859375,68.45988464355469,10716200,Merck & Co.,United States,MRK
2022-02-07 05:00:00,78.79000091552734,78.91999816894531,77.44000244140625,77.58000183105469,67.60588836669922,23615300,Merck & Co.,United States,MRK
2022-02-08 05:00:00,77.0999984741211,77.33000183105469,75.81999969482422,76.91000366210938,67.02202606201172,17486500,Merck & Co.,United States,MRK
2022-02-09 05:00:00,77.16999816894531,77.33000183105469,76.41000366210938,76.52999877929688,66.69087219238281,15183100,Merck & Co.,United States,MRK
2022-02-10 05:00:00,76.36000061035156,76.7699966430664,75.93000030517578,76.55999755859375,66.71701049804688,12437600,Merck & Co.,United States,MRK
2022-02-11 05:00:00,76.4000015258789,77.9000015258789,76.16999816894531,76.63999938964844,66.78672790527344,9342300,Merck & Co.,United States,MRK
2022-02-14 05:00:00,76.62999725341797,76.69999694824219,75.11000061035156,76.47000122070312,66.63860321044922,9881100,Merck & Co.,United States,MRK
2022-02-15 05:00:00,77.51000213623047,78.19000244140625,77.31999969482422,77.80999755859375,67.80630493164062,11425600,Merck & Co.,United States,MRK
2022-02-16 05:00:00,77.19999694824219,77.80000305175781,76.93000030517578,77.22000122070312,67.29216766357422,9981300,Merck & Co.,United States,MRK
2022-02-17 05:00:00,76.8499984741211,76.93000030517578,76.0,76.36000061035156,66.54273223876953,8889300,Merck & Co.,United States,MRK
2022-02-18 05:00:00,76.31999969482422,76.86000061035156,75.88999938964844,76.37000274658203,66.55146026611328,8780500,Merck & Co.,United States,MRK
2022-02-22 05:00:00,76.45999908447266,76.86000061035156,75.61000061035156,75.94999694824219,66.1854476928711,9052500,Merck & Co.,United States,MRK
2022-02-23 05:00:00,76.19000244140625,76.44000244140625,75.62000274658203,75.83999633789062,66.0895767211914,9659100,Merck & Co.,United States,MRK
2022-02-24 05:00:00,75.0999984741211,75.31999969482422,72.87999725341797,73.51000213623047,64.05914306640625,21135600,Merck & Co.,United States,MRK
2022-02-25 05:00:00,74.19999694824219,77.29000091552734,74.16999816894531,76.31999969482422,66.50788879394531,13665900,Merck & Co.,United States,MRK
2022-02-28 05:00:00,75.83000183105469,76.76000213623047,74.77999877929688,76.58000183105469,66.73446655273438,14126100,Merck & Co.,United States,MRK
2022-03-01 05:00:00,76.5,77.76000213623047,75.94999694824219,76.33999633789062,66.5252914428711,9807300,Merck & Co.,United States,MRK
2022-03-02 05:00:00,76.30999755859375,77.22000122070312,76.05999755859375,76.66999816894531,66.8128662109375,9697500,Merck & Co.,United States,MRK
2022-03-03 05:00:00,76.7699966430664,77.54000091552734,76.41000366210938,77.1500015258789,67.2311782836914,8191100,Merck & Co.,United States,MRK
2022-03-04 05:00:00,76.68000030517578,77.86000061035156,76.0199966430664,77.83000183105469,67.82374572753906,12216300,Merck & Co.,United States,MRK
2022-03-07 05:00:00,77.01000213623047,78.29000091552734,76.08000183105469,77.7300033569336,67.73660278320312,14008400,Merck & Co.,United States,MRK
2022-03-08 05:00:00,77.25,78.08999633789062,76.55999755859375,76.94999694824219,67.05687713623047,10184100,Merck & Co.,United States,MRK
2022-03-09 05:00:00,77.62000274658203,78.22000122070312,77.05000305175781,77.79000091552734,67.78887176513672,9746000,Merck & Co.,United States,MRK
2022-03-10 05:00:00,77.62999725341797,78.19999694824219,77.33000183105469,77.88999938964844,67.87602233886719,8972200,Merck & Co.,United States,MRK
2022-03-11 05:00:00,78.31999969482422,79.62999725341797,78.19999694824219,78.26000213623047,68.19844818115234,9424500,Merck & Co.,United States,MRK
2022-03-14 04:00:00,77.9000015258789,78.61000061035156,77.30999755859375,77.77999877929688,68.38308715820312,10085400,Merck & Co.,United States,MRK
2022-03-15 04:00:00,77.68000030517578,79.01000213623047,77.4000015258789,78.63999938964844,69.1391830444336,11403000,Merck & Co.,United States,MRK
2022-03-16 04:00:00,78.95999908447266,79.11000061035156,77.6500015258789,78.12000274658203,68.6820068359375,10944000,Merck & Co.,United States,MRK
2022-03-17 04:00:00,78.1500015258789,79.37000274658203,78.05999755859375,78.94000244140625,69.40294647216797,10279400,Merck & Co.,United States,MRK
2022-03-18 04:00:00,79.18000030517578,79.73999786376953,78.62999725341797,79.11000061035156,69.5523910522461,21064800,Merck & Co.,United States,MRK
2022-03-21 04:00:00,79.66999816894531,80.44999694824219,78.91000366210938,79.05999755859375,69.50843048095703,10478300,Merck & Co.,United States,MRK
2022-03-22 04:00:00,79.2699966430664,79.77999877929688,78.7699966430664,79.30000305175781,69.7194595336914,10016600,Merck & Co.,United States,MRK
2022-03-23 04:00:00,79.30000305175781,80.58000183105469,79.2300033569336,79.7300033569336,70.09750366210938,8470400,Merck & Co.,United States,MRK
2022-03-24 04:00:00,80.04000091552734,80.66999816894531,79.72000122070312,80.41000366210938,70.69535064697266,7605000,Merck & Co.,United States,MRK
2022-03-25 04:00:00,80.58999633789062,81.37999725341797,80.44999694824219,81.33999633789062,71.51299285888672,7125600,Merck & Co.,United States,MRK
2022-03-28 04:00:00,81.37000274658203,81.66999816894531,80.7300033569336,81.20999908447266,71.39869689941406,7071900,Merck & Co.,United States,MRK
2022-03-29 04:00:00,81.66000366210938,81.76000213623047,80.73999786376953,81.56999969482422,71.71521759033203,7398700,Merck & Co.,United States,MRK
2022-03-30 04:00:00,81.83999633789062,82.69999694824219,81.66999816894531,82.4000015258789,72.4449234008789,9326600,Merck & Co.,United States,MRK
2022-03-31 04:00:00,82.9000015258789,83.37999725341797,81.94000244140625,82.05000305175781,72.13721466064453,12466800,Merck & Co.,United States,MRK
2022-04-01 04:00:00,82.19000244140625,83.58000183105469,81.63999938964844,83.5199966430664,73.42961120605469,10086700,Merck & Co.,United States,MRK
2022-04-04 04:00:00,83.5,83.88999938964844,82.7300033569336,83.48999786376953,73.40325164794922,9039600,Merck & Co.,United States,MRK
2022-04-05 04:00:00,83.66000366210938,85.43000030517578,83.51000213623047,83.72000122070312,73.6054458618164,12040900,Merck & Co.,United States,MRK
2022-04-06 04:00:00,84.36000061035156,85.55999755859375,84.12000274658203,84.97000122070312,74.7044448852539,13924300,Merck & Co.,United States,MRK
2022-04-07 04:00:00,85.75,87.11000061035156,84.95999908447266,86.80000305175781,76.3133544921875,13104300,Merck & Co.,United States,MRK
2022-04-08 04:00:00,86.63999938964844,87.83999633789062,86.26000213623047,87.68000030517578,77.08702850341797,11409300,Merck & Co.,United States,MRK
2022-04-11 04:00:00,88.31999969482422,89.4800033569336,86.18000030517578,86.62999725341797,76.16390228271484,14381000,Merck & Co.,United States,MRK
2022-04-12 04:00:00,86.0,86.55000305175781,85.22000122070312,85.62999725341797,75.28470611572266,12543000,Merck & Co.,United States,MRK
2022-04-13 04:00:00,85.80000305175781,86.23999786376953,84.83000183105469,86.12999725341797,75.72428131103516,12743800,Merck & Co.,United States,MRK
2022-04-14 04:00:00,86.12999725341797,87.51000213623047,85.41000366210938,86.91000366210938,76.41007232666016,22096100,Merck & Co.,United States,MRK
2022-04-18 04:00:00,86.41999816894531,87.44999694824219,85.68000030517578,86.06999969482422,75.67154693603516,7995100,Merck & Co.,United States,MRK
2022-04-19 04:00:00,85.97000122070312,86.08999633789062,85.12000274658203,85.79000091552734,75.42536163330078,8494700,Merck & Co.,United States,MRK
2022-04-20 04:00:00,85.5199966430664,86.81999969482422,85.4800033569336,86.45999908447266,76.01443481445312,8719400,Merck & Co.,United States,MRK
2022-04-21 04:00:00,86.41000366210938,87.2300033569336,85.38999938964844,86.2300033569336,75.81221008300781,8562400,Merck & Co.,United States,MRK
2022-04-22 04:00:00,85.86000061035156,86.13999938964844,84.5,84.58999633789062,74.37032318115234,7914000,Merck & Co.,United States,MRK
2022-04-25 04:00:00,84.58999633789062,85.80999755859375,83.52999877929688,85.44000244140625,75.11766052246094,10573400,Merck & Co.,United States,MRK
2022-04-26 04:00:00,85.76000213623047,86.19999694824219,84.38999938964844,84.4800033569336,74.27362823486328,9009600,Merck & Co.,United States,MRK
2022-04-27 04:00:00,84.30000305175781,85.12999725341797,83.5999984741211,84.41000366210938,74.21208953857422,10781300,Merck & Co.,United States,MRK
2022-04-28 04:00:00,85.75,89.37000274658203,85.0,88.58000183105469,77.8782958984375,21092300,Merck & Co.,United States,MRK
2022-04-29 04:00:00,88.66000366210938,90.01000213623047,88.08999633789062,88.69000244140625,77.97500610351562,15914200,Merck & Co.,United States,MRK
2022-05-02 04:00:00,88.72000122070312,88.83999633789062,86.62999725341797,87.6500015258789,77.06066131591797,12124900,Merck & Co.,United States,MRK
2022-05-03 04:00:00,86.98999786376953,88.23999786376953,86.43000030517578,87.0999984741211,76.57710266113281,8425600,Merck & Co.,United States,MRK
2022-05-04 04:00:00,86.56999969482422,88.7699966430664,86.36000061035156,88.5199966430664,77.82556915283203,10763500,Merck & Co.,United States,MRK
2022-05-05 04:00:00,88.41999816894531,88.66000366210938,87.02999877929688,88.01000213623047,77.3771743774414,9548300,Merck & Co.,United States,MRK
2022-05-06 04:00:00,87.73999786376953,88.91999816894531,87.4800033569336,88.38999938964844,77.71125030517578,12227400,Merck & Co.,United States,MRK
2022-05-09 04:00:00,87.5,88.05999755859375,86.91000366210938,87.63999938964844,77.05186462402344,11901500,Merck & Co.,United States,MRK
2022-05-10 04:00:00,88.12000274658203,89.29000091552734,87.2699966430664,87.80999755859375,77.20132446289062,12370800,Merck & Co.,United States,MRK
2022-05-11 04:00:00,87.41999816894531,90.80999755859375,87.41999816894531,89.19000244140625,78.41459655761719,16338600,Merck & Co.,United States,MRK
2022-05-12 04:00:00,89.8499984741211,90.8499984741211,88.36000061035156,90.83000183105469,79.8564682006836,14210200,Merck & Co.,United States,MRK
2022-05-13 04:00:00,90.69999694824219,91.05000305175781,89.26000213623047,90.41000366210938,79.48721313476562,10308100,Merck & Co.,United States,MRK
2022-05-16 04:00:00,90.79000091552734,92.87000274658203,90.68000030517578,92.31999969482422,81.16647338867188,13999000,Merck & Co.,United States,MRK
2022-05-17 04:00:00,92.30999755859375,94.55999755859375,91.51000213623047,93.0,81.76429748535156,17582800,Merck & Co.,United States,MRK
2022-05-18 04:00:00,92.55999755859375,93.16000366210938,91.7699966430664,92.0999984741211,80.9730224609375,12717600,Merck & Co.,United States,MRK
2022-05-19 04:00:00,91.25,92.61000061035156,90.87999725341797,92.08999633789062,80.9642333984375,11121600,Merck & Co.,United States,MRK
2022-05-20 04:00:00,92.44999694824219,94.08000183105469,92.44999694824219,93.55000305175781,82.24787139892578,11757100,Merck & Co.,United States,MRK
2022-05-23 04:00:00,93.58999633789062,94.91999816894531,93.4000015258789,93.83000183105469,82.49402618408203,9067000,Merck & Co.,United States,MRK
2022-05-24 04:00:00,94.25,94.80000305175781,93.56999969482422,94.63999938964844,83.2061538696289,9021000,Merck & Co.,United States,MRK
2022-05-25 04:00:00,94.36000061035156,94.76000213623047,93.13999938964844,93.75,82.42369079589844,11177700,Merck & Co.,United States,MRK
2022-05-26 04:00:00,94.23999786376953,94.25,91.0,92.30999755859375,81.15766143798828,17249500,Merck & Co.,United States,MRK
2022-05-27 04:00:00,92.27999877929688,93.11000061035156,91.75,93.08000183105469,81.83463287353516,9802000,Merck & Co.,United States,MRK
2022-05-31 04:00:00,91.91000366210938,92.62000274658203,90.87000274658203,92.02999877929688,80.91148376464844,22860800,Merck & Co.,United States,MRK
2022-06-01 04:00:00,91.66999816894531,91.93000030517578,90.04000091552734,91.13999938964844,80.1290054321289,10492500,Merck & Co.,United States,MRK
2022-06-02 04:00:00,91.12999725341797,91.13999938964844,88.73999786376953,90.0,79.12674713134766,11066200,Merck & Co.,United States,MRK
2022-06-03 04:00:00,89.73999786376953,90.68000030517578,89.68000030517578,89.91000366210938,79.04762268066406,7051600,Merck & Co.,United States,MRK
2022-06-06 04:00:00,90.16999816894531,90.66000366210938,89.69000244140625,89.83999633789062,78.98606872558594,8336900,Merck & Co.,United States,MRK
2022-06-07 04:00:00,90.1500015258789,90.81999969482422,89.58000183105469,90.4800033569336,79.54875183105469,10243300,Merck & Co.,United States,MRK
2022-06-08 04:00:00,90.58000183105469,90.6500015258789,89.2699966430664,89.4800033569336,78.66957092285156,10266000,Merck & Co.,United States,MRK
2022-06-09 04:00:00,89.25,89.79000091552734,87.91999816894531,88.0,77.36837768554688,7381100,Merck & Co.,United States,MRK
2022-06-10 04:00:00,87.16999816894531,88.04000091552734,86.70999908447266,87.18000030517578,76.64743041992188,8861600,Merck & Co.,United States,MRK
2022-06-13 04:00:00,85.70999908447266,86.51000213623047,84.62999725341797,85.0,74.73081970214844,12016100,Merck & Co.,United States,MRK
2022-06-14 04:00:00,84.7699966430664,85.04000091552734,83.87000274658203,84.5,74.89923095703125,11226900,Merck & Co.,United States,MRK
2022-06-15 04:00:00,84.55999755859375,85.37000274658203,83.75,84.62999725341797,75.01446533203125,11357100,Merck & Co.,United States,MRK
2022-06-16 04:00:00,83.7699966430664,85.19000244140625,83.05000305175781,84.88999938964844,75.24491882324219,12925200,Merck & Co.,United States,MRK
2022-06-17 04:00:00,84.63999938964844,85.76000213623047,83.38999938964844,84.62000274658203,75.00559997558594,32989100,Merck & Co.,United States,MRK
2022-06-21 04:00:00,86.05000305175781,88.36000061035156,85.2699966430664,88.02999877929688,78.02815246582031,11778600,Merck & Co.,United States,MRK
2022-06-22 04:00:00,88.04000091552734,90.33999633789062,88.02999877929688,89.16000366210938,79.02977752685547,11935400,Merck & Co.,United States,MRK
2022-06-23 04:00:00,90.0,92.1500015258789,89.55999755859375,92.0,81.54708862304688,14718400,Merck & Co.,United States,MRK
2022-06-24 04:00:00,93.25,93.79000091552734,91.69999694824219,93.12999725341797,82.54869079589844,25248400,Merck & Co.,United States,MRK
2022-06-27 04:00:00,93.19999694824219,95.72000122070312,93.05000305175781,94.41000366210938,83.68327331542969,11949000,Merck & Co.,United States,MRK
2022-06-28 04:00:00,94.11000061035156,94.33000183105469,91.47000122070312,91.88999938964844,81.4495849609375,13523300,Merck & Co.,United States,MRK
2022-06-29 04:00:00,92.30999755859375,92.9800033569336,91.88999938964844,92.51000213623047,81.9991455078125,8657100,Merck & Co.,United States,MRK
2022-06-30 04:00:00,91.6500015258789,92.9000015258789,90.91000366210938,91.16999816894531,80.81138610839844,18551400,Merck & Co.,United States,MRK
2022-07-01 04:00:00,91.30000305175781,92.48999786376953,90.38999938964844,92.41999816894531,81.91936492919922,11413800,Merck & Co.,United States,MRK
2022-07-05 04:00:00,92.44000244140625,92.94999694824219,90.52999877929688,92.63999938964844,82.11436462402344,9574400,Merck & Co.,United States,MRK
2022-07-06 04:00:00,93.30999755859375,94.51000213623047,92.69999694824219,93.12999725341797,82.54869079589844,10455300,Merck & Co.,United States,MRK
2022-07-07 04:00:00,92.94000244140625,93.94999694824219,92.55000305175781,93.01000213623047,82.44232940673828,8140100,Merck & Co.,United States,MRK
2022-07-08 04:00:00,92.91000366210938,93.81999969482422,92.41000366210938,92.77999877929688,82.23847198486328,7161500,Merck & Co.,United States,MRK
2022-07-11 04:00:00,92.87999725341797,94.77999877929688,92.83000183105469,94.30000305175781,83.58576965332031,9507700,Merck & Co.,United States,MRK
2022-07-12 04:00:00,93.77999877929688,94.23999786376953,93.13999938964844,93.5999984741211,82.96528625488281,7826500,Merck & Co.,United States,MRK
2022-07-13 04:00:00,93.58999633789062,94.36000061035156,93.0199966430664,93.7699966430664,83.115966796875,6415600,Merck & Co.,United States,MRK
2022-07-14 04:00:00,92.55000305175781,94.05999755859375,92.05999755859375,93.87999725341797,83.21348571777344,6271000,Merck & Co.,United States,MRK
2022-07-15 04:00:00,94.8499984741211,95.3499984741211,94.37000274658203,94.95999908447266,84.17078399658203,9731900,Merck & Co.,United States,MRK
2022-07-18 04:00:00,94.9000015258789,95.0999984741211,91.91999816894531,92.33999633789062,81.84845733642578,8653700,Merck & Co.,United States,MRK
2022-07-19 04:00:00,93.1500015258789,93.38999938964844,92.12000274658203,92.36000061035156,81.8661880493164,8233600,Merck & Co.,United States,MRK
2022-07-20 04:00:00,92.36000061035156,92.43000030517578,89.22000122070312,89.6500015258789,79.464111328125,11844000,Merck & Co.,United States,MRK
2022-07-21 04:00:00,89.1500015258789,90.41000366210938,88.91000366210938,90.13999938964844,79.89842987060547,8197000,Merck & Co.,United States,MRK
2022-07-22 04:00:00,90.11000061035156,90.44999694824219,89.45999908447266,90.11000061035156,79.871826171875,6354500,Merck & Co.,United States,MRK
2022-07-25 04:00:00,90.19999694824219,90.7300033569336,89.75,90.52999877929688,80.24410247802734,6364500,Merck & Co.,United States,MRK
2022-07-26 04:00:00,91.4000015258789,91.94999694824219,90.5999984741211,91.29000091552734,80.91773986816406,6414100,Merck & Co.,United States,MRK
2022-07-27 04:00:00,90.5,91.37000274658203,90.01000213623047,91.2300033569336,80.86457824707031,6966300,Merck & Co.,United States,MRK
2022-07-28 04:00:00,91.04000091552734,91.12999725341797,87.41999816894531,89.94000244140625,79.72113037109375,13909800,Merck & Co.,United States,MRK
2022-07-29 04:00:00,90.08000183105469,91.08000183105469,88.27999877929688,89.33999633789062,79.1893081665039,14938600,Merck & Co.,United States,MRK
2022-08-01 04:00:00,89.33999633789062,90.0199966430664,88.3499984741211,88.52999877929688,78.47134399414062,7343300,Merck & Co.,United States,MRK
2022-08-02 04:00:00,89.05999755859375,89.58999633789062,87.55000305175781,87.61000061035156,77.65586853027344,7443000,Merck & Co.,United States,MRK
2022-08-03 04:00:00,87.25,88.0199966430664,86.76000213623047,87.62000274658203,77.66474914550781,8187600,Merck & Co.,United States,MRK
2022-08-04 04:00:00,87.80999755859375,87.88999938964844,86.63999938964844,86.81999969482422,76.95562744140625,7993800,Merck & Co.,United States,MRK
2022-08-05 04:00:00,86.52999877929688,87.52999877929688,86.0199966430664,87.41000366210938,77.47860717773438,8801200,Merck & Co.,United States,MRK
2022-08-08 04:00:00,87.30000305175781,88.77999877929688,86.91999816894531,88.48999786376953,78.43588256835938,8149400,Merck & Co.,United States,MRK
2022-08-09 04:00:00,88.75,90.23999786376953,86.80999755859375,89.5199966430664,79.348876953125,13215500,Merck & Co.,United States,MRK
2022-08-10 04:00:00,90.02999877929688,90.12999725341797,88.19000244140625,89.19000244140625,79.05635833740234,8140200,Merck & Co.,United States,MRK
2022-08-11 04:00:00,87.80999755859375,89.81999969482422,87.36000061035156,88.93000030517578,78.82588958740234,7396800,Merck & Co.,United States,MRK
2022-08-12 04:00:00,88.98999786376953,91.02999877929688,88.94999694824219,91.0199966430664,80.67843627929688,12317300,Merck & Co.,United States,MRK
2022-08-15 04:00:00,90.83000183105469,90.83999633789062,89.88999938964844,90.5999984741211,80.30614471435547,6339800,Merck & Co.,United States,MRK
2022-08-16 04:00:00,89.95999908447266,90.9000015258789,89.87000274658203,90.58999633789062,80.29728698730469,5661200,Merck & Co.,United States,MRK
2022-08-17 04:00:00,90.33999633789062,91.88999938964844,90.30000305175781,91.04000091552734,80.69615173339844,6486000,Merck & Co.,United States,MRK
2022-08-18 04:00:00,91.5,91.83999633789062,90.52999877929688,91.4000015258789,81.0152587890625,6111600,Merck & Co.,United States,MRK
2022-08-19 04:00:00,91.55000305175781,93.0199966430664,91.52999877929688,92.08000183105469,81.61800384521484,8828700,Merck & Co.,United States,MRK
2022-08-22 04:00:00,91.80999755859375,92.22000122070312,91.01000213623047,91.16000366210938,80.80252838134766,6652100,Merck & Co.,United States,MRK
2022-08-23 04:00:00,90.87999725341797,90.98999786376953,89.72000122070312,90.19999694824219,79.95159912109375,5208800,Merck & Co.,United States,MRK
2022-08-24 04:00:00,90.19999694824219,90.31999969482422,89.54000091552734,90.01000213623047,79.78319549560547,5553300,Merck & Co.,United States,MRK
2022-08-25 04:00:00,90.51000213623047,90.51000213623047,89.06999969482422,90.2699966430664,80.0136489868164,5884300,Merck & Co.,United States,MRK
2022-08-26 04:00:00,90.27999877929688,90.73999786376953,89.08999633789062,89.26000213623047,79.11840057373047,5695300,Merck & Co.,United States,MRK
2022-08-29 04:00:00,88.83000183105469,89.0,87.55999755859375,87.58999633789062,77.63813781738281,7850200,Merck & Co.,United States,MRK
2022-08-30 04:00:00,87.47000122070312,87.56999969482422,86.58000183105469,86.87999725341797,77.00882720947266,6754000,Merck & Co.,United States,MRK
2022-08-31 04:00:00,87.04000091552734,87.12999725341797,85.16000366210938,85.36000061035156,75.6615219116211,11602000,Merck & Co.,United States,MRK
2022-09-01 04:00:00,85.63999938964844,87.45999908447266,85.36000061035156,87.1500015258789,77.24813842773438,7528600,Merck & Co.,United States,MRK
2022-09-02 04:00:00,87.23999786376953,87.77999877929688,85.87999725341797,86.2300033569336,76.43267059326172,6997500,Merck & Co.,United States,MRK
2022-09-06 04:00:00,86.58000183105469,87.2699966430664,86.16000366210938,86.41999816894531,76.6010971069336,8244300,Merck & Co.,United States,MRK
2022-09-07 04:00:00,86.55999755859375,87.0,85.06999969482422,86.87000274658203,76.99994659423828,6121700,Merck & Co.,United States,MRK
2022-09-08 04:00:00,86.5,87.44999694824219,86.12999725341797,87.41999816894531,77.48744201660156,8109200,Merck & Co.,United States,MRK
2022-09-09 04:00:00,87.58999633789062,88.16999816894531,87.2699966430664,87.33999633789062,77.41656494140625,7480100,Merck & Co.,United States,MRK
2022-09-12 04:00:00,88.12999725341797,89.16999816894531,87.81999969482422,88.16000366210938,78.14337921142578,6351500,Merck & Co.,United States,MRK
2022-09-13 04:00:00,87.31999969482422,87.61000061035156,86.11000061035156,86.27999877929688,76.47699737548828,7650000,Merck & Co.,United States,MRK
2022-09-14 04:00:00,87.0,87.63999938964844,86.37999725341797,86.94999694824219,77.69216918945312,9418700,Merck & Co.,United States,MRK
2022-09-15 04:00:00,87.1500015258789,87.43000030517578,86.19999694824219,86.75,77.51348876953125,8006800,Merck & Co.,United States,MRK
2022-09-16 04:00:00,86.5999984741211,87.87000274658203,86.4000015258789,87.72000122070312,78.38021087646484,14842500,Merck & Co.,United States,MRK
2022-09-19 04:00:00,86.8499984741211,86.94000244140625,85.63999938964844,86.63999938964844,77.41519165039062,7748600,Merck & Co.,United States,MRK
2022-09-20 04:00:00,86.06999969482422,86.44999694824219,85.58999633789062,86.0,76.84333801269531,5454800,Merck & Co.,United States,MRK
2022-09-21 04:00:00,86.25,86.5,84.5199966430664,84.52999877929688,75.52983856201172,7190800,Merck & Co.,United States,MRK
2022-09-22 04:00:00,84.55000305175781,88.1500015258789,84.55000305175781,87.51000213623047,78.19257354736328,12329700,Merck & Co.,United States,MRK
2022-09-23 04:00:00,87.4000015258789,88.01000213623047,86.08999633789062,86.77999877929688,77.54029083251953,9038500,Merck & Co.,United States,MRK
2022-09-26 04:00:00,86.12000274658203,86.70999908447266,85.29000091552734,86.18000030517578,77.00416564941406,8841000,Merck & Co.,United States,MRK
2022-09-27 04:00:00,86.81999969482422,87.62999725341797,85.66999816894531,85.83999633789062,76.70037841796875,6532100,Merck & Co.,United States,MRK
2022-09-28 04:00:00,86.98999786376953,87.25,86.19999694824219,86.77999877929688,77.54029083251953,6840000,Merck & Co.,United States,MRK
2022-09-29 04:00:00,87.0,87.41999816894531,86.2300033569336,86.63999938964844,77.41519165039062,6601300,Merck & Co.,United States,MRK
2022-09-30 04:00:00,87.25,87.62000274658203,86.0999984741211,86.12000274658203,76.9505615234375,9035600,Merck & Co.,United States,MRK
2022-10-03 04:00:00,86.72000122070312,87.9000015258789,86.0199966430664,87.55000305175781,78.2282943725586,9186900,Merck & Co.,United States,MRK
2022-10-04 04:00:00,87.54000091552734,88.6500015258789,87.0,88.38999938964844,78.97885131835938,7373000,Merck & Co.,United States,MRK
2022-10-05 04:00:00,88.58000183105469,88.77999877929688,88.0199966430664,88.38999938964844,78.97885131835938,6065700,Merck & Co.,United States,MRK
2022-10-06 04:00:00,87.76000213623047,88.01000213623047,87.2300033569336,87.44000244140625,78.1300048828125,8055500,Merck & Co.,United States,MRK
2022-10-07 04:00:00,87.87999725341797,88.30000305175781,87.12000274658203,87.5999984741211,78.27297973632812,8837400,Merck & Co.,United States,MRK
2022-10-10 04:00:00,89.93000030517578,91.58999633789062,89.70999908447266,90.4800033569336,80.84634399414062,14485000,Merck & Co.,United States,MRK
2022-10-11 04:00:00,90.43000030517578,91.9800033569336,90.19999694824219,91.05000305175781,81.35565185546875,9743500,Merck & Co.,United States,MRK
2022-10-12 04:00:00,91.25,91.72000122070312,90.37000274658203,90.41999816894531,80.79268646240234,8522200,Merck & Co.,United States,MRK
2022-10-13 04:00:00,89.5,92.72000122070312,89.2699966430664,92.48999786376953,82.64232635498047,9382800,Merck & Co.,United States,MRK
2022-10-14 04:00:00,92.2699966430664,93.36000061035156,91.73999786376953,92.18000030517578,82.36532592773438,9847600,Merck & Co.,United States,MRK
2022-10-17 04:00:00,92.83999633789062,94.37000274658203,92.44999694824219,94.12000274658203,84.09877014160156,12139700,Merck & Co.,United States,MRK
2022-10-18 04:00:00,94.41999816894531,95.31999969482422,94.0199966430664,94.61000061035156,84.5365982055664,9530400,Merck & Co.,United States,MRK
2022-10-19 04:00:00,94.91000366210938,94.91000366210938,93.0999984741211,93.26000213623047,83.33035278320312,8546100,Merck & Co.,United States,MRK
2022-10-20 04:00:00,93.19999694824219,93.4000015258789,92.36000061035156,92.94000244140625,83.04441833496094,7626000,Merck & Co.,United States,MRK
2022-10-21 04:00:00,92.83999633789062,95.95999908447266,92.63999938964844,95.66999816894531,85.4837417602539,10297200,Merck & Co.,United States,MRK
2022-10-24 04:00:00,96.44999694824219,98.41999816894531,96.2699966430664,97.37000274658203,87.00275421142578,11414900,Merck & Co.,United States,MRK
2022-10-25 04:00:00,96.86000061035156,98.29000091552734,96.3499984741211,97.70999908447266,87.30652618408203,8747900,Merck & Co.,United States,MRK
2022-10-26 04:00:00,98.29000091552734,99.27999877929688,98.0,98.41000366210938,87.93201446533203,10374700,Merck & Co.,United States,MRK
2022-10-27 04:00:00,99.83999633789062,101.5,99.5,99.73999786376953,89.12039947509766,12218400,Merck & Co.,United States,MRK
2022-10-28 04:00:00,100.2399978637695,101.1399993896484,98.55000305175781,100.7699966430664,90.04073333740234,11228000,Merck & Co.,United States,MRK
2022-10-31 04:00:00,99.94999694824219,101.3600006103516,99.30999755859375,101.1999969482422,90.42495727539062,11043800,Merck & Co.,United States,MRK
2022-11-01 04:00:00,100.6500015258789,101.0699996948242,98.94999694824219,99.76000213623047,89.13826751708984,11079300,Merck & Co.,United States,MRK
2022-11-02 04:00:00,99.6500015258789,101.0299987792969,98.9800033569336,99.4000015258789,88.81658935546875,9503500,Merck & Co.,United States,MRK
2022-11-03 04:00:00,99.0,99.23999786376953,98.0,98.75,88.23578643798828,9912700,Merck & Co.,United States,MRK
2022-11-04 04:00:00,99.0,99.37999725341797,97.95999908447266,99.19999694824219,88.63789367675781,8877600,Merck & Co.,United States,MRK
2022-11-07 05:00:00,98.5,100.3600006103516,97.66999816894531,100.0699996948242,89.41525268554688,8644500,Merck & Co.,United States,MRK
2022-11-08 05:00:00,100.0699996948242,101.9700012207031,99.52999877929688,101.5,90.69300842285156,8503900,Merck & Co.,United States,MRK
2022-11-09 05:00:00,101.3000030517578,103.7600021362305,101.2799987792969,101.5899963378906,90.7734146118164,10602900,Merck & Co.,United States,MRK
2022-11-10 05:00:00,102.6999969482422,102.8099975585938,100.5999984741211,101.8899993896484,91.04148864746094,9556000,Merck & Co.,United States,MRK
2022-11-11 05:00:00,100.5299987792969,100.8099975585938,97.33000183105469,97.95999908447266,87.52991485595703,13342800,Merck & Co.,United States,MRK
2022-11-14 05:00:00,98.69999694824219,101.6900024414062,98.69999694824219,100.3499984741211,89.66545104980469,8958200,Merck & Co.,United States,MRK
2022-11-15 05:00:00,100.4000015258789,100.7399978637695,98.70999908447266,99.5999984741211,88.99529266357422,7965900,Merck & Co.,United States,MRK
2022-11-16 05:00:00,99.58000183105469,100.8000030517578,99.48999786376953,99.93000030517578,89.29016876220703,8757700,Merck & Co.,United States,MRK
2022-11-17 05:00:00,100.4100036621094,102.3499984741211,100.2699966430664,102.3099975585938,91.41675567626953,8496800,Merck & Co.,United States,MRK
2022-11-18 05:00:00,102.629997253418,104.5999984741211,102.629997253418,104.2300033569336,93.13233184814453,11626300,Merck & Co.,United States,MRK
2022-11-21 05:00:00,105.0,105.870002746582,104.2300033569336,105.6100006103516,94.36540222167969,8899300,Merck & Co.,United States,MRK
2022-11-22 05:00:00,106.129997253418,107.0999984741211,106.0500030517578,106.9000015258789,95.51805114746094,8295700,Merck & Co.,United States,MRK
2022-11-23 05:00:00,106.75,107.3000030517578,106.3000030517578,106.8199996948242,95.44656372070312,5749600,Merck & Co.,United States,MRK
2022-11-25 05:00:00,106.5599975585938,107.5,106.5599975585938,107.5,96.05416107177734,3163700,Merck & Co.,United States,MRK
2022-11-28 05:00:00,107.129997253418,108.9000015258789,107.129997253418,108.4499969482422,96.90300750732422,9524500,Merck & Co.,United States,MRK
2022-11-29 05:00:00,108.0,109.0599975585938,107.5500030517578,108.8399963378906,97.2514877319336,9352400,Merck & Co.,United States,MRK
2022-11-30 05:00:00,108.6999969482422,110.3300018310547,107.629997253418,110.120002746582,98.39521026611328,20305800,Merck & Co.,United States,MRK
2022-12-01 05:00:00,109.75,110.9800033569336,108.7699966430664,109.8000030517578,98.10929107666016,10110500,Merck & Co.,United States,MRK
2022-12-02 05:00:00,109.0,110.0899963378906,108.7099990844727,110.0400009155273,98.32371520996094,6943600,Merck & Co.,United States,MRK
2022-12-05 05:00:00,109.8099975585938,110.2300033569336,109.2099990844727,110.0100021362305,98.29693603515625,6961900,Merck & Co.,United States,MRK
2022-12-06 05:00:00,110.3600006103516,110.7600021362305,108.4199981689453,108.9300003051758,97.3319091796875,7458700,Merck & Co.,United States,MRK
2022-12-07 05:00:00,109.1500015258789,110.7099990844727,109.0,110.0899963378906,98.36841583251953,8270400,Merck & Co.,United States,MRK
2022-12-08 05:00:00,110.2799987792969,111.0199966430664,110.120002746582,110.8499984741211,99.0474853515625,7354800,Merck & Co.,United States,MRK
2022-12-09 05:00:00,110.9800033569336,111.370002746582,108.75,108.7799987792969,97.19788360595703,9667800,Merck & Co.,United States,MRK
2022-12-12 05:00:00,107.9300003051758,109.0999984741211,107.3199996948242,108.9700012207031,97.3676528930664,10956600,Merck & Co.,United States,MRK
2022-12-13 05:00:00,111.2600021362305,111.2600021362305,109.0,110.9100036621094,99.10108947753906,15836900,Merck & Co.,United States,MRK
2022-12-14 05:00:00,110.5199966430664,112.1699981689453,110.0400009155273,111.5500030517578,100.3333511352539,10788300,Merck & Co.,United States,MRK
2022-12-15 05:00:00,110.2399978637695,110.7699966430664,109.2300033569336,109.629997253418,98.60640716552734,9871400,Merck & Co.,United States,MRK
2022-12-16 05:00:00,109.2399978637695,109.6999969482422,108.2699966430664,109.1999969482422,98.21963500976562,29465900,Merck & Co.,United States,MRK
2022-12-19 05:00:00,109.1900024414062,110.0999984741211,108.7699966430664,109.4400024414062,98.43550872802734,6949500,Merck & Co.,United States,MRK
2022-12-20 05:00:00,109.9400024414062,110.6600036621094,109.1600036621094,109.7099990844727,98.6783447265625,8022000,Merck & Co.,United States,MRK
2022-12-21 05:00:00,110.0999984741211,111.1900024414062,109.5400009155273,111.1100006103516,99.93757629394531,6640900,Merck & Co.,United States,MRK
2022-12-22 05:00:00,110.9000015258789,111.6900024414062,110.2099990844727,111.2399978637695,100.0545043945312,8373700,Merck & Co.,United States,MRK
2022-12-23 05:00:00,111.25,112.129997253418,110.870002746582,111.8600006103516,100.6121597290039,4547400,Merck & Co.,United States,MRK
2022-12-27 05:00:00,112.4100036621094,112.5899963378906,111.5299987792969,112.120002746582,100.8460235595703,5125800,Merck & Co.,United States,MRK
2022-12-28 05:00:00,112.8899993896484,112.8899993896484,111.0599975585938,111.0800018310547,99.91059875488281,5107800,Merck & Co.,United States,MRK
2022-12-29 05:00:00,111.3899993896484,111.6999969482422,110.75,110.8199996948242,99.67674255371094,4467200,Merck & Co.,United States,MRK
2022-12-30 05:00:00,111.2300033569336,111.4199981689453,110.120002746582,110.9499969482422,99.79367065429688,5498600,Merck & Co.,United States,MRK
2023-01-03 05:00:00,110.4100036621094,111.1999969482422,109.4899978637695,111.1399993896484,99.96456146240234,8062500,Merck & Co.,United States,MRK
2023-01-04 05:00:00,112.3199996948242,112.6100006103516,111.2399978637695,112.0800018310547,100.8100433349609,8698600,Merck & Co.,United States,MRK
2023-01-05 05:00:00,111.5899963378906,113.9100036621094,111.4199981689453,113.6399993896484,102.2131652832031,9578900,Merck & Co.,United States,MRK
2023-01-06 05:00:00,114.3199996948242,115.4899978637695,114.0500030517578,114.8399963378906,103.2925262451172,8632300,Merck & Co.,United States,MRK
2023-01-09 05:00:00,114.879997253418,114.9300003051758,109.9400024414062,110.379997253418,99.28097534179688,12858800,Merck & Co.,United States,MRK
2023-01-10 05:00:00,110.5599975585938,112.0100021362305,109.879997253418,110.8099975585938,99.6677474975586,12122800,Merck & Co.,United States,MRK
2023-01-11 05:00:00,109.3399963378906,111.3099975585938,108.75,111.0699996948242,99.90159606933594,8626500,Merck & Co.,United States,MRK
2023-01-12 05:00:00,110.9199981689453,112.0999984741211,110.0299987792969,111.7699966430664,100.5312194824219,8914800,Merck & Co.,United States,MRK
2023-01-13 05:00:00,111.1999969482422,112.4400024414062,110.9499969482422,112.25,100.9629592895508,5757800,Merck & Co.,United States,MRK
2023-01-17 05:00:00,112.0299987792969,112.4899978637695,110.3199996948242,110.4499969482422,99.34394073486328,10241100,Merck & Co.,United States,MRK
2023-01-18 05:00:00,109.9199981689453,110.0999984741211,108.5800018310547,108.7900009155273,97.85086822509766,8799500,Merck & Co.,United States,MRK
2023-01-19 05:00:00,108.4400024414062,110.1800003051758,108.0999984741211,109.9000015258789,98.8492431640625,6772900,Merck & Co.,United States,MRK
2023-01-20 05:00:00,109.379997253418,109.9899978637695,108.6500015258789,109.9400024414062,98.8852310180664,9216500,Merck & Co.,United States,MRK
2023-01-23 05:00:00,109.9300003051758,110.3600006103516,109.1699981689453,109.879997253418,98.83126068115234,8998800,Merck & Co.,United States,MRK
2023-01-24 05:00:00,110.0,110.0,106.3899993896484,108.5199966430664,97.60802459716797,7424200,Merck & Co.,United States,MRK
2023-01-25 05:00:00,108.7099990844727,109.9300003051758,108.3300018310547,108.5899963378906,97.67095947265625,6168000,Merck & Co.,United States,MRK
2023-01-26 05:00:00,108.5299987792969,108.5500030517578,105.8199996948242,106.870002746582,96.12393188476562,9672700,Merck & Co.,United States,MRK
2023-01-27 05:00:00,106.2099990844727,106.6800003051758,105.1100006103516,105.379997253418,94.78375244140625,7784900,Merck & Co.,United States,MRK
2023-01-30 05:00:00,105.5699996948242,106.5,105.5,106.0899963378906,95.42235565185547,6476600,Merck & Co.,United States,MRK
2023-01-31 05:00:00,106.0999984741211,107.4400024414062,105.9000015258789,107.4100036621094,96.60962677001953,7938900,Merck & Co.,United States,MRK
2023-02-01 05:00:00,106.9700012207031,107.4300003051758,106.0800018310547,106.9800033569336,96.22286224365234,10103200,Merck & Co.,United States,MRK
2023-02-02 05:00:00,104.0199966430664,105.8099975585938,101.75,103.4599990844727,93.05680847167969,16229900,Merck & Co.,United States,MRK
2023-02-03 05:00:00,103.2200012207031,103.7900009155273,102.4800033569336,102.9400024414062,92.58910369873047,11210800,Merck & Co.,United States,MRK
2023-02-06 05:00:00,103.4300003051758,104.620002746582,102.8399963378906,104.0299987792969,93.56949615478516,9054500,Merck & Co.,United States,MRK
2023-02-07 05:00:00,103.6999969482422,105.9300003051758,103.5599975585938,105.6800003051758,95.05359649658203,7904700,Merck & Co.,United States,MRK
2023-02-08 05:00:00,105.8099975585938,107.5199966430664,105.3199996948242,106.6399993896484,95.91706085205078,8596300,Merck & Co.,United States,MRK
2023-02-09 05:00:00,106.8600006103516,107.8399963378906,106.5400009155273,106.7200012207031,95.98898315429688,7976800,Merck & Co.,United States,MRK
2023-02-10 05:00:00,106.9700012207031,108.7699966430664,106.870002746582,108.5699996948242,97.65298461914062,7609600,Merck & Co.,United States,MRK
2023-02-13 05:00:00,108.7099990844727,109.5699996948242,108.3499984741211,109.5500030517578,98.53443908691406,7383100,Merck & Co.,United States,MRK
2023-02-14 05:00:00,109.9499969482422,110.0,108.1900024414062,108.7399978637695,97.80587768554688,6983900,Merck & Co.,United States,MRK
2023-02-15 05:00:00,108.5299987792969,108.7900009155273,107.5599975585938,107.6800003051758,96.85248565673828,6416600,Merck & Co.,United States,MRK
2023-02-16 05:00:00,106.8199996948242,107.4599990844727,106.2300033569336,106.5100021362305,95.80013275146484,5959300,Merck & Co.,United States,MRK
2023-02-17 05:00:00,106.3300018310547,109.5400009155273,105.5199966430664,109.5199966430664,98.5074691772461,9474600,Merck & Co.,United States,MRK
2023-02-21 05:00:00,108.9000015258789,109.879997253418,108.629997253418,109.0699996948242,98.10270690917969,6741500,Merck & Co.,United States,MRK
2023-02-22 05:00:00,110.2099990844727,110.3199996948242,108.9199981689453,109.1600036621094,98.18364715576172,7213900,Merck & Co.,United States,MRK
2023-02-23 05:00:00,109.2600021362305,111.2399978637695,109.0999984741211,110.5899963378906,99.46986389160156,6922800,Merck & Co.,United States,MRK
2023-02-24 05:00:00,110.0899963378906,110.3300018310547,108.8899993896484,109.8899993896484,98.84025573730469,5787900,Merck & Co.,United States,MRK
2023-02-27 05:00:00,110.0299987792969,110.129997253418,108.5199966430664,109.3600006103516,98.36354064941406,5654800,Merck & Co.,United States,MRK
2023-02-28 05:00:00,108.8300018310547,108.8399963378906,106.1600036621094,106.2399978637695,95.55726623535156,10209900,Merck & Co.,United States,MRK
2023-03-01 05:00:00,105.9599990844727,107.5500030517578,105.9599990844727,106.6500015258789,95.9260482788086,6099000,Merck & Co.,United States,MRK
2023-03-02 05:00:00,106.629997253418,107.370002746582,106.0999984741211,107.0100021362305,96.24984741210938,5097500,Merck & Co.,United States,MRK
2023-03-03 05:00:00,107.379997253418,107.3899993896484,106.129997253418,106.879997253418,96.1329116821289,6124300,Merck & Co.,United States,MRK
2023-03-06 05:00:00,107.6600036621094,111.2399978637695,107.4499969482422,111.0999984741211,99.92858123779297,17776600,Merck & Co.,United States,MRK
2023-03-07 05:00:00,111.7699966430664,112.1800003051758,110.7200012207031,111.2699966430664,100.0814971923828,13805300,Merck & Co.,United States,MRK
2023-03-08 05:00:00,110.9300003051758,111.2799987792969,107.5899963378906,108.2799987792969,97.39213562011719,8440800,Merck & Co.,United States,MRK
2023-03-09 05:00:00,109.3000030517578,109.9000015258789,107.1100006103516,107.5999984741211,96.78050994873047,5842500,Merck & Co.,United States,MRK
2023-03-10 05:00:00,107.4400024414062,110.7200012207031,107.3399963378906,107.6900024414062,96.86148071289062,9738500,Merck & Co.,United States,MRK
2023-03-13 04:00:00,104.4700012207031,108.8399963378906,104.4000015258789,105.7300033569336,95.09854888916016,10687100,Merck & Co.,United States,MRK
2023-03-14 04:00:00,105.4499969482422,107.129997253418,104.5199966430664,106.9700012207031,96.88277435302734,9806900,Merck & Co.,United States,MRK
2023-03-15 04:00:00,106.4800033569336,108.0299987792969,105.5699996948242,107.629997253418,97.48052215576172,10942700,Merck & Co.,United States,MRK
2023-03-16 04:00:00,106.5,107.7099990844727,104.2300033569336,107.3399963378906,97.21790313720703,9441500,Merck & Co.,United States,MRK
2023-03-17 04:00:00,107.1500015258789,107.3099975585938,103.4899978637695,104.0999984741211,94.28341674804688,26402100,Merck & Co.,United States,MRK
2023-03-20 04:00:00,104.8199996948242,106.9100036621094,104.8199996948242,105.8499984741211,95.86839294433594,12865800,Merck & Co.,United States,MRK
2023-03-21 04:00:00,106.0,106.4300003051758,104.7600021362305,105.5400009155273,95.58763122558594,11571800,Merck & Co.,United States,MRK
2023-03-22 04:00:00,105.4700012207031,106.0,104.3899993896484,104.4000015258789,94.55513763427734,5705800,Merck & Co.,United States,MRK
2023-03-23 04:00:00,104.0999984741211,104.629997253418,103.4599990844727,104.2300033569336,94.40116119384766,6801700,Merck & Co.,United States,MRK
2023-03-24 04:00:00,104.0899963378906,105.0100021362305,102.4400024414062,104.8000030517578,94.91741943359375,6661800,Merck & Co.,United States,MRK
2023-03-27 04:00:00,106.0800018310547,107.6100006103516,105.9899978637695,106.9300003051758,96.84654235839844,7563100,Merck & Co.,United States,MRK
2023-03-28 04:00:00,106.6100006103516,107.0299987792969,105.4400024414062,105.5299987792969,95.57857513427734,6679500,Merck & Co.,United States,MRK
2023-03-29 04:00:00,105.620002746582,105.870002746582,104.5299987792969,104.9199981689453,95.02608489990234,6310200,Merck & Co.,United States,MRK
2023-03-30 04:00:00,105.120002746582,106.1999969482422,104.5400009155273,105.9199981689453,95.93180084228516,5017400,Merck & Co.,United States,MRK
2023-03-31 04:00:00,106.2300033569336,106.5299987792969,105.5199966430664,106.3899993896484,96.35747528076172,7184300,Merck & Co.,United States,MRK
2023-04-03 04:00:00,105.9499969482422,109.4800033569336,105.5699996948242,108.870002746582,98.60359954833984,6964100,Merck & Co.,United States,MRK
2023-04-04 04:00:00,108.6999969482422,109.3399963378906,108.1600036621094,108.8300018310547,98.56737518310547,6108200,Merck & Co.,United States,MRK
2023-04-05 04:00:00,109.9100036621094,112.3399963378906,109.5800018310547,111.9100036621094,101.3569488525391,8006100,Merck & Co.,United States,MRK
2023-04-06 04:00:00,113.0,114.1699981689453,111.6399993896484,112.3300018310547,101.7373504638672,6894500,Merck & Co.,United States,MRK
2023-04-10 04:00:00,112.9599990844727,113.0899963378906,111.1699981689453,112.6100006103516,101.9909362792969,6446500,Merck & Co.,United States,MRK
2023-04-11 04:00:00,112.7200012207031,113.3099975585938,112.3199996948242,112.4899978637695,101.8822402954102,5639800,Merck & Co.,United States,MRK
2023-04-12 04:00:00,112.25,114.3099975585938,111.879997253418,113.75,103.0234298706055,6136700,Merck & Co.,United States,MRK
2023-04-13 04:00:00,114.9700012207031,115.8199996948242,113.6500015258789,115.5800018310547,104.6808700561523,7332300,Merck & Co.,United States,MRK
2023-04-14 04:00:00,115.7399978637695,116.1699981689453,114.6600036621094,115.3099975585938,104.4363174438477,5005100,Merck & Co.,United States,MRK
2023-04-17 04:00:00,115.6900024414062,116.4499969482422,114.1999969482422,115.0100021362305,104.1646118164062,6575500,Merck & Co.,United States,MRK
2023-04-18 04:00:00,114.4800033569336,115.120002746582,113.7300033569336,114.8300018310547,104.0015869140625,5454500,Merck & Co.,United States,MRK
2023-04-19 04:00:00,114.4899978637695,115.3899993896484,114.0100021362305,114.129997253418,103.3675918579102,4683400,Merck & Co.,United States,MRK
2023-04-20 04:00:00,114.1800003051758,114.5199966430664,113.0,114.1699981689453,103.4038238525391,4657900,Merck & Co.,United States,MRK
2023-04-21 04:00:00,114.870002746582,115.6500015258789,114.5899963378906,115.370002746582,104.4906539916992,6554600,Merck & Co.,United States,MRK
2023-04-24 04:00:00,115.6399993896484,116.2799987792969,114.7699966430664,115.9400024414062,105.0069046020508,4299100,Merck & Co.,United States,MRK
2023-04-25 04:00:00,116.2200012207031,116.8600006103516,115.9100036621094,116.5299987792969,105.5412902832031,5662800,Merck & Co.,United States,MRK
2023-04-26 04:00:00,115.1999969482422,115.1999969482422,112.7200012207031,113.4300003051758,102.7336273193359,6607900,Merck & Co.,United States,MRK
2023-04-27 04:00:00,114.5999984741211,115.3600006103516,110.6600036621094,115.1600036621094,104.3004608154297,9975200,Merck & Co.,United States,MRK
2023-04-28 04:00:00,114.3600006103516,115.5299987792969,113.4599990844727,115.4700012207031,104.5812377929688,8050400,Merck & Co.,United States,MRK
2023-05-01 04:00:00,115.8000030517578,116.5999984741211,115.2699966430664,116.3399963378906,105.3691940307617,5238900,Merck & Co.,United States,MRK
2023-05-02 04:00:00,116.6699981689453,118.3899993896484,115.8099975585938,117.8899993896484,106.7730331420898,8175600,Merck & Co.,United States,MRK
2023-05-03 04:00:00,118.3499984741211,119.6500015258789,117.9300003051758,118.2200012207031,107.0718994140625,6738600,Merck & Co.,United States,MRK
2023-05-04 04:00:00,118.0,118.0,116.4899978637695,117.370002746582,106.3020782470703,6490200,Merck & Co.,United States,MRK
2023-05-05 04:00:00,117.379997253418,117.8899993896484,116.5599975585938,117.6800003051758,106.5828170776367,4534000,Merck & Co.,United States,MRK
2023-05-08 04:00:00,117.0800018310547,118.4400024414062,116.4400024414062,118.379997253418,107.2168045043945,5157300,Merck & Co.,United States,MRK
2023-05-09 04:00:00,118.25,118.629997253418,117.3399963378906,117.4300003051758,106.3563995361328,4933100,Merck & Co.,United States,MRK
2023-05-10 04:00:00,117.4100036621094,118.1699981689453,116.4199981689453,117.9000015258789,106.7820892333984,5605400,Merck & Co.,United States,MRK
2023-05-11 04:00:00,117.5800018310547,117.7900009155273,116.379997253418,117.5500030517578,106.4650955200195,5596700,Merck & Co.,United States,MRK
2023-05-12 04:00:00,118.0,118.5500030517578,116.6999969482422,117.1399993896484,106.09375,5233100,Merck & Co.,United States,MRK
2023-05-15 04:00:00,117.1399993896484,117.7399978637695,115.4899978637695,116.370002746582,105.3963623046875,5697200,Merck & Co.,United States,MRK
2023-05-16 04:00:00,115.879997253418,116.7600021362305,115.2900009155273,116.0800018310547,105.1336975097656,4278200,Merck & Co.,United States,MRK
2023-05-17 04:00:00,116.370002746582,116.6600036621094,113.4800033569336,114.7600021362305,103.9381942749023,7210400,Merck & Co.,United States,MRK
2023-05-18 04:00:00,114.1399993896484,115.0699996948242,113.3300018310547,114.0,103.2498550415039,6437100,Merck & Co.,United States,MRK
2023-05-19 04:00:00,114.3300018310547,116.2399978637695,114.0999984741211,115.4899978637695,104.5993499755859,7647000,Merck & Co.,United States,MRK
2023-05-22 04:00:00,115.4800033569336,117.0800018310547,114.3300018310547,114.4899978637695,103.6936492919922,5607400,Merck & Co.,United States,MRK
2023-05-23 04:00:00,113.9700012207031,114.7900009155273,113.0500030517578,113.2699966430664,102.5887069702148,7733000,Merck & Co.,United States,MRK
2023-05-24 04:00:00,114.1100006103516,114.3199996948242,112.5500030517578,113.5999984741211,102.8875732421875,4509500,Merck & Co.,United States,MRK
2023-05-25 04:00:00,113.5,113.5,111.0899963378906,112.3000030517578,101.7101593017578,7037500,Merck & Co.,United States,MRK
2023-05-26 04:00:00,112.0,113.1900024414062,110.6500015258789,111.0699996948242,100.5961532592773,6378200,Merck & Co.,United States,MRK
2023-05-30 04:00:00,110.129997253418,110.7099990844727,108.9700012207031,109.1699981689453,98.87532043457031,7768100,Merck & Co.,United States,MRK
2023-05-31 04:00:00,108.4700012207031,111.1500015258789,108.4700012207031,110.4100036621094,99.9983901977539,14563500,Merck & Co.,United States,MRK
2023-06-01 04:00:00,110.6600036621094,111.5899963378906,109.879997253418,110.9300003051758,100.4693603515625,6959900,Merck & Co.,United States,MRK
2023-06-02 04:00:00,111.1100006103516,112.7300033569336,110.7200012207031,112.5199966430664,101.9094161987305,5792800,Merck & Co.,United States,MRK
2023-06-05 04:00:00,113.0,114.4800033569336,112.9100036621094,113.1100006103516,102.4437789916992,5185500,Merck & Co.,United States,MRK
2023-06-06 04:00:00,113.5500030517578,113.7200012207031,109.2799987792969,110.0100021362305,99.63611602783203,6960200,Merck & Co.,United States,MRK
2023-06-07 04:00:00,109.629997253418,109.6699981689453,106.870002746582,108.6100006103516,98.36812591552734,12420500,Merck & Co.,United States,MRK
2023-06-08 04:00:00,108.3099975585938,111.0699996948242,108.0,110.3199996948242,99.91688537597656,8352700,Merck & Co.,United States,MRK
2023-06-09 04:00:00,110.1900024414062,111.5100021362305,109.0199966430664,110.7099990844727,100.2700881958008,6521900,Merck & Co.,United States,MRK
2023-06-12 04:00:00,110.1900024414062,110.9899978637695,108.5999984741211,109.8600006103516,99.50025939941406,7468500,Merck & Co.,United States,MRK
2023-06-13 04:00:00,108.5899963378906,110.6399993896484,108.0500030517578,109.9899978637695,99.61799621582031,7304200,Merck & Co.,United States,MRK
2023-06-14 04:00:00,109.7200012207031,109.9300003051758,108.3499984741211,108.6600036621094,99.07096099853516,6137300,Merck & Co.,United States,MRK
2023-06-15 04:00:00,108.4000015258789,109.9000015258789,108.3399963378906,109.4000015258789,99.74564361572266,7305700,Merck & Co.,United States,MRK
2023-06-16 04:00:00,109.5,110.4599990844727,109.0599975585938,109.3199996948242,99.67269134521484,15844300,Merck & Co.,United States,MRK
2023-06-20 04:00:00,109.0800018310547,110.8600006103516,109.0299987792969,110.2300033569336,100.5023956298828,7744400,Merck & Co.,United States,MRK
2023-06-21 04:00:00,110.1100006103516,111.5199966430664,109.5199966430664,111.1600036621094,101.3503265380859,6854800,Merck & Co.,United States,MRK
2023-06-22 04:00:00,111.5999984741211,113.8399963378906,111.5999984741211,113.7200012207031,103.6844177246094,7884100,Merck & Co.,United States,MRK
2023-06-23 04:00:00,114.1600036621094,114.9100036621094,113.0199966430664,114.5999984741211,104.4867477416992,16407900,Merck & Co.,United States,MRK
2023-06-26 04:00:00,114.4400024414062,114.5999984741211,111.7799987792969,113.0800018310547,103.1008834838867,7685100,Merck & Co.,United States,MRK
2023-06-27 04:00:00,112.8300018310547,113.7099990844727,111.870002746582,113.3199996948242,103.3197174072266,7093900,Merck & Co.,United States,MRK
2023-06-28 04:00:00,113.4499969482422,113.5699996948242,111.4400024414062,112.4400024414062,102.5173797607422,8173800,Merck & Co.,United States,MRK
2023-06-29 04:00:00,112.25,113.879997253418,111.8099975585938,113.5400009155273,103.5203018188477,6281800,Merck & Co.,United States,MRK
2023-06-30 04:00:00,113.7900009155273,115.6100006103516,113.4300003051758,115.3899993896484,105.2070388793945,8090600,Merck & Co.,United States,MRK
2023-07-03 04:00:00,114.4700012207031,114.620002746582,113.5299987792969,114.3300018310547,104.2405700683594,2834600,Merck & Co.,United States,MRK
2023-07-05 04:00:00,114.0400009155273,114.4300003051758,113.4199981689453,113.6999969482422,103.6661605834961,5861500,Merck & Co.,United States,MRK
2023-07-06 04:00:00,112.9000015258789,113.4400024414062,111.7099990844727,111.75,101.8882522583008,7257400,Merck & Co.,United States,MRK
2023-07-07 04:00:00,111.0699996948242,111.5,108.7600021362305,109.0,99.38093566894531,11316600,Merck & Co.,United States,MRK
2023-07-10 04:00:00,109.1399993896484,110.5999984741211,109.0999984741211,109.9599990844727,100.2562255859375,5949200,Merck & Co.,United States,MRK
2023-07-11 04:00:00,109.4800033569336,110.0199966430664,108.25,108.6999969482422,99.107421875,6084400,Merck & Co.,United States,MRK
2023-07-12 04:00:00,108.370002746582,109.0500030517578,107.1900024414062,107.4700012207031,97.9859619140625,8376700,Merck & Co.,United States,MRK
2023-07-13 04:00:00,107.3300018310547,107.9100036621094,106.2600021362305,106.3199996948242,96.93745422363281,9764400,Merck & Co.,United States,MRK
2023-07-14 04:00:00,106.2600021362305,107.6800003051758,106.2600021362305,107.3399963378906,97.867431640625,7209900,Merck & Co.,United States,MRK
2023-07-17 04:00:00,107.0400009155273,107.4400024414062,105.2900009155273,105.5699996948242,96.25363159179688,7376400,Merck & Co.,United States,MRK
2023-07-18 04:00:00,105.879997253418,107.0299987792969,105.3499984741211,105.9499969482422,96.60009765625,7499100,Merck & Co.,United States,MRK
2023-07-19 04:00:00,106.1600036621094,107.379997253418,105.9100036621094,105.9499969482422,96.60009765625,6608600,Merck & Co.,United States,MRK
2023-07-20 04:00:00,106.5500030517578,108.9499969482422,106.0599975585938,108.4599990844727,98.88860321044922,8073000,Merck & Co.,United States,MRK
2023-07-21 04:00:00,108.7300033569336,110.620002746582,108.379997253418,110.3899993896484,100.6482772827148,8194000,Merck & Co.,United States,MRK
2023-07-24 04:00:00,109.9899978637695,110.3399963378906,108.5,108.7900009155273,99.18948364257812,6045500,Merck & Co.,United States,MRK
2023-07-25 04:00:00,107.6399993896484,108.7200012207031,107.3199996948242,107.5299987792969,98.04066467285156,6498700,Merck & Co.,United States,MRK
2023-07-26 04:00:00,106.8000030517578,108.0100021362305,106.0599975585938,107.1399993896484,97.68508911132812,7042700,Merck & Co.,United States,MRK
2023-07-27 04:00:00,107.2399978637695,107.620002746582,105.1699981689453,105.2699966430664,95.98009490966797,9813100,Merck & Co.,United States,MRK
2023-07-28 04:00:00,105.4300003051758,106.6500015258789,105.2399978637695,106.3399963378906,96.9556655883789,6903800,Merck & Co.,United States,MRK
2023-07-31 04:00:00,106.5500030517578,106.7699966430664,105.6699981689453,106.6500015258789,97.23833465576172,7397500,Merck & Co.,United States,MRK
2023-08-01 04:00:00,109.5999984741211,109.5999984741211,105.1399993896484,105.2799987792969,95.98922729492188,10009200,Merck & Co.,United States,MRK
2023-08-02 04:00:00,106.0299987792969,108.1399993896484,104.879997253418,105.6999969482422,96.37215423583984,10873500,Merck & Co.,United States,MRK
2023-08-03 04:00:00,105.0800018310547,105.7799987792969,104.870002746582,105.7300033569336,96.39950561523438,6039300,Merck & Co.,United States,MRK
2023-08-04 04:00:00,105.6399993896484,106.4199981689453,104.5100021362305,105.0,95.73393249511719,6700700,Merck & Co.,United States,MRK
2023-08-07 04:00:00,105.2900009155273,106.2799987792969,104.4199981689453,106.0899963378906,96.72774505615234,8259100,Merck & Co.,United States,MRK
2023-08-08 04:00:00,105.6900024414062,107.1900024414062,105.6900024414062,106.4100036621094,97.0195083618164,10152200,Merck & Co.,United States,MRK
2023-08-09 04:00:00,106.2699966430664,106.7900009155273,105.7900009155273,106.0999984741211,96.73686218261719,6479500,Merck & Co.,United States,MRK
2023-08-10 04:00:00,106.2099990844727,107.0400009155273,105.4199981689453,105.5699996948242,96.25363159179688,6525700,Merck & Co.,United States,MRK
2023-08-11 04:00:00,105.9499969482422,107.7099990844727,105.5899963378906,107.4400024414062,97.9585952758789,5904300,Merck & Co.,United States,MRK
2023-08-14 04:00:00,107.9199981689453,109.4300003051758,107.3099975585938,108.9100036621094,99.29889678955078,8427200,Merck & Co.,United States,MRK
2023-08-15 04:00:00,108.8899993896484,109.4199981689453,108.4199981689453,108.6600036621094,99.07096099853516,5118700,Merck & Co.,United States,MRK
2023-08-16 04:00:00,108.5,109.4700012207031,108.2799987792969,108.7300033569336,99.13475799560547,5332900,Merck & Co.,United States,MRK
2023-08-17 04:00:00,108.6600036621094,110.2799987792969,108.3199996948242,108.9199981689453,99.30799102783203,6457800,Merck & Co.,United States,MRK
2023-08-18 04:00:00,108.9700012207031,109.5,108.2099990844727,109.1999969482422,99.56328582763672,6711400,Merck & Co.,United States,MRK
2023-08-21 04:00:00,109.0899963378906,110.0,108.9499969482422,109.6399993896484,99.96446228027344,6012500,Merck & Co.,United States,MRK
2023-08-22 04:00:00,109.5999984741211,109.5999984741211,107.1999969482422,107.2300033569336,97.76715087890625,6026000,Merck & Co.,United States,MRK
2023-08-23 04:00:00,109.9899978637695,111.8899993896484,109.8199996948242,111.3000030517578,101.4779815673828,10588200,Merck & Co.,United States,MRK
2023-08-24 04:00:00,110.9499969482422,112.0199966430664,109.0899963378906,109.4499969482422,99.79121398925781,6487700,Merck & Co.,United States,MRK
2023-08-25 04:00:00,109.9400024414062,110.3300018310547,108.9800033569336,110.2099990844727,100.4841613769531,4839100,Merck & Co.,United States,MRK
2023-08-28 04:00:00,110.2300033569336,110.6100006103516,108.6500015258789,108.9300003051758,99.31712341308594,4335600,Merck & Co.,United States,MRK
2023-08-29 04:00:00,109.2799987792969,110.5199966430664,108.9300003051758,109.9899978637695,100.2835693359375,5673100,Merck & Co.,United States,MRK
2023-08-30 04:00:00,110.3000030517578,110.8000030517578,109.7200012207031,110.2099990844727,100.4841613769531,4785000,Merck & Co.,United States,MRK
2023-08-31 04:00:00,110.120002746582,110.5400009155273,108.8899993896484,108.9800033569336,99.36270141601562,9212000,Merck & Co.,United States,MRK
2023-09-01 04:00:00,109.6500015258789,110.370002746582,109.25,109.8399963378906,100.1468048095703,4941300,Merck & Co.,United States,MRK
2023-09-05 04:00:00,109.4599990844727,109.7200012207031,107.4899978637695,107.5100021362305,98.0224380493164,6379900,Merck & Co.,United States,MRK
2023-09-06 04:00:00,106.7600021362305,107.0,104.9199981689453,106.4899978637695,97.0924301147461,7926100,Merck & Co.,United States,MRK
2023-09-07 04:00:00,106.9100036621094,108.6900024414062,106.8600006103516,107.9400024414062,98.41448974609375,8532600,Merck & Co.,United States,MRK
2023-09-08 04:00:00,107.5400009155273,109.1399993896484,107.5400009155273,109.0500030517578,99.4265365600586,6807500,Merck & Co.,United States,MRK
2023-09-11 04:00:00,109.3300018310547,109.4400024414062,108.3399963378906,108.5999984741211,99.0162353515625,5069300,Merck & Co.,United States,MRK
2023-09-12 04:00:00,108.4199981689453,109.4800033569336,107.5500030517578,109.0199966430664,99.39917755126953,4605400,Merck & Co.,United States,MRK
2023-09-13 04:00:00,108.9800033569336,109.6699981689453,107.6699981689453,107.8099975585938,98.29595184326172,6761500,Merck & Co.,United States,MRK
2023-09-14 04:00:00,107.6900024414062,108.5100021362305,106.9599990844727,108.2399978637695,99.36080169677734,6872400,Merck & Co.,United States,MRK
2023-09-15 04:00:00,108.120002746582,108.9300003051758,107.2600021362305,107.5199966430664,98.6998519897461,9639000,Merck & Co.,United States,MRK
2023-09-18 04:00:00,107.7699966430664,107.9400024414062,106.8499984741211,107.8199996948242,98.97526550292969,3911300,Merck & Co.,United States,MRK
2023-09-19 04:00:00,107.6500015258789,108.1800003051758,106.9100036621094,107.3600006103516,98.55299377441406,5818300,Merck & Co.,United States,MRK
2023-09-20 04:00:00,108.2099990844727,108.4000015258789,107.25,107.3099975585938,98.507080078125,4593600,Merck & Co.,United States,MRK
2023-09-21 04:00:00,107.2699966430664,107.879997253418,106.4199981689453,106.7300033569336,97.97466278076172,5856600,Merck & Co.,United States,MRK
2023-09-22 04:00:00,107.2200012207031,107.2200012207031,105.9599990844727,106.3399963378906,97.61664581298828,5027200,Merck & Co.,United States,MRK
2023-09-25 04:00:00,106.0500030517578,106.1900024414062,105.1100006103516,105.8399963378906,97.15767669677734,6052200,Merck & Co.,United States,MRK
2023-09-26 04:00:00,105.120002746582,106.5500030517578,105.1100006103516,105.3899993896484,96.74459838867188,5400500,Merck & Co.,United States,MRK
2023-09-27 04:00:00,105.4499969482422,105.5199966430664,103.3000030517578,103.9400024414062,95.41353607177734,5635500,Merck & Co.,United States,MRK
2023-09-28 04:00:00,104.5699996948242,104.9700012207031,103.7799987792969,104.3000030517578,95.74400329589844,4758800,Merck & Co.,United States,MRK
2023-09-29 04:00:00,104.3600006103516,104.6800003051758,102.7099990844727,102.9499969482422,94.50474548339844,7232700,Merck & Co.,United States,MRK
2023-10-02 04:00:00,102.8300018310547,102.8300018310547,101.3499984741211,102.5500030517578,94.1375503540039,7079700,Merck & Co.,United States,MRK
2023-10-03 04:00:00,102.2399978637695,102.4400024414062,100.9199981689453,101.7699966430664,93.42155456542969,5924000,Merck & Co.,United States,MRK
2023-10-04 04:00:00,101.5800018310547,102.4300003051758,101.3300018310547,102.1699981689453,93.78873443603516,6720500,Merck & Co.,United States,MRK
2023-10-05 04:00:00,102.3600006103516,103.7099990844727,102.3399963378906,103.5999984741211,95.10142517089844,6449100,Merck & Co.,United States,MRK
2023-10-06 04:00:00,103.7300033569336,104.4300003051758,102.9199981689453,103.879997253418,95.35845184326172,6854900,Merck & Co.,United States,MRK
2023-10-09 04:00:00,103.5,105.1900024414062,103.3099975585938,104.5,95.9276123046875,5061100,Merck & Co.,United States,MRK
2023-10-10 04:00:00,104.3199996948242,104.4599990844727,103.1600036621094,103.6100006103516,95.11060333251953,7177200,Merck & Co.,United States,MRK
2023-10-11 04:00:00,104.0,104.2099990844727,102.8499984741211,103.4599990844727,94.972900390625,5375100,Merck & Co.,United States,MRK
2023-10-12 04:00:00,103.5199966430664,103.9499969482422,102.9300003051758,103.5899963378906,95.09224700927734,5124000,Merck & Co.,United States,MRK
2023-10-13 04:00:00,103.6100006103516,104.5199966430664,102.7799987792969,104.0100021362305,95.47779846191406,5787500,Merck & Co.,United States,MRK
2023-10-16 04:00:00,104.1999969482422,105.370002746582,104.0599975585938,104.1399993896484,95.59712982177734,6473500,Merck & Co.,United States,MRK
2023-10-17 04:00:00,104.0,104.4899978637695,103.1500015258789,104.1699981689453,95.62467193603516,5827200,Merck & Co.,United States,MRK
2023-10-18 04:00:00,104.1100006103516,104.4599990844727,101.9100036621094,101.9899978637695,93.62350463867188,7136400,Merck & Co.,United States,MRK
2023-10-19 04:00:00,101.6600036621094,101.7300033569336,99.13999938964844,100.4300003051758,92.19145965576172,7647600,Merck & Co.,United States,MRK
2023-10-20 04:00:00,99.98999786376953,103.3600006103516,99.98999786376953,102.6699981689453,94.24771118164062,12467500,Merck & Co.,United States,MRK
2023-10-23 04:00:00,102.8300018310547,104.1500015258789,102.6699981689453,103.3499984741211,94.87193298339844,8493000,Merck & Co.,United States,MRK
2023-10-24 04:00:00,103.3199996948242,104.0599975585938,102.6800003051758,103.0299987792969,94.57817840576172,6347900,Merck & Co.,United States,MRK
2023-10-25 04:00:00,103.3499984741211,104.6100006103516,102.9499969482422,103.629997253418,95.12896728515625,7849200,Merck & Co.,United States,MRK
2023-10-26 04:00:00,103.0999984741211,107.2300033569336,102.9899978637695,105.5500030517578,96.89146423339844,11335700,Merck & Co.,United States,MRK
2023-10-27 04:00:00,105.3199996948242,105.5699996948242,102.2200012207031,102.8199996948242,94.38542175292969,8933800,Merck & Co.,United States,MRK
2023-10-30 04:00:00,103.2799987792969,104.5,102.6100006103516,102.6800003051758,94.25690460205078,6915500,Merck & Co.,United States,MRK
2023-10-31 04:00:00,102.7699966430664,103.5500030517578,101.4000015258789,102.6999969482422,94.27525329589844,7522600,Merck & Co.,United States,MRK
2023-11-01 04:00:00,103.5500030517578,104.2300033569336,102.7300033569336,102.8499984741211,94.41294860839844,5838100,Merck & Co.,United States,MRK
2023-11-02 04:00:00,102.7399978637695,103.0599975585938,101.6500015258789,102.8499984741211,94.41294860839844,5379100,Merck & Co.,United States,MRK
2023-11-03 04:00:00,103.370002746582,104.25,102.7799987792969,103.379997253418,94.89948272705078,6005900,Merck & Co.,United States,MRK
2023-11-06 05:00:00,104.0800018310547,104.370002746582,103.1399993896484,104.3399963378906,95.78070831298828,5951200,Merck & Co.,United States,MRK
2023-11-07 05:00:00,104.3499984741211,104.7200012207031,103.7300033569336,104.0,95.46861267089844,6616400,Merck & Co.,United States,MRK
2023-11-08 05:00:00,103.9800033569336,105.1699981689453,103.8399963378906,104.4000015258789,95.83580780029297,8152100,Merck & Co.,United States,MRK
2023-11-09 05:00:00,104.7099990844727,104.7099990844727,102.1500015258789,102.379997253418,93.98149871826172,7377000,Merck & Co.,United States,MRK
2023-11-10 05:00:00,102.8399963378906,103.3600006103516,100.5999984741211,101.3899993896484,93.07272338867188,7627100,Merck & Co.,United States,MRK
2023-11-13 05:00:00,101.0899963378906,102.5500030517578,100.5800018310547,102.4700012207031,94.06411743164062,5878200,Merck & Co.,United States,MRK
2023-11-14 05:00:00,102.6600036621094,103.2200012207031,101.9000015258789,102.1699981689453,93.78873443603516,6944400,Merck & Co.,United States,MRK
2023-11-15 05:00:00,101.879997253418,102.1699981689453,100.7200012207031,101.3499984741211,93.03600311279297,7392600,Merck & Co.,United States,MRK
2023-11-16 05:00:00,101.8300018310547,102.0599975585938,101.0299987792969,101.9899978637695,93.62350463867188,7889700,Merck & Co.,United States,MRK
2023-11-17 05:00:00,102.0,102.4199981689453,100.9599990844727,101.75,93.40319061279297,6767000,Merck & Co.,United States,MRK
2023-11-20 05:00:00,100.9700012207031,102.9300003051758,100.8899993896484,102.6800003051758,94.25690460205078,7449900,Merck & Co.,United States,MRK
2023-11-21 05:00:00,103.0,103.629997253418,101.8499984741211,102.2099990844727,93.82545471191406,7403500,Merck & Co.,United States,MRK
2023-11-22 05:00:00,102.1999969482422,102.6800003051758,101.1100006103516,101.6800003051758,93.33892059326172,5724000,Merck & Co.,United States,MRK
2023-11-24 05:00:00,102.2600021362305,102.5100021362305,101.4400024414062,101.870002746582,93.51335144042969,3168000,Merck & Co.,United States,MRK
2023-11-27 05:00:00,101.9100036621094,102.1500015258789,100.6999969482422,101.4300003051758,93.10943603515625,7356500,Merck & Co.,United States,MRK
2023-11-28 05:00:00,101.3099975585938,101.3499984741211,100.0100021362305,100.1800003051758,91.96196746826172,8738500,Merck & Co.,United States,MRK
2023-11-29 05:00:00,100.2799987792969,101.1699981689453,99.80000305175781,101.129997253418,92.83403778076172,10286800,Merck & Co.,United States,MRK
2023-11-30 05:00:00,100.8399963378906,102.6900024414062,100.2799987792969,102.4800033569336,94.07330322265625,29299700,Merck & Co.,United States,MRK
2023-12-01 05:00:00,102.8499984741211,103.6800003051758,102.6600036621094,103.4599990844727,94.972900390625,6863400,Merck & Co.,United States,MRK
2023-12-04 05:00:00,103.7300033569336,105.379997253418,103.7300033569336,105.0599975585938,96.441650390625,10169900,Merck & Co.,United States,MRK
2023-12-05 05:00:00,104.9199981689453,106.4000015258789,104.1800003051758,106.2300033569336,97.51569366455078,10789100,Merck & Co.,United States,MRK
2023-12-06 05:00:00,106.25,106.5699996948242,105.4300003051758,105.629997253418,96.96489715576172,9954800,Merck & Co.,United States,MRK
2023-12-07 05:00:00,105.5899963378906,105.5999984741211,103.7300033569336,103.879997253418,95.35845184326172,9602200,Merck & Co.,United States,MRK
2023-12-08 05:00:00,103.7900009155273,104.0100021362305,102.6500015258789,103.75,95.23912048339844,7530300,Merck & Co.,United States,MRK
2023-12-11 05:00:00,104.8499984741211,105.4700012207031,103.5699996948242,104.370002746582,95.80825805664062,7429700,Merck & Co.,United States,MRK
2023-12-12 05:00:00,104.4800033569336,104.7900009155273,103.4199981689453,104.3600006103516,95.79908752441406,7933500,Merck & Co.,United States,MRK
2023-12-13 05:00:00,104.1600036621094,107.1100006103516,103.9700012207031,107.1100006103516,98.32350158691406,10995000,Merck & Co.,United States,MRK
2023-12-14 05:00:00,106.6800003051758,107.2099990844727,105.1399993896484,105.879997253418,97.89816284179688,10723000,Merck & Co.,United States,MRK
2023-12-15 05:00:00,104.8899993896484,106.2699966430664,104.2600021362305,105.1100006103516,97.18621063232422,26393300,Merck & Co.,United States,MRK
2023-12-18 05:00:00,106.1600036621094,107.2099990844727,105.629997253418,106.0400009155273,98.04610443115234,12805600,Merck & Co.,United States,MRK
2023-12-19 05:00:00,106.0500030517578,106.6600036621094,105.4400024414062,106.4899978637695,98.4621810913086,8043100,Merck & Co.,United States,MRK
2023-12-20 05:00:00,107.1399993896484,107.1399993896484,105.2399978637695,105.3600006103516,97.41737365722656,8441600,Merck & Co.,United States,MRK
2023-12-21 05:00:00,105.7900009155273,106.6100006103516,105.3399963378906,106.3899993896484,98.3697280883789,5919400,Merck & Co.,United States,MRK
2023-12-22 05:00:00,107.1500015258789,108.0599975585938,106.8399963378906,107.6999969482422,99.58097076416016,6028700,Merck & Co.,United States,MRK
2023-12-26 05:00:00,107.5,108.0899963378906,107.2200012207031,107.629997253418,99.51624298095703,4727700,Merck & Co.,United States,MRK
2023-12-27 05:00:00,107.3099975585938,108.0699996948242,107.0100021362305,107.9800033569336,99.8398666381836,5387000,Merck & Co.,United States,MRK
2023-12-28 05:00:00,108.3000030517578,109.0599975585938,108.129997253418,108.7699966430664,100.5703201293945,5530400,Merck & Co.,United States,MRK
2023-12-29 05:00:00,108.9899978637695,109.2399978637695,108.7900009155273,109.0199966430664,100.8014526367188,5889200,Merck & Co.,United States,MRK
2024-01-02 05:00:00,109.1600036621094,113.3199996948242,109.1600036621094,113.2399978637695,104.7033309936523,11920100,Merck & Co.,United States,MRK
2024-01-03 05:00:00,114.2699966430664,115.9000015258789,114.1600036621094,114.7699966430664,106.1179885864258,10721900,Merck & Co.,United States,MRK
2024-01-04 05:00:00,115.9199981689453,117.6500015258789,115.8600006103516,117.0100021362305,108.1891326904297,11492200,Merck & Co.,United States,MRK
2024-01-05 05:00:00,117.0999984741211,117.4499969482422,116.6399993896484,117.2200012207031,108.3832931518555,6861500,Merck & Co.,United States,MRK
2024-01-08 05:00:00,117.5899963378906,117.8899993896484,116.1800003051758,117.379997253418,108.5312271118164,8193100,Merck & Co.,United States,MRK
2024-01-09 05:00:00,117.5100021362305,119.9400024414062,117.2099990844727,118.4300003051758,109.5020904541016,8822300,Merck & Co.,United States,MRK
2024-01-10 05:00:00,118.1900024414062,119.1699981689453,117.7399978637695,118.8600006103516,109.899658203125,7129100,Merck & Co.,United States,MRK
2024-01-11 05:00:00,118.8000030517578,118.9000015258789,117.0800018310547,118.4300003051758,109.5020904541016,5754400,Merck & Co.,United States,MRK
2024-01-12 05:00:00,118.0699996948242,118.6699981689453,117.6500015258789,118.629997253418,109.6869888305664,6823300,Merck & Co.,United States,MRK
2024-01-16 05:00:00,118.4899978637695,119.3399963378906,117.9400024414062,118.4899978637695,109.5575561523438,6832300,Merck & Co.,United States,MRK
2024-01-17 05:00:00,119.1800003051758,119.4000015258789,117.6100006103516,118.129997253418,109.2246932983398,5591400,Merck & Co.,United States,MRK
2024-01-18 05:00:00,117.6500015258789,118.620002746582,116.620002746582,118.5400009155273,109.6037902832031,10524700,Merck & Co.,United States,MRK
2024-01-19 05:00:00,118.2099990844727,119.0199966430664,117.7200012207031,118.8899993896484,109.9273986816406,7605600,Merck & Co.,United States,MRK
2024-01-22 05:00:00,119.0400009155273,119.9700012207031,118.8600006103516,119.4300003051758,110.4266967773438,8786200,Merck & Co.,United States,MRK
2024-01-23 05:00:00,118.1399993896484,119.9899978637695,117.2699966430664,119.8399963378906,110.805778503418,6501400,Merck & Co.,United States,MRK
2024-01-24 05:00:00,119.6999969482422,119.9499969482422,118.4400024414062,118.879997253418,109.9181594848633,5859900,Merck & Co.,United States,MRK
2024-01-25 05:00:00,118.6600036621094,120.1800003051758,118.6600036621094,120.129997253418,111.0739135742188,6689800,Merck & Co.,United States,MRK
2024-01-26 05:00:00,120.5100021362305,121.0199966430664,120.0800018310547,120.8199996948242,111.7119216918945,8300300,Merck & Co.,United States,MRK
2024-01-29 05:00:00,121.3499984741211,121.4599990844727,120.4899978637695,121.2799987792969,112.1372375488281,9138200,Merck & Co.,United States,MRK
2024-01-30 05:00:00,121.2799987792969,121.7600021362305,120.1800003051758,121.6600036621094,112.4885940551758,7469500,Merck & Co.,United States,MRK
2024-01-31 05:00:00,122.5299987792969,122.8499984741211,120.5,120.7799987792969,111.674919128418,10779000,Merck & Co.,United States,MRK
2024-02-01 05:00:00,123.6500015258789,126.4300003051758,122.7699966430664,126.379997253418,116.8527526855469,11650700,Merck & Co.,United States,MRK
2024-02-02 05:00:00,126.7099990844727,127.5599975585938,126.1100006103516,126.4100036621094,116.8805084228516,10175600,Merck & Co.,United States,MRK
2024-02-05 05:00:00,126.9800033569336,127.8000030517578,125.6999969482422,126.1800003051758,116.6678466796875,8027700,Merck & Co.,United States,MRK
2024-02-06 05:00:00,126.6100006103516,127.5199966430664,126.0699996948242,126.879997253418,117.3150787353516,6153000,Merck & Co.,United States,MRK
2024-02-07 05:00:00,126.9000015258789,128.0599975585938,126.5,127.4700012207031,117.8606033325195,6742800,Merck & Co.,United States,MRK
2024-02-08 05:00:00,127.3199996948242,127.4800033569336,125.9499969482422,126.6100006103516,117.0654296875,6308300,Merck & Co.,United States,MRK
2024-02-09 05:00:00,126.2200012207031,126.6900024414062,125.0400009155273,125.4499969482422,115.9928741455078,7891200,Merck & Co.,United States,MRK
2024-02-12 05:00:00,125.0,125.4800033569336,124.4000015258789,125.3399963378906,115.8911590576172,5257400,Merck & Co.,United States,MRK
2024-02-13 05:00:00,125.9800033569336,126.8600006103516,124.4800033569336,125.4300003051758,115.9743804931641,7273400,Merck & Co.,United States,MRK
2024-02-14 05:00:00,125.6100006103516,126.0299987792969,124.8199996948242,125.8199996948242,116.3349838256836,6622400,Merck & Co.,United States,MRK
2024-02-15 05:00:00,125.9700012207031,127.2300033569336,125.9499969482422,126.5400009155273,117.0007095336914,5756700,Merck & Co.,United States,MRK
2024-02-16 05:00:00,126.5,128.0899963378906,126.1699981689453,127.7900009155273,118.1564712524414,6266800,Merck & Co.,United States,MRK
2024-02-20 05:00:00,128.1300048828125,129.2899932861328,127.2099990844727,127.370002746582,117.7681427001953,6952800,Merck & Co.,United States,MRK
2024-02-21 05:00:00,127.4400024414062,128.1600036621094,126.8000030517578,128.1199951171875,118.4616012573242,4849200,Merck & Co.,United States,MRK
2024-02-22 05:00:00,128.1499938964844,129.7200012207031,127.6500015258789,129.2599945068359,119.5156555175781,6517400,Merck & Co.,United States,MRK
2024-02-23 05:00:00,129.7899932861328,130.2400054931641,128.8600006103516,129.4499969482422,119.6913223266602,5177400,Merck & Co.,United States,MRK
2024-02-26 05:00:00,129.3800048828125,129.6999969482422,128.4700012207031,128.8399963378906,119.1273193359375,5158400,Merck & Co.,United States,MRK
2024-02-27 05:00:00,128.2599945068359,129.1600036621094,127.8000030517578,129.0299987792969,119.3030014038086,4780200,Merck & Co.,United States,MRK
2024-02-28 05:00:00,129.3399963378906,129.3999938964844,127.6999969482422,128.1900024414062,118.5263214111328,5697200,Merck & Co.,United States,MRK
2024-02-29 05:00:00,128.1000061035156,128.8500061035156,127.0599975585938,127.1500015258789,117.5647201538086,11246100,Merck & Co.,United States,MRK
2024-03-01 05:00:00,126.870002746582,127.8499984741211,126.4199981689453,126.9599990844727,117.3890380859375,6023400,Merck & Co.,United States,MRK
2024-03-04 05:00:00,124.4599990844727,126.5400009155273,123.2900009155273,124.0500030517578,114.6984252929688,12706200,Merck & Co.,United States,MRK
2024-03-05 05:00:00,124.6800003051758,125.0400009155273,122.3899993896484,122.8300018310547,113.5703887939453,8277800,Merck & Co.,United States,MRK
2024-03-06 05:00:00,122.8399963378906,124.7600021362305,122.5100021362305,123.75,114.421028137207,8251400,Merck & Co.,United States,MRK
2024-03-07 05:00:00,123.3600006103516,124.5299987792969,122.8199996948242,123.9899978637695,114.6429290771484,8982200,Merck & Co.,United States,MRK
2024-03-08 05:00:00,123.2300033569336,124.0400009155273,122.0599975585938,123.5,114.1898880004883,9822700,Merck & Co.,United States,MRK
2024-03-11 04:00:00,124.6500015258789,124.6500015258789,121.8399963378906,122.7699966430664,113.5149002075195,7769300,Merck & Co.,United States,MRK
2024-03-12 04:00:00,123.0,123.2099990844727,121.4300003051758,122.6600036621094,113.4132080078125,11621800,Merck & Co.,United States,MRK
2024-03-13 04:00:00,123.1600036621094,123.2099990844727,120.8000030517578,122.1600036621094,112.9508895874023,9186000,Merck & Co.,United States,MRK
2024-03-14 04:00:00,121.3199996948242,121.3199996948242,119.6600036621094,120.5100021362305,112.1320648193359,10132500,Merck & Co.,United States,MRK
2024-03-15 04:00:00,119.8399963378906,121.9400024414062,119.2300033569336,121.5199966430664,113.0718536376953,46477400,Merck & Co.,United States,MRK
2024-03-18 04:00:00,121.8499984741211,122.5100021362305,121.129997253418,121.4400024414062,112.9974136352539,8311900,Merck & Co.,United States,MRK
2024-03-19 04:00:00,121.4400024414062,122.2600021362305,120.4300003051758,122.1999969482422,113.7045745849609,11696600,Merck & Co.,United States,MRK
2024-03-20 04:00:00,121.2799987792969,123.9100036621094,120.379997253418,123.8499984741211,115.2398834228516,9793200,Merck & Co.,United States,MRK
2024-03-21 04:00:00,123.6900024414062,124.1900024414062,123.0599975585938,123.620002746582,115.0258560180664,8156300,Merck & Co.,United States,MRK
2024-03-22 04:00:00,123.7900009155273,124.4899978637695,123.2200012207031,123.8499984741211,115.2398834228516,7022500,Merck & Co.,United States,MRK
2024-03-25 04:00:00,124.0800018310547,125.5800018310547,123.7699966430664,125.3099975585938,116.5983657836914,7605800,Merck & Co.,United States,MRK
2024-03-26 04:00:00,125.7799987792969,126.0800018310547,124.8499984741211,125.5199966430664,116.7937622070312,8864400,Merck & Co.,United States,MRK
2024-03-27 04:00:00,132.8699951171875,133.1000061035156,130.1100006103516,131.75,122.5906600952148,16061600,Merck & Co.,United States,MRK
2024-03-28 04:00:00,132.0,132.4199981689453,131.0800018310547,131.9499969482422,122.7767639160156,10189700,Merck & Co.,United States,MRK
2024-04-01 04:00:00,131.6799926757812,131.9299926757812,130.1100006103516,130.9900054931641,121.8835144042969,5377600,Merck & Co.,United States,MRK
2024-04-02 04:00:00,130.1000061035156,130.7599945068359,129.2799987792969,130.3500061035156,121.2879943847656,6584200,Merck & Co.,United States,MRK
2024-04-03 04:00:00,130.3500061035156,132.3000030517578,129.4299926757812,129.8999938964844,120.869270324707,7741400,Merck & Co.,United States,MRK
2024-04-04 04:00:00,130.8300018310547,130.9400024414062,127.3399963378906,127.6600036621094,118.7850036621094,6753200,Merck & Co.,United States,MRK
2024-04-05 04:00:00,127.6500015258789,128.6000061035156,127.0,127.9899978637695,119.0920639038086,5692900,Merck & Co.,United States,MRK
2024-04-08 04:00:00,127.6399993896484,127.9199981689453,125.879997253418,126.5599975585938,117.7614669799805,6282500,Merck & Co.,United States,MRK
2024-04-09 04:00:00,126.5800018310547,127.0,125.5100021362305,126.7099990844727,117.9010391235352,4696600,Merck & Co.,United States,MRK
2024-04-10 04:00:00,125.8600006103516,127.0,125.0500030517578,126.75,117.9382553100586,5787700,Merck & Co.,United States,MRK
2024-04-11 04:00:00,126.5500030517578,127.1399993896484,125.4599990844727,126.1500015258789,117.3799667358398,6187200,Merck & Co.,United States,MRK
2024-04-12 04:00:00,127.0400009155273,127.1100006103516,125.0999984741211,125.7399978637695,116.9984817504883,7370000,Merck & Co.,United States,MRK
2024-04-15 04:00:00,126.6900024414062,127.8199996948242,125.870002746582,126.1900024414062,117.4171905517578,6241000,Merck & Co.,United States,MRK
2024-04-16 04:00:00,126.5599975585938,126.8000030517578,125.0299987792969,125.0599975585938,116.3657379150391,5587300,Merck & Co.,United States,MRK
2024-04-17 04:00:00,125.6699981689453,126.1900024414062,124.7099990844727,125.370002746582,116.6542129516602,6122800,Merck & Co.,United States,MRK
2024-04-18 04:00:00,125.5199966430664,125.5199966430664,124.5,125.2300033569336,116.5239334106445,5992700,Merck & Co.,United States,MRK
2024-04-19 04:00:00,125.6500015258789,126.120002746582,124.8899993896484,125.7799987792969,117.0356903076172,8404300,Merck & Co.,United States,MRK
2024-04-22 04:00:00,126.7099990844727,128.0800018310547,126.2200012207031,126.9400024414062,118.1150436401367,7805800,Merck & Co.,United States,MRK
2024-04-23 04:00:00,128.1000061035156,128.1000061035156,126.7399978637695,126.879997253418,118.059211730957,7744000,Merck & Co.,United States,MRK
2024-04-24 04:00:00,126.8199996948242,127.5899963378906,125.3499984741211,127.0,118.1708755493164,7128300,Merck & Co.,United States,MRK
2024-04-25 04:00:00,129.6900024414062,132.8000030517578,128.7599945068359,130.7200012207031,121.6322708129883,12750100,Merck & Co.,United States,MRK
2024-04-26 04:00:00,130.1300048828125,131.9100036621094,130.1300048828125,131.1999969482422,122.0788879394531,7758200,Merck & Co.,United States,MRK
2024-04-29 04:00:00,131.7200012207031,132.1999969482422,129.3300018310547,130.1199951171875,121.0739669799805,6788000,Merck & Co.,United States,MRK
2024-04-30 04:00:00,130.9199981689453,130.9199981689453,128.9799957275391,129.2200012207031,120.2365493774414,6945000,Merck & Co.,United States,MRK
2024-05-01 04:00:00,128.6100006103516,129.9299926757812,127.8000030517578,128.8000030517578,119.8457489013672,5895700,Merck & Co.,United States,MRK
2024-05-02 04:00:00,129.0599975585938,129.6900024414062,127.9899978637695,128.2599945068359,119.3432693481445,7422500,Merck & Co.,United States,MRK
2024-05-03 04:00:00,128.0099945068359,128.4799957275391,127.1800003051758,127.5100021362305,118.6454162597656,6221900,Merck & Co.,United States,MRK
2024-05-06 04:00:00,127.1800003051758,127.7300033569336,126.7600021362305,127.5699996948242,118.7012405395508,6552000,Merck & Co.,United States,MRK
2024-05-07 04:00:00,127.0999984741211,130.4299926757812,127.0699996948242,130.3800048828125,121.3159103393555,6682300,Merck & Co.,United States,MRK
2024-05-08 04:00:00,130.5800018310547,131.5099945068359,129.3300018310547,129.5500030517578,120.5436096191406,6659100,Merck & Co.,United States,MRK
2024-05-09 04:00:00,128.9400024414062,130.5,128.9400024414062,130.2299957275391,121.1763229370117,9216700,Merck & Co.,United States,MRK
2024-05-10 04:00:00,130.8200073242188,130.8800048828125,129.9499969482422,130.0599975585938,121.0181427001953,5722600,Merck & Co.,United States,MRK
2024-05-13 04:00:00,129.5099945068359,129.7100067138672,128.0200042724609,129.2899932861328,120.3016586303711,7109700,Merck & Co.,United States,MRK
2024-05-14 04:00:00,129.1999969482422,129.1999969482422,128.0299987792969,128.6600036621094,119.7154769897461,6154300,Merck & Co.,United States,MRK
2024-05-15 04:00:00,128.8800048828125,131.9700012207031,128.7200012207031,131.7299957275391,122.5720443725586,7237100,Merck & Co.,United States,MRK
2024-05-16 04:00:00,131.3699951171875,131.7799987792969,130.7899932861328,130.8800048828125,121.7811508178711,5518100,Merck & Co.,United States,MRK
2024-05-17 04:00:00,130.6900024414062,131.3200073242188,129.8099975585938,131.1900024414062,122.0696029663086,8281600,Merck & Co.,United States,MRK
2024-05-20 04:00:00,130.8099975585938,131.7400054931641,130.6499938964844,130.9900054931641,121.8835144042969,4860400,Merck & Co.,United States,MRK
2024-05-21 04:00:00,131.6799926757812,132.7899932861328,130.4799957275391,130.7599945068359,121.6694717407227,6254700,Merck & Co.,United States,MRK
2024-05-22 04:00:00,130.1699981689453,131.6000061035156,130.1499938964844,131.1000061035156,121.9858551025391,4407500,Merck & Co.,United States,MRK
2024-05-23 04:00:00,130.8999938964844,131.9199981689453,130.3099975585938,131.0899963378906,121.9765319824219,6830900,Merck & Co.,United States,MRK
2024-05-24 04:00:00,131.4499969482422,131.4499969482422,129.1600036621094,129.4900054931641,120.4877700805664,5983800,Merck & Co.,United States,MRK
2024-05-28 04:00:00,128.8399963378906,129.0800018310547,125.7399978637695,126.0899963378906,117.3241348266602,10263400,Merck & Co.,United States,MRK
2024-05-29 04:00:00,126.1399993896484,126.4499969482422,125.2799987792969,125.9000015258789,117.1473541259766,8527800,Merck & Co.,United States,MRK
2024-05-30 04:00:00,125.9800033569336,127.8499984741211,122.6999969482422,124.5299987792969,115.8726043701172,13000300,Merck & Co.,United States,MRK
2024-05-31 04:00:00,125.129997253418,126.6100006103516,124.5500030517578,125.5400009155273,116.812370300293,18150500,Merck & Co.,United States,MRK
2024-06-03 04:00:00,125.7699966430664,128.9499969482422,125.7699966430664,128.4199981689453,119.4921646118164,7702500,Merck & Co.,United States,MRK
2024-06-04 04:00:00,127.1500015258789,129.3600006103516,126.879997253418,128.7100067138672,119.7620162963867,6440100,Merck & Co.,United States,MRK
2024-06-05 04:00:00,128.4799957275391,129.9400024414062,128.0700073242188,129.4499969482422,120.4505386352539,5009400,Merck & Co.,United States,MRK
2024-06-06 04:00:00,129.1600036621094,130.9299926757812,128.8999938964844,130.5200042724609,121.4461669921875,8088500,Merck & Co.,United States,MRK
2024-06-07 04:00:00,130.3500061035156,131.3699951171875,130.2100067138672,130.6699981689453,121.5857238769531,4945600,Merck & Co.,United States,MRK
2024-06-10 04:00:00,130.6300048828125,131.6799926757812,129.6499938964844,131.4900054931641,122.348747253418,6033700,Merck & Co.,United States,MRK
2024-06-11 04:00:00,131.0,132.1699981689453,129.7400054931641,131.8399963378906,122.6743774414062,11453200,Merck & Co.,United States,MRK
2024-06-12 04:00:00,132.6999969482422,132.7100067138672,130.1600036621094,130.1999969482422,121.1484146118164,5822000,Merck & Co.,United States,MRK
2024-06-13 04:00:00,130.0200042724609,130.1199951171875,128.5899963378906,129.3699951171875,120.376106262207,5004200,Merck & Co.,United States,MRK
2024-06-14 04:00:00,129.1600036621094,129.8699951171875,128.6499938964844,129.4799957275391,120.4784622192383,7338500,Merck & Co.,United States,MRK
2024-06-17 04:00:00,128.2100067138672,128.9400024414062,127.370002746582,127.5,119.3458480834961,8524000,Merck & Co.,United States,MRK
2024-06-18 04:00:00,128.2700042724609,128.7299957275391,127.0899963378906,127.9899978637695,119.8045120239258,6532400,Merck & Co.,United States,MRK
2024-06-20 04:00:00,127.3899993896484,130.4299926757812,126.75,129.6699981689453,121.3770751953125,10348400,Merck & Co.,United States,MRK
2024-06-21 04:00:00,130.1699981689453,131.1999969482422,129.0899963378906,130.7200012207031,122.3599243164062,17170800,Merck & Co.,United States,MRK
2024-06-24 04:00:00,131.2700042724609,133.3099975585938,130.9299926757812,132.9600067138672,124.4566650390625,8553800,Merck & Co.,United States,MRK
2024-06-25 04:00:00,133.1199951171875,134.6300048828125,132.6000061035156,132.9199981689453,124.4192199707031,6750600,Merck & Co.,United States,MRK
2024-06-26 04:00:00,133.3800048828125,133.4299926757812,131.4900054931641,131.5,123.0900421142578,8492100,Merck & Co.,United States,MRK
2024-06-27 04:00:00,131.9900054931641,132.2899932861328,126.7799987792969,129.8200073242188,121.5175018310547,11927600,Merck & Co.,United States,MRK
2024-06-28 04:00:00,129.5399932861328,130.9700012207031,120.870002746582,123.8000030517578,115.8824844360352,57055500,Merck & Co.,United States,MRK
2024-07-01 04:00:00,125.379997253418,129.1900024414062,125.0999984741211,127.9000015258789,119.7202758789062,11533000,Merck & Co.,United States,MRK
2024-07-02 04:00:00,128.2100067138672,128.2400054931641,126.6600036621094,127.7200012207031,119.5517807006836,5645400,Merck & Co.,United States,MRK
2024-07-03 04:00:00,127.6900024414062,127.9400024414062,125.3000030517578,125.8499984741211,117.8013763427734,4002100,Merck & Co.,United States,MRK
2024-07-05 04:00:00,126.5299987792969,126.5999984741211,124.9100036621094,126.4499969482422,118.3630065917969,6786700,Merck & Co.,United States,MRK
2024-07-08 04:00:00,126.8000030517578,127.4599990844727,125.3300018310547,125.7799987792969,117.7358551025391,5743400,Merck & Co.,United States,MRK
2024-07-09 04:00:00,125.2399978637695,126.0999984741211,123.6999969482422,126.0400009155273,117.9792327880859,6339000,Merck & Co.,United States,MRK
2024-07-10 04:00:00,125.879997253418,127.4800033569336,125.8300018310547,127.3000030517578,119.1586380004883,4588500,Merck & Co.,United States,MRK
2024-07-11 04:00:00,127.6100006103516,129.1199951171875,127.5899963378906,128.9700012207031,120.7218399047852,7048800,Merck & Co.,United States,MRK
2024-07-12 04:00:00,129.3999938964844,129.9299926757812,127.3199996948242,127.7600021362305,119.5892333984375,7022300,Merck & Co.,United States,MRK
2024-07-15 04:00:00,128.0,128.3399963378906,127.1999969482422,128.1199951171875,119.9262008666992,6918500,Merck & Co.,United States,MRK
2024-07-16 04:00:00,127.870002746582,129.0299987792969,125.1999969482422,125.4400024414062,117.417594909668,8194400,Merck & Co.,United States,MRK
2024-07-17 04:00:00,125.4700012207031,126.6900024414062,124.5599975585938,125.8899993896484,117.8388290405273,7628000,Merck & Co.,United States,MRK
2024-07-18 04:00:00,125.3000030517578,125.5999984741211,122.370002746582,124.25,116.3037033081055,9501400,Merck & Co.,United States,MRK
2024-07-19 04:00:00,125.3000030517578,126.9899978637695,125.1800003051758,125.7699966430664,117.7265014648438,6848800,Merck & Co.,United States,MRK
2024-07-22 04:00:00,125.9499969482422,126.4899978637695,125.0299987792969,125.6900024414062,117.651611328125,4341800,Merck & Co.,United States,MRK
2024-07-23 04:00:00,124.9899978637695,125.620002746582,124.1800003051758,124.379997253418,116.4253921508789,4285400,Merck & Co.,United States,MRK
2024-07-24 04:00:00,124.9700012207031,126.1699981689453,124.6800003051758,125.9199981689453,117.8668975830078,6338500,Merck & Co.,United States,MRK
2024-07-25 04:00:00,126.0299987792969,127.8499984741211,125.7099990844727,125.8499984741211,117.8013763427734,7357100,Merck & Co.,United States,MRK
2024-07-26 04:00:00,127.2399978637695,128.7299957275391,125.0500030517578,125.2600021362305,117.2491149902344,6467000,Merck & Co.,United States,MRK
2024-07-29 04:00:00,125.7799987792969,127.9899978637695,124.9199981689453,127.7799987792969,119.6079483032227,9139500,Merck & Co.,United States,MRK
2024-07-30 04:00:00,123.4800033569336,123.9400024414062,113.9100036621094,115.25,107.879280090332,35509400,Merck & Co.,United States,MRK
2024-07-31 04:00:00,116.0,117.8399963378906,112.2200012207031,113.129997253418,105.8948669433594,22733000,Merck & Co.,United States,MRK
2024-08-01 04:00:00,113.129997253418,114.4700012207031,111.4100036621094,113.8199996948242,106.5407409667969,14117500,Merck & Co.,United States,MRK
2024-08-02 04:00:00,115.1600036621094,117.3000030517578,114.3600006103516,115.1999969482422,107.8324890136719,16562300,Merck & Co.,United States,MRK
2024-08-05 04:00:00,114.9499969482422,115.120002746582,111.3399963378906,112.3099975585938,105.127311706543,13334000,Merck & Co.,United States,MRK
2024-08-06 04:00:00,112.3000030517578,113.0800018310547,110.9199981689453,111.1500015258789,104.0415115356445,9761900,Merck & Co.,United States,MRK
2024-08-07 04:00:00,111.6800003051758,112.5500030517578,110.7200012207031,112.4899978637695,105.2958068847656,9756500,Merck & Co.,United States,MRK
2024-08-08 04:00:00,112.9199981689453,114.2300033569336,112.5699996948242,113.9199981689453,106.6343460083008,8278200,Merck & Co.,United States,MRK
2024-08-09 04:00:00,113.7799987792969,114.7200012207031,112.870002746582,114.5500030517578,107.2240600585938,5914100,Merck & Co.,United States,MRK
2024-08-12 04:00:00,114.7099990844727,114.7099990844727,113.1100006103516,113.4800033569336,106.2224807739258,6536000,Merck & Co.,United States,MRK
2024-08-13 04:00:00,113.5699996948242,114.870002746582,112.8399963378906,114.3899993896484,107.0742950439453,9040300,Merck & Co.,United States,MRK
2024-08-14 04:00:00,113.6600036621094,113.9300003051758,111.5100021362305,113.5800018310547,106.3160934448242,11029400,Merck & Co.,United States,MRK
2024-08-15 04:00:00,114.1699981689453,114.5,112.5699996948242,113.3099975585938,106.063362121582,9685100,Merck & Co.,United States,MRK
2024-08-16 04:00:00,113.6100006103516,113.7200012207031,112.620002746582,113.6699981689453,106.4003295898438,10102300,Merck & Co.,United States,MRK
2024-08-19 04:00:00,113.6600036621094,114.5999984741211,113.3099975585938,114.4199981689453,107.1023788452148,6177500,Merck & Co.,United States,MRK
2024-08-20 04:00:00,114.7600021362305,115.3000030517578,114.5500030517578,115.1399993896484,107.7763214111328,5392300,Merck & Co.,United States,MRK
2024-08-21 04:00:00,114.7799987792969,116.5999984741211,114.5500030517578,116.0299987792969,108.6094055175781,8144100,Merck & Co.,United States,MRK
2024-08-22 04:00:00,116.3000030517578,116.7200012207031,115.2200012207031,116.5500030517578,109.0961532592773,8201200,Merck & Co.,United States,MRK
2024-08-23 04:00:00,116.8000030517578,116.8099975585938,115.9199981689453,116.5999984741211,109.142951965332,8368200,Merck & Co.,United States,MRK
2024-08-26 04:00:00,116.7300033569336,117.9000015258789,116.1600036621094,116.2699966430664,108.8340454101562,6518700,Merck & Co.,United States,MRK
2024-08-27 04:00:00,116.2699966430664,116.620002746582,115.25,116.5,109.0493392944336,5502600,Merck & Co.,United States,MRK
2024-08-28 04:00:00,116.5999984741211,118.0199966430664,116.2399978637695,117.4000015258789,109.8917922973633,5403200,Merck & Co.,United States,MRK
2024-08-29 04:00:00,117.9300003051758,118.4000015258789,116.7900009155273,117.4599990844727,109.9479522705078,7202500,Merck & Co.,United States,MRK
2024-08-30 04:00:00,117.2699966430664,118.75,117.1500015258789,118.4499969482422,110.874641418457,8876500,Merck & Co.,United States,MRK
2024-09-03 04:00:00,118.2600021362305,118.8399963378906,116.4199981689453,116.5800018310547,109.1242370605469,7640300,Merck & Co.,United States,MRK
2024-09-04 04:00:00,116.6600036621094,116.7300033569336,114.4700012207031,115.8000030517578,108.3941268920898,7693400,Merck & Co.,United States,MRK
2024-09-05 04:00:00,116.6100006103516,120.0699996948242,116.3499984741211,118.5899963378906,111.0056762695312,12009700,Merck & Co.,United States,MRK
2024-09-06 04:00:00,119.0999984741211,120.3000030517578,117.6500015258789,117.8399963378906,110.3036499023438,8577300,Merck & Co.,United States,MRK
2024-09-09 04:00:00,113.1500015258789,116.9000015258789,112.4100036621094,115.4100036621094,108.0290756225586,14880200,Merck & Co.,United States,MRK
2024-09-10 04:00:00,115.2099990844727,116.0899963378906,113.3300018310547,115.3300018310547,107.9541702270508,12734500,Merck & Co.,United States,MRK
2024-09-11 04:00:00,114.9400024414062,115.8899993896484,114.2699966430664,114.7099990844727,107.3738327026367,7836600,Merck & Co.,United States,MRK
2024-09-12 04:00:00,114.4700012207031,115.5100021362305,114.0400009155273,115.25,107.879280090332,8330900,Merck & Co.,United States,MRK
2024-09-13 04:00:00,116.0899963378906,116.7699966430664,115.0,115.8600006103516,108.4502792358398,6709600,Merck & Co.,United States,MRK
2024-09-16 04:00:00,115.8000030517578,118.370002746582,115.8000030517578,117.9599990844727,111.1547088623047,7846100,Merck & Co.,United States,MRK
2024-09-17 04:00:00,118.9700012207031,119.1399993896484,117.7300033569336,118.2900009155273,111.4656600952148,7914900,Merck & Co.,United States,MRK
2024-09-18 04:00:00,118.1999969482422,119.379997253418,117.870002746582,118.6399993896484,111.7954864501953,11135600,Merck & Co.,United States,MRK
2024-09-19 04:00:00,118.9000015258789,119.1999969482422,116.2900009155273,117.2300033569336,110.4668273925781,9963000,Merck & Co.,United States,MRK
2024-09-20 04:00:00,117.2699966430664,117.5,116.4100036621094,117.1699981689453,110.4102935791016,21200900,Merck & Co.,United States,MRK
2024-09-23 04:00:00,117.1999969482422,118.1600036621094,115.5199966430664,115.629997253418,108.9591293334961,6665300,Merck & Co.,United States,MRK
2024-09-24 04:00:00,115.8499984741211,116.2600021362305,114.3199996948242,114.9599990844727,108.3277740478516,9840400,Merck & Co.,United States,MRK
2024-09-25 04:00:00,115.3000030517578,116.0199966430664,114.620002746582,114.7300033569336,108.1110534667969,7902300,Merck & Co.,United States,MRK
2024-09-26 04:00:00,113.879997253418,114.0,112.9300003051758,113.0899963378906,106.5656585693359,11132100,Merck & Co.,United States,MRK
2024-09-27 04:00:00,113.1699981689453,114.3399963378906,113.0,113.6900024414062,107.1310424804688,11920100,Merck & Co.,United States,MRK
2024-09-30 04:00:00,113.6100006103516,114.0100021362305,112.6999969482422,113.5599975585938,107.008544921875,10936900,Merck & Co.,United States,MRK
2024-10-01 04:00:00,113.9599990844727,114.7900009155273,113.1100006103516,114.7399978637695,108.120475769043,7715500,Merck & Co.,United States,MRK
2024-10-02 04:00:00,114.5500030517578,114.5999984741211,111.9800033569336,112.0800018310547,105.6139297485352,9041800,Merck & Co.,United States,MRK
2024-10-03 04:00:00,111.8199996948242,112.0800018310547,109.8300018310547,110.1800003051758,103.8235549926758,10280600,Merck & Co.,United States,MRK
2024-10-04 04:00:00,109.4899978637695,110.3000030517578,109.3899993896484,109.7699966430664,103.4371948242188,9704700,Merck & Co.,United States,MRK
2024-10-07 04:00:00,109.6999969482422,110.9800033569336,108.1800003051758,108.5899963378906,102.3252716064453,8654800,Merck & Co.,United States,MRK
2024-10-08 04:00:00,107.9700012207031,108.75,107.8099975585938,108.5199966430664,102.2593078613281,8832400,Merck & Co.,United States,MRK
2024-10-09 04:00:00,108.4100036621094,110.3000030517578,108.1999969482422,110.2699966430664,103.9083557128906,8627800,Merck & Co.,United States,MRK
2024-10-10 04:00:00,110.6999969482422,110.8300018310547,109.1699981689453,109.4000015258789,103.0885467529297,6006700,Merck & Co.,United States,MRK
2024-10-11 04:00:00,109.0999984741211,109.9199981689453,107.9000015258789,109.7300033569336,103.3995132446289,8578400,Merck & Co.,United States,MRK
2024-10-14 04:00:00,109.4300003051758,110.0699996948242,108.6800003051758,109.6900024414062,103.3618240356445,8130700,Merck & Co.,United States,MRK
2024-10-15 04:00:00,109.9599990844727,111.5800018310547,109.8899993896484,111.5299987792969,105.0956573486328,9109500,Merck & Co.,United States,MRK
2024-10-16 04:00:00,111.0,111.1999969482422,109.0199966430664,110.4199981689453,104.0496978759766,8729200,Merck & Co.,United States,MRK
2024-10-17 04:00:00,110.1399993896484,110.1900024414062,109.5,109.75,103.4183578491211,8541700,Merck & Co.,United States,MRK
2024-10-18 04:00:00,109.9000015258789,109.9199981689453,108.5599975585938,108.6999969482422,102.4289169311523,9523000,Merck & Co.,United States,MRK
2024-10-21 04:00:00,109.0800018310547,109.1699981689453,106.1800003051758,106.3399963378906,100.2050704956055,11444900,Merck & Co.,United States,MRK
2024-10-22 04:00:00,105.9100036621094,106.9000015258789,105.7099990844727,106.6399993896484,100.4877700805664,11576100,Merck & Co.,United States,MRK
2024-10-23 04:00:00,106.7399978637695,107.3600006103516,106.1999969482422,106.379997253418,100.2427749633789,8271700,Merck & Co.,United States,MRK
2024-10-24 04:00:00,106.0500030517578,106.620002746582,105.2600021362305,105.879997253418,99.77161407470703,8295900,Merck & Co.,United States,MRK
2024-10-25 04:00:00,106.4899978637695,106.4899978637695,103.8600006103516,103.9800033569336,97.98123931884766,9625500,Merck & Co.,United States,MRK
2024-10-28 04:00:00,104.5999984741211,105.0,103.9300003051758,104.2300033569336,98.2168197631836,6968900,Merck & Co.,United States,MRK
2024-10-29 04:00:00,104.3199996948242,105.1100006103516,103.6999969482422,103.7300033569336,97.74566650390625,9296200,Merck & Co.,United States,MRK
2024-10-30 04:00:00,103.4599990844727,105.0,102.9000015258789,104.8300018310547,98.78219604492188,13897200,Merck & Co.,United States,MRK
2024-10-31 04:00:00,100.9300003051758,103.2300033569336,98.5999984741211,102.3199996948242,96.41699981689453,17413100,Merck & Co.,United States,MRK
2024-11-01 04:00:00,101.7799987792969,102.7200012207031,101.2099990844727,101.879997253418,96.00239562988281,10180600,Merck & Co.,United States,MRK
2024-11-04 05:00:00,102.0,102.5299987792969,100.9499969482422,101.870002746582,95.99295806884766,9182600,Merck & Co.,United States,MRK
2024-11-05 05:00:00,101.3600006103516,101.7300033569336,100.5199966430664,101.6500015258789,95.78565216064453,6741400,Merck & Co.,United States,MRK
2024-11-06 05:00:00,103.1800003051758,103.2300033569336,100.5999984741211,100.7300033569336,94.91873931884766,9551300,Merck & Co.,United States,MRK
2024-11-07 05:00:00,101.4400024414062,101.6900024414062,100.8499984741211,101.1699981689453,95.33334350585938,8676100,Merck & Co.,United States,MRK
2024-11-08 05:00:00,101.4800033569336,103.2300033569336,101.0,102.9199981689453,96.98237609863281,9208000,Merck & Co.,United States,MRK
2024-11-11 05:00:00,102.5299987792969,103.4000015258789,100.4599990844727,100.7300033569336,94.91873931884766,10075300,Merck & Co.,United States,MRK
2024-11-12 05:00:00,100.7600021362305,100.7699966430664,98.5,98.58000183105469,92.89277648925781,12282900,Merck & Co.,United States,MRK
2024-11-13 05:00:00,98.51000213623047,99.44999694824219,97.9000015258789,98.5,92.8173828125,8869700,Merck & Co.,United States,MRK
2024-11-14 05:00:00,99.18000030517578,99.4000015258789,97.94999694824219,98.36000061035156,92.68547058105469,8704500,Merck & Co.,United States,MRK
2024-11-15 05:00:00,97.91999816894531,97.91999816894531,94.4800033569336,96.30999755859375,90.75373840332031,16464500,Merck & Co.,United States,MRK
2024-11-18 05:00:00,96.55999755859375,97.29000091552734,95.41999816894531,96.55999755859375,90.98931121826172,14139900,Merck & Co.,United States,MRK
2024-11-19 05:00:00,96.7300033569336,97.55000305175781,95.26000213623047,96.54000091552734,90.970458984375,13093100,Merck & Co.,United States,MRK
2024-11-20 05:00:00,96.9800033569336,98.83999633789062,96.66000366210938,97.44000244140625,91.81853485107422,12136800,Merck & Co.,United States,MRK
2024-11-21 05:00:00,97.72000122070312,100.4800033569336,96.94999694824219,99.86000061035156,94.09891510009766,15670300,Merck & Co.,United States,MRK
2024-11-22 05:00:00,100.3300018310547,101.7900009155273,98.93000030517578,99.18000030517578,93.4581527709961,14031200,Merck & Co.,United States,MRK
2024-11-25 05:00:00,100.0899963378906,101.7399978637695,99.51000213623047,101.1600036621094,95.32392120361328,34659100,Merck & Co.,United States,MRK
2024-11-26 05:00:00,101.4800033569336,101.8000030517578,99.69999694824219,101.620002746582,95.75738525390625,9324100,Merck & Co.,United States,MRK
2024-11-27 05:00:00,101.6500015258789,103.4499969482422,101.6399993896484,103.120002746582,97.17084503173828,9802200,Merck & Co.,United States,MRK
2024-11-29 05:00:00,102.879997253418,103.0400009155273,101.5299987792969,101.6399993896484,95.77622985839844,6081200,Merck & Co.,United States,MRK
2024-12-02 05:00:00,101.7300033569336,101.8499984741211,100.4599990844727,100.6100006103516,94.8056640625,13703100,Merck & Co.,United States,MRK
2024-12-03 05:00:00,100.75,102.4499969482422,100.620002746582,101.8499984741211,95.97411346435547,11395600,Merck & Co.,United States,MRK
2024-12-04 05:00:00,102.0299987792969,102.0899963378906,101.0500030517578,101.370002746582,95.52180480957031,11315000,Merck & Co.,United States,MRK
2024-12-05 05:00:00,101.4899978637695,104.1399993896484,101.3499984741211,103.5500030517578,97.57604217529297,11062700,Merck & Co.,United States,MRK
2024-12-06 05:00:00,103.6100006103516,103.9499969482422,102.6900024414062,103.0899963378906,97.142578125,11470700,Merck & Co.,United States,MRK
2024-12-09 05:00:00,102.8600006103516,105.0699996948242,102.3300018310547,103.7900009155273,97.80220031738281,19162500,Merck & Co.,United States,MRK
2024-12-10 05:00:00,103.7699966430664,103.7699966430664,100.7399978637695,101.0,95.17316436767578,11359400,Merck & Co.,United States,MRK
2024-12-11 05:00:00,100.6999969482422,101.4499969482422,99.26000213623047,99.75,93.99526977539062,21613000,Merck & Co.,United States,MRK
2024-12-12 05:00:00,101.6900024414062,103.0,100.120002746582,101.25,95.40873718261719,9554400,Merck & Co.,United States,MRK
2024-12-13 05:00:00,101.129997253418,102.5699996948242,100.5299987792969,102.0,96.11546325683594,10118200,Merck & Co.,United States,MRK
2024-12-16 05:00:00,101.25,102.2799987792969,100.0500030517578,100.0599975585938,95.04212951660156,11701100,Merck & Co.,United States,MRK
2024-12-17 05:00:00,99.9000015258789,100.8000030517578,99.36000061035156,100.0599975585938,95.04212951660156,13975100,Merck & Co.,United States,MRK
2024-12-18 05:00:00,100.1900024414062,101.5,98.2699966430664,98.33999633789062,93.40837860107422,11993400,Merck & Co.,United States,MRK
2024-12-19 05:00:00,98.55999755859375,99.94000244140625,97.81999969482422,99.5199966430664,94.52920532226562,12110800,Merck & Co.,United States,MRK
2024-12-20 05:00:00,98.83000183105469,99.68000030517578,97.9000015258789,98.05000305175781,93.1329345703125,29289700,Merck & Co.,United States,MRK
2024-12-23 05:00:00,99.08999633789062,99.58999633789062,98.19999694824219,99.37000274658203,94.3867416381836,8460500,Merck & Co.,United States,MRK
2024-12-24 05:00:00,99.22000122070312,99.63999938964844,98.80000305175781,99.44999694824219,94.46272277832031,3713500,Merck & Co.,United States,MRK
2024-12-26 05:00:00,99.08999633789062,99.94000244140625,98.91999816894531,99.87000274658203,94.86166381835938,4760300,Merck & Co.,United States,MRK
2024-12-27 05:00:00,99.5,100.3499984741211,99.23999786376953,99.69999694824219,94.7001953125,6173600,Merck & Co.,United States,MRK
2024-12-30 05:00:00,99.56999969482422,99.56999969482422,98.2699966430664,98.37000274658203,93.43688201904297,6848700,Merck & Co.,United States,MRK
2024-12-31 05:00:00,98.5,99.52999877929688,98.43000030517578,99.4800033569336,94.49122619628906,6598200,Merck & Co.,United States,MRK
2025-01-02 05:00:00,100.2799987792969,100.3499984741211,98.83000183105469,99.16999816894531,94.19676971435547,6153300,Merck & Co.,United States,MRK
2025-01-03 05:00:00,99.33999633789062,99.75,98.69000244140625,99.13999938964844,94.16827392578125,6070300,Merck & Co.,United States,MRK
2025-01-06 05:00:00,98.7699966430664,100.3300018310547,98.41999816894531,99.72000122070312,94.71917724609375,10111100,Merck & Co.,United States,MRK
2025-01-07 05:00:00,100.129997253418,102.9700012207031,100.0500030517578,101.0199966430664,95.95398712158203,10890900,Merck & Co.,United States,MRK
2025-01-08 05:00:00,100.6999969482422,100.7699966430664,98.05000305175781,99.8499984741211,94.84265899658203,8654700,Merck & Co.,United States,MRK
2025-01-10 05:00:00,99.20999908447266,100.4100036621094,98.80999755859375,99.25,94.27276611328125,11328500,Merck & Co.,United States,MRK
2025-01-13 05:00:00,99.45999908447266,101.1600036621094,98.98999786376953,100.9800033569336,95.91600036621094,8168100,Merck & Co.,United States,MRK
2025-01-14 05:00:00,101.2600021362305,101.4899978637695,99.01000213623047,99.6500015258789,94.65269470214844,10927400,Merck & Co.,United States,MRK
2025-01-15 05:00:00,100.0999984741211,100.8199996948242,99.61000061035156,100.0899963378906,95.07063293457031,9170300,Merck & Co.,United States,MRK
2025-01-16 05:00:00,100.4400024414062,100.9000015258789,99.94999694824219,100.6999969482422,95.65003967285156,7749600,Merck & Co.,United States,MRK
2025-01-17 05:00:00,100.4700012207031,100.4700012207031,97.91999816894531,97.91999816894531,93.00945281982422,16182000,Merck & Co.,United States,MRK
2025-01-21 05:00:00,98.08000183105469,98.2699966430664,95.76000213623047,96.23999786376953,91.41370391845703,17756100,Merck & Co.,United States,MRK
2025-01-22 05:00:00,95.95999908447266,97.0,95.1500015258789,95.68000030517578,90.88178253173828,13070900,Merck & Co.,United States,MRK
2025-01-23 05:00:00,96.11000061035156,97.16000366210938,95.22000122070312,96.62999725341797,91.78414154052734,11522800,Merck & Co.,United States,MRK
2025-01-24 05:00:00,96.79000091552734,97.0999984741211,95.41000366210938,95.55000305175781,90.75830078125,12244800,Merck & Co.,United States,MRK
2025-01-27 05:00:00,96.62999725341797,98.62000274658203,95.9800033569336,97.94000244140625,93.02845764160156,15093400,Merck & Co.,United States,MRK
2025-01-28 05:00:00,97.3499984741211,98.87999725341797,96.58999633789062,97.44999694824219,92.5630111694336,12840900,Merck & Co.,United States,MRK
2025-01-29 05:00:00,97.41999816894531,99.1500015258789,97.38999938964844,98.27999877929688,93.35140228271484,10225500,Merck & Co.,United States,MRK
2025-01-30 05:00:00,99.41000366210938,99.41000366210938,98.2300033569336,98.94999694824219,93.98779296875,10164700,Merck & Co.,United States,MRK
2025-01-31 05:00:00,99.0999984741211,100.0599975585938,98.58000183105469,98.81999969482422,93.86431121826172,11420200,Merck & Co.,United States,MRK
2025-02-03 05:00:00,98.12999725341797,100.1500015258789,98.0,99.79000091552734,94.7856674194336,13363900,Merck & Co.,United States,MRK
2025-02-04 05:00:00,89.0,91.2300033569336,87.33000183105469,90.73999786376953,86.18951416015625,50837600,Merck & Co.,United States,MRK
2025-02-05 05:00:00,90.38999938964844,90.73999786376953,88.0,89.66999816894531,85.17317199707031,21670600,Merck & Co.,United States,MRK
2025-02-06 05:00:00,89.41000366210938,89.56999969482422,87.83999633789062,88.05000305175781,83.63441467285156,19509700,Merck & Co.,United States,MRK
2025-02-07 05:00:00,87.5199966430664,88.5999984741211,87.12000274658203,87.27999877929688,82.90303039550781,15815000,Merck & Co.,United States,MRK
2025-02-10 05:00:00,87.19999694824219,87.9800033569336,86.2699966430664,86.4000015258789,82.0671615600586,21212100,Merck & Co.,United States,MRK
2025-02-11 05:00:00,86.05999755859375,86.98999786376953,85.7300033569336,86.54000091552734,82.20013427734375,20922300,Merck & Co.,United States,MRK
2025-02-12 05:00:00,86.06999969482422,86.66999816894531,85.61000061035156,85.66999816894531,81.37377166748047,14785300,Merck & Co.,United States,MRK
2025-02-13 05:00:00,85.58999633789062,85.69999694824219,84.30999755859375,84.41999816894531,80.18646240234375,20415100,Merck & Co.,United States,MRK
2025-02-14 05:00:00,84.41999816894531,84.77999877929688,82.08999633789062,83.01000213623047,78.84716796875,26779000,Merck & Co.,United States,MRK
2025-02-18 05:00:00,81.12999725341797,83.58999633789062,81.04000091552734,83.29000091552734,79.11312866210938,25897800,Merck & Co.,United States,MRK
2025-02-19 05:00:00,83.23999786376953,85.62999725341797,82.8499984741211,85.5999984741211,81.30728149414062,17435100,Merck & Co.,United States,MRK
2025-02-20 05:00:00,85.9000015258789,87.69999694824219,85.9000015258789,87.68000030517578,83.28296661376953,14851500,Merck & Co.,United States,MRK
2025-02-21 05:00:00,88.0,89.52999877929688,87.01000213623047,89.5,85.01170349121094,15678900,Merck & Co.,United States,MRK
2025-02-24 05:00:00,89.70999908447266,91.8499984741211,88.93000030517578,91.2699966430664,86.69292449951172,19452300,Merck & Co.,United States,MRK
2025-02-25 05:00:00,91.75,93.05999755859375,90.44000244140625,91.43000030517578,86.84490966796875,18417300,Merck & Co.,United States,MRK
2025-02-26 05:00:00,91.30000305175781,91.37000274658203,88.86000061035156,89.37999725341797,84.89771270751953,13534200,Merck & Co.,United States,MRK
2025-02-27 05:00:00,89.3499984741211,90.97000122070312,89.25,90.58000183105469,86.03754425048828,10717500,Merck & Co.,United States,MRK
2025-02-28 05:00:00,90.70999908447266,92.3499984741211,90.70999908447266,92.25,87.62378692626953,15482100,Merck & Co.,United States,MRK
2025-03-03 05:00:00,91.77999877929688,93.20999908447266,91.77999877929688,93.1500015258789,88.47866821289062,13636100,Merck & Co.,United States,MRK
2025-03-04 05:00:00,93.56999969482422,95.36000061035156,92.31999969482422,92.55999755859375,87.91824340820312,15073000,Merck & Co.,United States,MRK
2025-03-05 05:00:00,91.08000183105469,93.44999694824219,90.5,93.19000244140625,88.51665496826172,13117100,Merck & Co.,United States,MRK
2025-03-06 05:00:00,93.12999725341797,94.05000305175781,91.77999877929688,94.0,89.28602600097656,11300200,Merck & Co.,United States,MRK
2025-03-07 05:00:00,94.26000213623047,97.37000274658203,93.8499984741211,94.6500015258789,89.9034423828125,24100900,Merck & Co.,United States,MRK
2025-03-10 04:00:00,94.69000244140625,97.0,94.69000244140625,95.2300033569336,90.45436096191406,20897600,Merck & Co.,United States,MRK
2025-03-11 04:00:00,94.9800033569336,95.37999725341797,93.58000183105469,94.7300033569336,89.97943115234375,21734800,Merck & Co.,United States,MRK
2025-03-12 04:00:00,94.06999969482422,94.4000015258789,92.86000061035156,93.3499984741211,88.66863250732422,11896000,Merck & Co.,United States,MRK
2025-03-13 04:00:00,93.4000015258789,96.33999633789062,93.4000015258789,94.70999908447266,89.96043395996094,16570100,Merck & Co.,United States,MRK
2025-03-14 04:00:00,94.27999877929688,94.87999725341797,93.44999694824219,94.56999969482422,89.82745361328125,12681100,Merck & Co.,United States,MRK
2025-03-17 04:00:00,93.6500015258789,95.30000305175781,93.08000183105469,94.79000091552734,90.81424713134766,12237900,Merck & Co.,United States,MRK
2025-03-18 04:00:00,95.2300033569336,95.41000366210938,93.83999633789062,94.72000122070312,90.74718475341797,8670100,Merck & Co.,United States,MRK
2025-03-19 04:00:00,95.25,95.43000030517578,93.63999938964844,94.0199966430664,90.0765380859375,11355900,Merck & Co.,United States,MRK
2025-03-20 04:00:00,94.0,95.16000366210938,93.68000030517578,94.7300033569336,90.75676727294922,12970200,Merck & Co.,United States,MRK
2025-03-21 04:00:00,94.58000183105469,94.68000030517578,93.06999969482422,93.11000061035156,89.2047119140625,68435800,Merck & Co.,United States,MRK
2025-03-24 04:00:00,92.9000015258789,93.11000061035156,91.55999755859375,92.30999755859375,88.43826293945312,16950100,Merck & Co.,United States,MRK
2025-03-25 04:00:00,92.30999755859375,92.30999755859375,87.08000183105469,87.87000274658203,84.18449401855469,20640200,Merck & Co.,United States,MRK
2025-03-26 04:00:00,88.23999786376953,89.31999969482422,87.30999755859375,88.11000061035156,84.4144287109375,13808800,Merck & Co.,United States,MRK
2025-03-27 04:00:00,88.5,88.55999755859375,87.37999725341797,87.5999984741211,83.92581176757812,12931900,Merck & Co.,United States,MRK
2025-03-28 04:00:00,88.19999694824219,90.13999938964844,87.66999816894531,89.2300033569336,85.48745727539062,12393500,Merck & Co.,United States,MRK
2025-03-31 04:00:00,89.25,90.2699966430664,88.37000274658203,89.76000213623047,85.99522399902344,15003000,Merck & Co.,United States,MRK
2025-04-01 04:00:00,89.75,89.75,86.61000061035156,87.12000274658203,83.46595001220703,13922100,Merck & Co.,United States,MRK
2025-04-02 04:00:00,86.87999725341797,87.06999969482422,85.31999969482422,86.5999984741211,82.9677505493164,10590800,Merck & Co.,United States,MRK
2025-04-03 04:00:00,88.7300033569336,88.9000015258789,86.26000213623047,86.38999938964844,82.76657104492188,12684100,Merck & Co.,United States,MRK
2025-04-04 04:00:00,86.12000274658203,86.2699966430664,81.08000183105469,81.47000122070312,78.05292510986328,22965700,Merck & Co.,United States,MRK
2025-04-07 04:00:00,81.01000213623047,83.20999908447266,79.30000305175781,81.18000030517578,77.77509307861328,26582000,Merck & Co.,United States,MRK
2025-04-08 04:00:00,83.20999908447266,83.2699966430664,77.54000091552734,78.94999694824219,75.63861846923828,20571600,Merck & Co.,United States,MRK
2025-04-09 04:00:00,76.76000213623047,81.98999786376953,76.0,81.91000366210938,78.47447204589844,22928300,Merck & Co.,United States,MRK
2025-04-10 04:00:00,80.61000061035156,81.12000274658203,75.95999908447266,77.55000305175781,74.2973403930664,19466900,Merck & Co.,United States,MRK
2025-04-11 04:00:00,77.87000274658203,79.44000244140625,76.3499984741211,79.18000030517578,75.85897064208984,16194400,Merck & Co.,United States,MRK
2025-04-14 04:00:00,80.0199966430664,80.0199966430664,78.36000061035156,79.16999816894531,75.84939575195312,15796700,Merck & Co.,United States,MRK
2025-04-15 04:00:00,79.55000305175781,79.95999908447266,77.72000122070312,78.38999938964844,75.10210418701172,16042500,Merck & Co.,United States,MRK
2025-04-16 04:00:00,78.47000122070312,78.69000244140625,75.93000030517578,76.45999908447266,73.2530517578125,16551300,Merck & Co.,United States,MRK
2025-04-17 04:00:00,76.88999938964844,78.75,76.87999725341797,78.0,74.72846221923828,21416500,Merck & Co.,United States,MRK
2025-04-21 04:00:00,78.08000183105469,78.19000244140625,76.98999786376953,77.8499984741211,74.58475494384766,11010000,Merck & Co.,United States,MRK
2025-04-22 04:00:00,78.02999877929688,79.04000091552734,77.66000366210938,78.97000122070312,75.65777587890625,12918200,Merck & Co.,United States,MRK
2025-04-23 04:00:00,78.5,80.19999694824219,78.0,78.73999786376953,75.43742370605469,17935700,Merck & Co.,United States,MRK
2025-04-24 04:00:00,78.27999877929688,79.97000122070312,76.02999877929688,79.83999633789062,76.49128723144531,18471500,Merck & Co.,United States,MRK
2025-04-25 04:00:00,80.16999816894531,83.27999877929688,78.05999755859375,82.73999786376953,79.2696533203125,28378000,Merck & Co.,United States,MRK
2025-04-28 04:00:00,83.0,83.68000030517578,82.4000015258789,83.19000244140625,79.70079040527344,14241000,Merck & Co.,United States,MRK
2025-04-29 04:00:00,83.77999877929688,85.69000244140625,82.75,84.70999908447266,81.15702819824219,18802900,Merck & Co.,United States,MRK
2025-04-30 04:00:00,85.2699966430664,85.83000183105469,83.79000091552734,85.19999694824219,81.62646484375,13825100,Merck & Co.,United States,MRK
2025-05-01 04:00:00,84.51000213623047,84.58000183105469,83.16999816894531,83.26000213623047,79.7678451538086,10036400,Merck & Co.,United States,MRK
2025-05-02 04:00:00,84.19000244140625,84.70999908447266,82.94999694824219,83.18000030517578,79.69120788574219,11755600,Merck & Co.,United States,MRK
2025-05-05 04:00:00,83.2300033569336,83.58000183105469,81.91000366210938,82.83999633789062,79.36546325683594,8688000,Merck & Co.,United States,MRK
2025-05-06 04:00:00,82.47000122070312,82.4800033569336,78.29000091552734,79.04000091552734,75.72484588623047,16991100,Merck & Co.,United States,MRK
2025-05-07 04:00:00,79.62000274658203,79.9000015258789,78.76000213623047,79.12000274658203,75.8014907836914,12216900,Merck & Co.,United States,MRK
2025-05-08 04:00:00,78.5,78.80000305175781,76.93000030517578,77.6500015258789,74.39314270019531,15059100,Merck & Co.,United States,MRK
2025-05-09 04:00:00,77.95999908447266,78.44999694824219,75.81999969482422,75.97000122070312,72.78360748291016,15614500,Merck & Co.,United States,MRK
2025-05-12 04:00:00,75.91999816894531,81.2699966430664,75.83000183105469,80.43000030517578,77.0565414428711,21761100,Merck & Co.,United States,MRK
2025-05-13 04:00:00,76.94999694824219,78.55000305175781,76.55999755859375,76.62999725341797,73.4159164428711,23353200,Merck & Co.,United States,MRK
2025-05-14 04:00:00,77.45999908447266,77.45999908447266,73.31999969482422,73.47000122070312,70.38847351074219,23721800,Merck & Co.,United States,MRK
2025-05-15 04:00:00,73.7699966430664,74.80999755859375,73.30999755859375,74.80000305175781,71.66268157958984,15274800,Merck & Co.,United States,MRK
2025-05-16 04:00:00,74.98999786376953,76.16999816894531,74.37000274658203,76.05999755859375,72.86982727050781,15021800,Merck & Co.,United States,MRK
2025-05-19 04:00:00,75.95999908447266,77.25,75.69000244140625,77.2300033569336,73.99076843261719,11682600,Merck & Co.,United States,MRK
2025-05-20 04:00:00,77.55000305175781,79.18000030517578,77.41999816894531,77.97000122070312,74.69972229003906,13262400,Merck & Co.,United States,MRK
2025-05-21 04:00:00,77.7699966430664,78.0999984741211,76.87000274658203,76.9800033569336,73.75125122070312,11879500,Merck & Co.,United States,MRK
2025-05-22 04:00:00,76.72000122070312,78.36000061035156,76.68000030517578,77.83999633789062,74.57516479492188,11800000,Merck & Co.,United States,MRK
2025-05-23 04:00:00,77.55000305175781,77.9000015258789,77.08000183105469,77.58000183105469,74.32608032226562,10902200,Merck & Co.,United States,MRK
2025-05-27 04:00:00,78.0199966430664,78.19999694824219,77.05000305175781,77.58999633789062,74.33566284179688,11884500,Merck & Co.,United States,MRK
2025-05-28 04:00:00,77.43000030517578,77.72000122070312,75.58999633789062,76.16999816894531,72.9752197265625,12293200,Merck & Co.,United States,MRK
2025-05-29 04:00:00,75.69000244140625,77.0,75.69000244140625,76.4000015258789,73.19557189941406,10785200,Merck & Co.,United States,MRK
2025-05-30 04:00:00,76.94000244140625,77.55999755859375,75.58999633789062,76.83999633789062,73.61711883544922,20641500,Merck & Co.,United States,MRK
2025-06-02 04:00:00,77.0199966430664,77.0199966430664,75.4000015258789,76.25,73.05186462402344,11271800,Merck & Co.,United States,MRK
2025-06-03 04:00:00,76.0,77.19000244140625,75.44000244140625,77.13999938964844,73.90453338623047,18139200,Merck & Co.,United States,MRK
2025-06-04 04:00:00,77.47000122070312,79.13999938964844,77.33000183105469,78.2699966430664,74.98714447021484,13009300,Merck & Co.,United States,MRK
2025-06-05 04:00:00,78.41000366210938,78.55000305175781,77.25,77.62000274658203,74.3644027709961,13983700,Merck & Co.,United States,MRK
2025-06-06 04:00:00,78.30000305175781,79.48999786376953,78.20999908447266,78.97000122070312,75.65777587890625,9863100,Merck & Co.,United States,MRK
2025-06-09 04:00:00,79.61000061035156,80.41000366210938,78.66999816894531,79.33000183105469,76.002685546875,18305800,Merck & Co.,United States,MRK
2025-06-10 04:00:00,79.33999633789062,81.87999725341797,79.33000183105469,81.3499984741211,77.93795776367188,13254100,Merck & Co.,United States,MRK
2025-06-11 04:00:00,81.3499984741211,81.68000030517578,79.9800033569336,80.31999969482422,76.95116424560547,11803300,Merck & Co.,United States,MRK
2025-06-12 04:00:00,80.19000244140625,82.11000061035156,80.06999969482422,81.81999969482422,78.38824462890625,13169200,Merck & Co.,United States,MRK
2025-06-13 04:00:00,81.6500015258789,82.44000244140625,81.44999694824219,81.70999908447266,78.2828598022461,14550500,Merck & Co.,United States,MRK
2025-06-16 04:00:00,80.87999725341797,81.3499984741211,79.70999908447266,80.95999908447266,78.3409194946289,12569400,Merck & Co.,United States,MRK
2025-06-17 04:00:00,80.27999877929688,80.69999694824219,78.19000244140625,78.27999877929688,75.74761199951172,14040600,Merck & Co.,United States,MRK
2025-06-18 04:00:00,78.05000305175781,80.30999755859375,77.0999984741211,79.29000091552734,76.72493743896484,23803400,Merck & Co.,United States,MRK
2025-06-20 04:00:00,79.25,79.91999816894531,78.5999984741211,79.05999755859375,76.50238037109375,34052300,Merck & Co.,United States,MRK
2025-06-23 04:00:00,79.23999786376953,80.22000122070312,78.98999786376953,80.16000366210938,77.5667953491211,18553800,Merck & Co.,United States,MRK
2025-06-24 04:00:00,80.37000274658203,81.45999908447266,79.08999633789062,80.31999969482422,77.72161865234375,15906400,Merck & Co.,United States,MRK
2025-06-25 04:00:00,79.63999938964844,80.12000274658203,79.16000366210938,79.66999816894531,77.09263610839844,12753200,Merck & Co.,United States,MRK
2025-06-26 04:00:00,79.83999633789062,80.25,78.37000274658203,78.83000183105469,76.27982330322266,13760100,Merck & Co.,United States,MRK
2025-06-27 04:00:00,79.05999755859375,79.54000091552734,78.13999938964844,79.0999984741211,76.54107666015625,60202500,Merck & Co.,United States,MRK
2025-06-30 04:00:00,79.25,79.38999938964844,78.37999725341797,79.16000366210938,76.59915161132812,13895200,Merck & Co.,United States,MRK
2025-07-01 04:00:00,78.95999908447266,83.06999969482422,78.5999984741211,81.80999755859375,79.16341400146484,21800800,Merck & Co.,United States,MRK
2025-07-02 04:00:00,82.05999755859375,82.80999755859375,81.88999938964844,82.38999938964844,79.72464752197266,16052700,Merck & Co.,United States,MRK
2025-07-03 04:00:00,82.55000305175781,82.5999984741211,80.69999694824219,80.93000030517578,78.3118896484375,7734500,Merck & Co.,United States,MRK
2025-07-07 04:00:00,80.94999694824219,81.54000091552734,80.1500015258789,80.9000015258789,78.2828598022461,15777400,Merck & Co.,United States,MRK
2025-07-08 04:00:00,80.94000244140625,82.37999725341797,80.33999633789062,81.37000274658203,78.73765563964844,12752900,Merck & Co.,United States,MRK
2025-07-09 04:00:00,82.37999725341797,84.4800033569336,81.88999938964844,83.70999908447266,81.001953125,18394600,Merck & Co.,United States,MRK
2025-07-10 04:00:00,83.63999938964844,85.0,83.16999816894531,84.0199966430664,81.30191040039062,14725600,Merck & Co.,United States,MRK
2025-07-11 04:00:00,84.0199966430664,84.12999725341797,82.26000213623047,83.36000061035156,80.66327667236328,9717400,Merck & Co.,United States,MRK
2025-07-14 04:00:00,83.43000030517578,84.30000305175781,83.11000061035156,83.66999816894531,80.96324920654297,10368700,Merck & Co.,United States,MRK
2025-07-15 04:00:00,83.77999877929688,84.36000061035156,81.30000305175781,81.5199966430664,78.88280487060547,10827000,Merck & Co.,United States,MRK
2025-07-16 04:00:00,81.45999908447266,82.63999938964844,81.45999908447266,82.43000030517578,79.76335906982422,11517800,Merck & Co.,United States,MRK
2025-07-17 04:00:00,81.9800033569336,82.66000366210938,81.33999633789062,81.5199966430664,78.88280487060547,8984800,Merck & Co.,United States,MRK
2025-07-18 04:00:00,81.69999694824219,81.91999816894531,79.86000061035156,79.95999908447266,77.3732681274414,11823600,Merck & Co.,United States,MRK
2025-07-21 04:00:00,80.16000366210938,80.30999755859375,78.94999694824219,79.30999755859375,76.74429321289062,11620800,Merck & Co.,United States,MRK
2025-07-22 04:00:00,79.87000274658203,81.7699966430664,79.87000274658203,81.61000061035156,78.96987915039062,10571000,Merck & Co.,United States,MRK
2025-07-23 04:00:00,82.62000274658203,84.13999938964844,82.41000366210938,83.9800033569336,81.26322174072266,11542100,Merck & Co.,United States,MRK
2025-07-24 04:00:00,84.19999694824219,84.51000213623047,83.5199966430664,84.11000061035156,81.3890151977539,8016700,Merck & Co.,United States,MRK
2025-07-25 04:00:00,84.16000366210938,85.22000122070312,83.83999633789062,84.70999908447266,81.96959686279297,10058800,Merck & Co.,United States,MRK
2025-07-28 04:00:00,84.47000122070312,84.97000122070312,83.87000274658203,84.05999755859375,81.34062194824219,12882000,Merck & Co.,United States,MRK
2025-07-29 04:00:00,79.8499984741211,82.88999938964844,76.66000366210938,82.62999725341797,79.9568862915039,27826400,Merck & Co.,United States,MRK
2025-07-30 04:00:00,82.91000366210938,83.58000183105469,81.5199966430664,81.75,79.10536193847656,13055200,Merck & Co.,United States,MRK
2025-07-31 04:00:00,80.80000305175781,81.48999786376953,77.8499984741211,78.12000274658203,75.5927963256836,19813300,Merck & Co.,United States,MRK
2025-08-01 04:00:00,78.0199966430664,79.87000274658203,77.52999877929688,79.29000091552734,76.72493743896484,11900300,Merck & Co.,United States,MRK
2025-08-04 04:00:00,79.05999755859375,79.98999786376953,78.43000030517578,79.86000061035156,77.27649688720703,13380700,Merck & Co.,United States,MRK
2025-08-05 04:00:00,79.9000015258789,81.12999725341797,79.56999969482422,80.79000091552734,78.1764144897461,9984300,Merck & Co.,United States,MRK
2025-08-06 04:00:00,80.29000091552734,81.31999969482422,79.2699966430664,79.44000244140625,76.87007904052734,13028700,Merck & Co.,United States,MRK
2025-08-07 04:00:00,79.6500015258789,80.81999969482422,78.6500015258789,80.37000274658203,77.77000427246094,10830100,Merck & Co.,United States,MRK
2025-08-08 04:00:00,80.11000061035156,81.16999816894531,80.11000061035156,80.69000244140625,78.07965087890625,6882900,Merck & Co.,United States,MRK
2025-08-11 04:00:00,80.95999908447266,81.63999938964844,79.62999725341797,80.02999877929688,77.44100189208984,8210700,Merck & Co.,United States,MRK
2025-08-12 04:00:00,80.47000122070312,80.94000244140625,79.66999816894531,80.30000305175781,77.7022705078125,7852700,Merck & Co.,United States,MRK
2025-08-13 04:00:00,80.75,82.83999633789062,80.19999694824219,82.70999908447266,80.0343017578125,11043800,Merck & Co.,United States,MRK
2025-08-14 04:00:00,82.01000213623047,83.4000015258789,81.5999984741211,82.76000213623047,80.08268737792969,10217600,Merck & Co.,United States,MRK
2025-08-15 04:00:00,83.72000122070312,84.73999786376953,83.36000061035156,84.20999908447266,81.48577880859375,10481400,Merck & Co.,United States,MRK
2025-08-18 04:00:00,84.26000213623047,85.1500015258789,84.08000183105469,84.22000122070312,81.4954605102539,8273600,Merck & Co.,United States,MRK
2025-08-19 04:00:00,84.37999725341797,85.80000305175781,84.37999725341797,84.93000030517578,82.18248748779297,14307700,Merck & Co.,United States,MRK
2025-08-20 04:00:00,85.30999755859375,86.25,84.55000305175781,84.66000366210938,81.92122650146484,8904700,Merck & Co.,United States,MRK
2025-08-21 04:00:00,84.87999725341797,87.31999969482422,84.5999984741211,86.08000183105469,83.29527282714844,13889000,Merck & Co.,United States,MRK
2025-08-22 04:00:00,87.5,87.83999633789062,86.76000213623047,87.37000274658203,84.5435562133789,11977400,Merck & Co.,United States,MRK
2025-08-25 04:00:00,87.20999908447266,87.38999938964844,84.94999694824219,85.30999755859375,82.5501937866211,9417700,Merck & Co.,United States,MRK
2025-08-26 04:00:00,85.55999755859375,85.58999633789062,84.66999816894531,84.98999786376953,82.24053955078125,14062700,Merck & Co.,United States,MRK
2025-08-27 04:00:00,85.06999969482422,85.4800033569336,83.87999725341797,84.06999969482422,81.35030364990234,10588100,Merck & Co.,United States,MRK
2025-08-28 04:00:00,84.25,84.25,82.6500015258789,83.20999908447266,80.51812744140625,14485300,Merck & Co.,United States,MRK
2025-08-29 04:00:00,83.41999816894531,84.23999786376953,83.27999877929688,84.12000274658203,81.398681640625,10872900,Merck & Co.,United States,MRK
2025-09-02 04:00:00,84.5,85.5,84.33999633789062,85.4800033569336,82.7146987915039,11642700,Merck & Co.,United States,MRK
2025-09-03 04:00:00,85.37000274658203,85.80999755859375,84.06999969482422,84.18000030517578,81.45674133300781,12714400,Merck & Co.,United States,MRK
2025-09-04 04:00:00,84.19999694824219,84.41000366210938,83.0,84.05000305175781,81.3309555053711,12554800,Merck & Co.,United States,MRK
2025-09-05 04:00:00,83.79000091552734,85.2699966430664,83.25,84.70999908447266,81.96959686279297,13231100,Merck & Co.,United States,MRK
2025-09-08 04:00:00,84.16000366210938,84.31999969482422,82.81999969482422,84.08999633789062,81.36965942382812,13111200,Merck & Co.,United States,MRK
2025-09-09 04:00:00,84.18000030517578,84.80000305175781,84.12999725341797,84.61000061035156,81.87283325195312,9767500,Merck & Co.,United States,MRK
2025-09-10 04:00:00,84.2699966430664,84.56999969482422,83.54000091552734,84.02999877929688,81.31160736083984,13073300,Merck & Co.,United States,MRK
2025-09-11 04:00:00,84.33999633789062,85.55000305175781,84.0,85.1500015258789,82.39537048339844,9667200,Merck & Co.,United States,MRK
2025-09-12 04:00:00,84.62000274658203,85.18000030517578,82.80000305175781,82.80999755859375,80.13105773925781,9939500,Merck & Co.,United States,MRK
2025-09-15 04:00:00,82.11000061035156,82.75,80.91999816894531,81.0199966430664,79.17340087890625,10229800,Merck & Co.,United States,MRK
2025-09-16 04:00:00,81.01000213623047,81.4800033569336,80.54000091552734,81.08999633789062,79.2417984008789,10065900,Merck & Co.,United States,MRK
2025-09-17 04:00:00,80.9800033569336,82.25,80.80000305175781,81.13999938964844,79.29066467285156,12642100,Merck & Co.,United States,MRK
2025-09-18 04:00:00,81.22000122070312,81.69000244140625,80.81999969482422,81.52999877929688,79.6717758178711,10458900,Merck & Co.,United States,MRK
2025-09-19 04:00:00,81.80999755859375,82.4000015258789,81.0,81.51000213623047,79.65223693847656,25627800,Merck & Co.,United States,MRK
2025-09-22 04:00:00,81.76000213623047,81.94000244140625,80.26000213623047,80.4000015258789,78.56753540039062,11986400,Merck & Co.,United States,MRK
2025-09-23 04:00:00,80.08999633789062,81.11000061035156,79.66999816894531,79.95999908447266,78.13755798339844,13145300,Merck & Co.,United States,MRK
2025-09-24 04:00:00,79.9000015258789,80.11000061035156,79.33000183105469,79.66999816894531,77.85417175292969,11804200,Merck & Co.,United States,MRK
2025-09-25 04:00:00,79.77999877929688,79.87999725341797,77.58000183105469,77.5999984741211,75.83134460449219,14923800,Merck & Co.,United States,MRK
2025-09-26 04:00:00,78.76000213623047,78.95999908447266,77.69000244140625,78.55999755859375,76.76947021484375,12205400,Merck & Co.,United States,MRK
2025-09-29 04:00:00,78.5999984741211,78.80000305175781,78.02999877929688,78.58000183105469,76.78901672363281,12739000,Merck & Co.,United States,MRK
2025-09-30 04:00:00,78.41999816894531,84.0,78.4000015258789,83.93000030517578,82.01707458496094,21636600,Merck & Co.,United States,MRK
2025-10-01 04:00:00,85.19000244140625,90.75,85.19000244140625,90.12999725341797,88.07576751708984,33460900,Merck & Co.,United States,MRK
2025-10-02 04:00:00,89.94999694824219,91.0,88.22000122070312,89.51000213623047,87.46990203857422,14575400,Merck & Co.,United States,MRK
2025-10-03 04:00:00,89.62999725341797,90.69999694824219,88.0999984741211,89.19000244140625,87.15719604492188,12970600,Merck & Co.,United States,MRK
2025-10-06 04:00:00,88.83000183105469,90.30999755859375,88.55000305175781,88.80000305175781,86.77608489990234,11648300,Merck & Co.,United States,MRK
2025-10-07 04:00:00,88.66999816894531,88.94000244140625,87.13999938964844,87.61000061035156,85.61320495605469,9449100,Merck & Co.,United States,MRK
2025-10-08 04:00:00,87.93000030517578,87.93000030517578,86.19999694824219,86.4000015258789,84.4307861328125,9696200,Merck & Co.,United States,MRK
2025-10-09 04:00:00,86.95999908447266,87.80000305175781,86.63999938964844,87.5,85.50570678710938,10938200,Merck & Co.,United States,MRK
2025-10-10 04:00:00,87.94000244140625,88.23999786376953,85.91999816894531,85.98999786376953,84.03012084960938,11230700,Merck & Co.,United States,MRK
2025-10-13 04:00:00,85.66000366210938,86.45999908447266,85.23999786376953,85.69999694824219,83.74673461914062,6553900,Merck & Co.,United States,MRK
2025-10-14 04:00:00,85.37999725341797,85.68000030517578,84.1500015258789,84.69999694824219,82.76952362060547,9675000,Merck & Co.,United States,MRK
2025-10-15 04:00:00,84.19000244140625,84.69000244140625,83.61000061035156,84.11000061035156,82.19297790527344,9168700,Merck & Co.,United States,MRK
2025-10-16 04:00:00,84.41000366210938,85.5,83.5999984741211,83.91999816894531,82.0073013305664,11709100,Merck & Co.,United States,MRK
2025-10-17 04:00:00,83.27999877929688,84.88999938964844,83.16000366210938,84.79000091552734,82.85747528076172,10758900,Merck & Co.,United States,MRK
2025-10-20 04:00:00,85.25,87.0,85.02999877929688,86.31999969482422,84.35260772705078,8611800,Merck & Co.,United States,MRK
2025-10-21 04:00:00,86.95999908447266,87.66999816894531,86.2300033569336,87.62000274658203,85.62297821044922,9852400,Merck & Co.,United States,MRK
2025-10-22 04:00:00,87.68000030517578,88.79000091552734,87.01000213623047,87.61000061035156,85.61320495605469,10926300,Merck & Co.,United States,MRK
2025-10-23 04:00:00,87.55999755859375,88.11000061035156,86.91000366210938,87.18000030517578,85.19300079345703,7687500,Merck & Co.,United States,MRK
2025-10-24 04:00:00,87.33000183105469,88.05999755859375,87.11000061035156,87.48999786376953,85.49594116210938,7902100,Merck & Co.,United States,MRK
2025-10-27 04:00:00,87.51000213623047,88.30000305175781,87.02999877929688,88.0,85.99431610107422,7226600,Merck & Co.,United States,MRK
2025-10-28 04:00:00,88.11000061035156,88.11000061035156,86.93000030517578,87.02999877929688,85.04642486572266,8345900,Merck & Co.,United States,MRK
2025-10-29 04:00:00,86.94999694824219,87.83999633789062,86.06999969482422,86.58000183105469,84.60667419433594,10921900,Merck & Co.,United States,MRK
2025-10-30 04:00:00,84.62000274658203,87.30000305175781,83.30000305175781,86.27999877929688,84.31351470947266,16678800,Merck & Co.,United States,MRK
2025-10-31 04:00:00,85.41999816894531,86.45999908447266,84.55999755859375,85.9800033569336,84.02035522460938,12385000,Merck & Co.,United States,MRK
2025-11-03 05:00:00,85.7699966430664,86.0999984741211,82.33999633789062,82.48999786376953,80.60990142822266,13875800,Merck & Co.,United States,MRK
2025-11-04 05:00:00,82.69999694824219,84.95999908447266,82.01000213623047,83.86000061035156,81.94867706298828,12846100,Merck & Co.,United States,MRK
2025-11-05 05:00:00,84.02999877929688,85.37999725341797,82.91000366210938,84.38999938964844,82.46659851074219,9440200,Merck & Co.,United States,MRK
2025-11-06 05:00:00,84.4800033569336,86.16999816894531,84.3499984741211,85.77999877929688,83.82491302490234,10601400,Merck & Co.,United States,MRK
2025-11-07 05:00:00,85.94999694824219,86.58999633789062,85.23999786376953,86.27999877929688,84.31351470947266,9214300,Merck & Co.,United States,MRK
2025-11-10 05:00:00,86.69000244140625,87.37000274658203,85.80000305175781,86.75,84.7728042602539,8319600,Merck & Co.,United States,MRK
2025-11-11 05:00:00,87.3499984741211,91.06999969482422,87.26000213623047,90.94999694824219,88.8770751953125,15436000,Merck & Co.,United States,MRK
2025-11-12 05:00:00,91.41000366210938,92.91000366210938,91.16000366210938,91.44999694824219,89.36568450927734,13218900,Merck & Co.,United States,MRK
2025-11-13 05:00:00,91.30999755859375,94.26000213623047,90.9000015258789,92.93000030517578,90.81195831298828,16086100,Merck & Co.,United States,MRK
2025-11-14 05:00:00,92.19999694824219,95.08000183105469,91.48999786376953,92.91999816894531,90.80217742919922,19632000,Merck & Co.,United States,MRK
2025-11-17 05:00:00,93.2300033569336,94.75,92.68000030517578,92.86000061035156,90.74354553222656,14345800,Merck & Co.,United States,MRK
2025-11-18 05:00:00,94.11000061035156,97.66000366210938,92.11000061035156,96.43000030517578,94.232177734375,28153500,Merck & Co.,United States,MRK
2025-11-19 05:00:00,96.0,97.13999938964844,94.08999633789062,95.05000305175781,92.88363647460938,14641300,Merck & Co.,United States,MRK
2025-11-20 05:00:00,94.97000122070312,96.0,93.9000015258789,94.97000122070312,92.80545806884766,12554200,Merck & Co.,United States,MRK
2025-11-21 05:00:00,95.4800033569336,100.2699966430664,95.36000061035156,97.76000213623047,95.53186798095703,23183300,Merck & Co.,United States,MRK
2025-11-24 05:00:00,99.12000274658203,102.3600006103516,99.12000274658203,100.4000015258789,98.1116943359375,28320900,Merck & Co.,United States,MRK
2025-11-25 05:00:00,100.7300033569336,105.8399963378906,100.7099990844727,105.6600036621094,103.251823425293,22225500,Merck & Co.,United States,MRK
2025-11-26 05:00:00,104.5999984741211,105.75,104.1999969482422,104.629997253418,102.2452774047852,12624000,Merck & Co.,United States,MRK
2025-11-28 05:00:00,104.8399963378906,105.4100036621094,104.120002746582,104.8300018310547,102.4407272338867,6154500,Merck & Co.,United States,MRK
2025-12-01 05:00:00,104.7200012207031,105.6800003051758,101.7099990844727,101.8300018310547,99.50910186767578,14178300,Merck & Co.,United States,MRK
2025-12-02 05:00:00,101.5299987792969,101.8000030517578,100.3099975585938,101.0299987792969,98.72733306884766,11795000,Merck & Co.,United States,MRK
2025-12-03 05:00:00,101.9000015258789,103.0899963378906,101.5199966430664,102.2699966430664,99.93907165527344,12541600,Merck & Co.,United States,MRK
2025-12-04 05:00:00,102.0999984741211,102.5999984741211,100.5400009155273,100.8899993896484,98.59053039550781,12770700,Merck & Co.,United States,MRK
2025-12-05 05:00:00,101.4000015258789,102.0899963378906,99.19000244140625,99.72000122070312,97.44718933105469,16430400,Merck & Co.,United States,MRK
2025-12-08 05:00:00,99.37999725341797,99.66999816894531,97.80999755859375,98.93000030517578,96.67520141601562,12902600,Merck & Co.,United States,MRK
2025-12-09 05:00:00,99.31999969482422,99.8499984741211,96.05999755859375,96.88999938964844,94.68169403076172,16283900,Merck & Co.,United States,MRK
2025-12-10 05:00:00,98.05000305175781,98.16999816894531,96.47000122070312,97.62000274658203,95.39505767822266,18077700,Merck & Co.,United States,MRK
2025-12-11 05:00:00,98.44000244140625,99.13999938964844,97.58000183105469,99.01000213623047,96.75337982177734,11808200,Merck & Co.,United States,MRK
2025-12-12 05:00:00,98.95999908447266,100.6600036621094,98.31999969482422,100.3000030517578,98.01397705078125,11810800,Merck & Co.,United States,MRK
2025-12-15 05:00:00,99.98999786376953,100.9400024414062,98.0,100.2600021362305,98.8122787475586,16735900,Merck & Co.,United States,MRK
2025-12-16 05:00:00,100.3000030517578,100.3399963378906,96.79000091552734,98.2699966430664,96.85100555419922,16663600,Merck & Co.,United States,MRK
2025-12-17 05:00:00,98.18000030517578,100.1399993896484,98.05999755859375,99.18000030517578,97.74787902832031,13180600,Merck & Co.,United States,MRK
2025-12-18 05:00:00,99.2699966430664,101.370002746582,98.86000061035156,100.6900024414062,99.23607635498047,14312800,Merck & Co.,United States,MRK
2025-12-19 05:00:00,100.5999984741211,102.1999969482422,100.1100006103516,101.0899963378906,99.63028717041016,44980200,Merck & Co.,United States,MRK
2025-12-22 05:00:00,100.629997253418,104.9499969482422,100.4000015258789,104.7200012207031,103.207878112793,17136200,Merck & Co.,United States,MRK
2025-12-23 05:00:00,104.5599975585938,105.3899993896484,104.3300018310547,105.0400009155273,103.5232620239258,13587500,Merck & Co.,United States,MRK
2025-12-24 05:00:00,105.370002746582,106.9499969482422,105.2799987792969,106.4499969482422,104.9128952026367,5335000,Merck & Co.,United States,MRK
2025-12-26 05:00:00,106.4499969482422,107.0500030517578,106.0299987792969,106.7799987792969,105.2381286621094,6280700,Merck & Co.,United States,MRK
2025-12-29 05:00:00,106.8499984741211,107.5899963378906,106.4300003051758,106.620002746582,105.0804443359375,8086900,Merck & Co.,United States,MRK
2025-12-30 05:00:00,106.7300033569336,106.879997253418,105.6399993896484,106.0599975585938,104.5285263061523,6497900,Merck & Co.,United States,MRK
2025-12-31 05:00:00,105.9400024414062,106.0999984741211,104.9899978637695,105.2600021362305,103.7400817871094,7557300,Merck & Co.,United States,MRK
2026-01-02 05:00:00,105.5299987792969,106.620002746582,104.4300003051758,106.4499969482422,104.9128952026367,9992400,Merck & Co.,United States,MRK
2026-01-05 05:00:00,107.0100021362305,108.4400024414062,105.8000030517578,107.4400024414062,105.8886032104492,15863300,Merck & Co.,United States,MRK
2026-01-06 05:00:00,107.6800003051758,110.1699981689453,107.6800003051758,108.870002746582,107.2979583740234,14479000,Merck & Co.,United States,MRK
2026-01-07 05:00:00,109.5100021362305,111.4599990844727,107.9499969482422,108.5999984741211,107.031852722168,16322300,Merck & Co.,United States,MRK
2026-01-08 05:00:00,110.6100006103516,112.9000015258789,109.25,110.9899978637695,109.3873443603516,20278800,Merck & Co.,United States,MRK
2026-01-09 05:00:00,110.870002746582,112.4800033569336,110.2200012207031,110.5299987792969,108.9339828491211,11040800,Merck & Co.,United States,MRK
2026-01-12 05:00:00,110.9700012207031,111.4599990844727,108.7799987792969,109.1900024414062,107.6133346557617,10671900,Merck & Co.,United States,MRK
2026-01-13 05:00:00,109.0500030517578,109.3099975585938,107.2200012207031,108.2600021362305,106.6967620849609,9338600,Merck & Co.,United States,MRK
2026-01-14 05:00:00,108.9700012207031,111.2300033569336,107.9499969482422,111.0100021362305,109.4070587158203,11964600,Merck & Co.,United States,MRK
2026-01-15 05:00:00,110.620002746582,111.5800018310547,108.4499969482422,110.9700012207031,109.3676300048828,11775800,Merck & Co.,United States,MRK
2026-01-16 05:00:00,110.7200012207031,110.7300033569336,108.4300003051758,108.8300018310547,107.2585372924805,14852100,Merck & Co.,United States,MRK
2026-01-20 05:00:00,108.1100006103516,109.6399993896484,106.9300003051758,109.4499969482422,107.8695755004883,15241100,Merck & Co.,United States,MRK
2026-01-21 05:00:00,109.1900024414062,111.9700012207031,108.7300033569336,111.1100006103516,109.5056076049805,12844400,Merck & Co.,United States,MRK
2026-01-22 05:00:00,110.7799987792969,111.3199996948242,108.5899963378906,109.1800003051758,107.6034774780273,9362600,Merck & Co.,United States,MRK
2026-01-23 05:00:00,109.0899963378906,109.0899963378906,107.2099990844727,108.1800003051758,106.6179122924805,10489500,Merck & Co.,United States,MRK
2026-01-26 05:00:00,107.8000030517578,108.4199981689453,107.0599975585938,107.4000015258789,105.8491821289062,9903200,Merck & Co.,United States,MRK
2026-01-27 05:00:00,107.5,108.3499984741211,106.8399963378906,107.9199981689453,106.3616714477539,7907100,Merck & Co.,United States,MRK
2026-01-28 05:00:00,106.8499984741211,107.9300003051758,106.0299987792969,106.9000015258789,105.3563995361328,7491700,Merck & Co.,United States,MRK
2026-01-29 05:00:00,107.3300018310547,109.9300003051758,107.0999984741211,108.3399963378906,106.7756042480469,13572800,Merck & Co.,United States,MRK
2026-01-30 05:00:00,108.5899963378906,110.5400009155273,107.9499969482422,110.2699966430664,108.677734375,19060600,Merck & Co.,United States,MRK
2026-02-02 05:00:00,110.120002746582,113.8899993896484,109.9499969482422,113.370002746582,111.7329788208008,18000100,Merck & Co.,United States,MRK
2026-02-03 05:00:00,111.6699981689453,118.4599990844727,111.4400024414062,115.8399963378906,114.1673049926758,25793600,Merck & Co.,United States,MRK
2026-02-04 05:00:00,116.9000015258789,120.3899993896484,116.5,118.3300018310547,116.6213607788086,21954600,Merck & Co.,United States,MRK
2026-02-05 05:00:00,118.3099975585938,122.4300003051758,118.3099975585938,119.75,118.0208511352539,24010600,Merck & Co.,United States,MRK
2026-02-06 05:00:00,120.7600021362305,122.6600036621094,120.4400024414062,121.9300003051758,120.1693725585938,13083300,Merck & Co.,United States,MRK
2026-02-09 05:00:00,121.4100036621094,121.879997253418,116.9800033569336,117.6500015258789,115.9511795043945,16158700,Merck & Co.,United States,MRK
2026-02-10 05:00:00,117.6900024414062,118.1800003051758,116.0999984741211,117.1500015258789,115.4583969116211,11849500,Merck & Co.,United States,MRK
2026-02-11 05:00:00,117.0400009155273,119.3600006103516,116.3099975585938,119.3099975585938,117.5871963500977,10885300,Merck & Co.,United States,MRK
2026-02-12 05:00:00,119.0100021362305,121.6100006103516,118.120002746582,119.2399978637695,117.5182113647461,13453300,Merck & Co.,United States,MRK
2026-02-13 05:00:00,121.5,123.3300018310547,121.0299987792969,121.4100036621094,119.6568832397461,10102300,Merck & Co.,United States,MRK
2026-02-17 05:00:00,122.3600006103516,123.0800018310547,120.8000030517578,121.5699996948242,119.814567565918,9899800,Merck & Co.,United States,MRK
2026-02-18 05:00:00,121.25,121.8099975585938,120.3899993896484,121.6600036621094,119.9032745361328,7803400,Merck & Co.,United States,MRK
2026-02-19 05:00:00,121.4000015258789,122.5999984741211,120.5,121.8600006103516,120.1003799438477,8933300,Merck & Co.,United States,MRK
2026-02-20 05:00:00,122.6399993896484,122.6999969482422,120.5999984741211,122.2600021362305,120.4946136474609,9442500,Merck & Co.,United States,MRK
2026-02-23 05:00:00,122.3099975585938,124.1900024414062,121.5,123.8199996948242,122.0320816040039,9661100,Merck & Co.,United States,MRK
2026-02-24 05:00:00,123.4100036621094,124.8399963378906,122.629997253418,123.9300003051758,122.140495300293,8460300,Merck & Co.,United States,MRK
2026-02-25 05:00:00,124.0100021362305,125.1399993896484,122.2600021362305,122.4599990844727,120.6917190551758,11082500,Merck & Co.,United States,MRK
2026-02-26 05:00:00,122.4000015258789,122.5,119.0,119.3000030517578,117.5773544311523,10327300,Merck & Co.,United States,MRK
2026-02-27 05:00:00,119.6800003051758,124.0,119.6800003051758,123.8199996948242,122.0320816040039,17636400,Merck & Co.,United States,MRK
2026-03-02 05:00:00,123.5100021362305,123.6999969482422,121.0400009155273,121.4100036621094,119.6568832397461,11564500,Merck & Co.,United States,MRK
2026-03-03 05:00:00,119.6699981689453,120.9700012207031,118.6100006103516,119.8300018310547,118.0997009277344,9334100,Merck & Co.,United States,MRK
2026-03-04 05:00:00,119.4300003051758,120.870002746582,117.8600006103516,120.2799987792969,118.5431976318359,6700900,Merck & Co.,United States,MRK
2026-03-05 05:00:00,119.1100006103516,119.5299987792969,114.4499969482422,116.0699996948242,114.3939895629883,14516000,Merck & Co.,United States,MRK
2026-03-06 05:00:00,115.1600036621094,116.3600006103516,113.8199996948242,115.7900009155273,114.118034362793,12809300,Merck & Co.,United States,MRK
2026-03-09 04:00:00,114.9800033569336,117.2600021362305,114.1100006103516,117.1100006103516,115.4189682006836,8321600,Merck & Co.,United States,MRK
2026-03-10 04:00:00,117.2399978637695,119.0,116.6699981689453,117.0899963378906,115.3992538452148,9739300,Merck & Co.,United States,MRK
2026-03-11 04:00:00,116.7600021362305,116.9499969482422,115.2900009155273,116.2099990844727,114.5319671630859,6760700,Merck & Co.,United States,MRK
2026-03-12 04:00:00,115.4700012207031,116.5999984741211,114.3000030517578,115.9100036621094,114.2362976074219,8349200,Merck & Co.,United States,MRK
2026-03-13 04:00:00,116.9199981689453,117.8899993896484,115.5299987792969,115.6100006103516,113.9406280517578,7111000,Merck & Co.,United States,MRK
2026-03-16 04:00:00,115.3399963378906,116.0599975585938,114.2200012207031,115.4300003051758,114.605842590332,8785300,Merck & Co.,United States,MRK
2026-03-17 04:00:00,115.7799987792969,116.8000030517578,114.379997253418,115.870002746582,115.0427093505859,7952200,Merck & Co.,United States,MRK
2026-03-18 04:00:00,115.0599975585938,115.5599975585938,113.3499984741211,114.5,113.682487487793,6736300,Merck & Co.,United States,MRK
2026-03-19 04:00:00,114.6600036621094,115.7600021362305,113.75,114.1999969482422,113.3846282958984,8383800,Merck & Co.,United States,MRK
2026-03-20 04:00:00,114.25,115.1800003051758,112.7200012207031,114.1800003051758,113.3647689819336,36355400,Merck & Co.,United States,MRK
2026-03-23 04:00:00,116.1699981689453,116.4700012207031,114.7699966430664,115.6800003051758,114.8540573120117,9096400,Merck & Co.,United States,MRK
2026-03-24 04:00:00,114.6999969482422,116.5400009155273,114.0199966430664,116.370002746582,115.5391387939453,7411900,Merck & Co.,United States,MRK
2026-03-25 04:00:00,117.3000030517578,120.120002746582,116.8000030517578,119.370002746582,118.5177154541016,10220300,Merck & Co.,United States,MRK
2026-03-26 04:00:00,118.9599990844727,120.0599975585938,118.6500015258789,118.9300003051758,118.0808563232422,6497200,Merck & Co.,United States,MRK
2026-03-27 04:00:00,119.2900009155273,121.0699996948242,118.5999984741211,119.629997253418,118.7758560180664,8345800,Merck & Co.,United States,MRK
2026-03-30 04:00:00,120.5699996948242,121.6399993896484,117.2200012207031,118.0999984741211,117.2567825317383,11084000,Merck & Co.,United States,MRK
2026-03-31 04:00:00,119.0299987792969,121.2699966430664,118.7699966430664,120.2900009155273,119.4311447143555,10713300,Merck & Co.,United States,MRK
2026-04-01 04:00:00,120.879997253418,122.1900024414062,120.2699966430664,120.8399963378906,119.9772186279297,6351700,Merck & Co.,United States,MRK
2026-04-02 04:00:00,120.370002746582,121.6500015258789,119.2200012207031,120.870002746582,120.0070114135742,6387900,Merck & Co.,United States,MRK
2026-04-06 04:00:00,120.4100036621094,121.4800033569336,120.0400009155273,120.8499984741211,119.9871444702148,4890200,Merck & Co.,United States,MRK
2026-04-07 04:00:00,119.5599975585938,119.5599975585938,116.5,119.2799987792969,118.428352355957,11376400,Merck & Co.,United States,MRK
2026-04-08 04:00:00,119.5999984741211,123.629997253418,117.9400024414062,123.1800003051758,122.3005142211914,9256900,Merck & Co.,United States,MRK
2026-04-09 04:00:00,122.9000015258789,124.0,121.3499984741211,122.6800003051758,121.804084777832,8666300,Merck & Co.,United States,MRK
2026-04-10 04:00:00,122.9599990844727,123.0100021362305,120.9499969482422,121.4199981689453,120.5530776977539,9707000,Merck & Co.,United States,MRK
2026-04-13 04:00:00,121.0299987792969,121.3000030517578,119.0599975585938,120.1500015258789,119.2921447753906,6357300,Merck & Co.,United States,MRK
2026-04-14 04:00:00,119.0299987792969,120.3600006103516,118.1500015258789,119.9599990844727,119.1035003662109,12449400,Merck & Co.,United States,MRK
2026-04-15 04:00:00,119.8000030517578,120.25,116.6399993896484,117.9000015258789,117.0582122802734,7689400,Merck & Co.,United States,MRK
2026-04-16 04:00:00,117.129997253418,117.8499984741211,114.7099990844727,115.4599990844727,114.635627746582,11399900,Merck & Co.,United States,MRK
2026-04-17 04:00:00,115.5599975585938,119.1999969482422,115.5599975585938,119.0699996948242,118.219856262207,16194900,Merck & Co.,United States,MRK
2026-04-20 04:00:00,119.1500015258789,119.3600006103516,116.75,117.0999984741211,116.2639236450195,7392000,Merck & Co.,United States,MRK
2026-04-21 04:00:00,116.4899978637695,116.5299987792969,111.9100036621094,112.5599975585938,111.7563323974609,12769500,Merck & Co.,United States,MRK
2026-04-22 04:00:00,112.6100006103516,113.5100021362305,111.5400009155273,112.8899993896484,112.0839767456055,8037500,Merck & Co.,United States,MRK
2026-04-23 04:00:00,113.370002746582,115.0199966430664,113.0999984741211,114.620002746582,113.801628112793,6826300,Merck & Co.,United States,MRK
2026-04-24 04:00:00,113.7399978637695,114.0299987792969,111.5,111.9000015258789,111.1010513305664,7060000,Merck & Co.,United States,MRK
2026-04-27 04:00:00,111.2200012207031,112.75,110.1399993896484,110.2300033569336,109.4429779052734,9133600,Merck & Co.,United States,MRK
2026-04-28 04:00:00,111.5199966430664,111.9100036621094,109.7099990844727,110.0299987792969,109.2444000244141,7157600,Merck & Co.,United States,MRK
2026-04-29 04:00:00,108.5500030517578,111.2300033569336,107.9000015258789,110.9499969482422,110.157829284668,9769900,Merck & Co.,United States,MRK
2026-04-30 04:00:00,109.3399963378906,112.2399978637695,108.629997253418,109.1800003051758,108.4004669189453,17131200,Merck & Co.,United States,MRK
2026-05-01 04:00:00,112.3300018310547,114.5400009155273,111.879997253418,112.1600036621094,111.3591995239258,11953700,Merck & Co.,United States,MRK
2026-05-04 04:00:00,111.4100036621094,114.620002746582,110.75,113.1100006103516,112.3024139404297,7659100,Merck & Co.,United States,MRK
2026-05-05 04:00:00,113.6699981689453,114.0699996948242,112.8300018310547,113.1500015258789,112.3421249389648,7910400,Merck & Co.,United States,MRK
2026-05-06 04:00:00,113.1500015258789,114.4899978637695,112.7399978637695,113.5599975585938,112.7491912841797,7256100,Merck & Co.,United States,MRK
2026-05-07 04:00:00,113.5100021362305,113.75,111.0999984741211,112.3000030517578,111.4981994628906,7329000,Merck & Co.,United States,MRK
2026-05-08 04:00:00,112.379997253418,113.0100021362305,111.1800003051758,111.379997253418,110.5847625732422,5725100,Merck & Co.,United States,MRK
2026-05-11 04:00:00,112.1500015258789,113.6800003051758,111.0100021362305,111.2799987792969,110.4854736328125,7750600,Merck & Co.,United States,MRK
2026-05-12 04:00:00,111.5,113.6900024414062,111.3899993896484,112.370002746582,111.5676956176758,9117400,Merck & Co.,United States,MRK
2026-05-13 04:00:00,112.25,114.0699996948242,112.0400009155273,113.4499969482422,112.6399765014648,8110500,Merck & Co.,United States,MRK
2026-05-14 04:00:00,113.629997253418,113.9000015258789,112.5699996948242,113.4100036621094,112.6002731323242,5284200,Merck & Co.,United States,MRK
2026-05-15 04:00:00,113.9000015258789,113.9300003051758,110.9400024414062,111.379997253418,110.5847625732422,10028900,Merck & Co.,United States,MRK
2026-05-18 04:00:00,111.4300003051758,112.8899993896484,110.9700012207031,112.5599975585938,111.7563323974609,8047200,Merck & Co.,United States,MRK
2026-05-19 04:00:00,112.5599975585938,115.0999984741211,112.129997253418,114.2399978637695,113.4243392944336,7555400,Merck & Co.,United States,MRK
2026-05-20 04:00:00,114.629997253418,114.9499969482422,112.9000015258789,113.0,112.1931991577148,9130600,Merck & Co.,United States,MRK
2026-05-21 04:00:00,112.7900009155273,115.9800033569336,112.0899963378906,115.879997253418,115.0526275634766,7402700,Merck & Co.,United States,MRK
2026-05-22 04:00:00,120.5500030517578,122.6600036621094,120.0800018310547,122.4100036621094,121.5360107421875,14749200,Merck & Co.,United States,MRK
2026-05-26 04:00:00,122.9000015258789,123.129997253418,119.4100036621094,119.7200012207031,118.8652191162109,10008700,Merck & Co.,United States,MRK
2026-05-27 04:00:00,119.8199996948242,122.4000015258789,119.7799987792969,120.2399978637695,119.3815002441406,7162300,Merck & Co.,United States,MRK
2026-05-28 04:00:00,120.2600021362305,121.5,119.3600006103516,119.8899993896484,119.0340042114258,9258900,Merck & Co.,United States,MRK
2026-05-29 04:00:00,119.6500015258789,120.6699981689453,118.1900024414062,118.7200012207031,117.8723602294922,16596000,Merck & Co.,United States,MRK
2026-06-01 04:00:00,117.5500030517578,117.9599990844727,114.3600006103516,115.1699981689453,114.3477020263672,9406700,Merck & Co.,United States,MRK
2026-06-02 04:00:00,114.5,116.7799987792969,114.5,115.6500015258789,114.8242797851562,8311500,Merck & Co.,United States,MRK
2026-06-03 04:00:00,115.4499969482422,117.3300018310547,114.6999969482422,114.6999969482422,113.8810577392578,8225100,Merck & Co.,United States,MRK
2026-06-04 04:00:00,117.1600036621094,120.5500030517578,117.0899963378906,120.2600021362305,119.4013595581055,15933900,Merck & Co.,United States,MRK
2026-06-05 04:00:00,120.9400024414062,123.4599990844727,120.3600006103516,120.7900009155273,119.9275741577148,15967200,Merck & Co.,United States,MRK
2026-06-08 04:00:00,120.8499984741211,122.5999984741211,118.6900024414062,119.5199966430664,118.6666412353516,12312200,Merck & Co.,United States,MRK
2026-06-09 04:00:00,120.0299987792969,120.5,118.0,119.5999984741211,118.7460708618164,9669100,Merck & Co.,United States,MRK
2026-06-10 04:00:00,119.7799987792969,120.0400009155273,117.2600021362305,119.0899963378906,118.2397079467773,10302100,Merck & Co.,United States,MRK
2026-06-11 04:00:00,120.0400009155273,122.7099990844727,119.9499969482422,120.7600021362305,119.8977890014648,13180300,Merck & Co.,United States,MRK
2026-06-12 04:00:00,121.5,121.9000015258789,118.8300018310547,119.0500030517578,118.2000045776367,10926900,Merck & Co.,United States,MRK
2026-06-15 04:00:00,118.7099990844727,118.9499969482422,114.870002746582,114.9000015258789,114.9000015258789,15395700,Merck & Co.,United States,MRK
2026-06-16 04:00:00,115.879997253418,115.9000015258789,113.5699996948242,115.1699981689453,115.1699981689453,10665400,Merck & Co.,United States,MRK
2026-06-17 04:00:00,114.8600006103516,115.9899978637695,114.0199966430664,115.4400024414062,115.4400024414062,10459900,Merck & Co.,United States,MRK
2026-06-18 04:00:00,114.6399993896484,114.9400024414062,111.5699996948242,113.870002746582,113.870002746582,29521600,Merck & Co.,United States,MRK
2026-06-22 04:00:00,113.9700012207031,115.629997253418,113.0,115.4800033569336,115.4800033569336,10521200,Merck & Co.,United States,MRK
2026-06-23 04:00:00,116.5299987792969,119.8000030517578,116.5299987792969,119.5999984741211,119.5999984741211,10469300,Merck & Co.,United States,MRK
2026-06-24 04:00:00,120.9000015258789,121.8099975585938,119.5100021362305,120.5999984741211,120.5999984741211,10478100,Merck & Co.,United States,MRK
2026-06-25 04:00:00,121.629997253418,125.9599990844727,121.0,125.4499969482422,125.4499969482422,14043800,Merck & Co.,United States,MRK
2026-06-26 04:00:00,125.8300018310547,128.7799987792969,125.8300018310547,128.6600036621094,128.6600036621094,18891500,Merck & Co.,United States,MRK
2026-06-29 04:00:00,127.6500015258789,129.9700012207031,126.7399978637695,129.3800048828125,129.3800048828125,9584600,Merck & Co.,United States,MRK
2026-06-30 04:00:00,129.2200012207031,130.2899932861328,126.6800003051758,128.5,128.5,11837200,Merck & Co.,United States,MRK
2026-07-01 04:00:00,128.0099945068359,128.4199981689453,124.7099990844727,125.370002746582,125.370002746582,10761500,Merck & Co.,United States,MRK
2026-07-02 04:00:00,126.1800003051758,129.6100006103516,125.9899978637695,129.5599975585938,129.5599975585938,7832200,Merck & Co.,United States,MRK
2026-07-06 04:00:00,129.3099975585938,130.0,125.620002746582,126.7799987792969,126.7799987792969,9499300,Merck & Co.,United States,MRK
2026-07-07 04:00:00,128.7700042724609,129.6900024414062,127.8899993896484,128.8600006103516,128.8600006103516,10174300,Merck & Co.,United States,MRK
2026-07-08 04:00:00,128.3399963378906,128.9900054931641,125.1399993896484,125.9899978637695,125.9899978637695,7910200,Merck & Co.,United States,MRK
2026-07-09 04:00:00,125.4800033569336,128.0700073242188,124.4499969482422,125.0699996948242,125.0699996948242,6975500,Merck & Co.,United States,MRK
2026-07-10 04:00:00,125.120002746582,125.5599975585938,122.9000015258789,123.5400009155273,123.5400009155273,8388400,Merck & Co.,United States,MRK
2026-07-13 04:00:00,123.5800018310547,124.7399978637695,122.4400024414062,124.0299987792969,124.0299987792969,5225800,Merck & Co.,United States,MRK
2026-07-14 04:00:00,123.3000030517578,123.6600036621094,120.1600036621094,120.7799987792969,120.7799987792969,9932900,Merck & Co.,United States,MRK
2026-07-15 04:00:00,124.25,124.9000015258789,122.75,123.6100006103516,123.6100006103516,9053800,Merck & Co.,United States,MRK
2026-07-16 04:00:00,124.3300018310547,128.9299926757812,124.0,127.629997253418,127.629997253418,13038800,Merck & Co.,United States,MRK
2026-07-17 04:00:00,128.4499969482422,131.7400054931641,127.0299987792969,127.5,127.5,13472700,Merck & Co.,United States,MRK
2026-07-20 04:00:00,127.2900009155273,127.8899993896484,124.2200012207031,124.4000015258789,124.4000015258789,7729000,Merck & Co.,United States,MRK
2026-07-21 04:00:00,124.8000030517578,126.7699966430664,124.0999984741211,126.2600021362305,126.2600021362305,7344800,Merck & Co.,United States,MRK
2026-07-22 04:00:00,127.3199996948242,128.8300018310547,126.620002746582,127.4700012207031,127.4700012207031,7792400,Merck & Co.,United States,MRK
2026-07-23 04:00:00,127.8199996948242,131.0399932861328,127.8199996948242,130.4799957275391,130.4799957275391,8531300,Merck & Co.,United States,MRK
2026-07-24 04:00:00,131.4400024414062,131.7100067138672,130.2400054931641,131.0700073242188,131.0700073242188,6154400,Merck & Co.,United States,MRK
2026-07-27 04:00:00,131.0099945068359,132.5299987792969,130.4499969482422,130.7599945068359,130.7599945068359,6909800,Merck & Co.,United States,MRK
2026-07-28 04:00:00,132.8800048828125,135.0500030517578,131.1399993896484,131.8200073242188,131.8200073242188,10260200,Merck & Co.,United States,MRK
2026-07-29 04:00:00,132.3699951171875,132.6900024414062,129.6499938964844,130.3600006103516,130.3600006103516,7537700,Merck & Co.,United States,MRK
2026-07-30 04:00:00,128.1999969482422,130.2100067138672,127.25,129.7899932861328,129.7899932861328,7832900,Merck & Co.,United States,MRK
2026-07-31 04:00:00,128.9199981689453,131.0399932861328,128.1399993896484,130.1999969482422,130.1999969482422,7738800,Merck & Co.,United States,MRK
2026-08-03 04:00:00,129.8699951171875,131.4700012207031,126.7200012207031,127.7699966430664,127.7699966430664,11153800,Merck & Co.,United States,MRK
2026-08-04 04:00:00,128.4600067138672,129.9900054931641,126.2200012207031,128.0,128.0,11816900,Merck & Co.,United States,MRK
2026-08-05 04:00:00,129.4100036621094,131.0899963378906,127.5599975585938,128.3300018310547,128.3300018310547,10501900,Merck & Co.,United States,MRK
2026-08-06 04:00:00,130.9600067138672,131.0800018310547,127.8000030517578,128.3699951171875,128.3699951171875,7051700,Merck & Co.,United States,MRK
2026-08-07 04:00:00,127.8399963378906,128.75,126.6800003051758,128.5800018310547,128.5800018310547,7347500,Merck & Co.,United States,MRK
2026-08-10 04:00:00,128.2899932861328,130.9799957275391,128.2400054931641,130.9199981689453,130.9199981689453,6007600,Merck & Co.,United States,MRK
2026-08-11 04:00:00,129.9299926757812,132.8399963378906,129.6999969482422,130.4199981689453,130.4199981689453,6342200,Merck & Co.,United States,MRK
2026-08-12 04:00:00,130.25,134.0599975585938,128.9100036621094,132.9199981689453,132.9199981689453,10447100,Merck & Co.,United States,MRK
2026-08-13 04:00:00,133.8600006103516,135.6799926757812,133.0599975585938,135.5500030517578,135.5500030517578,8895200,Merck & Co.,United States,MRK
2026-08-14 04:00:00,134.4299926757812,135.9700012207031,133.3999938964844,135.8399963378906,135.8399963378906,6869000,Merck & Co.,United States,MRK
2026-08-17 04:00:00,134.9499969482422,137.1699981689453,134.5500030517578,135.9700012207031,135.9700012207031,8477300,Merck & Co.,United States,MRK
2026-08-18 04:00:00,137.2400054931641,137.9799957275391,134.8800048828125,135.1699981689453,135.1699981689453,10284200,Merck & Co.,United States,MRK
2026-08-19 04:00:00,146.9400024414062,153.5,144.8999938964844,152.1999969482422,152.1999969482422,32719300,Merck & Co.,United States,MRK
2026-08-20 04:00:00,150.7799987792969,152.5149993896484,148.5160064697266,150.8329925537109,150.8329925537109,10175031,Merck & Co.,United States,MRK
