Date,Open,High,Low,Close,Adj_Close,Volume,Company,Ticker,Country
2014-01-02,279.4400024414062,282.5199890136719,276.2099914550781,280.3299865722656,280.3299865722656,902200,Biogen,BIIB,USA
2014-01-03,279.7999877929688,280.8399963378906,275.4800109863281,277.3999938964844,277.3999938964844,656000,Biogen,BIIB,USA
2014-01-06,278.0299987792969,279.3599853515625,270.6199951171875,274.9700012207031,274.9700012207031,1019000,Biogen,BIIB,USA
2014-01-07,275.8299865722656,277.1700134277344,273.4500122070312,273.5199890136719,273.5199890136719,819100,Biogen,BIIB,USA
2014-01-08,276.6400146484375,290.989990234375,274.25,290.010009765625,290.010009765625,1436200,Biogen,BIIB,USA
2014-01-09,292.0499877929688,297.0,288.0,289.75,289.75,1318700,Biogen,BIIB,USA
2014-01-10,291.5700073242188,299.8500061035156,286.2999877929688,299.3099975585938,299.3099975585938,1866900,Biogen,BIIB,USA
2014-01-13,299.3500061035156,302.9500122070312,281.5499877929688,283.6700134277344,283.6700134277344,2305500,Biogen,BIIB,USA
2014-01-14,284.7000122070312,300.6700134277344,280.3099975585938,297.4700012207031,297.4700012207031,1651400,Biogen,BIIB,USA
2014-01-15,297.4800109863281,298.6300048828125,292.3200073242188,296.7200012207031,296.7200012207031,1038700,Biogen,BIIB,USA
2014-01-16,297.2699890136719,299.1300048828125,291.75,294.0,294.0,1051200,Biogen,BIIB,USA
2014-01-17,293.6000061035156,298.9800109863281,293.1900024414062,297.4800109863281,297.4800109863281,1413600,Biogen,BIIB,USA
2014-01-21,300.4500122070312,311.2000122070312,299.5400085449219,310.5,310.5,1793100,Biogen,BIIB,USA
2014-01-22,309.7999877929688,315.0,306.3200073242188,310.5400085449219,310.5400085449219,1125200,Biogen,BIIB,USA
2014-01-23,307.2300109863281,315.3800048828125,305.4800109863281,314.9599914550781,314.9599914550781,1578700,Biogen,BIIB,USA
2014-01-24,314.7799987792969,315.1300048828125,303.1400146484375,303.6000061035156,303.6000061035156,1926700,Biogen,BIIB,USA
2014-01-27,303.6099853515625,303.8599853515625,292.5299987792969,297.8800048828125,297.8800048828125,1515300,Biogen,BIIB,USA
2014-01-28,302.3800048828125,306.0,297.0199890136719,305.6499938964844,305.6499938964844,1723700,Biogen,BIIB,USA
2014-01-29,299.0299987792969,318.4200134277344,292.8200073242188,305.4599914550781,305.4599914550781,2773800,Biogen,BIIB,USA
2014-01-30,310.7200012207031,321.25,310.0,318.2799987792969,318.2799987792969,1812000,Biogen,BIIB,USA
2014-01-31,313.0799865722656,317.4500122070312,311.010009765625,312.6400146484375,312.6400146484375,1312900,Biogen,BIIB,USA
2014-02-03,314.8399963378906,316.989990234375,298.1499938964844,300.3900146484375,300.3900146484375,2205400,Biogen,BIIB,USA
2014-02-04,299.010009765625,310.0599975585938,298.1499938964844,308.1799926757812,308.1799926757812,2141100,Biogen,BIIB,USA
2014-02-05,307.3900146484375,307.3900146484375,294.0199890136719,299.9299926757812,299.9299926757812,1887900,Biogen,BIIB,USA
2014-02-06,301.8800048828125,307.3500061035156,300.6700134277344,301.010009765625,301.010009765625,1384600,Biogen,BIIB,USA
2014-02-07,303.1300048828125,316.0199890136719,301.3800048828125,315.5400085449219,315.5400085449219,1504600,Biogen,BIIB,USA
2014-02-10,315.5400085449219,318.2300109863281,311.6700134277344,317.9599914550781,317.9599914550781,1249800,Biogen,BIIB,USA
2014-02-11,314.3099975585938,319.8999938964844,313.0,319.8200073242188,319.8200073242188,1564600,Biogen,BIIB,USA
2014-02-12,319.2699890136719,326.3399963378906,318.6300048828125,323.0400085449219,323.0400085449219,1461200,Biogen,BIIB,USA
2014-02-13,316.8099975585938,329.4500122070312,315.0,328.6199951171875,328.6199951171875,1311400,Biogen,BIIB,USA
2014-02-14,329.4800109863281,331.739990234375,327.1000061035156,328.2900085449219,328.2900085449219,1054300,Biogen,BIIB,USA
2014-02-18,327.8999938964844,335.989990234375,326.9599914550781,334.9800109863281,334.9800109863281,966900,Biogen,BIIB,USA
2014-02-19,334.1199951171875,335.3900146484375,326.6499938964844,328.4500122070312,328.4500122070312,825700,Biogen,BIIB,USA
2014-02-20,330.3299865722656,335.8800048828125,323.3099975585938,335.1099853515625,335.1099853515625,1317200,Biogen,BIIB,USA
2014-02-21,336.3699951171875,349.7699890136719,334.4700012207031,347.1099853515625,347.1099853515625,1814700,Biogen,BIIB,USA
2014-02-24,348.1499938964844,353.4700012207031,345.6199951171875,345.6300048828125,345.6300048828125,1668100,Biogen,BIIB,USA
2014-02-25,346.510009765625,349.5400085449219,343.1099853515625,346.2999877929688,346.2999877929688,1350500,Biogen,BIIB,USA
2014-02-26,342.1700134277344,353.0,337.3099975585938,343.2099914550781,343.2099914550781,1192400,Biogen,BIIB,USA
2014-02-27,342.5,348.3900146484375,340.7699890136719,343.8599853515625,343.8599853515625,1149800,Biogen,BIIB,USA
2014-02-28,346.1600036621094,349.9500122070312,335.0199890136719,340.6799926757812,340.6799926757812,1861900,Biogen,BIIB,USA
2014-03-03,340.6799926757812,342.3599853515625,331.2200012207031,338.3800048828125,338.3800048828125,1340400,Biogen,BIIB,USA
2014-03-04,343.5299987792969,346.739990234375,341.1000061035156,343.1499938964844,343.1499938964844,1107500,Biogen,BIIB,USA
2014-03-05,345.2300109863281,346.2999877929688,338.8599853515625,339.0,339.0,1003300,Biogen,BIIB,USA
2014-03-06,346.8599853515625,353.0,334.010009765625,340.6900024414062,340.6900024414062,2233200,Biogen,BIIB,USA
2014-03-07,341.7900085449219,342.8500061035156,323.7200012207031,328.75,328.75,2785600,Biogen,BIIB,USA
2014-03-10,327.6499938964844,338.6000061035156,327.010009765625,338.0,338.0,1471000,Biogen,BIIB,USA
2014-03-11,338.25,341.260009765625,334.1900024414062,335.989990234375,335.989990234375,1025600,Biogen,BIIB,USA
2014-03-12,333.0499877929688,340.3800048828125,332.2799987792969,339.5499877929688,339.5499877929688,879300,Biogen,BIIB,USA
2014-03-13,341.0400085449219,342.5899963378906,329.0299987792969,332.0499877929688,332.0499877929688,1064900,Biogen,BIIB,USA
2014-03-14,333.3999938964844,340.0,329.2300109863281,332.489990234375,332.489990234375,1330400,Biogen,BIIB,USA
2014-03-17,334.8299865722656,349.0,334.3200073242188,345.6000061035156,345.6000061035156,1561000,Biogen,BIIB,USA
2014-03-18,346.7999877929688,354.0700073242188,345.7000122070312,351.9400024414062,351.9400024414062,1511100,Biogen,BIIB,USA
2014-03-19,352.489990234375,358.8900146484375,347.0,350.010009765625,350.010009765625,1341500,Biogen,BIIB,USA
2014-03-20,348.2699890136719,353.2000122070312,344.7200012207031,347.0400085449219,347.0400085449219,1369100,Biogen,BIIB,USA
2014-03-21,355.0,355.0,313.0799865722656,318.5299987792969,318.5299987792969,5748300,Biogen,BIIB,USA
2014-03-24,320.2000122070312,322.0,300.3200073242188,312.6000061035156,312.6000061035156,3748000,Biogen,BIIB,USA
2014-03-25,316.0,321.1400146484375,304.0,311.7799987792969,311.7799987792969,2148600,Biogen,BIIB,USA
2014-03-26,313.0799865722656,317.2799987792969,305.9299926757812,305.9299926757812,305.9299926757812,1975900,Biogen,BIIB,USA
2014-03-27,306.6400146484375,312.8999938964844,296.6499938964844,309.760009765625,309.760009765625,2021100,Biogen,BIIB,USA
2014-03-28,305.010009765625,314.1900024414062,292.6700134277344,294.1199951171875,294.1199951171875,2555300,Biogen,BIIB,USA
2014-03-31,296.1099853515625,306.9400024414062,296.1099853515625,305.8699951171875,305.8699951171875,1952500,Biogen,BIIB,USA
2014-04-01,308.4200134277344,316.3399963378906,305.3099975585938,309.7900085449219,309.7900085449219,1714800,Biogen,BIIB,USA
2014-04-02,311.6400146484375,317.0,306.5,309.7000122070312,309.7000122070312,1483700,Biogen,BIIB,USA
2014-04-03,307.989990234375,308.989990234375,296.2300109863281,301.8599853515625,301.8599853515625,2008100,Biogen,BIIB,USA
2014-04-04,303.7099914550781,305.4800109863281,286.2999877929688,288.2699890136719,288.2699890136719,3288600,Biogen,BIIB,USA
2014-04-07,286.3599853515625,297.760009765625,281.5899963378906,294.1900024414062,294.1900024414062,2427600,Biogen,BIIB,USA
2014-04-08,295.4800109863281,295.9599914550781,284.3200073242188,285.9200134277344,285.9200134277344,2502900,Biogen,BIIB,USA
2014-04-09,288.0199890136719,301.4500122070312,285.9200134277344,300.6799926757812,300.6799926757812,1988700,Biogen,BIIB,USA
2014-04-10,300.1000061035156,300.9100036621094,284.5700073242188,287.3500061035156,287.3500061035156,2635700,Biogen,BIIB,USA
2014-04-11,284.8900146484375,292.7999877929688,273.7300109863281,274.0,274.0,2742500,Biogen,BIIB,USA
2014-04-14,277.9100036621094,285.989990234375,274.0,279.5199890136719,279.5199890136719,1880100,Biogen,BIIB,USA
2014-04-15,280.5499877929688,288.8399963378906,272.0199890136719,285.489990234375,285.489990234375,1871100,Biogen,BIIB,USA
2014-04-16,290.2799987792969,294.0,284.0700073242188,291.4800109863281,291.4800109863281,1768200,Biogen,BIIB,USA
2014-04-17,291.0,296.0,289.760009765625,290.5400085449219,290.5400085449219,1283400,Biogen,BIIB,USA
2014-04-21,290.6000061035156,298.5700073242188,290.2000122070312,297.9800109863281,297.9800109863281,984400,Biogen,BIIB,USA
2014-04-22,300.5,309.1700134277344,300.0,306.2000122070312,306.2000122070312,1776700,Biogen,BIIB,USA
2014-04-23,309.0,311.1000061035156,295.489990234375,306.75,306.75,2594700,Biogen,BIIB,USA
2014-04-24,307.0,308.7200012207031,286.4800109863281,294.8399963378906,294.8399963378906,2385300,Biogen,BIIB,USA
2014-04-25,293.0400085449219,296.739990234375,285.5799865722656,285.8099975585938,285.8099975585938,1727700,Biogen,BIIB,USA
2014-04-28,289.1600036621094,292.4200134277344,275.3900146484375,283.1199951171875,283.1199951171875,1802300,Biogen,BIIB,USA
2014-04-29,285.3500061035156,294.3599853515625,282.0,290.8399963378906,290.8399963378906,1634500,Biogen,BIIB,USA
2014-04-30,285.0,291.5599975585938,281.3200073242188,287.1199951171875,287.1199951171875,1452100,Biogen,BIIB,USA
2014-05-01,287.1099853515625,291.989990234375,283.2999877929688,286.75,286.75,1312700,Biogen,BIIB,USA
2014-05-02,290.5199890136719,290.6099853515625,280.010009765625,282.010009765625,282.010009765625,1284800,Biogen,BIIB,USA
2014-05-05,280.6099853515625,291.3099975585938,279.0,290.0599975585938,290.0599975585938,1177900,Biogen,BIIB,USA
2014-05-06,287.7699890136719,291.0899963378906,285.5199890136719,285.9400024414062,285.9400024414062,1236900,Biogen,BIIB,USA
2014-05-07,286.260009765625,288.25,278.1000061035156,284.0,284.0,1379600,Biogen,BIIB,USA
2014-05-08,286.0,291.2799987792969,281.8200073242188,282.9599914550781,282.9599914550781,1230200,Biogen,BIIB,USA
2014-05-09,282.75,286.989990234375,278.5899963378906,286.6499938964844,286.6499938964844,1084300,Biogen,BIIB,USA
2014-05-12,289.7799987792969,301.0,288.010009765625,300.5400085449219,300.5400085449219,1683400,Biogen,BIIB,USA
2014-05-13,300.0299987792969,300.9500122070312,295.5499877929688,295.8500061035156,295.8500061035156,988800,Biogen,BIIB,USA
2014-05-14,294.8699951171875,301.2099914550781,293.3299865722656,296.5,296.5,1030700,Biogen,BIIB,USA
2014-05-15,295.6300048828125,297.9700012207031,286.0,289.5299987792969,289.5299987792969,1311000,Biogen,BIIB,USA
2014-05-16,288.489990234375,292.5499877929688,285.010009765625,291.3200073242188,291.3200073242188,1148100,Biogen,BIIB,USA
2014-05-19,289.1499938964844,293.4100036621094,287.5599975585938,290.75,290.75,772800,Biogen,BIIB,USA
2014-05-20,292.2300109863281,293.8099975585938,288.4299926757812,289.7900085449219,289.7900085449219,1089000,Biogen,BIIB,USA
2014-05-21,290.1199951171875,296.760009765625,290.1199951171875,295.3599853515625,295.3599853515625,979100,Biogen,BIIB,USA
2014-05-22,293.5700073242188,303.1700134277344,292.5799865722656,299.6900024414062,299.6900024414062,1092400,Biogen,BIIB,USA
2014-05-23,301.9700012207031,302.7300109863281,295.510009765625,299.7099914550781,299.7099914550781,883200,Biogen,BIIB,USA
2014-05-27,303.239990234375,310.0499877929688,299.5,309.7699890136719,309.7699890136719,1308500,Biogen,BIIB,USA
2014-05-28,311.0199890136719,315.4200134277344,308.0400085449219,308.8099975585938,308.8099975585938,1160400,Biogen,BIIB,USA
2014-05-29,314.8599853515625,319.9400024414062,314.5400085449219,319.8500061035156,319.8500061035156,1769500,Biogen,BIIB,USA
2014-05-30,320.7999877929688,322.25,317.9299926757812,319.3699951171875,319.3699951171875,1294400,Biogen,BIIB,USA
2014-06-02,318.9299926757812,320.0299987792969,310.6099853515625,318.2200012207031,318.2200012207031,754700,Biogen,BIIB,USA
2014-06-03,316.3699951171875,318.8699951171875,313.7699890136719,316.8599853515625,316.8599853515625,786200,Biogen,BIIB,USA
2014-06-04,315.8699951171875,320.0,314.010009765625,319.1799926757812,319.1799926757812,740600,Biogen,BIIB,USA
2014-06-05,320.1700134277344,321.2000122070312,315.8200073242188,320.1300048828125,320.1300048828125,1116900,Biogen,BIIB,USA
2014-06-06,321.9599914550781,322.0499877929688,314.2900085449219,317.5499877929688,317.5499877929688,872800,Biogen,BIIB,USA
2014-06-09,320.0,321.4800109863281,316.0799865722656,318.1600036621094,318.1600036621094,775200,Biogen,BIIB,USA
2014-06-10,316.2000122070312,319.8399963378906,312.6099853515625,315.4400024414062,315.4400024414062,1015900,Biogen,BIIB,USA
2014-06-11,314.0400085449219,314.989990234375,308.0,310.7200012207031,310.7200012207031,909700,Biogen,BIIB,USA
2014-06-12,310.7200012207031,314.0700073242188,308.1000061035156,309.7799987792969,309.7799987792969,802700,Biogen,BIIB,USA
2014-06-13,310.5,311.3800048828125,306.3999938964844,309.9800109863281,309.9800109863281,773200,Biogen,BIIB,USA
2014-06-16,309.6000061035156,312.9500122070312,306.760009765625,307.9700012207031,307.9700012207031,890700,Biogen,BIIB,USA
2014-06-17,306.989990234375,307.4599914550781,302.010009765625,304.7900085449219,304.7900085449219,860400,Biogen,BIIB,USA
2014-06-18,305.510009765625,310.3599853515625,304.6199951171875,309.8099975585938,309.8099975585938,1068300,Biogen,BIIB,USA
2014-06-19,310.6700134277344,313.5299987792969,308.4500122070312,311.9800109863281,311.9800109863281,1034500,Biogen,BIIB,USA
2014-06-20,313.8500061035156,319.8900146484375,312.5,319.5899963378906,319.5899963378906,2088800,Biogen,BIIB,USA
2014-06-23,318.010009765625,321.8900146484375,312.8699951171875,313.4599914550781,313.4599914550781,889100,Biogen,BIIB,USA
2014-06-24,313.5899963378906,319.260009765625,312.6600036621094,314.2300109863281,314.2300109863281,1105200,Biogen,BIIB,USA
2014-06-25,313.0899963378906,318.0,312.5799865722656,314.760009765625,314.760009765625,1051700,Biogen,BIIB,USA
2014-06-26,315.6799926757812,319.8800048828125,312.8699951171875,318.6300048828125,318.6300048828125,1027500,Biogen,BIIB,USA
2014-06-27,318.5700073242188,320.989990234375,315.6700134277344,318.1300048828125,318.1300048828125,969400,Biogen,BIIB,USA
2014-06-30,317.1600036621094,319.6199951171875,315.010009765625,315.3099975585938,315.3099975585938,938200,Biogen,BIIB,USA
2014-07-01,317.0299987792969,326.2300109863281,315.239990234375,324.739990234375,324.739990234375,1179500,Biogen,BIIB,USA
2014-07-02,325.25,332.7799987792969,324.010009765625,331.0,331.0,1183800,Biogen,BIIB,USA
2014-07-03,330.7999877929688,332.9299926757812,328.2300109863281,331.1499938964844,331.1499938964844,700600,Biogen,BIIB,USA
2014-07-07,329.3999938964844,332.9700012207031,324.0,325.6799926757812,325.6799926757812,802300,Biogen,BIIB,USA
2014-07-08,324.0,324.6000061035156,316.9100036621094,317.5899963378906,317.5899963378906,1235700,Biogen,BIIB,USA
2014-07-09,322.6199951171875,322.8699951171875,313.6099853515625,320.1400146484375,320.1400146484375,1027100,Biogen,BIIB,USA
2014-07-10,317.1000061035156,321.4100036621094,315.0,319.1199951171875,319.1199951171875,825300,Biogen,BIIB,USA
2014-07-11,320.0,323.4400024414062,316.0400085449219,322.2200012207031,322.2200012207031,946900,Biogen,BIIB,USA
2014-07-14,325.1199951171875,325.1199951171875,319.0599975585938,319.75,319.75,876500,Biogen,BIIB,USA
2014-07-15,320.760009765625,321.8099975585938,311.9200134277344,312.0,312.0,1391100,Biogen,BIIB,USA
2014-07-16,313.8299865722656,313.8299865722656,302.5499877929688,303.739990234375,303.739990234375,1803800,Biogen,BIIB,USA
2014-07-17,301.8500061035156,307.989990234375,298.3099975585938,299.2900085449219,299.2900085449219,1651300,Biogen,BIIB,USA
2014-07-18,301.1199951171875,305.8200073242188,298.6400146484375,304.1000061035156,304.1000061035156,1550700,Biogen,BIIB,USA
2014-07-21,303.0400085449219,304.239990234375,300.3999938964844,302.5,302.5,1027800,Biogen,BIIB,USA
2014-07-22,305.1799926757812,308.6799926757812,302.9400024414062,303.6700134277344,303.6700134277344,1200100,Biogen,BIIB,USA
2014-07-23,335.0,343.5899963378906,331.0,337.6000061035156,337.6000061035156,4143000,Biogen,BIIB,USA
2014-07-24,337.6000061035156,339.8299865722656,335.2200012207031,336.7900085449219,336.7900085449219,1599900,Biogen,BIIB,USA
2014-07-25,334.7799987792969,337.5,332.7699890136719,335.4500122070312,335.4500122070312,1068600,Biogen,BIIB,USA
2014-07-28,334.6799926757812,338.3399963378906,332.1000061035156,336.3900146484375,336.3900146484375,995600,Biogen,BIIB,USA
2014-07-29,337.0,344.0700073242188,335.7000122070312,341.7300109863281,341.7300109863281,1286000,Biogen,BIIB,USA
2014-07-30,344.4500122070312,349.0,343.0199890136719,344.5199890136719,344.5199890136719,1303300,Biogen,BIIB,USA
2014-07-31,342.7200012207031,342.8599853515625,333.3500061035156,334.3900146484375,334.3900146484375,1168500,Biogen,BIIB,USA
2014-08-01,332.9299926757812,337.8200073242188,325.8500061035156,329.8299865722656,329.8299865722656,1319300,Biogen,BIIB,USA
2014-08-04,330.0799865722656,330.9400024414062,325.760009765625,326.5499877929688,326.5499877929688,989300,Biogen,BIIB,USA
2014-08-05,325.5799865722656,328.5499877929688,322.1400146484375,325.2300109863281,325.2300109863281,1144600,Biogen,BIIB,USA
2014-08-06,324.0599975585938,328.489990234375,322.0,325.2000122070312,325.2000122070312,940600,Biogen,BIIB,USA
2014-08-07,326.0,327.3599853515625,319.7999877929688,320.6000061035156,320.6000061035156,872700,Biogen,BIIB,USA
2014-08-08,320.8800048828125,326.3999938964844,319.3200073242188,324.0499877929688,324.0499877929688,1196900,Biogen,BIIB,USA
2014-08-11,327.2999877929688,327.4400024414062,319.0700073242188,320.3399963378906,320.3399963378906,983000,Biogen,BIIB,USA
2014-08-12,319.9599914550781,325.6400146484375,317.0,324.9599914550781,324.9599914550781,1045600,Biogen,BIIB,USA
2014-08-13,325.510009765625,335.3900146484375,324.1300048828125,334.6400146484375,334.6400146484375,1449200,Biogen,BIIB,USA
2014-08-14,335.0499877929688,338.510009765625,333.6600036621094,337.010009765625,337.010009765625,1319200,Biogen,BIIB,USA
2014-08-15,339.25,343.0299987792969,330.7000122070312,342.4700012207031,342.4700012207031,1722400,Biogen,BIIB,USA
2014-08-18,347.5899963378906,348.3999938964844,342.0899963378906,344.6000061035156,344.6000061035156,1223600,Biogen,BIIB,USA
2014-08-19,344.8200073242188,348.489990234375,343.2900085449219,345.8399963378906,345.8399963378906,815700,Biogen,BIIB,USA
2014-08-20,343.6799926757812,345.4599914550781,340.6700134277344,342.5799865722656,342.5799865722656,700100,Biogen,BIIB,USA
2014-08-21,342.7300109863281,344.4200134277344,337.1900024414062,338.6499938964844,338.6499938964844,663700,Biogen,BIIB,USA
2014-08-22,339.8399963378906,341.8999938964844,337.0,339.9700012207031,339.9700012207031,677300,Biogen,BIIB,USA
2014-08-25,342.5400085449219,345.75,341.0799865722656,342.7000122070312,342.7000122070312,719300,Biogen,BIIB,USA
2014-08-26,343.3900146484375,343.6000061035156,340.010009765625,342.989990234375,342.989990234375,836800,Biogen,BIIB,USA
2014-08-27,343.4599914550781,343.760009765625,338.5400085449219,343.3599853515625,343.3599853515625,972100,Biogen,BIIB,USA
2014-08-28,341.1400146484375,343.8299865722656,339.5199890136719,341.239990234375,341.239990234375,643800,Biogen,BIIB,USA
2014-08-29,343.6300048828125,343.6300048828125,339.1799926757812,343.0400085449219,343.0400085449219,700100,Biogen,BIIB,USA
2014-09-02,345.4700012207031,347.7900085449219,340.6000061035156,342.6799926757812,342.6799926757812,715600,Biogen,BIIB,USA
2014-09-03,343.3699951171875,345.8099975585938,342.1700134277344,344.1199951171875,344.1199951171875,735700,Biogen,BIIB,USA
2014-09-04,344.3699951171875,344.4400024414062,333.7799987792969,334.8299865722656,334.8299865722656,827700,Biogen,BIIB,USA
2014-09-05,335.0400085449219,335.75,321.0,330.4800109863281,330.4800109863281,1910600,Biogen,BIIB,USA
2014-09-08,329.2799987792969,331.8500061035156,326.739990234375,331.3099975585938,331.3099975585938,927200,Biogen,BIIB,USA
2014-09-09,330.739990234375,330.739990234375,326.0299987792969,326.8299865722656,326.8299865722656,840800,Biogen,BIIB,USA
2014-09-10,325.989990234375,333.0,325.989990234375,332.0799865722656,332.0799865722656,811100,Biogen,BIIB,USA
2014-09-11,330.4100036621094,332.8099975585938,324.739990234375,327.1099853515625,327.1099853515625,925300,Biogen,BIIB,USA
2014-09-12,327.3099975585938,328.1600036621094,321.1099853515625,323.3900146484375,323.3900146484375,802500,Biogen,BIIB,USA
2014-09-15,323.3999938964844,323.9700012207031,315.7099914550781,320.1199951171875,320.1199951171875,1062800,Biogen,BIIB,USA
2014-09-16,319.4200134277344,328.75,318.6900024414062,326.8800048828125,326.8800048828125,991200,Biogen,BIIB,USA
2014-09-17,328.4200134277344,330.9800109863281,322.6900024414062,327.5799865722656,327.5799865722656,1088600,Biogen,BIIB,USA
2014-09-18,328.8599853515625,330.2999877929688,325.3599853515625,329.989990234375,329.989990234375,637100,Biogen,BIIB,USA
2014-09-19,329.510009765625,334.8200073242188,327.489990234375,329.239990234375,329.239990234375,1742600,Biogen,BIIB,USA
2014-09-22,327.3599853515625,330.3399963378906,325.010009765625,329.760009765625,329.760009765625,1027400,Biogen,BIIB,USA
2014-09-23,328.510009765625,334.9500122070312,327.6799926757812,332.239990234375,332.239990234375,1039700,Biogen,BIIB,USA
2014-09-24,333.3999938964844,347.75,333.1099853515625,346.2999877929688,346.2999877929688,1579200,Biogen,BIIB,USA
2014-09-25,344.0499877929688,345.6499938964844,333.0599975585938,333.3999938964844,333.3999938964844,1554900,Biogen,BIIB,USA
2014-09-26,333.8699951171875,334.7900085449219,328.6799926757812,333.5400085449219,333.5400085449219,1075600,Biogen,BIIB,USA
2014-09-29,329.7000122070312,333.5,326.8500061035156,330.1600036621094,330.1600036621094,800900,Biogen,BIIB,USA
2014-09-30,330.2300109863281,332.3999938964844,327.0799865722656,330.8099975585938,330.8099975585938,1055100,Biogen,BIIB,USA
2014-10-01,330.9700012207031,331.1499938964844,321.9800109863281,323.5,323.5,985400,Biogen,BIIB,USA
2014-10-02,322.6000061035156,324.4500122070312,317.5299987792969,319.8399963378906,319.8399963378906,1116300,Biogen,BIIB,USA
2014-10-03,323.3299865722656,331.010009765625,321.6300048828125,327.0899963378906,327.0899963378906,1306500,Biogen,BIIB,USA
2014-10-06,331.0499877929688,331.0499877929688,324.010009765625,325.0700073242188,325.0700073242188,722800,Biogen,BIIB,USA
2014-10-07,325.0,325.0,315.8200073242188,315.9200134277344,315.9200134277344,1053300,Biogen,BIIB,USA
2014-10-08,315.6600036621094,325.7799987792969,312.0,324.5899963378906,324.5899963378906,1271500,Biogen,BIIB,USA
2014-10-09,323.3500061035156,325.3399963378906,317.739990234375,319.1900024414062,319.1900024414062,1142900,Biogen,BIIB,USA
2014-10-10,318.3999938964844,324.4200134277344,315.0799865722656,315.1400146484375,315.1400146484375,1468200,Biogen,BIIB,USA
2014-10-13,314.7900085449219,315.75,300.989990234375,301.739990234375,301.739990234375,2302500,Biogen,BIIB,USA
2014-10-14,308.3599853515625,310.3999938964844,296.0599975585938,301.5799865722656,301.5799865722656,1759400,Biogen,BIIB,USA
2014-10-15,297.2900085449219,311.2000122070312,295.2699890136719,305.6900024414062,305.6900024414062,2210900,Biogen,BIIB,USA
2014-10-16,299.9100036621094,309.0,296.5499877929688,302.739990234375,302.739990234375,1384400,Biogen,BIIB,USA
2014-10-17,305.3599853515625,313.7200012207031,304.75,306.7099914550781,306.7099914550781,1782200,Biogen,BIIB,USA
2014-10-20,305.239990234375,321.4800109863281,305.239990234375,311.4100036621094,311.4100036621094,1513800,Biogen,BIIB,USA
2014-10-21,320.9700012207031,326.8999938964844,316.0299987792969,326.7699890136719,326.7699890136719,1851500,Biogen,BIIB,USA
2014-10-22,300.0,314.9500122070312,290.8500061035156,309.0700073242188,309.0700073242188,7067000,Biogen,BIIB,USA
2014-10-23,314.0,319.3500061035156,311.0,316.0599975585938,316.0599975585938,2126200,Biogen,BIIB,USA
2014-10-24,315.7200012207031,322.0,315.2999877929688,321.6700134277344,321.6700134277344,1262900,Biogen,BIIB,USA
2014-10-27,321.8900146484375,323.1199951171875,317.0,319.9800109863281,319.9800109863281,1114800,Biogen,BIIB,USA
2014-10-28,321.2099914550781,321.2200012207031,314.8999938964844,318.0299987792969,318.0299987792969,1642000,Biogen,BIIB,USA
2014-10-29,317.9400024414062,320.989990234375,312.5599975585938,315.0599975585938,315.0599975585938,1509000,Biogen,BIIB,USA
2014-10-30,315.0899963378906,323.7200012207031,313.9100036621094,321.0,321.0,1084400,Biogen,BIIB,USA
2014-10-31,330.0,330.5,318.6600036621094,321.0799865722656,321.0799865722656,1699600,Biogen,BIIB,USA
2014-11-03,320.7799987792969,323.2000122070312,319.6600036621094,321.25,321.25,1196100,Biogen,BIIB,USA
2014-11-04,319.8999938964844,323.8800048828125,319.0299987792969,322.0599975585938,322.0599975585938,1130700,Biogen,BIIB,USA
2014-11-05,324.5700073242188,324.8599853515625,318.5,319.5499877929688,319.5499877929688,1016100,Biogen,BIIB,USA
2014-11-06,320.8599853515625,324.2999877929688,320.2699890136719,323.4700012207031,323.4700012207031,1377000,Biogen,BIIB,USA
2014-11-07,324.6600036621094,325.0,319.6199951171875,320.75,320.75,1102800,Biogen,BIIB,USA
2014-11-10,320.1900024414062,327.8999938964844,319.0,327.8699951171875,327.8699951171875,1220500,Biogen,BIIB,USA
2014-11-11,327.7099914550781,330.3699951171875,322.6499938964844,324.5899963378906,324.5899963378906,847500,Biogen,BIIB,USA
2014-11-12,323.7999877929688,323.7999877929688,319.5499877929688,321.0199890136719,321.0199890136719,757000,Biogen,BIIB,USA
2014-11-13,322.25,322.25,314.3299865722656,317.9800109863281,317.9800109863281,1126200,Biogen,BIIB,USA
2014-11-14,317.9599914550781,318.0199890136719,300.3500061035156,305.4299926757812,305.4299926757812,2557300,Biogen,BIIB,USA
2014-11-17,305.0,308.6499938964844,301.8599853515625,302.4200134277344,302.4200134277344,1390200,Biogen,BIIB,USA
2014-11-18,305.6799926757812,306.9800109863281,303.0199890136719,305.5599975585938,305.5599975585938,1643200,Biogen,BIIB,USA
2014-11-19,304.6000061035156,305.5,302.1000061035156,303.6099853515625,303.6099853515625,1956800,Biogen,BIIB,USA
2014-11-20,300.1000061035156,303.9800109863281,297.8299865722656,299.1000061035156,299.1000061035156,1772400,Biogen,BIIB,USA
2014-11-21,305.2799987792969,305.2799987792969,301.3200073242188,303.5499877929688,303.5499877929688,1828000,Biogen,BIIB,USA
2014-11-24,305.6099853515625,308.8399963378906,304.7799987792969,306.739990234375,306.739990234375,1388200,Biogen,BIIB,USA
2014-11-25,307.0,307.6400146484375,302.4500122070312,305.3999938964844,305.3999938964844,1947200,Biogen,BIIB,USA
2014-11-26,305.0,305.8299865722656,301.3900146484375,304.9200134277344,304.9200134277344,1085800,Biogen,BIIB,USA
2014-11-28,307.5799865722656,310.2099914550781,305.9700012207031,307.6900024414062,307.6900024414062,849100,Biogen,BIIB,USA
2014-12-01,306.4299926757812,310.4800109863281,306.1099853515625,308.4400024414062,308.4400024414062,1146100,Biogen,BIIB,USA
2014-12-02,335.6499938964844,336.6499938964844,323.4100036621094,328.2699890136719,328.2699890136719,6209500,Biogen,BIIB,USA
2014-12-03,328.5199890136719,347.739990234375,328.5199890136719,347.3399963378906,347.3399963378906,4668700,Biogen,BIIB,USA
2014-12-04,345.8800048828125,350.8900146484375,337.5400085449219,341.1799926757812,341.1799926757812,2533600,Biogen,BIIB,USA
2014-12-05,341.989990234375,345.9299926757812,339.7099914550781,340.8699951171875,340.8699951171875,1460300,Biogen,BIIB,USA
2014-12-08,341.9500122070312,347.2799987792969,340.8999938964844,344.0499877929688,344.0499877929688,1395400,Biogen,BIIB,USA
2014-12-09,340.3999938964844,348.0599975585938,337.5700073242188,347.6099853515625,347.6099853515625,1295500,Biogen,BIIB,USA
2014-12-10,346.8500061035156,349.8800048828125,342.6199951171875,343.5899963378906,343.5899963378906,1449200,Biogen,BIIB,USA
2014-12-11,344.8699951171875,351.3800048828125,341.8599853515625,342.3299865722656,342.3299865722656,1471700,Biogen,BIIB,USA
2014-12-12,339.2300109863281,349.9800109863281,338.5,344.489990234375,344.489990234375,1559100,Biogen,BIIB,USA
2014-12-15,346.5,346.6499938964844,333.1199951171875,335.7999877929688,335.7999877929688,1402800,Biogen,BIIB,USA
2014-12-16,333.3800048828125,339.8299865722656,324.6900024414062,325.1300048828125,325.1300048828125,1834400,Biogen,BIIB,USA
2014-12-17,326.5,333.7300109863281,322.3500061035156,332.8900146484375,332.8900146484375,1652700,Biogen,BIIB,USA
2014-12-18,339.3599853515625,353.7000122070312,337.7099914550781,353.7000122070312,353.7000122070312,2401800,Biogen,BIIB,USA
2014-12-19,343.2799987792969,361.9299926757812,343.0599975585938,360.6700134277344,360.6700134277344,3691300,Biogen,BIIB,USA
2014-12-22,352.0,356.6499938964844,345.2300109863281,352.2900085449219,352.2900085449219,2170400,Biogen,BIIB,USA
2014-12-23,353.5599975585938,353.7900085449219,328.6799926757812,335.760009765625,335.760009765625,2631500,Biogen,BIIB,USA
2014-12-24,335.5299987792969,343.6199951171875,334.9800109863281,340.8900146484375,340.8900146484375,965800,Biogen,BIIB,USA
2014-12-26,342.9200134277344,345.5499877929688,338.0199890136719,342.3999938964844,342.3999938964844,1138700,Biogen,BIIB,USA
2014-12-29,341.9299926757812,345.989990234375,339.2900085449219,343.4299926757812,343.4299926757812,1236100,Biogen,BIIB,USA
2014-12-30,341.510009765625,345.010009765625,339.4299926757812,342.1900024414062,342.1900024414062,933500,Biogen,BIIB,USA
2014-12-31,343.9200134277344,348.5,339.3299865722656,339.4500122070312,339.4500122070312,864800,Biogen,BIIB,USA
2015-01-02,342.8399963378906,346.989990234375,340.3299865722656,342.010009765625,342.010009765625,976300,Biogen,BIIB,USA
2015-01-05,339.2699890136719,342.0,335.1300048828125,336.739990234375,336.739990234375,1250000,Biogen,BIIB,USA
2015-01-06,339.9800109863281,346.6400146484375,334.3999938964844,334.6499938964844,334.6499938964844,1898200,Biogen,BIIB,USA
2015-01-07,338.0899963378906,354.0,338.0499877929688,353.239990234375,353.239990234375,2484300,Biogen,BIIB,USA
2015-01-08,359.4200134277344,360.0,341.7099914550781,350.25,350.25,4277700,Biogen,BIIB,USA
2015-01-09,349.7799987792969,352.0799865722656,338.239990234375,342.3399963378906,342.3399963378906,2562100,Biogen,BIIB,USA
2015-01-12,345.5,350.0,343.7099914550781,347.8399963378906,347.8399963378906,1899200,Biogen,BIIB,USA
2015-01-13,352.8099975585938,361.9100036621094,348.3500061035156,352.739990234375,352.739990234375,2489400,Biogen,BIIB,USA
2015-01-14,348.0,355.6099853515625,347.5199890136719,348.75,348.75,1429900,Biogen,BIIB,USA
2015-01-15,350.0400085449219,354.5499877929688,339.6600036621094,339.8800048828125,339.8800048828125,1665700,Biogen,BIIB,USA
2015-01-16,339.3699951171875,353.4400024414062,339.3500061035156,352.75,352.75,1673000,Biogen,BIIB,USA
2015-01-20,354.5,365.1900024414062,350.6400146484375,363.2799987792969,363.2799987792969,2076400,Biogen,BIIB,USA
2015-01-21,361.4100036621094,366.1700134277344,358.2200012207031,361.8299865722656,361.8299865722656,1337000,Biogen,BIIB,USA
2015-01-22,364.0,364.0,349.489990234375,353.6499938964844,353.6499938964844,2322900,Biogen,BIIB,USA
2015-01-23,352.9800109863281,359.8699951171875,352.0299987792969,357.5299987792969,357.5299987792969,1077700,Biogen,BIIB,USA
2015-01-26,357.6300048828125,362.8399963378906,355.4500122070312,362.4400024414062,362.4400024414062,1330600,Biogen,BIIB,USA
2015-01-27,358.2799987792969,364.760009765625,357.1300048828125,357.8900146484375,357.8900146484375,1446300,Biogen,BIIB,USA
2015-01-28,360.2900085449219,361.3800048828125,350.5,351.1799926757812,351.1799926757812,1486000,Biogen,BIIB,USA
2015-01-29,351.5299987792969,354.6099853515625,345.760009765625,353.25,353.25,1707800,Biogen,BIIB,USA
2015-01-30,372.75,397.0,372.75,389.1600036621094,389.1600036621094,4029800,Biogen,BIIB,USA
2015-02-02,389.0299987792969,394.9800109863281,382.0,390.0,390.0,1832700,Biogen,BIIB,USA
2015-02-03,390.7300109863281,395.5,386.3399963378906,393.8900146484375,393.8900146484375,1781500,Biogen,BIIB,USA
2015-02-04,388.6000061035156,394.4800109863281,381.3599853515625,391.1199951171875,391.1199951171875,2165000,Biogen,BIIB,USA
2015-02-05,393.7000122070312,402.3999938964844,390.1099853515625,401.7900085449219,401.7900085449219,1576200,Biogen,BIIB,USA
2015-02-06,400.2999877929688,407.9400024414062,399.0,402.0,402.0,1640500,Biogen,BIIB,USA
2015-02-09,398.0499877929688,402.8399963378906,396.4599914550781,396.8800048828125,396.8800048828125,1440400,Biogen,BIIB,USA
2015-02-10,398.0499877929688,400.8599853515625,394.0599975585938,395.1300048828125,395.1300048828125,1811600,Biogen,BIIB,USA
2015-02-11,394.8599853515625,396.8599853515625,388.5299987792969,390.0,390.0,1766300,Biogen,BIIB,USA
2015-02-12,394.6900024414062,395.0,386.1400146484375,392.1099853515625,392.1099853515625,1755100,Biogen,BIIB,USA
2015-02-13,391.6799926757812,394.3900146484375,387.239990234375,391.6600036621094,391.6600036621094,1180000,Biogen,BIIB,USA
2015-02-17,389.1099853515625,402.2900085449219,388.6700134277344,397.9100036621094,397.9100036621094,1321100,Biogen,BIIB,USA
2015-02-18,396.8299865722656,401.8699951171875,396.5199890136719,401.1199951171875,401.1199951171875,782800,Biogen,BIIB,USA
2015-02-19,401.0400085449219,408.239990234375,400.5599975585938,406.7300109863281,406.7300109863281,1143500,Biogen,BIIB,USA
2015-02-20,406.3999938964844,409.0299987792969,403.3599853515625,408.0499877929688,408.0499877929688,945900,Biogen,BIIB,USA
2015-02-23,408.25,411.3200073242188,406.2300109863281,408.5799865722656,408.5799865722656,954400,Biogen,BIIB,USA
2015-02-24,410.25,410.739990234375,402.8299865722656,404.8900146484375,404.8900146484375,855200,Biogen,BIIB,USA
2015-02-25,405.3200073242188,412.0199890136719,400.5700073242188,408.9400024414062,408.9400024414062,1114100,Biogen,BIIB,USA
2015-02-26,408.8200073242188,411.7699890136719,406.0700073242188,410.1000061035156,410.1000061035156,863800,Biogen,BIIB,USA
2015-02-27,410.2300109863281,411.3099975585938,405.7999877929688,409.5899963378906,409.5899963378906,1371000,Biogen,BIIB,USA
2015-03-02,410.6700134277344,416.8200073242188,406.3999938964844,415.7900085449219,415.7900085449219,1347300,Biogen,BIIB,USA
2015-03-03,415.0,415.1700134277344,407.1199951171875,412.7900085449219,412.7900085449219,1235300,Biogen,BIIB,USA
2015-03-04,410.9500122070312,417.1799926757812,406.1000061035156,414.1300048828125,414.1300048828125,1523000,Biogen,BIIB,USA
2015-03-05,417.4200134277344,425.7000122070312,417.0899963378906,425.6099853515625,425.6099853515625,1846200,Biogen,BIIB,USA
2015-03-06,424.2300109863281,424.2300109863281,416.239990234375,417.6300048828125,417.6300048828125,1643700,Biogen,BIIB,USA
2015-03-09,417.2300109863281,417.6499938964844,411.6000061035156,415.510009765625,415.510009765625,1516100,Biogen,BIIB,USA
2015-03-10,409.6700134277344,420.4400024414062,409.6099853515625,414.2000122070312,414.2000122070312,1400700,Biogen,BIIB,USA
2015-03-11,415.3099975585938,416.239990234375,407.510009765625,408.1099853515625,408.1099853515625,1426100,Biogen,BIIB,USA
2015-03-12,411.489990234375,411.489990234375,406.0199890136719,407.6400146484375,407.6400146484375,1553200,Biogen,BIIB,USA
2015-03-13,407.0899963378906,416.7000122070312,407.0899963378906,413.3500061035156,413.3500061035156,1744700,Biogen,BIIB,USA
2015-03-16,415.4599914550781,422.3699951171875,414.2200012207031,421.3200073242188,421.3200073242188,1564500,Biogen,BIIB,USA
2015-03-17,420.1000061035156,426.4800109863281,417.5,426.1199951171875,426.1199951171875,1968900,Biogen,BIIB,USA
2015-03-18,425.0,431.0,417.0499877929688,427.9299926757812,427.9299926757812,2030300,Biogen,BIIB,USA
2015-03-19,434.7999877929688,439.8999938964844,431.3299865722656,433.6499938964844,433.6499938964844,2471900,Biogen,BIIB,USA
2015-03-20,475.9200134277344,480.1799926757812,456.0599975585938,475.9800109863281,475.9800109863281,10643200,Biogen,BIIB,USA
2015-03-23,466.0700073242188,474.0,460.5,463.7300109863281,463.7300109863281,3712600,Biogen,BIIB,USA
2015-03-24,462.989990234375,467.6400146484375,452.010009765625,452.7099914550781,452.7099914550781,2481400,Biogen,BIIB,USA
2015-03-25,449.0599975585938,450.25,431.3900146484375,431.6300048828125,431.6300048828125,3743700,Biogen,BIIB,USA
2015-03-26,427.7999877929688,432.8800048828125,420.4100036621094,428.9299926757812,428.9299926757812,3353800,Biogen,BIIB,USA
2015-03-27,430.1199951171875,436.6700134277344,429.3599853515625,429.8699951171875,429.8699951171875,1859200,Biogen,BIIB,USA
2015-03-30,433.6799926757812,437.0,428.6000061035156,431.6199951171875,431.6199951171875,1600100,Biogen,BIIB,USA
2015-03-31,430.1600036621094,433.9800109863281,422.1000061035156,422.239990234375,422.239990234375,1808700,Biogen,BIIB,USA
2015-04-01,423.2000122070312,423.4700012207031,407.5499877929688,413.8099975585938,413.8099975585938,2709200,Biogen,BIIB,USA
2015-04-02,415.3999938964844,416.4800109863281,410.6400146484375,412.4400024414062,412.4400024414062,1700700,Biogen,BIIB,USA
2015-04-06,408.75,420.0899963378906,408.2099914550781,413.4200134277344,413.4200134277344,1873800,Biogen,BIIB,USA
2015-04-07,415.5,425.3699951171875,415.1300048828125,418.0899963378906,418.0899963378906,1571900,Biogen,BIIB,USA
2015-04-08,419.2999877929688,427.510009765625,418.1000061035156,425.3599853515625,425.3599853515625,1540100,Biogen,BIIB,USA
2015-04-09,424.6000061035156,431.7799987792969,419.4800109863281,426.6300048828125,426.6300048828125,1340900,Biogen,BIIB,USA
2015-04-10,426.1600036621094,428.8299865722656,420.5,425.6499938964844,425.6499938964844,1063000,Biogen,BIIB,USA
2015-04-13,426.7000122070312,432.4700012207031,422.5199890136719,423.3599853515625,423.3599853515625,1263300,Biogen,BIIB,USA
2015-04-14,423.989990234375,426.4800109863281,417.7099914550781,423.5700073242188,423.5700073242188,1365100,Biogen,BIIB,USA
2015-04-15,430.760009765625,432.739990234375,424.5700073242188,430.9599914550781,430.9599914550781,2038100,Biogen,BIIB,USA
2015-04-16,428.1400146484375,432.8800048828125,428.0,428.6499938964844,428.6499938964844,1109000,Biogen,BIIB,USA
2015-04-17,424.0,426.989990234375,416.8399963378906,419.4400024414062,419.4400024414062,1837600,Biogen,BIIB,USA
2015-04-20,424.6600036621094,424.7699890136719,419.0,422.9200134277344,422.9200134277344,1183300,Biogen,BIIB,USA
2015-04-21,425.1900024414062,426.1700134277344,420.1700134277344,422.1099853515625,422.1099853515625,1224600,Biogen,BIIB,USA
2015-04-22,423.8800048828125,425.9599914550781,418.5499877929688,423.5700073242188,423.5700073242188,1298200,Biogen,BIIB,USA
2015-04-23,423.0,431.8399963378906,421.0,430.2799987792969,430.2799987792969,1938200,Biogen,BIIB,USA
2015-04-24,410.0,410.8699951171875,395.0,401.7099914550781,401.7099914550781,6084400,Biogen,BIIB,USA
2015-04-27,401.75,403.4500122070312,388.0799865722656,389.2699890136719,389.2699890136719,3432000,Biogen,BIIB,USA
2015-04-28,388.7999877929688,391.8699951171875,374.3599853515625,374.6799926757812,374.6799926757812,4923900,Biogen,BIIB,USA
2015-04-29,377.9700012207031,388.4500122070312,376.0,383.7799987792969,383.7799987792969,3255600,Biogen,BIIB,USA
2015-04-30,380.8900146484375,383.8299865722656,368.8800048828125,373.9299926757812,373.9299926757812,2685900,Biogen,BIIB,USA
2015-05-01,377.5199890136719,388.1400146484375,377.5199890136719,386.2200012207031,386.2200012207031,2737400,Biogen,BIIB,USA
2015-05-04,389.4500122070312,393.8900146484375,384.75,386.2200012207031,386.2200012207031,1456400,Biogen,BIIB,USA
2015-05-05,385.0,388.4500122070312,381.0,385.7999877929688,385.7999877929688,1594800,Biogen,BIIB,USA
2015-05-06,387.25,389.989990234375,380.4100036621094,383.5599975585938,383.5599975585938,1279700,Biogen,BIIB,USA
2015-05-07,384.0,388.0700073242188,380.6099853515625,383.2900085449219,383.2900085449219,1298100,Biogen,BIIB,USA
2015-05-08,390.8800048828125,399.5,390.0299987792969,398.4299926757812,398.4299926757812,2037800,Biogen,BIIB,USA
2015-05-11,403.2000122070312,404.0,395.0,396.9100036621094,396.9100036621094,1574400,Biogen,BIIB,USA
2015-05-12,393.2000122070312,397.7799987792969,389.0,395.2999877929688,395.2999877929688,1142500,Biogen,BIIB,USA
2015-05-13,396.0,398.3800048828125,388.7200012207031,390.0400085449219,390.0400085449219,1169500,Biogen,BIIB,USA
2015-05-14,392.9800109863281,395.1099853515625,387.3699951171875,394.3500061035156,394.3500061035156,1612600,Biogen,BIIB,USA
2015-05-15,395.0,398.1900024414062,389.0799865722656,391.239990234375,391.239990234375,1442900,Biogen,BIIB,USA
2015-05-18,389.3800048828125,396.4100036621094,389.2200012207031,395.4200134277344,395.4200134277344,995700,Biogen,BIIB,USA
2015-05-19,396.010009765625,400.1099853515625,393.9599914550781,395.1700134277344,395.1700134277344,1347000,Biogen,BIIB,USA
2015-05-20,394.5,403.4800109863281,391.6099853515625,401.0,401.0,1478500,Biogen,BIIB,USA
2015-05-21,400.239990234375,401.6499938964844,397.9700012207031,401.1499938964844,401.1499938964844,859000,Biogen,BIIB,USA
2015-05-22,399.1900024414062,401.7900085449219,397.3999938964844,398.6799926757812,398.6799926757812,829800,Biogen,BIIB,USA
2015-05-26,397.1700134277344,399.9299926757812,391.6199951171875,392.8800048828125,392.8800048828125,899800,Biogen,BIIB,USA
2015-05-27,393.8099975585938,403.2200012207031,391.5199890136719,402.9200134277344,402.9200134277344,1117000,Biogen,BIIB,USA
2015-05-28,402.2999877929688,403.8500061035156,399.1000061035156,400.1000061035156,400.1000061035156,789100,Biogen,BIIB,USA
2015-05-29,400.0899963378906,401.8900146484375,395.6400146484375,396.989990234375,396.989990234375,1303100,Biogen,BIIB,USA
2015-06-01,398.8699951171875,399.5799865722656,391.0,393.3500061035156,393.3500061035156,1192600,Biogen,BIIB,USA
2015-06-02,391.3599853515625,391.760009765625,384.0,387.6199951171875,387.6199951171875,1947100,Biogen,BIIB,USA
2015-06-03,388.7699890136719,393.7900085449219,387.3299865722656,387.4800109863281,387.4800109863281,1281500,Biogen,BIIB,USA
2015-06-04,385.5,387.5400085449219,382.5400085449219,384.3399963378906,384.3399963378906,1527600,Biogen,BIIB,USA
2015-06-05,382.8800048828125,389.75,381.5700073242188,387.8599853515625,387.8599853515625,998800,Biogen,BIIB,USA
2015-06-08,387.6600036621094,389.3900146484375,384.6700134277344,386.3699951171875,386.3699951171875,777000,Biogen,BIIB,USA
2015-06-09,384.2699890136719,385.8800048828125,378.8200073242188,382.0,382.0,1260800,Biogen,BIIB,USA
2015-06-10,382.9700012207031,390.0599975585938,378.0,388.5,388.5,1573300,Biogen,BIIB,USA
2015-06-11,390.6000061035156,395.1499938964844,390.1600036621094,393.5400085449219,393.5400085449219,1323300,Biogen,BIIB,USA
2015-06-12,391.260009765625,395.7999877929688,386.25,388.7699890136719,388.7699890136719,1078400,Biogen,BIIB,USA
2015-06-15,386.6400146484375,390.4299926757812,382.0199890136719,388.2799987792969,388.2799987792969,1048000,Biogen,BIIB,USA
2015-06-16,386.5899963378906,390.989990234375,385.4599914550781,388.2799987792969,388.2799987792969,930900,Biogen,BIIB,USA
2015-06-17,389.3500061035156,391.8999938964844,386.3099975585938,390.8599853515625,390.8599853515625,920900,Biogen,BIIB,USA
2015-06-18,393.4700012207031,404.8999938964844,393.3999938964844,401.5499877929688,401.5499877929688,1677400,Biogen,BIIB,USA
2015-06-19,406.6099853515625,414.0,406.6099853515625,411.0499877929688,411.0499877929688,2951900,Biogen,BIIB,USA
2015-06-22,415.0,420.0,414.7900085449219,417.5700073242188,417.5700073242188,1185800,Biogen,BIIB,USA
2015-06-23,419.6499938964844,420.989990234375,414.0400085449219,416.260009765625,416.260009765625,1081300,Biogen,BIIB,USA
2015-06-24,415.4299926757812,415.989990234375,410.2699890136719,410.6499938964844,410.6499938964844,990600,Biogen,BIIB,USA
2015-06-25,412.9200134277344,417.6799926757812,410.0599975585938,411.2900085449219,411.2900085449219,902000,Biogen,BIIB,USA
2015-06-26,412.239990234375,413.7000122070312,405.7900085449219,408.7300109863281,408.7300109863281,958700,Biogen,BIIB,USA
2015-06-29,404.5,407.8599853515625,395.8999938964844,396.2099914550781,396.2099914550781,1474100,Biogen,BIIB,USA
2015-06-30,403.5499877929688,405.0,396.6600036621094,403.9400024414062,403.9400024414062,1582200,Biogen,BIIB,USA
2015-07-01,408.3200073242188,409.9800109863281,404.3800048828125,405.4100036621094,405.4100036621094,992500,Biogen,BIIB,USA
2015-07-02,407.2900085449219,407.9800109863281,403.1499938964844,404.2799987792969,404.2799987792969,928600,Biogen,BIIB,USA
2015-07-06,399.8599853515625,412.0,399.510009765625,404.6300048828125,404.6300048828125,1189700,Biogen,BIIB,USA
2015-07-07,405.25,409.9100036621094,400.3299865722656,408.0599975585938,408.0599975585938,1488900,Biogen,BIIB,USA
2015-07-08,405.0,406.2300109863281,396.7300109863281,397.6799926757812,397.6799926757812,1312900,Biogen,BIIB,USA
2015-07-09,403.5599975585938,404.3599853515625,399.2900085449219,399.2900085449219,399.2900085449219,1325300,Biogen,BIIB,USA
2015-07-10,401.0,401.4400024414062,381.8599853515625,388.2300109863281,388.2300109863281,3887500,Biogen,BIIB,USA
2015-07-13,391.2099914550781,395.7900085449219,388.6400146484375,391.2300109863281,391.2300109863281,1517900,Biogen,BIIB,USA
2015-07-14,396.9500122070312,403.2099914550781,393.7200012207031,400.2000122070312,400.2000122070312,1507200,Biogen,BIIB,USA
2015-07-15,404.5899963378906,407.8299865722656,399.5299987792969,400.5499877929688,400.5499877929688,1471800,Biogen,BIIB,USA
2015-07-16,402.7200012207031,407.3099975585938,402.0499877929688,403.7300109863281,403.7300109863281,1335500,Biogen,BIIB,USA
2015-07-17,406.3699951171875,407.1300048828125,401.75,404.6600036621094,404.6600036621094,1890300,Biogen,BIIB,USA
2015-07-20,407.5299987792969,409.3999938964844,403.010009765625,408.9299926757812,408.9299926757812,1816600,Biogen,BIIB,USA
2015-07-21,410.3500061035156,412.239990234375,405.510009765625,409.5,409.5,1768700,Biogen,BIIB,USA
2015-07-22,393.6499938964844,401.1099853515625,389.6099853515625,391.739990234375,391.739990234375,4053500,Biogen,BIIB,USA
2015-07-23,394.1700134277344,396.2300109863281,384.510009765625,385.0499877929688,385.0499877929688,2602500,Biogen,BIIB,USA
2015-07-24,327.0,327.0,299.760009765625,300.0299987792969,300.0299987792969,16634100,Biogen,BIIB,USA
2015-07-27,305.3999938964844,325.0,303.760009765625,309.4299926757812,309.4299926757812,9975000,Biogen,BIIB,USA
2015-07-28,312.5199890136719,320.510009765625,308.6799926757812,319.9299926757812,319.9299926757812,3547000,Biogen,BIIB,USA
2015-07-29,321.9200134277344,323.0,309.1499938964844,313.3399963378906,313.3399963378906,3278000,Biogen,BIIB,USA
2015-07-30,312.5400085449219,319.4200134277344,310.5199890136719,317.0,317.0,2303900,Biogen,BIIB,USA
2015-07-31,319.5700073242188,322.3500061035156,312.7000122070312,318.7799987792969,318.7799987792969,2261500,Biogen,BIIB,USA
2015-08-03,320.3299865722656,325.8099975585938,319.1099853515625,324.3800048828125,324.3800048828125,3024800,Biogen,BIIB,USA
2015-08-04,325.8800048828125,334.7999877929688,324.5199890136719,330.3800048828125,330.3800048828125,3586200,Biogen,BIIB,USA
2015-08-05,333.0,338.510009765625,332.8099975585938,335.4100036621094,335.4100036621094,2308000,Biogen,BIIB,USA
2015-08-06,336.6700134277344,337.5,315.2999877929688,316.6000061035156,316.6000061035156,3830000,Biogen,BIIB,USA
2015-08-07,316.0,316.1900024414062,305.6600036621094,309.0,309.0,4259000,Biogen,BIIB,USA
2015-08-10,312.2000122070312,317.25,312.0,314.9400024414062,314.9400024414062,2452900,Biogen,BIIB,USA
2015-08-11,312.5599975585938,319.1199951171875,311.7200012207031,314.8500061035156,314.8500061035156,1851600,Biogen,BIIB,USA
2015-08-12,312.2999877929688,317.8599853515625,307.5,316.7300109863281,316.7300109863281,1962800,Biogen,BIIB,USA
2015-08-13,316.9700012207031,319.4800109863281,313.75,313.9100036621094,313.9100036621094,1316300,Biogen,BIIB,USA
2015-08-14,314.2200012207031,316.2699890136719,309.1400146484375,312.6099853515625,312.6099853515625,2006900,Biogen,BIIB,USA
2015-08-17,313.489990234375,317.6600036621094,311.0199890136719,316.0799865722656,316.0799865722656,1607200,Biogen,BIIB,USA
2015-08-18,316.7999877929688,317.1499938964844,310.6000061035156,312.1300048828125,312.1300048828125,1213400,Biogen,BIIB,USA
2015-08-19,311.989990234375,319.3500061035156,310.5,315.8200073242188,315.8200073242188,1832400,Biogen,BIIB,USA
2015-08-20,314.7799987792969,316.8999938964844,309.2099914550781,309.8999938964844,309.8999938964844,1913200,Biogen,BIIB,USA
2015-08-21,305.7099914550781,312.6499938964844,295.4599914550781,295.6400146484375,295.6400146484375,3659400,Biogen,BIIB,USA
2015-08-24,269.0499877929688,295.1499938964844,265.0,278.3500061035156,278.3500061035156,5879900,Biogen,BIIB,USA
2015-08-25,292.6400146484375,298.0,281.5,281.75,281.75,3744200,Biogen,BIIB,USA
2015-08-26,290.1000061035156,298.6099853515625,283.4400024414062,298.25,298.25,3133900,Biogen,BIIB,USA
2015-08-27,301.3699951171875,308.5,299.3599853515625,304.489990234375,304.489990234375,2498600,Biogen,BIIB,USA
2015-08-28,301.0,306.4500122070312,299.760009765625,303.6900024414062,303.6900024414062,2058700,Biogen,BIIB,USA
2015-08-31,302.1600036621094,304.510009765625,296.4700012207031,297.2999877929688,297.2999877929688,1642400,Biogen,BIIB,USA
2015-09-01,292.2200012207031,301.9800109863281,291.260009765625,292.5,292.5,2498500,Biogen,BIIB,USA
2015-09-02,298.4800109863281,304.4299926757812,293.6099853515625,304.2099914550781,304.2099914550781,2271600,Biogen,BIIB,USA
2015-09-03,306.4700012207031,309.7200012207031,300.8399963378906,301.6300048828125,301.6300048828125,1787800,Biogen,BIIB,USA
2015-09-04,297.7200012207031,304.1400146484375,295.0299987792969,302.260009765625,302.260009765625,1696600,Biogen,BIIB,USA
2015-09-08,306.9100036621094,309.2200012207031,302.5499877929688,308.739990234375,308.739990234375,1840900,Biogen,BIIB,USA
2015-09-09,313.5499877929688,317.8299865722656,302.4700012207031,303.4800109863281,303.4800109863281,1623500,Biogen,BIIB,USA
2015-09-10,302.9100036621094,315.7699890136719,302.1099853515625,312.6199951171875,312.6199951171875,2189600,Biogen,BIIB,USA
2015-09-11,310.6700134277344,315.5,307.2099914550781,315.3699951171875,315.3699951171875,1928100,Biogen,BIIB,USA
2015-09-14,316.8900146484375,318.2000122070312,311.9400024414062,316.2300109863281,316.2300109863281,1811700,Biogen,BIIB,USA
2015-09-15,316.4100036621094,321.6499938964844,313.2900085449219,319.8599853515625,319.8599853515625,2060400,Biogen,BIIB,USA
2015-09-16,319.0499877929688,322.4100036621094,315.0799865722656,319.5599975585938,319.5599975585938,1984700,Biogen,BIIB,USA
2015-09-17,321.1900024414062,330.5400085449219,318.3800048828125,325.2999877929688,325.2999877929688,2589200,Biogen,BIIB,USA
2015-09-18,321.0599975585938,324.1000061035156,313.0,314.6700134277344,314.6700134277344,4618800,Biogen,BIIB,USA
2015-09-21,315.2900085449219,315.4299926757812,294.6199951171875,297.1600036621094,297.1600036621094,4161900,Biogen,BIIB,USA
2015-09-22,292.5199890136719,300.0,289.0,299.0599975585938,299.0599975585938,4391700,Biogen,BIIB,USA
2015-09-23,299.2699890136719,303.7900085449219,296.2999877929688,298.3399963378906,298.3399963378906,1642900,Biogen,BIIB,USA
2015-09-24,295.5799865722656,298.1499938964844,287.1199951171875,293.010009765625,293.010009765625,2663100,Biogen,BIIB,USA
2015-09-25,298.7799987792969,298.7799987792969,280.3200073242188,284.7900085449219,284.7900085449219,3366100,Biogen,BIIB,USA
2015-09-28,282.5400085449219,284.0,267.0,272.2799987792969,272.2799987792969,4908200,Biogen,BIIB,USA
2015-09-29,270.6000061035156,288.5700073242188,270.6000061035156,278.2300109863281,278.2300109863281,3819700,Biogen,BIIB,USA
2015-09-30,283.9800109863281,292.0,283.0599975585938,291.8099975585938,291.8099975585938,2935600,Biogen,BIIB,USA
2015-10-01,291.989990234375,292.8900146484375,282.4500122070312,287.2999877929688,287.2999877929688,2871900,Biogen,BIIB,USA
2015-10-02,283.3800048828125,290.75,280.7200012207031,290.3500061035156,290.3500061035156,2982000,Biogen,BIIB,USA
2015-10-05,291.4299926757812,292.4800109863281,282.760009765625,286.5499877929688,286.5499877929688,2703000,Biogen,BIIB,USA
2015-10-06,282.4100036621094,282.9800109863281,269.0,275.989990234375,275.989990234375,4291600,Biogen,BIIB,USA
2015-10-07,279.8599853515625,284.6199951171875,274.010009765625,279.239990234375,279.239990234375,3469900,Biogen,BIIB,USA
2015-10-08,278.3299865722656,281.5,272.2799987792969,279.8800048828125,279.8800048828125,2558900,Biogen,BIIB,USA
2015-10-09,279.6300048828125,280.0,267.2699890136719,269.1600036621094,269.1600036621094,4047200,Biogen,BIIB,USA
2015-10-12,270.9200134277344,270.9200134277344,263.510009765625,264.6700134277344,264.6700134277344,3686800,Biogen,BIIB,USA
2015-10-13,262.0,270.8200073242188,254.7799987792969,256.0400085449219,256.0400085449219,4302900,Biogen,BIIB,USA
2015-10-14,260.4400024414062,262.8500061035156,254.3999938964844,256.7900085449219,256.7900085449219,3961400,Biogen,BIIB,USA
2015-10-15,256.3099975585938,268.5299987792969,254.0,268.4100036621094,268.4100036621094,2750300,Biogen,BIIB,USA
2015-10-16,270.1799926757812,272.989990234375,267.0,272.3699951171875,272.3699951171875,2849300,Biogen,BIIB,USA
2015-10-19,270.8699951171875,276.5,268.0400085449219,273.0199890136719,273.0199890136719,2940000,Biogen,BIIB,USA
2015-10-20,273.0599975585938,277.2900085449219,264.5799865722656,265.8099975585938,265.8099975585938,3539800,Biogen,BIIB,USA
2015-10-21,285.0,291.010009765625,262.4500122070312,276.3399963378906,276.3399963378906,8374300,Biogen,BIIB,USA
2015-10-22,276.3299865722656,283.4800109863281,270.0700073242188,276.8299865722656,276.8299865722656,4522700,Biogen,BIIB,USA
2015-10-23,279.0,280.8800048828125,270.7000122070312,276.989990234375,276.989990234375,3866400,Biogen,BIIB,USA
2015-10-26,279.8200073242188,282.1499938964844,273.3699951171875,274.6000061035156,274.6000061035156,3149200,Biogen,BIIB,USA
2015-10-27,276.0,291.7699890136719,275.1099853515625,290.6300048828125,290.6300048828125,3722600,Biogen,BIIB,USA
2015-10-28,291.9500122070312,294.0599975585938,285.5,293.6900024414062,293.6900024414062,3306700,Biogen,BIIB,USA
2015-10-29,294.2999877929688,299.4100036621094,290.7699890136719,293.7200012207031,293.7200012207031,3612000,Biogen,BIIB,USA
2015-10-30,294.0,295.0400085449219,290.0,290.510009765625,290.510009765625,5209100,Biogen,BIIB,USA
2015-11-02,294.5199890136719,303.3099975585938,293.3299865722656,303.0799865722656,303.0799865722656,2785800,Biogen,BIIB,USA
2015-11-03,302.0499877929688,304.3699951171875,298.239990234375,299.1400146484375,299.1400146484375,2102400,Biogen,BIIB,USA
2015-11-04,299.8399963378906,302.3900146484375,293.0499877929688,296.5700073242188,296.5700073242188,2437700,Biogen,BIIB,USA
2015-11-05,294.1499938964844,295.010009765625,288.5,293.0299987792969,293.0299987792969,2259900,Biogen,BIIB,USA
2015-11-06,293.0899963378906,296.1000061035156,287.7300109863281,295.3500061035156,295.3500061035156,2449600,Biogen,BIIB,USA
2015-11-09,294.0,298.0,291.760009765625,293.3999938964844,293.3999938964844,1786200,Biogen,BIIB,USA
2015-11-10,294.3599853515625,298.9800109863281,291.2300109863281,297.2200012207031,297.2200012207031,1801000,Biogen,BIIB,USA
2015-11-11,297.9400024414062,303.2999877929688,293.7900085449219,293.8900146484375,293.8900146484375,2084700,Biogen,BIIB,USA
2015-11-12,292.5,297.2799987792969,290.9100036621094,291.3299865722656,291.3299865722656,1457200,Biogen,BIIB,USA
2015-11-13,290.1799926757812,293.2900085449219,283.8299865722656,284.8399963378906,284.8399963378906,1926800,Biogen,BIIB,USA
2015-11-16,285.9299926757812,286.75,278.2799987792969,283.5299987792969,283.5299987792969,1960100,Biogen,BIIB,USA
2015-11-17,284.2000122070312,285.7699890136719,278.5499877929688,279.489990234375,279.489990234375,2348500,Biogen,BIIB,USA
2015-11-18,280.6499938964844,292.6799926757812,279.3099975585938,291.9800109863281,291.9800109863281,2253200,Biogen,BIIB,USA
2015-11-19,292.0,292.5,286.5299987792969,289.4400024414062,289.4400024414062,1625100,Biogen,BIIB,USA
2015-11-20,291.8500061035156,292.4299926757812,289.9100036621094,290.1600036621094,290.1600036621094,1723700,Biogen,BIIB,USA
2015-11-23,290.3999938964844,297.8800048828125,290.260009765625,294.25,294.25,1392000,Biogen,BIIB,USA
2015-11-24,290.9599914550781,292.6099853515625,288.010009765625,289.1499938964844,289.1499938964844,1325400,Biogen,BIIB,USA
2015-11-25,290.0,292.8599853515625,289.2900085449219,292.2999877929688,292.2999877929688,1140100,Biogen,BIIB,USA
2015-11-27,292.9700012207031,294.1000061035156,290.7799987792969,293.2099914550781,293.2099914550781,465800,Biogen,BIIB,USA
2015-11-30,293.1600036621094,294.260009765625,285.1000061035156,286.8599853515625,286.8599853515625,1679300,Biogen,BIIB,USA
2015-12-01,289.2999877929688,290.5899963378906,285.7999877929688,290.0400085449219,290.0400085449219,1684300,Biogen,BIIB,USA
2015-12-02,289.1400146484375,290.3900146484375,284.5799865722656,284.9599914550781,284.9599914550781,1369000,Biogen,BIIB,USA
2015-12-03,284.2200012207031,285.5799865722656,274.2300109863281,275.4400024414062,275.4400024414062,1902700,Biogen,BIIB,USA
2015-12-04,277.0,284.75,276.1300048828125,284.4500122070312,284.4500122070312,1917100,Biogen,BIIB,USA
2015-12-07,283.3099975585938,284.9800109863281,279.7000122070312,281.6300048828125,281.6300048828125,1739700,Biogen,BIIB,USA
2015-12-08,279.8900146484375,289.760009765625,278.0,288.4599914550781,288.4599914550781,1752000,Biogen,BIIB,USA
2015-12-09,286.2099914550781,290.0899963378906,283.0199890136719,284.6099853515625,284.6099853515625,1525400,Biogen,BIIB,USA
2015-12-10,285.3599853515625,291.2200012207031,284.6799926757812,289.8800048828125,289.8800048828125,1422800,Biogen,BIIB,USA
2015-12-11,285.5400085449219,288.5899963378906,282.2300109863281,283.4599914550781,283.4599914550781,2029900,Biogen,BIIB,USA
2015-12-14,283.7699890136719,285.0,276.4299926757812,282.3900146484375,282.3900146484375,1649800,Biogen,BIIB,USA
2015-12-15,285.010009765625,291.6900024414062,282.5599975585938,289.1099853515625,289.1099853515625,1624300,Biogen,BIIB,USA
2015-12-16,292.2300109863281,299.6799926757812,290.0,299.2900085449219,299.2900085449219,2104200,Biogen,BIIB,USA
2015-12-17,299.0400085449219,300.8699951171875,296.3800048828125,297.1700134277344,297.1700134277344,1705300,Biogen,BIIB,USA
2015-12-18,294.7999877929688,299.8200073242188,293.0499877929688,293.3699951171875,293.3699951171875,2790200,Biogen,BIIB,USA
2015-12-21,294.8399963378906,297.8599853515625,293.5,297.5599975585938,297.5599975585938,1137600,Biogen,BIIB,USA
2015-12-22,298.0,301.8399963378906,296.3500061035156,300.7699890136719,300.7699890136719,1215800,Biogen,BIIB,USA
2015-12-23,303.7900085449219,303.7900085449219,299.1600036621094,300.1900024414062,300.1900024414062,986500,Biogen,BIIB,USA
2015-12-24,300.2900085449219,303.8699951171875,299.5,302.2900085449219,302.2900085449219,537100,Biogen,BIIB,USA
2015-12-28,302.0299987792969,304.9800109863281,301.5,303.8399963378906,303.8399963378906,848400,Biogen,BIIB,USA
2015-12-29,304.989990234375,311.6499938964844,304.7699890136719,309.6700134277344,309.6700134277344,1223300,Biogen,BIIB,USA
2015-12-30,309.9800109863281,310.2900085449219,307.0,308.3399963378906,308.3399963378906,802500,Biogen,BIIB,USA
2015-12-31,306.1000061035156,309.3299865722656,306.1000061035156,306.3500061035156,306.3500061035156,1063800,Biogen,BIIB,USA
2016-01-04,300.3399963378906,301.0199890136719,291.3999938964844,294.6199951171875,294.6199951171875,2451100,Biogen,BIIB,USA
2016-01-05,295.3800048828125,298.6400146484375,293.5599975585938,296.7000122070312,296.7000122070312,1263900,Biogen,BIIB,USA
2016-01-06,292.6000061035156,296.5799865722656,291.010009765625,293.6799926757812,293.6799926757812,1540200,Biogen,BIIB,USA
2016-01-07,286.5199890136719,289.989990234375,283.0299987792969,284.010009765625,284.010009765625,1844900,Biogen,BIIB,USA
2016-01-08,284.6499938964844,288.1099853515625,280.0,280.5899963378906,280.5899963378906,1808900,Biogen,BIIB,USA
2016-01-11,280.5899963378906,283.9500122070312,271.6600036621094,278.5400085449219,278.5400085449219,2109600,Biogen,BIIB,USA
2016-01-12,281.1799926757812,285.5599975585938,271.0,278.6700134277344,278.6700134277344,1833900,Biogen,BIIB,USA
2016-01-13,279.4200134277344,281.989990234375,267.0,267.25,267.25,2108400,Biogen,BIIB,USA
2016-01-14,268.5700073242188,283.2999877929688,265.3699951171875,280.5700073242188,280.5700073242188,2414300,Biogen,BIIB,USA
2016-01-15,271.010009765625,279.8900146484375,269.25,273.3299865722656,273.3299865722656,2579900,Biogen,BIIB,USA
2016-01-19,276.9800109863281,276.989990234375,264.7200012207031,269.8500061035156,269.8500061035156,2209600,Biogen,BIIB,USA
2016-01-20,263.25,272.7799987792969,257.6600036621094,269.3500061035156,269.3500061035156,2368300,Biogen,BIIB,USA
2016-01-21,269.6700134277344,271.0499877929688,261.0199890136719,262.0799865722656,262.0799865722656,2531000,Biogen,BIIB,USA
2016-01-22,266.3599853515625,269.4800109863281,264.6199951171875,268.9200134277344,268.9200134277344,2111800,Biogen,BIIB,USA
2016-01-25,269.4599914550781,271.2099914550781,261.2999877929688,262.1000061035156,262.1000061035156,1792400,Biogen,BIIB,USA
2016-01-26,262.760009765625,264.4800109863281,257.7799987792969,259.8699951171875,259.8699951171875,2108200,Biogen,BIIB,USA
2016-01-27,275.0499877929688,285.2799987792969,270.3399963378906,273.260009765625,273.260009765625,5159600,Biogen,BIIB,USA
2016-01-28,275.7699890136719,276.9700012207031,261.7000122070312,265.9599914550781,265.9599914550781,3056500,Biogen,BIIB,USA
2016-01-29,268.4200134277344,273.8999938964844,265.7000122070312,273.0599975585938,273.0599975585938,3080400,Biogen,BIIB,USA
2016-02-01,270.3399963378906,275.8299865722656,269.5799865722656,273.4500122070312,273.4500122070312,1852000,Biogen,BIIB,USA
2016-02-02,267.739990234375,271.2000122070312,265.1600036621094,266.0599975585938,266.0599975585938,1929800,Biogen,BIIB,USA
2016-02-03,267.5799865722656,270.739990234375,261.0,270.4299926757812,270.4299926757812,2085800,Biogen,BIIB,USA
2016-02-04,270.1600036621094,279.3800048828125,269.1099853515625,273.2699890136719,273.2699890136719,2073400,Biogen,BIIB,USA
2016-02-05,271.1000061035156,272.6700134277344,258.4599914550781,263.8599853515625,263.8599853515625,2856900,Biogen,BIIB,USA
2016-02-08,260.4500122070312,260.4500122070312,248.1600036621094,250.7700042724609,250.7700042724609,2758200,Biogen,BIIB,USA
2016-02-09,246.5399932861328,255.0,243.8500061035156,249.9900054931641,249.9900054931641,2386900,Biogen,BIIB,USA
2016-02-10,253.3500061035156,257.3699951171875,249.2799987792969,252.1999969482422,252.1999969482422,1763500,Biogen,BIIB,USA
2016-02-11,246.3099975585938,250.0200042724609,243.0299987792969,245.1100006103516,245.1100006103516,2171200,Biogen,BIIB,USA
2016-02-12,248.7799987792969,249.1999969482422,242.0700073242188,247.2200012207031,247.2200012207031,2119500,Biogen,BIIB,USA
2016-02-16,249.0,257.4200134277344,249.0,256.5199890136719,256.5199890136719,2084200,Biogen,BIIB,USA
2016-02-17,256.2900085449219,265.8599853515625,256.0799865722656,265.6300048828125,265.6300048828125,1921400,Biogen,BIIB,USA
2016-02-18,266.6000061035156,266.9599914550781,258.510009765625,259.0499877929688,259.0499877929688,1536200,Biogen,BIIB,USA
2016-02-19,257.3599853515625,263.0,255.1199951171875,261.3999938964844,261.3999938964844,1450100,Biogen,BIIB,USA
2016-02-22,265.260009765625,266.0,261.3399963378906,265.8299865722656,265.8299865722656,1218100,Biogen,BIIB,USA
2016-02-23,264.8099975585938,265.8599853515625,257.8999938964844,258.989990234375,258.989990234375,1539200,Biogen,BIIB,USA
2016-02-24,256.3500061035156,257.6799926757812,249.0099945068359,257.2200012207031,257.2200012207031,1433700,Biogen,BIIB,USA
2016-02-25,261.8999938964844,262.8399963378906,259.1600036621094,262.3500061035156,262.3500061035156,1520200,Biogen,BIIB,USA
2016-02-26,264.0599975585938,266.4700012207031,260.8800048828125,264.489990234375,264.489990234375,1603200,Biogen,BIIB,USA
2016-02-29,262.6799926757812,265.6000061035156,259.1799926757812,259.4200134277344,259.4200134277344,1790100,Biogen,BIIB,USA
2016-03-01,261.3699951171875,271.010009765625,259.25,270.8999938964844,270.8999938964844,1928400,Biogen,BIIB,USA
2016-03-02,270.1700134277344,274.5700073242188,268.6600036621094,273.6600036621094,273.6600036621094,1664000,Biogen,BIIB,USA
2016-03-03,272.2200012207031,272.8200073242188,266.1400146484375,268.6400146484375,268.6400146484375,1430900,Biogen,BIIB,USA
2016-03-04,269.6400146484375,269.6799926757812,263.1300048828125,263.9400024414062,263.9400024414062,1640800,Biogen,BIIB,USA
2016-03-07,262.1400146484375,272.4400024414062,261.2000122070312,269.5199890136719,269.5199890136719,1678700,Biogen,BIIB,USA
2016-03-08,267.239990234375,269.0199890136719,260.7799987792969,261.2799987792969,261.2799987792969,1552100,Biogen,BIIB,USA
2016-03-09,261.260009765625,263.2799987792969,252.3800048828125,255.6600036621094,255.6600036621094,1892500,Biogen,BIIB,USA
2016-03-10,257.0,260.5700073242188,251.0,251.9700012207031,251.9700012207031,1962100,Biogen,BIIB,USA
2016-03-11,255.9799957275391,260.0400085449219,255.1000061035156,259.739990234375,259.739990234375,1759900,Biogen,BIIB,USA
2016-03-14,258.9100036621094,259.8900146484375,256.8999938964844,257.7699890136719,257.7699890136719,1241700,Biogen,BIIB,USA
2016-03-15,257.4700012207031,257.9200134277344,248.5399932861328,250.3300018310547,250.3300018310547,1954800,Biogen,BIIB,USA
2016-03-16,250.4199981689453,256.1900024414062,247.6100006103516,250.8399963378906,250.8399963378906,1744800,Biogen,BIIB,USA
2016-03-17,250.0,250.0299987792969,242.25,246.3099975585938,246.3099975585938,1895000,Biogen,BIIB,USA
2016-03-18,247.8300018310547,251.1600036621094,243.2100067138672,250.7799987792969,250.7799987792969,3347900,Biogen,BIIB,USA
2016-03-21,249.5200042724609,257.4100036621094,247.0099945068359,256.0499877929688,256.0499877929688,1451300,Biogen,BIIB,USA
2016-03-22,252.6999969482422,261.3800048828125,252.1999969482422,259.4200134277344,259.4200134277344,1564600,Biogen,BIIB,USA
2016-03-23,257.0,258.3500061035156,253.5899963378906,255.2400054931641,255.2400054931641,1545600,Biogen,BIIB,USA
2016-03-24,253.7899932861328,257.5400085449219,251.1300048828125,254.6900024414062,254.6900024414062,1077100,Biogen,BIIB,USA
2016-03-28,255.0500030517578,256.7099914550781,251.4499969482422,251.7599945068359,251.7599945068359,1019000,Biogen,BIIB,USA
2016-03-29,251.6799926757812,254.9700012207031,246.7400054931641,254.6799926757812,254.6799926757812,1276600,Biogen,BIIB,USA
2016-03-30,256.0400085449219,257.9200134277344,252.6300048828125,254.1799926757812,254.1799926757812,1161600,Biogen,BIIB,USA
2016-03-31,255.0700073242188,261.3999938964844,254.1900024414062,260.3200073242188,260.3200073242188,1550300,Biogen,BIIB,USA
2016-04-01,258.8299865722656,261.9599914550781,257.5,260.5400085449219,260.5400085449219,2156200,Biogen,BIIB,USA
2016-04-04,260.5599975585938,266.0,260.0400085449219,264.010009765625,264.010009765625,2414500,Biogen,BIIB,USA
2016-04-05,262.2799987792969,267.75,262.1499938964844,265.6199951171875,265.6199951171875,1700700,Biogen,BIIB,USA
2016-04-06,266.3299865722656,280.5799865722656,266.1700134277344,279.5700073242188,279.5700073242188,3018800,Biogen,BIIB,USA
2016-04-07,278.0299987792969,280.7000122070312,271.1499938964844,273.0400085449219,273.0400085449219,2006100,Biogen,BIIB,USA
2016-04-08,275.0,275.1600036621094,267.3299865722656,270.8299865722656,270.8299865722656,2136000,Biogen,BIIB,USA
2016-04-11,271.5700073242188,272.9800109863281,264.2099914550781,265.1900024414062,265.1900024414062,1888500,Biogen,BIIB,USA
2016-04-12,265.0,268.6799926757812,262.2699890136719,267.6099853515625,267.6099853515625,1459100,Biogen,BIIB,USA
2016-04-13,269.2200012207031,272.7699890136719,267.3500061035156,271.7300109863281,271.7300109863281,1395000,Biogen,BIIB,USA
2016-04-14,270.7099914550781,272.0,269.0700073242188,270.5599975585938,270.5599975585938,910100,Biogen,BIIB,USA
2016-04-15,270.5599975585938,271.0700073242188,265.3099975585938,268.5,268.5,1685200,Biogen,BIIB,USA
2016-04-18,267.8500061035156,273.3699951171875,267.0400085449219,272.9200134277344,272.9200134277344,1541300,Biogen,BIIB,USA
2016-04-19,273.1000061035156,275.9800109863281,270.2300109863281,271.0,271.0,1397400,Biogen,BIIB,USA
2016-04-20,271.9200134277344,271.9200134277344,263.3099975585938,265.8900146484375,265.8900146484375,2522500,Biogen,BIIB,USA
2016-04-21,268.8399963378906,280.1300048828125,268.8399963378906,279.6000061035156,279.6000061035156,3153600,Biogen,BIIB,USA
2016-04-22,280.3999938964844,283.5400085449219,278.2099914550781,282.7000122070312,282.7000122070312,2355100,Biogen,BIIB,USA
2016-04-25,281.5700073242188,286.3200073242188,281.5599975585938,284.8500061035156,284.8500061035156,1663600,Biogen,BIIB,USA
2016-04-26,285.6300048828125,285.9500122070312,280.6700134277344,281.7000122070312,281.7000122070312,1473700,Biogen,BIIB,USA
2016-04-27,281.5700073242188,282.0,278.5199890136719,280.0599975585938,280.0599975585938,1099100,Biogen,BIIB,USA
2016-04-28,278.0,284.0499877929688,277.510009765625,281.0799865722656,281.0799865722656,1403300,Biogen,BIIB,USA
2016-04-29,278.239990234375,280.5299987792969,271.3999938964844,274.989990234375,274.989990234375,1941000,Biogen,BIIB,USA
2016-05-02,274.739990234375,274.989990234375,268.8800048828125,273.6900024414062,273.6900024414062,1359300,Biogen,BIIB,USA
2016-05-03,272.8200073242188,276.6099853515625,271.0899963378906,273.7099914550781,273.7099914550781,1603600,Biogen,BIIB,USA
2016-05-04,271.7000122070312,271.75,262.4400024414062,263.1199951171875,263.1199951171875,1788200,Biogen,BIIB,USA
2016-05-05,263.5799865722656,265.3999938964844,262.6300048828125,264.6199951171875,264.6199951171875,1105900,Biogen,BIIB,USA
2016-05-06,263.4700012207031,265.8699951171875,260.8900146484375,263.6099853515625,263.6099853515625,1202000,Biogen,BIIB,USA
2016-05-09,264.7200012207031,273.1400146484375,264.1000061035156,270.1700134277344,270.1700134277344,1425800,Biogen,BIIB,USA
2016-05-10,271.6400146484375,273.6099853515625,269.6000061035156,273.2699890136719,273.2699890136719,1031800,Biogen,BIIB,USA
2016-05-11,272.2200012207031,273.6099853515625,267.0,267.25,267.25,971500,Biogen,BIIB,USA
2016-05-12,268.25,270.5499877929688,259.5899963378906,262.7099914550781,262.7099914550781,1299300,Biogen,BIIB,USA
2016-05-13,261.4100036621094,264.9800109863281,260.1000061035156,262.0299987792969,262.0299987792969,997700,Biogen,BIIB,USA
2016-05-16,263.0299987792969,266.9500122070312,262.6000061035156,266.260009765625,266.260009765625,1306100,Biogen,BIIB,USA
2016-05-17,265.1499938964844,267.8900146484375,263.0799865722656,263.5199890136719,263.5199890136719,1161000,Biogen,BIIB,USA
2016-05-18,262.6499938964844,265.8200073242188,262.260009765625,264.2900085449219,264.2900085449219,1040800,Biogen,BIIB,USA
2016-05-19,262.7999877929688,264.7000122070312,256.4200134277344,258.7200012207031,258.7200012207031,1281200,Biogen,BIIB,USA
2016-05-20,259.3099975585938,265.5499877929688,259.0,263.6600036621094,263.6600036621094,1340400,Biogen,BIIB,USA
2016-05-23,263.7699890136719,267.1799926757812,263.1499938964844,264.8500061035156,264.8500061035156,848500,Biogen,BIIB,USA
2016-05-24,266.3299865722656,273.4200134277344,263.9400024414062,272.9400024414062,272.9400024414062,1560900,Biogen,BIIB,USA
2016-05-25,273.7300109863281,280.0700073242188,273.510009765625,279.7000122070312,279.7000122070312,1796300,Biogen,BIIB,USA
2016-05-26,279.5299987792969,284.2799987792969,279.0899963378906,282.0,282.0,1829400,Biogen,BIIB,USA
2016-05-27,282.0,284.25,280.6099853515625,282.7900085449219,282.7900085449219,1262400,Biogen,BIIB,USA
2016-05-31,285.0,291.6300048828125,284.6600036621094,289.7300109863281,289.7300109863281,2146500,Biogen,BIIB,USA
2016-06-01,287.9700012207031,289.9500122070312,286.1400146484375,286.8200073242188,286.8200073242188,1418400,Biogen,BIIB,USA
2016-06-02,286.8800048828125,289.9100036621094,286.5599975585938,289.7300109863281,289.7300109863281,1128200,Biogen,BIIB,USA
2016-06-03,289.510009765625,292.6900024414062,283.7900085449219,290.2300109863281,290.2300109863281,1473000,Biogen,BIIB,USA
2016-06-06,290.0,290.739990234375,285.2099914550781,289.8399963378906,289.8399963378906,1618700,Biogen,BIIB,USA
2016-06-07,264.4500122070312,264.7300109863281,250.8699951171875,252.8600006103516,252.8600006103516,8876400,Biogen,BIIB,USA
2016-06-08,255.0299987792969,256.7900085449219,251.4100036621094,254.1699981689453,254.1699981689453,3610400,Biogen,BIIB,USA
2016-06-09,253.1399993896484,256.1900024414062,249.5700073242188,250.4600067138672,250.4600067138672,2860200,Biogen,BIIB,USA
2016-06-10,248.1499938964844,249.0399932861328,244.0200042724609,246.1300048828125,246.1300048828125,2455300,Biogen,BIIB,USA
2016-06-13,245.7599945068359,248.3999938964844,244.0399932861328,244.3500061035156,244.3500061035156,1622700,Biogen,BIIB,USA
2016-06-14,243.3500061035156,245.0099945068359,240.1600036621094,241.6999969482422,241.6999969482422,1696700,Biogen,BIIB,USA
2016-06-15,242.3800048828125,242.9900054931641,238.5899963378906,238.9100036621094,238.9100036621094,2101600,Biogen,BIIB,USA
2016-06-16,236.9100036621094,243.3399963378906,236.5399932861328,242.1900024414062,242.1900024414062,1995500,Biogen,BIIB,USA
2016-06-17,242.2700042724609,242.2700042724609,238.1999969482422,238.2100067138672,238.2100067138672,2219500,Biogen,BIIB,USA
2016-06-20,241.0,242.5,237.1699981689453,237.3899993896484,237.3899993896484,1401100,Biogen,BIIB,USA
2016-06-21,238.0,238.9900054931641,232.9900054931641,233.0,233.0,1955900,Biogen,BIIB,USA
2016-06-22,233.6600036621094,238.4799957275391,232.1600036621094,234.6000061035156,234.6000061035156,2622400,Biogen,BIIB,USA
2016-06-23,237.1799926757812,238.7899932861328,235.7599945068359,238.6199951171875,238.6199951171875,1403000,Biogen,BIIB,USA
2016-06-24,232.0,235.3000030517578,229.0,229.0200042724609,229.0200042724609,2685000,Biogen,BIIB,USA
2016-06-27,227.0,229.5399932861328,223.0200042724609,224.6000061035156,224.6000061035156,2913900,Biogen,BIIB,USA
2016-06-28,225.6799926757812,229.75,225.6799926757812,228.5200042724609,228.5200042724609,2115700,Biogen,BIIB,USA
2016-06-29,232.8699951171875,239.8500061035156,232.0,238.9100036621094,238.9100036621094,2881200,Biogen,BIIB,USA
2016-06-30,239.3099975585938,241.8999938964844,236.6699981689453,241.8200073242188,241.8200073242188,2093200,Biogen,BIIB,USA
2016-07-01,242.5700073242188,246.5500030517578,241.5899963378906,245.0599975585938,245.0599975585938,1465500,Biogen,BIIB,USA
2016-07-05,244.6199951171875,244.8000030517578,240.0700073242188,242.0299987792969,242.0299987792969,1239300,Biogen,BIIB,USA
2016-07-06,241.6399993896484,247.8899993896484,240.7100067138672,247.4799957275391,247.4799957275391,1750900,Biogen,BIIB,USA
2016-07-07,247.2400054931641,249.6600036621094,245.2200012207031,247.2700042724609,247.2700042724609,1140400,Biogen,BIIB,USA
2016-07-08,248.6300048828125,251.7799987792969,246.1100006103516,251.3000030517578,251.3000030517578,1295600,Biogen,BIIB,USA
2016-07-11,253.25,255.1000061035156,251.1199951171875,252.5399932861328,252.5399932861328,1746600,Biogen,BIIB,USA
2016-07-12,253.7799987792969,254.8500061035156,251.2899932861328,253.3600006103516,253.3600006103516,1175100,Biogen,BIIB,USA
2016-07-13,254.2400054931641,254.2700042724609,250.8200073242188,251.1900024414062,251.1900024414062,1285400,Biogen,BIIB,USA
2016-07-14,253.3000030517578,253.8000030517578,250.0200042724609,252.8699951171875,252.8699951171875,1295400,Biogen,BIIB,USA
2016-07-15,254.1199951171875,260.4500122070312,253.8099975585938,260.2999877929688,260.2999877929688,2404900,Biogen,BIIB,USA
2016-07-18,260.0400085449219,262.7999877929688,257.4700012207031,261.5,261.5,2133000,Biogen,BIIB,USA
2016-07-19,260.9400024414062,262.489990234375,258.1600036621094,259.8200073242188,259.8200073242188,1094500,Biogen,BIIB,USA
2016-07-20,259.8699951171875,263.1600036621094,257.5700073242188,262.4100036621094,262.4100036621094,1830200,Biogen,BIIB,USA
2016-07-21,279.760009765625,282.5400085449219,274.2300109863281,282.4500122070312,282.4500122070312,5548000,Biogen,BIIB,USA
2016-07-22,282.0899963378906,290.9200134277344,281.3800048828125,287.7799987792969,287.7799987792969,3394600,Biogen,BIIB,USA
2016-07-25,287.8399963378906,290.5799865722656,285.0199890136719,287.3500061035156,287.3500061035156,1977700,Biogen,BIIB,USA
2016-07-26,286.0,289.9500122070312,285.4700012207031,287.0400085449219,287.0400085449219,1987100,Biogen,BIIB,USA
2016-07-27,286.8299865722656,288.7699890136719,286.0799865722656,288.3500061035156,288.3500061035156,1458200,Biogen,BIIB,USA
2016-07-28,288.6099853515625,289.9800109863281,285.0700073242188,289.0299987792969,289.0299987792969,1454500,Biogen,BIIB,USA
2016-07-29,288.8500061035156,290.4599914550781,286.7999877929688,289.9299926757812,289.9299926757812,1338500,Biogen,BIIB,USA
2016-08-01,300.0,307.5,299.0599975585938,301.8299865722656,301.8299865722656,3565600,Biogen,BIIB,USA
2016-08-02,302.8800048828125,333.6499938964844,297.6600036621094,330.1099853515625,330.1099853515625,7800000,Biogen,BIIB,USA
2016-08-03,321.7699890136719,324.2999877929688,310.0599975585938,321.3399963378906,321.3399963378906,6040500,Biogen,BIIB,USA
2016-08-04,320.1499938964844,320.4500122070312,314.010009765625,314.5599975585938,314.5599975585938,2002300,Biogen,BIIB,USA
2016-08-05,316.1600036621094,318.9100036621094,313.6900024414062,315.9599914550781,315.9599914550781,1358300,Biogen,BIIB,USA
2016-08-08,316.0199890136719,316.3500061035156,309.1600036621094,313.6499938964844,313.6499938964844,2136800,Biogen,BIIB,USA
2016-08-09,313.7200012207031,316.239990234375,311.7999877929688,314.4200134277344,314.4200134277344,1132200,Biogen,BIIB,USA
2016-08-10,315.0,315.0,307.1400146484375,308.8699951171875,308.8699951171875,1236300,Biogen,BIIB,USA
2016-08-11,309.4700012207031,316.25,309.4200134277344,314.489990234375,314.489990234375,1771100,Biogen,BIIB,USA
2016-08-12,311.989990234375,315.2300109863281,311.6499938964844,313.9400024414062,313.9400024414062,993800,Biogen,BIIB,USA
2016-08-15,313.3999938964844,315.0799865722656,310.010009765625,313.3900146484375,313.3900146484375,929800,Biogen,BIIB,USA
2016-08-16,313.2699890136719,316.6700134277344,312.6400146484375,313.4200134277344,313.4200134277344,946100,Biogen,BIIB,USA
2016-08-17,314.1700134277344,314.7099914550781,311.2900085449219,313.8200073242188,313.8200073242188,852600,Biogen,BIIB,USA
2016-08-18,313.5700073242188,313.760009765625,312.0,313.3800048828125,313.3800048828125,879000,Biogen,BIIB,USA
2016-08-19,313.6900024414062,319.8900146484375,312.3900146484375,316.8099975585938,316.8099975585938,1393500,Biogen,BIIB,USA
2016-08-22,316.1499938964844,320.8200073242188,315.1300048828125,316.8099975585938,316.8099975585938,1317300,Biogen,BIIB,USA
2016-08-23,316.8099975585938,322.989990234375,315.2799987792969,318.1700134277344,318.1700134277344,1429000,Biogen,BIIB,USA
2016-08-24,318.1799926757812,321.739990234375,306.7300109863281,309.3299865722656,309.3299865722656,1646500,Biogen,BIIB,USA
2016-08-25,309.0299987792969,311.9700012207031,301.0199890136719,306.8500061035156,306.8500061035156,1669800,Biogen,BIIB,USA
2016-08-26,307.2099914550781,310.739990234375,304.5599975585938,308.1700134277344,308.1700134277344,1124200,Biogen,BIIB,USA
2016-08-29,307.8699951171875,309.1400146484375,304.7900085449219,306.1300048828125,306.1300048828125,1045000,Biogen,BIIB,USA
2016-08-30,305.239990234375,309.0,305.0,307.8599853515625,307.8599853515625,1071000,Biogen,BIIB,USA
2016-08-31,307.6799926757812,308.6799926757812,304.2200012207031,305.6300048828125,305.6300048828125,1045000,Biogen,BIIB,USA
2016-09-01,307.9599914550781,309.25,305.0199890136719,306.0299987792969,306.0299987792969,1068000,Biogen,BIIB,USA
2016-09-02,311.8299865722656,318.8800048828125,308.6600036621094,313.5899963378906,313.5899963378906,2233900,Biogen,BIIB,USA
2016-09-06,310.4299926757812,316.4700012207031,309.1199951171875,310.6700134277344,310.6700134277344,1705400,Biogen,BIIB,USA
2016-09-07,309.9599914550781,313.7200012207031,309.9599914550781,312.2999877929688,312.2999877929688,1155600,Biogen,BIIB,USA
2016-09-08,311.3500061035156,312.4500122070312,307.4200134277344,307.7300109863281,307.7300109863281,1482300,Biogen,BIIB,USA
2016-09-09,304.6199951171875,305.4800109863281,296.0700073242188,296.1000061035156,296.1000061035156,1976200,Biogen,BIIB,USA
2016-09-12,294.1400146484375,303.8500061035156,293.8299865722656,302.6600036621094,302.6600036621094,1811000,Biogen,BIIB,USA
2016-09-13,300.25,300.760009765625,294.739990234375,297.4100036621094,297.4100036621094,1829300,Biogen,BIIB,USA
2016-09-14,298.3399963378906,304.1099853515625,298.2099914550781,299.7900085449219,299.7900085449219,1534200,Biogen,BIIB,USA
2016-09-15,300.0,304.4599914550781,298.010009765625,302.8200073242188,302.8200073242188,1271400,Biogen,BIIB,USA
2016-09-16,303.1499938964844,306.2900085449219,300.1700134277344,304.510009765625,304.510009765625,1874500,Biogen,BIIB,USA
2016-09-19,304.8299865722656,308.0,303.1700134277344,303.5,303.5,1108300,Biogen,BIIB,USA
2016-09-20,306.0599975585938,308.8599853515625,304.0,307.0499877929688,307.0499877929688,1100100,Biogen,BIIB,USA
2016-09-21,309.0,312.3900146484375,304.1099853515625,312.0,312.0,1527600,Biogen,BIIB,USA
2016-09-22,313.0700073242188,315.9800109863281,311.3699951171875,314.8099975585938,314.8099975585938,1378000,Biogen,BIIB,USA
2016-09-23,312.5799865722656,317.3200073242188,312.1099853515625,312.5799865722656,312.5799865722656,881600,Biogen,BIIB,USA
2016-09-26,311.7000122070312,312.0199890136719,308.6799926757812,309.8200073242188,309.8200073242188,924200,Biogen,BIIB,USA
2016-09-27,309.7799987792969,315.0,307.5,314.5299987792969,314.5299987792969,1104500,Biogen,BIIB,USA
2016-09-28,315.989990234375,315.989990234375,308.739990234375,310.5499877929688,310.5499877929688,1020100,Biogen,BIIB,USA
2016-09-29,310.1700134277344,312.4700012207031,304.0400085449219,305.7799987792969,305.7799987792969,1133900,Biogen,BIIB,USA
2016-09-30,306.5899963378906,314.3800048828125,306.0400085449219,313.0299987792969,313.0299987792969,2124800,Biogen,BIIB,USA
2016-10-03,313.0,313.0,308.8500061035156,311.5899963378906,311.5899963378906,1001200,Biogen,BIIB,USA
2016-10-04,311.9400024414062,314.0,309.8900146484375,311.4800109863281,311.4800109863281,914000,Biogen,BIIB,USA
2016-10-05,313.2699890136719,313.3200073242188,308.6000061035156,309.7000122070312,309.7000122070312,977300,Biogen,BIIB,USA
2016-10-06,308.2999877929688,309.8900146484375,303.9200134277344,305.989990234375,305.989990234375,865100,Biogen,BIIB,USA
2016-10-07,307.3099975585938,308.0,302.2099914550781,305.5899963378906,305.5899963378906,1526000,Biogen,BIIB,USA
2016-10-10,308.0,308.7000122070312,304.2699890136719,304.5899963378906,304.5899963378906,987200,Biogen,BIIB,USA
2016-10-11,304.1300048828125,304.5199890136719,296.3200073242188,298.2999877929688,298.2999877929688,1494600,Biogen,BIIB,USA
2016-10-12,298.2900085449219,299.1199951171875,291.489990234375,291.8800048828125,291.8800048828125,1823700,Biogen,BIIB,USA
2016-10-13,289.1900024414062,296.6199951171875,288.9100036621094,294.4100036621094,294.4100036621094,1571600,Biogen,BIIB,USA
2016-10-14,295.6300048828125,297.3399963378906,290.1300048828125,290.5,290.5,1149800,Biogen,BIIB,USA
2016-10-17,289.8900146484375,293.4200134277344,288.25,291.6700134277344,291.6700134277344,1209700,Biogen,BIIB,USA
2016-10-18,292.8699951171875,298.5700073242188,292.6300048828125,295.0499877929688,295.0499877929688,1153100,Biogen,BIIB,USA
2016-10-19,296.260009765625,296.5400085449219,292.489990234375,295.1400146484375,295.1400146484375,988200,Biogen,BIIB,USA
2016-10-20,293.8500061035156,300.3200073242188,293.7699890136719,299.6600036621094,299.6600036621094,1323700,Biogen,BIIB,USA
2016-10-21,299.0700073242188,299.0700073242188,289.7799987792969,290.6499938964844,290.6499938964844,1567500,Biogen,BIIB,USA
2016-10-24,292.2999877929688,293.3999938964844,290.0,290.7799987792969,290.7799987792969,1088200,Biogen,BIIB,USA
2016-10-25,290.8399963378906,291.0799865722656,285.2699890136719,286.0,286.0,1838300,Biogen,BIIB,USA
2016-10-26,294.9800109863281,301.3399963378906,291.2999877929688,296.4599914550781,296.4599914550781,2660100,Biogen,BIIB,USA
2016-10-27,298.0,300.7799987792969,290.510009765625,290.8900146484375,290.8900146484375,1554300,Biogen,BIIB,USA
2016-10-28,290.2900085449219,290.4700012207031,280.3399963378906,283.6400146484375,283.6400146484375,1884500,Biogen,BIIB,USA
2016-10-31,284.9100036621094,285.0,279.2300109863281,280.1799926757812,280.1799926757812,1448900,Biogen,BIIB,USA
2016-11-01,280.0299987792969,285.1799926757812,279.5299987792969,282.5599975585938,282.5599975585938,1371500,Biogen,BIIB,USA
2016-11-02,282.3099975585938,282.3099975585938,277.0899963378906,277.260009765625,277.260009765625,1081900,Biogen,BIIB,USA
2016-11-03,277.6499938964844,278.5700073242188,272.9800109863281,273.489990234375,273.489990234375,1407900,Biogen,BIIB,USA
2016-11-04,269.3900146484375,279.9299926757812,268.0,277.0,277.0,1307600,Biogen,BIIB,USA
2016-11-07,290.6400146484375,297.2699890136719,289.2300109863281,295.6199951171875,295.6199951171875,2190000,Biogen,BIIB,USA
2016-11-08,295.2000122070312,299.0700073242188,292.5499877929688,295.6000061035156,295.6000061035156,1031000,Biogen,BIIB,USA
2016-11-09,312.0,328.9800109863281,309.6799926757812,319.8599853515625,319.8599853515625,4271700,Biogen,BIIB,USA
2016-11-10,321.9500122070312,329.8299865722656,319.489990234375,324.3999938964844,324.3999938964844,2665700,Biogen,BIIB,USA
2016-11-11,320.2900085449219,322.6400146484375,314.4700012207031,319.1799926757812,319.1799926757812,1619500,Biogen,BIIB,USA
2016-11-14,319.7300109863281,324.8299865722656,317.5400085449219,321.489990234375,321.489990234375,1567900,Biogen,BIIB,USA
2016-11-15,321.5499877929688,323.1499938964844,314.6099853515625,322.5799865722656,322.5799865722656,1685100,Biogen,BIIB,USA
2016-11-16,323.1499938964844,325.2999877929688,317.3900146484375,317.6499938964844,317.6499938964844,1218100,Biogen,BIIB,USA
2016-11-17,318.2300109863281,320.239990234375,315.3500061035156,319.2999877929688,319.2999877929688,1459500,Biogen,BIIB,USA
2016-11-18,318.8599853515625,321.0,313.3099975585938,317.0,317.0,1298400,Biogen,BIIB,USA
2016-11-21,318.3599853515625,320.3099975585938,316.5199890136719,318.3200073242188,318.3200073242188,1331100,Biogen,BIIB,USA
2016-11-22,320.7900085449219,321.0,314.0199890136719,318.1099853515625,318.1099853515625,1522200,Biogen,BIIB,USA
2016-11-23,293.8200073242188,308.8800048828125,293.7999877929688,305.9299926757812,305.9299926757812,5377500,Biogen,BIIB,USA
2016-11-25,306.4599914550781,307.1499938964844,302.3900146484375,305.2000122070312,305.2000122070312,740900,Biogen,BIIB,USA
2016-11-28,304.3599853515625,305.8399963378906,301.2999877929688,303.7799987792969,303.7799987792969,1247900,Biogen,BIIB,USA
2016-11-29,304.7300109863281,307.4200134277344,302.5299987792969,302.7699890136719,302.7699890136719,1389500,Biogen,BIIB,USA
2016-11-30,303.3399963378906,304.2999877929688,293.9500122070312,294.0700073242188,294.0700073242188,2164900,Biogen,BIIB,USA
2016-12-01,296.3200073242188,296.6499938964844,293.1099853515625,295.7799987792969,295.7799987792969,1684800,Biogen,BIIB,USA
2016-12-02,296.5299987792969,299.9500122070312,293.0400085449219,297.1900024414062,297.1900024414062,1429400,Biogen,BIIB,USA
2016-12-05,298.9400024414062,299.8900146484375,289.4800109863281,290.2200012207031,290.2200012207031,1870700,Biogen,BIIB,USA
2016-12-06,291.75,294.4500122070312,290.0,291.1600036621094,291.1600036621094,1572600,Biogen,BIIB,USA
2016-12-07,285.5,288.9700012207031,280.5,285.2999877929688,285.2999877929688,1967400,Biogen,BIIB,USA
2016-12-08,285.7999877929688,292.9700012207031,278.5799865722656,289.5400085449219,289.5400085449219,4771300,Biogen,BIIB,USA
2016-12-09,305.239990234375,306.9800109863281,281.7900085449219,287.7699890136719,287.7699890136719,6257700,Biogen,BIIB,USA
2016-12-12,289.2000122070312,290.9500122070312,284.0700073242188,286.489990234375,286.489990234375,1776200,Biogen,BIIB,USA
2016-12-13,286.75,289.5,284.8099975585938,287.3800048828125,287.3800048828125,1596200,Biogen,BIIB,USA
2016-12-14,288.2099914550781,289.9599914550781,285.239990234375,286.25,286.25,1299300,Biogen,BIIB,USA
2016-12-15,287.1600036621094,288.5299987792969,285.0199890136719,286.9700012207031,286.9700012207031,1706500,Biogen,BIIB,USA
2016-12-16,287.6199951171875,289.0899963378906,286.0,286.3999938964844,286.3999938964844,2273200,Biogen,BIIB,USA
2016-12-19,286.5899963378906,290.510009765625,272.9599914550781,278.7699890136719,278.7699890136719,2553500,Biogen,BIIB,USA
2016-12-20,280.9800109863281,286.6700134277344,279.1300048828125,285.5899963378906,285.5899963378906,2219600,Biogen,BIIB,USA
2016-12-21,285.0599975585938,285.6499938964844,281.0,283.1099853515625,283.1099853515625,1377800,Biogen,BIIB,USA
2016-12-22,281.8299865722656,283.1700134277344,280.0199890136719,283.0700073242188,283.0700073242188,1061800,Biogen,BIIB,USA
2016-12-23,283.0499877929688,288.3800048828125,281.8099975585938,287.5299987792969,287.5299987792969,1118100,Biogen,BIIB,USA
2016-12-27,295.1700134277344,296.3800048828125,290.75,291.1199951171875,291.1199951171875,1453100,Biogen,BIIB,USA
2016-12-28,291.989990234375,292.1099853515625,288.5,289.25,289.25,1036200,Biogen,BIIB,USA
2016-12-29,288.9599914550781,290.4100036621094,285.2300109863281,287.0299987792969,287.0299987792969,1120900,Biogen,BIIB,USA
2016-12-30,287.7900085449219,288.5599975585938,282.6400146484375,283.5799865722656,283.5799865722656,1327200,Biogen,BIIB,USA
2017-01-03,285.8200073242188,293.2000122070312,284.8599853515625,291.7099914550781,291.7099914550781,1763400,Biogen,BIIB,USA
2017-01-04,291.5899963378906,296.8299865722656,290.0400085449219,294.0499877929688,294.0499877929688,1273500,Biogen,BIIB,USA
2017-01-05,294.8099975585938,296.3200073242188,292.2200012207031,293.5700073242188,293.5700073242188,1318600,Biogen,BIIB,USA
2017-01-06,294.5899963378906,296.4100036621094,292.3900146484375,295.0,295.0,1082500,Biogen,BIIB,USA
2017-01-09,295.3900146484375,300.0,294.4100036621094,299.0199890136719,299.0199890136719,1430500,Biogen,BIIB,USA
2017-01-10,300.4200134277344,301.4200134277344,296.4299926757812,297.7900085449219,297.7900085449219,1408400,Biogen,BIIB,USA
2017-01-11,296.9500122070312,297.8999938964844,285.0,287.1099853515625,287.1099853515625,2450500,Biogen,BIIB,USA
2017-01-12,286.6099853515625,288.989990234375,285.0400085449219,287.7699890136719,287.7699890136719,1354700,Biogen,BIIB,USA
2017-01-13,288.0700073242188,289.8599853515625,284.25,284.75,284.75,1711500,Biogen,BIIB,USA
2017-01-17,284.2799987792969,286.3500061035156,281.0799865722656,283.010009765625,283.010009765625,1971100,Biogen,BIIB,USA
2017-01-18,284.7900085449219,286.1600036621094,282.8699951171875,283.6099853515625,283.6099853515625,1079700,Biogen,BIIB,USA
2017-01-19,282.739990234375,284.8399963378906,279.2300109863281,280.3500061035156,280.3500061035156,1421500,Biogen,BIIB,USA
2017-01-20,282.0700073242188,282.5599975585938,279.4100036621094,280.6600036621094,280.6600036621094,1979100,Biogen,BIIB,USA
2017-01-23,280.3500061035156,282.7200012207031,275.489990234375,276.0199890136719,276.0199890136719,1858000,Biogen,BIIB,USA
2017-01-24,275.739990234375,278.3999938964844,271.4700012207031,273.8200073242188,273.8200073242188,1975200,Biogen,BIIB,USA
2017-01-25,274.5400085449219,277.7799987792969,271.4299926757812,273.239990234375,273.239990234375,2506100,Biogen,BIIB,USA
2017-01-26,278.0,285.7799987792969,277.0,278.8900146484375,278.8900146484375,2419000,Biogen,BIIB,USA
2017-01-27,280.4599914550781,281.9800109863281,277.2900085449219,278.2099914550781,278.2099914550781,1353400,Biogen,BIIB,USA
2017-01-30,278.2699890136719,278.8999938964844,274.2200012207031,276.0599975585938,276.0599975585938,1300300,Biogen,BIIB,USA
2017-01-31,275.010009765625,278.0,271.8999938964844,277.239990234375,277.239990234375,1856400,Biogen,BIIB,USA
2017-02-01,278.9800109863281,282.0700073242188,277.510009765625,281.6900024414062,281.6900024414062,1699500,Biogen,BIIB,USA
2017-02-02,263.760009765625,264.5199890136719,260.5,264.2300109863281,264.2300109863281,2733900,Biogen,BIIB,USA
2017-02-03,264.9800109863281,266.0,261.760009765625,264.6700134277344,264.6700134277344,1537500,Biogen,BIIB,USA
2017-02-06,264.4599914550781,265.7300109863281,263.1799926757812,264.9100036621094,264.9100036621094,1619100,Biogen,BIIB,USA
2017-02-07,269.4700012207031,269.6700134277344,264.5599975585938,266.1099853515625,266.1099853515625,1546900,Biogen,BIIB,USA
2017-02-08,265.4299926757812,269.010009765625,265.4299926757812,268.739990234375,268.739990234375,1922600,Biogen,BIIB,USA
2017-02-09,268.239990234375,271.1600036621094,267.739990234375,270.4400024414062,270.4400024414062,1399100,Biogen,BIIB,USA
2017-02-10,270.6799926757812,276.4100036621094,269.9800109863281,274.760009765625,274.760009765625,1648900,Biogen,BIIB,USA
2017-02-13,276.2799987792969,279.760009765625,275.1600036621094,278.9100036621094,278.9100036621094,1795500,Biogen,BIIB,USA
2017-02-14,279.8599853515625,286.0599975585938,279.010009765625,285.1400146484375,285.1400146484375,2404500,Biogen,BIIB,USA
2017-02-15,284.5700073242188,292.8900146484375,284.239990234375,292.6400146484375,292.6400146484375,2601200,Biogen,BIIB,USA
2017-02-16,292.5,293.9800109863281,287.760009765625,290.1300048828125,290.1300048828125,1834900,Biogen,BIIB,USA
2017-02-17,290.0,291.8999938964844,287.760009765625,288.9400024414062,288.9400024414062,2022900,Biogen,BIIB,USA
2017-02-21,289.1600036621094,289.9100036621094,286.2200012207031,286.8999938964844,286.8999938964844,1471200,Biogen,BIIB,USA
2017-02-22,287.75,289.4299926757812,285.2200012207031,287.6300048828125,287.6300048828125,1046000,Biogen,BIIB,USA
2017-02-23,287.75,288.1099853515625,283.3599853515625,284.75,284.75,1418900,Biogen,BIIB,USA
2017-02-24,285.010009765625,285.8099975585938,266.0,285.1300048828125,285.1300048828125,1768500,Biogen,BIIB,USA
2017-02-27,285.3900146484375,291.25,284.2699890136719,291.1300048828125,291.1300048828125,1295100,Biogen,BIIB,USA
2017-02-28,290.1300048828125,291.4200134277344,287.1900024414062,288.6000061035156,288.6000061035156,1251300,Biogen,BIIB,USA
2017-03-01,290.0700073242188,294.1700134277344,289.1400146484375,293.260009765625,293.260009765625,1319700,Biogen,BIIB,USA
2017-03-02,293.6400146484375,296.9299926757812,291.0,293.5899963378906,293.5899963378906,1282400,Biogen,BIIB,USA
2017-03-03,293.1199951171875,298.0,293.1199951171875,297.8500061035156,297.8500061035156,1170700,Biogen,BIIB,USA
2017-03-06,297.0899963378906,297.8999938964844,294.3999938964844,295.6600036621094,295.6600036621094,1395600,Biogen,BIIB,USA
2017-03-07,293.8900146484375,293.8900146484375,290.6700134277344,291.1000061035156,291.1000061035156,1298400,Biogen,BIIB,USA
2017-03-08,290.1799926757812,294.8200073242188,288.7200012207031,294.0899963378906,294.0899963378906,1243600,Biogen,BIIB,USA
2017-03-09,291.2699890136719,294.9200134277344,290.4400024414062,293.0599975585938,293.0599975585938,1281200,Biogen,BIIB,USA
2017-03-10,293.3099975585938,293.8999938964844,289.4500122070312,292.239990234375,292.239990234375,1303700,Biogen,BIIB,USA
2017-03-13,291.5499877929688,293.8500061035156,290.1499938964844,292.9500122070312,292.9500122070312,1291500,Biogen,BIIB,USA
2017-03-14,292.2699890136719,293.3900146484375,290.1799926757812,292.4700012207031,292.4700012207031,797700,Biogen,BIIB,USA
2017-03-15,293.1400146484375,294.5599975585938,289.3900146484375,292.6400146484375,292.6400146484375,1376000,Biogen,BIIB,USA
2017-03-16,285.010009765625,285.4299926757812,275.7000122070312,278.9599914550781,278.9599914550781,3870900,Biogen,BIIB,USA
2017-03-17,276.0700073242188,280.6099853515625,274.6099853515625,276.0899963378906,276.0899963378906,3140200,Biogen,BIIB,USA
2017-03-20,276.8599853515625,278.6099853515625,272.9700012207031,274.7999877929688,274.7999877929688,1666900,Biogen,BIIB,USA
2017-03-21,276.3999938964844,284.7099914550781,274.5400085449219,275.7900085449219,275.7900085449219,3841600,Biogen,BIIB,USA
2017-03-22,276.4299926757812,278.5400085449219,274.9299926757812,277.8699951171875,277.8699951171875,1333600,Biogen,BIIB,USA
2017-03-23,277.0299987792969,279.3900146484375,274.6900024414062,275.4100036621094,275.4100036621094,1605000,Biogen,BIIB,USA
2017-03-24,277.0799865722656,278.1000061035156,272.8699951171875,274.8200073242188,274.8200073242188,1368200,Biogen,BIIB,USA
2017-03-27,272.5499877929688,276.7099914550781,272.3399963378906,275.2300109863281,275.2300109863281,1132900,Biogen,BIIB,USA
2017-03-28,275.5899963378906,276.7099914550781,272.5,274.1099853515625,274.1099853515625,1149400,Biogen,BIIB,USA
2017-03-29,273.9100036621094,273.9100036621094,268.2000122070312,268.5299987792969,268.5299987792969,2632200,Biogen,BIIB,USA
2017-03-30,268.6900024414062,270.0700073242188,267.739990234375,269.0599975585938,269.0599975585938,1448700,Biogen,BIIB,USA
2017-03-31,269.2999877929688,275.0,268.0199890136719,273.4200134277344,273.4200134277344,2747400,Biogen,BIIB,USA
2017-04-03,274.0799865722656,274.7900085449219,271.2900085449219,272.6900024414062,272.6900024414062,1589000,Biogen,BIIB,USA
2017-04-04,273.0,274.7300109863281,272.5700073242188,274.239990234375,274.239990234375,1086200,Biogen,BIIB,USA
2017-04-05,274.4800109863281,274.6499938964844,270.0700073242188,270.4400024414062,270.4400024414062,1340200,Biogen,BIIB,USA
2017-04-06,270.1400146484375,272.6000061035156,269.3399963378906,270.9400024414062,270.9400024414062,1622600,Biogen,BIIB,USA
2017-04-07,270.6000061035156,270.8399963378906,267.3200073242188,268.7300109863281,268.7300109863281,1677600,Biogen,BIIB,USA
2017-04-10,268.6799926757812,270.3999938964844,268.1400146484375,269.2999877929688,269.2999877929688,861000,Biogen,BIIB,USA
2017-04-11,269.0799865722656,270.0,267.1000061035156,268.6499938964844,268.6499938964844,1247200,Biogen,BIIB,USA
2017-04-12,270.3699951171875,270.6400146484375,267.7699890136719,268.9200134277344,268.9200134277344,1058100,Biogen,BIIB,USA
2017-04-13,269.0899963378906,273.1400146484375,267.510009765625,271.8800048828125,271.8800048828125,1173800,Biogen,BIIB,USA
2017-04-17,271.5,274.6400146484375,271.0,274.0499877929688,274.0499877929688,1025800,Biogen,BIIB,USA
2017-04-18,273.9299926757812,275.1799926757812,269.7200012207031,271.1600036621094,271.1600036621094,1379500,Biogen,BIIB,USA
2017-04-19,272.7200012207031,274.0,271.0799865722656,271.9400024414062,271.9400024414062,1190300,Biogen,BIIB,USA
2017-04-20,272.2000122070312,273.6300048828125,270.7799987792969,272.4599914550781,272.4599914550781,981200,Biogen,BIIB,USA
2017-04-21,272.7200012207031,274.8999938964844,271.6199951171875,272.9400024414062,272.9400024414062,1127600,Biogen,BIIB,USA
2017-04-24,274.9299926757812,278.6900024414062,274.6099853515625,276.8599853515625,276.8599853515625,2007300,Biogen,BIIB,USA
2017-04-25,290.0,291.8999938964844,285.8999938964844,286.8900146484375,286.8900146484375,3126300,Biogen,BIIB,USA
2017-04-26,285.2799987792969,286.6199951171875,279.5700073242188,279.9800109863281,279.9800109863281,2146700,Biogen,BIIB,USA
2017-04-27,279.5700073242188,281.2200012207031,275.6000061035156,276.5700073242188,276.5700073242188,2268500,Biogen,BIIB,USA
2017-04-28,277.0899963378906,277.2799987792969,271.0599975585938,271.2099914550781,271.2099914550781,1803400,Biogen,BIIB,USA
2017-05-01,271.3500061035156,273.8099975585938,270.5,271.0299987792969,271.0299987792969,1151100,Biogen,BIIB,USA
2017-05-02,271.510009765625,273.25,269.7200012207031,271.3399963378906,271.3399963378906,1384300,Biogen,BIIB,USA
2017-05-03,271.4400024414062,272.5,270.0899963378906,271.3599853515625,271.3599853515625,929000,Biogen,BIIB,USA
2017-05-04,271.1300048828125,272.5299987792969,267.6099853515625,268.6000061035156,268.6000061035156,1143400,Biogen,BIIB,USA
2017-05-05,268.3200073242188,269.5,261.0,262.1499938964844,262.1499938964844,1914100,Biogen,BIIB,USA
2017-05-08,262.5199890136719,263.6000061035156,259.989990234375,260.4200134277344,260.4200134277344,1985500,Biogen,BIIB,USA
2017-05-09,260.989990234375,263.6600036621094,260.2799987792969,261.2799987792969,261.2799987792969,1159200,Biogen,BIIB,USA
2017-05-10,260.6300048828125,262.2999877929688,257.0199890136719,257.9200134277344,257.9200134277344,1503600,Biogen,BIIB,USA
2017-05-11,257.2699890136719,258.1900024414062,252.6900024414062,254.1499938964844,254.1499938964844,1850600,Biogen,BIIB,USA
2017-05-12,255.4100036621094,256.2999877929688,253.3000030517578,254.8399963378906,254.8399963378906,1119800,Biogen,BIIB,USA
2017-05-15,253.9700012207031,259.9500122070312,253.9700012207031,258.5299987792969,258.5299987792969,1653600,Biogen,BIIB,USA
2017-05-16,259.4400024414062,260.6199951171875,256.6000061035156,257.6400146484375,257.6400146484375,1049700,Biogen,BIIB,USA
2017-05-17,255.3800048828125,256.1400146484375,251.1699981689453,251.3399963378906,251.3399963378906,1413500,Biogen,BIIB,USA
2017-05-18,252.2299957275391,254.1499938964844,251.5899963378906,252.8099975585938,252.8099975585938,1242600,Biogen,BIIB,USA
2017-05-19,253.4100036621094,254.8200073242188,249.7100067138672,250.0899963378906,250.0899963378906,1989800,Biogen,BIIB,USA
2017-05-22,250.6900024414062,251.0,249.0099945068359,250.0399932861328,250.0399932861328,1331200,Biogen,BIIB,USA
2017-05-23,250.9700012207031,250.9700012207031,247.9700012207031,248.1000061035156,248.1000061035156,1006000,Biogen,BIIB,USA
2017-05-24,249.3000030517578,254.3699951171875,246.1199951171875,253.3300018310547,253.3300018310547,2225100,Biogen,BIIB,USA
2017-05-25,252.6499938964844,254.4499969482422,252.0,252.9700012207031,252.9700012207031,1552300,Biogen,BIIB,USA
2017-05-26,252.5899963378906,253.6199951171875,250.5099945068359,250.8000030517578,250.8000030517578,833100,Biogen,BIIB,USA
2017-05-30,250.3999938964844,251.5500030517578,246.3399963378906,246.5399932861328,246.5399932861328,1366800,Biogen,BIIB,USA
2017-05-31,247.3099975585938,247.9799957275391,244.2799987792969,247.7700042724609,247.7700042724609,1893500,Biogen,BIIB,USA
2017-06-01,250.0299987792969,253.1100006103516,248.6100006103516,252.3800048828125,252.3800048828125,1548100,Biogen,BIIB,USA
2017-06-02,252.9799957275391,258.260009765625,252.1399993896484,256.6499938964844,256.6499938964844,1731800,Biogen,BIIB,USA
2017-06-05,257.3699951171875,259.239990234375,255.7299957275391,258.5,258.5,1579600,Biogen,BIIB,USA
2017-06-06,257.0599975585938,258.2999877929688,254.9600067138672,257.1600036621094,257.1600036621094,1080700,Biogen,BIIB,USA
2017-06-07,257.7099914550781,258.5700073242188,255.1100006103516,255.4299926757812,255.4299926757812,1153200,Biogen,BIIB,USA
2017-06-08,255.25,258.1099853515625,254.5200042724609,257.1700134277344,257.1700134277344,1141200,Biogen,BIIB,USA
2017-06-09,256.3099975585938,262.3699951171875,254.8699951171875,259.8900146484375,259.8900146484375,1575900,Biogen,BIIB,USA
2017-06-12,260.2300109863281,265.4800109863281,259.5700073242188,262.1099853515625,262.1099853515625,1576700,Biogen,BIIB,USA
2017-06-13,261.9700012207031,262.1199951171875,259.5499877929688,261.4200134277344,261.4200134277344,1312400,Biogen,BIIB,USA
2017-06-14,255.5599975585938,257.3800048828125,250.8800048828125,253.3699951171875,253.3699951171875,3067600,Biogen,BIIB,USA
2017-06-15,253.6000061035156,255.7599945068359,253.1499938964844,255.0200042724609,255.0200042724609,1443700,Biogen,BIIB,USA
2017-06-16,255.4900054931641,256.7699890136719,250.8899993896484,251.7400054931641,251.7400054931641,2427200,Biogen,BIIB,USA
2017-06-19,253.2299957275391,262.2799987792969,252.9400024414062,260.5400085449219,260.5400085449219,1956200,Biogen,BIIB,USA
2017-06-20,260.8200073242188,269.0,259.6099853515625,266.0,266.0,2250200,Biogen,BIIB,USA
2017-06-21,266.1099853515625,279.8099975585938,266.1099853515625,278.6000061035156,278.6000061035156,3158500,Biogen,BIIB,USA
2017-06-22,279.8599853515625,284.2099914550781,278.2999877929688,280.5700073242188,280.5700073242188,2838900,Biogen,BIIB,USA
2017-06-23,282.3299865722656,284.4599914550781,277.5799865722656,280.3200073242188,280.3200073242188,2439600,Biogen,BIIB,USA
2017-06-26,281.739990234375,282.8900146484375,277.6400146484375,279.8099975585938,279.8099975585938,1279500,Biogen,BIIB,USA
2017-06-27,279.0,279.3999938964844,271.2000122070312,271.25,271.25,1731500,Biogen,BIIB,USA
2017-06-28,271.25,275.510009765625,269.0899963378906,274.6400146484375,274.6400146484375,1171900,Biogen,BIIB,USA
2017-06-29,275.0,275.2000122070312,268.9100036621094,271.8800048828125,271.8800048828125,1035300,Biogen,BIIB,USA
2017-06-30,273.7000122070312,276.0899963378906,269.5799865722656,271.3599853515625,271.3599853515625,1373000,Biogen,BIIB,USA
2017-07-03,272.6199951171875,275.1099853515625,272.1199951171875,272.5199890136719,272.5199890136719,612500,Biogen,BIIB,USA
2017-07-05,272.9700012207031,278.3699951171875,272.6099853515625,277.7099914550781,277.7099914550781,1326300,Biogen,BIIB,USA
2017-07-06,275.5700073242188,276.8900146484375,271.0,271.9599914550781,271.9599914550781,1309700,Biogen,BIIB,USA
2017-07-07,271.8999938964844,274.8599853515625,270.7999877929688,273.9299926757812,273.9299926757812,906300,Biogen,BIIB,USA
2017-07-10,273.5,274.0799865722656,270.3099975585938,273.5799865722656,273.5799865722656,942200,Biogen,BIIB,USA
2017-07-11,273.1000061035156,274.1000061035156,269.5,271.760009765625,271.760009765625,922700,Biogen,BIIB,USA
2017-07-12,274.1499938964844,276.4500122070312,272.3299865722656,275.0799865722656,275.0799865722656,1406500,Biogen,BIIB,USA
2017-07-13,276.0400085449219,280.75,272.6099853515625,278.3599853515625,278.3599853515625,1422500,Biogen,BIIB,USA
2017-07-14,279.739990234375,281.3399963378906,277.7699890136719,280.8099975585938,280.8099975585938,921000,Biogen,BIIB,USA
2017-07-17,280.1000061035156,284.3099975585938,279.510009765625,282.6499938964844,282.6499938964844,1531200,Biogen,BIIB,USA
2017-07-18,283.010009765625,283.6799926757812,280.3099975585938,282.6000061035156,282.6000061035156,1126700,Biogen,BIIB,USA
2017-07-19,283.5199890136719,285.8399963378906,280.510009765625,281.9500122070312,281.9500122070312,1103500,Biogen,BIIB,USA
2017-07-20,282.1799926757812,284.3200073242188,280.75,281.4400024414062,281.4400024414062,1049200,Biogen,BIIB,USA
2017-07-21,280.25,283.0,280.0199890136719,282.9200134277344,282.9200134277344,985400,Biogen,BIIB,USA
2017-07-24,283.0,285.3500061035156,280.010009765625,284.7000122070312,284.7000122070312,1476200,Biogen,BIIB,USA
2017-07-25,290.010009765625,291.9100036621094,280.239990234375,282.9599914550781,282.9599914550781,3110000,Biogen,BIIB,USA
2017-07-26,288.5499877929688,296.9500122070312,285.0199890136719,295.6099853515625,295.6099853515625,3014600,Biogen,BIIB,USA
2017-07-27,295.1400146484375,296.7999877929688,285.0299987792969,287.9500122070312,287.9500122070312,1721500,Biogen,BIIB,USA
2017-07-28,287.4800109863281,289.2999877929688,284.0,287.4400024414062,287.4400024414062,869200,Biogen,BIIB,USA
2017-07-31,287.6000061035156,290.9599914550781,287.5899963378906,289.5899963378906,289.5899963378906,1272200,Biogen,BIIB,USA
2017-08-01,290.7999877929688,291.8599853515625,289.5499877929688,291.1499938964844,291.1499938964844,1195400,Biogen,BIIB,USA
2017-08-02,290.1499938964844,291.6199951171875,287.1700134277344,288.0,288.0,1279400,Biogen,BIIB,USA
2017-08-03,288.8500061035156,289.010009765625,285.0,286.0899963378906,286.0899963378906,882800,Biogen,BIIB,USA
2017-08-04,286.8900146484375,288.6300048828125,284.4500122070312,288.2699890136719,288.2699890136719,746000,Biogen,BIIB,USA
2017-08-07,289.1799926757812,291.1700134277344,288.1700134277344,291.010009765625,291.010009765625,1035600,Biogen,BIIB,USA
2017-08-08,291.1799926757812,291.7000122070312,288.5,289.260009765625,289.260009765625,931200,Biogen,BIIB,USA
2017-08-09,285.7900085449219,289.4700012207031,285.7300109863281,288.739990234375,288.739990234375,777500,Biogen,BIIB,USA
2017-08-10,286.7200012207031,287.1099853515625,280.8800048828125,281.1499938964844,281.1499938964844,1378000,Biogen,BIIB,USA
2017-08-11,282.3999938964844,285.8999938964844,281.2900085449219,283.6799926757812,283.6799926757812,727200,Biogen,BIIB,USA
2017-08-14,285.0799865722656,286.5799865722656,284.0,286.0499877929688,286.0499877929688,786800,Biogen,BIIB,USA
2017-08-15,287.1000061035156,289.7099914550781,285.510009765625,287.9200134277344,287.9200134277344,861700,Biogen,BIIB,USA
2017-08-16,291.1600036621094,296.9100036621094,290.2900085449219,294.0799865722656,294.0799865722656,1684300,Biogen,BIIB,USA
2017-08-17,293.0700073242188,294.0,284.2900085449219,284.4200134277344,284.4200134277344,1590600,Biogen,BIIB,USA
2017-08-18,283.3099975585938,285.6700134277344,281.6499938964844,281.7699890136719,281.7699890136719,814100,Biogen,BIIB,USA
2017-08-21,280.9500122070312,284.0499877929688,280.6000061035156,283.1499938964844,283.1499938964844,850300,Biogen,BIIB,USA
2017-08-22,284.1300048828125,288.1499938964844,283.1099853515625,286.7200012207031,286.7200012207031,945000,Biogen,BIIB,USA
2017-08-23,286.0,286.0,282.260009765625,282.6400146484375,282.6400146484375,1047400,Biogen,BIIB,USA
2017-08-24,283.6600036621094,285.7999877929688,281.7999877929688,285.4500122070312,285.4500122070312,801500,Biogen,BIIB,USA
2017-08-25,287.3099975585938,289.8500061035156,284.8900146484375,285.0599975585938,285.0599975585938,900500,Biogen,BIIB,USA
2017-08-28,288.1199951171875,295.5,287.0,292.2999877929688,292.2999877929688,1447800,Biogen,BIIB,USA
2017-08-29,289.3599853515625,293.7999877929688,289.3599853515625,293.5799865722656,293.5799865722656,903300,Biogen,BIIB,USA
2017-08-30,291.4599914550781,305.489990234375,291.4599914550781,303.75,303.75,1916800,Biogen,BIIB,USA
2017-08-31,304.5899963378906,316.8500061035156,304.1900024414062,316.5599975585938,316.5599975585938,2503600,Biogen,BIIB,USA
2017-09-01,317.1600036621094,322.1199951171875,313.6799926757812,321.010009765625,321.010009765625,2083900,Biogen,BIIB,USA
2017-09-05,318.6300048828125,319.8200073242188,312.5400085449219,315.8299865722656,315.8299865722656,1660500,Biogen,BIIB,USA
2017-09-06,317.4800109863281,321.8999938964844,314.2799987792969,317.3599853515625,317.3599853515625,1535300,Biogen,BIIB,USA
2017-09-07,317.3599853515625,325.7699890136719,315.0,323.8999938964844,323.8999938964844,1571600,Biogen,BIIB,USA
2017-09-08,326.7300109863281,329.8399963378906,323.6900024414062,326.3299865722656,326.3299865722656,1429800,Biogen,BIIB,USA
2017-09-11,329.6000061035156,329.9500122070312,322.8200073242188,326.5400085449219,326.5400085449219,1301300,Biogen,BIIB,USA
2017-09-12,326.8200073242188,329.8200073242188,324.4400024414062,329.6900024414062,329.6900024414062,1045600,Biogen,BIIB,USA
2017-09-13,329.5700073242188,330.0,323.3999938964844,324.0499877929688,324.0499877929688,1160900,Biogen,BIIB,USA
2017-09-14,323.0700073242188,326.2000122070312,319.5899963378906,323.6600036621094,323.6600036621094,1136400,Biogen,BIIB,USA
2017-09-15,324.9100036621094,325.989990234375,320.3699951171875,321.260009765625,321.260009765625,2235400,Biogen,BIIB,USA
2017-09-18,321.5,321.8099975585938,317.6000061035156,318.1799926757812,318.1799926757812,1001800,Biogen,BIIB,USA
2017-09-19,318.4299926757812,319.4400024414062,316.4599914550781,317.9299926757812,317.9299926757812,779300,Biogen,BIIB,USA
2017-09-20,318.6099853515625,321.6000061035156,316.5199890136719,319.0,319.0,849500,Biogen,BIIB,USA
2017-09-21,316.3900146484375,317.9599914550781,314.4400024414062,315.0299987792969,315.0299987792969,934700,Biogen,BIIB,USA
2017-09-22,311.2999877929688,319.3399963378906,311.2999877929688,318.4599914550781,318.4599914550781,988100,Biogen,BIIB,USA
2017-09-25,318.2799987792969,321.5,316.9599914550781,317.510009765625,317.510009765625,1284600,Biogen,BIIB,USA
2017-09-26,318.2099914550781,320.5,314.0,317.0599975585938,317.0599975585938,944300,Biogen,BIIB,USA
2017-09-27,318.5700073242188,318.75,311.7300109863281,312.7999877929688,312.7999877929688,1086400,Biogen,BIIB,USA
2017-09-28,312.75,314.5700073242188,308.8800048828125,310.0,310.0,957200,Biogen,BIIB,USA
2017-09-29,309.0899963378906,313.6000061035156,303.0,313.1199951171875,313.1199951171875,1647600,Biogen,BIIB,USA
2017-10-02,315.1900024414062,317.1300048828125,313.1199951171875,316.1700134277344,316.1700134277344,1674000,Biogen,BIIB,USA
2017-10-03,317.1099853515625,317.7999877929688,313.9100036621094,317.3900146484375,317.3900146484375,850900,Biogen,BIIB,USA
2017-10-04,313.5700073242188,316.5499877929688,306.0,314.9200134277344,314.9200134277344,1067600,Biogen,BIIB,USA
2017-10-05,320.7200012207031,330.9800109863281,320.2799987792969,326.739990234375,326.739990234375,2159800,Biogen,BIIB,USA
2017-10-06,325.2099914550781,328.5,324.6000061035156,327.4800109863281,327.4800109863281,1039000,Biogen,BIIB,USA
2017-10-09,327.4599914550781,332.239990234375,326.3299865722656,329.010009765625,329.010009765625,902400,Biogen,BIIB,USA
2017-10-10,328.5499877929688,332.8699951171875,328.25,332.8299865722656,332.8299865722656,1004000,Biogen,BIIB,USA
2017-10-11,332.1199951171875,333.3299865722656,329.2699890136719,333.1900024414062,333.1900024414062,938900,Biogen,BIIB,USA
2017-10-12,332.9299926757812,334.3200073242188,330.0400085449219,333.3099975585938,333.3099975585938,1120200,Biogen,BIIB,USA
2017-10-13,333.260009765625,338.9400024414062,332.0700073242188,337.6400146484375,337.6400146484375,1360300,Biogen,BIIB,USA
2017-10-16,337.7300109863281,344.3699951171875,333.1700134277344,335.6799926757812,335.6799926757812,1176600,Biogen,BIIB,USA
2017-10-17,343.1199951171875,348.6499938964844,339.6900024414062,344.4700012207031,344.4700012207031,1616300,Biogen,BIIB,USA
2017-10-18,346.5599975585938,348.8399963378906,343.5400085449219,344.5799865722656,344.5799865722656,1246700,Biogen,BIIB,USA
2017-10-19,343.3999938964844,346.1099853515625,338.1099853515625,342.4200134277344,342.4200134277344,1291800,Biogen,BIIB,USA
2017-10-20,343.0,343.3099975585938,333.9299926757812,338.1000061035156,338.1000061035156,1909300,Biogen,BIIB,USA
2017-10-23,335.25,335.510009765625,327.8299865722656,328.5499877929688,328.5499877929688,1885200,Biogen,BIIB,USA
2017-10-24,319.0,321.1099853515625,301.8099975585938,315.7300109863281,315.7300109863281,5849300,Biogen,BIIB,USA
2017-10-25,317.9599914550781,320.25,313.0,314.6400146484375,314.6400146484375,1879900,Biogen,BIIB,USA
2017-10-26,310.0,313.5700073242188,305.1199951171875,307.6400146484375,307.6400146484375,1905300,Biogen,BIIB,USA
2017-10-27,307.4500122070312,309.6000061035156,305.0,307.739990234375,307.739990234375,1679800,Biogen,BIIB,USA
2017-10-30,307.739990234375,317.6700134277344,307.2000122070312,315.7999877929688,315.7999877929688,1469600,Biogen,BIIB,USA
2017-10-31,315.1799926757812,316.8599853515625,310.5,311.6600036621094,311.6600036621094,1201600,Biogen,BIIB,USA
2017-11-01,312.75,319.9500122070312,311.5700073242188,315.7300109863281,315.7300109863281,1386200,Biogen,BIIB,USA
2017-11-02,316.0,319.2200012207031,308.5899963378906,309.3999938964844,309.3999938964844,1570900,Biogen,BIIB,USA
2017-11-03,309.7900085449219,314.2099914550781,308.2099914550781,314.1400146484375,314.1400146484375,828000,Biogen,BIIB,USA
2017-11-06,314.3900146484375,319.3999938964844,314.1400146484375,315.4700012207031,315.4700012207031,1065200,Biogen,BIIB,USA
2017-11-07,315.9400024414062,315.9800109863281,310.4599914550781,313.5700073242188,313.5700073242188,887500,Biogen,BIIB,USA
2017-11-08,314.8099975585938,314.8099975585938,311.6400146484375,312.5799865722656,312.5799865722656,1231900,Biogen,BIIB,USA
2017-11-09,312.0,313.9700012207031,308.8999938964844,309.9599914550781,309.9599914550781,895400,Biogen,BIIB,USA
2017-11-10,310.1000061035156,311.7000122070312,306.3900146484375,310.4400024414062,310.4400024414062,820700,Biogen,BIIB,USA
2017-11-13,310.4700012207031,316.0700073242188,308.5700073242188,315.7099914550781,315.7099914550781,1186800,Biogen,BIIB,USA
2017-11-14,313.3399963378906,314.4400024414062,307.5,309.6900024414062,309.6900024414062,1214300,Biogen,BIIB,USA
2017-11-15,309.6900024414062,313.1900024414062,308.0,310.2799987792969,310.2799987792969,1294000,Biogen,BIIB,USA
2017-11-16,310.7200012207031,314.6199951171875,309.6799926757812,313.9800109863281,313.9800109863281,731700,Biogen,BIIB,USA
2017-11-17,313.4700012207031,316.0,310.1799926757812,313.9700012207031,313.9700012207031,907400,Biogen,BIIB,USA
2017-11-20,313.6000061035156,315.760009765625,309.1700134277344,309.4599914550781,309.4599914550781,667200,Biogen,BIIB,USA
2017-11-21,310.8699951171875,311.2200012207031,306.1099853515625,309.0599975585938,309.0599975585938,1281600,Biogen,BIIB,USA
2017-11-22,308.9100036621094,311.1099853515625,307.1499938964844,309.7999877929688,309.7999877929688,732500,Biogen,BIIB,USA
2017-11-24,308.5,310.3500061035156,307.2699890136719,308.9700012207031,308.9700012207031,514000,Biogen,BIIB,USA
2017-11-27,310.0700073242188,312.4500122070312,307.010009765625,311.7300109863281,311.7300109863281,1353300,Biogen,BIIB,USA
2017-11-28,314.1199951171875,317.3900146484375,312.1000061035156,317.1400146484375,317.1400146484375,1100700,Biogen,BIIB,USA
2017-11-29,317.5,321.2900085449219,316.2300109863281,319.9599914550781,319.9599914550781,1360800,Biogen,BIIB,USA
2017-11-30,320.6900024414062,323.6900024414062,317.760009765625,322.1700134277344,322.1700134277344,1186200,Biogen,BIIB,USA
2017-12-01,320.7000122070312,323.0700073242188,314.7699890136719,319.3500061035156,319.3500061035156,1207500,Biogen,BIIB,USA
2017-12-04,319.2000122070312,321.75,315.5599975585938,317.3999938964844,317.3999938964844,908700,Biogen,BIIB,USA
2017-12-05,317.6600036621094,322.25,317.6600036621094,319.8699951171875,319.8699951171875,915600,Biogen,BIIB,USA
2017-12-06,319.0,320.5799865722656,311.75,314.6600036621094,314.6600036621094,938800,Biogen,BIIB,USA
2017-12-07,315.4200134277344,319.9100036621094,311.9500122070312,319.5700073242188,319.5700073242188,987100,Biogen,BIIB,USA
2017-12-08,321.0,327.5499877929688,319.8500061035156,325.7699890136719,325.7699890136719,1133900,Biogen,BIIB,USA
2017-12-11,327.0899963378906,330.6099853515625,322.6600036621094,328.0299987792969,328.0299987792969,1142800,Biogen,BIIB,USA
2017-12-12,325.2000122070312,327.8999938964844,323.8399963378906,327.75,327.75,747400,Biogen,BIIB,USA
2017-12-13,328.2099914550781,332.8500061035156,327.25,330.7099914550781,330.7099914550781,1129200,Biogen,BIIB,USA
2017-12-14,332.0,332.0,321.1099853515625,323.5499877929688,323.5499877929688,1173900,Biogen,BIIB,USA
2017-12-15,328.6099853515625,330.1199951171875,321.7300109863281,327.9400024414062,327.9400024414062,2023500,Biogen,BIIB,USA
2017-12-18,329.6700134277344,330.4200134277344,324.5400085449219,325.9500122070312,325.9500122070312,990800,Biogen,BIIB,USA
2017-12-19,326.1300048828125,328.3900146484375,324.0,327.0199890136719,327.0199890136719,866700,Biogen,BIIB,USA
2017-12-20,330.75,335.7999877929688,329.2999877929688,333.4700012207031,333.4700012207031,1276500,Biogen,BIIB,USA
2017-12-21,319.75,328.6000061035156,319.0499877929688,322.5199890136719,322.5199890136719,2212900,Biogen,BIIB,USA
2017-12-22,323.1600036621094,323.5,318.7699890136719,319.5,319.5,887000,Biogen,BIIB,USA
2017-12-26,319.4500122070312,320.1400146484375,316.25,319.7799987792969,319.7799987792969,653600,Biogen,BIIB,USA
2017-12-27,319.9299926757812,322.25,318.8699951171875,320.0700073242188,320.0700073242188,600900,Biogen,BIIB,USA
2017-12-28,320.6000061035156,322.3800048828125,319.260009765625,320.3299865722656,320.3299865722656,660000,Biogen,BIIB,USA
2017-12-29,320.5499877929688,322.75,318.239990234375,318.5700073242188,318.5700073242188,619500,Biogen,BIIB,USA
2018-01-02,321.1499938964844,335.4299926757812,318.3299865722656,334.1700134277344,334.1700134277344,1422500,Biogen,BIIB,USA
2018-01-03,333.4599914550781,340.4500122070312,332.7099914550781,339.8500061035156,339.8500061035156,1121700,Biogen,BIIB,USA
2018-01-04,339.7300109863281,341.3999938964844,335.4599914550781,339.989990234375,339.989990234375,967100,Biogen,BIIB,USA
2018-01-05,342.0,344.1199951171875,339.0599975585938,342.489990234375,342.489990234375,1486400,Biogen,BIIB,USA
2018-01-08,341.4500122070312,341.9400024414062,327.260009765625,329.6499938964844,329.6499938964844,1438800,Biogen,BIIB,USA
2018-01-09,329.6499938964844,339.489990234375,329.0599975585938,336.3599853515625,336.3599853515625,1326400,Biogen,BIIB,USA
2018-01-10,334.5899963378906,339.9400024414062,331.8399963378906,336.7200012207031,336.7200012207031,973400,Biogen,BIIB,USA
2018-01-11,338.010009765625,338.5400085449219,329.3399963378906,333.0700073242188,333.0700073242188,1002000,Biogen,BIIB,USA
2018-01-12,333.3099975585938,336.6099853515625,331.510009765625,335.9500122070312,335.9500122070312,885500,Biogen,BIIB,USA
2018-01-16,337.6300048828125,344.8699951171875,336.5599975585938,338.8500061035156,338.8500061035156,1256800,Biogen,BIIB,USA
2018-01-17,339.7200012207031,347.7799987792969,337.2799987792969,344.8699951171875,344.8699951171875,1429000,Biogen,BIIB,USA
2018-01-18,343.989990234375,345.0,337.5,344.4400024414062,344.4400024414062,1302500,Biogen,BIIB,USA
2018-01-19,347.5700073242188,347.5700073242188,341.8200073242188,342.4100036621094,342.4100036621094,1232200,Biogen,BIIB,USA
2018-01-22,343.5899963378906,347.8200073242188,342.0299987792969,347.6400146484375,347.6400146484375,1195200,Biogen,BIIB,USA
2018-01-23,348.0,354.2799987792969,345.739990234375,346.75,346.75,1186200,Biogen,BIIB,USA
2018-01-24,348.8900146484375,350.1199951171875,342.2999877929688,346.5,346.5,1512600,Biogen,BIIB,USA
2018-01-25,358.0,358.0,341.2099914550781,353.739990234375,353.739990234375,1863000,Biogen,BIIB,USA
2018-01-26,356.1700134277344,370.5700073242188,356.0499877929688,367.9100036621094,367.9100036621094,2232700,Biogen,BIIB,USA
2018-01-29,365.1499938964844,367.8999938964844,357.4700012207031,358.4800109863281,358.4800109863281,1317200,Biogen,BIIB,USA
2018-01-30,355.4700012207031,357.75,351.1300048828125,352.5899963378906,352.5899963378906,1127800,Biogen,BIIB,USA
2018-01-31,357.3399963378906,359.6099853515625,345.7200012207031,347.8099975585938,347.8099975585938,1398000,Biogen,BIIB,USA
2018-02-01,348.1799926757812,352.3800048828125,344.5799865722656,346.0,346.0,1372900,Biogen,BIIB,USA
2018-02-02,343.9800109863281,348.6900024414062,342.3099975585938,343.8299865722656,343.8299865722656,1095000,Biogen,BIIB,USA
2018-02-05,344.5799865722656,348.3399963378906,328.3099975585938,328.3099975585938,328.3099975585938,1541300,Biogen,BIIB,USA
2018-02-06,322.5199890136719,332.9500122070312,321.1099853515625,332.8599853515625,332.8599853515625,1768200,Biogen,BIIB,USA
2018-02-07,329.8999938964844,333.5899963378906,326.25,326.8900146484375,326.8900146484375,1237300,Biogen,BIIB,USA
2018-02-08,326.6700134277344,328.7000122070312,311.5,311.7900085449219,311.7900085449219,1414600,Biogen,BIIB,USA
2018-02-09,313.2699890136719,319.9299926757812,302.2799987792969,316.7799987792969,316.7799987792969,2180400,Biogen,BIIB,USA
2018-02-12,319.25,323.1799926757812,315.5,316.6300048828125,316.6300048828125,1331000,Biogen,BIIB,USA
2018-02-13,315.010009765625,319.0,312.3500061035156,316.989990234375,316.989990234375,732900,Biogen,BIIB,USA
2018-02-14,315.3599853515625,316.4500122070312,288.0,296.0799865722656,296.0799865722656,5426400,Biogen,BIIB,USA
2018-02-15,298.8500061035156,300.75,289.2699890136719,299.3800048828125,299.3800048828125,3040900,Biogen,BIIB,USA
2018-02-16,297.75,298.5,290.8800048828125,291.8699951171875,291.8699951171875,2943100,Biogen,BIIB,USA
2018-02-20,292.0,294.8800048828125,286.510009765625,287.4500122070312,287.4500122070312,2004500,Biogen,BIIB,USA
2018-02-21,287.5599975585938,290.6600036621094,285.1099853515625,286.1000061035156,286.1000061035156,1922400,Biogen,BIIB,USA
2018-02-22,287.7000122070312,291.9100036621094,283.9700012207031,284.8099975585938,284.8099975585938,2484700,Biogen,BIIB,USA
2018-02-23,287.5899963378906,294.239990234375,285.6000061035156,292.7799987792969,292.7799987792969,2541500,Biogen,BIIB,USA
2018-02-26,294.0,296.1000061035156,288.7999877929688,290.010009765625,290.010009765625,1448300,Biogen,BIIB,USA
2018-02-27,290.8299865722656,294.0299987792969,289.4200134277344,290.1000061035156,290.1000061035156,1697400,Biogen,BIIB,USA
2018-02-28,291.260009765625,292.8999938964844,287.3900146484375,288.989990234375,288.989990234375,1742400,Biogen,BIIB,USA
2018-03-01,288.1099853515625,291.4400024414062,281.3599853515625,282.3500061035156,282.3500061035156,2339200,Biogen,BIIB,USA
2018-03-02,278.2200012207031,288.0,277.0,286.9599914550781,286.9599914550781,1511900,Biogen,BIIB,USA
2018-03-05,284.1600036621094,288.1300048828125,282.5899963378906,286.9500122070312,286.9500122070312,904300,Biogen,BIIB,USA
2018-03-06,286.8599853515625,288.6799926757812,283.760009765625,285.9800109863281,285.9800109863281,881700,Biogen,BIIB,USA
2018-03-07,285.4700012207031,285.8299865722656,282.0,284.5400085449219,284.5400085449219,1404900,Biogen,BIIB,USA
2018-03-08,285.4700012207031,286.8200073242188,283.2300109863281,284.6900024414062,284.6900024414062,1313700,Biogen,BIIB,USA
2018-03-09,285.8699951171875,286.760009765625,281.7000122070312,286.1000061035156,286.1000061035156,1715000,Biogen,BIIB,USA
2018-03-12,286.0,286.6799926757812,279.2900085449219,279.8999938964844,279.8999938964844,2349000,Biogen,BIIB,USA
2018-03-13,282.2099914550781,286.5400085449219,280.5199890136719,283.239990234375,283.239990234375,2258600,Biogen,BIIB,USA
2018-03-14,285.0299987792969,289.1700134277344,282.7099914550781,285.7200012207031,285.7200012207031,2039500,Biogen,BIIB,USA
2018-03-15,286.4800109863281,288.260009765625,285.1300048828125,286.7000122070312,286.7000122070312,1342900,Biogen,BIIB,USA
2018-03-16,289.3999938964844,292.2999877929688,287.4700012207031,287.6199951171875,287.6199951171875,2294200,Biogen,BIIB,USA
2018-03-19,285.8299865722656,286.489990234375,276.4299926757812,278.3699951171875,278.3699951171875,1530400,Biogen,BIIB,USA
2018-03-20,278.6600036621094,281.3999938964844,276.510009765625,279.6799926757812,279.6799926757812,1313400,Biogen,BIIB,USA
2018-03-21,279.6099853515625,280.9800109863281,275.8599853515625,277.2900085449219,277.2900085449219,1340000,Biogen,BIIB,USA
2018-03-22,275.4599914550781,278.3699951171875,271.6300048828125,271.8900146484375,271.8900146484375,1748600,Biogen,BIIB,USA
2018-03-23,272.9500122070312,273.25,259.760009765625,260.1300048828125,260.1300048828125,3039600,Biogen,BIIB,USA
2018-03-26,263.239990234375,270.2000122070312,262.4800109863281,268.2000122070312,268.2000122070312,2226800,Biogen,BIIB,USA
2018-03-27,269.75,273.3699951171875,263.4100036621094,265.1600036621094,265.1600036621094,1880500,Biogen,BIIB,USA
2018-03-28,266.3800048828125,275.0,265.6900024414062,271.8200073242188,271.8200073242188,1991800,Biogen,BIIB,USA
2018-03-29,273.1099853515625,276.4400024414062,271.0,273.8200073242188,273.8200073242188,1237800,Biogen,BIIB,USA
2018-04-02,272.0199890136719,272.5400085449219,261.0,266.8900146484375,266.8900146484375,1550300,Biogen,BIIB,USA
2018-04-03,267.9700012207031,270.8200073242188,262.489990234375,266.4800109863281,266.4800109863281,1456600,Biogen,BIIB,USA
2018-04-04,263.6300048828125,273.3099975585938,263.6199951171875,272.3999938964844,272.3999938964844,1603100,Biogen,BIIB,USA
2018-04-05,271.8299865722656,272.989990234375,263.8399963378906,264.9800109863281,264.9800109863281,1804300,Biogen,BIIB,USA
2018-04-06,263.510009765625,266.1600036621094,256.7699890136719,257.6499938964844,257.6499938964844,1954000,Biogen,BIIB,USA
2018-04-09,258.2900085449219,264.4599914550781,254.3300018310547,257.5199890136719,257.5199890136719,2235500,Biogen,BIIB,USA
2018-04-10,261.510009765625,267.5799865722656,259.4400024414062,265.0899963378906,265.0899963378906,1983200,Biogen,BIIB,USA
2018-04-11,263.3599853515625,269.9500122070312,262.0,265.989990234375,265.989990234375,1771500,Biogen,BIIB,USA
2018-04-12,268.6700134277344,270.1799926757812,266.2699890136719,267.4400024414062,267.4400024414062,1238300,Biogen,BIIB,USA
2018-04-13,269.2699890136719,269.489990234375,264.1499938964844,265.3900146484375,265.3900146484375,1197100,Biogen,BIIB,USA
2018-04-16,267.4400024414062,269.260009765625,262.2099914550781,263.1099853515625,263.1099853515625,1323300,Biogen,BIIB,USA
2018-04-17,265.7699890136719,268.760009765625,263.7799987792969,264.75,264.75,1863000,Biogen,BIIB,USA
2018-04-18,265.5,270.739990234375,265.5,268.0299987792969,268.0299987792969,1382200,Biogen,BIIB,USA
2018-04-19,267.6900024414062,271.0499877929688,264.8200073242188,266.0199890136719,266.0199890136719,910900,Biogen,BIIB,USA
2018-04-20,266.0299987792969,267.6600036621094,261.2000122070312,263.0199890136719,263.0199890136719,1584500,Biogen,BIIB,USA
2018-04-23,263.1400146484375,264.4800109863281,258.0,259.2999877929688,259.2999877929688,1922300,Biogen,BIIB,USA
2018-04-24,253.7100067138672,266.7300109863281,249.1699981689453,262.1499938964844,262.1499938964844,3619800,Biogen,BIIB,USA
2018-04-25,262.7000122070312,274.3999938964844,262.2699890136719,269.4500122070312,269.4500122070312,2765700,Biogen,BIIB,USA
2018-04-26,271.1000061035156,277.4299926757812,270.5199890136719,273.8599853515625,273.8599853515625,2084800,Biogen,BIIB,USA
2018-04-27,275.6000061035156,279.4400024414062,274.010009765625,276.7999877929688,276.7999877929688,1955600,Biogen,BIIB,USA
2018-04-30,277.5799865722656,280.3099975585938,273.4500122070312,273.6000061035156,273.6000061035156,2083300,Biogen,BIIB,USA
2018-05-01,274.8900146484375,279.7200012207031,271.6900024414062,274.6099853515625,274.6099853515625,1910300,Biogen,BIIB,USA
2018-05-02,273.0,277.5700073242188,264.0299987792969,274.1300048828125,274.1300048828125,3616700,Biogen,BIIB,USA
2018-05-03,272.8399963378906,275.0400085449219,264.510009765625,266.4400024414062,266.4400024414062,1999000,Biogen,BIIB,USA
2018-05-04,264.989990234375,272.5799865722656,264.989990234375,270.3399963378906,270.3399963378906,1937800,Biogen,BIIB,USA
2018-05-07,271.1499938964844,273.7799987792969,269.0199890136719,269.7000122070312,269.7000122070312,1296800,Biogen,BIIB,USA
2018-05-08,271.1099853515625,271.4500122070312,267.8900146484375,269.7300109863281,269.7300109863281,1303300,Biogen,BIIB,USA
2018-05-09,269.75,275.7200012207031,269.0700073242188,274.0299987792969,274.0299987792969,1377300,Biogen,BIIB,USA
2018-05-10,272.6499938964844,276.260009765625,272.1000061035156,274.0,274.0,1416600,Biogen,BIIB,USA
2018-05-11,274.3599853515625,283.5899963378906,274.3599853515625,282.3900146484375,282.3900146484375,1908700,Biogen,BIIB,USA
2018-05-14,282.3399963378906,285.5199890136719,281.0199890136719,282.3399963378906,282.3399963378906,2027100,Biogen,BIIB,USA
2018-05-15,280.1600036621094,281.7300109863281,275.0,276.0599975585938,276.0599975585938,1729000,Biogen,BIIB,USA
2018-05-16,277.3299865722656,283.5499877929688,276.9400024414062,281.510009765625,281.510009765625,1515700,Biogen,BIIB,USA
2018-05-17,280.260009765625,281.6199951171875,277.260009765625,280.5700073242188,280.5700073242188,1830700,Biogen,BIIB,USA
2018-05-18,281.010009765625,282.7300109863281,280.0199890136719,280.3999938964844,280.3999938964844,1639700,Biogen,BIIB,USA
2018-05-21,281.3599853515625,282.1000061035156,276.4200134277344,277.6700134277344,277.6700134277344,1628100,Biogen,BIIB,USA
2018-05-22,278.2099914550781,281.0400085449219,278.010009765625,279.6900024414062,279.6900024414062,1320200,Biogen,BIIB,USA
2018-05-23,277.1400146484375,284.0,276.6499938964844,283.75,283.75,1398200,Biogen,BIIB,USA
2018-05-24,283.4400024414062,285.4700012207031,281.7999877929688,284.4100036621094,284.4100036621094,1148200,Biogen,BIIB,USA
2018-05-25,284.2900085449219,289.6099853515625,283.8500061035156,286.2099914550781,286.2099914550781,1464200,Biogen,BIIB,USA
2018-05-29,283.6199951171875,289.8900146484375,282.1000061035156,287.0899963378906,287.0899963378906,1562500,Biogen,BIIB,USA
2018-05-30,288.489990234375,297.5,287.9599914550781,294.3999938964844,294.3999938964844,1987500,Biogen,BIIB,USA
2018-05-31,298.0700073242188,301.2200012207031,291.8200073242188,293.9599914550781,293.9599914550781,2081900,Biogen,BIIB,USA
2018-06-01,294.9400024414062,298.3599853515625,293.0199890136719,297.0899963378906,297.0899963378906,1238800,Biogen,BIIB,USA
2018-06-04,297.0400085449219,301.510009765625,296.1199951171875,298.9100036621094,298.9100036621094,1028000,Biogen,BIIB,USA
2018-06-05,299.3900146484375,301.7000122070312,295.760009765625,298.6400146484375,298.6400146484375,1206300,Biogen,BIIB,USA
2018-06-06,299.1499938964844,303.9400024414062,298.8900146484375,303.75,303.75,1371200,Biogen,BIIB,USA
2018-06-07,304.3299865722656,307.9100036621094,303.0599975585938,305.3699951171875,305.3699951171875,1392900,Biogen,BIIB,USA
2018-06-08,304.6799926757812,304.989990234375,300.3599853515625,303.2900085449219,303.2900085449219,1519800,Biogen,BIIB,USA
2018-06-11,302.760009765625,308.9800109863281,302.739990234375,306.6799926757812,306.6799926757812,1178900,Biogen,BIIB,USA
2018-06-12,306.260009765625,308.8800048828125,304.2699890136719,306.1900024414062,306.1900024414062,1085200,Biogen,BIIB,USA
2018-06-13,306.4700012207031,310.9100036621094,305.5799865722656,306.9100036621094,306.9100036621094,1180300,Biogen,BIIB,USA
2018-06-14,307.4700012207031,309.6000061035156,304.6700134277344,305.6799926757812,305.6799926757812,1344600,Biogen,BIIB,USA
2018-06-15,306.0499877929688,309.5,303.4200134277344,305.0299987792969,305.0299987792969,1882400,Biogen,BIIB,USA
2018-06-18,294.0499877929688,294.9700012207031,283.239990234375,289.1199951171875,289.1199951171875,3409000,Biogen,BIIB,USA
2018-06-19,286.1400146484375,296.010009765625,286.0400085449219,292.0400085449219,292.0400085449219,1706200,Biogen,BIIB,USA
2018-06-20,293.1000061035156,298.4400024414062,292.3699951171875,296.8599853515625,296.8599853515625,1273600,Biogen,BIIB,USA
2018-06-21,296.2099914550781,298.0499877929688,294.6300048828125,297.3399963378906,297.3399963378906,1206700,Biogen,BIIB,USA
2018-06-22,298.0,298.3800048828125,295.0,296.0400085449219,296.0400085449219,1334600,Biogen,BIIB,USA
2018-06-25,295.9200134277344,297.1499938964844,289.2000122070312,292.1900024414062,292.1900024414062,1685500,Biogen,BIIB,USA
2018-06-26,291.6799926757812,293.5700073242188,288.4500122070312,291.9200134277344,291.9200134277344,943300,Biogen,BIIB,USA
2018-06-27,292.2000122070312,293.4800109863281,287.8099975585938,287.9299926757812,287.9299926757812,1116200,Biogen,BIIB,USA
2018-06-28,289.3200073242188,290.3299865722656,285.3200073242188,288.75,288.75,1405900,Biogen,BIIB,USA
2018-06-29,290.0799865722656,292.6799926757812,287.8099975585938,290.239990234375,290.239990234375,1394300,Biogen,BIIB,USA
2018-07-02,290.2999877929688,296.1199951171875,288.1300048828125,295.7699890136719,295.7699890136719,1116400,Biogen,BIIB,USA
2018-07-03,296.0599975585938,296.9200134277344,292.6400146484375,293.510009765625,293.510009765625,452900,Biogen,BIIB,USA
2018-07-05,295.7699890136719,299.7300109863281,294.7799987792969,298.8099975585938,298.8099975585938,746300,Biogen,BIIB,USA
2018-07-06,347.0499877929688,367.8900146484375,340.5499877929688,357.4800109863281,357.4800109863281,12857000,Biogen,BIIB,USA
2018-07-09,357.9299926757812,360.3500061035156,347.510009765625,354.0,354.0,3872800,Biogen,BIIB,USA
2018-07-10,347.5400085449219,347.8999938964844,339.1499938964844,344.8200073242188,344.8200073242188,3425600,Biogen,BIIB,USA
2018-07-11,341.8399963378906,346.2000122070312,340.0,344.1000061035156,344.1000061035156,1786600,Biogen,BIIB,USA
2018-07-12,347.0299987792969,348.0700073242188,343.5499877929688,347.6600036621094,347.6600036621094,1304400,Biogen,BIIB,USA
2018-07-13,347.010009765625,351.6700134277344,344.0499877929688,348.4800109863281,348.4800109863281,1168600,Biogen,BIIB,USA
2018-07-16,348.7999877929688,353.2000122070312,346.1000061035156,353.0299987792969,353.0299987792969,1460100,Biogen,BIIB,USA
2018-07-17,352.2000122070312,356.0199890136719,351.5199890136719,354.9800109863281,354.9800109863281,1486100,Biogen,BIIB,USA
2018-07-18,353.8099975585938,358.75,350.2799987792969,358.510009765625,358.510009765625,1399800,Biogen,BIIB,USA
2018-07-19,356.2000122070312,360.2699890136719,356.0400085449219,358.1099853515625,358.1099853515625,1650600,Biogen,BIIB,USA
2018-07-20,358.3500061035156,360.5,356.5299987792969,358.7099914550781,358.7099914550781,1666300,Biogen,BIIB,USA
2018-07-23,358.7099914550781,362.2200012207031,355.8800048828125,358.1300048828125,358.1300048828125,1884600,Biogen,BIIB,USA
2018-07-24,380.0,383.0,366.010009765625,372.8399963378906,372.8399963378906,4191700,Biogen,BIIB,USA
2018-07-25,374.1000061035156,388.6700134277344,372.9400024414062,383.8299865722656,383.8299865722656,4686600,Biogen,BIIB,USA
2018-07-26,340.5,353.4100036621094,337.0,344.739990234375,344.739990234375,4924000,Biogen,BIIB,USA
2018-07-27,346.2000122070312,346.4700012207031,339.1099853515625,340.3999938964844,340.3999938964844,2426100,Biogen,BIIB,USA
2018-07-30,340.5199890136719,341.3699951171875,330.9599914550781,331.4599914550781,331.4599914550781,2408400,Biogen,BIIB,USA
2018-07-31,332.1700134277344,338.739990234375,330.8999938964844,334.3699951171875,334.3699951171875,2052700,Biogen,BIIB,USA
2018-08-01,335.8399963378906,344.739990234375,334.3800048828125,344.0599975585938,344.0599975585938,1688400,Biogen,BIIB,USA
2018-08-02,342.2200012207031,350.0,340.8099975585938,347.9299926757812,347.9299926757812,1414600,Biogen,BIIB,USA
2018-08-03,350.1000061035156,350.5700073242188,342.2699890136719,344.2099914550781,344.2099914550781,1164400,Biogen,BIIB,USA
2018-08-06,343.0400085449219,344.2200012207031,340.3299865722656,341.1700134277344,341.1700134277344,1034200,Biogen,BIIB,USA
2018-08-07,345.6400146484375,352.4599914550781,344.0,350.1000061035156,350.1000061035156,1614900,Biogen,BIIB,USA
2018-08-08,348.0499877929688,352.3299865722656,347.9700012207031,350.0899963378906,350.0899963378906,969200,Biogen,BIIB,USA
2018-08-09,350.8800048828125,352.25,345.7799987792969,346.8999938964844,346.8999938964844,1322300,Biogen,BIIB,USA
2018-08-10,344.9299926757812,347.3999938964844,340.3399963378906,343.0,343.0,1359100,Biogen,BIIB,USA
2018-08-13,343.7900085449219,344.3699951171875,339.2200012207031,340.7900085449219,340.7900085449219,1077700,Biogen,BIIB,USA
2018-08-14,342.260009765625,347.760009765625,341.5899963378906,343.6300048828125,343.6300048828125,883400,Biogen,BIIB,USA
2018-08-15,341.0,343.9200134277344,337.3099975585938,340.7200012207031,340.7200012207031,953200,Biogen,BIIB,USA
2018-08-16,342.0799865722656,345.3299865722656,340.4599914550781,342.9299926757812,342.9299926757812,882500,Biogen,BIIB,USA
2018-08-17,341.0,346.8299865722656,339.1300048828125,345.2200012207031,345.2200012207031,917300,Biogen,BIIB,USA
2018-08-20,347.5599975585938,347.5599975585938,341.7900085449219,344.1099853515625,344.1099853515625,821700,Biogen,BIIB,USA
2018-08-21,345.7000122070312,346.3900146484375,343.0,343.2799987792969,343.2799987792969,625200,Biogen,BIIB,USA
2018-08-22,342.6499938964844,346.4700012207031,342.0,344.9800109863281,344.9800109863281,597500,Biogen,BIIB,USA
2018-08-23,344.9700012207031,344.9700012207031,339.239990234375,341.8900146484375,341.8900146484375,750000,Biogen,BIIB,USA
2018-08-24,343.0299987792969,343.0299987792969,339.7699890136719,342.3299865722656,342.3299865722656,620000,Biogen,BIIB,USA
2018-08-27,343.2999877929688,343.3200073242188,340.4200134277344,342.7000122070312,342.7000122070312,704600,Biogen,BIIB,USA
2018-08-28,344.4200134277344,348.0,341.8699951171875,345.5299987792969,345.5299987792969,1125900,Biogen,BIIB,USA
2018-08-29,347.1600036621094,352.0199890136719,346.1600036621094,349.989990234375,349.989990234375,1291300,Biogen,BIIB,USA
2018-08-30,350.1499938964844,355.9400024414062,348.3699951171875,352.739990234375,352.739990234375,875900,Biogen,BIIB,USA
2018-08-31,351.260009765625,354.1300048828125,350.0199890136719,353.489990234375,353.489990234375,867200,Biogen,BIIB,USA
2018-09-04,353.8500061035156,355.0,341.6099853515625,346.7200012207031,346.7200012207031,1296800,Biogen,BIIB,USA
2018-09-05,344.3699951171875,349.4299926757812,342.75,346.6000061035156,346.6000061035156,1039000,Biogen,BIIB,USA
2018-09-06,345.4400024414062,346.989990234375,339.6099853515625,341.3399963378906,341.3399963378906,833800,Biogen,BIIB,USA
2018-09-07,340.0,341.6900024414062,336.2699890136719,339.6499938964844,339.6499938964844,997600,Biogen,BIIB,USA
2018-09-10,342.6900024414062,342.8500061035156,337.5299987792969,340.25,340.25,1105500,Biogen,BIIB,USA
2018-09-11,340.6600036621094,341.4800109863281,337.0899963378906,337.7000122070312,337.7000122070312,906700,Biogen,BIIB,USA
2018-09-12,337.9599914550781,340.4299926757812,333.0299987792969,340.0299987792969,340.0299987792969,869400,Biogen,BIIB,USA
2018-09-13,341.0499877929688,342.4100036621094,337.8299865722656,340.5799865722656,340.5799865722656,862300,Biogen,BIIB,USA
2018-09-14,341.3200073242188,342.0599975585938,337.3699951171875,338.6799926757812,338.6799926757812,882000,Biogen,BIIB,USA
2018-09-17,338.5599975585938,338.5599975585938,333.5,334.3999938964844,334.3999938964844,944100,Biogen,BIIB,USA
2018-09-18,333.4599914550781,338.4800109863281,332.4800109863281,336.8900146484375,336.8900146484375,1243300,Biogen,BIIB,USA
2018-09-19,337.8500061035156,339.9800109863281,334.8699951171875,338.9100036621094,338.9100036621094,844800,Biogen,BIIB,USA
2018-09-20,339.9700012207031,342.6400146484375,337.7999877929688,341.239990234375,341.239990234375,1085000,Biogen,BIIB,USA
2018-09-21,343.1000061035156,345.4100036621094,338.5199890136719,345.4100036621094,345.4100036621094,3874500,Biogen,BIIB,USA
2018-09-24,342.989990234375,347.760009765625,341.8599853515625,347.0199890136719,347.0199890136719,1016300,Biogen,BIIB,USA
2018-09-25,347.0400085449219,347.489990234375,341.4599914550781,341.6499938964844,341.6499938964844,1232300,Biogen,BIIB,USA
2018-09-26,342.2000122070312,353.2099914550781,341.739990234375,349.3699951171875,349.3699951171875,1595600,Biogen,BIIB,USA
2018-09-27,351.3900146484375,357.5,350.4200134277344,355.6000061035156,355.6000061035156,1219500,Biogen,BIIB,USA
2018-09-28,355.0,357.0,352.4299926757812,353.3099975585938,353.3099975585938,1542900,Biogen,BIIB,USA
2018-10-01,355.2999877929688,358.4100036621094,350.5700073242188,352.5599975585938,352.5599975585938,974900,Biogen,BIIB,USA
2018-10-02,353.1400146484375,353.989990234375,344.3999938964844,345.4100036621094,345.4100036621094,1340100,Biogen,BIIB,USA
2018-10-03,345.6600036621094,353.8099975585938,344.7900085449219,352.75,352.75,1119400,Biogen,BIIB,USA
2018-10-04,350.7799987792969,351.9800109863281,340.6499938964844,343.1000061035156,343.1000061035156,1079200,Biogen,BIIB,USA
2018-10-05,344.2900085449219,347.7799987792969,336.2099914550781,342.0799865722656,342.0799865722656,989100,Biogen,BIIB,USA
2018-10-08,340.6700134277344,345.5700073242188,338.2200012207031,343.0299987792969,343.0299987792969,852400,Biogen,BIIB,USA
2018-10-09,342.739990234375,346.4200134277344,341.1499938964844,344.5700073242188,344.5700073242188,778900,Biogen,BIIB,USA
2018-10-10,342.6400146484375,346.7200012207031,337.5299987792969,337.5299987792969,337.5299987792969,1420200,Biogen,BIIB,USA
2018-10-11,338.2300109863281,340.8500061035156,324.4599914550781,327.2699890136719,327.2699890136719,1395700,Biogen,BIIB,USA
2018-10-12,331.6199951171875,333.2999877929688,326.1400146484375,330.9400024414062,330.9400024414062,1264900,Biogen,BIIB,USA
2018-10-15,329.9700012207031,332.0700073242188,327.3800048828125,328.4100036621094,328.4100036621094,921000,Biogen,BIIB,USA
2018-10-16,330.8900146484375,339.1199951171875,328.7699890136719,338.6099853515625,338.6099853515625,1151000,Biogen,BIIB,USA
2018-10-17,337.8900146484375,342.2699890136719,334.6799926757812,338.2300109863281,338.2300109863281,939800,Biogen,BIIB,USA
2018-10-18,337.7900085449219,337.7900085449219,328.0,330.1499938964844,330.1499938964844,1002500,Biogen,BIIB,USA
2018-10-19,323.0599975585938,327.1199951171875,318.5199890136719,320.4100036621094,320.4100036621094,1885000,Biogen,BIIB,USA
2018-10-22,322.2999877929688,323.8500061035156,314.1600036621094,315.5400085449219,315.5400085449219,1736300,Biogen,BIIB,USA
2018-10-23,315.0,326.5,311.0,316.1499938964844,316.1499938964844,2414500,Biogen,BIIB,USA
2018-10-24,315.9400024414062,319.6900024414062,301.0899963378906,302.0499877929688,302.0499877929688,2766800,Biogen,BIIB,USA
2018-10-25,294.6099853515625,302.3399963378906,288.3399963378906,298.4700012207031,298.4700012207031,3001700,Biogen,BIIB,USA
2018-10-26,292.8500061035156,304.8999938964844,291.0,300.1700134277344,300.1700134277344,2174300,Biogen,BIIB,USA
2018-10-29,304.4100036621094,308.489990234375,294.7200012207031,300.9599914550781,300.9599914550781,1567600,Biogen,BIIB,USA
2018-10-30,301.9200134277344,306.6900024414062,298.3399963378906,306.2799987792969,306.2799987792969,1482700,Biogen,BIIB,USA
2018-10-31,308.6700134277344,310.6700134277344,303.2699890136719,304.2699890136719,304.2699890136719,1328600,Biogen,BIIB,USA
2018-11-01,304.4299926757812,315.9400024414062,304.2699890136719,315.3299865722656,315.3299865722656,1331100,Biogen,BIIB,USA
2018-11-02,319.3299865722656,320.8900146484375,309.6400146484375,312.7000122070312,312.7000122070312,1197900,Biogen,BIIB,USA
2018-11-05,314.1799926757812,318.7999877929688,313.5799865722656,317.1499938964844,317.1499938964844,1020000,Biogen,BIIB,USA
2018-11-06,316.0299987792969,322.4200134277344,316.0299987792969,320.2799987792969,320.2799987792969,1064600,Biogen,BIIB,USA
2018-11-07,323.1300048828125,331.8800048828125,322.3999938964844,331.510009765625,331.510009765625,1371500,Biogen,BIIB,USA
2018-11-08,330.5199890136719,331.4100036621094,325.0,326.0400085449219,326.0400085449219,1088300,Biogen,BIIB,USA
2018-11-09,325.7699890136719,326.6300048828125,322.0899963378906,325.2000122070312,325.2000122070312,783000,Biogen,BIIB,USA
2018-11-12,324.8999938964844,325.0,317.5599975585938,318.8999938964844,318.8999938964844,954900,Biogen,BIIB,USA
2018-11-13,320.4299926757812,325.260009765625,317.9299926757812,319.0799865722656,319.0799865722656,839400,Biogen,BIIB,USA
2018-11-14,321.5599975585938,322.7799987792969,312.989990234375,313.5499877929688,313.5499877929688,1390900,Biogen,BIIB,USA
2018-11-15,311.2699890136719,322.0499877929688,310.0,321.7200012207031,321.7200012207031,1196000,Biogen,BIIB,USA
2018-11-16,321.8200073242188,326.1900024414062,320.6199951171875,324.0499877929688,324.0499877929688,1542100,Biogen,BIIB,USA
2018-11-19,325.1199951171875,326.3200073242188,315.4500122070312,319.2099914550781,319.2099914550781,1204000,Biogen,BIIB,USA
2018-11-20,318.9599914550781,323.510009765625,313.25,319.4800109863281,319.4800109863281,1357000,Biogen,BIIB,USA
2018-11-21,319.8900146484375,321.0499877929688,315.2799987792969,315.5599975585938,315.5599975585938,746900,Biogen,BIIB,USA
2018-11-23,313.8099975585938,324.4500122070312,313.2799987792969,320.0799865722656,320.0799865722656,597800,Biogen,BIIB,USA
2018-11-26,321.7000122070312,322.489990234375,315.4100036621094,319.5,319.5,1141600,Biogen,BIIB,USA
2018-11-27,317.7699890136719,323.9100036621094,316.1199951171875,323.8099975585938,323.8099975585938,964400,Biogen,BIIB,USA
2018-11-28,324.25,332.5,321.3299865722656,332.239990234375,332.239990234375,1067700,Biogen,BIIB,USA
2018-11-29,329.0599975585938,330.989990234375,324.6000061035156,326.6099853515625,326.6099853515625,821300,Biogen,BIIB,USA
2018-11-30,327.0299987792969,333.7699890136719,325.1499938964844,333.7200012207031,333.7200012207031,1666900,Biogen,BIIB,USA
2018-12-03,335.0,338.7200012207031,329.3800048828125,332.1900024414062,332.1900024414062,1131500,Biogen,BIIB,USA
2018-12-04,332.9200134277344,336.2999877929688,321.8299865722656,322.7300109863281,322.7300109863281,1345500,Biogen,BIIB,USA
2018-12-06,318.5,326.7300109863281,313.6400146484375,326.7000122070312,326.7000122070312,1575600,Biogen,BIIB,USA
2018-12-07,324.6000061035156,326.5499877929688,316.1499938964844,316.7300109863281,316.7300109863281,1172100,Biogen,BIIB,USA
2018-12-10,317.9400024414062,321.1099853515625,310.989990234375,319.4400024414062,319.4400024414062,968100,Biogen,BIIB,USA
2018-12-11,323.6400146484375,326.6300048828125,318.3599853515625,319.7900085449219,319.7900085449219,1050100,Biogen,BIIB,USA
2018-12-12,324.3399963378906,330.75,319.5400085449219,322.6099853515625,322.6099853515625,1401500,Biogen,BIIB,USA
2018-12-13,323.9700012207031,325.6900024414062,319.0,320.1400146484375,320.1400146484375,1220700,Biogen,BIIB,USA
2018-12-14,319.6000061035156,320.5400085449219,314.1499938964844,314.5499877929688,314.5499877929688,1233800,Biogen,BIIB,USA
2018-12-17,315.4599914550781,323.9299926757812,310.9700012207031,313.1000061035156,313.1000061035156,1397600,Biogen,BIIB,USA
2018-12-18,313.8099975585938,313.9400024414062,289.7200012207031,294.75,294.75,2990800,Biogen,BIIB,USA
2018-12-19,295.0400085449219,299.239990234375,289.4299926757812,292.6900024414062,292.6900024414062,2036600,Biogen,BIIB,USA
2018-12-20,292.489990234375,296.5899963378906,289.6099853515625,292.3299865722656,292.3299865722656,1648100,Biogen,BIIB,USA
2018-12-21,291.3200073242188,296.239990234375,280.3999938964844,280.6000061035156,280.6000061035156,3070800,Biogen,BIIB,USA
2018-12-24,281.1799926757812,286.75,278.4599914550781,278.5,278.5,997500,Biogen,BIIB,USA
2018-12-26,279.4599914550781,295.2300109863281,278.9599914550781,295.1700134277344,295.1700134277344,1513000,Biogen,BIIB,USA
2018-12-27,290.1900024414062,294.4299926757812,283.5,294.4100036621094,294.4100036621094,1477600,Biogen,BIIB,USA
2018-12-28,294.5,298.25,292.5,293.5199890136719,293.5199890136719,1053300,Biogen,BIIB,USA
2018-12-31,294.5599975585938,302.4800109863281,294.2000122070312,300.9200134277344,300.9200134277344,1064300,Biogen,BIIB,USA
2019-01-02,296.8399963378906,307.1300048828125,296.5400085449219,304.6900024414062,304.6900024414062,1336500,Biogen,BIIB,USA
2019-01-03,306.760009765625,316.6900024414062,305.9200134277344,307.0,307.0,2148600,Biogen,BIIB,USA
2019-01-04,311.7999877929688,323.6300048828125,309.8999938964844,318.3299865722656,318.3299865722656,1532600,Biogen,BIIB,USA
2019-01-07,319.2799987792969,327.260009765625,317.4100036621094,322.3999938964844,322.3999938964844,1316500,Biogen,BIIB,USA
2019-01-08,324.5299987792969,325.8999938964844,320.4700012207031,324.4400024414062,324.4400024414062,1008100,Biogen,BIIB,USA
2019-01-09,325.760009765625,330.7000122070312,324.4599914550781,326.6300048828125,326.6300048828125,1223600,Biogen,BIIB,USA
2019-01-10,325.6199951171875,331.3699951171875,324.2000122070312,331.1900024414062,331.1900024414062,845800,Biogen,BIIB,USA
2019-01-11,329.3999938964844,333.5700073242188,327.8299865722656,333.2099914550781,333.2099914550781,1317800,Biogen,BIIB,USA
2019-01-14,331.2799987792969,331.5199890136719,327.7200012207031,330.4200134277344,330.4200134277344,952500,Biogen,BIIB,USA
2019-01-15,330.6700134277344,337.9700012207031,328.9299926757812,337.5400085449219,337.5400085449219,982200,Biogen,BIIB,USA
2019-01-16,337.4299926757812,339.9700012207031,330.0599975585938,332.0299987792969,332.0299987792969,1232100,Biogen,BIIB,USA
2019-01-17,331.239990234375,339.9599914550781,330.3200073242188,338.3399963378906,338.3399963378906,1004700,Biogen,BIIB,USA
2019-01-18,340.3299865722656,340.5499877929688,334.7099914550781,337.4200134277344,337.4200134277344,1270800,Biogen,BIIB,USA
2019-01-22,335.0499877929688,340.7000122070312,333.6600036621094,338.9599914550781,338.9599914550781,1448400,Biogen,BIIB,USA
2019-01-23,340.4599914550781,344.0,333.2900085449219,337.2200012207031,337.2200012207031,1046800,Biogen,BIIB,USA
2019-01-24,336.9100036621094,337.2099914550781,331.9700012207031,332.8699951171875,332.8699951171875,1090900,Biogen,BIIB,USA
2019-01-25,334.8800048828125,337.3599853515625,333.510009765625,336.7699890136719,336.7699890136719,971500,Biogen,BIIB,USA
2019-01-28,335.1900024414062,335.8800048828125,326.8399963378906,330.010009765625,330.010009765625,1230500,Biogen,BIIB,USA
2019-01-29,327.1400146484375,335.0799865722656,326.010009765625,334.4800109863281,334.4800109863281,1645700,Biogen,BIIB,USA
2019-01-30,326.2000122070312,331.0,321.4200134277344,327.8599853515625,327.8599853515625,2387900,Biogen,BIIB,USA
2019-01-31,328.239990234375,334.2999877929688,325.0599975585938,333.7799987792969,333.7799987792969,1419200,Biogen,BIIB,USA
2019-02-01,333.75,333.75,326.0700073242188,330.9100036621094,330.9100036621094,1180900,Biogen,BIIB,USA
2019-02-04,331.3699951171875,334.1099853515625,326.6099853515625,334.0700073242188,334.0700073242188,990700,Biogen,BIIB,USA
2019-02-05,334.3299865722656,338.8699951171875,333.2999877929688,336.989990234375,336.989990234375,1281400,Biogen,BIIB,USA
2019-02-06,337.4700012207031,338.4100036621094,331.6300048828125,333.239990234375,333.239990234375,934500,Biogen,BIIB,USA
2019-02-07,323.8999938964844,325.2099914550781,307.0,308.7300109863281,308.7300109863281,2786600,Biogen,BIIB,USA
2019-02-08,307.1099853515625,316.7099914550781,305.4500122070312,315.1199951171875,315.1199951171875,1633700,Biogen,BIIB,USA
2019-02-11,316.1199951171875,317.8999938964844,314.5400085449219,316.8699951171875,316.8699951171875,1360900,Biogen,BIIB,USA
2019-02-12,319.1000061035156,320.3099975585938,316.9500122070312,319.4299926757812,319.4299926757812,1082700,Biogen,BIIB,USA
2019-02-13,321.0,323.6600036621094,319.239990234375,321.5400085449219,321.5400085449219,1136800,Biogen,BIIB,USA
2019-02-14,321.0,325.7799987792969,318.5700073242188,324.7099914550781,324.7099914550781,1245900,Biogen,BIIB,USA
2019-02-15,328.0899963378906,333.2799987792969,324.7099914550781,332.8699951171875,332.8699951171875,1435700,Biogen,BIIB,USA
2019-02-19,330.8299865722656,335.9400024414062,330.8299865722656,333.0,333.0,946800,Biogen,BIIB,USA
2019-02-20,332.3699951171875,335.2999877929688,331.5700073242188,335.1600036621094,335.1600036621094,859900,Biogen,BIIB,USA
2019-02-21,329.9700012207031,331.489990234375,320.3900146484375,321.1700134277344,321.1700134277344,1441200,Biogen,BIIB,USA
2019-02-22,321.1900024414062,325.3900146484375,320.4299926757812,325.3299865722656,325.3299865722656,1030000,Biogen,BIIB,USA
2019-02-25,327.9500122070312,331.989990234375,326.25,327.4800109863281,327.4800109863281,839000,Biogen,BIIB,USA
2019-02-26,327.2300109863281,329.1499938964844,325.1300048828125,327.6199951171875,327.6199951171875,742900,Biogen,BIIB,USA
2019-02-27,326.5299987792969,330.0299987792969,325.510009765625,328.8900146484375,328.8900146484375,598500,Biogen,BIIB,USA
2019-02-28,327.6400146484375,329.7799987792969,326.510009765625,328.010009765625,328.010009765625,752900,Biogen,BIIB,USA
2019-03-01,331.2900085449219,335.1700134277344,330.1499938964844,334.1000061035156,334.1000061035156,906100,Biogen,BIIB,USA
2019-03-04,335.6000061035156,336.5700073242188,324.4400024414062,327.260009765625,327.260009765625,1046900,Biogen,BIIB,USA
2019-03-05,327.75,330.1199951171875,325.0400085449219,326.8699951171875,326.8699951171875,1020400,Biogen,BIIB,USA
2019-03-06,327.489990234375,328.4100036621094,317.8399963378906,317.9700012207031,317.9700012207031,1007800,Biogen,BIIB,USA
2019-03-07,317.1099853515625,318.0,314.1799926757812,315.2900085449219,315.2900085449219,1078700,Biogen,BIIB,USA
2019-03-08,312.2900085449219,313.3299865722656,305.8999938964844,307.9299926757812,307.9299926757812,1602100,Biogen,BIIB,USA
2019-03-11,308.2799987792969,312.1499938964844,307.2799987792969,311.4599914550781,311.4599914550781,1491700,Biogen,BIIB,USA
2019-03-12,313.0799865722656,315.2799987792969,311.260009765625,312.7200012207031,312.7200012207031,1332200,Biogen,BIIB,USA
2019-03-13,313.1199951171875,321.2200012207031,312.1099853515625,320.5599975585938,320.5599975585938,1107200,Biogen,BIIB,USA
2019-03-14,321.5299987792969,323.5499877929688,318.7000122070312,321.5199890136719,321.5199890136719,1157500,Biogen,BIIB,USA
2019-03-15,321.9599914550781,330.1000061035156,321.9599914550781,329.8699951171875,329.8699951171875,2368100,Biogen,BIIB,USA
2019-03-18,328.5499877929688,330.0,324.2799987792969,325.6499938964844,325.6499938964844,1055800,Biogen,BIIB,USA
2019-03-19,326.260009765625,327.75,322.3999938964844,323.760009765625,323.760009765625,1081900,Biogen,BIIB,USA
2019-03-20,323.6700134277344,325.0,320.1400146484375,320.5899963378906,320.5899963378906,993400,Biogen,BIIB,USA
2019-03-21,230.0700073242188,235.7700042724609,224.6000061035156,226.8800048828125,226.8800048828125,21621700,Biogen,BIIB,USA
2019-03-22,225.1000061035156,226.8000030517578,216.4900054931641,216.7100067138672,216.7100067138672,8490900,Biogen,BIIB,USA
2019-03-25,220.0200042724609,221.8800048828125,216.1199951171875,220.2599945068359,220.2599945068359,5968600,Biogen,BIIB,USA
2019-03-26,221.8899993896484,233.7599945068359,221.5700073242188,232.9100036621094,232.9100036621094,6808300,Biogen,BIIB,USA
2019-03-27,232.9400024414062,237.7700042724609,227.0800018310547,229.9499969482422,229.9499969482422,4041500,Biogen,BIIB,USA
2019-03-28,230.9799957275391,236.2799987792969,230.1100006103516,232.8200073242188,232.8200073242188,2856400,Biogen,BIIB,USA
2019-03-29,235.5899963378906,237.1399993896484,233.0200042724609,236.3800048828125,236.3800048828125,2697200,Biogen,BIIB,USA
2019-04-01,239.0700073242188,239.4600067138672,232.2200012207031,232.4900054931641,232.4900054931641,3504200,Biogen,BIIB,USA
2019-04-02,232.3500061035156,237.5500030517578,232.3500061035156,233.2700042724609,233.2700042724609,3337100,Biogen,BIIB,USA
2019-04-03,235.0,235.0,228.5,231.3999938964844,231.3999938964844,3937400,Biogen,BIIB,USA
2019-04-04,231.3999938964844,236.8000030517578,231.0399932861328,235.0399932861328,235.0399932861328,2629700,Biogen,BIIB,USA
2019-04-05,235.4700012207031,244.0800018310547,235.3099975585938,241.7200012207031,241.7200012207031,3250300,Biogen,BIIB,USA
2019-04-08,241.8300018310547,243.0500030517578,238.3800048828125,239.7400054931641,239.7400054931641,2088000,Biogen,BIIB,USA
2019-04-09,239.25,239.25,235.7200012207031,237.5800018310547,237.5800018310547,2146200,Biogen,BIIB,USA
2019-04-10,237.6499938964844,241.8699951171875,235.75,240.2799987792969,240.2799987792969,1612600,Biogen,BIIB,USA
2019-04-11,240.5200042724609,240.75,231.0500030517578,233.8300018310547,233.8300018310547,2875600,Biogen,BIIB,USA
2019-04-12,235.0,236.7899932861328,233.6100006103516,234.5,234.5,2001800,Biogen,BIIB,USA
2019-04-15,235.0399932861328,235.8800048828125,231.5700073242188,232.3699951171875,232.3699951171875,1753400,Biogen,BIIB,USA
2019-04-16,232.1699981689453,233.4400024414062,227.4199981689453,228.7200012207031,228.7200012207031,2425000,Biogen,BIIB,USA
2019-04-17,229.7700042724609,231.8800048828125,225.2799987792969,227.1799926757812,227.1799926757812,2507500,Biogen,BIIB,USA
2019-04-18,227.2799987792969,227.8800048828125,221.5299987792969,226.3899993896484,226.3899993896484,2761000,Biogen,BIIB,USA
2019-04-22,226.9900054931641,232.1799926757812,226.5700073242188,228.8099975585938,228.8099975585938,1802900,Biogen,BIIB,USA
2019-04-23,228.2700042724609,233.3500061035156,226.7400054931641,230.2100067138672,230.2100067138672,2557300,Biogen,BIIB,USA
2019-04-24,232.0200042724609,232.8000030517578,223.4600067138672,224.3999938964844,224.3999938964844,4123900,Biogen,BIIB,USA
2019-04-25,224.0299987792969,232.1999969482422,223.0899963378906,229.8899993896484,229.8899993896484,2547800,Biogen,BIIB,USA
2019-04-26,230.25,231.4400024414062,226.6900024414062,230.5299987792969,230.5299987792969,1660800,Biogen,BIIB,USA
2019-04-29,230.9600067138672,231.6999969482422,228.0800018310547,229.3800048828125,229.3800048828125,1517800,Biogen,BIIB,USA
2019-04-30,229.6699981689453,231.4299926757812,226.3999938964844,229.2400054931641,229.2400054931641,1914000,Biogen,BIIB,USA
2019-05-01,228.9700012207031,232.4400024414062,227.8899993896484,229.5,229.5,1666100,Biogen,BIIB,USA
2019-05-02,229.8300018310547,234.4900054931641,229.2200012207031,230.5200042724609,230.5200042724609,1965600,Biogen,BIIB,USA
2019-05-03,232.7700042724609,234.1100006103516,230.5500030517578,231.1799926757812,231.1799926757812,2382300,Biogen,BIIB,USA
2019-05-06,228.9499969482422,236.6799926757812,227.5,236.0700073242188,236.0700073242188,2368700,Biogen,BIIB,USA
2019-05-07,233.7899932861328,238.1699981689453,227.6900024414062,229.0200042724609,229.0200042724609,3150300,Biogen,BIIB,USA
2019-05-08,229.25,232.5299987792969,227.5899963378906,230.9799957275391,230.9799957275391,2087500,Biogen,BIIB,USA
2019-05-09,229.1699981689453,229.5200042724609,224.3399963378906,228.4700012207031,228.4700012207031,2108500,Biogen,BIIB,USA
2019-05-10,227.6799926757812,228.5,222.5800018310547,226.2299957275391,226.2299957275391,1899500,Biogen,BIIB,USA
2019-05-13,222.9900054931641,226.9100036621094,222.1199951171875,225.6600036621094,225.6600036621094,1799300,Biogen,BIIB,USA
2019-05-14,225.8800048828125,230.4499969482422,225.4100036621094,229.1799926757812,229.1799926757812,1905700,Biogen,BIIB,USA
2019-05-15,228.8000030517578,232.0700073242188,227.0500030517578,230.5899963378906,230.5899963378906,1394300,Biogen,BIIB,USA
2019-05-16,230.4600067138672,232.8300018310547,229.8000030517578,230.8699951171875,230.8699951171875,1447500,Biogen,BIIB,USA
2019-05-17,229.5,232.0,228.1100006103516,229.2799987792969,229.2799987792969,1893300,Biogen,BIIB,USA
2019-05-20,228.1799926757812,232.0099945068359,226.6100006103516,230.7599945068359,230.7599945068359,2004400,Biogen,BIIB,USA
2019-05-21,230.0700073242188,234.4900054931641,228.8099975585938,232.9199981689453,232.9199981689453,1531100,Biogen,BIIB,USA
2019-05-22,231.9199981689453,236.8899993896484,230.0500030517578,235.0399932861328,235.0399932861328,1478000,Biogen,BIIB,USA
2019-05-23,232.9400024414062,233.2200012207031,227.3800048828125,229.1100006103516,229.1100006103516,2120700,Biogen,BIIB,USA
2019-05-24,229.7299957275391,230.5200042724609,225.8200073242188,227.0599975585938,227.0599975585938,1792500,Biogen,BIIB,USA
2019-05-28,227.7899932861328,230.1399993896484,225.0899963378906,225.5399932861328,225.5399932861328,1876200,Biogen,BIIB,USA
2019-05-29,223.6399993896484,224.4900054931641,221.2299957275391,223.3999938964844,223.3999938964844,1549700,Biogen,BIIB,USA
2019-05-30,223.0099945068359,224.9700012207031,221.1199951171875,223.7799987792969,223.7799987792969,1071300,Biogen,BIIB,USA
2019-05-31,221.7100067138672,223.3099975585938,219.1999969482422,219.2899932861328,219.2899932861328,1649800,Biogen,BIIB,USA
2019-06-03,220.3099975585938,226.5800018310547,219.5099945068359,223.3699951171875,223.3699951171875,1714600,Biogen,BIIB,USA
2019-06-04,224.5099945068359,229.25,224.3099975585938,227.0,227.0,1446200,Biogen,BIIB,USA
2019-06-05,227.1199951171875,227.5700073242188,224.4799957275391,226.0899963378906,226.0899963378906,1378100,Biogen,BIIB,USA
2019-06-06,225.1799926757812,228.1699981689453,223.8500061035156,224.3500061035156,224.3500061035156,1641700,Biogen,BIIB,USA
2019-06-07,226.0500030517578,228.8699951171875,224.0099945068359,227.2299957275391,227.2299957275391,1428700,Biogen,BIIB,USA
2019-06-10,227.5200042724609,230.5899963378906,226.5,228.3999938964844,228.3999938964844,1312800,Biogen,BIIB,USA
2019-06-11,229.5,232.8099975585938,228.7799987792969,229.0800018310547,229.0800018310547,1296900,Biogen,BIIB,USA
2019-06-12,228.2899932861328,231.6000061035156,228.0099945068359,230.4299926757812,230.4299926757812,1238600,Biogen,BIIB,USA
2019-06-13,231.0500030517578,233.8300018310547,229.6999969482422,231.2599945068359,231.2599945068359,1166100,Biogen,BIIB,USA
2019-06-14,230.4900054931641,231.4199981689453,226.9600067138672,227.6699981689453,227.6699981689453,1475800,Biogen,BIIB,USA
2019-06-17,228.7599945068359,232.9600067138672,227.5500030517578,231.7799987792969,231.7799987792969,1669000,Biogen,BIIB,USA
2019-06-18,233.9499969482422,237.75,232.5399932861328,233.0099945068359,233.0099945068359,1646000,Biogen,BIIB,USA
2019-06-19,232.6100006103516,234.4199981689453,231.8600006103516,233.8899993896484,233.8899993896484,1802500,Biogen,BIIB,USA
2019-06-20,236.2599945068359,237.0,233.8899993896484,234.9700012207031,234.9700012207031,1910600,Biogen,BIIB,USA
2019-06-21,234.6699981689453,239.1399993896484,232.6999969482422,239.0899963378906,239.0899963378906,3065000,Biogen,BIIB,USA
2019-06-24,238.6999969482422,241.3099975585938,235.3300018310547,235.9100036621094,235.9100036621094,1435300,Biogen,BIIB,USA
2019-06-25,236.3999938964844,245.3500061035156,235.9900054931641,240.2899932861328,240.2899932861328,2108700,Biogen,BIIB,USA
2019-06-26,241.4499969482422,242.6799926757812,235.9199981689453,238.0700073242188,238.0700073242188,1872600,Biogen,BIIB,USA
2019-06-27,237.9100036621094,241.1399993896484,237.8300018310547,239.7700042724609,239.7700042724609,2124700,Biogen,BIIB,USA
2019-06-28,235.4900054931641,237.2899932861328,233.4600067138672,233.8699951171875,233.8699951171875,3667500,Biogen,BIIB,USA
2019-07-01,236.5899963378906,238.0299987792969,234.1300048828125,235.4900054931641,235.4900054931641,1866900,Biogen,BIIB,USA
2019-07-02,236.2599945068359,236.4799957275391,233.3999938964844,236.3699951171875,236.3699951171875,1401100,Biogen,BIIB,USA
2019-07-03,237.0,238.7400054931641,236.2400054931641,238.2700042724609,238.2700042724609,680200,Biogen,BIIB,USA
2019-07-05,236.9100036621094,238.9100036621094,233.2299957275391,234.25,234.25,1264500,Biogen,BIIB,USA
2019-07-08,234.25,234.25,228.0299987792969,230.8399963378906,230.8399963378906,1539900,Biogen,BIIB,USA
2019-07-09,229.4900054931641,234.3600006103516,228.5299987792969,234.2200012207031,234.2200012207031,1235600,Biogen,BIIB,USA
2019-07-10,233.8800048828125,235.9799957275391,229.4600067138672,232.4299926757812,232.4299926757812,1281400,Biogen,BIIB,USA
2019-07-11,231.8000030517578,232.1399993896484,227.1900024414062,231.6000061035156,231.6000061035156,1421200,Biogen,BIIB,USA
2019-07-12,230.8899993896484,233.4499969482422,230.6399993896484,231.4199981689453,231.4199981689453,1248700,Biogen,BIIB,USA
2019-07-15,232.5299987792969,234.3500061035156,229.8899993896484,233.6199951171875,233.6199951171875,1028300,Biogen,BIIB,USA
2019-07-16,234.3000030517578,235.0399932861328,231.0599975585938,231.5500030517578,231.5500030517578,1207200,Biogen,BIIB,USA
2019-07-17,231.5299987792969,231.9900054931641,229.3500061035156,229.4400024414062,229.4400024414062,851700,Biogen,BIIB,USA
2019-07-18,229.8500061035156,232.3399963378906,228.5800018310547,232.2299957275391,232.2299957275391,1195800,Biogen,BIIB,USA
2019-07-19,232.8600006103516,234.1300048828125,231.0899963378906,231.2700042724609,231.2700042724609,1315700,Biogen,BIIB,USA
2019-07-22,232.5200042724609,235.2400054931641,231.2899932861328,232.4799957275391,232.4799957275391,1274700,Biogen,BIIB,USA
2019-07-23,239.0,246.9900054931641,238.2100067138672,243.8800048828125,243.8800048828125,3295000,Biogen,BIIB,USA
2019-07-24,244.6999969482422,245.9299926757812,239.1499938964844,241.2400054931641,241.2400054931641,1565000,Biogen,BIIB,USA
2019-07-25,241.3200073242188,241.5500030517578,237.3000030517578,238.2100067138672,238.2100067138672,932800,Biogen,BIIB,USA
2019-07-26,233.9100036621094,238.4499969482422,232.3200073242188,238.2100067138672,238.2100067138672,1544500,Biogen,BIIB,USA
2019-07-29,238.2100067138672,239.3000030517578,235.9299926757812,237.1100006103516,237.1100006103516,883600,Biogen,BIIB,USA
2019-07-30,237.3300018310547,242.6399993896484,236.0599975585938,241.5099945068359,241.5099945068359,1215900,Biogen,BIIB,USA
2019-07-31,239.7599945068359,241.4199981689453,235.2400054931641,237.8200073242188,237.8200073242188,1074900,Biogen,BIIB,USA
2019-08-01,238.7599945068359,245.3000030517578,236.4199981689453,243.0599975585938,243.0599975585938,1871000,Biogen,BIIB,USA
2019-08-02,242.1199951171875,242.9799957275391,239.3300018310547,242.2700042724609,242.2700042724609,1111100,Biogen,BIIB,USA
2019-08-05,240.3500061035156,240.9900054931641,234.1499938964844,235.2100067138672,235.2100067138672,1327000,Biogen,BIIB,USA
2019-08-06,236.4499969482422,240.9900054931641,232.3000030517578,240.1699981689453,240.1699981689453,1389900,Biogen,BIIB,USA
2019-08-07,237.8099975585938,239.1499938964844,233.0700073242188,237.5800018310547,237.5800018310547,1169400,Biogen,BIIB,USA
2019-08-08,238.1600036621094,239.9199981689453,235.7799987792969,238.2299957275391,238.2299957275391,1651400,Biogen,BIIB,USA
2019-08-09,237.8399963378906,238.0,234.3999938964844,235.8000030517578,235.8000030517578,1036000,Biogen,BIIB,USA
2019-08-12,234.0899963378906,235.5299987792969,229.4499969482422,230.9600067138672,230.9600067138672,1233700,Biogen,BIIB,USA
2019-08-13,230.8300018310547,234.7599945068359,230.1999969482422,233.2299957275391,233.2299957275391,1067400,Biogen,BIIB,USA
2019-08-14,230.0,230.5700073242188,226.0,226.7200012207031,226.7200012207031,1390900,Biogen,BIIB,USA
2019-08-15,227.0800018310547,228.6600036621094,226.5299987792969,227.6300048828125,227.6300048828125,1034400,Biogen,BIIB,USA
2019-08-16,229.3899993896484,232.8699951171875,227.4400024414062,231.6799926757812,231.6799926757812,953900,Biogen,BIIB,USA
2019-08-19,233.3699951171875,236.6399993896484,233.1799926757812,235.7200012207031,235.7200012207031,1021800,Biogen,BIIB,USA
2019-08-20,235.0899963378906,235.5500030517578,230.75,231.2799987792969,231.2799987792969,843600,Biogen,BIIB,USA
2019-08-21,232.8000030517578,233.7799987792969,231.5,233.1799926757812,233.1799926757812,807500,Biogen,BIIB,USA
2019-08-22,233.4199981689453,233.6000061035156,229.5299987792969,232.0599975585938,232.0599975585938,732900,Biogen,BIIB,USA
2019-08-23,231.2599945068359,231.8699951171875,225.1000061035156,225.8500061035156,225.8500061035156,1288100,Biogen,BIIB,USA
2019-08-26,227.3200073242188,227.9900054931641,222.9499969482422,223.7599945068359,223.7599945068359,983600,Biogen,BIIB,USA
2019-08-27,225.0,225.6399993896484,219.7100067138672,220.7899932861328,220.7899932861328,1564000,Biogen,BIIB,USA
2019-08-28,220.5500030517578,223.4799957275391,219.0,221.0700073242188,221.0700073242188,1408200,Biogen,BIIB,USA
2019-08-29,223.1000061035156,223.75,219.8000030517578,220.1600036621094,220.1600036621094,1175300,Biogen,BIIB,USA
2019-08-30,220.7299957275391,221.6799926757812,217.8999938964844,219.75,219.75,1226300,Biogen,BIIB,USA
2019-09-03,218.1499938964844,219.8899993896484,216.0899963378906,217.4400024414062,217.4400024414062,1385000,Biogen,BIIB,USA
2019-09-04,218.75,219.3899993896484,215.7799987792969,219.2899932861328,219.2899932861328,1166200,Biogen,BIIB,USA
2019-09-05,220.4400024414062,225.4299926757812,220.4400024414062,223.9600067138672,223.9600067138672,1491900,Biogen,BIIB,USA
2019-09-06,224.4600067138672,227.2700042724609,222.6999969482422,224.5700073242188,224.5700073242188,1201300,Biogen,BIIB,USA
2019-09-09,225.5800018310547,231.0599975585938,224.3899993896484,230.0,230.0,1651800,Biogen,BIIB,USA
2019-09-10,230.25,234.8000030517578,230.1799926757812,233.0,233.0,1718900,Biogen,BIIB,USA
2019-09-11,230.2299957275391,238.7400054931641,229.7799987792969,235.9600067138672,235.9600067138672,1823600,Biogen,BIIB,USA
2019-09-12,236.3099975585938,236.3099975585938,226.0599975585938,232.3099975585938,232.3099975585938,1953500,Biogen,BIIB,USA
2019-09-13,232.0,237.9799957275391,232.0,236.6300048828125,236.6300048828125,1689000,Biogen,BIIB,USA
2019-09-16,236.1699981689453,240.5,234.8200073242188,236.1199951171875,236.1199951171875,1598400,Biogen,BIIB,USA
2019-09-17,234.8600006103516,239.5,234.3600006103516,238.6999969482422,238.6999969482422,1205700,Biogen,BIIB,USA
2019-09-18,239.3600006103516,239.5200042724609,233.3200073242188,235.1699981689453,235.1699981689453,1562400,Biogen,BIIB,USA
2019-09-19,235.1100006103516,238.4199981689453,234.2299957275391,235.6199951171875,235.6199951171875,1237800,Biogen,BIIB,USA
2019-09-20,235.4299926757812,242.2100067138672,234.3000030517578,238.7899932861328,238.7899932861328,3577300,Biogen,BIIB,USA
2019-09-23,238.5800018310547,242.7100067138672,237.3699951171875,239.9600067138672,239.9600067138672,1317800,Biogen,BIIB,USA
2019-09-24,240.0,241.4700012207031,235.1499938964844,236.1999969482422,236.1999969482422,1545300,Biogen,BIIB,USA
2019-09-25,236.1999969482422,239.1900024414062,235.6699981689453,235.8999938964844,235.8999938964844,1148700,Biogen,BIIB,USA
2019-09-26,236.6100006103516,236.8600006103516,228.8000030517578,230.2200012207031,230.2200012207031,1647200,Biogen,BIIB,USA
2019-09-27,231.2799987792969,233.2400054931641,228.1300048828125,230.2200012207031,230.2200012207031,1340200,Biogen,BIIB,USA
2019-09-30,230.2799987792969,235.25,229.4199981689453,232.8200073242188,232.8200073242188,1182400,Biogen,BIIB,USA
2019-10-01,232.7599945068359,234.0399932861328,224.6699981689453,227.1999969482422,227.1999969482422,1805800,Biogen,BIIB,USA
2019-10-02,226.5599975585938,228.3500061035156,220.6100006103516,221.2599945068359,221.2599945068359,1990800,Biogen,BIIB,USA
2019-10-03,221.6999969482422,223.4799957275391,219.6999969482422,222.5,222.5,1827500,Biogen,BIIB,USA
2019-10-04,223.1000061035156,225.5,222.1999969482422,224.0,224.0,1214600,Biogen,BIIB,USA
2019-10-07,225.6399993896484,229.7599945068359,224.0,226.9900054931641,226.9900054931641,1572000,Biogen,BIIB,USA
2019-10-08,225.1600036621094,226.1000061035156,221.5599975585938,221.9400024414062,221.9400024414062,1973700,Biogen,BIIB,USA
2019-10-09,223.1499938964844,224.1499938964844,221.8999938964844,222.1300048828125,222.1300048828125,1429300,Biogen,BIIB,USA
2019-10-10,222.1399993896484,224.2100067138672,221.9600067138672,223.0,223.0,1471200,Biogen,BIIB,USA
2019-10-11,225.4400024414062,227.5,220.5099945068359,223.2100067138672,223.2100067138672,2388300,Biogen,BIIB,USA
2019-10-14,222.5,226.3800048828125,221.8399963378906,225.7599945068359,225.7599945068359,2553900,Biogen,BIIB,USA
2019-10-15,225.4100036621094,228.3300018310547,225.1600036621094,226.0599975585938,226.0599975585938,1976600,Biogen,BIIB,USA
2019-10-16,226.2299957275391,229.75,225.9600067138672,227.7200012207031,227.7200012207031,1365300,Biogen,BIIB,USA
2019-10-17,227.8500061035156,228.9700012207031,223.4799957275391,225.6000061035156,225.6000061035156,1776600,Biogen,BIIB,USA
2019-10-18,225.4900054931641,225.4900054931641,220.0099945068359,220.0599975585938,220.0599975585938,2801700,Biogen,BIIB,USA
2019-10-21,222.0,225.7799987792969,221.5599975585938,223.5099945068359,223.5099945068359,2358100,Biogen,BIIB,USA
2019-10-22,310.0,318.0,279.1600036621094,281.8699951171875,281.8699951171875,21843100,Biogen,BIIB,USA
2019-10-23,285.239990234375,286.6700134277344,275.6600036621094,278.8200073242188,278.8200073242188,5522400,Biogen,BIIB,USA
2019-10-24,278.2099914550781,287.0400085449219,278.010009765625,285.6799926757812,285.6799926757812,2803200,Biogen,BIIB,USA
2019-10-25,285.3399963378906,290.1799926757812,284.1000061035156,288.0400085449219,288.0400085449219,2163900,Biogen,BIIB,USA
2019-10-28,283.760009765625,295.9700012207031,283.3900146484375,295.5400085449219,295.5400085449219,2395100,Biogen,BIIB,USA
2019-10-29,294.760009765625,299.8900146484375,294.739990234375,297.5,297.5,2391300,Biogen,BIIB,USA
2019-10-30,302.510009765625,306.9200134277344,299.0199890136719,299.8900146484375,299.8900146484375,2146500,Biogen,BIIB,USA
2019-10-31,300.0199890136719,301.5799865722656,295.5700073242188,298.7099914550781,298.7099914550781,1959900,Biogen,BIIB,USA
2019-11-01,299.7900085449219,303.7900085449219,298.5700073242188,299.2000122070312,299.2000122070312,1463300,Biogen,BIIB,USA
2019-11-04,301.1400146484375,302.5599975585938,293.1300048828125,293.4299926757812,293.4299926757812,1576200,Biogen,BIIB,USA
2019-11-05,293.75,295.0899963378906,288.8200073242188,292.1799926757812,292.1799926757812,1374600,Biogen,BIIB,USA
2019-11-06,292.3399963378906,293.0,286.8500061035156,289.0,289.0,1306400,Biogen,BIIB,USA
2019-11-07,289.5199890136719,290.5599975585938,285.6000061035156,286.8699951171875,286.8699951171875,1430700,Biogen,BIIB,USA
2019-11-08,286.5299987792969,293.3900146484375,285.25,293.25,293.25,1477100,Biogen,BIIB,USA
2019-11-11,292.4800109863281,294.9200134277344,290.5199890136719,294.1400146484375,294.1400146484375,1007700,Biogen,BIIB,USA
2019-11-12,295.0,296.25,289.1199951171875,291.3999938964844,291.3999938964844,1860900,Biogen,BIIB,USA
2019-11-13,290.25,290.25,280.9500122070312,281.8900146484375,281.8900146484375,1910300,Biogen,BIIB,USA
2019-11-14,282.8399963378906,282.8399963378906,271.4800109863281,275.1499938964844,275.1499938964844,2354800,Biogen,BIIB,USA
2019-11-15,278.25,283.9500122070312,277.1099853515625,282.2699890136719,282.2699890136719,1922200,Biogen,BIIB,USA
2019-11-18,280.4299926757812,283.5,280.0499877929688,282.6199951171875,282.6199951171875,1626700,Biogen,BIIB,USA
2019-11-19,282.1099853515625,290.6900024414062,280.510009765625,285.4299926757812,285.4299926757812,2001500,Biogen,BIIB,USA
2019-11-20,285.0899963378906,289.1000061035156,283.8800048828125,285.3999938964844,285.3999938964844,1409600,Biogen,BIIB,USA
2019-11-21,285.3500061035156,289.1799926757812,283.760009765625,288.4599914550781,288.4599914550781,1292400,Biogen,BIIB,USA
2019-11-22,288.3999938964844,301.8599853515625,288.3200073242188,299.0799865722656,299.0799865722656,3288200,Biogen,BIIB,USA
2019-11-25,301.6300048828125,307.010009765625,300.5599975585938,302.6099853515625,302.6099853515625,2226100,Biogen,BIIB,USA
2019-11-26,301.6000061035156,307.3500061035156,301.6000061035156,302.989990234375,302.989990234375,2417200,Biogen,BIIB,USA
2019-11-27,303.6099853515625,304.0,298.6799926757812,303.3500061035156,303.3500061035156,1369900,Biogen,BIIB,USA
2019-11-29,301.1000061035156,305.1799926757812,299.3999938964844,299.8099975585938,299.8099975585938,944600,Biogen,BIIB,USA
2019-12-02,292.3500061035156,296.6000061035156,290.1600036621094,292.3900146484375,292.3900146484375,1822200,Biogen,BIIB,USA
2019-12-03,291.7799987792969,294.6499938964844,289.7999877929688,290.7000122070312,290.7000122070312,1644900,Biogen,BIIB,USA
2019-12-04,290.1499938964844,293.1400146484375,284.0299987792969,289.5199890136719,289.5199890136719,1736200,Biogen,BIIB,USA
2019-12-05,291.0,309.0599975585938,275.0400085449219,299.3900146484375,299.3900146484375,5988600,Biogen,BIIB,USA
2019-12-06,299.6799926757812,304.5599975585938,299.6799926757812,300.260009765625,300.260009765625,2261100,Biogen,BIIB,USA
2019-12-09,300.2699890136719,304.3200073242188,295.4599914550781,295.5499877929688,295.5499877929688,2077000,Biogen,BIIB,USA
2019-12-10,294.3800048828125,300.260009765625,294.3699951171875,297.2000122070312,297.2000122070312,1227200,Biogen,BIIB,USA
2019-12-11,296.8200073242188,299.2900085449219,292.0,292.2300109863281,292.2300109863281,1313900,Biogen,BIIB,USA
2019-12-12,291.9400024414062,296.1700134277344,290.9299926757812,293.8500061035156,293.8500061035156,1951100,Biogen,BIIB,USA
2019-12-13,298.0,304.0,294.8900146484375,296.8299865722656,296.8299865722656,1946100,Biogen,BIIB,USA
2019-12-16,297.8099975585938,301.739990234375,296.75,301.3999938964844,301.3999938964844,1398700,Biogen,BIIB,USA
2019-12-17,301.8599853515625,301.9299926757812,296.2999877929688,297.1099853515625,297.1099853515625,1360300,Biogen,BIIB,USA
2019-12-18,297.6300048828125,300.8299865722656,295.5499877929688,296.6099853515625,296.6099853515625,1790800,Biogen,BIIB,USA
2019-12-19,297.2699890136719,298.7699890136719,295.010009765625,297.5799865722656,297.5799865722656,1472400,Biogen,BIIB,USA
2019-12-20,301.0,301.8500061035156,299.5,301.0499877929688,301.0499877929688,3949700,Biogen,BIIB,USA
2019-12-23,302.8999938964844,305.7200012207031,300.8599853515625,301.5599975585938,301.5599975585938,1542200,Biogen,BIIB,USA
2019-12-24,301.6400146484375,304.6499938964844,301.0700073242188,304.0700073242188,304.0700073242188,433700,Biogen,BIIB,USA
2019-12-26,304.4700012207031,306.9400024414062,301.2799987792969,301.7900085449219,301.7900085449219,738200,Biogen,BIIB,USA
2019-12-27,302.8500061035156,303.0499877929688,299.489990234375,300.0899963378906,300.0899963378906,677100,Biogen,BIIB,USA
2019-12-30,300.3699951171875,301.5700073242188,295.010009765625,296.010009765625,296.010009765625,873200,Biogen,BIIB,USA
2019-12-31,295.2799987792969,297.3599853515625,292.8399963378906,296.7300109863281,296.7300109863281,810100,Biogen,BIIB,USA
2020-01-02,299.0599975585938,299.0799865722656,292.2799987792969,294.239990234375,294.239990234375,1178300,Biogen,BIIB,USA
2020-01-03,290.7699890136719,292.6799926757812,290.2200012207031,290.8500061035156,290.8500061035156,700100,Biogen,BIIB,USA
2020-01-06,290.239990234375,291.1900024414062,288.2000122070312,290.8200073242188,290.8200073242188,1271000,Biogen,BIIB,USA
2020-01-07,290.5700073242188,291.8399963378906,287.989990234375,290.0899963378906,290.0899963378906,1034000,Biogen,BIIB,USA
2020-01-08,288.8800048828125,294.1900024414062,287.8099975585938,292.6600036621094,292.6600036621094,1059000,Biogen,BIIB,USA
2020-01-09,293.989990234375,296.5700073242188,292.3599853515625,294.2999877929688,294.2999877929688,966500,Biogen,BIIB,USA
2020-01-10,294.6400146484375,298.739990234375,294.3599853515625,296.510009765625,296.510009765625,1164500,Biogen,BIIB,USA
2020-01-13,294.8099975585938,295.5,290.8299865722656,293.8999938964844,293.8999938964844,1401100,Biogen,BIIB,USA
2020-01-14,294.1000061035156,306.3500061035156,291.2699890136719,298.9700012207031,298.9700012207031,2112600,Biogen,BIIB,USA
2020-01-15,298.9400024414062,300.3699951171875,292.4100036621094,293.0899963378906,293.0899963378906,1975600,Biogen,BIIB,USA
2020-01-16,294.489990234375,294.7999877929688,284.239990234375,286.1400146484375,286.1400146484375,2800000,Biogen,BIIB,USA
2020-01-17,287.3200073242188,288.0,284.8999938964844,285.5,285.5,1765000,Biogen,BIIB,USA
2020-01-21,286.5400085449219,287.8399963378906,282.760009765625,287.1900024414062,287.1900024414062,2253100,Biogen,BIIB,USA
2020-01-22,288.1700134277344,290.8500061035156,287.6000061035156,288.1000061035156,288.1000061035156,1571000,Biogen,BIIB,USA
2020-01-23,287.2300109863281,288.0799865722656,281.2099914550781,284.2099914550781,284.2099914550781,1936100,Biogen,BIIB,USA
2020-01-24,284.2099914550781,284.989990234375,277.3200073242188,278.1400146484375,278.1400146484375,1260200,Biogen,BIIB,USA
2020-01-27,278.1400146484375,282.3299865722656,276.239990234375,281.1400146484375,281.1400146484375,1405500,Biogen,BIIB,USA
2020-01-28,283.9599914550781,284.2900085449219,280.7200012207031,281.9500122070312,281.9500122070312,1136500,Biogen,BIIB,USA
2020-01-29,282.0499877929688,283.3800048828125,279.6600036621094,282.5199890136719,282.5199890136719,1166200,Biogen,BIIB,USA
2020-01-30,288.1199951171875,288.1199951171875,276.1400146484375,277.5299987792969,277.5299987792969,1601000,Biogen,BIIB,USA
2020-01-31,276.0799865722656,276.2799987792969,267.5899963378906,268.8500061035156,268.8500061035156,1701700,Biogen,BIIB,USA
2020-02-03,270.6099853515625,275.2999877929688,269.760009765625,272.7300109863281,272.7300109863281,1257800,Biogen,BIIB,USA
2020-02-04,276.3999938964844,285.6000061035156,275.9400024414062,283.2900085449219,283.2900085449219,1684400,Biogen,BIIB,USA
2020-02-05,285.6300048828125,374.989990234375,279.1799926757812,332.8699951171875,332.8699951171875,10159200,Biogen,BIIB,USA
2020-02-06,338.3900146484375,348.6600036621094,333.5,337.239990234375,337.239990234375,3613600,Biogen,BIIB,USA
2020-02-07,335.3900146484375,340.3200073242188,331.6600036621094,338.7000122070312,338.7000122070312,2209400,Biogen,BIIB,USA
2020-02-10,332.0,339.5599975585938,330.239990234375,338.9299926757812,338.9299926757812,1867000,Biogen,BIIB,USA
2020-02-11,338.0599975585938,340.0499877929688,329.7200012207031,332.2900085449219,332.2900085449219,1806200,Biogen,BIIB,USA
2020-02-12,331.6600036621094,334.7099914550781,329.0400085449219,331.760009765625,331.760009765625,1603000,Biogen,BIIB,USA
2020-02-13,329.2000122070312,338.8800048828125,329.0,334.25,334.25,1307300,Biogen,BIIB,USA
2020-02-14,334.0,335.3999938964844,331.8299865722656,333.0,333.0,1023200,Biogen,BIIB,USA
2020-02-18,343.6600036621094,344.0,334.0899963378906,337.1000061035156,337.1000061035156,1515100,Biogen,BIIB,USA
2020-02-19,338.0,341.7699890136719,335.4200134277344,341.0400085449219,341.0400085449219,1488400,Biogen,BIIB,USA
2020-02-20,342.1799926757812,343.0,332.5,336.6400146484375,336.6400146484375,1497800,Biogen,BIIB,USA
2020-02-21,336.9700012207031,337.8200073242188,334.6000061035156,336.7099914550781,336.7099914550781,923200,Biogen,BIIB,USA
2020-02-24,331.5,336.0,325.4200134277344,325.9800109863281,325.9800109863281,1732500,Biogen,BIIB,USA
2020-02-25,327.2000122070312,330.6099853515625,322.7000122070312,324.1099853515625,324.1099853515625,1831100,Biogen,BIIB,USA
2020-02-26,326.9800109863281,330.9299926757812,323.6099853515625,327.4500122070312,327.4500122070312,1411300,Biogen,BIIB,USA
2020-02-27,324.7200012207031,325.5499877929688,309.6300048828125,310.0799865722656,310.0799865722656,2221100,Biogen,BIIB,USA
2020-02-28,300.2300109863281,310.5400085449219,299.0,308.3900146484375,308.3900146484375,2396200,Biogen,BIIB,USA
2020-03-02,308.6400146484375,328.2300109863281,307.8299865722656,327.8900146484375,327.8900146484375,2364600,Biogen,BIIB,USA
2020-03-03,320.2799987792969,333.0,311.8699951171875,315.7799987792969,315.7799987792969,2036100,Biogen,BIIB,USA
2020-03-04,319.2900085449219,328.4500122070312,316.4100036621094,328.4500122070312,328.4500122070312,1752300,Biogen,BIIB,USA
2020-03-05,319.7300109863281,326.4500122070312,315.0,317.7000122070312,317.7000122070312,1470400,Biogen,BIIB,USA
2020-03-06,308.2699890136719,319.1799926757812,306.1700134277344,317.9500122070312,317.9500122070312,1513000,Biogen,BIIB,USA
2020-03-09,301.0,306.9700012207031,293.760009765625,297.1900024414062,297.1900024414062,2149500,Biogen,BIIB,USA
2020-03-10,304.489990234375,308.7699890136719,289.5799865722656,305.6300048828125,305.6300048828125,2378600,Biogen,BIIB,USA
2020-03-11,295.989990234375,303.3599853515625,291.9599914550781,294.25,294.25,1878900,Biogen,BIIB,USA
2020-03-12,280.0,285.4200134277344,266.010009765625,268.8800048828125,268.8800048828125,2901000,Biogen,BIIB,USA
2020-03-13,279.1400146484375,306.0,276.239990234375,305.2099914550781,305.2099914550781,3641100,Biogen,BIIB,USA
2020-03-16,281.8599853515625,309.3500061035156,273.5899963378906,281.7200012207031,281.7200012207031,3862600,Biogen,BIIB,USA
2020-03-17,285.3299865722656,314.6499938964844,284.1400146484375,305.3200073242188,305.3200073242188,2625900,Biogen,BIIB,USA
2020-03-18,293.7099914550781,306.739990234375,277.510009765625,298.6799926757812,298.6799926757812,2767300,Biogen,BIIB,USA
2020-03-19,293.1499938964844,297.4800109863281,283.2799987792969,288.0199890136719,288.0199890136719,2470000,Biogen,BIIB,USA
2020-03-20,288.0199890136719,301.8800048828125,277.8099975585938,278.7699890136719,278.7699890136719,2730000,Biogen,BIIB,USA
2020-03-23,283.3500061035156,288.0599975585938,262.25,269.1900024414062,269.1900024414062,2695400,Biogen,BIIB,USA
2020-03-24,278.8900146484375,283.260009765625,269.9800109863281,276.1900024414062,276.1900024414062,3464100,Biogen,BIIB,USA
2020-03-25,274.7300109863281,300.8399963378906,268.1300048828125,284.9800109863281,284.9800109863281,2678900,Biogen,BIIB,USA
2020-03-26,284.739990234375,306.7699890136719,284.510009765625,304.9400024414062,304.9400024414062,2270100,Biogen,BIIB,USA
2020-03-27,297.0,307.1400146484375,294.25,296.75,296.75,1653100,Biogen,BIIB,USA
2020-03-30,300.0,321.4100036621094,298.0799865722656,316.1300048828125,316.1300048828125,1747300,Biogen,BIIB,USA
2020-03-31,313.4800109863281,319.9400024414062,309.2000122070312,316.3800048828125,316.3800048828125,2869100,Biogen,BIIB,USA
2020-04-01,308.8099975585938,313.4599914550781,290.3500061035156,293.2699890136719,293.2699890136719,2177500,Biogen,BIIB,USA
2020-04-02,290.1000061035156,307.1499938964844,290.0,304.4700012207031,304.4700012207031,3286600,Biogen,BIIB,USA
2020-04-03,303.7000122070312,311.5199890136719,296.8099975585938,300.510009765625,300.510009765625,1422800,Biogen,BIIB,USA
2020-04-06,308.489990234375,314.1400146484375,300.6000061035156,311.3900146484375,311.3900146484375,3181100,Biogen,BIIB,USA
2020-04-07,314.9400024414062,319.6000061035156,299.6099853515625,301.2099914550781,301.2099914550781,2457700,Biogen,BIIB,USA
2020-04-08,305.25,319.3900146484375,301.010009765625,316.9500122070312,316.9500122070312,1932300,Biogen,BIIB,USA
2020-04-09,315.1000061035156,322.4500122070312,314.010009765625,321.0499877929688,321.0499877929688,1479600,Biogen,BIIB,USA
2020-04-13,318.010009765625,325.1099853515625,316.7900085449219,322.9400024414062,322.9400024414062,2083700,Biogen,BIIB,USA
2020-04-14,329.0,336.5,328.3399963378906,333.760009765625,333.760009765625,1675500,Biogen,BIIB,USA
2020-04-15,329.4500122070312,333.2000122070312,322.8599853515625,326.9400024414062,326.9400024414062,1426400,Biogen,BIIB,USA
2020-04-16,331.1499938964844,340.3800048828125,328.1700134277344,338.3399963378906,338.3399963378906,1602600,Biogen,BIIB,USA
2020-04-17,345.9700012207031,346.0499877929688,335.2900085449219,342.5499877929688,342.5499877929688,1701800,Biogen,BIIB,USA
2020-04-20,338.6400146484375,350.239990234375,337.2799987792969,339.4100036621094,339.4100036621094,1620700,Biogen,BIIB,USA
2020-04-21,332.510009765625,336.1900024414062,328.3699951171875,329.010009765625,329.010009765625,1521800,Biogen,BIIB,USA
2020-04-22,302.75,306.989990234375,289.0199890136719,298.010009765625,298.010009765625,6650100,Biogen,BIIB,USA
2020-04-23,293.6099853515625,297.4400024414062,291.5700073242188,292.25,292.25,2911100,Biogen,BIIB,USA
2020-04-24,293.0599975585938,297.9400024414062,290.1000061035156,297.7999877929688,297.7999877929688,1778800,Biogen,BIIB,USA
2020-04-27,300.5799865722656,305.0,299.739990234375,303.239990234375,303.239990234375,1611400,Biogen,BIIB,USA
2020-04-28,305.0199890136719,312.8299865722656,303.0,305.2200012207031,305.2200012207031,1862600,Biogen,BIIB,USA
2020-04-29,308.8399963378906,313.3399963378906,304.6300048828125,304.7099914550781,304.7099914550781,2100100,Biogen,BIIB,USA
2020-04-30,299.0,305.0499877929688,296.1400146484375,296.8299865722656,296.8299865722656,2291100,Biogen,BIIB,USA
2020-05-01,295.0700073242188,297.9200134277344,291.8800048828125,293.0899963378906,293.0899963378906,1538700,Biogen,BIIB,USA
2020-05-04,294.0599975585938,297.8999938964844,293.0199890136719,296.5199890136719,296.5199890136719,1253100,Biogen,BIIB,USA
2020-05-05,297.1400146484375,306.5,297.0799865722656,304.4400024414062,304.4400024414062,1348400,Biogen,BIIB,USA
2020-05-06,305.0499877929688,312.6600036621094,304.9800109863281,306.7799987792969,306.7799987792969,1255500,Biogen,BIIB,USA
2020-05-07,308.7099914550781,317.5499877929688,308.510009765625,314.010009765625,314.010009765625,1764300,Biogen,BIIB,USA
2020-05-08,315.489990234375,317.7000122070312,311.3699951171875,314.0199890136719,314.0199890136719,1126200,Biogen,BIIB,USA
2020-05-11,313.4100036621094,330.1300048828125,313.0,328.010009765625,328.010009765625,1513500,Biogen,BIIB,USA
2020-05-12,329.9100036621094,335.0,318.8900146484375,319.7699890136719,319.7699890136719,1882100,Biogen,BIIB,USA
2020-05-13,320.8999938964844,327.2000122070312,312.6600036621094,314.9599914550781,314.9599914550781,1795900,Biogen,BIIB,USA
2020-05-14,311.1499938964844,317.7799987792969,311.1499938964844,315.8200073242188,315.8200073242188,1167100,Biogen,BIIB,USA
2020-05-15,313.489990234375,317.2099914550781,311.0,316.6000061035156,316.6000061035156,820900,Biogen,BIIB,USA
2020-05-18,324.0,324.0,315.2900085449219,315.8999938964844,315.8999938964844,1022400,Biogen,BIIB,USA
2020-05-19,314.6700134277344,316.8500061035156,308.6600036621094,310.0799865722656,310.0799865722656,862100,Biogen,BIIB,USA
2020-05-20,311.5799865722656,314.5799865722656,308.1900024414062,309.5299987792969,309.5299987792969,904100,Biogen,BIIB,USA
2020-05-21,309.760009765625,311.260009765625,302.5299987792969,304.4599914550781,304.4599914550781,1099700,Biogen,BIIB,USA
2020-05-22,304.1099853515625,305.0299987792969,300.7999877929688,304.5299987792969,304.5299987792969,690100,Biogen,BIIB,USA
2020-05-26,309.0700073242188,309.0700073242188,294.8900146484375,295.8699951171875,295.8699951171875,1663500,Biogen,BIIB,USA
2020-05-27,297.0,301.5,291.8299865722656,301.4599914550781,301.4599914550781,1374700,Biogen,BIIB,USA
2020-05-28,302.2900085449219,304.7999877929688,297.8599853515625,300.5,300.5,1431000,Biogen,BIIB,USA
2020-05-29,300.9800109863281,307.8200073242188,297.9100036621094,307.0899963378906,307.0899963378906,1917300,Biogen,BIIB,USA
2020-06-01,305.7200012207031,306.9500122070312,300.7000122070312,301.4500122070312,301.4500122070312,863000,Biogen,BIIB,USA
2020-06-02,300.2799987792969,303.9200134277344,300.2799987792969,302.8599853515625,302.8599853515625,945800,Biogen,BIIB,USA
2020-06-03,303.0400085449219,304.6799926757812,299.7099914550781,302.6000061035156,302.6000061035156,945500,Biogen,BIIB,USA
2020-06-04,302.989990234375,303.9599914550781,297.5499877929688,299.6499938964844,299.6499938964844,1019000,Biogen,BIIB,USA
2020-06-05,300.6099853515625,308.2699890136719,298.1199951171875,306.7200012207031,306.7200012207031,1297400,Biogen,BIIB,USA
2020-06-08,304.4800109863281,306.0599975585938,299.1300048828125,301.260009765625,301.260009765625,1491000,Biogen,BIIB,USA
2020-06-09,297.0,297.3399963378906,291.0,293.739990234375,293.739990234375,2045800,Biogen,BIIB,USA
2020-06-10,296.0799865722656,296.8099975585938,291.8999938964844,295.25,295.25,1430800,Biogen,BIIB,USA
2020-06-11,293.6600036621094,294.3900146484375,281.2000122070312,283.2200012207031,283.2200012207031,1669500,Biogen,BIIB,USA
2020-06-12,286.0599975585938,286.9599914550781,273.5899963378906,279.2699890136719,279.2699890136719,2041100,Biogen,BIIB,USA
2020-06-15,276.3599853515625,278.989990234375,272.0199890136719,278.489990234375,278.489990234375,2187800,Biogen,BIIB,USA
2020-06-16,282.010009765625,285.9599914550781,280.2200012207031,282.1199951171875,282.1199951171875,1752900,Biogen,BIIB,USA
2020-06-17,283.6000061035156,285.2799987792969,279.6799926757812,281.4599914550781,281.4599914550781,2070600,Biogen,BIIB,USA
2020-06-18,261.0799865722656,270.1900024414062,258.9500122070312,260.2999877929688,260.2999877929688,6575000,Biogen,BIIB,USA
2020-06-19,261.75,271.989990234375,259.7999877929688,271.0,271.0,7723100,Biogen,BIIB,USA
2020-06-22,266.5,267.3599853515625,261.2300109863281,264.2900085449219,264.2900085449219,2195100,Biogen,BIIB,USA
2020-06-23,266.3699951171875,273.010009765625,265.489990234375,268.1900024414062,268.1900024414062,1820100,Biogen,BIIB,USA
2020-06-24,266.8999938964844,271.4200134277344,261.7900085449219,263.0400085449219,263.0400085449219,1448800,Biogen,BIIB,USA
2020-06-25,262.4200134277344,263.4200134277344,258.75,262.6300048828125,262.6300048828125,1271400,Biogen,BIIB,USA
2020-06-26,262.760009765625,262.989990234375,257.6000061035156,258.6600036621094,258.6600036621094,2356900,Biogen,BIIB,USA
2020-06-29,260.8399963378906,263.6799926757812,258.3999938964844,260.3500061035156,260.3500061035156,899300,Biogen,BIIB,USA
2020-06-30,260.9500122070312,268.4700012207031,260.3699951171875,267.5499877929688,267.5499877929688,1274000,Biogen,BIIB,USA
2020-07-01,266.8900146484375,269.3200073242188,261.8699951171875,264.7699890136719,264.7699890136719,1093800,Biogen,BIIB,USA
2020-07-02,265.489990234375,267.9800109863281,264.1199951171875,265.1199951171875,265.1199951171875,942900,Biogen,BIIB,USA
2020-07-06,268.0400085449219,270.7099914550781,267.1300048828125,269.7999877929688,269.7999877929688,859400,Biogen,BIIB,USA
2020-07-07,269.2999877929688,272.0499877929688,267.5700073242188,268.3500061035156,268.3500061035156,2069800,Biogen,BIIB,USA
2020-07-08,294.3200073242188,294.989990234375,278.1700134277344,280.1900024414062,280.1900024414062,3257800,Biogen,BIIB,USA
2020-07-09,282.2999877929688,282.989990234375,274.2799987792969,278.7000122070312,278.7000122070312,1115600,Biogen,BIIB,USA
2020-07-10,277.1799926757812,279.489990234375,275.3500061035156,278.8800048828125,278.8800048828125,955300,Biogen,BIIB,USA
2020-07-13,279.2799987792969,282.8599853515625,275.8999938964844,276.5199890136719,276.5199890136719,1209800,Biogen,BIIB,USA
2020-07-14,275.1499938964844,281.760009765625,274.1400146484375,281.2699890136719,281.2699890136719,895700,Biogen,BIIB,USA
2020-07-15,282.1300048828125,284.6900024414062,280.3900146484375,282.9599914550781,282.9599914550781,1136600,Biogen,BIIB,USA
2020-07-16,282.2200012207031,282.3200073242188,276.8099975585938,279.5400085449219,279.5400085449219,944300,Biogen,BIIB,USA
2020-07-17,280.6600036621094,283.4800109863281,279.2699890136719,281.8800048828125,281.8800048828125,903600,Biogen,BIIB,USA
2020-07-20,281.1400146484375,284.2300109863281,281.1400146484375,283.3999938964844,283.3999938964844,739700,Biogen,BIIB,USA
2020-07-21,285.0,285.0,280.0299987792969,280.1900024414062,280.1900024414062,888500,Biogen,BIIB,USA
2020-07-22,285.3599853515625,286.4800109863281,279.1000061035156,280.8099975585938,280.8099975585938,1392100,Biogen,BIIB,USA
2020-07-23,282.260009765625,282.260009765625,277.5299987792969,278.510009765625,278.510009765625,948000,Biogen,BIIB,USA
2020-07-24,277.260009765625,277.3200073242188,270.6600036621094,272.3299865722656,272.3299865722656,862300,Biogen,BIIB,USA
2020-07-27,282.6799926757812,287.25,279.5499877929688,286.1900024414062,286.1900024414062,1968100,Biogen,BIIB,USA
2020-07-28,286.2699890136719,287.0,280.1600036621094,280.3500061035156,280.3500061035156,1158900,Biogen,BIIB,USA
2020-07-29,281.1900024414062,283.4200134277344,274.8900146484375,277.3599853515625,277.3599853515625,816600,Biogen,BIIB,USA
2020-07-30,273.0199890136719,277.4400024414062,272.9400024414062,274.8599853515625,274.8599853515625,723200,Biogen,BIIB,USA
2020-07-31,273.4400024414062,274.7099914550781,269.3099975585938,274.6900024414062,274.6900024414062,1289700,Biogen,BIIB,USA
2020-08-03,274.7000122070312,279.9100036621094,274.7000122070312,278.1600036621094,278.1600036621094,976400,Biogen,BIIB,USA
2020-08-04,278.0799865722656,278.6000061035156,275.25,276.0799865722656,276.0799865722656,1101000,Biogen,BIIB,USA
2020-08-05,276.6499938964844,278.6300048828125,274.4299926757812,276.1700134277344,276.1700134277344,903100,Biogen,BIIB,USA
2020-08-06,275.760009765625,279.0,274.9500122070312,277.6600036621094,277.6600036621094,756500,Biogen,BIIB,USA
2020-08-07,311.1400146484375,312.0,299.2900085449219,305.7099914550781,305.7099914550781,4454600,Biogen,BIIB,USA
2020-08-10,308.0,308.5,298.4200134277344,300.260009765625,300.260009765625,1525000,Biogen,BIIB,USA
2020-08-11,300.2699890136719,301.5,289.1700134277344,289.9400024414062,289.9400024414062,1443900,Biogen,BIIB,USA
2020-08-12,290.6900024414062,296.2699890136719,290.6900024414062,293.2200012207031,293.2200012207031,1016400,Biogen,BIIB,USA
2020-08-13,291.8699951171875,294.0899963378906,287.3299865722656,288.5400085449219,288.5400085449219,905300,Biogen,BIIB,USA
2020-08-14,287.989990234375,290.5499877929688,287.7900085449219,289.4500122070312,289.4500122070312,619200,Biogen,BIIB,USA
2020-08-17,289.8500061035156,294.9400024414062,288.3200073242188,289.1600036621094,289.1600036621094,1066300,Biogen,BIIB,USA
2020-08-18,289.2999877929688,291.1900024414062,285.0499877929688,288.8800048828125,288.8800048828125,1029300,Biogen,BIIB,USA
2020-08-19,284.7999877929688,286.9500122070312,279.4599914550781,279.9800109863281,279.9800109863281,1542400,Biogen,BIIB,USA
2020-08-20,278.3900146484375,279.3399963378906,275.0599975585938,277.5199890136719,277.5199890136719,957200,Biogen,BIIB,USA
2020-08-21,277.6499938964844,278.2200012207031,274.6400146484375,277.0700073242188,277.0700073242188,927300,Biogen,BIIB,USA
2020-08-24,277.4800109863281,279.7200012207031,274.8900146484375,276.5599975585938,276.5599975585938,1006400,Biogen,BIIB,USA
2020-08-25,276.2699890136719,281.1099853515625,275.6300048828125,279.0299987792969,279.0299987792969,1294700,Biogen,BIIB,USA
2020-08-26,279.1400146484375,281.6000061035156,276.0,279.1700134277344,279.1700134277344,917800,Biogen,BIIB,USA
2020-08-27,280.1499938964844,282.3900146484375,278.3699951171875,279.260009765625,279.260009765625,1503200,Biogen,BIIB,USA
2020-08-28,279.5199890136719,281.7699890136719,278.8900146484375,281.4599914550781,281.4599914550781,814200,Biogen,BIIB,USA
2020-08-31,281.6499938964844,287.9500122070312,280.7799987792969,287.6400146484375,287.6400146484375,1639500,Biogen,BIIB,USA
2020-09-01,287.4800109863281,287.6199951171875,277.3099975585938,279.75,279.75,1254300,Biogen,BIIB,USA
2020-09-02,281.0599975585938,288.0299987792969,280.5400085449219,285.6000061035156,285.6000061035156,1040700,Biogen,BIIB,USA
2020-09-03,286.2200012207031,287.3699951171875,274.0199890136719,276.1499938964844,276.1499938964844,1402600,Biogen,BIIB,USA
2020-09-04,278.1199951171875,280.4800109863281,274.0799865722656,276.0,276.0,1240700,Biogen,BIIB,USA
2020-09-08,274.2000122070312,275.1400146484375,268.0400085449219,268.8999938964844,268.8999938964844,1246500,Biogen,BIIB,USA
2020-09-09,270.1400146484375,274.7799987792969,268.5499877929688,272.510009765625,272.510009765625,960900,Biogen,BIIB,USA
2020-09-10,271.3099975585938,274.1700134277344,265.7900085449219,266.510009765625,266.510009765625,1095600,Biogen,BIIB,USA
2020-09-11,267.9299926757812,271.0,266.6900024414062,269.9100036621094,269.9100036621094,846100,Biogen,BIIB,USA
2020-09-14,271.2799987792969,279.3999938964844,271.2699890136719,278.2900085449219,278.2900085449219,1102400,Biogen,BIIB,USA
2020-09-15,280.0400085449219,283.2900085449219,276.4500122070312,278.4500122070312,278.4500122070312,1105400,Biogen,BIIB,USA
2020-09-16,280.989990234375,285.0,274.260009765625,276.3900146484375,276.3900146484375,1550700,Biogen,BIIB,USA
2020-09-17,272.5,277.5499877929688,272.1600036621094,275.3699951171875,275.3699951171875,972600,Biogen,BIIB,USA
2020-09-18,275.6400146484375,276.010009765625,269.8699951171875,274.4800109863281,274.4800109863281,3069200,Biogen,BIIB,USA
2020-09-21,272.2300109863281,272.7000122070312,265.0499877929688,268.2999877929688,268.2999877929688,1733200,Biogen,BIIB,USA
2020-09-22,269.0,273.5499877929688,267.4200134277344,272.760009765625,272.760009765625,1050000,Biogen,BIIB,USA
2020-09-23,273.1099853515625,278.3800048828125,271.2099914550781,272.2000122070312,272.2000122070312,982900,Biogen,BIIB,USA
2020-09-24,271.0,272.0799865722656,267.5899963378906,270.0400085449219,270.0400085449219,761800,Biogen,BIIB,USA
2020-09-25,268.2900085449219,274.260009765625,267.5,273.2799987792969,273.2799987792969,737500,Biogen,BIIB,USA
2020-09-28,282.0,287.9500122070312,279.1799926757812,282.0400085449219,282.0400085449219,1782100,Biogen,BIIB,USA
2020-09-29,280.8399963378906,285.4500122070312,280.2300109863281,282.3500061035156,282.3500061035156,864800,Biogen,BIIB,USA
2020-09-30,283.8699951171875,284.8500061035156,280.7900085449219,283.6799926757812,283.6799926757812,1200000,Biogen,BIIB,USA
2020-10-01,284.9599914550781,286.1700134277344,280.5899963378906,285.5700073242188,285.5700073242188,971600,Biogen,BIIB,USA
2020-10-02,281.6499938964844,285.4700012207031,276.0599975585938,277.6400146484375,277.6400146484375,976000,Biogen,BIIB,USA
2020-10-05,278.6700134277344,285.9200134277344,277.3599853515625,284.1799926757812,284.1799926757812,888000,Biogen,BIIB,USA
2020-10-06,284.1700134277344,285.8999938964844,279.3900146484375,281.1499938964844,281.1499938964844,758100,Biogen,BIIB,USA
2020-10-07,282.239990234375,287.0799865722656,280.8999938964844,285.75,285.75,646500,Biogen,BIIB,USA
2020-10-08,287.3999938964844,288.4400024414062,285.3500061035156,286.9200134277344,286.9200134277344,504300,Biogen,BIIB,USA
2020-10-09,287.1600036621094,289.0,285.1700134277344,286.5400085449219,286.5400085449219,946300,Biogen,BIIB,USA
2020-10-12,289.2799987792969,293.3399963378906,285.7799987792969,291.4800109863281,291.4800109863281,1130100,Biogen,BIIB,USA
2020-10-13,288.5299987792969,292.7699890136719,287.1300048828125,291.4599914550781,291.4599914550781,683000,Biogen,BIIB,USA
2020-10-14,292.989990234375,292.989990234375,286.0,289.0199890136719,289.0199890136719,976400,Biogen,BIIB,USA
2020-10-15,284.8500061035156,286.3800048828125,280.1000061035156,280.6300048828125,280.6300048828125,852900,Biogen,BIIB,USA
2020-10-16,282.4299926757812,284.489990234375,279.510009765625,280.010009765625,280.010009765625,843100,Biogen,BIIB,USA
2020-10-19,279.2699890136719,280.0499877929688,268.2099914550781,268.7699890136719,268.7699890136719,1207900,Biogen,BIIB,USA
2020-10-20,270.4500122070312,271.9800109863281,266.0899963378906,267.1199951171875,267.1199951171875,1155400,Biogen,BIIB,USA
2020-10-21,264.989990234375,271.0400085449219,260.2999877929688,268.9100036621094,268.9100036621094,1848600,Biogen,BIIB,USA
2020-10-22,268.75,269.1900024414062,262.5,266.7999877929688,266.7999877929688,1280300,Biogen,BIIB,USA
2020-10-23,267.2300109863281,267.2300109863281,262.1700134277344,265.0,265.0,1016200,Biogen,BIIB,USA
2020-10-26,263.510009765625,264.1799926757812,255.8300018310547,256.760009765625,256.760009765625,1241000,Biogen,BIIB,USA
2020-10-27,256.3299865722656,258.7000122070312,254.9299926757812,255.3000030517578,255.3000030517578,1105400,Biogen,BIIB,USA
2020-10-28,251.0299987792969,253.2100067138672,244.1799926757812,244.2599945068359,244.2599945068359,1647700,Biogen,BIIB,USA
2020-10-29,244.9700012207031,247.9400024414062,243.25,245.4799957275391,245.4799957275391,1223300,Biogen,BIIB,USA
2020-10-30,247.2599945068359,252.2100067138672,243.7299957275391,252.0700073242188,252.0700073242188,1413500,Biogen,BIIB,USA
2020-11-02,253.6399993896484,255.8000030517578,248.2599945068359,248.9900054931641,248.9900054931641,1469500,Biogen,BIIB,USA
2020-11-03,250.5200042724609,251.8000030517578,243.5700073242188,247.0099945068359,247.0099945068359,1449800,Biogen,BIIB,USA
2020-11-04,253.1999969482422,363.9200134277344,251.75,355.6300048828125,355.6300048828125,14591500,Biogen,BIIB,USA
2020-11-05,348.0,348.0,321.5,328.8999938964844,328.8999938964844,5070300,Biogen,BIIB,USA
2020-11-06,328.8999938964844,328.8999938964844,328.8999938964844,328.8999938964844,328.8999938964844,600,Biogen,BIIB,USA
2020-11-09,230.8200073242188,239.5,223.25,236.2599945068359,236.2599945068359,9252600,Biogen,BIIB,USA
2020-11-10,241.2400054931641,244.8399963378906,234.5599975585938,236.3399963378906,236.3399963378906,3224100,Biogen,BIIB,USA
2020-11-11,239.8000030517578,249.4400024414062,238.0800018310547,244.0299987792969,244.0299987792969,2332100,Biogen,BIIB,USA
2020-11-12,244.7100067138672,246.7400054931641,240.7100067138672,241.5500030517578,241.5500030517578,1586800,Biogen,BIIB,USA
2020-11-13,243.6499938964844,249.1300048828125,241.8899993896484,248.5899963378906,248.5899963378906,1697600,Biogen,BIIB,USA
2020-11-16,250.2899932861328,254.2700042724609,247.0599975585938,250.9600067138672,250.9600067138672,1607200,Biogen,BIIB,USA
2020-11-17,251.1799926757812,254.4100036621094,247.9100036621094,248.8099975585938,248.8099975585938,1371600,Biogen,BIIB,USA
2020-11-18,248.8099975585938,251.5099945068359,240.7700042724609,240.9799957275391,240.9799957275391,1829100,Biogen,BIIB,USA
2020-11-19,241.4199981689453,245.5500030517578,240.5,244.0099945068359,244.0099945068359,1222000,Biogen,BIIB,USA
2020-11-20,243.8699951171875,246.4799957275391,243.0,244.1499938964844,244.1499938964844,1334800,Biogen,BIIB,USA
2020-11-23,245.0,245.7200012207031,241.1699981689453,243.3800048828125,243.3800048828125,1251200,Biogen,BIIB,USA
2020-11-24,243.3399963378906,244.8600006103516,240.0700073242188,242.5099945068359,242.5099945068359,1605800,Biogen,BIIB,USA
2020-11-25,243.1000061035156,244.4700012207031,239.7299957275391,241.75,241.75,1122400,Biogen,BIIB,USA
2020-11-27,242.0,244.3300018310547,241.0,243.7799987792969,243.7799987792969,699200,Biogen,BIIB,USA
2020-11-30,243.4600067138672,244.1900024414062,239.5599975585938,240.1699981689453,240.1699981689453,2193500,Biogen,BIIB,USA
2020-12-01,241.2299957275391,244.3699951171875,240.5099945068359,243.1600036621094,243.1600036621094,1164200,Biogen,BIIB,USA
2020-12-02,246.8899993896484,249.75,244.8000030517578,246.9199981689453,246.9199981689453,1317000,Biogen,BIIB,USA
2020-12-03,248.3800048828125,249.2100067138672,243.1999969482422,244.0899963378906,244.0899963378906,897100,Biogen,BIIB,USA
2020-12-04,244.8600006103516,248.9600067138672,244.1000061035156,245.8699951171875,245.8699951171875,961300,Biogen,BIIB,USA
2020-12-07,246.3000030517578,248.0500030517578,243.1699981689453,243.6799926757812,243.6799926757812,1082000,Biogen,BIIB,USA
2020-12-08,244.6300048828125,246.8800048828125,243.5299987792969,246.4299926757812,246.4299926757812,1228400,Biogen,BIIB,USA
2020-12-09,248.0,249.4499969482422,242.8399963378906,244.75,244.75,1364600,Biogen,BIIB,USA
2020-12-10,247.4499969482422,247.4499969482422,242.0,242.9799957275391,242.9799957275391,1276400,Biogen,BIIB,USA
2020-12-11,242.6399993896484,245.9900054931641,240.3500061035156,241.4299926757812,241.4299926757812,1140300,Biogen,BIIB,USA
2020-12-14,242.9799957275391,250.8800048828125,242.9799957275391,245.25,245.25,1561000,Biogen,BIIB,USA
2020-12-15,246.4900054931641,249.7799987792969,244.0399932861328,248.7299957275391,248.7299957275391,1231500,Biogen,BIIB,USA
2020-12-16,249.0700073242188,251.2299957275391,246.1999969482422,248.1900024414062,248.1900024414062,1154900,Biogen,BIIB,USA
2020-12-17,247.1600036621094,251.6100006103516,245.6699981689453,250.2400054931641,250.2400054931641,1279000,Biogen,BIIB,USA
2020-12-18,251.7799987792969,254.0,248.5,249.6199951171875,249.6199951171875,3455400,Biogen,BIIB,USA
2020-12-21,246.75,249.0,242.5899963378906,248.3200073242188,248.3200073242188,1279800,Biogen,BIIB,USA
2020-12-22,246.4400024414062,249.3800048828125,244.6000061035156,247.8699951171875,247.8699951171875,934600,Biogen,BIIB,USA
2020-12-23,247.0,253.4100036621094,247.0,251.1999969482422,251.1999969482422,972300,Biogen,BIIB,USA
2020-12-24,250.2700042724609,251.1999969482422,247.5099945068359,248.8899993896484,248.8899993896484,459500,Biogen,BIIB,USA
2020-12-28,248.4799957275391,249.1100006103516,243.0299987792969,244.1499938964844,244.1499938964844,1234200,Biogen,BIIB,USA
2020-12-29,245.3600006103516,246.2400054931641,242.5399932861328,243.4600067138672,243.4600067138672,1007000,Biogen,BIIB,USA
2020-12-30,244.5,245.0599975585938,242.3600006103516,243.5800018310547,243.5800018310547,750000,Biogen,BIIB,USA
2020-12-31,243.4700012207031,245.1900024414062,241.1000061035156,244.8600006103516,244.8600006103516,978100,Biogen,BIIB,USA
2021-01-04,245.7400054931641,246.3999938964844,238.3999938964844,242.9499969482422,242.9499969482422,1563400,Biogen,BIIB,USA
2021-01-05,243.8800048828125,247.2599945068359,240.3399963378906,246.3899993896484,246.3899993896484,1166300,Biogen,BIIB,USA
2021-01-06,244.6999969482422,248.0399932861328,243.0200042724609,247.75,247.75,1279100,Biogen,BIIB,USA
2021-01-07,247.4499969482422,251.4400024414062,247.0599975585938,250.4400024414062,250.4400024414062,1118600,Biogen,BIIB,USA
2021-01-08,249.8800048828125,252.6399993896484,248.8000030517578,252.5399932861328,252.5399932861328,988700,Biogen,BIIB,USA
2021-01-11,255.8600006103516,275.489990234375,253.3099975585938,267.5199890136719,267.5199890136719,2999200,Biogen,BIIB,USA
2021-01-12,268.7799987792969,268.7799987792969,263.3299865722656,267.3900146484375,267.3900146484375,1097200,Biogen,BIIB,USA
2021-01-13,269.6099853515625,269.7300109863281,265.0400085449219,266.6700134277344,266.6700134277344,943300,Biogen,BIIB,USA
2021-01-14,269.489990234375,280.489990234375,268.0,280.2900085449219,280.2900085449219,1520400,Biogen,BIIB,USA
2021-01-15,280.0,282.6000061035156,275.4299926757812,275.8399963378906,275.8399963378906,1765000,Biogen,BIIB,USA
2021-01-19,276.75,282.4299926757812,272.5700073242188,273.8399963378906,273.8399963378906,1213900,Biogen,BIIB,USA
2021-01-20,274.3099975585938,274.5400085449219,267.6700134277344,270.2799987792969,270.2799987792969,1293300,Biogen,BIIB,USA
2021-01-21,270.25,270.6799926757812,267.7699890136719,270.1199951171875,270.1199951171875,806500,Biogen,BIIB,USA
2021-01-22,270.3399963378906,272.7099914550781,268.4800109863281,269.4400024414062,269.4400024414062,691100,Biogen,BIIB,USA
2021-01-25,271.7900085449219,277.0199890136719,271.0,275.5400085449219,275.5400085449219,806800,Biogen,BIIB,USA
2021-01-26,274.5,275.75,268.2900085449219,271.6700134277344,271.6700134277344,777200,Biogen,BIIB,USA
2021-01-27,267.7000122070312,268.6600036621094,262.989990234375,265.1499938964844,265.1499938964844,1116300,Biogen,BIIB,USA
2021-01-28,265.1300048828125,270.8900146484375,264.7699890136719,267.8699951171875,267.8699951171875,979600,Biogen,BIIB,USA
2021-01-29,294.4299926757812,296.3800048828125,281.510009765625,282.6099853515625,282.6099853515625,4789400,Biogen,BIIB,USA
2021-02-01,283.2000122070312,284.75,274.7200012207031,278.4599914550781,278.4599914550781,1445700,Biogen,BIIB,USA
2021-02-02,281.2999877929688,282.5,276.8299865722656,277.7200012207031,277.7200012207031,1194000,Biogen,BIIB,USA
2021-02-03,269.989990234375,278.5499877929688,262.0799865722656,263.25,263.25,2521700,Biogen,BIIB,USA
2021-02-04,262.1600036621094,270.3900146484375,260.9700012207031,267.3900146484375,267.3900146484375,1663200,Biogen,BIIB,USA
2021-02-05,268.1400146484375,268.1400146484375,263.8900146484375,265.0899963378906,265.0899963378906,1061000,Biogen,BIIB,USA
2021-02-08,266.5599975585938,270.1700134277344,265.0,268.9299926757812,268.9299926757812,1045900,Biogen,BIIB,USA
2021-02-09,268.2300109863281,269.3900146484375,265.8999938964844,269.3099975585938,269.3099975585938,749600,Biogen,BIIB,USA
2021-02-10,271.4500122070312,277.25,268.4599914550781,275.0,275.0,1353800,Biogen,BIIB,USA
2021-02-11,278.510009765625,282.75,276.6900024414062,278.8099975585938,278.8099975585938,1214200,Biogen,BIIB,USA
2021-02-12,278.1199951171875,280.2200012207031,274.8299865722656,278.0299987792969,278.0299987792969,1033900,Biogen,BIIB,USA
2021-02-16,275.0,283.0,275.0,279.3200073242188,279.3200073242188,1303600,Biogen,BIIB,USA
2021-02-17,276.0700073242188,280.0599975585938,273.7000122070312,276.6700134277344,276.6700134277344,960300,Biogen,BIIB,USA
2021-02-18,274.8500061035156,277.9700012207031,272.0,275.8999938964844,275.8999938964844,933000,Biogen,BIIB,USA
2021-02-19,278.5400085449219,281.4500122070312,275.8599853515625,278.3500061035156,278.3500061035156,1254000,Biogen,BIIB,USA
2021-02-22,276.0599975585938,288.0799865722656,274.5299987792969,284.6300048828125,284.6300048828125,1397700,Biogen,BIIB,USA
2021-02-23,281.989990234375,284.8699951171875,275.6700134277344,279.0799865722656,279.0799865722656,1306200,Biogen,BIIB,USA
2021-02-24,278.75,285.7099914550781,276.6799926757812,282.739990234375,282.739990234375,889300,Biogen,BIIB,USA
2021-02-25,284.260009765625,284.3999938964844,274.7099914550781,277.260009765625,277.260009765625,1023800,Biogen,BIIB,USA
2021-02-26,278.2799987792969,278.9200134277344,269.3099975585938,272.8800048828125,272.8800048828125,1535100,Biogen,BIIB,USA
2021-03-01,274.4200134277344,275.6499938964844,271.3900146484375,273.239990234375,273.239990234375,1060100,Biogen,BIIB,USA
2021-03-02,273.0,275.6400146484375,269.5,269.8500061035156,269.8500061035156,1258200,Biogen,BIIB,USA
2021-03-03,267.7999877929688,269.2799987792969,263.7999877929688,266.6000061035156,266.6000061035156,1037100,Biogen,BIIB,USA
2021-03-04,266.5700073242188,270.2999877929688,262.4800109863281,263.5700073242188,263.5700073242188,1291500,Biogen,BIIB,USA
2021-03-05,265.8299865722656,273.3299865722656,262.4500122070312,270.7099914550781,270.7099914550781,1062500,Biogen,BIIB,USA
2021-03-08,270.7000122070312,278.8699951171875,267.489990234375,270.010009765625,270.010009765625,1163800,Biogen,BIIB,USA
2021-03-09,272.5899963378906,278.239990234375,266.3900146484375,266.489990234375,266.489990234375,1769100,Biogen,BIIB,USA
2021-03-10,269.5199890136719,269.5199890136719,262.6000061035156,262.6099853515625,262.6099853515625,1736400,Biogen,BIIB,USA
2021-03-11,263.0599975585938,268.0,260.5499877929688,267.4400024414062,267.4400024414062,1596300,Biogen,BIIB,USA
2021-03-12,266.6600036621094,267.489990234375,261.7200012207031,266.1300048828125,266.1300048828125,1034300,Biogen,BIIB,USA
2021-03-15,268.0199890136719,271.4299926757812,250.4199981689453,260.1300048828125,260.1300048828125,2829400,Biogen,BIIB,USA
2021-03-16,261.8099975585938,265.989990234375,258.0700073242188,259.9200134277344,259.9200134277344,1421600,Biogen,BIIB,USA
2021-03-17,258.5,267.2900085449219,257.2200012207031,264.1499938964844,264.1499938964844,1092900,Biogen,BIIB,USA
2021-03-18,262.010009765625,267.0299987792969,261.5199890136719,262.2699890136719,262.2699890136719,885100,Biogen,BIIB,USA
2021-03-19,261.4299926757812,269.3500061035156,261.1199951171875,267.0700073242188,267.0700073242188,2117900,Biogen,BIIB,USA
2021-03-22,267.3399963378906,273.8599853515625,266.0,272.3399963378906,272.3399963378906,1169000,Biogen,BIIB,USA
2021-03-23,272.7300109863281,273.1000061035156,266.0,267.2099914550781,267.2099914550781,888100,Biogen,BIIB,USA
2021-03-24,267.0400085449219,270.75,265.6600036621094,265.6900024414062,265.6900024414062,951800,Biogen,BIIB,USA
2021-03-25,267.4700012207031,280.0,264.3599853515625,273.9700012207031,273.9700012207031,1685100,Biogen,BIIB,USA
2021-03-26,272.2099914550781,277.1099853515625,271.0299987792969,276.6300048828125,276.6300048828125,665300,Biogen,BIIB,USA
2021-03-29,275.75,278.6000061035156,273.1400146484375,276.0799865722656,276.0799865722656,794700,Biogen,BIIB,USA
2021-03-30,273.7900085449219,279.4500122070312,273.0700073242188,276.010009765625,276.010009765625,882100,Biogen,BIIB,USA
2021-03-31,276.3200073242188,280.8299865722656,274.3900146484375,279.75,279.75,1135800,Biogen,BIIB,USA
2021-04-01,280.0,281.8800048828125,278.0,278.7099914550781,278.7099914550781,996300,Biogen,BIIB,USA
2021-04-05,279.239990234375,279.9200134277344,276.6300048828125,277.8800048828125,277.8800048828125,744900,Biogen,BIIB,USA
2021-04-06,276.1700134277344,276.5,271.2999877929688,271.760009765625,271.760009765625,1006500,Biogen,BIIB,USA
2021-04-07,272.0,272.0,267.1799926757812,268.0199890136719,268.0199890136719,851400,Biogen,BIIB,USA
2021-04-08,272.2000122070312,272.2000122070312,265.3699951171875,265.7300109863281,265.7300109863281,800900,Biogen,BIIB,USA
2021-04-09,265.7300109863281,268.5899963378906,263.5,268.1700134277344,268.1700134277344,874100,Biogen,BIIB,USA
2021-04-12,267.3099975585938,268.2699890136719,262.5499877929688,262.7999877929688,262.7999877929688,753600,Biogen,BIIB,USA
2021-04-13,264.9100036621094,266.9700012207031,262.4200134277344,266.1900024414062,266.1900024414062,823300,Biogen,BIIB,USA
2021-04-14,267.4400024414062,270.3800048828125,264.6300048828125,265.7900085449219,265.7900085449219,697400,Biogen,BIIB,USA
2021-04-15,265.7099914550781,272.0,265.7099914550781,270.4400024414062,270.4400024414062,986300,Biogen,BIIB,USA
2021-04-16,270.6099853515625,273.8299865722656,269.7900085449219,270.3099975585938,270.3099975585938,1014800,Biogen,BIIB,USA
2021-04-19,269.5499877929688,270.7699890136719,265.4400024414062,269.0499877929688,269.0499877929688,884700,Biogen,BIIB,USA
2021-04-20,269.010009765625,274.8099975585938,268.2099914550781,273.2000122070312,273.2000122070312,841100,Biogen,BIIB,USA
2021-04-21,272.6300048828125,273.3900146484375,266.5,269.8500061035156,269.8500061035156,1053000,Biogen,BIIB,USA
2021-04-22,260.0,264.5199890136719,257.0299987792969,259.0,259.0,2411300,Biogen,BIIB,USA
2021-04-23,260.3299865722656,263.9400024414062,258.2900085449219,262.6300048828125,262.6300048828125,911400,Biogen,BIIB,USA
2021-04-26,264.4500122070312,270.489990234375,261.2200012207031,269.4599914550781,269.4599914550781,1115700,Biogen,BIIB,USA
2021-04-27,269.0700073242188,270.6799926757812,265.8800048828125,267.3900146484375,267.3900146484375,749800,Biogen,BIIB,USA
2021-04-28,268.25,270.8599853515625,265.8099975585938,267.6000061035156,267.6000061035156,691800,Biogen,BIIB,USA
2021-04-29,268.4200134277344,269.1199951171875,264.3999938964844,265.3299865722656,265.3299865722656,530400,Biogen,BIIB,USA
2021-04-30,264.3800048828125,269.7099914550781,264.0199890136719,267.3299865722656,267.3299865722656,894500,Biogen,BIIB,USA
2021-05-03,267.8699951171875,275.5499877929688,267.7300109863281,275.3099975585938,275.3099975585938,981800,Biogen,BIIB,USA
2021-05-04,273.7000122070312,273.7000122070312,269.9400024414062,271.0199890136719,271.0199890136719,954800,Biogen,BIIB,USA
2021-05-05,271.0,273.3200073242188,269.4700012207031,271.5700073242188,271.5700073242188,787600,Biogen,BIIB,USA
2021-05-06,268.6700134277344,273.0299987792969,268.5,272.1099853515625,272.1099853515625,929600,Biogen,BIIB,USA
2021-05-07,270.6600036621094,279.2000122070312,270.6600036621094,274.0400085449219,274.0400085449219,936100,Biogen,BIIB,USA
2021-05-10,274.8599853515625,278.7300109863281,273.6900024414062,275.6099853515625,275.6099853515625,895000,Biogen,BIIB,USA
2021-05-11,274.260009765625,281.5299987792969,273.5,278.3900146484375,278.3900146484375,950900,Biogen,BIIB,USA
2021-05-12,277.1700134277344,280.6900024414062,273.0700073242188,274.0199890136719,274.0199890136719,929700,Biogen,BIIB,USA
2021-05-13,274.260009765625,283.1600036621094,274.260009765625,281.7099914550781,281.7099914550781,1039500,Biogen,BIIB,USA
2021-05-14,281.4700012207031,282.0799865722656,276.0299987792969,280.2099914550781,280.2099914550781,991000,Biogen,BIIB,USA
2021-05-17,281.1700134277344,284.5700073242188,279.2999877929688,280.3999938964844,280.3999938964844,944400,Biogen,BIIB,USA
2021-05-18,282.489990234375,283.5,278.8200073242188,281.010009765625,281.010009765625,725900,Biogen,BIIB,USA
2021-05-19,278.3699951171875,281.8999938964844,276.0700073242188,281.75,281.75,723100,Biogen,BIIB,USA
2021-05-20,281.0,290.3599853515625,280.010009765625,286.5700073242188,286.5700073242188,1094300,Biogen,BIIB,USA
2021-05-21,288.239990234375,289.9100036621094,282.7799987792969,283.1900024414062,283.1900024414062,940200,Biogen,BIIB,USA
2021-05-24,285.6000061035156,287.2699890136719,277.9599914550781,278.8599853515625,278.8599853515625,838200,Biogen,BIIB,USA
2021-05-25,279.9599914550781,280.2699890136719,272.9599914550781,273.4500122070312,273.4500122070312,946700,Biogen,BIIB,USA
2021-05-26,273.2999877929688,274.3500061035156,266.2300109863281,267.8399963378906,267.8399963378906,1777500,Biogen,BIIB,USA
2021-05-27,269.1000061035156,269.1000061035156,266.0,267.3699951171875,267.3699951171875,1792800,Biogen,BIIB,USA
2021-05-28,269.0,271.989990234375,266.0,267.4800109863281,267.4800109863281,957000,Biogen,BIIB,USA
2021-06-01,272.3500061035156,272.3500061035156,264.1199951171875,267.1499938964844,267.1499938964844,1340800,Biogen,BIIB,USA
2021-06-02,269.2699890136719,271.8599853515625,267.7799987792969,269.3500061035156,269.3500061035156,1187500,Biogen,BIIB,USA
2021-06-03,271.489990234375,272.8699951171875,266.4299926757812,272.5499877929688,272.5499877929688,1311600,Biogen,BIIB,USA
2021-06-04,274.1700134277344,291.7099914550781,273.3699951171875,286.1400146484375,286.1400146484375,2956200,Biogen,BIIB,USA
2021-06-07,295.3500061035156,468.5499877929688,286.0,395.8500061035156,395.8500061035156,17954100,Biogen,BIIB,USA
2021-06-08,389.1000061035156,399.0700073242188,373.0,395.3699951171875,395.3699951171875,12209300,Biogen,BIIB,USA
2021-06-09,395.0,414.7999877929688,390.8399963378906,406.9400024414062,406.9400024414062,6196900,Biogen,BIIB,USA
2021-06-10,406.9400024414062,426.8200073242188,404.25,414.7099914550781,414.7099914550781,4753800,Biogen,BIIB,USA
2021-06-11,423.3299865722656,427.5,395.3299865722656,396.6400146484375,396.6400146484375,4221600,Biogen,BIIB,USA
2021-06-14,396.239990234375,409.8800048828125,395.1400146484375,406.1400146484375,406.1400146484375,2102600,Biogen,BIIB,USA
2021-06-15,403.5,410.4100036621094,393.9100036621094,396.0799865722656,396.0799865722656,1905100,Biogen,BIIB,USA
2021-06-16,394.2999877929688,403.010009765625,388.5199890136719,391.3099975585938,391.3099975585938,1572800,Biogen,BIIB,USA
2021-06-17,391.3099975585938,396.8900146484375,380.1700134277344,383.5199890136719,383.5199890136719,1832800,Biogen,BIIB,USA
2021-06-18,387.1900024414062,391.0,381.6499938964844,388.4400024414062,388.4400024414062,2873600,Biogen,BIIB,USA
2021-06-21,388.8599853515625,390.989990234375,379.1099853515625,380.9100036621094,380.9100036621094,1897900,Biogen,BIIB,USA
2021-06-22,379.9500122070312,381.0,369.489990234375,374.3999938964844,374.3999938964844,1770000,Biogen,BIIB,USA
2021-06-23,376.010009765625,376.010009765625,364.2999877929688,371.8999938964844,371.8999938964844,1778500,Biogen,BIIB,USA
2021-06-24,349.9599914550781,358.3699951171875,346.3500061035156,349.1600036621094,349.1600036621094,4647600,Biogen,BIIB,USA
2021-06-25,348.6700134277344,353.5700073242188,345.1300048828125,347.9299926757812,347.9299926757812,2251600,Biogen,BIIB,USA
2021-06-28,343.0,343.4599914550781,333.2799987792969,340.2699890136719,340.2699890136719,1942700,Biogen,BIIB,USA
2021-06-29,338.8699951171875,346.7099914550781,336.7200012207031,345.7200012207031,345.7200012207031,1427500,Biogen,BIIB,USA
2021-06-30,345.0,349.5,342.75,346.2699890136719,346.2699890136719,1067000,Biogen,BIIB,USA
2021-07-01,346.0,350.3800048828125,345.4599914550781,348.9200134277344,348.9200134277344,998000,Biogen,BIIB,USA
2021-07-02,349.5400085449219,350.0700073242188,343.8500061035156,348.7200012207031,348.7200012207031,811800,Biogen,BIIB,USA
2021-07-06,347.6000061035156,347.7099914550781,340.2699890136719,344.8900146484375,344.8900146484375,1041300,Biogen,BIIB,USA
2021-07-07,344.9500122070312,355.8200073242188,344.3900146484375,355.3299865722656,355.3299865722656,1377600,Biogen,BIIB,USA
2021-07-08,350.0700073242188,370.0599975585938,350.0700073242188,369.0499877929688,369.0499877929688,2344900,Biogen,BIIB,USA
2021-07-09,371.8599853515625,372.1199951171875,351.010009765625,358.1600036621094,358.1600036621094,2720100,Biogen,BIIB,USA
2021-07-12,357.0299987792969,357.989990234375,348.6000061035156,349.0400085449219,349.0400085449219,1188600,Biogen,BIIB,USA
2021-07-13,349.0899963378906,357.239990234375,347.5,351.9200134277344,351.9200134277344,974200,Biogen,BIIB,USA
2021-07-14,351.3299865722656,358.7699890136719,349.6799926757812,352.0599975585938,352.0599975585938,1237100,Biogen,BIIB,USA
2021-07-15,341.8500061035156,343.0400085449219,323.7099914550781,328.1600036621094,328.1600036621094,3031700,Biogen,BIIB,USA
2021-07-16,323.9700012207031,331.1099853515625,323.0,324.6199951171875,324.6199951171875,1534800,Biogen,BIIB,USA
2021-07-19,323.0799865722656,326.9700012207031,320.1099853515625,324.1600036621094,324.1600036621094,1036300,Biogen,BIIB,USA
2021-07-20,324.7000122070312,327.5199890136719,317.260009765625,322.489990234375,322.489990234375,1384600,Biogen,BIIB,USA
2021-07-21,321.4100036621094,324.5199890136719,318.2900085449219,322.9599914550781,322.9599914550781,1126300,Biogen,BIIB,USA
2021-07-22,320.0400085449219,330.6400146484375,319.2300109863281,326.3599853515625,326.3599853515625,1485600,Biogen,BIIB,USA
2021-07-23,322.1000061035156,328.1499938964844,319.8500061035156,325.3999938964844,325.3999938964844,1015900,Biogen,BIIB,USA
2021-07-26,324.4100036621094,335.0,322.510009765625,331.9299926757812,331.9299926757812,1269500,Biogen,BIIB,USA
2021-07-27,332.0700073242188,334.5,326.5,333.9599914550781,333.9599914550781,929300,Biogen,BIIB,USA
2021-07-28,333.75,336.9500122070312,329.8200073242188,334.1799926757812,334.1799926757812,713600,Biogen,BIIB,USA
2021-07-29,334.989990234375,336.9200134277344,329.0,329.1700134277344,329.1700134277344,660200,Biogen,BIIB,USA
2021-07-30,326.3699951171875,331.4500122070312,325.3999938964844,326.7300109863281,326.7300109863281,942800,Biogen,BIIB,USA
2021-08-02,327.0400085449219,336.0799865722656,326.260009765625,331.7000122070312,331.7000122070312,962600,Biogen,BIIB,USA
2021-08-03,331.8099975585938,338.3599853515625,325.0899963378906,338.0,338.0,1326700,Biogen,BIIB,USA
2021-08-04,336.9200134277344,342.8599853515625,335.0299987792969,338.1000061035156,338.1000061035156,1216600,Biogen,BIIB,USA
2021-08-05,336.8299865722656,340.5,334.4200134277344,336.5899963378906,336.5899963378906,714900,Biogen,BIIB,USA
2021-08-06,335.75,342.1600036621094,333.0,340.0,340.0,822200,Biogen,BIIB,USA
2021-08-09,339.989990234375,347.3399963378906,338.0,340.2000122070312,340.2000122070312,1046800,Biogen,BIIB,USA
2021-08-10,339.0899963378906,340.739990234375,334.6799926757812,337.2200012207031,337.2200012207031,801200,Biogen,BIIB,USA
2021-08-11,337.3900146484375,342.0,336.3900146484375,339.0499877929688,339.0499877929688,784100,Biogen,BIIB,USA
2021-08-12,335.8699951171875,341.0,334.6099853515625,340.6799926757812,340.6799926757812,806400,Biogen,BIIB,USA
2021-08-13,340.3399963378906,345.0799865722656,339.0199890136719,342.25,342.25,744500,Biogen,BIIB,USA
2021-08-16,341.9200134277344,344.0,337.2000122070312,343.5,343.5,836700,Biogen,BIIB,USA
2021-08-17,340.8999938964844,350.0700073242188,340.760009765625,349.7900085449219,349.7900085449219,1139400,Biogen,BIIB,USA
2021-08-18,349.4299926757812,351.8599853515625,341.3099975585938,341.8699951171875,341.8699951171875,668600,Biogen,BIIB,USA
2021-08-19,341.8800048828125,347.7900085449219,337.6799926757812,338.6199951171875,338.6199951171875,954600,Biogen,BIIB,USA
2021-08-20,339.7200012207031,345.739990234375,337.0799865722656,341.739990234375,341.739990234375,794100,Biogen,BIIB,USA
2021-08-23,342.3299865722656,349.6300048828125,341.1600036621094,346.4299926757812,346.4299926757812,810000,Biogen,BIIB,USA
2021-08-24,346.75,350.4500122070312,345.8900146484375,349.3999938964844,349.3999938964844,628900,Biogen,BIIB,USA
2021-08-25,347.239990234375,347.6900024414062,341.5,342.75,342.75,791000,Biogen,BIIB,USA
2021-08-26,343.2799987792969,347.1300048828125,342.0199890136719,342.239990234375,342.239990234375,717200,Biogen,BIIB,USA
2021-08-27,341.8099975585938,347.739990234375,338.5199890136719,343.1900024414062,343.1900024414062,614800,Biogen,BIIB,USA
2021-08-30,342.9200134277344,345.7799987792969,340.75,344.4200134277344,344.4200134277344,555100,Biogen,BIIB,USA
2021-08-31,344.6199951171875,345.6099853515625,337.8999938964844,338.9100036621094,338.9100036621094,984400,Biogen,BIIB,USA
2021-09-01,340.7799987792969,341.2900085449219,336.4400024414062,338.239990234375,338.239990234375,791500,Biogen,BIIB,USA
2021-09-02,338.6700134277344,338.6900024414062,327.7999877929688,335.5700073242188,335.5700073242188,1221600,Biogen,BIIB,USA
2021-09-03,336.7999877929688,337.7999877929688,333.0599975585938,333.6000061035156,333.6000061035156,549200,Biogen,BIIB,USA
2021-09-07,331.3099975585938,332.8699951171875,325.2200012207031,327.239990234375,327.239990234375,967300,Biogen,BIIB,USA
2021-09-08,330.2200012207031,330.2200012207031,318.0700073242188,321.5499877929688,321.5499877929688,1142400,Biogen,BIIB,USA
2021-09-09,322.0,322.489990234375,295.2200012207031,300.1499938964844,300.1499938964844,3549600,Biogen,BIIB,USA
2021-09-10,299.9700012207031,302.4700012207031,295.25,299.8099975585938,299.8099975585938,1380200,Biogen,BIIB,USA
2021-09-13,301.8699951171875,306.4599914550781,300.0,301.9400024414062,301.9400024414062,797500,Biogen,BIIB,USA
2021-09-14,301.6799926757812,301.9800109863281,294.3399963378906,295.9500122070312,295.9500122070312,1039000,Biogen,BIIB,USA
2021-09-15,298.989990234375,302.4200134277344,296.3599853515625,299.2099914550781,299.2099914550781,1125800,Biogen,BIIB,USA
2021-09-16,300.7900085449219,302.9299926757812,296.7699890136719,299.6900024414062,299.6900024414062,752200,Biogen,BIIB,USA
2021-09-17,300.8500061035156,300.8500061035156,296.5599975585938,300.1900024414062,300.1900024414062,1680000,Biogen,BIIB,USA
2021-09-20,297.9400024414062,301.5799865722656,296.3099975585938,298.489990234375,298.489990234375,932000,Biogen,BIIB,USA
2021-09-21,300.9700012207031,304.2099914550781,292.7300109863281,295.5400085449219,295.5400085449219,738000,Biogen,BIIB,USA
2021-09-22,289.4400024414062,292.1700134277344,285.3999938964844,289.3200073242188,289.3200073242188,1420100,Biogen,BIIB,USA
2021-09-23,293.6900024414062,299.8299865722656,292.1000061035156,293.2000122070312,293.2000122070312,919300,Biogen,BIIB,USA
2021-09-24,289.8599853515625,293.4700012207031,289.0,291.7099914550781,291.7099914550781,817500,Biogen,BIIB,USA
2021-09-27,290.5499877929688,291.0,286.1600036621094,286.6199951171875,286.6199951171875,704300,Biogen,BIIB,USA
2021-09-28,290.8200073242188,291.5400085449219,284.25,284.7099914550781,284.7099914550781,785100,Biogen,BIIB,USA
2021-09-29,285.760009765625,289.3299865722656,284.6400146484375,285.5599975585938,285.5599975585938,700700,Biogen,BIIB,USA
2021-09-30,286.2300109863281,287.7999877929688,282.6400146484375,282.989990234375,282.989990234375,793900,Biogen,BIIB,USA
2021-10-01,281.3500061035156,285.4100036621094,279.239990234375,283.9400024414062,283.9400024414062,925800,Biogen,BIIB,USA
2021-10-04,281.4400024414062,284.5599975585938,277.4100036621094,278.3200073242188,278.3200073242188,924900,Biogen,BIIB,USA
2021-10-05,278.3399963378906,282.260009765625,278.3399963378906,280.4400024414062,280.4400024414062,1010500,Biogen,BIIB,USA
2021-10-06,280.1199951171875,285.5700073242188,279.1199951171875,283.5499877929688,283.5499877929688,978600,Biogen,BIIB,USA
2021-10-07,285.5199890136719,290.760009765625,284.5799865722656,287.7699890136719,287.7699890136719,879900,Biogen,BIIB,USA
2021-10-08,287.4400024414062,288.989990234375,284.0,285.8299865722656,285.8299865722656,629600,Biogen,BIIB,USA
2021-10-11,284.6499938964844,288.7699890136719,283.4500122070312,285.5899963378906,285.5899963378906,620600,Biogen,BIIB,USA
2021-10-12,285.4800109863281,288.5899963378906,283.7900085449219,284.7900085449219,284.7900085449219,616200,Biogen,BIIB,USA
2021-10-13,284.8999938964844,285.2999877929688,280.5,283.6499938964844,283.6499938964844,521400,Biogen,BIIB,USA
2021-10-14,286.0,287.9299926757812,282.6499938964844,285.260009765625,285.260009765625,705300,Biogen,BIIB,USA
2021-10-15,285.3399963378906,286.0,278.5700073242188,281.1900024414062,281.1900024414062,1299600,Biogen,BIIB,USA
2021-10-18,279.4200134277344,279.5,269.1900024414062,269.7300109863281,269.7300109863281,1496100,Biogen,BIIB,USA
2021-10-19,270.0,271.6600036621094,266.2999877929688,268.1300048828125,268.1300048828125,1801700,Biogen,BIIB,USA
2021-10-20,270.1099853515625,277.8699951171875,264.7799987792969,266.5700073242188,266.5700073242188,2153000,Biogen,BIIB,USA
2021-10-21,266.2999877929688,271.9400024414062,266.2900085449219,270.2099914550781,270.2099914550781,1374200,Biogen,BIIB,USA
2021-10-22,269.3800048828125,270.3699951171875,264.3500061035156,264.7999877929688,264.7999877929688,873200,Biogen,BIIB,USA
2021-10-25,266.0,271.510009765625,265.0,269.9400024414062,269.9400024414062,1092900,Biogen,BIIB,USA
2021-10-26,269.8800048828125,273.6400146484375,267.0199890136719,271.1199951171875,271.1199951171875,1453800,Biogen,BIIB,USA
2021-10-27,270.1700134277344,270.6000061035156,259.6300048828125,259.9500122070312,259.9500122070312,1276200,Biogen,BIIB,USA
2021-10-28,260.4500122070312,266.5,260.4500122070312,264.8699951171875,264.8699951171875,1273500,Biogen,BIIB,USA
2021-10-29,264.4100036621094,268.3200073242188,262.0199890136719,266.6799926757812,266.6799926757812,947600,Biogen,BIIB,USA
2021-11-01,266.1499938964844,274.75,265.5,272.1000061035156,272.1000061035156,1222600,Biogen,BIIB,USA
2021-11-02,272.2699890136719,274.5,264.5799865722656,272.510009765625,272.510009765625,1839100,Biogen,BIIB,USA
2021-11-03,271.5299987792969,279.8099975585938,269.9800109863281,279.5899963378906,279.5899963378906,1041500,Biogen,BIIB,USA
2021-11-04,279.5899963378906,280.6199951171875,275.3200073242188,280.4100036621094,280.4100036621094,949100,Biogen,BIIB,USA
2021-11-05,279.3099975585938,284.5899963378906,276.4200134277344,278.6799926757812,278.6799926757812,833800,Biogen,BIIB,USA
2021-11-08,279.510009765625,279.7099914550781,268.2699890136719,272.7000122070312,272.7000122070312,1151900,Biogen,BIIB,USA
2021-11-09,272.0,274.6900024414062,267.0,270.0299987792969,270.0299987792969,894700,Biogen,BIIB,USA
2021-11-10,270.0299987792969,273.9200134277344,266.0499877929688,266.9299926757812,266.9299926757812,708800,Biogen,BIIB,USA
2021-11-11,266.6199951171875,267.6099853515625,264.0,266.5700073242188,266.5700073242188,637700,Biogen,BIIB,USA
2021-11-12,270.6700134277344,272.5499877929688,267.5199890136719,270.4299926757812,270.4299926757812,845000,Biogen,BIIB,USA
2021-11-15,273.8200073242188,276.5,270.7000122070312,271.8200073242188,271.8200073242188,756300,Biogen,BIIB,USA
2021-11-16,268.2699890136719,268.7200012207031,260.8599853515625,261.5499877929688,261.5499877929688,1159500,Biogen,BIIB,USA
2021-11-17,254.5599975585938,261.4100036621094,252.0200042724609,258.3800048828125,258.3800048828125,1497000,Biogen,BIIB,USA
2021-11-18,259.9800109863281,260.7300109863281,253.1799926757812,256.7900085449219,256.7900085449219,975800,Biogen,BIIB,USA
2021-11-19,257.7099914550781,260.1600036621094,254.5700073242188,257.1900024414062,257.1900024414062,898800,Biogen,BIIB,USA
2021-11-22,257.9700012207031,258.8900146484375,250.6699981689453,252.2100067138672,252.2100067138672,1290300,Biogen,BIIB,USA
2021-11-23,252.0700073242188,254.4499969482422,249.5200042724609,254.1499938964844,254.1499938964844,799100,Biogen,BIIB,USA
2021-11-24,253.1799926757812,253.1799926757812,247.6600036621094,250.1300048828125,250.1300048828125,1579800,Biogen,BIIB,USA
2021-11-26,250.7799987792969,250.7799987792969,242.0200042724609,242.8999938964844,242.8999938964844,1300400,Biogen,BIIB,USA
2021-11-29,245.3600006103516,245.5,235.1799926757812,236.1100006103516,236.1100006103516,2229100,Biogen,BIIB,USA
2021-11-30,236.5,239.7700042724609,228.6799926757812,235.7400054931641,235.7400054931641,3294300,Biogen,BIIB,USA
2021-12-01,236.9799957275391,239.5800018310547,228.8800048828125,229.5,229.5,1672700,Biogen,BIIB,USA
2021-12-02,228.5500030517578,229.4700012207031,224.4600067138672,228.5200042724609,228.5200042724609,1276200,Biogen,BIIB,USA
2021-12-03,227.6900024414062,229.0399932861328,221.7200012207031,223.9199981689453,223.9199981689453,1427700,Biogen,BIIB,USA
2021-12-06,223.1999969482422,226.2200012207031,222.1499938964844,224.1100006103516,224.1100006103516,1101800,Biogen,BIIB,USA
2021-12-07,225.1699981689453,228.8000030517578,223.6499938964844,226.8300018310547,226.8300018310547,941300,Biogen,BIIB,USA
2021-12-08,227.1799926757812,235.2200012207031,225.8999938964844,234.7200012207031,234.7200012207031,1419100,Biogen,BIIB,USA
2021-12-09,232.8600006103516,236.8899993896484,230.8099975585938,232.4299926757812,232.4299926757812,1365200,Biogen,BIIB,USA
2021-12-10,232.8000030517578,233.6900024414062,229.5200042724609,232.6199951171875,232.6199951171875,998800,Biogen,BIIB,USA
2021-12-13,231.6799926757812,235.8000030517578,230.1799926757812,234.5,234.5,1236600,Biogen,BIIB,USA
2021-12-14,233.9299926757812,236.6300048828125,230.1699981689453,230.7599945068359,230.7599945068359,1232500,Biogen,BIIB,USA
2021-12-15,230.1999969482422,236.3699951171875,228.9499969482422,235.8800048828125,235.8800048828125,1262400,Biogen,BIIB,USA
2021-12-16,237.2899932861328,243.4299926757812,234.8600006103516,235.5200042724609,235.5200042724609,1252200,Biogen,BIIB,USA
2021-12-17,233.0,239.8999938964844,232.5800018310547,237.4299926757812,237.4299926757812,2262900,Biogen,BIIB,USA
2021-12-20,239.75,240.0,234.25,236.9600067138672,236.9600067138672,1127700,Biogen,BIIB,USA
2021-12-21,235.0500030517578,237.6000061035156,230.0500030517578,234.6499938964844,234.6499938964844,1030200,Biogen,BIIB,USA
2021-12-22,236.2599945068359,236.4799957275391,231.2899932861328,234.4799957275391,234.4799957275391,783300,Biogen,BIIB,USA
2021-12-23,232.9499969482422,236.2100067138672,232.0399932861328,235.4100036621094,235.4100036621094,1003300,Biogen,BIIB,USA
2021-12-27,235.2299957275391,236.6999969482422,232.3600006103516,234.1900024414062,234.1900024414062,1744600,Biogen,BIIB,USA
2021-12-28,233.3399963378906,236.9600067138672,233.0200042724609,235.9900054931641,235.9900054931641,775000,Biogen,BIIB,USA
2021-12-29,235.0,265.5400085449219,234.1300048828125,258.3099975585938,258.3099975585938,6869700,Biogen,BIIB,USA
2021-12-30,245.1900024414062,247.0,237.0500030517578,240.0,240.0,4423100,Biogen,BIIB,USA
2021-12-31,239.7599945068359,243.7100067138672,239.5,239.9199981689453,239.9199981689453,1532700,Biogen,BIIB,USA
2022-01-03,240.1499938964844,247.5099945068359,238.0700073242188,244.1399993896484,244.1399993896484,1642200,Biogen,BIIB,USA
2022-01-04,245.1300048828125,245.4499969482422,239.0,241.7299957275391,241.7299957275391,1283400,Biogen,BIIB,USA
2022-01-05,241.7299957275391,249.0,239.1799926757812,239.2700042724609,239.2700042724609,1167400,Biogen,BIIB,USA
2022-01-06,240.3000030517578,242.4499969482422,236.8500061035156,237.3000030517578,237.3000030517578,1036900,Biogen,BIIB,USA
2022-01-07,235.5500030517578,236.8999938964844,231.6199951171875,232.6000061035156,232.6000061035156,1394900,Biogen,BIIB,USA
2022-01-10,232.75,235.5500030517578,230.5399932861328,235.3099975585938,235.3099975585938,1754000,Biogen,BIIB,USA
2022-01-11,235.3999938964844,243.7100067138672,235.0,241.5200042724609,241.5200042724609,1557700,Biogen,BIIB,USA
2022-01-12,223.1000061035156,227.5899963378906,217.1000061035156,225.3399963378906,225.3399963378906,7511100,Biogen,BIIB,USA
2022-01-13,225.3000030517578,239.6399993896484,225.3000030517578,236.6699981689453,236.6699981689453,3781400,Biogen,BIIB,USA
2022-01-14,235.0800018310547,239.4700012207031,233.8000030517578,239.3000030517578,239.3000030517578,1768000,Biogen,BIIB,USA
2022-01-18,238.8999938964844,238.8999938964844,231.3699951171875,233.8099975585938,233.8099975585938,1631500,Biogen,BIIB,USA
2022-01-19,235.5099945068359,235.5099945068359,230.6499938964844,230.8099975585938,230.8099975585938,1258500,Biogen,BIIB,USA
2022-01-20,231.2799987792969,233.1199951171875,225.6199951171875,225.9100036621094,225.9100036621094,1471400,Biogen,BIIB,USA
2022-01-21,225.3699951171875,226.3699951171875,220.2899932861328,220.5200042724609,220.5200042724609,2205600,Biogen,BIIB,USA
2022-01-24,220.2200012207031,224.8699951171875,214.8800048828125,224.6900024414062,224.6900024414062,1995700,Biogen,BIIB,USA
2022-01-25,221.1600036621094,224.9100036621094,218.3699951171875,222.3099975585938,222.3099975585938,1507200,Biogen,BIIB,USA
2022-01-26,223.1399993896484,226.8800048828125,218.2299957275391,219.6000061035156,219.6000061035156,1684500,Biogen,BIIB,USA
2022-01-27,221.2599945068359,223.7400054931641,218.1999969482422,218.9400024414062,218.9400024414062,1098000,Biogen,BIIB,USA
2022-01-28,218.1600036621094,225.2299957275391,217.9199981689453,225.2100067138672,225.2100067138672,1325600,Biogen,BIIB,USA
2022-01-31,223.0299987792969,228.0099945068359,221.8800048828125,226.0,226.0,2518500,Biogen,BIIB,USA
2022-02-01,227.1699981689453,231.2200012207031,226.9499969482422,229.3699951171875,229.3699951171875,1049600,Biogen,BIIB,USA
2022-02-02,228.6699981689453,228.7700042724609,222.2700042724609,224.9600067138672,224.9600067138672,1083300,Biogen,BIIB,USA
2022-02-03,215.0,223.1399993896484,212.5599975585938,220.1699981689453,220.1699981689453,2005000,Biogen,BIIB,USA
2022-02-04,215.3000030517578,223.1000061035156,215.2700042724609,221.5299987792969,221.5299987792969,1265800,Biogen,BIIB,USA
2022-02-07,220.7400054931641,223.4299926757812,219.3899993896484,221.3000030517578,221.3000030517578,832600,Biogen,BIIB,USA
2022-02-08,220.3699951171875,223.3800048828125,216.8999938964844,222.3899993896484,222.3899993896484,991300,Biogen,BIIB,USA
2022-02-09,224.3300018310547,228.5299987792969,222.2100067138672,226.8099975585938,226.8099975585938,989700,Biogen,BIIB,USA
2022-02-10,224.4700012207031,226.9700012207031,219.0299987792969,220.0399932861328,220.0399932861328,1316000,Biogen,BIIB,USA
2022-02-11,219.2400054931641,221.5800018310547,214.1100006103516,214.5899963378906,214.5899963378906,1118600,Biogen,BIIB,USA
2022-02-14,214.8699951171875,215.3699951171875,211.2899932861328,214.1199951171875,214.1199951171875,872900,Biogen,BIIB,USA
2022-02-15,214.0099945068359,217.8699951171875,214.0099945068359,217.3699951171875,217.3699951171875,741500,Biogen,BIIB,USA
2022-02-16,216.7299957275391,216.7299957275391,213.3899993896484,214.5500030517578,214.5500030517578,763800,Biogen,BIIB,USA
2022-02-17,212.6000061035156,214.1399993896484,209.0700073242188,210.6000061035156,210.6000061035156,1083600,Biogen,BIIB,USA
2022-02-18,209.2799987792969,211.5,207.6100006103516,209.7899932861328,209.7899932861328,1053400,Biogen,BIIB,USA
2022-02-22,208.3099975585938,212.2599945068359,208.3099975585938,209.8099975585938,209.8099975585938,1254000,Biogen,BIIB,USA
2022-02-23,210.0700073242188,211.5500030517578,208.9400024414062,209.0800018310547,209.0800018310547,964600,Biogen,BIIB,USA
2022-02-24,204.8600006103516,207.0500030517578,200.3600006103516,203.1199951171875,203.1199951171875,1883300,Biogen,BIIB,USA
2022-02-25,204.4900054931641,209.9299926757812,203.8800048828125,207.3800048828125,207.3800048828125,1035200,Biogen,BIIB,USA
2022-02-28,204.3999938964844,211.1699981689453,202.5800018310547,211.0099945068359,211.0099945068359,1395300,Biogen,BIIB,USA
2022-03-01,210.5800018310547,213.8000030517578,209.4100036621094,210.3399963378906,210.3399963378906,804400,Biogen,BIIB,USA
2022-03-02,210.3399963378906,211.0599975585938,206.4299926757812,207.7899932861328,207.7899932861328,1108400,Biogen,BIIB,USA
2022-03-03,213.0299987792969,213.7100067138672,209.1900024414062,211.2299957275391,211.2299957275391,942100,Biogen,BIIB,USA
2022-03-04,208.9400024414062,211.3600006103516,208.9400024414062,209.4499969482422,209.4499969482422,708800,Biogen,BIIB,USA
2022-03-07,208.2299957275391,218.2200012207031,205.0099945068359,205.7799987792969,205.7799987792969,1309700,Biogen,BIIB,USA
2022-03-08,201.3000030517578,209.8300018310547,201.0099945068359,202.0099945068359,202.0099945068359,1407100,Biogen,BIIB,USA
2022-03-09,206.1399993896484,209.6999969482422,201.4900054931641,202.2700042724609,202.2700042724609,1236900,Biogen,BIIB,USA
2022-03-10,201.0,203.3600006103516,194.9400024414062,198.6399993896484,198.6399993896484,1166200,Biogen,BIIB,USA
2022-03-11,201.1300048828125,201.6600036621094,197.25,197.6699981689453,197.6699981689453,787900,Biogen,BIIB,USA
2022-03-14,198.5899963378906,201.5200042724609,192.6699981689453,193.7700042724609,193.7700042724609,1475800,Biogen,BIIB,USA
2022-03-15,193.2100067138672,197.4199981689453,193.0899963378906,197.3600006103516,197.3600006103516,1306300,Biogen,BIIB,USA
2022-03-16,201.2299957275391,204.25,198.0599975585938,203.8000030517578,203.8000030517578,1075000,Biogen,BIIB,USA
2022-03-17,203.0399932861328,206.6000061035156,202.0099945068359,205.3200073242188,205.3200073242188,1057100,Biogen,BIIB,USA
2022-03-18,204.3899993896484,208.8800048828125,203.0700073242188,208.5700073242188,208.5700073242188,2102800,Biogen,BIIB,USA
2022-03-21,207.6999969482422,209.0299987792969,203.9900054931641,206.8099975585938,206.8099975585938,1284400,Biogen,BIIB,USA
2022-03-22,206.6600036621094,212.1100006103516,206.0,210.9199981689453,210.9199981689453,849600,Biogen,BIIB,USA
2022-03-23,210.9199981689453,213.1100006103516,209.3800048828125,209.6199951171875,209.6199951171875,955300,Biogen,BIIB,USA
2022-03-24,210.5099945068359,213.7200012207031,210.0099945068359,213.0099945068359,213.0099945068359,736200,Biogen,BIIB,USA
2022-03-25,213.3200073242188,214.1199951171875,209.4100036621094,210.9700012207031,210.9700012207031,685900,Biogen,BIIB,USA
2022-03-28,210.0800018310547,212.2599945068359,208.2299957275391,211.6799926757812,211.6799926757812,807500,Biogen,BIIB,USA
2022-03-29,212.9600067138672,215.9299926757812,212.6600036621094,214.9499969482422,214.9499969482422,699600,Biogen,BIIB,USA
2022-03-30,214.9499969482422,216.3600006103516,210.3200073242188,211.0299987792969,211.0299987792969,585400,Biogen,BIIB,USA
2022-03-31,212.1300048828125,213.2400054931641,210.1000061035156,210.6000061035156,210.6000061035156,951400,Biogen,BIIB,USA
2022-04-01,212.4900054931641,212.9700012207031,208.4900054931641,210.6499938964844,210.6499938964844,675800,Biogen,BIIB,USA
2022-04-04,212.0599975585938,213.5,211.0700073242188,211.6399993896484,211.6399993896484,800500,Biogen,BIIB,USA
2022-04-05,210.3800048828125,214.1399993896484,207.3500061035156,207.6100006103516,207.6100006103516,1404900,Biogen,BIIB,USA
2022-04-06,206.8699951171875,210.3500061035156,205.5200042724609,209.7100067138672,209.7100067138672,1014200,Biogen,BIIB,USA
2022-04-07,210.2200012207031,212.9600067138672,208.3699951171875,211.6399993896484,211.6399993896484,779100,Biogen,BIIB,USA
2022-04-08,211.1799926757812,218.0200042724609,210.3600006103516,214.75,214.75,1410700,Biogen,BIIB,USA
2022-04-11,213.1199951171875,216.0,210.5500030517578,210.6199951171875,210.6199951171875,869000,Biogen,BIIB,USA
2022-04-12,211.0099945068359,212.9100036621094,206.6199951171875,208.0599975585938,208.0599975585938,976100,Biogen,BIIB,USA
2022-04-13,208.5599975585938,214.3999938964844,208.0700073242188,213.9799957275391,213.9799957275391,671600,Biogen,BIIB,USA
2022-04-14,214.3999938964844,216.0,212.1999969482422,212.5500030517578,212.5500030517578,917900,Biogen,BIIB,USA
2022-04-18,216.2200012207031,217.6600036621094,211.4700012207031,212.5399932861328,212.5399932861328,1033400,Biogen,BIIB,USA
2022-04-19,212.9799957275391,224.3200073242188,212.5500030517578,223.0200042724609,223.0200042724609,1448600,Biogen,BIIB,USA
2022-04-20,224.2700042724609,225.5,220.2700042724609,220.4299926757812,220.4299926757812,1028600,Biogen,BIIB,USA
2022-04-21,222.3699951171875,224.7799987792969,218.3000030517578,218.3999938964844,218.3999938964844,932200,Biogen,BIIB,USA
2022-04-22,217.4799957275391,220.4799957275391,209.7100067138672,209.9900054931641,209.9900054931641,1342900,Biogen,BIIB,USA
2022-04-25,209.8200073242188,215.5800018310547,208.4199981689453,214.5399932861328,214.5399932861328,1040500,Biogen,BIIB,USA
2022-04-26,213.0,214.5099945068359,206.5200042724609,206.9900054931641,206.9900054931641,1110300,Biogen,BIIB,USA
2022-04-27,207.6199951171875,209.9299926757812,206.2400054931641,206.9400024414062,206.9400024414062,728800,Biogen,BIIB,USA
2022-04-28,207.7899932861328,211.2899932861328,204.8600006103516,210.4100036621094,210.4100036621094,876700,Biogen,BIIB,USA
2022-04-29,210.6699981689453,214.6199951171875,206.9700012207031,207.4400024414062,207.4400024414062,1049400,Biogen,BIIB,USA
2022-05-02,206.3000030517578,209.1199951171875,202.5200042724609,207.3200073242188,207.3200073242188,1526200,Biogen,BIIB,USA
2022-05-03,209.1199951171875,214.7799987792969,205.0,205.6999969482422,205.6999969482422,1545700,Biogen,BIIB,USA
2022-05-04,208.4700012207031,211.6199951171875,203.4100036621094,210.1000061035156,210.1000061035156,1093300,Biogen,BIIB,USA
2022-05-05,207.6300048828125,209.3899993896484,199.5899963378906,201.1799926757812,201.1799926757812,1384800,Biogen,BIIB,USA
2022-05-06,198.9400024414062,199.2599945068359,190.6499938964844,193.6100006103516,193.6100006103516,1888700,Biogen,BIIB,USA
2022-05-09,191.0500030517578,193.9100036621094,187.1600036621094,187.5399932861328,187.5399932861328,1589700,Biogen,BIIB,USA
2022-05-10,191.1999969482422,197.5099945068359,190.9199981689453,195.0,195.0,1603400,Biogen,BIIB,USA
2022-05-11,192.2899932861328,198.1399993896484,190.5099945068359,191.0700073242188,191.0700073242188,1483500,Biogen,BIIB,USA
2022-05-12,190.5599975585938,194.9799957275391,188.5099945068359,194.3200073242188,194.3200073242188,1313900,Biogen,BIIB,USA
2022-05-13,196.9299926757812,200.2700042724609,196.2400054931641,199.1100006103516,199.1100006103516,1230400,Biogen,BIIB,USA
2022-05-16,197.8899993896484,200.9199981689453,196.4700012207031,198.3800048828125,198.3800048828125,831500,Biogen,BIIB,USA
2022-05-17,200.1300048828125,203.0599975585938,197.4799957275391,202.8999938964844,202.8999938964844,781900,Biogen,BIIB,USA
2022-05-18,201.0500030517578,201.7700042724609,195.0,195.7100067138672,195.7100067138672,1197100,Biogen,BIIB,USA
2022-05-19,195.3200073242188,195.5500030517578,191.4600067138672,193.0899963378906,193.0899963378906,1171100,Biogen,BIIB,USA
2022-05-20,195.3300018310547,199.7799987792969,194.5,199.6499938964844,199.6499938964844,972600,Biogen,BIIB,USA
2022-05-23,201.0899963378906,204.0,198.6900024414062,199.3999938964844,199.3999938964844,931900,Biogen,BIIB,USA
2022-05-24,198.6699981689453,202.7299957275391,196.5200042724609,202.5399932861328,202.5399932861328,914100,Biogen,BIIB,USA
2022-05-25,202.5399932861328,203.3200073242188,198.1000061035156,202.3600006103516,202.3600006103516,932500,Biogen,BIIB,USA
2022-05-26,202.9799957275391,205.7299957275391,202.3399963378906,204.2200012207031,204.2200012207031,532000,Biogen,BIIB,USA
2022-05-27,205.2599945068359,207.3600006103516,203.1300048828125,206.1999969482422,206.1999969482422,1013300,Biogen,BIIB,USA
2022-05-31,204.9600067138672,204.9600067138672,199.1499938964844,200.0,200.0,1767400,Biogen,BIIB,USA
2022-06-01,202.0,202.2200012207031,198.4700012207031,200.0,200.0,1055300,Biogen,BIIB,USA
2022-06-02,199.3300018310547,200.2299957275391,193.8600006103516,198.5099945068359,198.5099945068359,1094300,Biogen,BIIB,USA
2022-06-03,198.1000061035156,204.6399993896484,197.8500061035156,200.6199951171875,200.6199951171875,867300,Biogen,BIIB,USA
2022-06-06,203.5200042724609,203.5399932861328,195.7100067138672,197.1100006103516,197.1100006103516,803900,Biogen,BIIB,USA
2022-06-07,195.7599945068359,201.4700012207031,195.4799957275391,201.0800018310547,201.0800018310547,791000,Biogen,BIIB,USA
2022-06-08,201.0800018310547,208.4900054931641,200.0,206.7299957275391,206.7299957275391,1559000,Biogen,BIIB,USA
2022-06-09,205.9799957275391,206.5299987792969,202.1799926757812,202.2200012207031,202.2200012207031,894100,Biogen,BIIB,USA
2022-06-10,199.3899993896484,200.2599945068359,195.9499969482422,197.5,197.5,999700,Biogen,BIIB,USA
2022-06-13,194.1699981689453,195.4600067138672,191.75,192.1600036621094,192.1600036621094,1052800,Biogen,BIIB,USA
2022-06-14,191.9700012207031,194.3999938964844,189.6699981689453,194.1799926757812,194.1799926757812,817900,Biogen,BIIB,USA
2022-06-15,196.1699981689453,199.25,193.3899993896484,197.2599945068359,197.2599945068359,760200,Biogen,BIIB,USA
2022-06-16,193.3200073242188,193.8899993896484,188.5399932861328,191.5299987792969,191.5299987792969,1024900,Biogen,BIIB,USA
2022-06-17,192.1100006103516,204.2599945068359,192.1100006103516,201.7400054931641,201.7400054931641,1884700,Biogen,BIIB,USA
2022-06-21,204.2200012207031,207.5399932861328,201.9700012207031,206.8899993896484,206.8899993896484,1319200,Biogen,BIIB,USA
2022-06-22,205.3099975585938,209.6199951171875,204.6100006103516,207.0,207.0,988100,Biogen,BIIB,USA
2022-06-23,207.7299957275391,211.9100036621094,207.6999969482422,211.3800048828125,211.3800048828125,864000,Biogen,BIIB,USA
2022-06-24,211.3800048828125,212.7100067138672,207.1900024414062,211.9299926757812,211.9299926757812,2947000,Biogen,BIIB,USA
2022-06-27,210.3200073242188,213.6799926757812,208.1300048828125,213.5700073242188,213.5700073242188,972600,Biogen,BIIB,USA
2022-06-28,213.75,213.8800048828125,202.3300018310547,202.5099945068359,202.5099945068359,1656700,Biogen,BIIB,USA
2022-06-29,202.0700073242188,205.9199981689453,199.8699951171875,205.2299957275391,205.2299957275391,1260100,Biogen,BIIB,USA
2022-06-30,203.5800018310547,207.0899963378906,200.3999938964844,203.9400024414062,203.9400024414062,1186200,Biogen,BIIB,USA
2022-07-01,205.3699951171875,210.75,203.9199981689453,210.6300048828125,210.6300048828125,800700,Biogen,BIIB,USA
2022-07-05,208.9799957275391,212.7299957275391,206.7799987792969,212.5800018310547,212.5800018310547,897900,Biogen,BIIB,USA
2022-07-06,213.1100006103516,216.8000030517578,211.1699981689453,215.9799957275391,215.9799957275391,969400,Biogen,BIIB,USA
2022-07-07,215.8300018310547,219.9100036621094,215.1300048828125,217.9600067138672,217.9600067138672,900600,Biogen,BIIB,USA
2022-07-08,216.3800048828125,220.7899932861328,215.8999938964844,218.8000030517578,218.8000030517578,918900,Biogen,BIIB,USA
2022-07-11,217.5599975585938,218.0,214.5200042724609,215.2599945068359,215.2599945068359,609700,Biogen,BIIB,USA
2022-07-12,216.6600036621094,218.5599975585938,214.0399932861328,215.5800018310547,215.5800018310547,711100,Biogen,BIIB,USA
2022-07-13,211.9199981689453,216.3500061035156,211.9199981689453,214.5299987792969,214.5299987792969,635100,Biogen,BIIB,USA
2022-07-14,212.9799957275391,215.0500030517578,210.2599945068359,214.2700042724609,214.2700042724609,920100,Biogen,BIIB,USA
2022-07-15,215.3699951171875,217.3600006103516,213.75,217.0099945068359,217.0099945068359,732100,Biogen,BIIB,USA
2022-07-18,217.5700073242188,218.7899932861328,213.0500030517578,214.3399963378906,214.3399963378906,1056100,Biogen,BIIB,USA
2022-07-19,217.7400054931641,222.1999969482422,216.2799987792969,220.2599945068359,220.2599945068359,1075200,Biogen,BIIB,USA
2022-07-20,217.0,220.6999969482422,204.6699981689453,207.4900054931641,207.4900054931641,1991500,Biogen,BIIB,USA
2022-07-21,208.2700042724609,214.6799926757812,207.9400024414062,214.0599975585938,214.0599975585938,1136800,Biogen,BIIB,USA
2022-07-22,214.4400024414062,215.3099975585938,205.2899932861328,206.25,206.25,842300,Biogen,BIIB,USA
2022-07-25,205.9900054931641,207.9600067138672,204.1799926757812,207.5700073242188,207.5700073242188,776900,Biogen,BIIB,USA
2022-07-26,206.6999969482422,214.0200042724609,206.6999969482422,210.8500061035156,210.8500061035156,916200,Biogen,BIIB,USA
2022-07-27,209.6499938964844,213.6699981689453,209.6499938964844,212.9199981689453,212.9199981689453,848800,Biogen,BIIB,USA
2022-07-28,212.3600006103516,215.2200012207031,208.7299957275391,214.1999969482422,214.1999969482422,852600,Biogen,BIIB,USA
2022-07-29,212.5099945068359,216.6900024414062,211.5899963378906,215.0599975585938,215.0599975585938,1152000,Biogen,BIIB,USA
2022-08-01,213.8999938964844,214.6399993896484,208.8099975585938,209.2599945068359,209.2599945068359,1117500,Biogen,BIIB,USA
2022-08-02,209.5099945068359,213.4600067138672,208.5500030517578,209.1499938964844,209.1499938964844,685300,Biogen,BIIB,USA
2022-08-03,210.0,217.0299987792969,210.0,213.6000061035156,213.6000061035156,1005500,Biogen,BIIB,USA
2022-08-04,214.7400054931641,218.8600006103516,214.7400054931641,217.3000030517578,217.3000030517578,991200,Biogen,BIIB,USA
2022-08-05,215.8300018310547,219.0700073242188,215.0599975585938,218.1999969482422,218.1999969482422,670500,Biogen,BIIB,USA
2022-08-08,216.7899932861328,222.2200012207031,215.3800048828125,217.5599975585938,217.5599975585938,932100,Biogen,BIIB,USA
2022-08-09,216.3399963378906,218.6000061035156,214.2899932861328,217.5899963378906,217.5899963378906,564900,Biogen,BIIB,USA
2022-08-10,220.6000061035156,221.6199951171875,216.9799957275391,221.0399932861328,221.0399932861328,925500,Biogen,BIIB,USA
2022-08-11,221.2200012207031,222.8200073242188,216.9199981689453,218.2200012207031,218.2200012207031,652900,Biogen,BIIB,USA
2022-08-12,218.5800018310547,222.1699981689453,218.5800018310547,220.9900054931641,220.9900054931641,768900,Biogen,BIIB,USA
2022-08-15,220.9900054931641,222.5,217.9600067138672,222.3800048828125,222.3800048828125,669900,Biogen,BIIB,USA
2022-08-16,221.7400054931641,222.1399993896484,217.5500030517578,219.6399993896484,219.6399993896484,607500,Biogen,BIIB,USA
2022-08-17,218.8099975585938,219.6499938964844,216.6100006103516,217.5800018310547,217.5800018310547,486000,Biogen,BIIB,USA
2022-08-18,216.9400024414062,216.9799957275391,214.3300018310547,216.3399963378906,216.3399963378906,514500,Biogen,BIIB,USA
2022-08-19,215.7899932861328,216.6100006103516,212.4600067138672,214.0899963378906,214.0899963378906,623400,Biogen,BIIB,USA
2022-08-22,212.25,212.8200073242188,207.1999969482422,207.6999969482422,207.6999969482422,760600,Biogen,BIIB,USA
2022-08-23,207.4700012207031,207.6699981689453,200.1499938964844,202.8099975585938,202.8099975585938,872700,Biogen,BIIB,USA
2022-08-24,201.7400054931641,202.8999938964844,200.1499938964844,201.7799987792969,201.7799987792969,698800,Biogen,BIIB,USA
2022-08-25,202.4900054931641,205.0599975585938,200.6900024414062,204.8300018310547,204.8300018310547,673200,Biogen,BIIB,USA
2022-08-26,205.3300018310547,206.2899932861328,198.5299987792969,198.5899963378906,198.5899963378906,973200,Biogen,BIIB,USA
2022-08-29,197.1900024414062,198.6100006103516,195.6199951171875,197.1100006103516,197.1100006103516,479700,Biogen,BIIB,USA
2022-08-30,196.6000061035156,197.7799987792969,195.1699981689453,196.0800018310547,196.0800018310547,623000,Biogen,BIIB,USA
2022-08-31,197.8899993896484,198.4900054931641,193.6499938964844,195.3800048828125,195.3800048828125,871300,Biogen,BIIB,USA
2022-09-01,194.7700042724609,201.4100036621094,193.6499938964844,199.7899932861328,199.7899932861328,915600,Biogen,BIIB,USA
2022-09-02,201.7100067138672,201.7100067138672,194.7100067138672,196.0299987792969,196.0299987792969,762000,Biogen,BIIB,USA
2022-09-06,196.0599975585938,198.0,194.4199981689453,194.6900024414062,194.6900024414062,766400,Biogen,BIIB,USA
2022-09-07,195.4199981689453,201.25,194.4499969482422,200.6699981689453,200.6699981689453,766200,Biogen,BIIB,USA
2022-09-08,201.1600036621094,208.0500030517578,201.1600036621094,207.9799957275391,207.9799957275391,1039100,Biogen,BIIB,USA
2022-09-09,208.3899993896484,212.9199981689453,208.0899963378906,211.8399963378906,211.8399963378906,1053000,Biogen,BIIB,USA
2022-09-12,212.1000061035156,216.1699981689453,211.0800018310547,212.8800048828125,212.8800048828125,955400,Biogen,BIIB,USA
2022-09-13,208.8999938964844,209.9700012207031,203.2899932861328,203.9100036621094,203.9100036621094,1064000,Biogen,BIIB,USA
2022-09-14,204.8999938964844,205.0700073242188,200.75,204.1100006103516,204.1100006103516,840800,Biogen,BIIB,USA
2022-09-15,203.3200073242188,208.7100067138672,202.6399993896484,206.7200012207031,206.7200012207031,1021700,Biogen,BIIB,USA
2022-09-16,206.5399932861328,209.1900024414062,204.2299957275391,208.2599945068359,208.2599945068359,1904400,Biogen,BIIB,USA
2022-09-19,206.8800048828125,210.1799926757812,205.5299987792969,209.2599945068359,209.2599945068359,843700,Biogen,BIIB,USA
2022-09-20,207.7799987792969,207.9499969482422,202.6499938964844,204.1999969482422,204.1999969482422,947100,Biogen,BIIB,USA
2022-09-21,205.5299987792969,209.25,199.3000030517578,199.3399963378906,199.3399963378906,1068500,Biogen,BIIB,USA
2022-09-22,197.4900054931641,201.6799926757812,195.5800018310547,200.6199951171875,200.6199951171875,712000,Biogen,BIIB,USA
2022-09-23,200.2799987792969,200.6199951171875,194.4499969482422,197.7799987792969,197.7799987792969,1443600,Biogen,BIIB,USA
2022-09-26,197.4400024414062,199.8099975585938,194.6300048828125,195.75,195.75,1021400,Biogen,BIIB,USA
2022-09-27,197.0200042724609,200.9499969482422,195.5,197.7899932861328,197.7899932861328,849100,Biogen,BIIB,USA
2022-09-28,282.9599914550781,283.4400024414062,265.0199890136719,276.6099853515625,276.6099853515625,16232000,Biogen,BIIB,USA
2022-09-29,269.2900085449219,271.3800048828125,260.3599853515625,264.2799987792969,264.2799987792969,6184000,Biogen,BIIB,USA
2022-09-30,265.510009765625,271.489990234375,257.0199890136719,267.0,267.0,3749700,Biogen,BIIB,USA
2022-10-03,269.0,269.5,260.6900024414062,264.2999877929688,264.2999877929688,2498800,Biogen,BIIB,USA
2022-10-04,266.0,269.8699951171875,264.5,267.4500122070312,267.4500122070312,2162000,Biogen,BIIB,USA
2022-10-05,265.2799987792969,266.4299926757812,257.510009765625,261.6900024414062,261.6900024414062,1573600,Biogen,BIIB,USA
2022-10-06,261.9700012207031,266.3099975585938,259.1199951171875,262.260009765625,262.260009765625,1246500,Biogen,BIIB,USA
2022-10-07,261.3999938964844,265.9800109863281,256.4800109863281,257.8900146484375,257.8900146484375,1778200,Biogen,BIIB,USA
2022-10-10,257.5799865722656,258.3900146484375,252.3000030517578,254.7799987792969,254.7799987792969,1191600,Biogen,BIIB,USA
2022-10-11,251.9700012207031,258.8200073242188,250.3099975585938,254.0700073242188,254.0700073242188,1239000,Biogen,BIIB,USA
2022-10-12,254.5099945068359,256.1199951171875,250.9400024414062,253.6699981689453,253.6699981689453,1592300,Biogen,BIIB,USA
2022-10-13,251.8699951171875,271.989990234375,251.7700042724609,269.9400024414062,269.9400024414062,3279200,Biogen,BIIB,USA
2022-10-14,270.6499938964844,272.6199951171875,264.0299987792969,264.6300048828125,264.6300048828125,1478900,Biogen,BIIB,USA
2022-10-17,266.0499877929688,274.010009765625,264.75,269.5499877929688,269.5499877929688,1658300,Biogen,BIIB,USA
2022-10-18,270.0299987792969,273.7099914550781,267.2799987792969,270.2799987792969,270.2799987792969,1348800,Biogen,BIIB,USA
2022-10-19,269.2999877929688,269.2999877929688,261.9100036621094,264.4500122070312,264.4500122070312,1163600,Biogen,BIIB,USA
2022-10-20,263.4200134277344,265.989990234375,260.3299865722656,262.6499938964844,262.6499938964844,1030900,Biogen,BIIB,USA
2022-10-21,264.2999877929688,268.5899963378906,261.9200134277344,267.6199951171875,267.6199951171875,1575200,Biogen,BIIB,USA
2022-10-24,267.9400024414062,275.8299865722656,267.9400024414062,274.6199951171875,274.6199951171875,1849400,Biogen,BIIB,USA
2022-10-25,278.6000061035156,279.6300048828125,265.4599914550781,273.5599975585938,273.5599975585938,2431500,Biogen,BIIB,USA
2022-10-26,280.0,284.760009765625,278.4400024414062,280.4299926757812,280.4299926757812,2059900,Biogen,BIIB,USA
2022-10-27,281.0700073242188,281.4599914550781,275.1600036621094,277.8699951171875,277.8699951171875,1399400,Biogen,BIIB,USA
2022-10-28,278.010009765625,285.3500061035156,272.2799987792969,284.2900085449219,284.2900085449219,1543600,Biogen,BIIB,USA
2022-10-31,283.2799987792969,284.2900085449219,279.9599914550781,283.4400024414062,283.4400024414062,1086100,Biogen,BIIB,USA
2022-11-01,283.4400024414062,286.8200073242188,280.0,280.0400085449219,280.0400085449219,1068700,Biogen,BIIB,USA
2022-11-02,280.1799926757812,287.3699951171875,277.8800048828125,278.3699951171875,278.3699951171875,1498000,Biogen,BIIB,USA
2022-11-03,276.010009765625,282.5899963378906,274.6300048828125,280.25,280.25,869100,Biogen,BIIB,USA
2022-11-04,282.5199890136719,283.2999877929688,276.6400146484375,281.8200073242188,281.8200073242188,894500,Biogen,BIIB,USA
2022-11-07,281.8200073242188,287.9599914550781,281.0899963378906,284.6199951171875,284.6199951171875,1265900,Biogen,BIIB,USA
2022-11-08,285.0,292.4500122070312,284.8900146484375,286.1600036621094,286.1600036621094,1472700,Biogen,BIIB,USA
2022-11-09,286.3900146484375,289.7799987792969,282.1799926757812,282.3099975585938,282.3099975585938,800700,Biogen,BIIB,USA
2022-11-10,288.75,291.8500061035156,286.7699890136719,290.7000122070312,290.7000122070312,1439000,Biogen,BIIB,USA
2022-11-11,290.7000122070312,291.010009765625,283.4400024414062,289.4500122070312,289.4500122070312,1263400,Biogen,BIIB,USA
2022-11-14,300.1099853515625,305.4800109863281,295.7300109863281,299.0599975585938,299.0599975585938,2686200,Biogen,BIIB,USA
2022-11-15,300.6700134277344,303.7900085449219,297.010009765625,299.7799987792969,299.7799987792969,1282400,Biogen,BIIB,USA
2022-11-16,300.1700134277344,303.5599975585938,299.0,300.010009765625,300.010009765625,804100,Biogen,BIIB,USA
2022-11-17,297.0700073242188,302.9299926757812,296.7900085449219,302.0499877929688,302.0499877929688,959900,Biogen,BIIB,USA
2022-11-18,303.2099914550781,304.1400146484375,299.7200012207031,302.8900146484375,302.8900146484375,847500,Biogen,BIIB,USA
2022-11-21,304.2000122070312,305.8699951171875,300.3999938964844,301.6300048828125,301.6300048828125,969800,Biogen,BIIB,USA
2022-11-22,302.25,307.0,301.6000061035156,306.7200012207031,306.7200012207031,868800,Biogen,BIIB,USA
2022-11-23,307.0,307.3999938964844,302.1099853515625,303.4500122070312,303.4500122070312,998000,Biogen,BIIB,USA
2022-11-25,304.3500061035156,307.5299987792969,302.7000122070312,305.1499938964844,305.1499938964844,470800,Biogen,BIIB,USA
2022-11-28,296.0299987792969,303.1099853515625,290.3099975585938,291.8999938964844,291.8999938964844,2074400,Biogen,BIIB,USA
2022-11-29,291.1000061035156,293.9700012207031,288.4400024414062,291.4100036621094,291.4100036621094,1104000,Biogen,BIIB,USA
2022-11-30,306.2799987792969,311.8800048828125,301.2000122070312,305.1700134277344,305.1700134277344,4068300,Biogen,BIIB,USA
2022-12-01,305.510009765625,306.2799987792969,299.1700134277344,301.8500061035156,301.8500061035156,1927900,Biogen,BIIB,USA
2022-12-02,299.239990234375,305.0599975585938,297.7799987792969,298.8999938964844,298.8999938964844,1682600,Biogen,BIIB,USA
2022-12-05,299.1799926757812,299.7000122070312,290.2300109863281,292.75,292.75,1498400,Biogen,BIIB,USA
2022-12-06,292.2200012207031,295.0700073242188,288.5299987792969,291.4700012207031,291.4700012207031,1036100,Biogen,BIIB,USA
2022-12-07,292.5599975585938,293.6000061035156,287.1000061035156,292.1499938964844,292.1499938964844,1112700,Biogen,BIIB,USA
2022-12-08,291.8599853515625,292.3200073242188,286.7200012207031,289.1000061035156,289.1000061035156,1695600,Biogen,BIIB,USA
2022-12-09,289.1000061035156,292.9700012207031,285.1400146484375,285.3699951171875,285.3699951171875,982600,Biogen,BIIB,USA
2022-12-12,285.0,290.8599853515625,282.5700073242188,290.5899963378906,290.5899963378906,1067300,Biogen,BIIB,USA
2022-12-13,293.75,294.6900024414062,288.1400146484375,291.239990234375,291.239990234375,937200,Biogen,BIIB,USA
2022-12-14,290.1499938964844,294.1799926757812,287.1499938964844,289.0499877929688,289.0499877929688,905300,Biogen,BIIB,USA
2022-12-15,287.5799865722656,287.8999938964844,282.0400085449219,283.4400024414062,283.4400024414062,1090200,Biogen,BIIB,USA
2022-12-16,280.5599975585938,285.5899963378906,279.0700073242188,284.9800109863281,284.9800109863281,3046700,Biogen,BIIB,USA
2022-12-19,284.8999938964844,285.5,281.5899963378906,284.3800048828125,284.3800048828125,863400,Biogen,BIIB,USA
2022-12-20,284.9400024414062,288.8900146484375,283.8500061035156,287.510009765625,287.510009765625,873100,Biogen,BIIB,USA
2022-12-21,288.0899963378906,288.2999877929688,284.8699951171875,286.8599853515625,286.8599853515625,797000,Biogen,BIIB,USA
2022-12-22,283.6099853515625,283.6499938964844,278.3099975585938,280.6099853515625,280.6099853515625,946500,Biogen,BIIB,USA
2022-12-23,280.4500122070312,280.4500122070312,276.0700073242188,279.1600036621094,279.1600036621094,624800,Biogen,BIIB,USA
2022-12-27,279.8900146484375,279.8900146484375,273.3800048828125,274.7699890136719,274.7699890136719,638600,Biogen,BIIB,USA
2022-12-28,275.6400146484375,276.9200134277344,272.6400146484375,274.0400085449219,274.0400085449219,521000,Biogen,BIIB,USA
2022-12-29,274.8299865722656,279.1400146484375,274.2999877929688,276.0,276.0,594000,Biogen,BIIB,USA
2022-12-30,274.9800109863281,277.1499938964844,272.2000122070312,276.9200134277344,276.9200134277344,640700,Biogen,BIIB,USA
2023-01-03,276.7300109863281,278.0,272.3900146484375,272.6300048828125,272.6300048828125,1090300,Biogen,BIIB,USA
2023-01-04,275.3800048828125,275.4400024414062,269.8800048828125,270.8099975585938,270.8099975585938,1089100,Biogen,BIIB,USA
2023-01-05,269.3299865722656,272.7999877929688,265.3200073242188,271.5899963378906,271.5899963378906,1195300,Biogen,BIIB,USA
2023-01-06,276.010009765625,292.5899963378906,272.4400024414062,279.25,279.25,3729300,Biogen,BIIB,USA
2023-01-09,280.5400085449219,281.989990234375,269.0599975585938,274.7200012207031,274.7200012207031,1715700,Biogen,BIIB,USA
2023-01-10,276.8299865722656,283.3800048828125,275.3200073242188,281.4599914550781,281.4599914550781,1379200,Biogen,BIIB,USA
2023-01-11,281.8500061035156,285.3299865722656,281.239990234375,285.0299987792969,285.0299987792969,1386200,Biogen,BIIB,USA
2023-01-12,283.9500122070312,288.2099914550781,280.0599975585938,288.0799865722656,288.0799865722656,1218000,Biogen,BIIB,USA
2023-01-13,286.989990234375,289.510009765625,285.1499938964844,288.0400085449219,288.0400085449219,1008000,Biogen,BIIB,USA
2023-01-17,287.3200073242188,290.1300048828125,286.3299865722656,289.5899963378906,289.5899963378906,1167200,Biogen,BIIB,USA
2023-01-18,290.5799865722656,291.9100036621094,282.6499938964844,283.4700012207031,283.4700012207031,1322300,Biogen,BIIB,USA
2023-01-19,281.3999938964844,284.3599853515625,280.1300048828125,280.1300048828125,280.1300048828125,623100,Biogen,BIIB,USA
2023-01-20,282.3599853515625,286.3999938964844,280.2799987792969,285.7699890136719,285.7699890136719,1101500,Biogen,BIIB,USA
2023-01-23,285.9700012207031,292.3200073242188,285.5199890136719,291.9299926757812,291.9299926757812,1553000,Biogen,BIIB,USA
2023-01-24,291.9299926757812,293.3399963378906,289.3299865722656,291.8800048828125,291.8800048828125,911000,Biogen,BIIB,USA
2023-01-25,291.4400024414062,292.7900085449219,288.3699951171875,292.3399963378906,292.3399963378906,707400,Biogen,BIIB,USA
2023-01-26,292.3399963378906,293.010009765625,289.6700134277344,291.9200134277344,291.9200134277344,557800,Biogen,BIIB,USA
2023-01-27,292.3599853515625,295.8999938964844,289.9400024414062,290.0799865722656,290.0799865722656,894200,Biogen,BIIB,USA
2023-01-30,287.4400024414062,290.0799865722656,284.3800048828125,285.9400024414062,285.9400024414062,619000,Biogen,BIIB,USA
2023-01-31,287.0,290.9700012207031,286.7699890136719,290.8999938964844,290.8999938964844,851900,Biogen,BIIB,USA
2023-02-01,289.5700073242188,293.2300109863281,286.1300048828125,291.6000061035156,291.6000061035156,755300,Biogen,BIIB,USA
2023-02-02,291.6199951171875,293.4700012207031,285.7000122070312,287.5199890136719,287.5199890136719,982800,Biogen,BIIB,USA
2023-02-03,288.5700073242188,291.1000061035156,282.5199890136719,283.6300048828125,283.6300048828125,789100,Biogen,BIIB,USA
2023-02-06,285.0799865722656,292.260009765625,285.0799865722656,288.2799987792969,288.2799987792969,782700,Biogen,BIIB,USA
2023-02-07,286.5,292.4200134277344,285.1000061035156,291.4299926757812,291.4299926757812,802800,Biogen,BIIB,USA
2023-02-08,288.7000122070312,291.4299926757812,285.2099914550781,285.4500122070312,285.4500122070312,678700,Biogen,BIIB,USA
2023-02-09,286.1099853515625,292.1700134277344,286.1099853515625,287.0,287.0,857300,Biogen,BIIB,USA
2023-02-10,286.739990234375,287.7300109863281,283.7900085449219,286.2999877929688,286.2999877929688,724700,Biogen,BIIB,USA
2023-02-13,284.4500122070312,290.760009765625,282.3099975585938,290.4599914550781,290.4599914550781,761800,Biogen,BIIB,USA
2023-02-14,289.8200073242188,292.75,284.760009765625,289.0799865722656,289.0799865722656,1049200,Biogen,BIIB,USA
2023-02-15,288.0,288.3699951171875,275.5199890136719,278.9800109863281,278.9800109863281,1590300,Biogen,BIIB,USA
2023-02-16,277.9299926757812,277.9299926757812,270.0,271.5299987792969,271.5299987792969,1511000,Biogen,BIIB,USA
2023-02-17,270.9100036621094,278.8599853515625,269.25,278.3800048828125,278.3800048828125,782900,Biogen,BIIB,USA
2023-02-21,277.4400024414062,277.75,271.6799926757812,271.9299926757812,271.9299926757812,1023400,Biogen,BIIB,USA
2023-02-22,272.3699951171875,275.25,271.6300048828125,272.5499877929688,272.5499877929688,760700,Biogen,BIIB,USA
2023-02-23,273.0799865722656,275.010009765625,269.0199890136719,271.9500122070312,271.9500122070312,863200,Biogen,BIIB,USA
2023-02-24,269.7099914550781,273.2699890136719,267.5299987792969,270.0199890136719,270.0199890136719,904500,Biogen,BIIB,USA
2023-02-27,272.260009765625,274.6499938964844,269.0,269.2000122070312,269.2000122070312,822200,Biogen,BIIB,USA
2023-02-28,267.760009765625,270.489990234375,266.7699890136719,269.8599853515625,269.8599853515625,1083500,Biogen,BIIB,USA
2023-03-01,267.9700012207031,275.3800048828125,267.5299987792969,272.2099914550781,272.2099914550781,1167600,Biogen,BIIB,USA
2023-03-02,270.6300048828125,271.989990234375,268.4700012207031,268.75,268.75,732100,Biogen,BIIB,USA
2023-03-03,269.010009765625,271.0700073242188,267.7300109863281,270.2699890136719,270.2699890136719,842000,Biogen,BIIB,USA
2023-03-06,270.5,272.6400146484375,267.7999877929688,270.25,270.25,1116500,Biogen,BIIB,USA
2023-03-07,271.0,271.010009765625,263.989990234375,264.8800048828125,264.8800048828125,640900,Biogen,BIIB,USA
2023-03-08,264.8800048828125,265.7999877929688,261.7200012207031,263.0199890136719,263.0199890136719,649600,Biogen,BIIB,USA
2023-03-09,264.1900024414062,264.8500061035156,258.2300109863281,258.989990234375,258.989990234375,884000,Biogen,BIIB,USA
2023-03-10,258.989990234375,262.8800048828125,254.8000030517578,256.5599975585938,256.5599975585938,880700,Biogen,BIIB,USA
2023-03-13,256.5599975585938,261.2999877929688,255.4100036621094,258.5499877929688,258.5499877929688,1027300,Biogen,BIIB,USA
2023-03-14,262.1700134277344,265.8099975585938,259.2999877929688,262.3500061035156,262.3500061035156,1110700,Biogen,BIIB,USA
2023-03-15,260.1799926757812,262.989990234375,258.2300109863281,262.3699951171875,262.3699951171875,735500,Biogen,BIIB,USA
2023-03-16,259.4599914550781,267.1499938964844,259.3699951171875,265.25,265.25,1010600,Biogen,BIIB,USA
2023-03-17,264.7900085449219,265.2099914550781,260.739990234375,263.1600036621094,263.1600036621094,1602200,Biogen,BIIB,USA
2023-03-20,264.6499938964844,268.7900085449219,262.760009765625,267.9100036621094,267.9100036621094,878400,Biogen,BIIB,USA
2023-03-21,268.9700012207031,268.989990234375,264.1400146484375,266.1499938964844,266.1499938964844,621300,Biogen,BIIB,USA
2023-03-22,266.1099853515625,267.25,260.9500122070312,261.2200012207031,261.2200012207031,530500,Biogen,BIIB,USA
2023-03-23,262.8399963378906,267.4500122070312,262.5,265.1700134277344,265.1700134277344,703700,Biogen,BIIB,USA
2023-03-24,265.4400024414062,271.3599853515625,263.1499938964844,270.0299987792969,270.0299987792969,973400,Biogen,BIIB,USA
2023-03-27,270.8099975585938,272.4299926757812,269.4800109863281,269.9800109863281,269.9800109863281,607800,Biogen,BIIB,USA
2023-03-28,270.0599975585938,271.8999938964844,268.7799987792969,270.25,270.25,560300,Biogen,BIIB,USA
2023-03-29,271.1199951171875,274.6199951171875,270.8900146484375,274.010009765625,274.010009765625,772900,Biogen,BIIB,USA
2023-03-30,275.7300109863281,276.3800048828125,272.6400146484375,275.1300048828125,275.1300048828125,714000,Biogen,BIIB,USA
2023-03-31,275.4400024414062,279.0,275.4400024414062,278.0299987792969,278.0299987792969,1197000,Biogen,BIIB,USA
2023-04-03,276.3399963378906,279.0700073242188,275.6799926757812,277.3399963378906,277.3399963378906,772800,Biogen,BIIB,USA
2023-04-04,277.1099853515625,277.5799865722656,273.3900146484375,275.25,275.25,579200,Biogen,BIIB,USA
2023-04-05,276.0,285.3599853515625,275.3299865722656,283.989990234375,283.989990234375,1008200,Biogen,BIIB,USA
2023-04-06,285.0599975585938,287.7699890136719,283.7999877929688,286.7999877929688,286.7999877929688,737100,Biogen,BIIB,USA
2023-04-10,285.3999938964844,285.6499938964844,280.2900085449219,282.8599853515625,282.8599853515625,475800,Biogen,BIIB,USA
2023-04-11,283.3200073242188,285.4700012207031,282.489990234375,283.6900024414062,283.6900024414062,556100,Biogen,BIIB,USA
2023-04-12,284.5700073242188,287.0899963378906,283.6000061035156,285.7900085449219,285.7900085449219,611200,Biogen,BIIB,USA
2023-04-13,286.260009765625,290.8999938964844,285.4500122070312,289.7000122070312,289.7000122070312,715500,Biogen,BIIB,USA
2023-04-14,288.5499877929688,289.3900146484375,285.0499877929688,288.1300048828125,288.1300048828125,571400,Biogen,BIIB,USA
2023-04-17,294.0,294.2200012207031,290.0499877929688,292.2000122070312,292.2000122070312,764900,Biogen,BIIB,USA
2023-04-18,292.3599853515625,294.6199951171875,290.0700073242188,293.8299865722656,293.8299865722656,668900,Biogen,BIIB,USA
2023-04-19,292.6900024414062,293.8500061035156,291.9800109863281,292.2699890136719,292.2699890136719,492400,Biogen,BIIB,USA
2023-04-20,290.239990234375,291.5799865722656,289.260009765625,290.2699890136719,290.2699890136719,653500,Biogen,BIIB,USA
2023-04-21,290.6000061035156,294.1900024414062,289.510009765625,293.989990234375,293.989990234375,847800,Biogen,BIIB,USA
2023-04-24,293.989990234375,295.25,292.1700134277344,293.0299987792969,293.0299987792969,1138100,Biogen,BIIB,USA
2023-04-25,291.0499877929688,294.0,280.7099914550781,282.4100036621094,282.4100036621094,1527900,Biogen,BIIB,USA
2023-04-26,278.5899963378906,289.239990234375,274.8999938964844,288.0400085449219,288.0400085449219,1817400,Biogen,BIIB,USA
2023-04-27,288.0,294.0799865722656,285.5499877929688,293.7200012207031,293.7200012207031,1459500,Biogen,BIIB,USA
2023-04-28,293.9100036621094,305.5,293.3699951171875,304.2300109863281,304.2300109863281,1957700,Biogen,BIIB,USA
2023-05-01,305.75,312.2300109863281,304.2200012207031,311.1099853515625,311.1099853515625,1278900,Biogen,BIIB,USA
2023-05-02,309.2000122070312,311.8900146484375,305.260009765625,309.2799987792969,309.2799987792969,1090900,Biogen,BIIB,USA
2023-05-03,315.0,316.6900024414062,309.5499877929688,311.0,311.0,2787500,Biogen,BIIB,USA
2023-05-04,311.4200134277344,314.3699951171875,309.5799865722656,313.5700073242188,313.5700073242188,1214000,Biogen,BIIB,USA
2023-05-05,313.8099975585938,319.739990234375,310.6600036621094,318.0599975585938,318.0599975585938,1734700,Biogen,BIIB,USA
2023-05-08,317.4800109863281,317.4800109863281,310.0,314.3699951171875,314.3699951171875,936100,Biogen,BIIB,USA
2023-05-09,311.8699951171875,315.6900024414062,311.0899963378906,314.0,314.0,906100,Biogen,BIIB,USA
2023-05-10,315.1900024414062,315.7799987792969,310.7099914550781,313.260009765625,313.260009765625,795100,Biogen,BIIB,USA
2023-05-11,313.5,313.5899963378906,308.6499938964844,310.5599975585938,310.5599975585938,726300,Biogen,BIIB,USA
2023-05-12,310.9700012207031,311.4100036621094,307.7000122070312,309.6000061035156,309.6000061035156,442600,Biogen,BIIB,USA
2023-05-15,310.0,312.4800109863281,309.1499938964844,311.8699951171875,311.8699951171875,495800,Biogen,BIIB,USA
2023-05-16,310.6000061035156,310.6400146484375,306.1099853515625,307.6099853515625,307.6099853515625,638400,Biogen,BIIB,USA
2023-05-17,308.25,308.25,302.1499938964844,306.25,306.25,585400,Biogen,BIIB,USA
2023-05-18,305.8500061035156,306.2300109863281,301.9400024414062,305.4500122070312,305.4500122070312,616800,Biogen,BIIB,USA
2023-05-19,307.0,310.5,306.5199890136719,308.4800109863281,308.4800109863281,568800,Biogen,BIIB,USA
2023-05-22,309.9299926757812,310.4700012207031,306.1300048828125,306.8699951171875,306.8699951171875,528000,Biogen,BIIB,USA
2023-05-23,305.2300109863281,306.8699951171875,302.3299865722656,303.1499938964844,303.1499938964844,762700,Biogen,BIIB,USA
2023-05-24,301.8200073242188,302.3099975585938,298.3299865722656,301.5599975585938,301.5599975585938,842700,Biogen,BIIB,USA
2023-05-25,298.510009765625,298.8900146484375,291.6400146484375,297.1300048828125,297.1300048828125,1073000,Biogen,BIIB,USA
2023-05-26,298.510009765625,299.1099853515625,294.8299865722656,298.6600036621094,298.6600036621094,945500,Biogen,BIIB,USA
2023-05-30,297.9200134277344,298.9500122070312,295.0,298.6900024414062,298.6900024414062,802600,Biogen,BIIB,USA
2023-05-31,298.6900024414062,299.5799865722656,294.8099975585938,296.4100036621094,296.4100036621094,1566900,Biogen,BIIB,USA
2023-06-01,301.0199890136719,308.3800048828125,300.1900024414062,302.4100036621094,302.4100036621094,1033600,Biogen,BIIB,USA
2023-06-02,302.5299987792969,303.1700134277344,297.6799926757812,300.2000122070312,300.2000122070312,817100,Biogen,BIIB,USA
2023-06-05,299.6700134277344,304.2900085449219,299.5899963378906,302.1300048828125,302.1300048828125,1085200,Biogen,BIIB,USA
2023-06-06,303.6499938964844,304.760009765625,298.3200073242188,299.7900085449219,299.7900085449219,911700,Biogen,BIIB,USA
2023-06-07,299.6300048828125,309.2999877929688,294.0400085449219,304.8999938964844,304.8999938964844,2034300,Biogen,BIIB,USA
2023-06-08,310.6900024414062,311.2799987792969,303.6900024414062,308.8800048828125,308.8800048828125,1231600,Biogen,BIIB,USA
2023-06-09,308.8800048828125,308.8800048828125,308.8800048828125,308.8800048828125,308.8800048828125,8100,Biogen,BIIB,USA
2023-06-12,319.760009765625,319.760009765625,310.0,313.4100036621094,313.4100036621094,1502500,Biogen,BIIB,USA
2023-06-13,310.8399963378906,312.760009765625,299.5199890136719,304.6000061035156,304.6000061035156,1526900,Biogen,BIIB,USA
2023-06-14,304.6000061035156,306.5199890136719,296.0899963378906,299.989990234375,299.989990234375,1512500,Biogen,BIIB,USA
2023-06-15,299.7699890136719,300.0,293.2099914550781,297.8299865722656,297.8299865722656,1483000,Biogen,BIIB,USA
2023-06-16,300.5700073242188,304.7900085449219,296.2000122070312,297.4800109863281,297.4800109863281,1915400,Biogen,BIIB,USA
2023-06-20,296.0,298.7300109863281,293.6499938964844,293.7900085449219,293.7900085449219,961200,Biogen,BIIB,USA
2023-06-21,294.0400085449219,294.8399963378906,289.8299865722656,294.3599853515625,294.3599853515625,787800,Biogen,BIIB,USA
2023-06-22,294.25,296.4599914550781,291.5799865722656,293.9500122070312,293.9500122070312,905600,Biogen,BIIB,USA
2023-06-23,293.3500061035156,293.5199890136719,283.9700012207031,284.5199890136719,284.5199890136719,1428400,Biogen,BIIB,USA
2023-06-26,283.8699951171875,283.9500122070312,279.5599975585938,281.5799865722656,281.5799865722656,833500,Biogen,BIIB,USA
2023-06-27,281.9100036621094,283.489990234375,277.7099914550781,282.9500122070312,282.9500122070312,851000,Biogen,BIIB,USA
2023-06-28,282.9500122070312,285.6799926757812,281.2900085449219,284.0199890136719,284.0199890136719,618700,Biogen,BIIB,USA
2023-06-29,282.7099914550781,285.4500122070312,280.5899963378906,282.1300048828125,282.1300048828125,873700,Biogen,BIIB,USA
2023-06-30,284.9599914550781,286.5,282.9100036621094,284.8500061035156,284.8500061035156,1130800,Biogen,BIIB,USA
2023-07-03,282.8699951171875,285.6499938964844,281.239990234375,285.4400024414062,285.4400024414062,414700,Biogen,BIIB,USA
2023-07-05,285.4500122070312,287.6000061035156,283.8299865722656,285.8900146484375,285.8900146484375,744700,Biogen,BIIB,USA
2023-07-06,285.9500122070312,286.9200134277344,282.4800109863281,284.989990234375,284.989990234375,1067800,Biogen,BIIB,USA
2023-07-07,285.5799865722656,286.5400085449219,274.75,275.0700073242188,275.0700073242188,2851400,Biogen,BIIB,USA
2023-07-10,275.0,282.739990234375,275.0,281.5799865722656,281.5799865722656,1280500,Biogen,BIIB,USA
2023-07-11,280.0,280.5199890136719,276.0199890136719,279.8399963378906,279.8399963378906,909300,Biogen,BIIB,USA
2023-07-12,280.1700134277344,281.6799926757812,277.2900085449219,277.6199951171875,277.6199951171875,1055700,Biogen,BIIB,USA
2023-07-13,278.9299926757812,280.8599853515625,276.3999938964844,277.9700012207031,277.9700012207031,985700,Biogen,BIIB,USA
2023-07-14,278.9400024414062,280.0,276.1199951171875,278.9299926757812,278.9299926757812,895300,Biogen,BIIB,USA
2023-07-17,278.4200134277344,280.489990234375,276.2200012207031,278.3999938964844,278.3999938964844,1189000,Biogen,BIIB,USA
2023-07-18,278.3999938964844,281.1199951171875,275.7699890136719,276.1700134277344,276.1700134277344,1052200,Biogen,BIIB,USA
2023-07-19,276.1700134277344,278.9500122070312,275.8299865722656,276.8900146484375,276.8900146484375,912300,Biogen,BIIB,USA
2023-07-20,278.0,279.8999938964844,273.4700012207031,274.7000122070312,274.7000122070312,1570700,Biogen,BIIB,USA
2023-07-21,276.1000061035156,278.1199951171875,274.3299865722656,276.739990234375,276.739990234375,2827800,Biogen,BIIB,USA
2023-07-24,276.5400085449219,278.4100036621094,275.7000122070312,277.0,277.0,1173500,Biogen,BIIB,USA
2023-07-25,279.8599853515625,280.4200134277344,264.3699951171875,270.3099975585938,270.3099975585938,2485300,Biogen,BIIB,USA
2023-07-26,270.0,270.0,263.0899963378906,265.25,265.25,1517500,Biogen,BIIB,USA
2023-07-27,265.7300109863281,267.0199890136719,262.3999938964844,262.7900085449219,262.7900085449219,1283200,Biogen,BIIB,USA
2023-07-28,263.2999877929688,268.260009765625,256.1300048828125,265.2300109863281,265.2300109863281,3168200,Biogen,BIIB,USA
2023-07-31,264.260009765625,273.4599914550781,263.5299987792969,270.1900024414062,270.1900024414062,1374500,Biogen,BIIB,USA
2023-08-01,269.3599853515625,269.6799926757812,266.489990234375,269.2999877929688,269.2999877929688,1070600,Biogen,BIIB,USA
2023-08-02,269.7000122070312,275.8699951171875,269.1499938964844,271.5599975585938,271.5599975585938,1299500,Biogen,BIIB,USA
2023-08-03,270.0799865722656,271.1099853515625,266.7799987792969,267.75,267.75,977200,Biogen,BIIB,USA
2023-08-04,267.0400085449219,269.9400024414062,266.6799926757812,268.9200134277344,268.9200134277344,929600,Biogen,BIIB,USA
2023-08-07,262.9599914550781,271.760009765625,262.9599914550781,271.2300109863281,271.2300109863281,1232300,Biogen,BIIB,USA
2023-08-08,271.8399963378906,278.9500122070312,271.6499938964844,274.1400146484375,274.1400146484375,1445200,Biogen,BIIB,USA
2023-08-09,273.510009765625,275.6499938964844,270.7099914550781,271.2900085449219,271.2900085449219,613000,Biogen,BIIB,USA
2023-08-10,271.6799926757812,272.5700073242188,268.7699890136719,269.0599975585938,269.0599975585938,934900,Biogen,BIIB,USA
2023-08-11,268.0,276.5199890136719,267.4400024414062,273.6799926757812,273.6799926757812,869700,Biogen,BIIB,USA
2023-08-14,274.0499877929688,274.0499877929688,269.9599914550781,272.739990234375,272.739990234375,715600,Biogen,BIIB,USA
2023-08-15,271.5599975585938,272.2300109863281,266.5,270.2200012207031,270.2200012207031,763000,Biogen,BIIB,USA
2023-08-16,270.4800109863281,271.0700073242188,265.0700073242188,265.260009765625,265.260009765625,645700,Biogen,BIIB,USA
2023-08-17,265.260009765625,265.7900085449219,260.9400024414062,261.5,261.5,741800,Biogen,BIIB,USA
2023-08-18,259.7900085449219,262.3999938964844,259.760009765625,261.1499938964844,261.1499938964844,585600,Biogen,BIIB,USA
2023-08-21,260.9200134277344,266.25,260.4200134277344,265.0700073242188,265.0700073242188,755300,Biogen,BIIB,USA
2023-08-22,264.0700073242188,265.8500061035156,262.6700134277344,262.9800109863281,262.9800109863281,655700,Biogen,BIIB,USA
2023-08-23,265.739990234375,266.7799987792969,263.989990234375,264.7999877929688,264.7999877929688,544600,Biogen,BIIB,USA
2023-08-24,263.8299865722656,266.489990234375,262.3500061035156,262.4299926757812,262.4299926757812,515700,Biogen,BIIB,USA
2023-08-25,263.0,264.7900085449219,261.0899963378906,264.4299926757812,264.4299926757812,608100,Biogen,BIIB,USA
2023-08-28,265.3999938964844,266.4700012207031,263.5400085449219,265.0499877929688,265.0499877929688,359900,Biogen,BIIB,USA
2023-08-29,265.3500061035156,268.1499938964844,265.1099853515625,268.0,268.0,525000,Biogen,BIIB,USA
2023-08-30,268.8399963378906,269.4599914550781,265.25,267.1799926757812,267.1799926757812,552700,Biogen,BIIB,USA
2023-08-31,266.8299865722656,269.1799926757812,265.3200073242188,267.3599853515625,267.3599853515625,1012700,Biogen,BIIB,USA
2023-09-01,269.010009765625,269.7200012207031,266.9100036621094,267.1700134277344,267.1700134277344,522400,Biogen,BIIB,USA
2023-09-05,269.4299926757812,270.5,266.1099853515625,266.2900085449219,266.2900085449219,932500,Biogen,BIIB,USA
2023-09-06,266.4700012207031,266.4700012207031,261.5,263.7200012207031,263.7200012207031,944700,Biogen,BIIB,USA
2023-09-07,263.2099914550781,263.2699890136719,256.9200134277344,261.3399963378906,261.3399963378906,1199200,Biogen,BIIB,USA
2023-09-08,262.2200012207031,262.7000122070312,258.6199951171875,258.989990234375,258.989990234375,788100,Biogen,BIIB,USA
2023-09-11,260.1199951171875,261.989990234375,258.3299865722656,258.9200134277344,258.9200134277344,585000,Biogen,BIIB,USA
2023-09-12,258.9200134277344,260.5700073242188,257.8900146484375,258.4400024414062,258.4400024414062,611200,Biogen,BIIB,USA
2023-09-13,258.6199951171875,260.0,255.0500030517578,255.9100036621094,255.9100036621094,623900,Biogen,BIIB,USA
2023-09-14,256.6300048828125,258.8500061035156,256.0,256.3200073242188,256.3200073242188,652900,Biogen,BIIB,USA
2023-09-15,256.6300048828125,257.5799865722656,254.0,254.7899932861328,254.7899932861328,1353000,Biogen,BIIB,USA
2023-09-18,254.9400024414062,256.0499877929688,252.6199951171875,253.3000030517578,253.3000030517578,509800,Biogen,BIIB,USA
2023-09-19,253.6600036621094,256.7999877929688,253.3300018310547,256.6700134277344,256.6700134277344,567000,Biogen,BIIB,USA
2023-09-20,257.3200073242188,262.4800109863281,256.4200134277344,260.5299987792969,260.5299987792969,1143100,Biogen,BIIB,USA
2023-09-21,258.7999877929688,260.2699890136719,256.7699890136719,258.9299926757812,258.9299926757812,974600,Biogen,BIIB,USA
2023-09-22,259.3299865722656,260.7200012207031,257.0899963378906,257.6799926757812,257.6799926757812,800800,Biogen,BIIB,USA
2023-09-25,257.1000061035156,257.1000061035156,251.8500061035156,255.0200042724609,255.0200042724609,766200,Biogen,BIIB,USA
2023-09-26,254.9700012207031,258.4599914550781,254.0399932861328,258.0499877929688,258.0499877929688,855900,Biogen,BIIB,USA
2023-09-27,258.4400024414062,261.3800048828125,255.1600036621094,257.5199890136719,257.5199890136719,806400,Biogen,BIIB,USA
2023-09-28,258.4800109863281,259.3500061035156,256.25,257.8299865722656,257.8299865722656,641200,Biogen,BIIB,USA
2023-09-29,258.5299987792969,259.2300109863281,255.25,257.010009765625,257.010009765625,887600,Biogen,BIIB,USA
2023-10-02,255.8500061035156,256.8599853515625,251.0800018310547,252.8600006103516,252.8600006103516,752400,Biogen,BIIB,USA
2023-10-03,251.9499969482422,253.75,248.4100036621094,251.3099975585938,251.3099975585938,830000,Biogen,BIIB,USA
2023-10-04,252.1300048828125,257.5499877929688,251.5399932861328,257.1600036621094,257.1600036621094,1034400,Biogen,BIIB,USA
2023-10-05,258.0,260.1400146484375,255.6499938964844,259.7699890136719,259.7699890136719,814200,Biogen,BIIB,USA
2023-10-06,259.5,265.1799926757812,258.760009765625,263.25,263.25,1080100,Biogen,BIIB,USA
2023-10-09,262.9800109863281,264.8900146484375,260.0,264.2099914550781,264.2099914550781,612000,Biogen,BIIB,USA
2023-10-10,264.4800109863281,265.1900024414062,262.760009765625,264.1400146484375,264.1400146484375,689900,Biogen,BIIB,USA
2023-10-11,265.6000061035156,268.4400024414062,264.8800048828125,266.5199890136719,266.5199890136719,814100,Biogen,BIIB,USA
2023-10-12,266.9200134277344,268.0199890136719,259.3900146484375,260.989990234375,260.989990234375,1553800,Biogen,BIIB,USA
2023-10-13,261.1799926757812,262.3500061035156,258.8099975585938,262.260009765625,262.260009765625,869800,Biogen,BIIB,USA
2023-10-16,262.0400085449219,268.75,261.2200012207031,267.9400024414062,267.9400024414062,1227100,Biogen,BIIB,USA
2023-10-17,268.1099853515625,269.4299926757812,265.7300109863281,267.4299926757812,267.4299926757812,623200,Biogen,BIIB,USA
2023-10-18,266.6799926757812,268.1499938964844,263.3099975585938,263.5,263.5,977000,Biogen,BIIB,USA
2023-10-19,263.4500122070312,263.4500122070312,256.1000061035156,257.2999877929688,257.2999877929688,1225200,Biogen,BIIB,USA
2023-10-20,258.010009765625,260.5,255.4600067138672,257.4500122070312,257.4500122070312,1938400,Biogen,BIIB,USA
2023-10-23,256.3399963378906,256.3399963378906,251.8800048828125,253.3899993896484,253.3899993896484,963000,Biogen,BIIB,USA
2023-10-24,253.4199981689453,255.5299987792969,249.4100036621094,252.1100006103516,252.1100006103516,795700,Biogen,BIIB,USA
2023-10-25,249.8899993896484,250.7400054931641,244.6100006103516,246.7200012207031,246.7200012207031,1204000,Biogen,BIIB,USA
2023-10-26,248.4100036621094,249.9700012207031,241.0099945068359,241.0800018310547,241.0800018310547,1364700,Biogen,BIIB,USA
2023-10-27,240.0,240.2799987792969,233.7599945068359,234.5200042724609,234.5200042724609,1089300,Biogen,BIIB,USA
2023-10-30,235.3200073242188,237.8699951171875,234.3899993896484,237.2100067138672,237.2100067138672,857200,Biogen,BIIB,USA
2023-10-31,236.6900024414062,239.0,236.0700073242188,237.5399932861328,237.5399932861328,681400,Biogen,BIIB,USA
2023-11-01,238.5599975585938,241.0599975585938,235.1000061035156,239.6199951171875,239.6199951171875,841700,Biogen,BIIB,USA
2023-11-02,239.6000061035156,242.5,237.3800048828125,241.8600006103516,241.8600006103516,802500,Biogen,BIIB,USA
2023-11-03,244.1999969482422,251.5099945068359,243.6600036621094,249.5,249.5,992600,Biogen,BIIB,USA
2023-11-06,249.5,251.5,247.6499938964844,248.6300048828125,248.6300048828125,1061300,Biogen,BIIB,USA
2023-11-07,246.6000061035156,248.3899993896484,241.5200042724609,245.6100006103516,245.6100006103516,1483300,Biogen,BIIB,USA
2023-11-08,245.6900024414062,246.5099945068359,229.1000061035156,231.6900024414062,231.6900024414062,2802000,Biogen,BIIB,USA
2023-11-09,231.9700012207031,232.1100006103516,222.5899963378906,224.6499938964844,224.6499938964844,1578000,Biogen,BIIB,USA
2023-11-10,225.3899993896484,226.9499969482422,221.3899993896484,224.7899932861328,224.7899932861328,1330300,Biogen,BIIB,USA
2023-11-13,223.2400054931641,224.7299957275391,220.8600006103516,222.5899963378906,222.5899963378906,856400,Biogen,BIIB,USA
2023-11-14,226.1399993896484,227.4600067138672,224.0200042724609,225.2599945068359,225.2599945068359,999700,Biogen,BIIB,USA
2023-11-15,224.4299926757812,231.6699981689453,223.1699981689453,229.6300048828125,229.6300048828125,1346400,Biogen,BIIB,USA
2023-11-16,231.2200012207031,232.8800048828125,227.8500061035156,229.4600067138672,229.4600067138672,790700,Biogen,BIIB,USA
2023-11-17,230.9400024414062,230.9400024414062,226.75,228.0,228.0,1447300,Biogen,BIIB,USA
2023-11-20,228.1300048828125,231.0,228.1300048828125,230.1100006103516,230.1100006103516,819600,Biogen,BIIB,USA
2023-11-21,230.3999938964844,231.9100036621094,228.8800048828125,229.5700073242188,229.5700073242188,696100,Biogen,BIIB,USA
2023-11-22,230.9499969482422,231.4100036621094,229.4900054931641,231.25,231.25,505500,Biogen,BIIB,USA
2023-11-24,231.25,232.4700012207031,229.3699951171875,231.9499969482422,231.9499969482422,396400,Biogen,BIIB,USA
2023-11-27,231.25,232.25,227.0899963378906,228.7899932861328,228.7899932861328,814900,Biogen,BIIB,USA
2023-11-28,227.6499938964844,227.6499938964844,223.8899993896484,227.4100036621094,227.4100036621094,802200,Biogen,BIIB,USA
2023-11-29,228.0,234.0599975585938,227.4199981689453,232.0599975585938,232.0599975585938,1463600,Biogen,BIIB,USA
2023-11-30,232.6799926757812,235.1100006103516,229.2400054931641,234.0800018310547,234.0800018310547,1492700,Biogen,BIIB,USA
2023-12-01,233.9499969482422,234.7599945068359,231.1100006103516,234.6399993896484,234.6399993896484,734900,Biogen,BIIB,USA
2023-12-04,234.1100006103516,236.2400054931641,232.3200073242188,232.8500061035156,232.8500061035156,945600,Biogen,BIIB,USA
2023-12-05,232.0,232.4799957275391,229.1600036621094,229.5700073242188,229.5700073242188,861300,Biogen,BIIB,USA
2023-12-06,230.5299987792969,236.0,229.3399963378906,233.8699951171875,233.8699951171875,950300,Biogen,BIIB,USA
2023-12-07,237.7700042724609,239.9299926757812,235.7400054931641,239.1199951171875,239.1199951171875,1221300,Biogen,BIIB,USA
2023-12-08,237.6499938964844,240.8099975585938,236.8000030517578,239.2899932861328,239.2899932861328,988000,Biogen,BIIB,USA
2023-12-11,248.0,251.1900024414062,242.5,246.1100006103516,246.1100006103516,1428400,Biogen,BIIB,USA
2023-12-12,247.5500030517578,250.8899993896484,244.1100006103516,249.0399932861328,249.0399932861328,1228800,Biogen,BIIB,USA
2023-12-13,249.2700042724609,255.6900024414062,248.7599945068359,255.5599975585938,255.5599975585938,1613100,Biogen,BIIB,USA
2023-12-14,257.0,261.4599914550781,254.7700042724609,256.5400085449219,256.5400085449219,1913100,Biogen,BIIB,USA
2023-12-15,257.3399963378906,259.8599853515625,248.0099945068359,248.1300048828125,248.1300048828125,3862400,Biogen,BIIB,USA
2023-12-18,249.6999969482422,251.4299926757812,247.0399932861328,250.3300018310547,250.3300018310547,1641900,Biogen,BIIB,USA
2023-12-19,250.3300018310547,252.8699951171875,249.0899963378906,251.6900024414062,251.6900024414062,1263400,Biogen,BIIB,USA
2023-12-20,251.5,253.0,248.1000061035156,248.1600036621094,248.1600036621094,755900,Biogen,BIIB,USA
2023-12-21,250.0299987792969,254.9700012207031,250.0299987792969,253.8600006103516,253.8600006103516,940000,Biogen,BIIB,USA
2023-12-22,255.3099975585938,258.7799987792969,255.1900024414062,257.9700012207031,257.9700012207031,689600,Biogen,BIIB,USA
2023-12-26,258.5,261.1300048828125,257.7999877929688,260.7000122070312,260.7000122070312,550200,Biogen,BIIB,USA
2023-12-27,261.5899963378906,263.3399963378906,260.6400146484375,261.9299926757812,261.9299926757812,624300,Biogen,BIIB,USA
2023-12-28,262.8599853515625,263.9800109863281,260.2900085449219,260.5799865722656,260.5799865722656,756000,Biogen,BIIB,USA
2023-12-29,260.1600036621094,261.0,257.0,258.7699890136719,258.7699890136719,802800,Biogen,BIIB,USA
2024-01-02,257.5599975585938,267.989990234375,256.7099914550781,267.7099914550781,267.7099914550781,1084700,Biogen,BIIB,USA
2024-01-03,268.2699890136719,268.2999877929688,263.3900146484375,263.4299926757812,263.4299926757812,814300,Biogen,BIIB,USA
2024-01-04,264.5799865722656,264.5799865722656,259.6099853515625,260.2799987792969,260.2799987792969,949000,Biogen,BIIB,USA
2024-01-05,257.4700012207031,259.9299926757812,255.3800048828125,257.8800048828125,257.8800048828125,849600,Biogen,BIIB,USA
2024-01-08,255.0599975585938,258.7099914550781,251.5299987792969,257.9800109863281,257.9800109863281,1419700,Biogen,BIIB,USA
2024-01-09,256.1900024414062,257.2799987792969,253.6100006103516,255.8399963378906,255.8399963378906,807700,Biogen,BIIB,USA
2024-01-10,254.3600006103516,255.1799926757812,251.0,254.2299957275391,254.2299957275391,792900,Biogen,BIIB,USA
2024-01-11,252.2899932861328,252.9400024414062,245.0,247.2100067138672,247.2100067138672,1196600,Biogen,BIIB,USA
2024-01-12,248.1699981689453,250.4499969482422,246.7299957275391,248.1199951171875,248.1199951171875,769600,Biogen,BIIB,USA
2024-01-16,247.0,247.5599975585938,244.0,246.1900024414062,246.1900024414062,1055800,Biogen,BIIB,USA
2024-01-17,244.7100067138672,246.1900024414062,242.5200042724609,245.2700042724609,245.2700042724609,773100,Biogen,BIIB,USA
2024-01-18,243.8899993896484,247.9799957275391,240.8300018310547,246.9700012207031,246.9700012207031,1172000,Biogen,BIIB,USA
2024-01-19,246.9600067138672,251.2799987792969,244.4299926757812,249.9600067138672,249.9600067138672,2316700,Biogen,BIIB,USA
2024-01-22,250.3000030517578,252.1699981689453,247.0700073242188,248.3000030517578,248.3000030517578,787200,Biogen,BIIB,USA
2024-01-23,249.1300048828125,251.9199981689453,248.0099945068359,251.6799926757812,251.6799926757812,728000,Biogen,BIIB,USA
2024-01-24,248.3399963378906,250.8000030517578,246.9700012207031,247.1600036621094,247.1600036621094,855100,Biogen,BIIB,USA
2024-01-25,247.2200012207031,249.4700012207031,245.2400054931641,246.2100067138672,246.2100067138672,695900,Biogen,BIIB,USA
2024-01-26,247.3600006103516,248.0700073242188,244.4100036621094,244.8200073242188,244.8200073242188,540800,Biogen,BIIB,USA
2024-01-29,243.4100036621094,248.3399963378906,242.4199981689453,247.5200042724609,247.5200042724609,681400,Biogen,BIIB,USA
2024-01-30,245.9799957275391,248.3600006103516,243.5800018310547,247.0800018310547,247.0800018310547,815600,Biogen,BIIB,USA
2024-01-31,247.6699981689453,251.9900054931641,246.2400054931641,246.6600036621094,246.6600036621094,1119900,Biogen,BIIB,USA
2024-02-01,245.3999938964844,249.3300018310547,240.0,247.8300018310547,247.8300018310547,955500,Biogen,BIIB,USA
2024-02-02,245.9299926757812,246.3899993896484,241.5299987792969,243.7200012207031,243.7200012207031,861400,Biogen,BIIB,USA
2024-02-05,242.2100067138672,245.2299957275391,240.5,241.8399963378906,241.8399963378906,858600,Biogen,BIIB,USA
2024-02-06,241.0,245.8800048828125,239.9600067138672,245.5500030517578,245.5500030517578,1304800,Biogen,BIIB,USA
2024-02-07,246.4400024414062,246.4400024414062,240.5399932861328,240.5399932861328,240.5399932861328,773800,Biogen,BIIB,USA
2024-02-08,239.8899993896484,240.5399932861328,237.5200042724609,240.3000030517578,240.3000030517578,743700,Biogen,BIIB,USA
2024-02-09,239.8800048828125,241.3600006103516,238.8999938964844,240.9799957275391,240.9799957275391,689900,Biogen,BIIB,USA
2024-02-12,239.4499969482422,244.9499969482422,239.4499969482422,244.7400054931641,244.7400054931641,962000,Biogen,BIIB,USA
2024-02-13,235.6399993896484,237.0,225.2799987792969,226.6499938964844,226.6499938964844,3403600,Biogen,BIIB,USA
2024-02-14,227.0099945068359,227.9900054931641,220.5599975585938,220.7400054931641,220.7400054931641,2220600,Biogen,BIIB,USA
2024-02-15,221.1499938964844,225.0,220.0700073242188,223.3500061035156,223.3500061035156,1307700,Biogen,BIIB,USA
2024-02-16,221.1499938964844,221.75,217.5299987792969,219.0800018310547,219.0800018310547,1768100,Biogen,BIIB,USA
2024-02-20,217.5599975585938,220.25,215.6799926757812,219.2100067138672,219.2100067138672,1919600,Biogen,BIIB,USA
2024-02-21,221.4900054931641,223.4100036621094,219.0,221.1100006103516,221.1100006103516,1055000,Biogen,BIIB,USA
2024-02-22,221.2299957275391,223.2200012207031,218.6900024414062,222.4799957275391,222.4799957275391,901100,Biogen,BIIB,USA
2024-02-23,223.4299926757812,225.8000030517578,221.5,223.3200073242188,223.3200073242188,911000,Biogen,BIIB,USA
2024-02-26,222.5200042724609,224.9900054931641,222.0,223.7100067138672,223.7100067138672,774500,Biogen,BIIB,USA
2024-02-27,223.7200012207031,224.8699951171875,220.1999969482422,223.9400024414062,223.9400024414062,983100,Biogen,BIIB,USA
2024-02-28,222.25,224.1199951171875,221.0,221.7400054931641,221.7400054931641,1038400,Biogen,BIIB,USA
2024-02-29,221.7599945068359,224.0,216.6999969482422,216.9900054931641,216.9900054931641,1917800,Biogen,BIIB,USA
2024-03-01,217.4600067138672,222.0200042724609,215.3500061035156,220.9499969482422,220.9499969482422,1085400,Biogen,BIIB,USA
2024-03-04,221.1699981689453,222.9199981689453,219.7599945068359,221.0200042724609,221.0200042724609,1083600,Biogen,BIIB,USA
2024-03-05,219.6499938964844,221.5,216.5,217.2299957275391,217.2299957275391,890400,Biogen,BIIB,USA
2024-03-06,217.4700012207031,219.9900054931641,216.8000030517578,217.5599975585938,217.5599975585938,1441400,Biogen,BIIB,USA
2024-03-07,219.9199981689453,219.9199981689453,216.6900024414062,219.3600006103516,219.3600006103516,1150300,Biogen,BIIB,USA
2024-03-08,225.4499969482422,228.3600006103516,221.9799957275391,223.2400054931641,223.2400054931641,1657800,Biogen,BIIB,USA
2024-03-11,223.3000030517578,230.2200012207031,223.2400054931641,230.0700073242188,230.0700073242188,1218200,Biogen,BIIB,USA
2024-03-12,229.3399963378906,229.75,225.3500061035156,227.3600006103516,227.3600006103516,1068900,Biogen,BIIB,USA
2024-03-13,228.7599945068359,229.8999938964844,224.9299926757812,226.5599975585938,226.5599975585938,1481100,Biogen,BIIB,USA
2024-03-14,225.25,226.0200042724609,218.5800018310547,219.6199951171875,219.6199951171875,1611500,Biogen,BIIB,USA
2024-03-15,219.1499938964844,221.3099975585938,216.8000030517578,219.3099975585938,219.3099975585938,2407100,Biogen,BIIB,USA
2024-03-18,220.3399963378906,220.5599975585938,217.5299987792969,219.3999938964844,219.3999938964844,1356500,Biogen,BIIB,USA
2024-03-19,218.3500061035156,219.0200042724609,215.5899963378906,218.6300048828125,218.6300048828125,1518800,Biogen,BIIB,USA
2024-03-20,217.1799926757812,219.3600006103516,216.5299987792969,218.1499938964844,218.1499938964844,945000,Biogen,BIIB,USA
2024-03-21,219.3300018310547,221.7400054931641,217.9499969482422,220.75,220.75,1001100,Biogen,BIIB,USA
2024-03-22,221.3000030517578,221.3000030517578,215.3600006103516,218.1000061035156,218.1000061035156,1070900,Biogen,BIIB,USA
2024-03-25,217.7700042724609,218.2599945068359,215.5899963378906,216.6900024414062,216.6900024414062,725900,Biogen,BIIB,USA
2024-03-26,216.1499938964844,216.6699981689453,211.0200042724609,212.0200042724609,212.0200042724609,1589800,Biogen,BIIB,USA
2024-03-27,213.75,216.3399963378906,212.9199981689453,216.3399963378906,216.3399963378906,1250000,Biogen,BIIB,USA
2024-03-28,217.3600006103516,217.5700073242188,214.0,215.6300048828125,215.6300048828125,1912200,Biogen,BIIB,USA
2024-04-01,215.6900024414062,215.6900024414062,212.5599975585938,214.8300018310547,214.8300018310547,850300,Biogen,BIIB,USA
2024-04-02,213.0899963378906,213.4400024414062,207.5800018310547,207.6399993896484,207.6399993896484,1462800,Biogen,BIIB,USA
2024-04-03,207.7100067138672,208.6999969482422,205.3600006103516,206.3800048828125,206.3800048828125,904500,Biogen,BIIB,USA
2024-04-04,207.2400054931641,210.0,205.2200012207031,205.3000030517578,205.3000030517578,776400,Biogen,BIIB,USA
2024-04-05,204.2799987792969,205.1900024414062,202.1799926757812,203.8699951171875,203.8699951171875,954500,Biogen,BIIB,USA
2024-04-08,203.8899993896484,205.7700042724609,202.9100036621094,204.9499969482422,204.9499969482422,723700,Biogen,BIIB,USA
2024-04-09,205.0200042724609,209.0599975585938,205.0200042724609,206.5200042724609,206.5200042724609,969000,Biogen,BIIB,USA
2024-04-10,203.0,203.9900054931641,200.6499938964844,201.5500030517578,201.5500030517578,900900,Biogen,BIIB,USA
2024-04-11,202.7599945068359,204.7400054931641,200.9199981689453,203.6799926757812,203.6799926757812,1019100,Biogen,BIIB,USA
2024-04-12,204.2299957275391,205.2400054931641,197.7799987792969,198.1799926757812,198.1799926757812,1245900,Biogen,BIIB,USA
2024-04-15,198.7299957275391,199.5299987792969,196.3999938964844,196.8000030517578,196.8000030517578,1159200,Biogen,BIIB,USA
2024-04-16,196.1999969482422,197.7299957275391,194.9400024414062,195.1499938964844,195.1499938964844,871900,Biogen,BIIB,USA
2024-04-17,196.3600006103516,196.3600006103516,192.0099945068359,192.1600036621094,192.1600036621094,1320600,Biogen,BIIB,USA
2024-04-18,191.75,192.5599975585938,189.5200042724609,190.5200042724609,190.5200042724609,1512000,Biogen,BIIB,USA
2024-04-19,190.7200012207031,194.5299987792969,189.4400024414062,194.3800048828125,194.3800048828125,1599600,Biogen,BIIB,USA
2024-04-22,196.1900024414062,196.7799987792969,193.2299957275391,194.1100006103516,194.1100006103516,1119500,Biogen,BIIB,USA
2024-04-23,193.3399963378906,195.8600006103516,192.75,193.1799926757812,193.1799926757812,1461700,Biogen,BIIB,USA
2024-04-24,198.9700012207031,205.75,198.9700012207031,201.9900054931641,201.9900054931641,3265700,Biogen,BIIB,USA
2024-04-25,201.2100067138672,205.3600006103516,198.1100006103516,202.4600067138672,202.4600067138672,1590100,Biogen,BIIB,USA
2024-04-26,201.2200012207031,210.8300018310547,199.1000061035156,208.8999938964844,208.8999938964844,1894100,Biogen,BIIB,USA
2024-04-29,208.9900054931641,218.8600006103516,208.5399932861328,215.5,215.5,2068000,Biogen,BIIB,USA
2024-04-30,214.6600036621094,217.7299957275391,213.5800018310547,214.8200073242188,214.8200073242188,1225600,Biogen,BIIB,USA
2024-05-01,215.5599975585938,218.6600036621094,214.6999969482422,216.1300048828125,216.1300048828125,916300,Biogen,BIIB,USA
2024-05-02,217.9900054931641,218.4600067138672,213.1399993896484,213.5099945068359,213.5099945068359,877700,Biogen,BIIB,USA
2024-05-03,215.3000030517578,217.8800048828125,213.1100006103516,217.5099945068359,217.5099945068359,1144100,Biogen,BIIB,USA
2024-05-06,219.2299957275391,222.3999938964844,218.2899932861328,221.4199981689453,221.4199981689453,1199700,Biogen,BIIB,USA
2024-05-07,221.5200042724609,221.9799957275391,216.0800018310547,218.9199981689453,218.9199981689453,1156400,Biogen,BIIB,USA
2024-05-08,218.0,221.5299987792969,217.0,219.7200012207031,219.7200012207031,758500,Biogen,BIIB,USA
2024-05-09,220.6699981689453,222.9100036621094,218.8899993896484,222.75,222.75,754500,Biogen,BIIB,USA
2024-05-10,222.7599945068359,223.9499969482422,220.0099945068359,221.5,221.5,655200,Biogen,BIIB,USA
2024-05-13,223.0,225.5800018310547,221.7200012207031,225.3399963378906,225.3399963378906,1274600,Biogen,BIIB,USA
2024-05-14,226.1000061035156,227.3000030517578,222.0099945068359,226.8800048828125,226.8800048828125,1126900,Biogen,BIIB,USA
2024-05-15,228.9799957275391,236.8999938964844,228.6600036621094,235.3200073242188,235.3200073242188,1792600,Biogen,BIIB,USA
2024-05-16,231.6000061035156,234.5800018310547,228.0700073242188,230.0399932861328,230.0399932861328,936600,Biogen,BIIB,USA
2024-05-17,229.4199981689453,230.8300018310547,226.4299926757812,230.5700073242188,230.5700073242188,985100,Biogen,BIIB,USA
2024-05-20,230.7100067138672,232.75,228.9700012207031,231.5800018310547,231.5800018310547,719100,Biogen,BIIB,USA
2024-05-21,229.2899932861328,231.9499969482422,224.8200073242188,227.6900024414062,227.6900024414062,761200,Biogen,BIIB,USA
2024-05-22,228.0,228.0,223.0200042724609,225.2100067138672,225.2100067138672,1225700,Biogen,BIIB,USA
2024-05-23,223.5800018310547,223.8500061035156,217.2100067138672,218.0599975585938,218.0599975585938,1068700,Biogen,BIIB,USA
2024-05-24,218.2100067138672,219.4400024414062,217.0599975585938,217.8099975585938,217.8099975585938,770900,Biogen,BIIB,USA
2024-05-28,216.0,218.9199981689453,215.1699981689453,218.7299957275391,218.7299957275391,633200,Biogen,BIIB,USA
2024-05-29,216.3999938964844,216.3999938964844,210.3300018310547,214.4100036621094,214.4100036621094,980400,Biogen,BIIB,USA
2024-05-30,214.6300048828125,220.2100067138672,212.8999938964844,220.0700073242188,220.0700073242188,939900,Biogen,BIIB,USA
2024-05-31,219.2299957275391,225.5899963378906,218.0299987792969,224.9400024414062,224.9400024414062,1872400,Biogen,BIIB,USA
2024-06-03,225.3000030517578,233.1900024414062,224.5800018310547,229.8000030517578,229.8000030517578,1220700,Biogen,BIIB,USA
2024-06-04,229.8200073242188,234.3899993896484,228.8300018310547,234.1300048828125,234.1300048828125,1016700,Biogen,BIIB,USA
2024-06-05,234.4499969482422,237.5399932861328,230.3899993896484,236.7200012207031,236.7200012207031,947800,Biogen,BIIB,USA
2024-06-06,235.1000061035156,236.7100067138672,230.0099945068359,231.9900054931641,231.9900054931641,887200,Biogen,BIIB,USA
2024-06-07,230.6100006103516,230.9600067138672,224.6600036621094,225.4299926757812,225.4299926757812,958600,Biogen,BIIB,USA
2024-06-10,224.5200042724609,229.0,224.25,225.9799957275391,225.9799957275391,918400,Biogen,BIIB,USA
2024-06-11,225.7299957275391,228.5299987792969,225.3099975585938,225.7400054931641,225.7400054931641,937300,Biogen,BIIB,USA
2024-06-12,227.6199951171875,232.3399963378906,226.5299987792969,230.6300048828125,230.6300048828125,1036700,Biogen,BIIB,USA
2024-06-13,227.7200012207031,234.3899993896484,227.0599975585938,233.8399963378906,233.8399963378906,994300,Biogen,BIIB,USA
2024-06-14,232.5599975585938,233.7100067138672,230.2599945068359,231.6900024414062,231.6900024414062,747900,Biogen,BIIB,USA
2024-06-17,230.8300018310547,230.8300018310547,225.6199951171875,226.4600067138672,226.4600067138672,993500,Biogen,BIIB,USA
2024-06-18,226.5899963378906,228.5,223.0200042724609,223.6499938964844,223.6499938964844,757000,Biogen,BIIB,USA
2024-06-20,220.9400024414062,226.3300018310547,220.3800048828125,225.5800018310547,225.5800018310547,676200,Biogen,BIIB,USA
2024-06-21,227.3500061035156,228.1499938964844,222.0500030517578,224.0,224.0,3012500,Biogen,BIIB,USA
2024-06-24,225.7400054931641,227.7899932861328,223.6300048828125,226.6000061035156,226.6000061035156,1000300,Biogen,BIIB,USA
2024-06-25,225.4799957275391,229.5299987792969,222.8300018310547,223.1900024414062,223.1900024414062,802400,Biogen,BIIB,USA
2024-06-26,221.7899932861328,225.1100006103516,220.0200042724609,224.4600067138672,224.4600067138672,861300,Biogen,BIIB,USA
2024-06-27,223.4299926757812,230.1199951171875,222.7899932861328,228.7200012207031,228.7200012207031,1005400,Biogen,BIIB,USA
2024-06-28,229.5,235.4900054931641,227.7299957275391,231.8200073242188,231.8200073242188,2242800,Biogen,BIIB,USA
2024-07-01,231.4100036621094,236.8099975585938,230.6499938964844,231.7700042724609,231.7700042724609,862700,Biogen,BIIB,USA
2024-07-02,231.7100067138672,233.1699981689453,225.1000061035156,228.8200073242188,228.8200073242188,860200,Biogen,BIIB,USA
2024-07-03,229.4499969482422,229.4499969482422,222.7400054931641,224.6100006103516,224.6100006103516,580700,Biogen,BIIB,USA
2024-07-05,225.0299987792969,226.4199981689453,223.0500030517578,225.6499938964844,225.6499938964844,458300,Biogen,BIIB,USA
2024-07-08,226.4700012207031,229.4199981689453,225.8000030517578,228.0700073242188,228.0700073242188,535600,Biogen,BIIB,USA
2024-07-09,227.7100067138672,229.3300018310547,225.5899963378906,229.0599975585938,229.0599975585938,518800,Biogen,BIIB,USA
2024-07-10,229.8500061035156,232.8200073242188,227.9199981689453,232.75,232.75,522600,Biogen,BIIB,USA
2024-07-11,234.5,237.9799957275391,232.4700012207031,236.8000030517578,236.8000030517578,667100,Biogen,BIIB,USA
2024-07-12,237.9799957275391,238.0,226.5,230.0599975585938,230.0599975585938,1473200,Biogen,BIIB,USA
2024-07-15,230.0599975585938,230.0599975585938,221.2100067138672,221.5800018310547,221.5800018310547,1381800,Biogen,BIIB,USA
2024-07-16,221.7899932861328,228.5700073242188,220.8099975585938,225.0200042724609,225.0200042724609,1006200,Biogen,BIIB,USA
2024-07-17,223.3899993896484,230.1000061035156,221.6699981689453,228.3300018310547,228.3300018310547,949500,Biogen,BIIB,USA
2024-07-18,226.0,231.2700042724609,223.3000030517578,225.25,225.25,856200,Biogen,BIIB,USA
2024-07-19,225.6699981689453,227.6300048828125,222.3800048828125,226.3999938964844,226.3999938964844,851800,Biogen,BIIB,USA
2024-07-22,227.7299957275391,228.4799957275391,223.6199951171875,226.6300048828125,226.6300048828125,692400,Biogen,BIIB,USA
2024-07-23,226.2899932861328,228.0500030517578,223.5299987792969,224.2899932861328,224.2899932861328,854800,Biogen,BIIB,USA
2024-07-24,224.1000061035156,228.0700073242188,223.1100006103516,226.0299987792969,226.0299987792969,908400,Biogen,BIIB,USA
2024-07-25,227.1999969482422,236.4799957275391,226.0399932861328,227.4400024414062,227.4400024414062,1139000,Biogen,BIIB,USA
2024-07-26,211.3800048828125,217.5299987792969,210.0,211.1699981689453,211.1699981689453,2255900,Biogen,BIIB,USA
2024-07-29,210.9400024414062,215.6100006103516,209.75,214.4299926757812,214.4299926757812,1538100,Biogen,BIIB,USA
2024-07-30,214.2899932861328,218.0,211.0200042724609,211.8899993896484,211.8899993896484,1286700,Biogen,BIIB,USA
2024-07-31,212.0,217.8300018310547,211.0,213.1999969482422,213.1999969482422,1831600,Biogen,BIIB,USA
2024-08-01,215.8000030517578,219.4400024414062,206.0200042724609,210.6999969482422,210.6999969482422,1892000,Biogen,BIIB,USA
2024-08-02,212.4499969482422,213.5,203.0200042724609,205.6600036621094,205.6600036621094,1768700,Biogen,BIIB,USA
2024-08-05,204.1199951171875,204.8200073242188,196.8999938964844,198.3899993896484,198.3899993896484,1394300,Biogen,BIIB,USA
2024-08-06,198.7599945068359,203.8999938964844,198.1499938964844,200.1300048828125,200.1300048828125,1262100,Biogen,BIIB,USA
2024-08-07,201.5200042724609,203.5,198.7299957275391,199.7799987792969,199.7799987792969,971300,Biogen,BIIB,USA
2024-08-08,199.8300018310547,204.1399993896484,199.5,204.0700073242188,204.0700073242188,1198500,Biogen,BIIB,USA
2024-08-09,203.1199951171875,204.3600006103516,199.8600006103516,202.0,202.0,586800,Biogen,BIIB,USA
2024-08-12,202.0,202.9799957275391,199.4100036621094,201.0399932861328,201.0399932861328,821100,Biogen,BIIB,USA
2024-08-13,201.1000061035156,204.9799957275391,201.1000061035156,204.0500030517578,204.0500030517578,838600,Biogen,BIIB,USA
2024-08-14,203.7400054931641,204.0500030517578,200.3699951171875,200.5899963378906,200.5899963378906,508800,Biogen,BIIB,USA
2024-08-15,202.8200073242188,203.5500030517578,200.5200042724609,201.6300048828125,201.6300048828125,690400,Biogen,BIIB,USA
2024-08-16,201.9900054931641,203.1900024414062,200.5500030517578,201.9100036621094,201.9100036621094,706000,Biogen,BIIB,USA
2024-08-19,202.4700012207031,206.2899932861328,202.4700012207031,206.0599975585938,206.0599975585938,793300,Biogen,BIIB,USA
2024-08-20,205.3899993896484,206.9799957275391,205.1999969482422,205.4900054931641,205.4900054931641,625900,Biogen,BIIB,USA
2024-08-21,206.25,207.5899963378906,204.6799926757812,206.1799926757812,206.1799926757812,601400,Biogen,BIIB,USA
2024-08-22,206.7599945068359,206.7599945068359,201.4199981689453,203.3200073242188,203.3200073242188,791500,Biogen,BIIB,USA
2024-08-23,204.5,205.5399932861328,202.1300048828125,205.0,205.0,1127300,Biogen,BIIB,USA
2024-08-26,206.2299957275391,206.2299957275391,204.0899963378906,204.8600006103516,204.8600006103516,478200,Biogen,BIIB,USA
2024-08-27,204.8600006103516,205.0,201.8800048828125,203.3000030517578,203.3000030517578,565400,Biogen,BIIB,USA
2024-08-28,203.7599945068359,204.7200012207031,202.9299926757812,204.1999969482422,204.1999969482422,637500,Biogen,BIIB,USA
2024-08-29,206.0,206.3899993896484,202.7599945068359,204.8200073242188,204.8200073242188,520200,Biogen,BIIB,USA
2024-08-30,205.8200073242188,205.8800048828125,202.8500061035156,204.7599945068359,204.7599945068359,879000,Biogen,BIIB,USA
2024-09-03,204.2200012207031,206.6999969482422,203.5,204.8399963378906,204.8399963378906,892100,Biogen,BIIB,USA
2024-09-04,205.7200012207031,206.5,203.5299987792969,204.9499969482422,204.9499969482422,785200,Biogen,BIIB,USA
2024-09-05,205.1900024414062,205.1900024414062,198.1900024414062,201.8000030517578,201.8000030517578,1127600,Biogen,BIIB,USA
2024-09-06,202.5299987792969,203.2400054931641,198.5500030517578,200.8099975585938,200.8099975585938,834800,Biogen,BIIB,USA
2024-09-09,200.4400024414062,201.0599975585938,198.1100006103516,199.2700042724609,199.2700042724609,883300,Biogen,BIIB,USA
2024-09-10,199.4900054931641,201.1900024414062,197.8200073242188,200.6399993896484,200.6399993896484,557400,Biogen,BIIB,USA
2024-09-11,198.9499969482422,199.2799987792969,196.0200042724609,199.0899963378906,199.0899963378906,795200,Biogen,BIIB,USA
2024-09-12,199.0500030517578,199.2599945068359,194.8999938964844,197.8899993896484,197.8899993896484,852100,Biogen,BIIB,USA
2024-09-13,197.6600036621094,197.6999969482422,192.25,195.6300048828125,195.6300048828125,1090800,Biogen,BIIB,USA
2024-09-16,197.2599945068359,199.7400054931641,194.75,199.5800018310547,199.5800018310547,1034500,Biogen,BIIB,USA
2024-09-17,199.8300018310547,202.7899932861328,197.0899963378906,198.2100067138672,198.2100067138672,923900,Biogen,BIIB,USA
2024-09-18,198.1300048828125,199.7799987792969,196.8099975585938,197.5899963378906,197.5899963378906,670700,Biogen,BIIB,USA
2024-09-19,200.5700073242188,204.1799926757812,200.1100006103516,201.4400024414062,201.4400024414062,1125400,Biogen,BIIB,USA
2024-09-20,200.0099945068359,200.3699951171875,196.9700012207031,199.3600006103516,199.3600006103516,3833500,Biogen,BIIB,USA
2024-09-23,199.1999969482422,199.1999969482422,195.6699981689453,195.8099975585938,195.8099975585938,1325400,Biogen,BIIB,USA
2024-09-24,199.9900054931641,199.9900054931641,193.5399932861328,194.1199951171875,194.1199951171875,1188000,Biogen,BIIB,USA
2024-09-25,193.8399963378906,194.5599975585938,188.7799987792969,189.0700073242188,189.0700073242188,1543800,Biogen,BIIB,USA
2024-09-26,191.1699981689453,193.7299957275391,190.5,193.6000061035156,193.6000061035156,818300,Biogen,BIIB,USA
2024-09-27,194.4900054931641,197.6999969482422,193.9799957275391,194.6699981689453,194.6699981689453,709800,Biogen,BIIB,USA
2024-09-30,193.3600006103516,194.4799957275391,192.2799987792969,193.8399963378906,193.8399963378906,989700,Biogen,BIIB,USA
2024-10-01,194.6100006103516,195.0,190.2700042724609,190.8000030517578,190.8000030517578,2236300,Biogen,BIIB,USA
2024-10-02,190.0800018310547,191.8600006103516,188.0500030517578,188.7400054931641,188.7400054931641,1472500,Biogen,BIIB,USA
2024-10-03,187.2100067138672,188.1399993896484,183.5599975585938,184.7799987792969,184.7799987792969,2037000,Biogen,BIIB,USA
2024-10-04,186.6799926757812,186.8000030517578,183.8200073242188,185.6799926757812,185.6799926757812,1137200,Biogen,BIIB,USA
2024-10-07,184.7599945068359,185.9299926757812,182.4799957275391,183.3399963378906,183.3399963378906,983400,Biogen,BIIB,USA
2024-10-08,182.7299957275391,183.5500030517578,181.3099975585938,182.3000030517578,182.3000030517578,1207700,Biogen,BIIB,USA
2024-10-09,182.4600067138672,185.8000030517578,181.3099975585938,185.7599945068359,185.7599945068359,1160900,Biogen,BIIB,USA
2024-10-10,184.5599975585938,188.8800048828125,184.3000030517578,188.5899963378906,188.5899963378906,1323400,Biogen,BIIB,USA
2024-10-11,189.0,189.4299926757812,186.9100036621094,188.3800048828125,188.3800048828125,1429500,Biogen,BIIB,USA
2024-10-14,188.5899963378906,191.9600067138672,186.6100006103516,191.5599975585938,191.5599975585938,1274000,Biogen,BIIB,USA
2024-10-15,191.8699951171875,194.1300048828125,190.6699981689453,191.5500030517578,191.5500030517578,1429200,Biogen,BIIB,USA
2024-10-16,191.6799926757812,192.1600036621094,188.8999938964844,189.0,189.0,985000,Biogen,BIIB,USA
2024-10-17,188.5500030517578,190.1900024414062,187.6999969482422,189.5500030517578,189.5500030517578,728900,Biogen,BIIB,USA
2024-10-18,188.2200012207031,191.1900024414062,187.9400024414062,190.1600036621094,190.1600036621094,928100,Biogen,BIIB,USA
2024-10-21,190.1600036621094,190.3999938964844,184.0200042724609,184.6499938964844,184.6499938964844,1252500,Biogen,BIIB,USA
2024-10-22,183.8099975585938,186.5399932861328,182.8000030517578,185.8999938964844,185.8999938964844,830800,Biogen,BIIB,USA
2024-10-23,184.8800048828125,185.8200073242188,182.1100006103516,182.9799957275391,182.9799957275391,977700,Biogen,BIIB,USA
2024-10-24,184.7899932861328,185.7200012207031,183.2799987792969,183.8600006103516,183.8600006103516,1057200,Biogen,BIIB,USA
2024-10-25,185.6999969482422,187.5800018310547,181.25,181.6900024414062,181.6900024414062,1720100,Biogen,BIIB,USA
2024-10-28,182.4799957275391,185.6000061035156,181.7299957275391,185.0099945068359,185.0099945068359,1893400,Biogen,BIIB,USA
2024-10-29,184.8200073242188,187.2799987792969,183.1900024414062,183.4700012207031,183.4700012207031,1342700,Biogen,BIIB,USA
2024-10-30,184.6300048828125,185.0,177.9299926757812,181.1799926757812,181.1799926757812,1632900,Biogen,BIIB,USA
2024-10-31,178.1100006103516,179.4799957275391,173.8800048828125,174.0,174.0,1755600,Biogen,BIIB,USA
2024-11-01,173.6499938964844,175.9900054931641,173.1399993896484,173.7899932861328,173.7899932861328,1456000,Biogen,BIIB,USA
2024-11-04,173.2200012207031,174.8500061035156,170.7100067138672,173.5200042724609,173.5200042724609,2494800,Biogen,BIIB,USA
2024-11-05,172.7100067138672,177.25,170.7200012207031,176.9299926757812,176.9299926757812,2472200,Biogen,BIIB,USA
2024-11-06,176.8699951171875,179.1999969482422,173.6600036621094,174.3999938964844,174.3999938964844,1827700,Biogen,BIIB,USA
2024-11-07,175.6900024414062,176.9499969482422,172.8000030517578,173.9199981689453,173.9199981689453,1438300,Biogen,BIIB,USA
2024-11-08,173.5800018310547,175.1999969482422,171.5700073242188,173.0399932861328,173.0399932861328,1581700,Biogen,BIIB,USA
2024-11-11,173.9199981689453,173.9199981689453,171.1100006103516,172.0299987792969,172.0299987792969,1458100,Biogen,BIIB,USA
2024-11-12,171.3600006103516,171.6100006103516,167.7100067138672,168.2799987792969,168.2799987792969,1406300,Biogen,BIIB,USA
2024-11-13,167.7400054931641,168.9799957275391,165.5299987792969,165.7899932861328,165.7899932861328,1394700,Biogen,BIIB,USA
2024-11-14,165.0,175.8600006103516,163.3500061035156,164.8899993896484,164.8899993896484,3210600,Biogen,BIIB,USA
2024-11-15,165.4600067138672,166.3399963378906,159.6000061035156,159.9900054931641,159.9900054931641,1916700,Biogen,BIIB,USA
2024-11-18,158.1900024414062,160.1100006103516,157.3999938964844,157.9400024414062,157.9400024414062,1633000,Biogen,BIIB,USA
2024-11-19,157.0200042724609,157.8999938964844,155.2799987792969,155.4299926757812,155.4299926757812,1296700,Biogen,BIIB,USA
2024-11-20,155.0299987792969,156.1799926757812,153.6199951171875,156.0,156.0,1630700,Biogen,BIIB,USA
2024-11-21,157.1699981689453,159.1000061035156,154.7400054931641,158.0099945068359,158.0099945068359,1885800,Biogen,BIIB,USA
2024-11-22,158.1000061035156,159.7200012207031,157.2799987792969,157.8999938964844,157.8999938964844,1703700,Biogen,BIIB,USA
2024-11-25,159.9900054931641,160.6300048828125,158.3500061035156,158.7100067138672,158.7100067138672,2091400,Biogen,BIIB,USA
2024-11-26,159.1999969482422,160.0,156.0899963378906,157.6900024414062,157.6900024414062,1418000,Biogen,BIIB,USA
2024-11-27,158.6499938964844,160.7299957275391,158.4499969482422,159.8300018310547,159.8300018310547,1325100,Biogen,BIIB,USA
2024-11-29,160.7200012207031,161.6699981689453,158.4400024414062,160.6300048828125,160.6300048828125,1109600,Biogen,BIIB,USA
2024-12-02,160.1600036621094,165.2899932861328,160.1600036621094,164.2299957275391,164.2299957275391,1663600,Biogen,BIIB,USA
2024-12-03,162.6199951171875,163.7700042724609,160.7200012207031,160.8500061035156,160.8500061035156,1210800,Biogen,BIIB,USA
2024-12-04,160.8500061035156,161.3600006103516,159.1199951171875,160.9199981689453,160.9199981689453,1157300,Biogen,BIIB,USA
2024-12-05,161.1000061035156,162.6199951171875,158.3099975585938,159.2599945068359,159.2599945068359,1037300,Biogen,BIIB,USA
2024-12-06,159.0599975585938,160.8300018310547,157.3500061035156,157.7799987792969,157.7799987792969,947400,Biogen,BIIB,USA
2024-12-09,157.2100067138672,160.7400054931641,155.75,156.4600067138672,156.4600067138672,1483400,Biogen,BIIB,USA
2024-12-10,157.3399963378906,158.1000061035156,154.9900054931641,156.3200073242188,156.3200073242188,1863000,Biogen,BIIB,USA
2024-12-11,156.3699951171875,158.1499938964844,153.6900024414062,157.4600067138672,157.4600067138672,1395300,Biogen,BIIB,USA
2024-12-12,156.6999969482422,158.1999969482422,155.2100067138672,155.3300018310547,155.3300018310547,1050600,Biogen,BIIB,USA
2024-12-13,154.5700073242188,154.5700073242188,149.9400024414062,150.0299987792969,150.0299987792969,1608400,Biogen,BIIB,USA
2024-12-16,149.0,152.25,148.6000061035156,150.4900054931641,150.4900054931641,1897100,Biogen,BIIB,USA
2024-12-17,150.1600036621094,154.2400054931641,149.9299926757812,150.6399993896484,150.6399993896484,1377800,Biogen,BIIB,USA
2024-12-18,150.0099945068359,151.4900054931641,146.5700073242188,146.7899932861328,146.7899932861328,1495700,Biogen,BIIB,USA
2024-12-19,146.6000061035156,148.25,145.2400054931641,147.3899993896484,147.3899993896484,1650000,Biogen,BIIB,USA
2024-12-20,145.6399993896484,147.8500061035156,145.0700073242188,146.4700012207031,146.4700012207031,5776200,Biogen,BIIB,USA
2024-12-23,146.0,149.9199981689453,145.5200042724609,149.3800048828125,149.3800048828125,1534900,Biogen,BIIB,USA
2024-12-24,148.6699981689453,149.4100036621094,147.0700073242188,149.0200042724609,149.0200042724609,524900,Biogen,BIIB,USA
2024-12-26,148.0,150.6799926757812,147.8300018310547,149.8999938964844,149.8999938964844,846000,Biogen,BIIB,USA
2024-12-27,148.7400054931641,151.8800048828125,148.2299957275391,151.3099975585938,151.3099975585938,1128500,Biogen,BIIB,USA
2024-12-30,150.9199981689453,151.1799926757812,148.1900024414062,150.1900024414062,150.1900024414062,1163700,Biogen,BIIB,USA
2024-12-31,150.8000030517578,153.0399932861328,150.1900024414062,152.9199981689453,152.9199981689453,1148400,Biogen,BIIB,USA
2025-01-02,153.8399963378906,154.1199951171875,149.8399963378906,150.0,150.0,1097100,Biogen,BIIB,USA
2025-01-03,149.7299957275391,152.9700012207031,149.7299957275391,152.2100067138672,152.2100067138672,1188700,Biogen,BIIB,USA
2025-01-06,151.9299926757812,153.6000061035156,151.6199951171875,153.2700042724609,153.2700042724609,1319800,Biogen,BIIB,USA
2025-01-07,153.1100006103516,156.3699951171875,152.8999938964844,153.1499938964844,153.1499938964844,1110300,Biogen,BIIB,USA
2025-01-08,152.2700042724609,152.8200073242188,150.0700073242188,150.75,150.75,1038700,Biogen,BIIB,USA
2025-01-10,149.1799926757812,150.1999969482422,147.6499938964844,148.8200073242188,148.8200073242188,1256300,Biogen,BIIB,USA
2025-01-13,148.9199981689453,150.4799957275391,145.8200073242188,150.1799926757812,150.1799926757812,1142800,Biogen,BIIB,USA
2025-01-14,149.9199981689453,150.2200012207031,142.4199981689453,143.0599975585938,143.0599975585938,1710000,Biogen,BIIB,USA
2025-01-15,145.4600067138672,146.1499938964844,140.8699951171875,141.0,141.0,1557600,Biogen,BIIB,USA
2025-01-16,140.4900054931641,142.3899993896484,140.0500030517578,141.2299957275391,141.2299957275391,1198700,Biogen,BIIB,USA
2025-01-17,143.1300048828125,143.5,140.0599975585938,140.5500030517578,140.5500030517578,1149900,Biogen,BIIB,USA
2025-01-21,141.0,142.0899963378906,140.5899963378906,140.9799957275391,140.9799957275391,1183500,Biogen,BIIB,USA
2025-01-22,140.75,143.1499938964844,139.7100067138672,142.75,142.75,1082700,Biogen,BIIB,USA
2025-01-23,143.1399993896484,143.7700042724609,139.8300018310547,143.6699981689453,143.6699981689453,1466000,Biogen,BIIB,USA
2025-01-24,143.4499969482422,146.3300018310547,141.9799957275391,146.1999969482422,146.1999969482422,1302700,Biogen,BIIB,USA
2025-01-27,146.5500030517578,149.6699981689453,146.5500030517578,148.7599945068359,148.7599945068359,1662700,Biogen,BIIB,USA
2025-01-28,148.2899932861328,148.5500030517578,145.0800018310547,145.4900054931641,145.4900054931641,1301700,Biogen,BIIB,USA
2025-01-29,145.1000061035156,147.3800048828125,143.3399963378906,144.4100036621094,144.4100036621094,1484400,Biogen,BIIB,USA
2025-01-30,145.8399963378906,147.6399993896484,145.2400054931641,146.2299957275391,146.2299957275391,1110800,Biogen,BIIB,USA
2025-01-31,145.1999969482422,147.3999938964844,143.6300048828125,143.9299926757812,143.9299926757812,1402200,Biogen,BIIB,USA
2025-02-03,142.8099975585938,144.5,141.6399993896484,142.3399963378906,142.3399963378906,1110600,Biogen,BIIB,USA
2025-02-04,141.0800018310547,143.9799957275391,141.0700073242188,142.4900054931641,142.4900054931641,1055800,Biogen,BIIB,USA
2025-02-05,142.8999938964844,147.0,142.6399993896484,145.5299987792969,145.5299987792969,1173500,Biogen,BIIB,USA
2025-02-06,145.1799926757812,145.9799957275391,141.6900024414062,142.3699951171875,142.3699951171875,1329300,Biogen,BIIB,USA
2025-02-07,141.8399963378906,143.6900024414062,140.75,141.3500061035156,141.3500061035156,1154100,Biogen,BIIB,USA
2025-02-10,141.6300048828125,142.6799926757812,140.0599975585938,142.5399932861328,142.5399932861328,1523700,Biogen,BIIB,USA
2025-02-11,140.6600036621094,141.5599975585938,138.7200012207031,139.3899993896484,139.3899993896484,1910100,Biogen,BIIB,USA
2025-02-12,136.7599945068359,137.7899932861328,128.5099945068359,133.4299926757812,133.4299926757812,3538200,Biogen,BIIB,USA
2025-02-13,132.1499938964844,139.1000061035156,132.1499938964844,138.4499969482422,138.4499969482422,2257400,Biogen,BIIB,USA
2025-02-14,140.1399993896484,141.6900024414062,136.0500030517578,137.3300018310547,137.3300018310547,1692200,Biogen,BIIB,USA
2025-02-18,138.1399993896484,139.1600036621094,135.9400024414062,136.5700073242188,136.5700073242188,1327600,Biogen,BIIB,USA
2025-02-19,135.9499969482422,137.7899932861328,135.0200042724609,136.6799926757812,136.6799926757812,1548400,Biogen,BIIB,USA
2025-02-20,137.1900024414062,138.9400024414062,136.5200042724609,137.0800018310547,137.0800018310547,2056500,Biogen,BIIB,USA
2025-02-21,138.0,141.5,137.5599975585938,140.6399993896484,140.6399993896484,1814000,Biogen,BIIB,USA
2025-02-24,141.2799987792969,144.1699981689453,139.3500061035156,141.2700042724609,141.2700042724609,1565400,Biogen,BIIB,USA
2025-02-25,140.0,145.6900024414062,139.9400024414062,143.4600067138672,143.4600067138672,1580300,Biogen,BIIB,USA
2025-02-26,143.0899963378906,143.0899963378906,139.0399932861328,140.4900054931641,140.4900054931641,1310200,Biogen,BIIB,USA
2025-02-27,140.0599975585938,142.9600067138672,139.5899963378906,139.8800048828125,139.8800048828125,1215900,Biogen,BIIB,USA
2025-02-28,141.0599975585938,141.8999938964844,138.3800048828125,140.5,140.5,2324300,Biogen,BIIB,USA
2025-03-03,140.4100036621094,142.5599975585938,140.0700073242188,141.7100067138672,141.7100067138672,1617100,Biogen,BIIB,USA
2025-03-04,143.4100036621094,148.0,141.5200042724609,142.6499938964844,142.6499938964844,2790700,Biogen,BIIB,USA
2025-03-05,142.8500061035156,144.7400054931641,141.9299926757812,143.7700042724609,143.7700042724609,1185000,Biogen,BIIB,USA
2025-03-06,143.6499938964844,147.6499938964844,142.2299957275391,147.3699951171875,147.3699951171875,1145200,Biogen,BIIB,USA
2025-03-07,147.4199981689453,154.2899932861328,146.6300048828125,150.3800048828125,150.3800048828125,2925500,Biogen,BIIB,USA
2025-03-10,150.2899932861328,157.0899963378906,150.1399993896484,150.7100067138672,150.7100067138672,2651100,Biogen,BIIB,USA
2025-03-11,151.1300048828125,151.8899993896484,142.0200042724609,143.6600036621094,143.6600036621094,1857200,Biogen,BIIB,USA
2025-03-12,142.0099945068359,143.1300048828125,140.0200042724609,140.1900024414062,140.1900024414062,2438000,Biogen,BIIB,USA
2025-03-13,140.3600006103516,143.5,139.0500030517578,139.9799957275391,139.9799957275391,1300900,Biogen,BIIB,USA
2025-03-14,139.6600036621094,140.8000030517578,138.6300048828125,139.4400024414062,139.4400024414062,1436800,Biogen,BIIB,USA
2025-03-17,140.0500030517578,143.8500061035156,139.1600036621094,143.5399932861328,143.5399932861328,1249000,Biogen,BIIB,USA
2025-03-18,143.1699981689453,145.9700012207031,142.8999938964844,143.0899963378906,143.0899963378906,1506900,Biogen,BIIB,USA
2025-03-19,143.0899963378906,144.25,140.7299957275391,141.4299926757812,141.4299926757812,1180400,Biogen,BIIB,USA
2025-03-20,141.1399993896484,142.9499969482422,140.9100036621094,141.3800048828125,141.3800048828125,971800,Biogen,BIIB,USA
2025-03-21,141.2400054931641,142.1799926757812,139.8699951171875,140.8999938964844,140.8999938964844,3437600,Biogen,BIIB,USA
2025-03-24,141.4700012207031,144.1499938964844,140.6300048828125,141.6000061035156,141.6000061035156,1830500,Biogen,BIIB,USA
2025-03-25,142.2100067138672,142.4900054931641,138.6499938964844,139.1600036621094,139.1600036621094,1766200,Biogen,BIIB,USA
2025-03-26,139.3399963378906,142.9600067138672,139.1600036621094,142.4299926757812,142.4299926757812,1514600,Biogen,BIIB,USA
2025-03-27,142.7700042724609,144.0700073242188,139.6900024414062,140.3300018310547,140.3300018310547,1383500,Biogen,BIIB,USA
2025-03-28,140.6000061035156,141.25,138.1999969482422,138.3699951171875,138.3699951171875,1094000,Biogen,BIIB,USA
2025-03-31,137.8999938964844,138.0,134.7100067138672,136.8399963378906,136.8399963378906,1865400,Biogen,BIIB,USA
2025-04-01,136.8000030517578,137.3200073242188,131.6300048828125,132.0299987792969,132.0299987792969,1352400,Biogen,BIIB,USA
2025-04-02,132.5800018310547,134.0,128.75,131.3200073242188,131.3200073242188,1944900,Biogen,BIIB,USA
2025-04-03,132.3699951171875,133.7700042724609,130.0500030517578,130.7100067138672,130.7100067138672,1755600,Biogen,BIIB,USA
2025-04-04,129.2200012207031,129.9499969482422,122.7699966430664,122.9800033569336,122.9800033569336,3090700,Biogen,BIIB,USA
2025-04-07,121.8099975585938,123.7699966430664,117.4000015258789,119.1900024414062,119.1900024414062,2520100,Biogen,BIIB,USA
2025-04-08,119.7699966430664,120.7900009155273,112.879997253418,114.0500030517578,114.0500030517578,2091100,Biogen,BIIB,USA
2025-04-09,110.3099975585938,121.0800018310547,110.0400009155273,120.4899978637695,120.4899978637695,3321400,Biogen,BIIB,USA
2025-04-10,117.4499969482422,118.8300018310547,110.2399978637695,113.379997253418,113.379997253418,2420900,Biogen,BIIB,USA
2025-04-11,114.3199996948242,116.3899993896484,112.1800003051758,115.1699981689453,115.1699981689453,1618700,Biogen,BIIB,USA
2025-04-14,116.5100021362305,119.9899978637695,115.379997253418,119.2600021362305,119.2600021362305,1687600,Biogen,BIIB,USA
2025-04-15,118.8099975585938,119.9300003051758,116.6100006103516,116.9800033569336,116.9800033569336,1030700,Biogen,BIIB,USA
2025-04-16,117.0,118.0,114.9599990844727,115.2900009155273,115.2900009155273,1341100,Biogen,BIIB,USA
2025-04-17,115.0199966430664,118.7699966430664,114.6600036621094,118.6100006103516,118.6100006103516,1206300,Biogen,BIIB,USA
2025-04-21,117.9700012207031,118.6100006103516,115.4499969482422,116.4899978637695,116.4899978637695,1756800,Biogen,BIIB,USA
2025-04-22,118.120002746582,119.7200012207031,117.4000015258789,118.8899993896484,118.8899993896484,1076700,Biogen,BIIB,USA
2025-04-23,120.1900024414062,121.75,117.2099990844727,118.1699981689453,118.1699981689453,2427300,Biogen,BIIB,USA
2025-04-24,119.4599990844727,120.0500030517578,117.5800018310547,119.5100021362305,119.5100021362305,1600200,Biogen,BIIB,USA
2025-04-25,119.129997253418,119.620002746582,117.1399993896484,118.8399963378906,118.8399963378906,1538300,Biogen,BIIB,USA
2025-04-28,118.129997253418,120.0899963378906,117.6800003051758,119.120002746582,119.120002746582,1345600,Biogen,BIIB,USA
2025-04-29,117.9599990844727,121.1699981689453,116.629997253418,120.1699981689453,120.1699981689453,1003200,Biogen,BIIB,USA
2025-04-30,120.1900024414062,121.4100036621094,118.75,121.0800018310547,121.0800018310547,1528300,Biogen,BIIB,USA
2025-05-01,120.370002746582,125.3399963378906,118.1500015258789,120.9300003051758,120.9300003051758,2377200,Biogen,BIIB,USA
2025-05-02,122.4100036621094,123.7200012207031,120.9100036621094,123.5299987792969,123.5299987792969,1460000,Biogen,BIIB,USA
2025-05-05,123.3300018310547,123.5299987792969,121.5100021362305,121.8000030517578,121.8000030517578,1099100,Biogen,BIIB,USA
2025-05-06,121.5299987792969,121.8099975585938,115.8600006103516,116.8199996948242,116.8199996948242,1736100,Biogen,BIIB,USA
2025-05-07,117.7300033569336,118.0,116.2200012207031,117.2099990844727,117.2099990844727,1684100,Biogen,BIIB,USA
2025-05-08,115.8499984741211,119.870002746582,115.25,118.3899993896484,118.3899993896484,1871800,Biogen,BIIB,USA
2025-05-09,118.75,120.1100006103516,118.0500030517578,118.1699981689453,118.1699981689453,1307000,Biogen,BIIB,USA
2025-05-12,119.629997253418,124.8199996948242,119.4599990844727,124.4000015258789,124.4000015258789,2554500,Biogen,BIIB,USA
2025-05-13,124.0100021362305,124.4000015258789,121.5999984741211,123.1600036621094,123.1600036621094,1715200,Biogen,BIIB,USA
2025-05-14,123.379997253418,123.7399978637695,120.0400009155273,120.370002746582,120.370002746582,1495500,Biogen,BIIB,USA
2025-05-15,121.1600036621094,123.7200012207031,119.1800003051758,123.6999969482422,123.6999969482422,1944900,Biogen,BIIB,USA
2025-05-16,123.6999969482422,125.7699966430664,122.4599990844727,125.5899963378906,125.5899963378906,1804000,Biogen,BIIB,USA
2025-05-19,126.25,129.5599975585938,124.9300003051758,129.4400024414062,129.4400024414062,2387500,Biogen,BIIB,USA
2025-05-20,129.0399932861328,131.1300048828125,128.8200073242188,130.5500030517578,130.5500030517578,1684800,Biogen,BIIB,USA
2025-05-21,129.6999969482422,130.0700073242188,126.2799987792969,126.8199996948242,126.8199996948242,1593900,Biogen,BIIB,USA
2025-05-22,126.5500030517578,127.0699996948242,125.3499984741211,126.3000030517578,126.3000030517578,937000,Biogen,BIIB,USA
2025-05-23,124.2900009155273,126.1900024414062,123.9700012207031,125.8099975585938,125.8099975585938,837400,Biogen,BIIB,USA
2025-05-27,126.9700012207031,129.3600006103516,125.8899993896484,128.3899993896484,128.3899993896484,1584200,Biogen,BIIB,USA
2025-05-28,128.1199951171875,129.8999938964844,126.870002746582,127.5299987792969,127.5299987792969,1558700,Biogen,BIIB,USA
2025-05-29,128.1000061035156,132.9400024414062,127.5299987792969,132.75,132.75,1957000,Biogen,BIIB,USA
2025-05-30,132.5899963378906,132.5899963378906,129.6199951171875,129.7899932861328,129.7899932861328,3640000,Biogen,BIIB,USA
2025-06-02,129.5899963378906,131.8500061035156,128.0700073242188,131.1399993896484,131.1399993896484,1868100,Biogen,BIIB,USA
2025-06-03,130.7700042724609,134.7400054931641,129.5099945068359,131.8399963378906,131.8399963378906,1824900,Biogen,BIIB,USA
2025-06-04,132.4499969482422,133.6600036621094,131.6699981689453,131.8600006103516,131.8600006103516,1472900,Biogen,BIIB,USA
2025-06-05,131.8699951171875,132.1199951171875,129.6100006103516,130.3600006103516,130.3600006103516,1235400,Biogen,BIIB,USA
2025-06-06,131.5500030517578,133.7200012207031,131.4499969482422,133.1300048828125,133.1300048828125,1166100,Biogen,BIIB,USA
2025-06-09,134.0599975585938,135.6900024414062,132.9299926757812,134.1499938964844,134.1499938964844,1081500,Biogen,BIIB,USA
2025-06-10,134.25,136.8399963378906,133.4199981689453,135.4900054931641,135.4900054931641,991000,Biogen,BIIB,USA
2025-06-11,135.8999938964844,136.4100036621094,132.8999938964844,133.0599975585938,133.0599975585938,1331100,Biogen,BIIB,USA
2025-06-12,132.9299926757812,134.1199951171875,131.4700012207031,132.3099975585938,132.3099975585938,1147500,Biogen,BIIB,USA
2025-06-13,130.8699951171875,132.4900054931641,130.1000061035156,130.6499938964844,130.6499938964844,1207400,Biogen,BIIB,USA
2025-06-16,131.4900054931641,131.5800018310547,128.8300018310547,131.0399932861328,131.0399932861328,1111900,Biogen,BIIB,USA
2025-06-17,130.2700042724609,130.6999969482422,126.4899978637695,126.5599975585938,126.5599975585938,1154600,Biogen,BIIB,USA
2025-06-18,127.0599975585938,127.879997253418,125.2399978637695,126.5400009155273,126.5400009155273,2331000,Biogen,BIIB,USA
2025-06-20,127.9599990844727,128.6399993896484,126.120002746582,127.0400009155273,127.0400009155273,2166600,Biogen,BIIB,USA
2025-06-23,126.9000015258789,127.6800003051758,123.2099990844727,124.7600021362305,124.7600021362305,1190200,Biogen,BIIB,USA
2025-06-24,125.5699996948242,127.3600006103516,125.0199966430664,126.3099975585938,126.3099975585938,938200,Biogen,BIIB,USA
2025-06-25,126.3000030517578,127.9800033569336,125.129997253418,127.3099975585938,127.3099975585938,1095900,Biogen,BIIB,USA
2025-06-26,127.8899993896484,129.2700042724609,126.4599990844727,126.9199981689453,126.9199981689453,864900,Biogen,BIIB,USA
2025-06-27,127.1999969482422,128.25,125.5999984741211,126.0800018310547,126.0800018310547,1100000,Biogen,BIIB,USA
2025-06-30,126.3000030517578,126.5299987792969,123.9000015258789,125.5899963378906,125.5899963378906,1184400,Biogen,BIIB,USA
2025-07-01,124.9400024414062,134.75,124.9400024414062,130.0700073242188,130.0700073242188,1919400,Biogen,BIIB,USA
2025-07-02,130.0,134.6300048828125,129.8500061035156,133.1900024414062,133.1900024414062,1474200,Biogen,BIIB,USA
2025-07-03,133.4900054931641,134.4199981689453,132.2100067138672,132.8699951171875,132.8699951171875,633300,Biogen,BIIB,USA
2025-07-07,132.1000061035156,133.1999969482422,129.0800018310547,130.1300048828125,130.1300048828125,1086900,Biogen,BIIB,USA
2025-07-08,130.3200073242188,135.5800018310547,130.3200073242188,134.4600067138672,134.4600067138672,1350600,Biogen,BIIB,USA
2025-07-09,134.5599975585938,137.8399963378906,131.6699981689453,133.0200042724609,133.0200042724609,1528800,Biogen,BIIB,USA
2025-07-10,133.4499969482422,137.1900024414062,132.7700042724609,135.3300018310547,135.3300018310547,992000,Biogen,BIIB,USA
2025-07-11,133.4900054931641,134.5899963378906,132.3699951171875,134.2100067138672,134.2100067138672,1137500,Biogen,BIIB,USA
2025-07-14,133.5599975585938,134.2100067138672,132.3999938964844,133.1100006103516,133.1100006103516,694400,Biogen,BIIB,USA
2025-07-15,132.9600067138672,133.3600006103516,127.4700012207031,127.5,127.5,1317000,Biogen,BIIB,USA
2025-07-16,128.5,129.5099945068359,127.4199981689453,128.4600067138672,128.4600067138672,1234700,Biogen,BIIB,USA
2025-07-17,128.1799926757812,129.2100067138672,127.3099975585938,128.6900024414062,128.6900024414062,1151200,Biogen,BIIB,USA
2025-07-18,129.3699951171875,129.5800018310547,124.6800003051758,124.9899978637695,124.9899978637695,1524800,Biogen,BIIB,USA
2025-07-21,124.9800033569336,125.4199981689453,121.0500030517578,122.6800003051758,122.6800003051758,1403500,Biogen,BIIB,USA
2025-07-22,123.379997253418,127.9400024414062,123.379997253418,127.8499984741211,127.8499984741211,1319100,Biogen,BIIB,USA
2025-07-23,129.4400024414062,131.25,128.3600006103516,130.9799957275391,130.9799957275391,1127200,Biogen,BIIB,USA
2025-07-24,130.7799987792969,132.6499938964844,130.0,132.5899963378906,132.5899963378906,1280500,Biogen,BIIB,USA
2025-07-25,133.0500030517578,133.0500030517578,130.1300048828125,131.5200042724609,131.5200042724609,977000,Biogen,BIIB,USA
2025-07-28,131.3500061035156,131.8500061035156,128.4299926757812,129.2799987792969,129.2799987792969,1045500,Biogen,BIIB,USA
2025-07-29,128.5399932861328,129.2599945068359,127.5999984741211,127.9000015258789,127.9000015258789,1108800,Biogen,BIIB,USA
2025-07-30,128.5599975585938,129.7799987792969,125.9700012207031,126.6399993896484,126.6399993896484,1892100,Biogen,BIIB,USA
2025-07-31,133.0,135.4299926757812,127.2399978637695,128.0,128.0,3239700,Biogen,BIIB,USA
2025-08-01,128.9600067138672,132.8999938964844,124.5599975585938,131.9499969482422,131.9499969482422,2798200,Biogen,BIIB,USA
2025-08-04,132.3300018310547,133.9799957275391,130.3899993896484,132.1999969482422,132.1999969482422,1897800,Biogen,BIIB,USA
2025-08-05,131.9100036621094,134.1600036621094,131.5700073242188,132.8899993896484,132.8899993896484,1395600,Biogen,BIIB,USA
2025-08-06,132.4199981689453,132.6699981689453,128.8999938964844,129.3399963378906,129.3399963378906,1538600,Biogen,BIIB,USA
2025-08-07,130.0200042724609,130.6799926757812,127.6500015258789,127.75,127.75,1718100,Biogen,BIIB,USA
2025-08-08,127.5,131.2599945068359,127.0,130.6699981689453,130.6699981689453,1327700,Biogen,BIIB,USA
2025-08-11,131.1600036621094,133.7299957275391,127.7099990844727,128.0,128.0,1070300,Biogen,BIIB,USA
2025-08-12,128.4700012207031,131.1000061035156,128.25,128.9299926757812,128.9299926757812,1127600,Biogen,BIIB,USA
2025-08-13,129.6199951171875,135.3800048828125,129.3999938964844,135.1900024414062,135.1900024414062,1549000,Biogen,BIIB,USA
2025-08-14,134.5099945068359,135.2299957275391,132.1600036621094,134.9400024414062,134.9400024414062,1169800,Biogen,BIIB,USA
2025-08-15,136.1600036621094,138.8300018310547,135.8800048828125,138.6000061035156,138.6000061035156,1643800,Biogen,BIIB,USA
2025-08-18,140.0,141.1799926757812,135.7400054931641,135.9100036621094,135.9100036621094,1813900,Biogen,BIIB,USA
2025-08-19,136.3699951171875,139.5800018310547,136.0200042724609,138.8600006103516,138.8600006103516,1447800,Biogen,BIIB,USA
2025-08-20,139.1000061035156,140.5,137.7700042724609,138.9900054931641,138.9900054931641,1286300,Biogen,BIIB,USA
2025-08-21,138.2599945068359,140.1999969482422,137.5899963378906,139.1199951171875,139.1199951171875,1074100,Biogen,BIIB,USA
2025-08-22,140.4100036621094,142.3200073242188,138.6499938964844,139.3099975585938,139.3099975585938,1198900,Biogen,BIIB,USA
2025-08-25,139.0099945068359,139.75,136.1399993896484,136.3600006103516,136.3600006103516,861800,Biogen,BIIB,USA
2025-08-26,135.8500061035156,136.9100036621094,135.2200012207031,136.7200012207031,136.7200012207031,1579900,Biogen,BIIB,USA
2025-08-27,136.0,138.5,135.7899932861328,136.3600006103516,136.3600006103516,1403100,Biogen,BIIB,USA
2025-08-28,136.3600006103516,136.3600006103516,132.0399932861328,132.6499938964844,132.6499938964844,1557800,Biogen,BIIB,USA
2025-08-29,132.5,133.4799957275391,131.5200042724609,132.2200012207031,132.2200012207031,1083000,Biogen,BIIB,USA
2025-09-02,133.5500030517578,140.0599975585938,133.5299987792969,139.6300048828125,139.6300048828125,2466900,Biogen,BIIB,USA
2025-09-03,139.5599975585938,145.2700042724609,139.5599975585938,141.6199951171875,141.6199951171875,2279400,Biogen,BIIB,USA
2025-09-04,141.7799987792969,142.2799987792969,137.1399993896484,139.9400024414062,139.9400024414062,1529000,Biogen,BIIB,USA
2025-09-05,140.1300048828125,144.1999969482422,139.9600067138672,140.6699981689453,140.6699981689453,1561800,Biogen,BIIB,USA
2025-09-08,140.0,143.2299957275391,137.1999969482422,141.3500061035156,141.3500061035156,1624300,Biogen,BIIB,USA
2025-09-09,141.1600036621094,143.7400054931641,140.5099945068359,143.6000061035156,143.6000061035156,1490700,Biogen,BIIB,USA
2025-09-10,143.0,143.4499969482422,139.5399932861328,142.6100006103516,142.6100006103516,1278800,Biogen,BIIB,USA
2025-09-11,143.4700012207031,149.0700073242188,142.8600006103516,148.8399963378906,148.8399963378906,1714600,Biogen,BIIB,USA
2025-09-12,148.0800018310547,150.2799987792969,144.8399963378906,144.8600006103516,144.8600006103516,1810700,Biogen,BIIB,USA
2025-09-15,144.8200073242188,145.9900054931641,141.1199951171875,143.3200073242188,143.3200073242188,1432300,Biogen,BIIB,USA
2025-09-16,143.5099945068359,147.2299957275391,143.0200042724609,143.6799926757812,143.6799926757812,1935800,Biogen,BIIB,USA
2025-09-17,143.4799957275391,146.6799926757812,143.3899993896484,144.8699951171875,144.8699951171875,1501900,Biogen,BIIB,USA
2025-09-18,146.3000030517578,146.4499969482422,143.3699951171875,143.8099975585938,143.8099975585938,1514400,Biogen,BIIB,USA
2025-09-19,143.9600067138672,144.4299926757812,141.4900054931641,142.5,142.5,3748500,Biogen,BIIB,USA
2025-09-22,142.1199951171875,142.6399993896484,140.0200042724609,140.6600036621094,140.6600036621094,1445800,Biogen,BIIB,USA
2025-09-23,140.2700042724609,141.3800048828125,138.7299957275391,139.3099975585938,139.3099975585938,1102800,Biogen,BIIB,USA
2025-09-24,138.5200042724609,139.2799987792969,136.1999969482422,137.6699981689453,137.6699981689453,1309100,Biogen,BIIB,USA
2025-09-25,138.3999938964844,140.6699981689453,135.4100036621094,135.6699981689453,135.6699981689453,1260300,Biogen,BIIB,USA
2025-09-26,136.7899932861328,138.0,135.8099975585938,137.3699951171875,137.3699951171875,1677100,Biogen,BIIB,USA
2025-09-29,137.4900054931641,138.8000030517578,135.3899993896484,138.5200042724609,138.5200042724609,1285500,Biogen,BIIB,USA
2025-09-30,138.4600067138672,141.0399932861328,136.9400024414062,140.0800018310547,140.0800018310547,1368900,Biogen,BIIB,USA
2025-10-01,140.8200073242188,154.4400024414062,140.6999969482422,154.2200012207031,154.2200012207031,4059900,Biogen,BIIB,USA
2025-10-02,154.0,157.8500061035156,152.2200012207031,155.25,155.25,2882300,Biogen,BIIB,USA
2025-10-03,156.4600067138672,160.1999969482422,155.9700012207031,159.8800048828125,159.8800048828125,2878800,Biogen,BIIB,USA
2025-10-06,159.6000061035156,159.6999969482422,153.1000061035156,154.0500030517578,154.0500030517578,1817900,Biogen,BIIB,USA
2025-10-07,154.5200042724609,154.5700073242188,151.9700012207031,152.2100067138672,152.2100067138672,1372500,Biogen,BIIB,USA
2025-10-08,152.3600006103516,152.3600006103516,149.6399993896484,150.9700012207031,150.9700012207031,1333300,Biogen,BIIB,USA
2025-10-09,151.3699951171875,152.1499938964844,148.1699981689453,149.6100006103516,149.6100006103516,1600400,Biogen,BIIB,USA
2025-10-10,150.0,150.1999969482422,144.7400054931641,146.5700073242188,146.5700073242188,1725000,Biogen,BIIB,USA
2025-10-13,146.4700012207031,147.5599975585938,144.6499938964844,144.6900024414062,144.6900024414062,1124300,Biogen,BIIB,USA
2025-10-14,144.0899963378906,146.8800048828125,142.1999969482422,145.3099975585938,145.3099975585938,1283400,Biogen,BIIB,USA
2025-10-15,144.7400054931641,145.1900024414062,142.2899932861328,143.6600036621094,143.6600036621094,1337200,Biogen,BIIB,USA
2025-10-16,144.0500030517578,147.4799957275391,141.6999969482422,142.2599945068359,142.2599945068359,1469100,Biogen,BIIB,USA
2025-10-17,142.1000061035156,144.3200073242188,141.6699981689453,143.0,143.0,1010000,Biogen,BIIB,USA
2025-10-20,143.3099975585938,147.4700012207031,142.4100036621094,146.6300048828125,146.6300048828125,1316200,Biogen,BIIB,USA
2025-10-21,146.0899963378906,147.8899993896484,144.2899932861328,146.2200012207031,146.2200012207031,895000,Biogen,BIIB,USA
2025-10-22,147.3699951171875,149.1199951171875,146.25,147.7200012207031,147.7200012207031,1403100,Biogen,BIIB,USA
2025-10-23,148.9900054931641,150.2899932861328,147.5700073242188,150.0800018310547,150.0800018310547,1246000,Biogen,BIIB,USA
2025-10-24,151.0899963378906,151.9199981689453,148.9799957275391,149.8899993896484,149.8899993896484,1338300,Biogen,BIIB,USA
2025-10-27,150.0700073242188,150.9199981689453,148.1000061035156,150.4299926757812,150.4299926757812,1214300,Biogen,BIIB,USA
2025-10-28,150.0099945068359,150.3000030517578,148.3699951171875,149.1300048828125,149.1300048828125,1662800,Biogen,BIIB,USA
2025-10-29,148.8200073242188,149.9100036621094,147.5399932861328,147.8600006103516,147.8600006103516,2450700,Biogen,BIIB,USA
2025-10-30,140.1000061035156,154.4400024414062,138.0,149.6100006103516,149.6100006103516,2745200,Biogen,BIIB,USA
2025-10-31,147.9900054931641,155.1799926757812,146.5200042724609,154.2700042724609,154.2700042724609,2235300,Biogen,BIIB,USA
2025-11-03,153.6000061035156,155.3300018310547,149.6300048828125,151.4400024414062,151.4400024414062,2197200,Biogen,BIIB,USA
2025-11-04,150.8899993896484,152.8999938964844,149.0500030517578,149.3300018310547,149.3300018310547,2028900,Biogen,BIIB,USA
2025-11-05,149.6600036621094,153.6799926757812,148.5099945068359,153.4299926757812,153.4299926757812,1806000,Biogen,BIIB,USA
2025-11-06,155.7599945068359,157.8000030517578,153.7599945068359,156.7400054931641,156.7400054931641,1848500,Biogen,BIIB,USA
2025-11-07,156.6999969482422,156.6999969482422,151.8300018310547,155.5099945068359,155.5099945068359,1552000,Biogen,BIIB,USA
2025-11-10,155.4100036621094,156.5500030517578,153.7700042724609,156.2599945068359,156.2599945068359,1258600,Biogen,BIIB,USA
2025-11-11,156.7599945068359,159.9499969482422,154.1999969482422,159.5599975585938,159.5599975585938,1504500,Biogen,BIIB,USA
2025-11-12,160.0,162.5599975585938,158.0500030517578,161.4799957275391,161.4799957275391,1659700,Biogen,BIIB,USA
2025-11-13,161.5700073242188,167.8699951171875,161.1999969482422,164.7299957275391,164.7299957275391,2993000,Biogen,BIIB,USA
2025-11-14,164.7200012207031,169.0,163.0,167.5500030517578,167.5500030517578,2620400,Biogen,BIIB,USA
2025-11-17,167.0,167.9700012207031,163.5,164.6799926757812,164.6799926757812,2244600,Biogen,BIIB,USA
2025-11-18,164.3999938964844,170.7799987792969,163.0,168.8300018310547,168.8300018310547,2257400,Biogen,BIIB,USA
2025-11-19,168.8300018310547,168.8999938964844,165.7899932861328,167.9299926757812,167.9299926757812,1766000,Biogen,BIIB,USA
2025-11-20,168.1499938964844,170.9100036621094,165.75,168.1799926757812,168.1799926757812,1914500,Biogen,BIIB,USA
2025-11-21,168.5399932861328,176.0200042724609,167.4199981689453,175.3000030517578,175.3000030517578,2268000,Biogen,BIIB,USA
2025-11-24,177.6499938964844,185.1699981689453,175.5700073242188,176.8200073242188,176.8200073242188,4164200,Biogen,BIIB,USA
2025-11-25,177.0700073242188,182.9700012207031,176.0899963378906,181.9600067138672,181.9600067138672,2344500,Biogen,BIIB,USA
2025-11-26,181.9600067138672,183.9299926757812,180.7599945068359,181.9400024414062,181.9400024414062,1482900,Biogen,BIIB,USA
2025-11-28,182.0700073242188,182.7400054931641,180.6900024414062,182.0899963378906,182.0899963378906,566400,Biogen,BIIB,USA
2025-12-01,180.1499938964844,181.7799987792969,175.8800048828125,177.7799987792969,177.7799987792969,1946900,Biogen,BIIB,USA
2025-12-02,177.3200073242188,180.5500030517578,174.5299987792969,180.1799926757812,180.1799926757812,1866300,Biogen,BIIB,USA
2025-12-03,180.1699981689453,182.9400024414062,178.0500030517578,180.75,180.75,1845100,Biogen,BIIB,USA
2025-12-04,181.8600006103516,182.6900024414062,179.2700042724609,181.9799957275391,181.9799957275391,1246300,Biogen,BIIB,USA
2025-12-05,181.9600067138672,183.1499938964844,181.1000061035156,181.3000030517578,181.3000030517578,1210000,Biogen,BIIB,USA
2025-12-08,181.3000030517578,182.1199951171875,179.2100067138672,180.4400024414062,180.4400024414062,1474200,Biogen,BIIB,USA
2025-12-09,179.9100036621094,181.9900054931641,175.3899993896484,175.8399963378906,175.8399963378906,1506600,Biogen,BIIB,USA
2025-12-10,173.3000030517578,178.1699981689453,169.2400054931641,177.5500030517578,177.5500030517578,2147900,Biogen,BIIB,USA
2025-12-11,177.4700012207031,180.7899932861328,172.0,172.5,172.5,2721400,Biogen,BIIB,USA
2025-12-12,173.4900054931641,175.0800018310547,171.2700042724609,174.1000061035156,174.1000061035156,1781500,Biogen,BIIB,USA
2025-12-15,173.6699981689453,175.9400024414062,170.4499969482422,175.7400054931641,175.7400054931641,2291500,Biogen,BIIB,USA
2025-12-16,174.5099945068359,174.5099945068359,169.5200042724609,171.5,171.5,2408300,Biogen,BIIB,USA
2025-12-17,171.4299926757812,173.8300018310547,169.5500030517578,172.1000061035156,172.1000061035156,2783500,Biogen,BIIB,USA
2025-12-18,171.5899963378906,173.0,168.5599975585938,169.9100036621094,169.9100036621094,2761000,Biogen,BIIB,USA
2025-12-19,171.3200073242188,176.4199981689453,170.0,174.8000030517578,174.8000030517578,14994800,Biogen,BIIB,USA
2025-12-22,174.7799987792969,177.2899932861328,172.8999938964844,174.6999969482422,174.6999969482422,1909500,Biogen,BIIB,USA
2025-12-23,174.2599945068359,175.5800018310547,173.0800018310547,174.8200073242188,174.8200073242188,1281600,Biogen,BIIB,USA
2025-12-24,175.7299957275391,177.1799926757812,175.3699951171875,176.3300018310547,176.3300018310547,434700,Biogen,BIIB,USA
2025-12-26,175.3000030517578,177.1900024414062,175.0,177.0800018310547,177.0800018310547,687400,Biogen,BIIB,USA
2025-12-29,177.0,178.4600067138672,176.3099975585938,176.8300018310547,176.8300018310547,928100,Biogen,BIIB,USA
2025-12-30,176.3000030517578,176.9900054931641,175.7200012207031,176.3999938964844,176.3999938964844,609800,Biogen,BIIB,USA
2025-12-31,175.7599945068359,177.1900024414062,175.0200042724609,175.9900054931641,175.9900054931641,890400,Biogen,BIIB,USA
2026-01-02,175.3699951171875,178.2400054931641,174.2799987792969,177.8200073242188,177.8200073242188,1095600,Biogen,BIIB,USA
2026-01-05,175.7299957275391,180.5599975585938,171.6100006103516,174.6300048828125,174.6300048828125,1663600,Biogen,BIIB,USA
2026-01-06,174.9400024414062,182.9700012207031,174.3000030517578,182.6100006103516,182.6100006103516,2115700,Biogen,BIIB,USA
2026-01-07,181.6999969482422,187.0599975585938,181.6999969482422,186.9100036621094,186.9100036621094,2122400,Biogen,BIIB,USA
2026-01-08,187.0200042724609,187.7700042724609,183.5,186.0,186.0,1622700,Biogen,BIIB,USA
2026-01-09,186.7400054931641,190.1999969482422,186.4900054931641,187.6199951171875,187.6199951171875,1416700,Biogen,BIIB,USA
2026-01-12,188.0,188.0,182.7299957275391,185.6300048828125,185.6300048828125,1280300,Biogen,BIIB,USA
2026-01-13,185.4199981689453,186.3200073242188,177.0500030517578,178.3000030517578,178.3000030517578,1597400,Biogen,BIIB,USA
2026-01-14,177.7299957275391,178.4100036621094,165.5800018310547,169.3099975585938,169.3099975585938,3635800,Biogen,BIIB,USA
2026-01-15,169.0299987792969,169.7899932861328,166.7899932861328,168.5700073242188,168.5700073242188,1562600,Biogen,BIIB,USA
2026-01-16,168.8699951171875,169.3399963378906,163.7400054931641,164.4199981689453,164.4199981689453,1816100,Biogen,BIIB,USA
2026-01-20,161.5099945068359,165.6100006103516,160.3600006103516,165.3800048828125,165.3800048828125,1879900,Biogen,BIIB,USA
2026-01-21,165.3099975585938,172.8699951171875,165.3099975585938,172.6199951171875,172.6199951171875,1447100,Biogen,BIIB,USA
2026-01-22,171.7799987792969,175.2899932861328,171.6499938964844,173.8000030517578,173.8000030517578,996400,Biogen,BIIB,USA
2026-01-23,173.1699981689453,173.8999938964844,170.0399932861328,171.5899963378906,171.5899963378906,1250500,Biogen,BIIB,USA
2026-01-26,171.6699981689453,174.3099975585938,170.5899963378906,173.1199951171875,173.1199951171875,1049200,Biogen,BIIB,USA
2026-01-27,173.0200042724609,176.1399993896484,172.2299957275391,174.1199951171875,174.1199951171875,748100,Biogen,BIIB,USA
2026-01-28,173.6300048828125,175.0599975585938,170.8500061035156,174.8300018310547,174.8300018310547,1304500,Biogen,BIIB,USA
2026-01-29,174.8800048828125,177.1999969482422,173.5099945068359,176.1799926757812,176.1799926757812,1146700,Biogen,BIIB,USA
2026-01-30,177.0899963378906,180.1399993896484,175.9600067138672,179.8899993896484,179.8899993896484,1488000,Biogen,BIIB,USA
2026-02-02,179.3000030517578,180.7599945068359,177.5800018310547,179.0899963378906,179.0899963378906,1288800,Biogen,BIIB,USA
2026-02-03,177.7899932861328,182.6699981689453,176.1900024414062,176.7599945068359,176.7599945068359,1594100,Biogen,BIIB,USA
2026-02-04,177.25,186.2400054931641,177.1000061035156,185.4499969482422,185.4499969482422,2076000,Biogen,BIIB,USA
2026-02-05,184.8699951171875,187.7299957275391,184.5399932861328,185.3600006103516,185.3600006103516,2542600,Biogen,BIIB,USA
2026-02-06,187.0099945068359,202.4100036621094,184.6000061035156,201.1799926757812,201.1799926757812,3404900,Biogen,BIIB,USA
2026-02-09,199.8300018310547,201.0,191.8800048828125,193.8099975585938,193.8099975585938,2096200,Biogen,BIIB,USA
2026-02-10,194.0700073242188,195.7200012207031,188.7400054931641,188.9900054931641,188.9900054931641,1836100,Biogen,BIIB,USA
2026-02-11,188.3500061035156,192.0,187.1999969482422,191.1999969482422,191.1999969482422,996900,Biogen,BIIB,USA
2026-02-12,190.1499938964844,196.0,189.0,195.5,195.5,1657300,Biogen,BIIB,USA
2026-02-13,196.2700042724609,199.5,195.5200042724609,196.5200042724609,196.5200042724609,1352800,Biogen,BIIB,USA
2026-02-17,197.4600067138672,200.2899932861328,193.3699951171875,195.6199951171875,195.6199951171875,986500,Biogen,BIIB,USA
2026-02-18,195.3200073242188,195.6799926757812,193.1100006103516,194.1300048828125,194.1300048828125,1049000,Biogen,BIIB,USA
2026-02-19,193.5099945068359,195.0,191.0500030517578,192.0800018310547,192.0800018310547,993200,Biogen,BIIB,USA
2026-02-20,190.7799987792969,192.6000061035156,189.9499969482422,192.0299987792969,192.0299987792969,799200,Biogen,BIIB,USA
2026-02-23,191.8200073242188,197.0500030517578,189.1100006103516,196.3399963378906,196.3399963378906,878900,Biogen,BIIB,USA
2026-02-24,196.0299987792969,198.7200012207031,194.4299926757812,195.1300048828125,195.1300048828125,716000,Biogen,BIIB,USA
2026-02-25,194.2299957275391,196.7299957275391,189.8899993896484,190.7299957275391,190.7299957275391,942700,Biogen,BIIB,USA
2026-02-26,190.3000030517578,190.7400054931641,185.8999938964844,188.0200042724609,188.0200042724609,988000,Biogen,BIIB,USA
2026-02-27,187.5099945068359,192.4600067138672,186.6199951171875,191.8200073242188,191.8200073242188,1402100,Biogen,BIIB,USA
2026-03-02,190.2200012207031,190.75,186.7200012207031,188.0500030517578,188.0500030517578,691600,Biogen,BIIB,USA
2026-03-03,185.0099945068359,187.0500030517578,181.7899932861328,184.0200042724609,184.0200042724609,1049900,Biogen,BIIB,USA
2026-03-04,185.0599975585938,190.3699951171875,183.1600036621094,189.9400024414062,189.9400024414062,952900,Biogen,BIIB,USA
2026-03-05,187.9700012207031,190.9900054931641,185.9499969482422,188.0800018310547,188.0800018310547,893300,Biogen,BIIB,USA
2026-03-06,186.25,186.25,181.2400054931641,184.8699951171875,184.8699951171875,772800,Biogen,BIIB,USA
2026-03-09,183.9100036621094,188.5,182.6000061035156,188.2400054931641,188.2400054931641,651600,Biogen,BIIB,USA
2026-03-10,187.6900024414062,190.7799987792969,187.0200042724609,188.4100036621094,188.4100036621094,687500,Biogen,BIIB,USA
2026-03-11,187.5399932861328,192.9900054931641,187.5399932861328,190.4799957275391,190.4799957275391,864300,Biogen,BIIB,USA
2026-03-12,187.8600006103516,188.9100036621094,184.6300048828125,184.8999938964844,184.8999938964844,851400,Biogen,BIIB,USA
2026-03-13,185.9900054931641,188.0,181.4600067138672,181.5500030517578,181.5500030517578,1092300,Biogen,BIIB,USA
2026-03-16,182.75,184.6199951171875,181.8800048828125,183.2599945068359,183.2599945068359,995900,Biogen,BIIB,USA
2026-03-17,184.7299957275391,186.5200042724609,183.1999969482422,185.2899932861328,185.2899932861328,810200,Biogen,BIIB,USA
2026-03-18,184.1300048828125,184.3200073242188,180.4799957275391,182.3099975585938,182.3099975585938,846200,Biogen,BIIB,USA
2026-03-19,182.1799926757812,185.4499969482422,181.6799926757812,183.4100036621094,183.4100036621094,768600,Biogen,BIIB,USA
2026-03-20,183.1300048828125,183.6900024414062,180.4700012207031,181.4600067138672,181.4600067138672,2214200,Biogen,BIIB,USA
2026-03-23,183.4799957275391,185.0,183.0,183.6399993896484,183.6399993896484,1011800,Biogen,BIIB,USA
2026-03-24,182.6300048828125,184.8399963378906,180.3300018310547,183.9400024414062,183.9400024414062,644100,Biogen,BIIB,USA
2026-03-25,184.9100036621094,189.3800048828125,184.9100036621094,189.1799926757812,189.1799926757812,775200,Biogen,BIIB,USA
2026-03-26,189.0,192.2799987792969,188.3600006103516,191.0599975585938,191.0599975585938,879100,Biogen,BIIB,USA
2026-03-27,191.0599975585938,191.0599975585938,183.0099945068359,183.8399963378906,183.8399963378906,935100,Biogen,BIIB,USA
2026-03-30,186.1600036621094,190.0899963378906,185.5099945068359,187.5700073242188,187.5700073242188,799900,Biogen,BIIB,USA
2026-03-31,179.4600067138672,184.6799926757812,171.3699951171875,183.3300018310547,183.3300018310547,2719800,Biogen,BIIB,USA
2026-04-01,183.1600036621094,186.3099975585938,181.7100067138672,183.7799987792969,183.7799987792969,1390200,Biogen,BIIB,USA
2026-04-02,181.4600067138672,182.2299957275391,176.3899993896484,177.3399963378906,177.3399963378906,1339300,Biogen,BIIB,USA
2026-04-06,177.0,177.3899993896484,168.6399993896484,172.3399963378906,172.3399963378906,2149100,Biogen,BIIB,USA
2026-04-07,172.1999969482422,175.6399993896484,170.4299926757812,175.6100006103516,175.6100006103516,1515500,Biogen,BIIB,USA
2026-04-08,178.2400054931641,180.2400054931641,176.3500061035156,179.8999938964844,179.8999938964844,1289700,Biogen,BIIB,USA
2026-04-09,177.8099975585938,180.0599975585938,174.9700012207031,177.1100006103516,177.1100006103516,1266500,Biogen,BIIB,USA
2026-04-10,177.9700012207031,177.9700012207031,172.3200073242188,172.9700012207031,172.9700012207031,1501900,Biogen,BIIB,USA
2026-04-13,172.6199951171875,176.7899932861328,171.2200012207031,176.3699951171875,176.3699951171875,1415000,Biogen,BIIB,USA
2026-04-14,177.7100067138672,181.7700042724609,177.4499969482422,178.9600067138672,178.9600067138672,1550600,Biogen,BIIB,USA
2026-04-15,179.3600006103516,180.8699951171875,177.6999969482422,180.5399932861328,180.5399932861328,1168700,Biogen,BIIB,USA
2026-04-16,178.8200073242188,179.9900054931641,174.8500061035156,176.0200042724609,176.0200042724609,953500,Biogen,BIIB,USA
2026-04-17,176.2899932861328,178.4100036621094,175.6900024414062,177.3500061035156,177.3500061035156,1239500,Biogen,BIIB,USA
2026-04-20,179.5399932861328,184.2599945068359,178.7200012207031,183.3399963378906,183.3399963378906,1484400,Biogen,BIIB,USA
2026-04-21,184.5200042724609,187.7400054931641,181.75,185.9499969482422,185.9499969482422,1063200,Biogen,BIIB,USA
2026-04-22,189.3099975585938,192.75,188.6699981689453,190.0700073242188,190.0700073242188,1327900,Biogen,BIIB,USA
2026-04-23,189.4600067138672,190.3200073242188,187.0099945068359,187.8800048828125,187.8800048828125,816300,Biogen,BIIB,USA
2026-04-24,186.6499938964844,186.6499938964844,183.1699981689453,184.3800048828125,184.3800048828125,723300,Biogen,BIIB,USA
2026-04-27,183.1600036621094,186.1499938964844,179.1499938964844,180.6699981689453,180.6699981689453,1101400,Biogen,BIIB,USA
2026-04-28,182.4499969482422,184.4100036621094,181.8899993896484,183.3800048828125,183.3800048828125,1235600,Biogen,BIIB,USA
2026-04-29,183.1199951171875,195.8899993896484,180.1799926757812,194.3800048828125,194.3800048828125,2453400,Biogen,BIIB,USA
2026-04-30,194.0200042724609,195.9799957275391,187.1600036621094,189.2799987792969,189.2799987792969,1550500,Biogen,BIIB,USA
2026-05-01,189.2799987792969,190.5700073242188,186.1399993896484,187.0599975585938,187.0599975585938,696800,Biogen,BIIB,USA
2026-05-04,186.2799987792969,187.5099945068359,185.4400024414062,187.2100067138672,187.2100067138672,626600,Biogen,BIIB,USA
2026-05-05,187.3800048828125,189.6900024414062,186.0,189.1300048828125,189.1300048828125,586100,Biogen,BIIB,USA
2026-05-06,189.1300048828125,191.1699981689453,188.3000030517578,190.6799926757812,190.6799926757812,741300,Biogen,BIIB,USA
2026-05-07,190.3399963378906,192.1000061035156,188.8600006103516,191.3800048828125,191.3800048828125,735600,Biogen,BIIB,USA
2026-05-08,189.6799926757812,195.1999969482422,189.5,193.4499969482422,193.4499969482422,931500,Biogen,BIIB,USA
2026-05-11,194.7599945068359,200.3099975585938,194.75,197.9499969482422,197.9499969482422,1772200,Biogen,BIIB,USA
2026-05-12,198.4700012207031,202.3999938964844,196.4700012207031,199.3600006103516,199.3600006103516,1145400,Biogen,BIIB,USA
2026-05-13,199.3300018310547,205.9700012207031,198.8600006103516,204.5299987792969,204.5299987792969,1271900,Biogen,BIIB,USA
2026-05-14,200.25,205.0,189.4900054931641,191.3699951171875,191.3699951171875,2812900,Biogen,BIIB,USA
2026-05-15,191.8300018310547,194.9100036621094,190.6600036621094,192.9499969482422,192.9499969482422,1252200,Biogen,BIIB,USA
2026-05-18,191.25,193.3699951171875,189.1900024414062,191.9100036621094,191.9100036621094,1051300,Biogen,BIIB,USA
2026-05-19,191.7200012207031,193.0299987792969,188.6399993896484,190.5599975585938,190.5599975585938,1054100,Biogen,BIIB,USA
2026-05-20,191.4100036621094,193.3800048828125,186.3699951171875,187.8000030517578,187.8000030517578,919700,Biogen,BIIB,USA
2026-05-21,187.3999938964844,190.2700042724609,185.8500061035156,189.4700012207031,189.4700012207031,1475200,Biogen,BIIB,USA
2026-05-22,190.5299987792969,194.75,190.0099945068359,193.7599945068359,193.7599945068359,892900,Biogen,BIIB,USA
2026-05-26,194.3000030517578,195.5,192.2700042724609,193.0800018310547,193.0800018310547,930100,Biogen,BIIB,USA
2026-05-27,194.1100006103516,199.8000030517578,194.1100006103516,196.9700012207031,196.9700012207031,893000,Biogen,BIIB,USA
2026-05-28,196.9700012207031,198.0,194.5,196.3899993896484,196.3899993896484,556200,Biogen,BIIB,USA
2026-05-29,195.5500030517578,198.4600067138672,195.1100006103516,196.0,196.0,1905400,Biogen,BIIB,USA
2026-06-01,194.5,195.2799987792969,191.6699981689453,192.2299957275391,192.2299957275391,841500,Biogen,BIIB,USA
2026-06-02,190.0899963378906,190.5800018310547,184.8999938964844,188.8300018310547,188.8300018310547,1097800,Biogen,BIIB,USA
2026-06-03,187.6900024414062,196.5099945068359,187.4799957275391,195.9600067138672,195.9600067138672,891500,Biogen,BIIB,USA
2026-06-04,198.0,199.8999938964844,196.3500061035156,196.4499969482422,196.4499969482422,719100,Biogen,BIIB,USA
2026-06-05,196.4499969482422,200.6600036621094,195.1399993896484,195.3399963378906,195.3399963378906,880400,Biogen,BIIB,USA
2026-06-08,197.25,198.6999969482422,192.1799926757812,192.6199951171875,192.6199951171875,1162400,Biogen,BIIB,USA
2026-06-09,195.5099945068359,199.6300048828125,193.4499969482422,199.1000061035156,199.1000061035156,934200,Biogen,BIIB,USA
2026-06-10,200.2100067138672,201.9400024414062,194.1000061035156,194.2400054931641,194.2400054931641,1071200,Biogen,BIIB,USA
2026-06-11,195.4900054931641,201.1799926757812,194.2400054931641,199.9600067138672,199.9600067138672,914700,Biogen,BIIB,USA
2026-06-12,200.5700073242188,203.4499969482422,199.0599975585938,200.0500030517578,200.0500030517578,837300,Biogen,BIIB,USA
2026-06-15,198.3699951171875,199.3699951171875,195.8899993896484,198.6399993896484,198.6399993896484,883900,Biogen,BIIB,USA
2026-06-16,199.6900024414062,200.2599945068359,194.0399932861328,195.6100006103516,195.6100006103516,1110700,Biogen,BIIB,USA
2026-06-17,195.1399993896484,201.75,194.0399932861328,198.6699981689453,198.6699981689453,1009000,Biogen,BIIB,USA
2026-06-18,200.2200012207031,200.9900054931641,193.1999969482422,196.5800018310547,196.5800018310547,1729800,Biogen,BIIB,USA
2026-06-22,199.4799957275391,200.9799957275391,194.7400054931641,199.7100067138672,199.7100067138672,1675000,Biogen,BIIB,USA
2026-06-23,198.8800048828125,201.2200012207031,197.0099945068359,197.1900024414062,197.1900024414062,1053500,Biogen,BIIB,USA
2026-06-24,199.3399963378906,202.0599975585938,198.6600036621094,199.5899963378906,199.5899963378906,1348800,Biogen,BIIB,USA
2026-06-25,201.6300048828125,206.6699981689453,200.1999969482422,201.9600067138672,201.9600067138672,1328900,Biogen,BIIB,USA
2026-06-26,202.5299987792969,218.0599975585938,202.2899932861328,216.0299987792969,216.0299987792969,2374400,Biogen,BIIB,USA
2026-06-29,215.7400054931641,219.7200012207031,214.0800018310547,216.6300048828125,216.6300048828125,1279800,Biogen,BIIB,USA
2026-06-30,218.0,218.0,212.5800018310547,216.0599975585938,216.0599975585938,1091300,Biogen,BIIB,USA
2026-07-01,215.25,215.8099975585938,209.6699981689453,209.7400054931641,209.7400054931641,1138600,Biogen,BIIB,USA
2026-07-02,212.7400054931641,219.0200042724609,210.75,216.1199951171875,216.1199951171875,1155100,Biogen,BIIB,USA
2026-07-06,215.9499969482422,215.9499969482422,208.2700042724609,208.4600067138672,208.4600067138672,1218400,Biogen,BIIB,USA
2026-07-07,211.8600006103516,212.0,205.6499938964844,205.6999969482422,205.6999969482422,1156900,Biogen,BIIB,USA
2026-07-08,204.8600006103516,206.75,198.9299926757812,200.3600006103516,200.3600006103516,1947700,Biogen,BIIB,USA
2026-07-09,198.9199981689453,201.0099945068359,196.0,198.9100036621094,198.9100036621094,1657300,Biogen,BIIB,USA
2026-07-10,197.6300048828125,199.9799957275391,194.3699951171875,199.1499938964844,199.1499938964844,1133100,Biogen,BIIB,USA
2026-07-13,199.3300018310547,210.8699951171875,197.7400054931641,209.0299987792969,209.0299987792969,2259800,Biogen,BIIB,USA
2026-07-14,200.3399963378906,202.0,189.3999938964844,191.9499969482422,191.9499969482422,3902100,Biogen,BIIB,USA
2026-07-15,191.2100067138672,198.5800018310547,186.0299987792969,197.2400054931641,197.2400054931641,2067300,Biogen,BIIB,USA
2026-07-16,198.2599945068359,209.6399993896484,194.6699981689453,208.9199981689453,208.9199981689453,1872700,Biogen,BIIB,USA
2026-07-17,208.6000061035156,215.7899932861328,203.3999938964844,205.9900054931641,205.9900054931641,1151300,Biogen,BIIB,USA
2026-07-20,204.0800018310547,205.6499938964844,199.6199951171875,199.9499969482422,199.9499969482422,962700,Biogen,BIIB,USA
2026-07-21,199.4700012207031,203.6999969482422,198.5899963378906,203.1600036621094,203.1600036621094,652800,Biogen,BIIB,USA
2026-07-22,203.6999969482422,204.3099975585938,197.3999938964844,197.7400054931641,197.7400054931641,841300,Biogen,BIIB,USA
2026-07-23,197.0399932861328,203.6000061035156,196.9199981689453,200.6199951171875,200.6199951171875,1032100,Biogen,BIIB,USA
2026-07-24,202.2400054931641,203.3000030517578,200.0399932861328,202.1900024414062,202.1900024414062,596300,Biogen,BIIB,USA
2026-07-27,202.75,204.4700012207031,199.8300018310547,200.1399993896484,200.1399993896484,762600,Biogen,BIIB,USA
2026-07-28,201.0099945068359,207.7200012207031,199.3999938964844,205.6100006103516,205.6100006103516,1831900,Biogen,BIIB,USA
2026-07-29,210.5,218.5899963378906,206.2700042724609,209.2299957275391,209.2299957275391,2400100,Biogen,BIIB,USA
2026-07-30,204.3800048828125,210.1900024414062,203.0899963378906,207.9299926757812,207.9299926757812,892900,Biogen,BIIB,USA
2026-07-31,207.5099945068359,208.0500030517578,202.5700073242188,202.9499969482422,202.9499969482422,1062000,Biogen,BIIB,USA
2026-08-03,203.3399963378906,203.8500061035156,199.5800018310547,201.8200073242188,201.8200073242188,940900,Biogen,BIIB,USA
2026-08-04,200.9600067138672,209.7400054931641,199.9299926757812,208.4499969482422,208.4499969482422,1205400,Biogen,BIIB,USA
2026-08-05,210.6000061035156,212.1799926757812,205.8000030517578,206.6300048828125,206.6300048828125,873700,Biogen,BIIB,USA
2026-08-06,208.75,209.0299987792969,202.0299987792969,206.2799987792969,206.2799987792969,892600,Biogen,BIIB,USA
2026-08-07,207.3800048828125,208.3099975585938,204.1600036621094,207.9400024414062,207.9400024414062,840500,Biogen,BIIB,USA
2026-08-10,206.6999969482422,210.0200042724609,206.2899932861328,207.1300048828125,207.1300048828125,706400,Biogen,BIIB,USA
2026-08-11,206.6300048828125,207.5700073242188,203.5299987792969,203.8899993896484,203.8899993896484,936800,Biogen,BIIB,USA
2026-08-12,203.5200042724609,209.2200012207031,201.0,208.8699951171875,208.8699951171875,789000,Biogen,BIIB,USA
2026-08-13,212.9799957275391,215.6100006103516,208.7899932861328,210.6499938964844,210.6499938964844,860100,Biogen,BIIB,USA
2026-08-14,210.0099945068359,210.7899932861328,208.2200012207031,209.8300018310547,209.8300018310547,554400,Biogen,BIIB,USA
2026-08-17,208.3600006103516,210.4900054931641,207.6199951171875,209.1499938964844,209.1499938964844,617100,Biogen,BIIB,USA
2026-08-18,211.0,214.0700073242188,210.0099945068359,212.5500030517578,212.5500030517578,694000,Biogen,BIIB,USA
2026-08-19,215.3300018310547,222.1499938964844,215.0800018310547,221.5599975585938,221.5599975585938,886800,Biogen,BIIB,USA
2026-08-20,217.9799957275391,221.2899932861328,214.1600036621094,214.3500061035156,214.3500061035156,808600,Biogen,BIIB,USA
2026-08-21,217.7599945068359,219.1199951171875,215.0,216.7799987792969,216.7799987792969,722300,Biogen,BIIB,USA
