Date,Open,High,Low,Close,Volume
1996-11-08 00:00:00-05:00,26.657705307006836,26.82571792602539,26.377687454223633,26.71371078491211,119859
1996-11-15 00:00:00-05:00,27.04973030090332,27.217742919921875,26.433692932128906,26.82571792602539,201550
1996-11-22 00:00:00-05:00,26.71371078491211,26.769712448120117,26.09766960144043,26.545698165893555,524967
1996-11-29 00:00:00-05:00,26.321685791015625,26.545698165893555,25.929658889770508,26.15367317199707,343059
1996-12-06 00:00:00-05:00,25.98566246032715,26.377687454223633,25.537633895874023,25.649642944335938,323863
1996-12-13 00:00:00-05:00,25.817651748657227,26.433692932128906,25.425626754760742,25.98566246032715,427874
1996-12-20 00:00:00-05:00,26.09766960144043,26.09766960144043,24.977598190307617,25.25761604309082,1463968
1996-12-27 00:00:00-05:00,25.20161247253418,25.25761604309082,24.641576766967773,25.0896053314209,1482047
1997-01-03 00:00:00-05:00,25.649642944335938,25.873655319213867,25.17361068725586,25.425626754760742,1801223
1997-01-10 00:00:00-05:00,25.3696231842041,25.649642944335938,24.977598190307617,25.3696231842041,3909125
1997-01-17 00:00:00-05:00,25.537633895874023,25.705644607543945,24.697580337524414,25.033601760864258,6709838
1997-01-24 00:00:00-05:00,24.585573196411133,25.3696231842041,23.241487503051758,25.31361961364746,9652953
1997-01-31 00:00:00-05:00,25.31361961364746,25.929658889770508,24.19354820251465,25.817651748657227,6111439
1997-02-07 00:00:00-05:00,26.26568031311035,26.818716049194336,25.20161247253418,26.377687454223633,4406192
1997-02-14 00:00:00-05:00,26.8817195892334,27.441755294799805,26.657705307006836,26.993728637695312,5992697
1997-02-21 00:00:00-05:00,26.93772315979004,27.553762435913086,25.20161247253418,27.350749969482422,7939894
1997-02-28 00:00:00-05:00,27.441755294799805,27.553762435913086,25.3696231842041,25.817651748657227,2948472
1997-03-07 00:00:00-05:00,25.649642944335938,27.04973030090332,24.697580337524414,26.93772315979004,2948695
1997-03-14 00:00:00-05:00,27.497760772705078,27.721773147583008,26.71371078491211,27.1617374420166,1808589
1997-03-21 00:00:00-05:00,26.82571792602539,27.329748153686523,26.20967674255371,26.489694595336914,3733913
1997-03-28 00:00:00-05:00,26.433692932128906,27.83378028869629,26.20967674255371,27.721773147583008,2142943
1997-04-04 00:00:00-05:00,27.497760772705078,27.77777862548828,25.425626754760742,26.993728637695312,2085805
1997-04-11 00:00:00-04:00,27.1617374420166,27.273746490478516,26.461694717407227,26.8817195892334,4500605
1997-04-18 00:00:00-04:00,26.71371078491211,29.009857177734375,26.545698165893555,28.953853607177734,5190070
1997-04-25 00:00:00-04:00,28.841846466064453,29.56989288330078,28.393817901611328,28.841846466064453,3808016
1997-05-02 00:00:00-04:00,28.89784812927246,30.35394287109375,27.07073211669922,29.961917877197266,3993271
1997-05-09 00:00:00-04:00,30.689964294433594,31.25,30.129928588867188,30.913978576660156,3571200
1997-05-16 00:00:00-04:00,31.081989288330078,32.14605712890625,30.710966110229492,31.43901252746582,5411706
1997-05-23 00:00:00-04:00,31.30600357055664,32.37007141113281,31.19399642944336,32.20206069946289,3232606
1997-05-30 00:00:00-04:00,31.586021423339844,31.810035705566406,30.29793930053711,30.689964294433594,871595
1997-06-06 00:00:00-04:00,30.689964294433594,31.25,30.29793930053711,31.025985717773438,2190707
1997-06-13 00:00:00-04:00,31.922042846679688,32.650089263916016,31.25,32.538082122802734,1924430
1997-06-20 00:00:00-04:00,32.61508560180664,36.066307067871094,31.922042846679688,35.67428207397461,3464064
1997-06-27 00:00:00-04:00,35.394264221191406,37.186378479003906,35.170249938964844,36.85035705566406,1746986
1997-07-04 00:00:00-04:00,36.01030349731445,37.69041061401367,35.61827850341797,37.41039276123047,937217
1997-07-11 00:00:00-04:00,37.41039276123047,38.64247131347656,35.95429992675781,36.6263427734375,3210063
1997-07-18 00:00:00-04:00,36.79435348510742,37.29838562011719,35.45026779174805,35.95429992675781,2224634
1997-07-25 00:00:00-04:00,35.226253509521484,37.35438919067383,34.61021423339844,35.1142463684082,2377749
1997-08-01 00:00:00-04:00,35.45026779174805,36.51433563232422,34.498207092285156,35.89829635620117,1748326
1997-08-08 00:00:00-04:00,34.834228515625,38.47446060180664,33.93817138671875,34.66621780395508,2137139
1997-08-15 00:00:00-04:00,34.10618209838867,34.498207092285156,31.922042846679688,32.42607498168945,4578501
1997-08-22 00:00:00-04:00,32.20206069946289,34.61021423339844,31.642024993896484,33.0421142578125,2546935
1997-08-29 00:00:00-04:00,32.93010711669922,34.659217834472656,31.36200714111328,31.943044662475586,3639276
1997-09-05 00:00:00-04:00,32.81809997558594,34.386199951171875,32.03404998779297,34.21818923950195,2651616
1997-09-12 00:00:00-04:00,33.602149963378906,33.93817138671875,31.36200714111328,32.20206069946289,2274184
1997-09-19 00:00:00-04:00,32.594085693359375,34.89023208618164,32.31406784057617,34.442203521728516,1598558
1997-09-26 00:00:00-04:00,35.05824279785156,35.394264221191406,32.87410354614258,35.05824279785156,1648333
1997-10-03 00:00:00-04:00,34.88323211669922,36.178314208984375,33.602149963378906,35.67428207397461,2491582
1997-10-10 00:00:00-04:00,35.73028564453125,36.3463249206543,33.71415710449219,34.16218566894531,2180441
1997-10-17 00:00:00-04:00,34.16218566894531,35.394264221191406,33.490142822265625,33.602149963378906,996365
1997-10-24 00:00:00-04:00,34.386199951171875,35.394264221191406,33.546146392822266,34.94623565673828,921815
1997-10-31 00:00:00-05:00,32.93010711669922,35.394264221191406,31.13799285888672,35.282257080078125,1376251
1997-11-07 00:00:00-05:00,35.00223922729492,35.56227493286133,33.82616424560547,34.05017852783203,3232383
1997-11-14 00:00:00-05:00,34.46320724487305,34.834228515625,33.15412139892578,33.77016067504883,1618647
1997-11-21 00:00:00-05:00,34.498207092285156,36.45833206176758,34.274192810058594,35.89829635620117,4326063
1997-11-28 00:00:00-05:00,35.67428207397461,36.066307067871094,34.94623565673828,35.89829635620117,390823
1997-12-05 00:00:00-05:00,36.57033920288086,37.130374908447266,36.01030349731445,36.57033920288086,797494
1997-12-12 00:00:00-05:00,36.45833206176758,36.73834991455078,34.72222137451172,35.73028564453125,1176933
1997-12-19 00:00:00-05:00,35.394264221191406,36.234317779541016,34.05017852783203,34.834228515625,520055
1997-12-26 00:00:00-05:00,34.834228515625,35.84229278564453,34.5542106628418,35.05824279785156,286812
1998-01-02 00:00:00-05:00,35.50627136230469,37.074371337890625,35.1142463684082,36.9063606262207,620719
1998-01-09 00:00:00-05:00,36.40232849121094,37.018367767333984,35.73028564453125,36.178314208984375,1392768
1998-01-16 00:00:00-05:00,35.282257080078125,36.290321350097656,33.15412139892578,36.178314208984375,1835819
1998-01-23 00:00:00-05:00,36.6263427734375,38.775482177734375,36.234317779541016,38.25044631958008,2252758
1998-01-30 00:00:00-05:00,37.858421325683594,38.64247131347656,37.6344108581543,38.53046417236328,1379600
1998-02-06 00:00:00-05:00,39.818546295166016,40.4905891418457,38.082435607910156,39.59453582763672,1680919
1998-02-13 00:00:00-05:00,37.6344108581543,39.76254653930664,33.77016067504883,38.81048583984375,7601969
1998-02-20 00:00:00-05:00,39.370521545410156,39.76254653930664,38.53046417236328,39.31451416015625,1137873
1998-02-27 00:00:00-05:00,39.87455368041992,41.162635803222656,39.17450714111328,40.994625091552734,1241885
1998-03-06 00:00:00-05:00,41.4986572265625,42.17070007324219,40.09856414794922,40.54659652709961,2192270
1998-03-13 00:00:00-05:00,40.09856414794922,41.44265365600586,39.87455368041992,41.33064651489258,1641859
1998-03-20 00:00:00-05:00,40.938621520996094,41.2186393737793,38.53046417236328,39.818546295166016,1536955
1998-03-27 00:00:00-05:00,39.370521545410156,40.71460723876953,38.97849655151367,40.32258224487305,1511733
1998-04-03 00:00:00-05:00,39.53852844238281,40.43458938598633,39.09050369262695,39.59453582763672,918244
1998-04-10 00:00:00-04:00,39.818546295166016,40.09856414794922,38.418460845947266,38.97849655151367,967572
1998-04-17 00:00:00-04:00,38.922489166259766,39.9865608215332,37.6344108581543,37.80241775512695,1698552
1998-04-24 00:00:00-04:00,38.58647155761719,38.64247131347656,35.61827850341797,36.47933578491211,510906
1998-05-01 00:00:00-04:00,36.47933578491211,37.74641418457031,36.178314208984375,37.52239990234375,38615
1998-05-08 00:00:00-04:00,38.306453704833984,38.53046417236328,37.41039276123047,38.082435607910156,56915
1998-05-15 00:00:00-04:00,38.19444274902344,38.58647155761719,36.45833206176758,36.85035705566406,57807
1998-05-22 00:00:00-04:00,35.61827850341797,38.25044631958008,35.394264221191406,37.35438919067383,58478
1998-05-29 00:00:00-04:00,38.58647155761719,39.09050369262695,37.69041061401367,37.99843215942383,47320
1998-06-05 00:00:00-04:00,37.9144287109375,38.47446060180664,37.35438919067383,38.082435607910156,1280499
1998-06-12 00:00:00-04:00,38.64247131347656,38.915489196777344,34.94623565673828,35.394264221191406,1630699
1998-06-19 00:00:00-04:00,34.386199951171875,35.84229278564453,33.82616424560547,34.89023208618164,1278043
1998-06-26 00:00:00-04:00,35.170249938964844,37.35438919067383,34.94623565673828,36.51433563232422,1115106
1998-07-03 00:00:00-04:00,37.24238586425781,37.52239990234375,36.85035705566406,37.130374908447266,693036
1998-07-10 00:00:00-04:00,37.74641418457031,37.970428466796875,35.95429992675781,36.066307067871094,985876
1998-07-17 00:00:00-04:00,35.50627136230469,37.970428466796875,35.282257080078125,36.962364196777344,1966169
1998-07-24 00:00:00-04:00,37.74641418457031,38.418460845947266,36.122310638427734,37.186378479003906,2207447
1998-07-31 00:00:00-04:00,36.40232849121094,37.970428466796875,36.066307067871094,37.41039276123047,522065
1998-08-07 00:00:00-04:00,37.29838562011719,37.6344108581543,36.066307067871094,36.290321350097656,840571
1998-08-14 00:00:00-04:00,35.95429992675781,43.23476791381836,35.282257080078125,35.78628921508789,905522
1998-08-21 00:00:00-04:00,35.84229278564453,37.52239990234375,35.394264221191406,35.95429992675781,720936
1998-08-28 00:00:00-04:00,35.61827850341797,36.51433563232422,34.442203521728516,34.72222137451172,1655921
1998-09-04 00:00:00-04:00,33.15412139892578,35.73028564453125,33.15412139892578,35.282257080078125,1690293
1998-09-11 00:00:00-04:00,38.306453704833984,38.64247131347656,36.290321350097656,37.970428466796875,2898698
1998-09-18 00:00:00-04:00,38.02643585205078,44.35483932495117,36.066307067871094,36.57033920288086,1182960
1998-09-25 00:00:00-04:00,34.834228515625,36.73834991455078,34.05017852783203,36.01030349731445,563134
1998-10-02 00:00:00-04:00,36.40232849121094,36.962364196777344,32.594085693359375,33.71415710449219,643263
1998-10-09 00:00:00-04:00,32.37007141113281,34.94623565673828,31.810035705566406,33.65815353393555,1183183
1998-10-16 00:00:00-04:00,34.274192810058594,37.858421325683594,33.82616424560547,36.79435348510742,637907
1998-10-23 00:00:00-04:00,36.066307067871094,40.54659652709961,35.170249938964844,40.09856414794922,1101714
1998-10-30 00:00:00-05:00,40.32258224487305,40.88261413574219,39.65053939819336,40.2105712890625,564027
1998-11-06 00:00:00-05:00,41.44265365600586,41.55466079711914,39.622535705566406,40.77061080932617,647727
1998-11-13 00:00:00-05:00,39.53852844238281,42.11469650268555,38.866485595703125,41.55466079711914,474746
1998-11-20 00:00:00-05:00,42.45071792602539,43.23476791381836,41.66666793823242,42.56272506713867,441713
1998-11-27 00:00:00-05:00,43.290771484375,43.45878219604492,41.55466079711914,42.67473220825195,383458
1998-12-04 00:00:00-05:00,41.834678649902344,43.06675720214844,40.994625091552734,41.890682220458984,523849
1998-12-11 00:00:00-05:00,42.11469650268555,43.290771484375,41.66666793823242,42.786739349365234,296186
1998-12-18 00:00:00-05:00,42.56272506713867,45.02688217163086,42.39471435546875,44.578853607177734,468496
1998-12-25 00:00:00-05:00,45.13888931274414,45.25089645385742,44.13082504272461,44.91487503051758,242395
1999-01-01 00:00:00-05:00,45.13888931274414,45.69892501831055,43.45878219604492,43.90681076049805,253108
1999-01-08 00:00:00-05:00,46.370967864990234,47.93906784057617,45.474910736083984,46.5949821472168,1527134
1999-01-15 00:00:00-05:00,45.92293930053711,46.81899642944336,44.46684646606445,45.69892501831055,528537
1999-01-22 00:00:00-05:00,46.5949821472168,47.04301071166992,35.338260650634766,42.56272506713867,876060
1999-01-29 00:00:00-05:00,43.0107536315918,43.850807189941406,41.2186393737793,42.002689361572266,1132517
1999-02-05 00:00:00-05:00,42.11469650268555,43.23476791381836,41.44265365600586,41.61066436767578,674510
1999-02-12 00:00:00-05:00,41.61066436767578,42.002689361572266,39.42652130126953,39.65053939819336,769817
1999-02-19 00:00:00-05:00,39.65053939819336,40.54659652709961,37.970428466796875,38.754478454589844,1524233
1999-02-26 00:00:00-05:00,39.202510833740234,42.464717864990234,38.082435607910156,39.03449630737305,1059084
1999-03-05 00:00:00-05:00,38.97849655151367,39.87455368041992,37.858421325683594,39.65053939819336,411134
1999-03-12 00:00:00-05:00,39.65053939819336,41.2186393737793,38.97849655151367,40.09856414794922,825839
1999-03-19 00:00:00-05:00,39.706539154052734,40.09856414794922,36.962364196777344,37.186378479003906,1662840
1999-03-26 00:00:00-05:00,36.73834991455078,39.87455368041992,35.170249938964844,35.95429992675781,729417
1999-04-02 00:00:00-05:00,36.40232849121094,36.79435348510742,35.170249938964844,36.290321350097656,705535
1999-04-09 00:00:00-04:00,36.178314208984375,38.53046417236328,35.61827850341797,37.74641418457031,1029844
1999-04-16 00:00:00-04:00,38.25044631958008,40.09856414794922,34.498207092285156,34.94623565673828,1010204
1999-04-23 00:00:00-04:00,35.226253509521484,35.84229278564453,31.810035705566406,31.866039276123047,2003890
1999-04-30 00:00:00-04:00,32.93010711669922,34.05017852783203,32.42607498168945,32.81809997558594,743033
1999-05-07 00:00:00-04:00,33.490142822265625,34.94623565673828,32.87410354614258,34.21818923950195,1381831
1999-05-14 00:00:00-04:00,34.274192810058594,35.84229278564453,32.706092834472656,32.93010711669922,5170204
1999-05-21 00:00:00-04:00,32.42607498168945,34.498207092285156,32.25806427001953,33.546146392822266,1536062
1999-05-28 00:00:00-04:00,33.15412139892578,33.93817138671875,31.642024993896484,32.37007141113281,687010
1999-06-04 00:00:00-04:00,33.15412139892578,34.386199951171875,32.42607498168945,34.386199951171875,777182
1999-06-11 00:00:00-04:00,34.94623565673828,35.73028564453125,33.378135681152344,34.05017852783203,1057075
1999-06-18 00:00:00-04:00,34.16218566894531,35.73028564453125,33.602149963378906,34.66621780395508,525635
1999-06-25 00:00:00-04:00,35.1142463684082,35.394264221191406,33.15412139892578,33.82616424560547,532557
1999-07-02 00:00:00-04:00,33.15412139892578,40.43458938598633,32.25806427001953,34.10618209838867,669600
1999-07-09 00:00:00-04:00,34.21818923950195,34.498207092285156,32.09005355834961,32.482078552246094,376539
1999-07-16 00:00:00-04:00,32.14605712890625,34.5542106628418,31.13799285888672,31.36200714111328,1236081
1999-07-23 00:00:00-04:00,31.698028564453125,32.538082122802734,31.025985717773438,31.474014282226562,582328
1999-07-30 00:00:00-04:00,31.36200714111328,32.482078552246094,31.25,32.14605712890625,582328
1999-08-06 00:00:00-04:00,32.650089263916016,34.498207092285156,31.474014282226562,32.42607498168945,540590
1999-08-13 00:00:00-04:00,31.698028564453125,33.88216781616211,31.30600357055664,32.482078552246094,946815
1999-08-20 00:00:00-04:00,33.15412139892578,34.274192810058594,32.37007141113281,33.71415710449219,459346
1999-08-27 00:00:00-04:00,34.274192810058594,34.442203521728516,31.810035705566406,32.25806427001953,1934698
1999-09-03 00:00:00-04:00,32.594085693359375,33.88216781616211,31.922042846679688,33.65815353393555,580320
1999-09-10 00:00:00-04:00,33.71415710449219,34.274192810058594,32.42607498168945,32.93010711669922,425196
1999-09-17 00:00:00-04:00,31.30600357055664,32.538082122802734,31.13799285888672,32.09005355834961,641254
1999-09-24 00:00:00-04:00,32.03404998779297,34.330196380615234,31.810035705566406,32.93010711669922,744596
1999-10-01 00:00:00-04:00,33.3221321105957,33.71415710449219,32.03404998779297,33.21012496948242,610229
1999-10-08 00:00:00-04:00,33.602149963378906,34.274192810058594,33.0421142578125,33.602149963378906,767360
1999-10-15 00:00:00-04:00,33.3221321105957,34.498207092285156,32.7620964050293,33.490142822265625,551750
1999-10-22 00:00:00-04:00,33.15412139892578,34.498207092285156,32.81809997558594,33.71415710449219,749952
1999-10-29 00:00:00-04:00,32.706092834472656,34.246192932128906,31.698028564453125,33.26612854003906,768254
1999-11-05 00:00:00-05:00,32.98611068725586,36.15031433105469,32.87410354614258,34.834228515625,1213985
1999-11-12 00:00:00-05:00,34.61021423339844,36.962364196777344,34.37220001220703,34.89023208618164,803297
1999-11-19 00:00:00-05:00,34.66621780395508,36.51433563232422,33.15412139892578,34.05017852783203,1420891
1999-11-26 00:00:00-05:00,33.21012496948242,34.77822494506836,32.594085693359375,33.82616424560547,452873
1999-12-03 00:00:00-05:00,34.274192810058594,35.84229278564453,34.05017852783203,35.84229278564453,680760
1999-12-10 00:00:00-05:00,35.1142463684082,35.84229278564453,32.93010711669922,33.546146392822266,672725
1999-12-17 00:00:00-05:00,32.93010711669922,39.202510833740234,31.922042846679688,32.20206069946289,3001371
1999-12-24 00:00:00-05:00,32.31406784057617,32.93010711669922,31.810035705566406,32.03404998779297,639468
1999-12-31 00:00:00-05:00,32.482078552246094,33.82616424560547,31.922042846679688,32.81809997558594,705535
2000-01-07 00:00:00-05:00,32.594085693359375,34.274192810058594,31.810035705566406,33.3221321105957,1190326
2000-01-14 00:00:00-05:00,33.378135681152344,34.94623565673828,32.25806427001953,32.81809997558594,772495
2000-01-21 00:00:00-05:00,32.706092834472656,40.65860366821289,31.025985717773438,31.586021423339844,692812
2000-01-28 00:00:00-05:00,30.24193572998047,31.698028564453125,27.04973030090332,28.505823135375977,544384
2000-02-04 00:00:00-05:00,27.721773147583008,29.4578857421875,24.809587478637695,28.56182861328125,661787
2000-02-11 00:00:00-05:00,28.729839324951172,36.40232849121094,27.497760772705078,28.44982147216797,1256617
2000-02-18 00:00:00-05:00,27.77777862548828,35.05824279785156,27.04973030090332,29.681900024414062,1712167
2000-02-25 00:00:00-05:00,29.793907165527344,33.15412139892578,28.337814331054688,28.67383575439453,465372
2000-03-03 00:00:00-05:00,28.61783218383789,37.6344108581543,27.945789337158203,28.225805282592773,923825
2000-03-10 00:00:00-05:00,28.225805282592773,37.41039276123047,24.641576766967773,27.329748153686523,548626
2000-03-17 00:00:00-05:00,26.82571792602539,29.177867889404297,26.26568031311035,28.56182861328125,700847
2000-03-24 00:00:00-05:00,28.61783218383789,30.24193572998047,28.225805282592773,29.905914306640625,869365
2000-03-31 00:00:00-05:00,29.56989288330078,30.969982147216797,28.89784812927246,30.633960723876953,558224
2000-04-07 00:00:00-04:00,31.025985717773438,32.482078552246094,30.35394287109375,31.978046417236328,352434
2000-04-14 00:00:00-04:00,31.530017852783203,33.546146392822266,31.36200714111328,32.594085693359375,768923
2000-04-21 00:00:00-04:00,32.03404998779297,32.594085693359375,31.025985717773438,31.36200714111328,280339
2000-04-28 00:00:00-04:00,31.13799285888672,32.42607498168945,30.577957153320312,31.418010711669922,341273
2000-05-05 00:00:00-04:00,31.474014282226562,32.650089263916016,30.689964294433594,31.30600357055664,1008418
2000-05-12 00:00:00-04:00,31.16599464416504,32.98611068725586,30.745967864990234,32.98611068725586,2149974
2000-05-19 00:00:00-04:00,32.650089263916016,32.7620964050293,31.025985717773438,31.754032135009766,816242
2000-05-26 00:00:00-04:00,31.922042846679688,33.71415710449219,31.754032135009766,33.21012496948242,1803122
2000-06-02 00:00:00-04:00,33.3221321105957,33.93817138671875,32.81809997558594,33.71415710449219,583780
2000-06-09 00:00:00-04:00,33.490142822265625,34.498207092285156,33.0421142578125,33.93817138671875,1033751
2000-06-16 00:00:00-04:00,33.93817138671875,34.72222137451172,33.88216781616211,34.386199951171875,1532491
2000-06-23 00:00:00-04:00,34.21818923950195,34.386199951171875,33.434139251708984,33.71415710449219,1955790
2000-06-30 00:00:00-04:00,33.71415710449219,35.89829635620117,33.490142822265625,35.84229278564453,3720743
2000-07-07 00:00:00-04:00,35.394264221191406,36.178314208984375,35.338260650634766,35.89829635620117,625295
2000-07-14 00:00:00-04:00,36.01030349731445,36.3463249206543,34.834228515625,35.338260650634766,2170397
2000-07-21 00:00:00-04:00,34.61021423339844,34.77822494506836,34.274192810058594,34.77822494506836,1715070
2000-07-28 00:00:00-04:00,34.89023208618164,35.394264221191406,34.330196380615234,34.5542106628418,1689846
2000-08-04 00:00:00-04:00,34.5542106628418,34.77822494506836,34.05017852783203,34.274192810058594,904853
2000-08-11 00:00:00-04:00,34.834228515625,35.1142463684082,33.88216781616211,34.05017852783203,717477
2000-08-18 00:00:00-04:00,34.10618209838867,34.89023208618164,33.88216781616211,34.66621780395508,717141
2000-08-25 00:00:00-04:00,34.274192810058594,35.226253509521484,34.10618209838867,35.05824279785156,786445
2000-09-01 00:00:00-04:00,35.1142463684082,35.394264221191406,33.77016067504883,34.386199951171875,787004
2000-09-08 00:00:00-04:00,33.21012496948242,33.434139251708984,32.14605712890625,32.538082122802734,900166
2000-09-15 00:00:00-04:00,32.594085693359375,33.378135681152344,32.594085693359375,32.81809997558594,392944
2000-09-22 00:00:00-04:00,32.482078552246094,34.89023208618164,32.42607498168945,34.834228515625,988105
2000-09-29 00:00:00-04:00,34.386199951171875,35.1142463684082,34.274192810058594,34.66621780395508,708215
2000-10-06 00:00:00-04:00,34.66621780395508,34.94623565673828,34.330196380615234,34.5542106628418,422517
2000-10-13 00:00:00-04:00,34.5542106628418,35.394264221191406,34.16218566894531,34.442203521728516,967238
2000-10-20 00:00:00-04:00,34.274192810058594,34.274192810058594,33.65815353393555,33.88216781616211,1276146
2000-10-27 00:00:00-04:00,33.82616424560547,34.442203521728516,33.71415710449219,34.442203521728516,821711
2000-11-03 00:00:00-05:00,34.274192810058594,35.1142463684082,33.99417495727539,35.1142463684082,988442
2000-11-10 00:00:00-05:00,34.94623565673828,36.57033920288086,34.94623565673828,36.40232849121094,1023708
2000-11-17 00:00:00-05:00,35.84229278564453,36.066307067871094,34.72222137451172,34.89023208618164,821711
2000-11-24 00:00:00-05:00,34.498207092285156,35.45026779174805,34.442203521728516,35.226253509521484,812336
2000-12-01 00:00:00-05:00,35.05824279785156,36.68234634399414,34.94623565673828,36.68234634399414,916348
2000-12-08 00:00:00-05:00,37.74641418457031,39.09050369262695,36.3463249206543,36.79435348510742,4503730
2000-12-15 00:00:00-05:00,36.290321350097656,37.186378479003906,35.95429992675781,36.79435348510742,1609830
2000-12-22 00:00:00-05:00,37.35438919067383,38.81048583984375,37.35438919067383,38.082435607910156,2285457
2000-12-29 00:00:00-05:00,38.082435607910156,40.266578674316406,38.082435607910156,40.09856414794922,2298849
2001-01-05 00:00:00-05:00,39.87455368041992,42.002689361572266,38.1384391784668,38.58647155761719,2667352
2001-01-12 00:00:00-05:00,37.29838562011719,37.74641418457031,36.3463249206543,36.962364196777344,2793794
2001-01-19 00:00:00-05:00,36.6263427734375,37.52239990234375,36.122310638427734,36.45833206176758,1224810
2001-01-26 00:00:00-05:00,36.234317779541016,37.74641418457031,36.066307067871094,37.52239990234375,2555639
2001-02-02 00:00:00-05:00,37.482078552246094,38.602149963378906,37.31182861328125,37.99283218383789,2851938
2001-02-09 00:00:00-05:00,37.84050369262695,38.61111068725586,37.141578674316406,37.858421325683594,2625614
2001-02-16 00:00:00-05:00,37.6792106628418,38.12723922729492,36.68458938598633,38.10035705566406,3323002
2001-02-23 00:00:00-05:00,37.09677505493164,37.84946060180664,36.75627136230469,37.09677505493164,2238362
2001-03-02 00:00:00-05:00,36.52329635620117,39.38172149658203,36.37992858886719,39.2921142578125,4339343
2001-03-09 00:00:00-05:00,39.175628662109375,39.69533920288086,37.09677505493164,37.41039276123047,3036413
2001-03-16 00:00:00-05:00,37.20429992675781,37.41039276123047,34.74910354614258,35.30466079711914,3008290
2001-03-23 00:00:00-05:00,35.313621520996094,35.7078857421875,31.003583908081055,33.87992858886719,2740115
2001-03-30 00:00:00-05:00,34.94623565673828,35.38530349731445,34.767024993896484,35.24193572998047,2107790
2001-04-06 00:00:00-04:00,34.67741775512695,36.48745346069336,34.45340347290039,35.8870964050293,3287066
2001-04-13 00:00:00-04:00,36.33512496948242,36.917564392089844,35.86021423339844,36.87276077270508,1501690
2001-04-20 00:00:00-04:00,36.87276077270508,37.141578674316406,35.394264221191406,35.797489166259766,1742300
2001-04-27 00:00:00-04:00,35.25089645385742,35.97670364379883,34.605735778808594,35.27777862548828,3267984
2001-05-04 00:00:00-04:00,34.63261413574219,35.21505355834961,34.05017852783203,34.767024993896484,2111471
2001-05-11 00:00:00-04:00,35.00896072387695,38.97849655151367,34.740142822265625,36.20071792602539,16044732
2001-05-18 00:00:00-04:00,36.33512496948242,37.62544631958008,36.02150344848633,36.63082504272461,8460396
2001-05-25 00:00:00-04:00,36.648746490478516,36.9892463684082,36.0394287109375,36.32616424560547,4187566
2001-06-01 00:00:00-04:00,36.0394287109375,36.36200714111328,33.870967864990234,34.740142822265625,4250732
2001-06-08 00:00:00-04:00,34.78494644165039,35.3763427734375,34.740142822265625,34.928314208984375,3161292
2001-06-15 00:00:00-04:00,34.51612854003906,34.72222137451172,33.915771484375,34.086021423339844,2789554
2001-06-22 00:00:00-04:00,34.22938919067383,34.45340347290039,31.057348251342773,31.29928207397461,11013022
2001-06-29 00:00:00-04:00,31.747312545776367,32.46415710449219,30.824373245239258,32.39247131347656,3619300
2001-07-06 00:00:00-04:00,32.00716781616211,32.6344108581543,30.55555534362793,30.645160675048828,1830241
2001-07-13 00:00:00-04:00,30.645160675048828,31.084228515625,29.301074981689453,30.2867374420166,3889372
2001-07-20 00:00:00-04:00,30.107526779174805,31.810035705566406,29.72222137451172,31.496416091918945,2297287
2001-07-27 00:00:00-04:00,31.45161247253418,31.496416091918945,30.179210662841797,30.716846466064453,2066610
2001-08-03 00:00:00-04:00,30.80645179748535,32.168460845947266,30.73476791381836,31.7921142578125,1726116
2001-08-10 00:00:00-04:00,31.45161247253418,31.810035705566406,29.587814331054688,29.84766960144043,2527517
2001-08-17 00:00:00-04:00,30.197132110595703,32.03404998779297,30.06272315979004,31.586021423339844,3483371
2001-08-24 00:00:00-04:00,31.586021423339844,33.12723922729492,31.012544631958008,33.01971435546875,2281774
2001-08-31 00:00:00-04:00,33.15412139892578,33.279571533203125,31.998207092285156,32.6792106628418,2244611
2001-09-07 00:00:00-04:00,31.989246368408203,32.28494644165039,31.60394287109375,31.720430374145508,1676566
2001-09-14 00:00:00-04:00,31.182796478271484,31.182796478271484,30.824373245239258,30.887096405029297,1025716
2001-09-21 00:00:00-04:00,31.989246368408203,33.351253509521484,30.15233039855957,31.120071411132812,3900197
2001-09-28 00:00:00-04:00,31.8817195892334,35.12544631958008,31.783153533935547,34.87455368041992,2335453
2001-10-05 00:00:00-04:00,34.274192810058594,35.259857177734375,34.18458938598633,35.12544631958008,1465531
2001-10-12 00:00:00-04:00,34.58781433105469,35.331539154052734,33.897850036621094,35.206092834472656,1552914
2001-10-19 00:00:00-04:00,34.99103927612305,35.67204284667969,34.605735778808594,35.18817138671875,1816624
2001-10-26 00:00:00-04:00,35.10752868652344,35.48387145996094,33.55734634399414,33.92473220825195,1499345
2001-11-02 00:00:00-05:00,33.7813606262207,34.31899642944336,33.378135681152344,33.7365608215332,1327148
2001-11-09 00:00:00-05:00,33.96953582763672,34.75806427001953,33.7813606262207,34.51612854003906,1090891
2001-11-16 00:00:00-05:00,34.05017852783203,34.67741775512695,33.440860748291016,34.032257080078125,2224299
2001-11-23 00:00:00-05:00,33.915771484375,34.42652130126953,32.58064651489258,32.79570007324219,1454148
2001-11-30 00:00:00-05:00,32.482078552246094,33.28852844238281,31.38888931274414,32.04301071166992,3828661
2001-12-07 00:00:00-05:00,31.406810760498047,32.078853607177734,31.164875030517578,31.32616424560547,2892449
2001-12-14 00:00:00-05:00,30.95878028869629,31.308244705200195,30.546594619750977,31.084228515625,2410671
2001-12-21 00:00:00-05:00,31.227598190307617,32.329750061035156,30.421146392822266,32.03404998779297,2775938
2001-12-28 00:00:00-05:00,31.720430374145508,32.37455368041992,31.353046417236328,32.329750061035156,1666634
2002-01-04 00:00:00-05:00,32.43727493286133,32.706092834472656,30.931900024414062,31.17383575439453,1832807
2002-01-11 00:00:00-05:00,31.317203521728516,31.899642944335938,30.627239227294922,31.810035705566406,2128881
2002-01-18 00:00:00-05:00,31.568099975585938,31.657705307006836,30.869176864624023,31.245519638061523,1965388
2002-01-25 00:00:00-05:00,31.182796478271484,31.801074981689453,30.73476791381836,30.815412521362305,1465754
2002-02-01 00:00:00-05:00,30.689964294433594,31.191755294799805,30.43010711669922,30.824373245239258,3609144
2002-02-08 00:00:00-05:00,31.254480361938477,32.82258224487305,30.60931968688965,32.82258224487305,3419312
2002-02-15 00:00:00-05:00,33.04659652709961,33.69175720214844,32.93010711669922,33.494625091552734,1888048
2002-02-22 00:00:00-05:00,33.21684646606445,33.64695358276367,32.75089645385742,33.51254653930664,1209410
2002-03-01 00:00:00-05:00,33.33333206176758,34.15770721435547,32.88530349731445,34.06809997558594,1650564
2002-03-08 00:00:00-05:00,33.378135681152344,33.96953582763672,33.04659652709961,33.23476791381836,2013598
2002-03-15 00:00:00-05:00,33.19892501831055,35.46595001220703,33.189964294433594,35.34946060180664,2443370
2002-03-22 00:00:00-05:00,35.43906784057617,35.752689361572266,35.12544631958008,35.286739349365234,2040270
2002-03-29 00:00:00-05:00,35.394264221191406,35.5107536315918,34.94623565673828,35.48387145996094,1109193
2002-04-05 00:00:00-05:00,35.394264221191406,35.725807189941406,34.73118209838867,34.81182861328125,3508815
2002-04-12 00:00:00-04:00,34.40860366821289,35.143367767333984,34.16666793823242,35.08960723876953,3232048
2002-04-19 00:00:00-04:00,35.30466079711914,36.72938919067383,35.1971321105957,36.54121780395508,2964320
2002-04-26 00:00:00-04:00,36.559139251708984,37.76881790161133,36.505374908447266,37.40143585205078,2323400
2002-05-03 00:00:00-04:00,37.6971321105957,38.584228515625,37.356632232666016,38.54838562011719,2936866
2002-05-10 00:00:00-04:00,38.12723922729492,38.88888931274414,37.71505355834961,38.440860748291016,3022239
2002-05-17 00:00:00-04:00,38.351253509521484,38.63799285888672,37.544803619384766,38.63799285888672,3444757
2002-05-24 00:00:00-04:00,38.14516067504883,38.933692932128906,37.6344108581543,38.17204284667969,2325409
2002-05-31 00:00:00-04:00,38.66487503051758,39.13082504272461,38.28852844238281,38.36917495727539,2093058
2002-06-07 00:00:00-04:00,38.24372863769531,38.440860748291016,35.98566436767578,36.57706069946289,2808302
2002-06-14 00:00:00-04:00,36.42473220825195,36.73834991455078,34.02329635620117,34.65053939819336,2656862
2002-06-21 00:00:00-04:00,35.5107536315918,36.42473220825195,35.08064651489258,35.286739349365234,2108347
2002-06-28 00:00:00-04:00,35.59139633178711,39.38172149658203,34.56989288330078,39.274192810058594,3735030
2002-07-05 00:00:00-04:00,39.310035705566406,39.51612854003906,37.329750061035156,38.7186393737793,3757126
2002-07-12 00:00:00-04:00,38.324371337890625,38.933692932128906,35.36738586425781,36.48745346069336,5013630
2002-07-19 00:00:00-04:00,36.245521545410156,36.290321350097656,30.49283218383789,30.55555534362793,7339486
2002-07-26 00:00:00-04:00,31.093189239501953,35.824371337890625,30.663082122802734,35.636199951171875,7977280
2002-08-02 00:00:00-04:00,35.806453704833984,36.9713249206543,35.40322494506836,36.397850036621094,3668851
2002-08-09 00:00:00-04:00,36.11111068725586,38.629032135009766,34.767024993896484,37.86738586425781,3827434
2002-08-16 00:00:00-04:00,37.90322494506836,39.1129035949707,37.759857177734375,38.18100357055664,2143726
2002-08-23 00:00:00-04:00,37.90322494506836,38.39605712890625,36.559139251708984,36.73834991455078,4278522
2002-08-30 00:00:00-04:00,36.962364196777344,37.41039276123047,35.5107536315918,36.245521545410156,1646434
2002-09-06 00:00:00-04:00,34.90143585205078,36.0394287109375,34.4892463684082,35.57347869873047,2168947
2002-09-13 00:00:00-04:00,35.21505355834961,36.9713249206543,35.170249938964844,35.5286750793457,3776097
2002-09-20 00:00:00-04:00,35.18817138671875,35.59139633178711,33.85304641723633,34.247310638427734,2480198
2002-09-27 00:00:00-04:00,34.0949821472168,35.7078857421875,32.6792106628418,35.34946060180664,2997019
2002-10-04 00:00:00-04:00,34.856632232666016,36.82795715332031,34.856632232666016,36.02150344848633,4984392
2002-10-11 00:00:00-04:00,35.8870964050293,36.066307067871094,34.274192810058594,35.9050178527832,3311284
2002-10-18 00:00:00-04:00,35.48387145996094,36.44265365600586,33.06451416015625,33.7813606262207,4592341
2002-10-25 00:00:00-04:00,33.378135681152344,34.883514404296875,32.79570007324219,34.83871078491211,3125582
2002-11-01 00:00:00-05:00,33.9605712890625,34.40860366821289,32.84050369262695,34.28315353393555,2258338
2002-11-08 00:00:00-05:00,34.18458938598633,35.34946060180664,33.80824279785156,34.28315353393555,2916331
2002-11-15 00:00:00-05:00,33.9605712890625,35.12544631958008,33.80824279785156,34.89247131347656,3116765
2002-11-22 00:00:00-05:00,34.856632232666016,34.856632232666016,33.790321350097656,34.25627136230469,3890154
2002-11-29 00:00:00-05:00,33.655914306640625,34.43548583984375,33.24372863769531,34.05017852783203,2061586
2002-12-06 00:00:00-05:00,33.66487503051758,33.82616424560547,32.39247131347656,33.12723922729492,1891285
2002-12-13 00:00:00-05:00,33.15412139892578,33.33333206176758,32.544803619384766,32.571685791015625,2860197
2002-12-20 00:00:00-05:00,32.86738586425781,33.95161437988281,32.25806427001953,32.76881790161133,2692797
2002-12-27 00:00:00-05:00,32.52688217163086,32.65232849121094,31.810035705566406,31.854839324951172,1359065
2003-01-03 00:00:00-05:00,32.482078552246094,34.6236572265625,32.267024993896484,34.48028564453125,2319495
2003-01-10 00:00:00-05:00,34.48028564453125,34.96415710449219,34.121864318847656,34.668460845947266,2012483
2003-01-17 00:00:00-05:00,34.668460845947266,34.81182861328125,33.7634391784668,33.817203521728516,2587111
2003-01-24 00:00:00-05:00,33.82616424560547,33.82616424560547,32.49103927612305,32.58064651489258,2234009
2003-01-31 00:00:00-05:00,31.7921142578125,33.34229278564453,30.331541061401367,33.225807189941406,4411995
2003-02-07 00:00:00-05:00,32.72401428222656,33.10035705566406,31.36200714111328,32.06093215942383,3292200
2003-02-14 00:00:00-05:00,32.09677505493164,33.0107536315918,31.532257080078125,32.455196380615234,2163700
2003-02-21 00:00:00-05:00,32.03404998779297,32.39247131347656,31.442651748657227,31.94444465637207,2230772
2003-02-28 00:00:00-05:00,31.586021423339844,32.974910736083984,31.469533920288086,32.77777862548828,2258785
2003-03-07 00:00:00-05:00,33.28852844238281,33.44982147216797,31.801074981689453,32.482078552246094,4219484
2003-03-14 00:00:00-05:00,32.25806427001953,32.25806427001953,30.58243751525879,31.406810760498047,3145334
2003-03-21 00:00:00-05:00,31.594982147216797,35.34946060180664,31.496416091918945,34.81182861328125,3917606
2003-03-28 00:00:00-05:00,34.01433563232422,34.22938919067383,33.21684646606445,33.79928207397461,1762834
2003-04-04 00:00:00-05:00,33.15412139892578,34.67741775512695,32.670249938964844,34.310035705566406,3072126
2003-04-11 00:00:00-04:00,34.84767150878906,35.25089645385742,34.1129035949707,34.40860366821289,2256998
2003-04-18 00:00:00-04:00,34.578853607177734,35.34946060180664,34.13978576660156,35.00896072387695,2192047
2003-04-25 00:00:00-04:00,35.00896072387695,35.851253509521484,34.84767150878906,35.017921447753906,1925435
2003-05-02 00:00:00-04:00,35.21505355834961,35.878135681152344,34.97311782836914,35.60035705566406,2548163
2003-05-09 00:00:00-04:00,36.0394287109375,36.87276077270508,36.03046417236328,36.397850036621094,1608825
2003-05-16 00:00:00-04:00,36.155914306640625,36.89964294433594,35.797489166259766,36.68458938598633,2542359
2003-05-23 00:00:00-04:00,36.621864318847656,37.186378479003906,34.99103927612305,36.129032135009766,4170828
2003-05-30 00:00:00-04:00,35.7078857421875,36.863800048828125,35.394264221191406,35.84229278564453,5303567
2003-06-06 00:00:00-04:00,36.51433563232422,36.702510833740234,35.43010711669922,36.14695358276367,5928638
2003-06-13 00:00:00-04:00,36.20071792602539,36.675628662109375,35.56451416015625,35.806453704833984,5949284
2003-06-20 00:00:00-04:00,35.97670364379883,37.6971321105957,35.94982147216797,37.00716781616211,5384700
2003-06-27 00:00:00-04:00,36.48745346069336,36.85483932495117,35.98566436767578,36.155914306640625,4631735
2003-07-04 00:00:00-04:00,35.7078857421875,35.752689361572266,34.58781433105469,34.99103927612305,4611424
2003-07-11 00:00:00-04:00,34.67741775512695,34.97311782836914,34.274192810058594,34.72222137451172,3633139
2003-07-18 00:00:00-04:00,34.56989288330078,34.856632232666016,33.67383575439453,34.59677505493164,6676582
2003-07-25 00:00:00-04:00,34.59677505493164,35.636199951171875,34.05017852783203,35.57347869873047,3902765
2003-08-01 00:00:00-04:00,35.582435607910156,35.609317779541016,33.69175720214844,33.790321350097656,2850152
2003-08-08 00:00:00-04:00,34.274192810058594,34.72222137451172,33.85304641723633,34.05017852783203,2842564
2003-08-15 00:00:00-04:00,34.005374908447266,34.18458938598633,33.467742919921875,34.0949821472168,2306438
2003-08-22 00:00:00-04:00,34.121864318847656,34.16666793823242,33.19892501831055,33.43190002441406,2149081
2003-08-29 00:00:00-04:00,33.39605712890625,33.440860748291016,32.974910736083984,33.12723922729492,2768573
2003-09-05 00:00:00-04:00,33.06451416015625,35.1792106628418,32.99283218383789,35.017921447753906,2598829
2003-09-12 00:00:00-04:00,35.1792106628418,35.913978576660156,35.1792106628418,35.74372863769531,2855733
2003-09-19 00:00:00-04:00,35.59139633178711,36.182796478271484,35.54659652709961,36.0394287109375,2652398
2003-09-26 00:00:00-04:00,35.68100357055664,35.78852844238281,34.05017852783203,34.23834991455078,4131766
2003-10-03 00:00:00-04:00,34.274192810058594,35.46595001220703,34.25627136230469,35.12544631958008,3079937
2003-10-10 00:00:00-04:00,34.91935348510742,36.38888931274414,34.67741775512695,36.254478454589844,5873284
2003-10-17 00:00:00-04:00,36.245521545410156,36.46953582763672,35.25089645385742,35.34050369262695,4434203
2003-10-24 00:00:00-04:00,35.331539154052734,35.97670364379883,34.73118209838867,35.09856414794922,4246380
2003-10-31 00:00:00-05:00,35.017921447753906,35.10752868652344,33.754478454589844,34.38172149658203,3665502
2003-11-07 00:00:00-05:00,34.686378479003906,34.686378479003906,33.225807189941406,33.7365608215332,4312336
2003-11-14 00:00:00-05:00,33.7365608215332,36.73834991455078,33.4050178527832,36.6129035949707,9702281
2003-11-21 00:00:00-05:00,36.6129035949707,37.44623565673828,36.35304641723633,37.40143585205078,7575630
2003-11-28 00:00:00-05:00,37.293907165527344,38.06451416015625,36.917564392089844,37.813621520996094,3694405
2003-12-05 00:00:00-05:00,37.813621520996094,38.870967864990234,37.65232849121094,38.54838562011719,6018253
2003-12-12 00:00:00-05:00,38.70071792602539,39.53404998779297,38.66487503051758,39.39964294433594,4667000
2003-12-19 00:00:00-05:00,39.42652130126953,39.713260650634766,38.85304641723633,39.15770721435547,3525667
2003-12-26 00:00:00-05:00,39.35483932495117,39.90143585205078,39.10394287109375,39.74910354614258,1306055
2004-01-02 00:00:00-05:00,39.87455368041992,41.54121780395508,39.87455368041992,41.129032135009766,2301305
2004-01-09 00:00:00-05:00,41.532257080078125,42.33871078491211,41.532257080078125,41.774192810058594,4266133
2004-01-16 00:00:00-05:00,41.78315353393555,42.293907165527344,40.68100357055664,40.86917495727539,3070005
2004-01-23 00:00:00-05:00,41.51433563232422,42.65232849121094,41.37992858886719,42.04301071166992,5222210
2004-01-30 00:00:00-05:00,42.09677505493164,42.41935348510742,39.93727493286133,40.45698928833008,3323002
2004-02-06 00:00:00-05:00,40.54659652709961,42.47311782836914,40.41218566894531,42.20429992675781,4528393
2004-02-13 00:00:00-05:00,42.47311782836914,42.858421325683594,41.90860366821289,42.23118209838867,3594859
2004-02-20 00:00:00-05:00,42.22222137451172,42.24910354614258,40.22401428222656,40.41218566894531,3700545
2004-02-27 00:00:00-05:00,40.41218566894531,40.582435607910156,39.086021423339844,39.56093215942383,7073096
2004-03-05 00:00:00-05:00,40.10752868652344,40.24193572998047,38.96953582763672,39.38172149658203,4093599
2004-03-12 00:00:00-05:00,39.39964294433594,39.75806427001953,37.5,37.74193572998047,6812511
2004-03-19 00:00:00-05:00,38.082435607910156,38.43190002441406,37.58064651489258,38.14516067504883,6595337
2004-03-26 00:00:00-05:00,37.58960723876953,38.45878219604492,37.00716781616211,37.93010711669922,6582056
2004-04-02 00:00:00-05:00,37.6344108581543,38.88888931274414,37.5,38.06451416015625,4092819
2004-04-09 00:00:00-04:00,37.56272506713867,39.13978576660156,37.544803619384766,38.80824279785156,2990880
2004-04-16 00:00:00-04:00,38.88888931274414,39.6236572265625,37.40143585205078,39.35483932495117,5374991
2004-04-23 00:00:00-04:00,39.51612854003906,39.713260650634766,37.6344108581543,38.01971435546875,5528777
2004-04-30 00:00:00-04:00,40.071685791015625,40.22401428222656,38.754478454589844,40.143367767333984,7542933
2004-05-07 00:00:00-04:00,40.08960723876953,41.2186393737793,40.03584289550781,40.259857177734375,4284994
2004-05-14 00:00:00-04:00,39.91935348510742,40.24193572998047,39.38172149658203,39.740142822265625,6563532
2004-05-21 00:00:00-04:00,40.206092834472656,40.48387145996094,39.56989288330078,39.73118209838867,3029493
2004-05-28 00:00:00-04:00,40.03584289550781,41.19175720214844,39.605735778808594,40.474910736083984,5226898
2004-06-04 00:00:00-04:00,40.3763427734375,41.44265365600586,40.03584289550781,41.2365608215332,3091766
2004-06-11 00:00:00-04:00,41.505374908447266,41.93548583984375,41.00358581542969,41.182796478271484,6208866
2004-06-18 00:00:00-04:00,40.1971321105957,41.33512496948242,40.16128921508789,41.14695358276367,4475048
2004-06-25 00:00:00-04:00,41.2186393737793,41.433692932128906,40.34050369262695,40.56451416015625,1724220
2004-07-02 00:00:00-04:00,40.43010711669922,40.537635803222656,39.578853607177734,40.18817138671875,3880444
2004-07-09 00:00:00-04:00,39.4713249206543,40.16128921508789,39.363800048828125,39.90143585205078,2343153
2004-07-16 00:00:00-04:00,39.99103927612305,40.32258224487305,38.97849655151367,38.97849655151367,4891651
2004-07-23 00:00:00-04:00,39.22938919067383,41.09318923950195,38.7186393737793,40.22401428222656,8917844
2004-07-30 00:00:00-04:00,40.36738586425781,40.41218566894531,39.58781433105469,40.017921447753906,3961242
2004-08-06 00:00:00-04:00,40.30466079711914,40.84229278564453,40.206092834472656,40.5286750793457,3224905
2004-08-13 00:00:00-04:00,40.36738586425781,41.27239990234375,39.99103927612305,41.00358581542969,2540797
2004-08-20 00:00:00-04:00,40.94982147216797,41.80107498168945,40.86917495727539,41.51433563232422,3672532
2004-08-27 00:00:00-04:00,41.0394287109375,41.14695358276367,40.3763427734375,40.98566436767578,3593743
2004-09-03 00:00:00-04:00,40.86021423339844,42.34767150878906,40.77061080932617,42.186378479003906,4182880
2004-09-10 00:00:00-04:00,42.293907165527344,42.643367767333984,41.2186393737793,42.44623565673828,1849881
2004-09-17 00:00:00-04:00,42.22222137451172,42.55376434326172,41.54121780395508,41.88172149658203,2293603
2004-09-24 00:00:00-04:00,41.4605712890625,42.84946060180664,41.4605712890625,41.92652130126953,3494419
2004-10-01 00:00:00-04:00,41.559139251708984,42.34767150878906,41.505374908447266,42.267024993896484,4288566
2004-10-08 00:00:00-04:00,42.051971435546875,42.078853607177734,40.62723922729492,40.92293930053711,4421256
2004-10-15 00:00:00-04:00,41.05734634399414,41.30824279785156,40.54659652709961,41.22760009765625,3988137
2004-10-22 00:00:00-04:00,41.60394287109375,42.53584289550781,41.397850036621094,42.078853607177734,3102145
2004-10-29 00:00:00-04:00,42.482078552246094,43.21684646606445,41.998207092285156,43.01971435546875,5760233
2004-11-05 00:00:00-05:00,43.0107536315918,45.071685791015625,42.6971321105957,45.05376434326172,7817580
2004-11-12 00:00:00-05:00,44.4892463684082,45.22401428222656,43.88888931274414,45.21505355834961,3742171
2004-11-19 00:00:00-05:00,44.686378479003906,45.071685791015625,43.754478454589844,43.7813606262207,3904326
2004-11-26 00:00:00-05:00,43.43190002441406,44.032257080078125,43.037635803222656,43.95161437988281,2288247
2004-12-03 00:00:00-05:00,43.9605712890625,44.336917877197266,42.90322494506836,44.274192810058594,3836584
2004-12-10 00:00:00-05:00,43.99641418457031,44.44444274902344,43.324371337890625,43.63799285888672,4222051
2004-12-17 00:00:00-05:00,44.175628662109375,45.08960723876953,43.36021423339844,43.7813606262207,8383616
2004-12-24 00:00:00-05:00,44.390682220458984,44.56093215942383,43.59318923950195,44.462364196777344,2963202
2004-12-31 00:00:00-05:00,44.72222137451172,45.49283218383789,44.72222137451172,45.286739349365234,2662553
2005-01-07 00:00:00-05:00,45.1792106628418,45.394264221191406,42.68817138671875,43.05555725097656,3978429
2005-01-14 00:00:00-05:00,43.0107536315918,43.47670364379883,42.75089645385742,43.24372863769531,4465785
2005-01-21 00:00:00-05:00,43.3870964050293,43.817203521728516,42.20429992675781,42.88530349731445,5712580
2005-01-28 00:00:00-05:00,43.45878219604492,43.790321350097656,42.71505355834961,42.813621520996094,6761957
2005-02-04 00:00:00-05:00,42.86738586425781,43.23476791381836,42.616485595703125,42.86738586425781,7696606
2005-02-11 00:00:00-05:00,42.6971321105957,43.082435607910156,42.3655891418457,42.80466079711914,6017026
2005-02-18 00:00:00-05:00,43.136199951171875,43.85304641723633,43.01971435546875,43.817203521728516,4372488
2005-02-25 00:00:00-05:00,45.34050369262695,45.689964294433594,44.26523208618164,45.071685791015625,5778648
2005-03-04 00:00:00-05:00,45.08064651489258,45.1344108581543,43.43190002441406,44.310035705566406,7558892
2005-03-11 00:00:00-05:00,43.709678649902344,44.35483932495117,43.10035705566406,43.92473220825195,7249982
2005-03-18 00:00:00-05:00,43.61111068725586,44.30107498168945,43.037635803222656,43.297489166259766,5027357
2005-03-25 00:00:00-05:00,42.08781433105469,42.62544631958008,41.836917877197266,42.23118209838867,7213378
2005-04-01 00:00:00-05:00,42.65232849121094,42.65232849121094,41.505374908447266,41.55017852783203,7069190
2005-04-08 00:00:00-04:00,41.0394287109375,42.46415710449219,40.8870964050293,42.13261413574219,6790860
2005-04-15 00:00:00-04:00,42.25806427001953,42.86738586425781,41.71147155761719,42.33871078491211,12134379
2005-04-22 00:00:00-04:00,42.11469650268555,43.897850036621094,41.98028564453125,43.63799285888672,7433230
2005-04-29 00:00:00-04:00,42.98387145996094,43.79928207397461,42.58960723876953,43.66487503051758,4932497
2005-05-06 00:00:00-04:00,43.69175720214844,44.69533920288086,43.5394287109375,44.390682220458984,5612810
2005-05-13 00:00:00-04:00,43.95161437988281,44.43548583984375,43.19892501831055,43.351253509521484,4349052
2005-05-20 00:00:00-04:00,43.279571533203125,43.63799285888672,42.706092834472656,43.082435607910156,4109446
2005-05-27 00:00:00-04:00,43.12723922729492,44.8028678894043,43.11827850341797,44.51612854003906,5148331
2005-06-03 00:00:00-04:00,44.02329635620117,44.40860366821289,43.7365608215332,44.05017852783203,5482014
2005-06-10 00:00:00-04:00,43.87992858886719,44.61469650268555,43.440860748291016,43.55734634399414,6871771
2005-06-17 00:00:00-04:00,43.324371337890625,43.7813606262207,42.74193572998047,43.36021423339844,4965864
2005-06-24 00:00:00-04:00,42.84946060180664,43.59318923950195,42.65232849121094,43.0286750793457,4774472
2005-07-01 00:00:00-04:00,43.0107536315918,43.07347869873047,41.98028564453125,42.41935348510742,5863353
2005-07-08 00:00:00-04:00,42.11469650268555,42.517921447753906,41.81899642944336,42.44623565673828,2924701
2005-07-15 00:00:00-04:00,42.3207893371582,43.70071792602539,42.105735778808594,43.4050178527832,6889625
2005-07-22 00:00:00-04:00,43.90681076049805,44.37276077270508,43.28852844238281,43.69175720214844,7376537
2005-07-29 00:00:00-04:00,43.51254653930664,43.844085693359375,43.23476791381836,43.64695358276367,6596117
2005-08-05 00:00:00-04:00,44.16666793823242,45.02688217163086,44.07706069946289,44.13978576660156,5081483
2005-08-12 00:00:00-04:00,44.44444274902344,45.232975006103516,44.44444274902344,44.928314208984375,6271473
2005-08-19 00:00:00-04:00,44.26523208618164,44.77598571777344,43.79928207397461,43.9605712890625,4880380
2005-08-26 00:00:00-04:00,44.01433563232422,44.23834991455078,42.68817138671875,42.74193572998047,4105876
2005-09-02 00:00:00-04:00,42.974910736083984,44.31899642944336,42.59856414794922,43.99641418457031,4940420
2005-09-09 00:00:00-04:00,44.202510833740234,44.51612854003906,43.87992858886719,44.42652130126953,2901935
2005-09-16 00:00:00-04:00,44.175628662109375,44.53404998779297,43.817203521728516,44.42652130126953,6537527
2005-09-23 00:00:00-04:00,44.16666793823242,44.77598571777344,43.7365608215332,44.54301071166992,5837238
2005-09-30 00:00:00-04:00,44.83871078491211,45.78852844238281,44.54301071166992,45.69892501831055,8627350
2005-10-07 00:00:00-04:00,46.07526779174805,46.621864318847656,45.59139633178711,46.51433563232422,6744212
2005-10-14 00:00:00-04:00,46.5949821472168,46.7921142578125,45.46595001220703,46.12007141113281,8837939
2005-10-21 00:00:00-04:00,45.46595001220703,48.252689361572266,45.421146392822266,47.06989288330078,16865438
2005-10-28 00:00:00-04:00,47.616485595703125,48.566307067871094,47.428314208984375,47.84946060180664,9192268
2005-11-04 00:00:00-05:00,47.831539154052734,48.99641418457031,47.76881790161133,48.50358581542969,7106354
2005-11-11 00:00:00-05:00,48.83512496948242,49.02329635620117,47.670249938964844,48.61111068725586,5484582
2005-11-18 00:00:00-05:00,48.252689361572266,48.7186393737793,47.3028678894043,48.55734634399414,5882548
2005-11-25 00:00:00-05:00,48.69175720214844,48.77239990234375,47.643367767333984,47.732975006103516,3059402
2005-12-02 00:00:00-05:00,47.71505355834961,47.84050369262695,46.774192810058594,47.759857177734375,7002007
2005-12-09 00:00:00-05:00,47.44623565673828,47.75089645385742,46.54121780395508,47.56272506713867,6568441
2005-12-16 00:00:00-05:00,47.56272506713867,48.01971435546875,46.32616424560547,46.49641418457031,6231632
2005-12-23 00:00:00-05:00,47.11469650268555,47.46415710449219,46.084228515625,46.37992858886719,7761111
2005-12-30 00:00:00-05:00,46.5949821472168,47.3028678894043,46.32616424560547,47.025089263916016,3522989
2006-01-06 00:00:00-05:00,47.43727493286133,49.193546295166016,47.03404998779297,49.0949821472168,5851522
2006-01-13 00:00:00-05:00,48.7365608215332,49.23834991455078,47.60752868652344,49.193546295166016,6630379
2006-01-20 00:00:00-05:00,50.044803619384766,50.725807189941406,48.870967864990234,49.37276077270508,8202266
2006-01-27 00:00:00-05:00,50.1792106628418,50.51971435546875,49.34587860107422,49.8655891418457,7208577
2006-02-03 00:00:00-05:00,49.04121780395508,50.30466079711914,48.69175720214844,49.955196380615234,8423791
2006-02-10 00:00:00-05:00,49.193546295166016,49.48028564453125,48.33333206176758,48.45878219604492,10934680
2006-02-17 00:00:00-05:00,48.7813606262207,49.121864318847656,48.27061080932617,48.99641418457031,6825567
2006-02-24 00:00:00-05:00,48.844085693359375,48.915771484375,48.0107536315918,48.63799285888672,4706395
2006-03-03 00:00:00-05:00,48.62007141113281,49.28315353393555,47.58064651489258,48.709678649902344,7123986
2006-03-10 00:00:00-05:00,48.566307067871094,49.42652130126953,47.49103927612305,49.390682220458984,5168531
2006-03-17 00:00:00-05:00,49.83871078491211,50.98566436767578,49.8207893371582,50.806453704833984,5922837
2006-03-24 00:00:00-05:00,50.34946060180664,50.57347869873047,49.498207092285156,49.91039276123047,4449158
2006-03-31 00:00:00-05:00,49.740142822265625,50.40322494506836,49.220428466796875,49.67741775512695,6108538
2006-04-07 00:00:00-04:00,49.89247131347656,51.46953582763672,49.89247131347656,50.8870964050293,7133695
2006-04-14 00:00:00-04:00,51.01254653930664,51.04838562011719,49.69533920288086,50.00896072387695,3561268
2006-04-21 00:00:00-04:00,50.10752868652344,51.6129035949707,50.017921447753906,51.290321350097656,5397088
2006-04-28 00:00:00-04:00,51.209678649902344,51.63082504272461,50.1792106628418,51.532257080078125,6228284
2006-05-05 00:00:00-04:00,51.92652130126953,52.482078552246094,50.421146392822266,51.344085693359375,8181731
2006-05-12 00:00:00-04:00,51.38888931274414,51.890682220458984,50.76165008544922,51.32616424560547,3890487
2006-05-19 00:00:00-04:00,50.5107536315918,52.051971435546875,49.8028678894043,50.116485595703125,8039330
2006-05-26 00:00:00-04:00,50.32258224487305,50.967742919921875,49.39964294433594,50.232975006103516,7825727
2006-06-02 00:00:00-04:00,50.331539154052734,50.824371337890625,48.915771484375,50.537635803222656,4551941
2006-06-09 00:00:00-04:00,50.73476791381836,50.73476791381836,47.49103927612305,48.15412139892578,6574468
2006-06-16 00:00:00-04:00,47.82258224487305,47.93906784057617,46.46953582763672,46.917564392089844,8942620
2006-06-23 00:00:00-04:00,46.66666793823242,47.47311782836914,46.344085693359375,47.15949630737305,6155743
2006-06-30 00:00:00-04:00,47.20429992675781,48.584228515625,46.44265365600586,48.31541061401367,5679548
2006-07-07 00:00:00-04:00,49.059139251708984,49.16666793823242,48.24372863769531,48.7186393737793,5047556
2006-07-14 00:00:00-04:00,49.04121780395508,50.24193572998047,48.629032135009766,48.77239990234375,5832216
2006-07-21 00:00:00-04:00,48.306453704833984,49.51612854003906,47.68817138671875,49.50716781616211,5998611
2006-07-28 00:00:00-04:00,49.31899642944336,50.797489166259766,49.31899642944336,50.49283218383789,5444964
2006-08-04 00:00:00-04:00,50.994625091552734,51.129032135009766,49.4713249206543,50.286739349365234,5150339
2006-08-11 00:00:00-04:00,50.09856414794922,50.49283218383789,49.390682220458984,49.686378479003906,4389228
2006-08-18 00:00:00-04:00,49.91039276123047,51.46953582763672,49.77598571777344,51.27239990234375,4046616
2006-08-25 00:00:00-04:00,51.30824279785156,51.52329635620117,50.56451416015625,50.73476791381836,3583699
2006-09-01 00:00:00-04:00,50.913978576660156,51.78315353393555,50.83333206176758,51.37992858886719,5007157
2006-09-08 00:00:00-04:00,50.89605712890625,51.17383575439453,49.955196380615234,50.32258224487305,4710301
2006-09-15 00:00:00-04:00,50.57347869873047,51.38888931274414,50.43906784057617,51.129032135009766,6073160
2006-09-22 00:00:00-04:00,50.878135681152344,52.41039276123047,50.86917495727539,52.3207893371582,6049837
2006-09-29 00:00:00-04:00,52.13261413574219,52.84946060180664,51.836917877197266,52.3655891418457,5761908
2006-10-06 00:00:00-04:00,52.732975006103516,52.99283218383789,51.54121780395508,51.87276077270508,3762147
2006-10-13 00:00:00-04:00,51.82795715332031,52.08781433105469,51.0394287109375,51.155914306640625,3918722
2006-10-20 00:00:00-04:00,51.52329635620117,54.37276077270508,51.42473220825195,54.31899642944336,8640296
2006-10-27 00:00:00-04:00,53.98745346069336,54.65053939819336,53.870967864990234,54.310035705566406,8211863
2006-11-03 00:00:00-05:00,54.086021423339844,54.713260650634766,54.086021423339844,54.498207092285156,5772175
2006-11-10 00:00:00-05:00,54.740142822265625,55.1971321105957,52.68817138671875,53.189964294433594,8040557
2006-11-17 00:00:00-05:00,52.15053939819336,52.6971321105957,51.415771484375,52.23118209838867,14572169
2006-11-24 00:00:00-05:00,52.078853607177734,52.831539154052734,51.98028564453125,52.6344108581543,3794623
2006-12-01 00:00:00-05:00,52.786739349365234,52.86738586425781,51.433692932128906,51.81899642944336,11385655
2006-12-08 00:00:00-05:00,51.12007141113281,52.37455368041992,51.07526779174805,51.693546295166016,9990209
2006-12-15 00:00:00-05:00,51.84587860107422,53.001792907714844,51.71147155761719,52.50896072387695,6159316
2006-12-22 00:00:00-05:00,52.74193572998047,52.831539154052734,51.37992858886719,51.693546295166016,5808892
2006-12-29 00:00:00-05:00,51.836917877197266,52.01612854003906,51.415771484375,51.46953582763672,4420475
2007-01-05 00:00:00-05:00,52.213260650634766,53.297489166259766,51.98028564453125,53.09139633178711,5870494
2007-01-12 00:00:00-05:00,52.31182861328125,52.41935348510742,51.45161437988281,52.141578674316406,9039935
2007-01-19 00:00:00-05:00,52.86738586425781,53.52150344848633,51.9713249206543,52.46415710449219,8129948
2007-01-26 00:00:00-05:00,52.13261413574219,52.44623565673828,51.35304641723633,51.559139251708984,11458195
2007-02-02 00:00:00-05:00,51.84587860107422,52.50896072387695,51.29928207397461,52.47311782836914,12717713
2007-02-09 00:00:00-05:00,52.356632232666016,53.26165008544922,52.20429992675781,52.3207893371582,9364914
2007-02-16 00:00:00-05:00,52.59856414794922,54.086021423339844,52.06989288330078,53.082435607910156,11865534
2007-02-23 00:00:00-05:00,52.482078552246094,52.75089645385742,51.65770721435547,52.55376434326172,10292310
2007-03-02 00:00:00-05:00,51.51433563232422,51.962364196777344,48.72760009765625,49.202510833740234,26580219
2007-03-09 00:00:00-05:00,48.915771484375,51.155914306640625,48.83512496948242,50.421146392822266,12701977
2007-03-16 00:00:00-04:00,50.43010711669922,51.48745346069336,50.22401428222656,51.17383575439453,7560230
2007-03-23 00:00:00-04:00,50.851253509521484,51.917564392089844,50.57347869873047,51.182796478271484,5894934
2007-03-30 00:00:00-04:00,51.03046417236328,51.65770721435547,48.682796478271484,48.95161437988281,11719896
2007-04-06 00:00:00-04:00,49.363800048828125,50.06272506713867,48.629032135009766,49.96415710449219,12265509
2007-04-13 00:00:00-04:00,49.77598571777344,50.76165008544922,49.1129035949707,50.5107536315918,14249646
2007-04-20 00:00:00-04:00,50.86917495727539,51.81899642944336,50.57347869873047,51.81899642944336,8226483
2007-04-27 00:00:00-04:00,52.078853607177734,53.001792907714844,51.415771484375,52.894264221191406,8371228
2007-05-04 00:00:00-04:00,52.5,52.76881790161133,51.68458938598633,52.55376434326172,7622503
2007-05-11 00:00:00-04:00,52.383514404296875,52.58064651489258,51.05734634399414,51.415771484375,7045308
2007-05-18 00:00:00-04:00,51.48745346069336,51.7921142578125,50.1971321105957,50.81541061401367,10334829
2007-05-25 00:00:00-04:00,50.43010711669922,50.56451416015625,48.709678649902344,50.286739349365234,21502529
2007-06-01 00:00:00-04:00,50.40322494506836,50.60035705566406,50.15232849121094,50.46595001220703,8591637
2007-06-08 00:00:00-04:00,50.582435607910156,50.851253509521484,49.13082504272461,49.363800048828125,16781404
2007-06-15 00:00:00-04:00,49.13978576660156,50.51971435546875,48.682796478271484,50.143367767333984,16485775
2007-06-22 00:00:00-04:00,49.93727493286133,50.044803619384766,49.28315353393555,49.686378479003906,16087809
2007-06-29 00:00:00-04:00,49.77598571777344,50.582435607910156,49.50716781616211,50.24193572998047,14911769
2007-07-06 00:00:00-04:00,50.74372863769531,50.797489166259766,49.37276077270508,49.578853607177734,7568377
2007-07-13 00:00:00-04:00,49.51612854003906,50.05376434326172,48.870967864990234,49.22938919067383,10339182
2007-07-20 00:00:00-04:00,49.61469650268555,49.77598571777344,47.55376434326172,49.274192810058594,28199981
2007-07-27 00:00:00-04:00,49.13082504272461,49.40860366821289,47.6344108581543,47.65232849121094,17735919
2007-08-03 00:00:00-04:00,48.42293930053711,48.67383575439453,47.643367767333984,47.93010711669922,9794908
2007-08-10 00:00:00-04:00,49.2921142578125,50.286739349365234,48.53046417236328,48.870967864990234,10596866
2007-08-17 00:00:00-04:00,48.378135681152344,48.55734634399414,45.86917495727539,47.186378479003906,9787320
2007-08-24 00:00:00-04:00,46.702510833740234,47.41039276123047,46.6129035949707,47.25806427001953,12325551
2007-08-31 00:00:00-04:00,47.643367767333984,47.80466079711914,46.36200714111328,47.17741775512695,8170906
2007-09-07 00:00:00-04:00,47.20429992675781,48.07347869873047,47.13261413574219,47.84946060180664,4385879
2007-09-14 00:00:00-04:00,47.68817138671875,49.28315353393555,47.383514404296875,48.69175720214844,6400708
2007-09-21 00:00:00-04:00,49.1129035949707,50.12544631958008,48.44982147216797,49.37276077270508,8713952
2007-09-28 00:00:00-04:00,49.51612854003906,49.59677505493164,48.57526779174805,49.247310638427734,7310470
2007-10-05 00:00:00-04:00,49.02329635620117,49.462364196777344,48.252689361572266,48.655914306640625,8453365
2007-10-12 00:00:00-04:00,48.297489166259766,48.7634391784668,47.49103927612305,47.95698928833008,6686067
2007-10-19 00:00:00-04:00,47.948028564453125,48.037635803222656,46.95340347290039,47.1236572265625,13005530
2007-10-26 00:00:00-04:00,46.810035705566406,46.85483932495117,46.05734634399414,46.720428466796875,13729254
2007-11-02 00:00:00-04:00,46.586021423339844,48.06451416015625,46.32616424560547,47.141578674316406,12062397
2007-11-09 00:00:00-05:00,47.19533920288086,48.037635803222656,46.621864318847656,46.68458938598633,9296614
2007-11-16 00:00:00-05:00,46.317203521728516,48.109317779541016,46.17383575439453,47.34767150878906,9795466
2007-11-23 00:00:00-05:00,47.23118209838867,50.94982147216797,46.48745346069336,50.16128921508789,8409171
2007-11-30 00:00:00-05:00,50.22401428222656,51.88172149658203,49.48028564453125,50.64516067504883,16528964
2007-12-07 00:00:00-05:00,50.8870964050293,51.52329635620117,50.43906784057617,51.49641418457031,6821885
2007-12-14 00:00:00-05:00,51.40681076049805,51.60394287109375,49.148746490478516,49.26523208618164,13178845
2007-12-21 00:00:00-05:00,48.45878219604492,48.85304641723633,48.07347869873047,48.48566436767578,10480133
2007-12-28 00:00:00-05:00,48.324371337890625,49.38172149658203,48.26165008544922,49.13082504272461,3690724
2008-01-04 00:00:00-05:00,49.059139251708984,49.81182861328125,48.48566436767578,49.086021423339844,5903640
2008-01-11 00:00:00-05:00,49.65053939819336,53.01971435546875,49.18458938598633,51.93548583984375,16143162
2008-01-18 00:00:00-05:00,52.04301071166992,52.04301071166992,47.267024993896484,47.96595001220703,19483575
2008-01-25 00:00:00-05:00,45.68100357055664,47.53584289550781,44.686378479003906,45.017921447753906,13511189
2008-02-01 00:00:00-05:00,44.35483932495117,45.57347869873047,44.06809997558594,45.18817138671875,10258161
2008-02-08 00:00:00-05:00,44.61469650268555,45.206092834472656,43.4050178527832,43.86200714111328,11772126
2008-02-15 00:00:00-05:00,44.07706069946289,45.62723922729492,43.5394287109375,45.00896072387695,7596388
2008-02-22 00:00:00-05:00,45.06272506713867,45.22401428222656,44.086021423339844,45.09856414794922,8978332
2008-02-29 00:00:00-05:00,44.982078552246094,45.40322494506836,43.67383575439453,44.04121780395508,11920442
2008-03-07 00:00:00-05:00,44.10394287109375,44.1129035949707,42.643367767333984,42.91218566894531,8469434
2008-03-14 00:00:00-04:00,42.56272506713867,43.54838562011719,41.98028564453125,42.15949630737305,10269545
2008-03-21 00:00:00-04:00,41.836917877197266,44.005374908447266,41.7921142578125,43.95161437988281,8789058
2008-03-28 00:00:00-04:00,44.01433563232422,46.370967864990234,43.79928207397461,45.663082122802734,9214923
2008-04-04 00:00:00-04:00,45.67204284667969,46.836917877197266,45.45698928833008,46.702510833740234,10606353
2008-04-11 00:00:00-04:00,45.08064651489258,45.65412139892578,42.20429992675781,42.544803619384766,19719385
2008-04-18 00:00:00-04:00,42.23118209838867,42.93010711669922,41.38888931274414,42.82258224487305,14256007
2008-04-25 00:00:00-04:00,44.45340347290039,45.73476791381836,43.655914306640625,45.34050369262695,12017200
2008-05-02 00:00:00-04:00,44.97311782836914,46.02150344848633,44.713260650634766,45.86917495727539,7686449
2008-05-09 00:00:00-04:00,45.64516067504883,46.209678649902344,45.25089645385742,45.61827850341797,9650387
2008-05-16 00:00:00-04:00,45.61827850341797,46.2186393737793,44.58781433105469,46.02150344848633,12535471
2008-05-23 00:00:00-04:00,47.76881790161133,47.95698928833008,46.747310638427734,47.517921447753906,9920681
2008-05-30 00:00:00-04:00,47.31182861328125,47.706092834472656,46.40681076049805,46.90860366821289,4491566
2008-06-06 00:00:00-04:00,48.279571533203125,48.34229278564453,45.45698928833008,46.95340347290039,20512749
2008-06-13 00:00:00-04:00,46.774192810058594,46.88172149658203,44.61469650268555,44.883514404296875,9154102
2008-06-20 00:00:00-04:00,44.83871078491211,46.810035705566406,44.6236572265625,46.27239990234375,8703795
2008-06-27 00:00:00-04:00,46.37992858886719,48.90681076049805,45.97670364379883,47.86738586425781,13806481
2008-07-04 00:00:00-04:00,49.42652130126953,51.38888931274414,48.92473220825195,50.636199951171875,9007906
2008-07-11 00:00:00-04:00,49.73118209838867,52.571685791015625,49.73118209838867,50.913978576660156,12495740
2008-07-18 00:00:00-04:00,50.92293930053711,51.344085693359375,50.313621520996094,51.2186393737793,10541289
2008-07-25 00:00:00-04:00,51.85483932495117,53.7813606262207,51.433692932128906,52.813621520996094,12396528
2008-08-01 00:00:00-04:00,52.88530349731445,53.88888931274414,52.24910354614258,53.136199951171875,7615026
2008-08-08 00:00:00-04:00,54.086021423339844,54.928314208984375,51.35304641723633,51.836917877197266,12481121
2008-08-15 00:00:00-04:00,51.56809997558594,51.92652130126953,50.48387145996094,50.663082122802734,5428112
2008-08-22 00:00:00-04:00,50.54659652709961,50.59139633178711,49.28315353393555,49.498207092285156,5593392
2008-08-29 00:00:00-04:00,50.044803619384766,50.38530349731445,48.59318923950195,49.856632232666016,7120302
2008-09-05 00:00:00-04:00,49.28315353393555,49.50716781616211,47.428314208984375,47.831539154052734,4885625
2008-09-12 00:00:00-04:00,46.90860366821289,49.15770721435547,46.87276077270508,48.99641418457031,10906891
2008-09-19 00:00:00-04:00,47.58960723876953,48.51254653930664,46.22760009765625,47.59856414794922,11653273
2008-09-26 00:00:00-04:00,47.33871078491211,49.793907165527344,46.95340347290039,49.18458938598633,7267392
2008-10-03 00:00:00-04:00,48.189964294433594,48.709678649902344,46.22760009765625,48.001792907714844,11259883
2008-10-10 00:00:00-04:00,47.105735778808594,48.59318923950195,37.455196380615234,39.2921142578125,24310497
2008-10-17 00:00:00-04:00,41.04838562011719,47.267024993896484,40.97670364379883,45.64516067504883,18096164
2008-10-24 00:00:00-04:00,45.24193572998047,47.33871078491211,41.2186393737793,42.3207893371582,13706712
2008-10-31 00:00:00-04:00,42.15949630737305,45.76165008544922,42.01612854003906,45.689964294433594,11685635
2008-11-07 00:00:00-05:00,45.05376434326172,46.89964294433594,41.93548583984375,44.462364196777344,8734933
2008-11-14 00:00:00-05:00,44.81182861328125,45.448028564453125,42.356632232666016,43.85304641723633,6929467
2008-11-21 00:00:00-05:00,43.12723922729492,44.193546295166016,38.54838562011719,40.421146392822266,16041719
2008-11-28 00:00:00-05:00,40.22401428222656,42.267024993896484,39.38172149658203,42.04301071166992,8273354
2008-12-05 00:00:00-05:00,41.46953582763672,42.59856414794922,39.928314208984375,42.23118209838867,8636500
2008-12-12 00:00:00-05:00,42.66128921508789,43.07347869873047,40.636199951171875,42.168460845947266,12913013
2008-12-19 00:00:00-05:00,41.621864318847656,45.16128921508789,40.78852844238281,41.836917877197266,16132895
2008-12-26 00:00:00-05:00,43.44982147216797,43.602149963378906,41.397850036621094,42.831539154052734,4882612
2009-01-02 00:00:00-05:00,45.1792106628418,46.0394287109375,44.121864318847656,44.390682220458984,5782666
2009-01-09 00:00:00-05:00,44.06809997558594,44.525089263916016,42.74193572998047,43.15412139892578,8109972
2009-01-16 00:00:00-05:00,42.813621520996094,43.24372863769531,40.8870964050293,42.41935348510742,7471396
2009-01-23 00:00:00-05:00,42.00716781616211,42.293907165527344,39.39964294433594,40.40322494506836,7855190
2009-01-30 00:00:00-05:00,40.98566436767578,41.55017852783203,36.5949821472168,36.9713249206543,22346116
2009-02-06 00:00:00-05:00,36.51433563232422,38.413978576660156,36.44265365600586,37.706092834472656,12907880
2009-02-13 00:00:00-05:00,38.36021423339844,38.70071792602539,37.482078552246094,38.28852844238281,12418513
2009-02-20 00:00:00-05:00,37.643367767333984,37.813621520996094,35.92293930053711,36.60394287109375,10228363
2009-02-27 00:00:00-05:00,37.28494644165039,37.37455368041992,32.41935348510742,32.482078552246094,18115916
2009-03-06 00:00:00-05:00,31.711469650268555,31.8817195892334,29.87455177307129,31.129032135009766,16543249
2009-03-13 00:00:00-04:00,31.29928207397461,32.105735778808594,30.304658889770508,31.94444465637207,15785373
2009-03-20 00:00:00-04:00,32.86738586425781,34.42652130126953,32.47311782836914,33.745521545410156,11671016
2009-03-27 00:00:00-04:00,33.566307067871094,34.84767150878906,33.05555725097656,33.17204284667969,9653177
2009-04-03 00:00:00-04:00,32.6792106628418,35.12544631958008,32.39247131347656,33.61111068725586,9903496
2009-04-10 00:00:00-04:00,33.252689361572266,33.86200714111328,32.68817138671875,33.10035705566406,6640647
2009-04-17 00:00:00-04:00,33.05555725097656,33.70071792602539,32.53584289550781,32.72401428222656,8459838
2009-04-24 00:00:00-04:00,32.293907165527344,33.42293930053711,31.54121971130371,33.01971435546875,12141410
2009-05-01 00:00:00-04:00,32.84946060180664,34.63261413574219,32.52688217163086,33.94265365600586,14170633
2009-05-08 00:00:00-04:00,33.85304641723633,34.67741775512695,33.5394287109375,34.37276077270508,14933865
2009-05-15 00:00:00-04:00,33.817203521728516,36.09318923950195,33.7634391784668,35.15232849121094,12528773
2009-05-22 00:00:00-04:00,35.41218566894531,36.37992858886719,35.05376434326172,35.913978576660156,6711289
2009-05-29 00:00:00-04:00,35.71684646606445,36.33512496948242,35.286739349365234,35.86021423339844,4584528
2009-06-05 00:00:00-04:00,36.155914306640625,36.505374908447266,35.170249938964844,35.36738586425781,7179898
2009-06-12 00:00:00-04:00,35.51971435546875,37.68817138671875,35.21505355834961,37.58960723876953,8648554
2009-06-19 00:00:00-04:00,37.3207893371582,37.858421325683594,36.46953582763672,37.58064651489258,7020309
2009-06-26 00:00:00-04:00,37.37455368041992,38.0286750793457,36.04838562011719,37.04301071166992,8200258
2009-07-03 00:00:00-04:00,36.415771484375,37.186378479003906,35.94982147216797,35.94982147216797,4458644
2009-07-10 00:00:00-04:00,35.940860748291016,36.290321350097656,34.91935348510742,35.143367767333984,5291068
2009-07-17 00:00:00-04:00,35.34946060180664,38.15412139892578,35.1971321105957,37.98387145996094,7269401
2009-07-24 00:00:00-04:00,39.26523208618164,39.96415710449219,38.69175720214844,39.72222137451172,6229177
2009-07-31 00:00:00-04:00,39.4713249206543,41.09318923950195,38.87992858886719,40.878135681152344,6214110
2009-08-07 00:00:00-04:00,40.62723922729492,41.2186393737793,39.91039276123047,40.12544631958008,6952458
2009-08-14 00:00:00-04:00,39.70429992675781,40.60035705566406,39.578853607177734,40.32258224487305,4567675
2009-08-21 00:00:00-04:00,39.51612854003906,41.01254653930664,39.48028564453125,40.76165008544922,9170507
2009-08-28 00:00:00-04:00,40.474910736083984,41.998207092285156,40.421146392822266,41.586021423339844,5495630
2009-09-04 00:00:00-04:00,41.47849655151367,41.693546295166016,40.636199951171875,41.47849655151367,5132485
2009-09-11 00:00:00-04:00,42.23118209838867,42.86738586425781,42.04301071166992,42.65232849121094,4492793
2009-09-18 00:00:00-04:00,42.6971321105957,43.90681076049805,42.47311782836914,43.2078857421875,8190213
2009-09-25 00:00:00-04:00,42.88530349731445,44.63261413574219,42.86738586425781,43.7813606262207,7914450
2009-10-02 00:00:00-04:00,43.83512496948242,45.25089645385742,43.83512496948242,44.43548583984375,9446828
2009-10-09 00:00:00-04:00,44.30107498168945,45.1792106628418,44.15770721435547,44.89247131347656,7202218
2009-10-16 00:00:00-04:00,45.68100357055664,46.415771484375,44.856632232666016,45.797489166259766,7650961
2009-10-23 00:00:00-04:00,46.317203521728516,47.051971435546875,46.13799285888672,46.49641418457031,11901025
2009-10-30 00:00:00-04:00,46.57706069946289,47.293907165527344,45.54659652709961,46.55017852783203,8539073
2009-11-06 00:00:00-05:00,46.38888931274414,47.41935348510742,46.11111068725586,47.31182861328125,6566768
2009-11-13 00:00:00-05:00,48.037635803222656,48.21684646606445,47.17741775512695,47.706092834472656,4329857
2009-11-20 00:00:00-05:00,48.279571533203125,48.59318923950195,47.24910354614258,47.60752868652344,7569492
2009-11-27 00:00:00-05:00,48.97849655151367,50.143367767333984,48.754478454589844,49.6236572265625,7158247
2009-12-04 00:00:00-05:00,49.982078552246094,50.55555725097656,49.51612854003906,49.77598571777344,12596849
2009-12-11 00:00:00-05:00,49.767024993896484,50.24193572998047,48.189964294433594,48.23476791381836,9223070
2009-12-18 00:00:00-05:00,48.3870964050293,48.817203521728516,48.09139633178711,48.57526779174805,5630890
2009-12-25 00:00:00-05:00,48.225807189941406,49.274192810058594,48.14516067504883,49.13978576660156,3314966
2010-01-01 00:00:00-05:00,48.99641418457031,49.40860366821289,48.51254653930664,48.77239990234375,3212517
2010-01-08 00:00:00-05:00,48.163082122802734,48.23476791381836,46.317203521728516,46.890682220458984,32187448
2010-01-15 00:00:00-05:00,47.571685791015625,48.163082122802734,46.85483932495117,47.383514404296875,15864499
2010-01-22 00:00:00-05:00,48.109317779541016,48.5394287109375,47.6344108581543,48.001792907714844,17945168
2010-01-29 00:00:00-05:00,48.0107536315918,48.933692932128906,47.80466079711914,47.96595001220703,15367767
2010-02-05 00:00:00-05:00,48.163082122802734,49.220428466796875,47.28494644165039,47.858421325683594,15627572
2010-02-12 00:00:00-05:00,47.517921447753906,48.306453704833984,47.41935348510742,48.12723922729492,9963313
2010-02-19 00:00:00-05:00,48.189964294433594,49.551971435546875,48.11827850341797,49.51612854003906,13499359
2010-02-26 00:00:00-05:00,49.740142822265625,49.84767150878906,48.61111068725586,49.56989288330078,14144408
2010-03-05 00:00:00-05:00,49.90143585205078,49.90143585205078,47.93010711669922,48.57526779174805,24929990
2010-03-12 00:00:00-05:00,48.87992858886719,49.175628662109375,48.57526779174805,49.01433563232422,14795482
2010-03-19 00:00:00-04:00,49.193546295166016,49.363800048828125,48.72760009765625,49.121864318847656,9985522
2010-03-26 00:00:00-04:00,48.5394287109375,49.48028564453125,48.05555725097656,48.23476791381836,10910015
2010-04-02 00:00:00-04:00,47.82258224487305,48.64695358276367,47.79570007324219,48.23476791381836,8277373
2010-04-09 00:00:00-04:00,48.082435607910156,48.297489166259766,46.2813606262207,47.58960723876953,22416423
2010-04-16 00:00:00-04:00,48.136199951171875,48.26165008544922,47.52688217163086,47.80466079711914,14881749
2010-04-23 00:00:00-04:00,47.3207893371582,48.18100357055664,46.29928207397461,47.01612854003906,14925161
2010-04-30 00:00:00-04:00,46.68458938598633,46.890682220458984,45.55555725097656,45.56451416015625,20893306
2010-05-07 00:00:00-04:00,45.3763427734375,45.501792907714844,41.44265365600586,42.168460845947266,27941626
2010-05-14 00:00:00-04:00,43.682796478271484,43.90681076049805,41.93548583984375,42.3655891418457,16380314
2010-05-21 00:00:00-04:00,42.329750061035156,42.50896072387695,39.39964294433594,40.43010711669922,23466355
2010-05-28 00:00:00-04:00,40.26881790161133,41.03046417236328,38.9605712890625,40.331539154052734,24912133
2010-06-04 00:00:00-04:00,40.26881790161133,41.648746490478516,40.02688217163086,40.15232849121094,13491994
2010-06-11 00:00:00-04:00,40.57347869873047,43.39605712890625,40.071685791015625,43.23476791381836,23144501
2010-06-18 00:00:00-04:00,43.79928207397461,43.95161437988281,43.189964294433594,43.682796478271484,15520213
2010-06-25 00:00:00-04:00,43.92473220825195,44.26523208618164,42.99283218383789,43.77239990234375,14240382
2010-07-02 00:00:00-04:00,43.9605712890625,44.1129035949707,42.6792106628418,42.8763427734375,16044398
2010-07-09 00:00:00-04:00,42.894264221191406,44.551971435546875,42.894264221191406,44.39964294433594,11230085
2010-07-16 00:00:00-04:00,44.01433563232422,46.254478454589844,44.005374908447266,44.498207092285156,21787222
2010-07-23 00:00:00-04:00,44.829750061035156,44.856632232666016,43.351253509521484,44.0949821472168,21476638
2010-07-30 00:00:00-04:00,43.7186393737793,44.26523208618164,43.279571533203125,43.67383575439453,19018761
2010-08-06 00:00:00-04:00,44.44444274902344,45.08064651489258,44.2921142578125,45.044803619384766,13869872
2010-08-13 00:00:00-04:00,45.18817138671875,46.09318923950195,44.6236572265625,44.97311782836914,12181252
2010-08-20 00:00:00-04:00,45.331539154052734,46.290321350097656,45.12544631958008,45.474910736083984,15259626
2010-08-27 00:00:00-04:00,45.170249938964844,46.71147155761719,44.42652130126953,46.586021423339844,18428843
2010-09-03 00:00:00-04:00,46.9892463684082,47.88530349731445,46.6129035949707,47.58064651489258,16594250
2010-09-10 00:00:00-04:00,47.72401428222656,48.7813606262207,47.55376434326172,48.7634391784668,11987179
2010-09-17 00:00:00-04:00,48.80824279785156,50.394264221191406,48.67383575439453,49.94623565673828,18254970
2010-09-24 00:00:00-04:00,50.55555725097656,51.72938919067383,50.259857177734375,51.559139251708984,14611899
2010-10-01 00:00:00-04:00,51.88172149658203,52.33871078491211,51.16487503051758,51.19175720214844,23165036
2010-10-08 00:00:00-04:00,51.0394287109375,52.22222137451172,50.93190002441406,52.1236572265625,23446043
2010-10-15 00:00:00-04:00,52.544803619384766,53.82616424560547,52.213260650634766,52.88530349731445,31196552
2010-10-22 00:00:00-04:00,53.3870964050293,53.57526779174805,52.06093215942383,52.078853607177734,26587248
2010-10-29 00:00:00-04:00,52.616485595703125,52.68817138671875,51.32616424560547,51.92652130126953,17771965
2010-11-05 00:00:00-04:00,51.747310638427734,53.10035705566406,51.344085693359375,52.53584289550781,25526268
2010-11-12 00:00:00-05:00,52.20429992675781,52.33871078491211,49.83871078491211,49.856632232666016,30507646
2010-11-19 00:00:00-05:00,50.448028564453125,51.07526779174805,49.78494644165039,50.752689361572266,21945023
2010-11-26 00:00:00-05:00,50.9050178527832,50.994625091552734,48.97849655151367,49.16666793823242,14993013
2010-12-03 00:00:00-05:00,48.54838562011719,49.25627136230469,47.76881790161133,49.059139251708984,27300485
2010-12-10 00:00:00-05:00,48.66487503051758,49.51612854003906,48.61111068725586,49.04121780395508,14384905
2010-12-17 00:00:00-05:00,49.07706069946289,53.7186393737793,49.01433563232422,52.6344108581543,71001036
2010-12-24 00:00:00-05:00,52.46415710449219,53.01971435546875,52.31182861328125,52.706092834472656,13615647
2010-12-31 00:00:00-05:00,52.44623565673828,53.297489166259766,52.33871078491211,52.82258224487305,8989379
2011-01-07 00:00:00-05:00,52.894264221191406,53.36021423339844,51.07526779174805,51.12007141113281,20877235
2011-01-14 00:00:00-05:00,50.74372863769531,51.774192810058594,50.60035705566406,50.913978576660156,15648775
2011-01-21 00:00:00-05:00,51.559139251708984,51.774192810058594,50.044803619384766,50.55555725097656,14963885
2011-01-28 00:00:00-05:00,50.824371337890625,51.94444274902344,49.84767150878906,50.10752868652344,18808395
2011-02-04 00:00:00-05:00,50.15232849121094,50.967742919921875,49.856632232666016,50.55555725097656,17309829
2011-02-11 00:00:00-05:00,50.46595001220703,50.878135681152344,49.686378479003906,50.12544631958008,14937325
2011-02-18 00:00:00-05:00,49.89247131347656,51.44265365600586,49.740142822265625,51.35304641723633,19740589
2011-02-25 00:00:00-05:00,51.084228515625,51.836917877197266,49.05017852783203,49.50716781616211,14786666
2011-03-04 00:00:00-05:00,50.34946060180664,51.5949821472168,50.1344108581543,51.129032135009766,16530079
2011-03-11 00:00:00-05:00,50.59139633178711,50.81541061401367,48.790321350097656,49.13082504272461,20417332
2011-03-18 00:00:00-04:00,48.7186393737793,48.85304641723633,46.998207092285156,48.109317779541016,21663682
2011-03-25 00:00:00-04:00,48.62007141113281,50.09856414794922,48.36021423339844,49.668460845947266,27379833
2011-04-01 00:00:00-04:00,49.59677505493164,49.69533920288086,48.07347869873047,48.602149963378906,37387450
2011-04-08 00:00:00-04:00,48.63799285888672,50.36738586425781,48.61111068725586,49.551971435546875,92770960
2011-04-15 00:00:00-04:00,49.67741775512695,50.1792106628418,49.18458938598633,50.143367767333984,45020221
2011-04-22 00:00:00-04:00,48.92473220825195,51.998207092285156,48.42293930053711,51.155914306640625,47088169
2011-04-29 00:00:00-04:00,51.102149963378906,53.225807189941406,50.663082122802734,53.01971435546875,23145505
2011-05-06 00:00:00-04:00,53.17204284667969,54.30107498168945,53.0286750793457,53.66487503051758,23602619
2011-05-13 00:00:00-04:00,53.7634391784668,55.143367767333984,53.63799285888672,54.56093215942383,16270499
2011-05-20 00:00:00-04:00,54.70429992675781,55.421146392822266,54.06809997558594,55.00896072387695,12933993
2011-05-27 00:00:00-04:00,54.21147155761719,56.76523208618164,54.032257080078125,56.532257080078125,15568981
2011-06-03 00:00:00-04:00,57.39247131347656,58.082435607910156,56.42473220825195,57.00716781616211,19457126
2011-06-10 00:00:00-04:00,56.87276077270508,56.92652130126953,54.16666793823242,54.32795715332031,19948277
2011-06-17 00:00:00-04:00,54.525089263916016,55.43906784057617,53.92473220825195,53.97849655151367,15854452
2011-06-24 00:00:00-04:00,54.0949821472168,54.69533920288086,52.93906784057617,53.14516067504883,14358456
2011-07-01 00:00:00-04:00,53.19892501831055,54.829750061035156,53.10035705566406,54.793907165527344,9658756
2011-07-08 00:00:00-04:00,54.77598571777344,55.994625091552734,54.740142822265625,55.689964294433594,9927267
2011-07-15 00:00:00-04:00,55.45698928833008,55.609317779541016,54.686378479003906,55.143367767333984,11255194
2011-07-22 00:00:00-04:00,54.605735778808594,56.2365608215332,54.07706069946289,55.394264221191406,12507235
2011-07-29 00:00:00-04:00,56.129032135009766,56.60394287109375,54.50716781616211,54.83871078491211,11358313
2011-08-05 00:00:00-04:00,55.448028564453125,55.48387145996094,50.286739349365234,51.38888931274414,24365740
2011-08-12 00:00:00-04:00,49.955196380615234,51.397850036621094,46.675628662109375,49.48028564453125,31807340
2011-08-19 00:00:00-04:00,49.73118209838867,51.52329635620117,48.99641418457031,49.05017852783203,13736175
2011-08-26 00:00:00-04:00,50.940860748291016,51.962364196777344,49.44444274902344,50.7078857421875,17541846
2011-09-02 00:00:00-04:00,50.689964294433594,53.09139633178711,50.60035705566406,51.344085693359375,11630840
2011-09-09 00:00:00-04:00,48.897850036621094,51.13799285888672,48.897850036621094,49.65949630737305,15039551
2011-09-16 00:00:00-04:00,48.2078857421875,50.93190002441406,48.07347869873047,50.22401428222656,16369377
2011-09-23 00:00:00-04:00,49.148746490478516,50.1344108581543,47.39247131347656,48.14516067504883,17568964
2011-09-30 00:00:00-04:00,48.7813606262207,51.066307067871094,48.324371337890625,49.97311782836914,13628816
2011-10-07 00:00:00-04:00,49.4713249206543,50.94982147216797,48.24372863769531,50.29570007324219,14946029
2011-10-14 00:00:00-04:00,51.63978576660156,52.71505355834961,51.129032135009766,52.47311782836914,9610211
2011-10-21 00:00:00-04:00,51.675628662109375,52.66128921508789,50.76165008544922,52.66128921508789,11078308
2011-10-28 00:00:00-04:00,52.3207893371582,52.858421325683594,50.071685791015625,52.15949630737305,18154531
2011-11-04 00:00:00-04:00,51.9892463684082,51.998207092285156,48.92473220825195,50.26881790161133,13192348
2011-11-11 00:00:00-05:00,49.72222137451172,50.48387145996094,48.67383575439453,49.8655891418457,13534067
2011-11-18 00:00:00-05:00,49.69533920288086,49.84767150878906,48.790321350097656,48.95161437988281,9260902
2011-11-25 00:00:00-05:00,48.31541061401367,48.351253509521484,46.2365608215332,46.2813606262207,8120128
2011-12-02 00:00:00-05:00,47.544803619384766,49.417564392089844,47.15949630737305,47.948028564453125,14723946
2011-12-09 00:00:00-05:00,48.602149963378906,49.462364196777344,48.082435607910156,49.37276077270508,12700526
2011-12-16 00:00:00-05:00,49.336917877197266,50.394264221191406,48.12723922729492,49.59677505493164,13573908
2011-12-23 00:00:00-05:00,50.34946060180664,51.01254653930664,50.15232849121094,51.00358581542969,13164448
2011-12-30 00:00:00-05:00,51.07526779174805,51.52329635620117,50.38530349731445,51.22760009765625,5913907
2012-01-06 00:00:00-05:00,52.186378479003906,52.34767150878906,50.86021423339844,51.35304641723633,8950208
2012-01-13 00:00:00-05:00,51.182796478271484,51.245521545410156,49.38172149658203,50.0,14069189
2012-01-20 00:00:00-05:00,50.421146392822266,52.3028678894043,49.23834991455078,49.38172149658203,17734579
2012-01-27 00:00:00-05:00,49.94623565673828,50.286739349365234,48.189964294433594,48.754478454589844,26474423
2012-02-03 00:00:00-05:00,48.70071792602539,50.1971321105957,48.44982147216797,49.928314208984375,15741069
2012-02-10 00:00:00-05:00,49.8028678894043,50.76165008544922,49.75806427001953,50.08064651489258,14317164
2012-02-17 00:00:00-05:00,50.55555725097656,50.81541061401367,50.16128921508789,50.7078857421875,24760246
2012-02-24 00:00:00-05:00,51.35304641723633,51.836917877197266,50.940860748291016,51.532257080078125,18033443
2012-03-02 00:00:00-05:00,49.193546295166016,49.578853607177734,48.17204284667969,48.4050178527832,14222862
2012-03-09 00:00:00-05:00,48.844085693359375,48.97849655151367,47.6792106628418,48.77239990234375,12618165
2012-03-16 00:00:00-04:00,48.933692932128906,49.220428466796875,48.467742919921875,49.0949821472168,11538212
2012-03-23 00:00:00-04:00,49.16666793823242,49.91935348510742,49.121864318847656,49.51612854003906,19972383
2012-03-30 00:00:00-04:00,49.73118209838867,49.89247131347656,49.01433563232422,49.65053939819336,11409984
2012-04-06 00:00:00-04:00,49.91935348510742,50.60035705566406,48.97849655151367,49.13978576660156,10380920
2012-04-13 00:00:00-04:00,49.15770721435547,49.310035705566406,48.440860748291016,48.682796478271484,17506133
2012-04-20 00:00:00-04:00,48.897850036621094,50.663082122802734,48.80824279785156,50.51971435546875,18948900
2012-04-27 00:00:00-04:00,49.829750061035156,50.0,48.790321350097656,49.30107498168945,11318695
2012-05-04 00:00:00-04:00,49.578853607177734,49.767024993896484,48.351253509521484,48.47670364379883,11691550
2012-05-11 00:00:00-04:00,48.48566436767578,48.82616424560547,47.356632232666016,47.58960723876953,11117704
2012-05-18 00:00:00-04:00,47.20429992675781,47.41935348510742,46.102149963378906,46.344085693359375,10133838
2012-05-25 00:00:00-04:00,46.344085693359375,47.186378479003906,45.878135681152344,46.559139251708984,7833650
2012-06-01 00:00:00-04:00,47.01612854003906,47.15053939819336,46.01254653930664,46.44265365600586,7971923
2012-06-08 00:00:00-04:00,46.2634391784668,47.141578674316406,46.03046417236328,47.01612854003906,9591240
2012-06-15 00:00:00-04:00,47.13261413574219,48.279571533203125,46.56809997558594,48.10035705566406,10301350
2012-06-22 00:00:00-04:00,48.28852844238281,49.686378479003906,48.2078857421875,49.175628662109375,8922196
2012-06-29 00:00:00-04:00,48.566307067871094,50.15232849121094,48.279571533203125,50.08960723876953,6522239
2012-07-06 00:00:00-04:00,49.982078552246094,50.59139633178711,49.63261413574219,49.793907165527344,5981982
2012-07-13 00:00:00-04:00,49.96415710449219,50.08960723876953,49.40860366821289,49.97311782836914,5672070
2012-07-20 00:00:00-04:00,49.96415710449219,51.47849655151367,49.69533920288086,51.155914306640625,8680694
2012-07-27 00:00:00-04:00,50.448028564453125,52.643367767333984,50.40322494506836,52.52688217163086,15150259
2012-08-03 00:00:00-04:00,51.95340347290039,53.252689361572266,49.37276077270508,52.858421325683594,24242645
2012-08-10 00:00:00-04:00,53.31541061401367,53.36021423339844,52.20429992675781,52.571685791015625,12342737
2012-08-17 00:00:00-04:00,52.65232849121094,54.31899642944336,52.49103927612305,54.10394287109375,26949056
2012-08-24 00:00:00-04:00,53.584228515625,54.34587860107422,53.44982147216797,53.790321350097656,10195551
2012-08-31 00:00:00-04:00,53.42293930053711,53.55734634399414,52.58960723876953,52.8763427734375,8716518
2012-09-07 00:00:00-04:00,52.5,53.77239990234375,52.3655891418457,53.629032135009766,8183293
2012-09-14 00:00:00-04:00,53.18100357055664,53.90681076049805,52.786739349365234,53.63799285888672,9674046
2012-09-21 00:00:00-04:00,54.07706069946289,55.03584289550781,53.66487503051758,54.89247131347656,10105380
2012-09-28 00:00:00-04:00,55.03584289550781,55.45698928833008,54.462364196777344,54.89247131347656,8544655
2012-10-05 00:00:00-04:00,55.43010711669922,56.49641418457031,55.143367767333984,56.182796478271484,8196797
2012-10-12 00:00:00-04:00,56.066307067871094,56.433692932128906,55.044803619384766,55.206092834472656,7600853
2012-10-19 00:00:00-04:00,55.77061080932617,57.41039276123047,55.61827850341797,56.57706069946289,7859765
2012-10-26 00:00:00-04:00,56.81899642944336,56.87276077270508,54.28315353393555,54.51612854003906,11517232
2012-11-02 00:00:00-04:00,54.31899642944336,54.78494644165039,53.7634391784668,54.35483932495117,6055862
2012-11-09 00:00:00-05:00,54.148746490478516,54.34587860107422,53.5394287109375,54.032257080078125,8845081
2012-11-16 00:00:00-05:00,54.21147155761719,54.28315353393555,52.50896072387695,52.86738586425781,9664672
2012-11-23 00:00:00-05:00,53.297489166259766,54.43548583984375,52.59856414794922,54.31899642944336,5392958
2012-11-30 00:00:00-05:00,54.0949821472168,55.779571533203125,53.96953582763672,55.60035705566406,8076939
2012-12-07 00:00:00-05:00,55.84229278564453,56.209678649902344,55.56451416015625,55.84229278564453,8109973
2012-12-14 00:00:00-05:00,56.0394287109375,56.9892463684082,56.00358581542969,56.621864318847656,8167000
2012-12-21 00:00:00-05:00,56.648746490478516,57.706092834472656,56.17383575439453,56.621864318847656,8841064
2012-12-28 00:00:00-05:00,56.37992858886719,56.93548583984375,55.994625091552734,56.36200714111328,4340905
2013-01-04 00:00:00-05:00,56.2634391784668,57.6971321105957,56.2365608215332,57.59856414794922,5832550
2013-01-11 00:00:00-05:00,57.43727493286133,58.82616424560547,57.383514404296875,58.59318923950195,6188777
2013-01-18 00:00:00-05:00,58.55734634399414,59.31899642944336,57.813621520996094,58.817203521728516,8372679
2013-01-25 00:00:00-05:00,58.18100357055664,61.317203521728516,57.93010711669922,60.03584289550781,11246825
2013-02-01 00:00:00-05:00,60.59139633178711,61.415771484375,60.40322494506836,60.93190002441406,8925992
2013-02-08 00:00:00-05:00,61.11111068725586,61.836917877197266,60.74372863769531,61.20071792602539,9718351
2013-02-15 00:00:00-05:00,61.07526779174805,62.240142822265625,60.967742919921875,62.00716781616211,9605300
2013-02-22 00:00:00-05:00,62.15053939819336,62.93906784057617,61.33512496948242,62.00716781616211,6577592
2013-03-01 00:00:00-05:00,62.293907165527344,62.6344108581543,59.72222137451172,61.066307067871094,13069475
2013-03-08 00:00:00-05:00,61.35304641723633,62.13261413574219,61.22760009765625,61.54121780395508,6813403
2013-03-15 00:00:00-04:00,61.586021423339844,62.813621520996094,61.27239990234375,62.62544631958008,9542359
2013-03-22 00:00:00-04:00,62.025089263916016,64.18458557128906,61.998207092285156,63.467742919921875,9935191
2013-03-29 00:00:00-04:00,63.26165008544922,63.86200714111328,62.571685791015625,63.83512496948242,7955964
2013-04-05 00:00:00-04:00,63.62007141113281,64.50717163085938,62.47311782836914,63.21684646606445,8536954
2013-04-12 00:00:00-04:00,63.915771484375,65.6810073852539,63.77239990234375,65.63619995117188,7417383
2013-04-19 00:00:00-04:00,66.04838562011719,66.50537872314453,63.745521545410156,64.91039276123047,9081450
2013-04-26 00:00:00-04:00,64.70429992675781,66.1469497680664,64.37275695800781,65.43907165527344,8601347
2013-05-03 00:00:00-04:00,66.1021499633789,66.55017852783203,65.55555725097656,65.85125732421875,8824100
2013-05-10 00:00:00-04:00,65.7706069946289,67.4731216430664,65.3136215209961,67.1505355834961,8144679
2013-05-17 00:00:00-04:00,66.91756439208984,67.80465698242188,65.86021423339844,66.4426498413086,6888287
2013-05-24 00:00:00-04:00,66.46953582763672,67.8584213256836,65.62724304199219,66.63082122802734,7388478
2013-05-31 00:00:00-04:00,65.87813568115234,66.12007141113281,64.30107879638672,64.30107879638672,9547715
2013-06-07 00:00:00-04:00,63.48566436767578,64.6505355834961,63.0107536315918,64.49820709228516,7303217
2013-06-14 00:00:00-04:00,64.56092834472656,65.7258071899414,64.3189926147461,65.08960723876953,7010823
2013-06-21 00:00:00-04:00,65.82437133789062,66.0215072631836,62.03404998779297,62.3655891418457,7886661
2013-06-28 00:00:00-04:00,60.81541061401367,63.9605712890625,60.636199951171875,63.36021423339844,16129994
2013-07-05 00:00:00-04:00,63.5394287109375,63.90681076049805,62.6971321105957,63.36917495727539,4377064
2013-07-12 00:00:00-04:00,63.790321350097656,65.99462127685547,63.52150344848633,65.99462127685547,5396529
2013-07-19 00:00:00-04:00,65.96774291992188,66.07527160644531,64.57884979248047,65.0268783569336,7152556
2013-07-26 00:00:00-04:00,64.91935729980469,65.41218566894531,63.57526779174805,64.33692169189453,8379598
2013-08-02 00:00:00-04:00,64.03225708007812,65.3584213256836,63.62007141113281,65.17024993896484,9079664
2013-08-09 00:00:00-04:00,64.80286407470703,66.38888549804688,64.6505355834961,65.78852844238281,5782665
2013-08-16 00:00:00-04:00,65.56451416015625,66.30824279785156,64.92831420898438,65.26881408691406,5325999
2013-08-23 00:00:00-04:00,65.43907165527344,67.64337158203125,65.24193572998047,67.58064270019531,9435668
2013-08-30 00:00:00-04:00,67.69713592529297,67.8584213256836,64.73118591308594,65.3942642211914,8613288
2013-09-06 00:00:00-04:00,67.57168579101562,68.1899642944336,66.67562866210938,68.02867126464844,6080304
2013-09-13 00:00:00-04:00,67.79570007324219,68.78136444091797,67.5,68.27957153320312,4368470
2013-09-20 00:00:00-04:00,68.10932159423828,68.9336929321289,67.1236572265625,68.50358581542969,7837110
2013-09-27 00:00:00-04:00,68.9784927368164,69.08602142333984,68.252685546875,69.06809997558594,6525253
2013-10-04 00:00:00-04:00,68.79032135009766,69.07706451416016,67.67921447753906,67.86738586425781,5673967
2013-10-11 00:00:00-04:00,67.38351440429688,67.65232849121094,65.20609283447266,67.15950012207031,9352861
2013-10-18 00:00:00-04:00,66.86380004882812,67.4820785522461,65.81541442871094,67.22222137451172,11623251
2013-10-25 00:00:00-04:00,67.03404998779297,70.95877838134766,66.95340728759766,70.6810073852539,7460683
2013-11-01 00:00:00-04:00,70.88710021972656,71.36200714111328,68.915771484375,69.22042846679688,6294799
2013-11-08 00:00:00-05:00,69.03225708007812,70.36738586425781,68.42293548583984,69.22042846679688,12285709
2013-11-15 00:00:00-05:00,69.91039276123047,71.03046417236328,69.48925018310547,70.93190002441406,5867147
2013-11-22 00:00:00-05:00,70.79749298095703,72.06989288330078,70.10752868652344,71.42472839355469,7777514
2013-11-29 00:00:00-05:00,71.65770721435547,71.7293930053711,70.3494644165039,70.89605712890625,2778058
2013-12-06 00:00:00-05:00,71.07527160644531,71.25447845458984,69.6057357788086,70.60035705566406,4356865
2013-12-13 00:00:00-05:00,70.15232849121094,70.52867126464844,68.47669982910156,68.8530502319336,5235714
2013-12-20 00:00:00-05:00,68.86200714111328,70.59140014648438,68.42293548583984,70.17921447753906,8546663
2013-12-27 00:00:00-05:00,70.74372863769531,72.17742156982422,70.36738586425781,72.03404998779297,2898140
2014-01-03 00:00:00-05:00,71.89964294433594,72.02509307861328,70.3763427734375,70.88710021972656,3486048
2014-01-10 00:00:00-05:00,71.04838562011719,72.91218566894531,70.92293548583984,72.88530731201172,10468304
2014-01-17 00:00:00-05:00,72.5268783569336,73.36917877197266,71.98028564453125,72.74193572998047,6736734
2014-01-24 00:00:00-05:00,72.92115020751953,73.49462127685547,71.3709716796875,71.54122161865234,8419774
2014-01-31 00:00:00-05:00,71.20071411132812,71.68458557128906,70.27777862548828,70.85125732421875,15262974
2014-02-07 00:00:00-05:00,71.56809997558594,72.5179214477539,69.80286407470703,72.50896453857422,11256087
2014-02-14 00:00:00-05:00,71.89067840576172,74.3189926147461,71.7741928100586,74.3189926147461,13213552
2014-02-21 00:00:00-05:00,74.01433563232422,74.46236419677734,73.19892120361328,74.05914306640625,11826252
2014-02-28 00:00:00-05:00,74.56092834472656,75.56451416015625,73.63799285888672,74.53404998779297,12319748
2014-03-07 00:00:00-05:00,73.5573501586914,75.60035705566406,72.68817138671875,74.49820709228516,10163970
2014-03-14 00:00:00-04:00,74.48925018310547,74.76702880859375,72.97490692138672,73.10932159423828,7824722
2014-03-21 00:00:00-04:00,73.2347640991211,74.54301452636719,72.25806427001953,73.2347640991211,6939288
2014-03-28 00:00:00-04:00,73.2706069946289,73.67383575439453,72.37454986572266,73.10932159423828,6892528
2014-04-04 00:00:00-04:00,75.93190002441406,76.3709716796875,73.72760009765625,73.9336929321289,8791401
2014-04-11 00:00:00-04:00,74.06809997558594,75.85125732421875,73.71863555908203,74.07706451416016,10052481
2014-04-18 00:00:00-04:00,74.6236572265625,76.0663070678711,74.25627136230469,75.86917877197266,7715020
2014-04-25 00:00:00-04:00,75.90502166748047,77.93010711669922,75.00896453857422,75.6899642944336,10600326
2014-05-02 00:00:00-04:00,76.7921142578125,78.6290283203125,75.6810073852539,78.27957153320312,9606863
2014-05-09 00:00:00-04:00,78.11827850341797,79.47132873535156,77.91218566894531,79.22042846679688,10992711
2014-05-16 00:00:00-04:00,79.48028564453125,80.65412139892578,79.13082122802734,80.53763580322266,15121019
2014-05-23 00:00:00-04:00,80.09856414794922,81.00358581542969,79.50717163085938,80.83333587646484,12539822
2014-05-30 00:00:00-04:00,80.86021423339844,81.03046417236328,80.07168579101562,80.69892120361328,10101251
2014-06-06 00:00:00-04:00,79.80286407470703,79.9372787475586,78.99641418457031,79.75806427001953,9340920
2014-06-13 00:00:00-04:00,79.84767150878906,81.12007141113281,79.6505355834961,80.05376434326172,6502151
2014-06-20 00:00:00-04:00,80.7706069946289,81.62186431884766,80.25985717773438,81.52330017089844,4924237
2014-06-27 00:00:00-04:00,81.11111450195312,81.4426498413086,80.26881408691406,80.98566436767578,5345417
2014-07-04 00:00:00-04:00,81.12007141113281,82.13261413574219,80.83333587646484,81.92652130126953,3511828
2014-07-11 00:00:00-04:00,81.0215072631836,81.13799285888672,79.56092834472656,80.21505737304688,6301048
2014-07-18 00:00:00-04:00,80.85125732421875,81.31720733642578,78.96953582763672,79.58781433105469,7041624
2014-07-25 00:00:00-04:00,79.25627136230469,80.11648559570312,79.04122161865234,79.22042846679688,4944885
2014-08-01 00:00:00-04:00,78.99641418457031,79.41756439208984,77.1415786743164,77.86738586425781,6133648
2014-08-08 00:00:00-04:00,78.21684265136719,78.21684265136719,75.6451644897461,76.4784927368164,5776974
2014-08-15 00:00:00-04:00,77.15950012207031,78.72760009765625,76.69355010986328,77.8942642211914,4846008
2014-08-22 00:00:00-04:00,78.16307830810547,80.0627212524414,78.16307830810547,79.70429992675781,5155362
2014-08-29 00:00:00-04:00,79.59677124023438,80.89605712890625,79.59677124023438,80.50179290771484,5723183
2014-09-05 00:00:00-04:00,83.28852844238281,84.82078552246094,83.09140014648438,83.57527160644531,11317022
2014-09-12 00:00:00-04:00,83.5663070678711,84.63261413574219,83.39605712890625,84.01433563232422,5818043
2014-09-19 00:00:00-04:00,83.90680694580078,85.57347869873047,83.82616424560547,84.13978576660156,6449587
2014-09-26 00:00:00-04:00,84.59677124023438,84.6415786743164,83.06451416015625,83.49462127685547,10028264
2014-10-03 00:00:00-04:00,83.79928588867188,84.80286407470703,82.34767150878906,82.76881408691406,9037813
2014-10-10 00:00:00-04:00,82.78673553466797,83.12724304199219,78.57527160644531,78.57527160644531,8427921
2014-10-17 00:00:00-04:00,79.39067840576172,79.56989288330078,75.42115020751953,77.62545013427734,11675816
2014-10-24 00:00:00-04:00,77.58064270019531,80.88710021972656,77.5,80.77957153320312,6921320
2014-10-31 00:00:00-04:00,80.53763580322266,83.2706069946289,80.48387145996094,83.05555725097656,6067358
2014-11-07 00:00:00-05:00,82.19534301757812,83.2706069946289,81.70250701904297,82.22222137451172,5285600
2014-11-14 00:00:00-05:00,82.71505737304688,84.76702880859375,82.33870697021484,84.18458557128906,5568952
2014-11-21 00:00:00-05:00,84.3189926147461,86.0394287109375,84.2652359008789,85.10752868652344,6117354
2014-11-28 00:00:00-05:00,84.9820785522461,86.89067840576172,84.74014282226562,86.60394287109375,4245041
2014-12-05 00:00:00-05:00,86.78315734863281,86.82795715332031,85.03584289550781,85.86917877197266,8056181
2014-12-12 00:00:00-05:00,85.74372863769531,86.04838562011719,83.79928588867188,83.79928588867188,6893979
2014-12-19 00:00:00-05:00,83.42293548583984,85.12545013427734,81.63978576660156,84.77598571777344,8377254
2014-12-26 00:00:00-05:00,85.36738586425781,85.60932159423828,83.19892120361328,84.3189926147461,4545021
2015-01-02 00:00:00-05:00,84.3100357055664,84.51612854003906,82.44623565673828,82.66129302978516,3929882
2015-01-09 00:00:00-05:00,83.71863555908203,86.747314453125,81.52330017089844,86.1290283203125,8816959
2015-01-16 00:00:00-05:00,86.0215072631836,90.6899642944336,85.29570007324219,90.45698547363281,27707044
2015-01-23 00:00:00-05:00,91.87275695800781,91.92652130126953,85.89605712890625,86.80107879638672,15553915
2015-01-30 00:00:00-05:00,87.83154296875,89.19355010986328,86.0663070678711,87.27598571777344,14677743
2015-02-06 00:00:00-05:00,87.13261413574219,89.37275695800781,86.33512878417969,88.48566436767578,11577161
2015-02-13 00:00:00-05:00,91.63082122802734,92.74193572998047,89.94623565673828,91.57706451416016,13454607
2015-02-20 00:00:00-05:00,91.50537872314453,92.13261413574219,90.60932159423828,91.93548583984375,5326780
2015-02-27 00:00:00-05:00,92.5447998046875,92.65232849121094,91.4426498413086,91.75627136230469,6431954
2015-03-06 00:00:00-05:00,89.44444274902344,90.00896453857422,87.24014282226562,87.32975006103516,7010377
2015-03-13 00:00:00-04:00,87.28494262695312,87.96595001220703,85.78852844238281,86.95340728759766,11847567
2015-03-20 00:00:00-04:00,87.16845703125,91.63978576660156,86.96236419677734,91.11111450195312,8261860
2015-03-27 00:00:00-04:00,91.67562866210938,92.36559295654297,88.75447845458984,89.96415710449219,7224761
2015-04-03 00:00:00-04:00,89.94623565673828,91.00358581542969,88.36021423339844,89.40859985351562,5990576
2015-04-10 00:00:00-04:00,89.37275695800781,93.01074981689453,89.18458557128906,92.8136215209961,7560677
2015-04-17 00:00:00-04:00,91.99820709228516,92.96595001220703,91.28136444091797,91.8100357055664,6842083
2015-04-24 00:00:00-04:00,91.8189926147461,94.82078552246094,91.48745727539062,93.44085693359375,7485570
2015-05-01 00:00:00-04:00,94.07706451416016,94.53404998779297,91.07527160644531,92.60752868652344,7414146
2015-05-08 00:00:00-04:00,92.53584289550781,93.43190002441406,90.7078857421875,92.22222137451172,6567325
2015-05-15 00:00:00-04:00,91.31720733642578,93.37813568115234,91.29928588867188,92.96595001220703,5769609
2015-05-22 00:00:00-04:00,93.51254272460938,94.17562866210938,92.33870697021484,93.05555725097656,5457463
2015-05-29 00:00:00-04:00,92.38351440429688,93.69175720214844,91.19175720214844,92.05197143554688,5306135
2015-06-05 00:00:00-04:00,93.03763580322266,93.53046417236328,90.18817138671875,90.91397857666016,5404565
2015-06-12 00:00:00-04:00,90.77957153320312,92.27598571777344,89.78494262695312,91.23655700683594,5336489
2015-06-19 00:00:00-04:00,88.90680694580078,91.40680694580078,88.74552154541016,89.77598571777344,8614627
2015-06-26 00:00:00-04:00,91.24552154541016,92.38351440429688,89.30107879638672,89.53404998779297,6326827
2015-07-03 00:00:00-04:00,89.36380004882812,89.57884979248047,87.67921447753906,89.42652130126953,19610128
2015-07-10 00:00:00-04:00,87.39247131347656,93.1451644897461,87.26702880859375,92.49103546142578,11485202
2015-07-17 00:00:00-04:00,93.70967864990234,95.07168579101562,92.96595001220703,94.81182861328125,10227358
2015-07-24 00:00:00-04:00,95.63619995117188,95.7347640991211,90.50179290771484,91.21863555908203,13736955
2015-07-31 00:00:00-04:00,91.82795715332031,93.86200714111328,90.7706069946289,92.96595001220703,7851171
2015-08-07 00:00:00-04:00,93.61111450195312,93.6469497680664,90.77957153320312,91.58602142333984,9498834
2015-08-14 00:00:00-04:00,91.56809997558594,92.50896453857422,90.25089263916016,91.82795715332031,5863352
2015-08-21 00:00:00-04:00,91.87275695800781,92.8136215209961,87.39247131347656,87.41935729980469,6539313
2015-08-28 00:00:00-04:00,84.96415710449219,88.68279266357422,82.44623565673828,88.12724304199219,18961510
2015-09-04 00:00:00-04:00,87.80465698242188,88.05555725097656,84.05914306640625,84.72222137451172,13299483
2015-09-11 00:00:00-04:00,86.00358581542969,87.91218566894531,85.24193572998047,86.51433563232422,6118470
2015-09-18 00:00:00-04:00,85.7706069946289,88.66487121582031,85.22401428222656,86.60394287109375,7074102
2015-09-25 00:00:00-04:00,87.32078552246094,87.4820785522461,81.40680694580078,81.8189926147461,13166009
2015-10-02 00:00:00-04:00,82.99282836914062,83.57527160644531,79.6505355834961,83.57527160644531,10229813
2015-10-09 00:00:00-04:00,84.01433563232422,84.67742156982422,81.71147155761719,82.34767150878906,12066416
2015-10-16 00:00:00-04:00,82.1057357788086,85.22401428222656,81.49641418457031,85.15232849121094,8139769
2015-10-23 00:00:00-04:00,84.72222137451172,84.79390716552734,81.28136444091797,83.31541442871094,9526063
2015-10-30 00:00:00-04:00,82.76881408691406,83.33333587646484,80.57347869873047,81.03046417236328,10516738
2015-11-06 00:00:00-05:00,81.25447845458984,81.67562866210938,79.9552001953125,80.3136215209961,8691519
2015-11-13 00:00:00-05:00,79.43548583984375,79.76702880859375,76.86380004882812,77.31182861328125,9193050
2015-11-20 00:00:00-05:00,77.60752868652344,79.88351440429688,77.53584289550781,79.16666412353516,10622758
2015-11-27 00:00:00-05:00,78.2347640991211,78.48566436767578,76.80107879638672,76.91756439208984,7116063
2015-12-04 00:00:00-05:00,76.83692169189453,77.35662841796875,75.51971435546875,77.25806427001953,11996889
2015-12-11 00:00:00-05:00,77.24014282226562,77.33870697021484,74.96415710449219,75.7347640991211,14035150
2015-12-18 00:00:00-05:00,75.87813568115234,77.67024993896484,75.05376434326172,75.95877838134766,10814932
2015-12-25 00:00:00-05:00,76.4426498413086,77.83154296875,75.45698547363281,77.4820785522461,6564647
2016-01-01 00:00:00-05:00,78.1899642944336,79.2921142578125,77.07884979248047,77.09677124023438,6897438
2016-01-08 00:00:00-05:00,76.69355010986328,77.29390716552734,72.92115020751953,73.08243560791016,13526143
2016-01-15 00:00:00-05:00,73.50358581542969,74.41756439208984,71.31720733642578,71.89067840576172,13919199
2016-01-22 00:00:00-05:00,73.1451644897461,73.86200714111328,70.52867126464844,73.69175720214844,10789041
2016-01-29 00:00:00-05:00,73.08243560791016,74.15770721435547,67.77777862548828,69.86559295654297,18249948
2016-02-05 00:00:00-05:00,69.28315734863281,69.52509307861328,66.28136444091797,66.60394287109375,12879533
2016-02-12 00:00:00-05:00,65.3584213256836,66.415771484375,64.11289978027344,65.14337158203125,14237370
2016-02-19 00:00:00-05:00,65.10752868652344,66.71147155761719,64.9372787475586,66.04838562011719,13432510
2016-02-26 00:00:00-05:00,66.27239990234375,66.72042846679688,63.297489166259766,64.54301452636719,14190945
2016-03-04 00:00:00-05:00,64.03225708007812,65.86917877197266,63.67383575439453,64.69534301757812,13477375
2016-03-11 00:00:00-05:00,64.2652359008789,66.7293930053711,64.13978576660156,66.70250701904297,11368356
2016-03-18 00:00:00-04:00,66.42472839355469,66.48745727539062,64.53404998779297,65.12545013427734,13536299
2016-03-25 00:00:00-04:00,65.45698547363281,67.08781433105469,65.3136215209961,65.6810073852539,8612396
2016-04-01 00:00:00-04:00,65.86021423339844,65.95877838134766,62.6344108581543,63.97849655151367,14458673
2016-04-08 00:00:00-04:00,65.00896453857422,67.77777862548828,64.48925018310547,67.40143585205078,13607276
2016-04-15 00:00:00-04:00,67.68817138671875,68.29749298095703,66.40680694580078,67.78673553466797,9674493
2016-04-22 00:00:00-04:00,67.94802856445312,69.33692169189453,67.91218566894531,68.53046417236328,12269861
2016-04-29 00:00:00-04:00,69.05914306640625,69.2741928100586,67.77777862548828,68.07347869873047,15884362
2016-05-06 00:00:00-04:00,68.49462127685547,68.86200714111328,64.9372787475586,65.45698547363281,13489762
2016-05-13 00:00:00-04:00,66.30824279785156,67.75089263916016,66.24552154541016,66.96236419677734,9759755
2016-05-20 00:00:00-04:00,66.83692169189453,68.36917877197266,66.61289978027344,67.91218566894531,10017662
2016-05-27 00:00:00-04:00,69.73118591308594,72.02509307861328,69.45340728759766,71.78315734863281,13290779
2016-06-03 00:00:00-04:00,71.78315734863281,72.70609283447266,70.89605712890625,72.53584289550781,8248468
2016-06-10 00:00:00-04:00,72.62545013427734,73.44982147216797,70.44802856445312,70.7347640991211,7266163
2016-06-17 00:00:00-04:00,69.65950012207031,70.14337158203125,67.4552001953125,69.81182861328125,11473149
2016-06-24 00:00:00-04:00,71.4784927368164,72.32975006103516,69.06809997558594,69.08602142333984,13774899
2016-07-01 00:00:00-04:00,69.77598571777344,74.22042846679688,68.6021499633789,74.11289978027344,10714046
2016-07-08 00:00:00-04:00,73.27957153320312,73.76344299316406,72.44623565673828,73.59319305419922,5976403
2016-07-15 00:00:00-04:00,73.9605712890625,74.05914306640625,72.99282836914062,73.12724304199219,6728028
2016-07-22 00:00:00-04:00,73.40502166748047,74.89247131347656,72.79570007324219,74.82975006103516,7500747
2016-07-29 00:00:00-04:00,74.6863784790039,74.83870697021484,73.09140014648438,74.6057357788086,7458675
2016-08-05 00:00:00-04:00,73.9336929321289,74.78494262695312,73.27957153320312,74.48028564453125,6358411
2016-08-12 00:00:00-04:00,73.77239990234375,74.3548355102539,73.38710021972656,73.54838562011719,5691711
2016-08-19 00:00:00-04:00,73.53046417236328,74.09497833251953,72.64337158203125,72.88530731201172,5301223
2016-08-26 00:00:00-04:00,72.33870697021484,73.62007141113281,69.58781433105469,71.0663070678711,7572507
2016-09-02 00:00:00-04:00,71.19175720214844,71.49641418457031,69.6415786743164,71.1290283203125,9005116
2016-09-09 00:00:00-04:00,71.50537872314453,72.32975006103516,70.46595001220703,70.47490692138672,6897772
2016-09-16 00:00:00-04:00,70.7347640991211,71.99820709228516,70.60932159423828,71.09319305419922,6973661
2016-09-23 00:00:00-04:00,71.52330017089844,73.69175720214844,71.4784927368164,73.01074981689453,7423409
2016-09-30 00:00:00-04:00,72.61648559570312,72.93010711669922,70.14337158203125,70.752685546875,10928988
2016-10-07 00:00:00-04:00,70.7347640991211,71.04838562011719,69.67742156982422,70.15232849121094,6542996
2016-10-14 00:00:00-04:00,69.08602142333984,69.74910736083984,66.8548355102539,68.1810073852539,24673087
2016-10-21 00:00:00-04:00,67.77777862548828,68.44982147216797,67.24910736083984,67.68817138671875,12292405
2016-10-28 00:00:00-04:00,67.06092834472656,68.00179290771484,63.584228515625,63.682796478271484,23291366
2016-11-04 00:00:00-04:00,64.2652359008789,64.51612854003906,62.58064651489258,62.948028564453125,18301284
2016-11-11 00:00:00-05:00,63.467742919921875,66.7652359008789,63.36021423339844,65.85125732421875,22674330
2016-11-18 00:00:00-05:00,64.25627136230469,65.17024993896484,63.21684646606445,63.297489166259766,22575453
2016-11-25 00:00:00-05:00,62.670249938964844,62.93906784057617,60.286739349365234,62.34767150878906,16587332
2016-12-02 00:00:00-05:00,62.3028678894043,62.47311782836914,60.51971435546875,61.084228515625,12457350
2016-12-09 00:00:00-05:00,61.52329635620117,62.670249938964844,59.97311782836914,62.49103927612305,18910396
2016-12-16 00:00:00-05:00,61.94444274902344,64.37275695800781,61.836917877197266,64.3189926147461,19516385
2016-12-23 00:00:00-05:00,64.39964294433594,64.6863784790039,64.06809997558594,64.38172149658203,12603880
2016-12-30 00:00:00-05:00,65.00896453857422,65.7347640991211,64.16666412353516,65.26881408691406,10425561
2017-01-06 00:00:00-05:00,65.3136215209961,66.65770721435547,64.45340728759766,65.85125732421875,15752116
2017-01-13 00:00:00-05:00,66.0215072631836,66.70250701904297,64.23834991455078,64.87454986572266,22767851
2017-01-20 00:00:00-05:00,64.08602142333984,64.58781433105469,62.93010711669922,63.306453704833984,20890851
2017-01-27 00:00:00-05:00,62.894264221191406,64.81182861328125,62.3028678894043,64.70429992675781,27546564
2017-02-03 00:00:00-05:00,64.47132873535156,66.28136444091797,64.34587860107422,66.20967864990234,22492310
2017-02-10 00:00:00-05:00,65.99462127685547,67.5627212524414,65.99462127685547,67.39247131347656,12600420
2017-02-17 00:00:00-05:00,67.58960723876953,69.18458557128906,66.78315734863281,69.17562866210938,16904164
2017-02-24 00:00:00-05:00,68.57527160644531,69.58781433105469,68.53046417236328,69.247314453125,15803340
2017-03-03 00:00:00-05:00,69.3100357055664,70.36738586425781,66.67562866210938,68.02867126464844,18476719
2017-03-10 00:00:00-05:00,67.84049987792969,67.93010711669922,65.95877838134766,67.74193572998047,17605904
2017-03-17 00:00:00-04:00,67.78673553466797,68.08243560791016,66.83692169189453,67.69713592529297,15028056
2017-03-24 00:00:00-04:00,68.09140014648438,68.252685546875,66.26344299316406,66.63978576660156,13642207
2017-03-31 00:00:00-04:00,67.03404998779297,67.49103546142578,66.53225708007812,66.55017852783203,10030385
2017-04-07 00:00:00-04:00,66.71147155761719,67.1505355834961,65.94085693359375,66.0573501586914,9577847
2017-04-14 00:00:00-04:00,66.1469497680664,66.4784927368164,65.51971435546875,65.54659271240234,8543985
2017-04-21 00:00:00-04:00,65.48387145996094,66.22760009765625,65.11648559570312,65.7706069946289,12679434
2017-04-28 00:00:00-04:00,66.68458557128906,69.45340728759766,66.36200714111328,69.02330017089844,15541081
2017-05-05 00:00:00-04:00,68.98745727539062,69.84767150878906,68.90680694580078,69.73118591308594,9092276
2017-05-12 00:00:00-04:00,70.09856414794922,72.33870697021484,69.71326446533203,72.11469268798828,13545673
2017-05-19 00:00:00-04:00,72.01612854003906,73.42293548583984,71.29032135009766,72.06092834472656,25167697
2017-05-26 00:00:00-04:00,72.98387145996094,73.28852844238281,72.19534301757812,72.24910736083984,14819029
2017-06-02 00:00:00-04:00,72.06989288330078,73.8978500366211,72.04301452636719,73.68279266357422,5980645
2017-06-09 00:00:00-04:00,73.33333587646484,73.5573501586914,72.11469268798828,72.70609283447266,9753059
2017-06-16 00:00:00-04:00,72.69713592529297,73.16307830810547,71.40680694580078,72.42831420898438,9755291
2017-06-23 00:00:00-04:00,72.5627212524414,77.86738586425781,72.49103546142578,77.36559295654297,14907415
2017-06-30 00:00:00-04:00,76.87275695800781,77.24910736083984,74.67742156982422,74.79390716552734,11788308
2017-07-07 00:00:00-04:00,74.81182861328125,75.08960723876953,73.01074981689453,73.76344299316406,7496395
2017-07-14 00:00:00-04:00,73.47669982910156,75.26881408691406,72.96595001220703,74.51612854003906,7737006
2017-07-21 00:00:00-04:00,75.12545013427734,76.73834991455078,74.32795715332031,76.15591430664062,9730851
2017-07-28 00:00:00-04:00,75.52867126464844,76.45161437988281,75.19713592529297,75.94085693359375,8817961
2017-08-04 00:00:00-04:00,76.55017852783203,76.7293930053711,75.79749298095703,76.13799285888672,6790748
2017-08-11 00:00:00-04:00,75.76165008544922,75.95877838134766,74.32795715332031,74.6863784790039,7252548
2017-08-18 00:00:00-04:00,75.28673553466797,75.7258071899414,74.06809997558594,74.15770721435547,5663812
2017-08-25 00:00:00-04:00,74.53404998779297,75.3494644165039,74.2921142578125,74.84767150878906,6072267
2017-09-01 00:00:00-04:00,74.67742156982422,75.7706069946289,74.02330017089844,75.09856414794922,15962147
2017-09-08 00:00:00-04:00,75.0179214477539,76.80107879638672,74.74910736083984,76.7293930053711,8890725
2017-09-15 00:00:00-04:00,76.42472839355469,77.09677124023438,76.42472839355469,76.68458557128906,8179945
2017-09-22 00:00:00-04:00,76.8548355102539,77.42831420898438,76.07527160644531,77.20429992675781,9609428
2017-09-29 00:00:00-04:00,77.05197143554688,77.5627212524414,75.51074981689453,76.92652130126953,9527404
2017-10-06 00:00:00-04:00,77.38351440429688,77.66129302978516,76.415771484375,76.8548355102539,8992616
2017-10-13 00:00:00-04:00,76.8548355102539,77.58960723876953,76.33512878417969,77.17742156982422,6842530
2017-10-20 00:00:00-04:00,77.37454986572266,77.84049987792969,76.60394287109375,76.82795715332031,8273243
2017-10-27 00:00:00-04:00,77.25806427001953,77.58960723876953,72.22222137451172,72.32975006103516,25006435
2017-11-03 00:00:00-04:00,72.94802856445312,75.00896453857422,72.8494644165039,75.0,11302736
2017-11-10 00:00:00-05:00,75.10752868652344,75.24193572998047,73.19892120361328,73.81720733642578,8911037
2017-11-17 00:00:00-05:00,73.90680694580078,75.53763580322266,73.86200714111328,75.25089263916016,6422803
2017-11-24 00:00:00-05:00,75.26881408691406,76.4784927368164,74.54301452636719,76.23655700683594,9181890
2017-12-01 00:00:00-05:00,76.24552154541016,77.20429992675781,75.7078857421875,77.1057357788086,5863017
2017-12-08 00:00:00-05:00,77.06092834472656,77.17742156982422,73.95161437988281,75.23297119140625,5600312
2017-12-15 00:00:00-05:00,75.11648559570312,76.25447845458984,74.9820785522461,76.0394287109375,5757890
2017-12-22 00:00:00-05:00,76.17383575439453,76.69355010986328,74.16666412353516,74.32795715332031,6089007
2017-12-29 00:00:00-05:00,74.2293930053711,75.88710021972656,74.2293930053711,75.23297119140625,2654629
2018-01-05 00:00:00-05:00,75.36738586425781,77.35662841796875,75.29570007324219,77.30286407470703,4241022
2018-01-12 00:00:00-05:00,77.30286407470703,77.73297119140625,76.48745727539062,77.64337158203125,5733673
2018-01-19 00:00:00-05:00,77.79570007324219,78.21684265136719,77.25806427001953,77.90322875976562,5228013
2018-01-26 00:00:00-05:00,77.31182861328125,84.39964294433594,77.31182861328125,84.14874267578125,14247972
2018-02-02 00:00:00-05:00,83.24372863769531,83.49462127685547,79.19355010986328,79.20250701904297,8227264
2018-02-09 00:00:00-05:00,78.27957153320312,78.35125732421875,73.03763580322266,74.59677124023438,17552336
2018-02-16 00:00:00-05:00,75.08960723876953,78.46774291992188,74.83870697021484,77.8763427734375,7945250
2018-02-23 00:00:00-05:00,76.8100357055664,77.21326446533203,75.67204284667969,76.4605712890625,4900802
2018-03-02 00:00:00-05:00,76.33512878417969,77.28494262695312,73.36917877197266,74.41756439208984,8627126
2018-03-09 00:00:00-05:00,74.2741928100586,75.6810073852539,72.42831420898438,74.15770721435547,12597854
2018-03-16 00:00:00-04:00,74.20250701904297,74.6057357788086,73.30644989013672,73.53046417236328,7938665
2018-03-23 00:00:00-04:00,73.43190002441406,73.44085693359375,70.3763427734375,70.3942642211914,9598827
2018-03-30 00:00:00-04:00,71.98028564453125,73.49462127685547,70.50179290771484,72.44623565673828,6498133
2018-04-06 00:00:00-04:00,72.1415786743164,73.10035705566406,70.94085693359375,71.86380004882812,8699554
2018-04-13 00:00:00-04:00,72.42831420898438,73.8530502319336,72.24014282226562,72.61648559570312,7585563
2018-04-20 00:00:00-04:00,72.67024993896484,73.44982147216797,69.63261413574219,69.78494262695312,19976064
2018-04-27 00:00:00-04:00,69.76702880859375,69.84767150878906,67.8584213256836,69.23834991455078,6971652
2018-05-04 00:00:00-04:00,69.36380004882812,69.56989288330078,67.88530731201172,68.71863555908203,7658550
2018-05-11 00:00:00-04:00,69.13082122802734,69.6236572265625,68.5573501586914,69.48925018310547,8617752
2018-05-18 00:00:00-04:00,70.20609283447266,70.40322875976562,68.915771484375,69.05017852783203,9906620
2018-05-25 00:00:00-04:00,69.23834991455078,69.41756439208984,68.06451416015625,68.1899642944336,5431572
2018-06-01 00:00:00-04:00,67.25806427001953,68.16307830810547,66.40680694580078,67.74193572998047,7129678
2018-06-08 00:00:00-04:00,68.09140014648438,68.11827850341797,66.80107879638672,67.39247131347656,9026989
2018-06-15 00:00:00-04:00,67.29390716552734,68.40502166748047,67.20429992675781,67.91218566894531,9917110
2018-06-22 00:00:00-04:00,66.55914306640625,67.62545013427734,65.60035705566406,67.25806427001953,10576668
2018-06-29 00:00:00-04:00,66.65770721435547,68.2258071899414,64.78494262695312,67.68817138671875,11853370
2018-07-06 00:00:00-04:00,66.42472839355469,69.30107879638672,66.31720733642578,69.14874267578125,8563180
2018-07-13 00:00:00-04:00,69.247314453125,71.01254272460938,68.252685546875,70.59140014648438,10497320
2018-07-20 00:00:00-04:00,70.81541442871094,74.02330017089844,69.91039276123047,73.71863555908203,16774150
2018-07-27 00:00:00-04:00,74.03225708007812,74.9820785522461,73.584228515625,74.81182861328125,11113128
2018-08-03 00:00:00-04:00,75.07168579101562,75.71684265136719,74.05914306640625,74.66845703125,8036763
2018-08-10 00:00:00-04:00,74.42652130126953,75.03584289550781,73.37813568115234,73.5663070678711,8860482
2018-08-17 00:00:00-04:00,73.67383575439453,74.56989288330078,72.66129302978516,74.40859985351562,9357214
2018-08-24 00:00:00-04:00,74.6057357788086,75.6810073852539,74.53404998779297,75.0447998046875,8088767
2018-08-31 00:00:00-04:00,75.09856414794922,75.47490692138672,74.10394287109375,74.38172149658203,5869491
2018-09-07 00:00:00-04:00,73.70071411132812,74.06809997558594,72.73297119140625,73.27957153320312,5523642
2018-09-14 00:00:00-04:00,74.03225708007812,76.52330017089844,73.86200714111328,76.36200714111328,8695315
2018-09-21 00:00:00-04:00,76.01254272460938,77.04301452636719,75.3136215209961,76.57706451416016,14471729
2018-09-28 00:00:00-04:00,76.4426498413086,77.74193572998047,76.09319305419922,77.20429992675781,8263980
2018-10-05 00:00:00-04:00,77.46415710449219,78.63799285888672,76.27239990234375,76.62186431884766,8623109
2018-10-12 00:00:00-04:00,75.82437133789062,77.24014282226562,73.19892120361328,74.17562866210938,15189764
2018-10-19 00:00:00-04:00,74.77598571777344,78.46774291992188,74.48028564453125,78.12724304199219,18859954
2018-10-26 00:00:00-04:00,77.67024993896484,78.9605712890625,74.9731216430664,76.42472839355469,21591140
2018-11-02 00:00:00-04:00,77.94802856445312,79.19355010986328,76.42472839355469,78.13619995117188,17067657
2018-11-09 00:00:00-05:00,78.8530502319336,80.23297119140625,78.39605712890625,79.94623565673828,18013133
2018-11-16 00:00:00-05:00,79.46236419677734,79.59677124023438,77.4731216430664,78.6290283203125,13328835
2018-11-23 00:00:00-05:00,79.07706451416016,80.17024993896484,77.27598571777344,78.87992858886719,16123745
2018-11-30 00:00:00-05:00,79.40859985351562,82.17742156982422,78.70967864990234,82.01612854003906,15375132
2018-12-07 00:00:00-05:00,82.30286407470703,82.78673553466797,77.74193572998047,78.02867126464844,11310102
2018-12-14 00:00:00-05:00,78.2347640991211,79.75806427001953,76.87275695800781,78.30644989013672,14111374
2018-12-21 00:00:00-05:00,77.61648559570312,77.75985717773438,74.67742156982422,74.6863784790039,22336517
2018-12-28 00:00:00-05:00,74.63261413574219,77.13261413574219,73.5394287109375,76.3978500366211,6905473
2019-01-04 00:00:00-05:00,76.73834991455078,77.35662841796875,74.96415710449219,76.96236419677734,8787607
2019-01-11 00:00:00-05:00,75.49282836914062,79.18458557128906,75.47490692138672,78.6469497680664,10585930
2019-01-18 00:00:00-05:00,78.15412139892578,79.9372787475586,77.61648559570312,79.74014282226562,10870732
2019-01-25 00:00:00-05:00,79.10394287109375,79.66845703125,76.8100357055664,77.01612854003906,9401519
2019-02-01 00:00:00-05:00,76.37992858886719,78.79928588867188,76.09319305419922,78.54838562011719,16733526
2019-02-08 00:00:00-05:00,79.07706451416016,80.13440704345703,78.88888549804688,79.61469268798828,9184122
2019-02-15 00:00:00-05:00,79.15770721435547,80.63619995117188,78.90680694580078,80.53763580322266,11341127
2019-02-22 00:00:00-05:00,80.24193572998047,81.56809997558594,80.20609283447266,81.34408569335938,6028744
2019-03-01 00:00:00-05:00,81.49641418457031,82.31182861328125,81.42472839355469,81.89964294433594,7820147
2019-03-08 00:00:00-05:00,79.9372787475586,80.74372863769531,79.52509307861328,80.3584213256836,10674204
2019-03-15 00:00:00-04:00,80.25985717773438,83.88888549804688,80.24193572998047,83.59319305419922,10937359
2019-03-22 00:00:00-04:00,83.36917877197266,84.13082122802734,83.07347869873047,83.70967864990234,14258240
2019-03-29 00:00:00-04:00,83.84408569335938,86.29928588867188,83.24372863769531,86.1469497680664,13824004
2019-04-05 00:00:00-04:00,86.29928588867188,86.29928588867188,83.78136444091797,84.22042846679688,12848954
2019-04-12 00:00:00-04:00,85.10752868652344,85.10752868652344,80.12000274658203,80.23999786376953,21241498
2019-04-19 00:00:00-04:00,80.88999938964844,81.12999725341797,75.95999908447266,76.41000366210938,15313100
2019-04-26 00:00:00-04:00,75.5999984741211,81.37000274658203,74.97000122070312,81.29000091552734,27906700
2019-05-03 00:00:00-04:00,80.9800033569336,82.80000305175781,80.83000183105469,82.61000061035156,7503900
2019-05-10 00:00:00-04:00,82.05000305175781,83.02999877929688,80.55999755859375,81.87999725341797,7986700
2019-05-17 00:00:00-04:00,80.18000030517578,83.31999969482422,80.0199966430664,82.69999694824219,7331100
2019-05-24 00:00:00-04:00,82.37000274658203,88.44000244140625,81.68000030517578,87.5199966430664,14174500
2019-05-31 00:00:00-04:00,87.70999908447266,88.0199966430664,85.33000183105469,85.63999938964844,9595500
2019-06-07 00:00:00-04:00,87.26000213623047,88.61000061035156,86.9800033569336,88.05999755859375,10450400
2019-06-14 00:00:00-04:00,88.11000061035156,90.20999908447266,87.69999694824219,89.5199966430664,9460600
2019-06-21 00:00:00-04:00,89.18000030517578,93.33999633789062,89.18000030517578,92.48999786376953,8642800
2019-06-28 00:00:00-04:00,92.43000030517578,93.6500015258789,90.83999633789062,91.30999755859375,6687500
2019-07-05 00:00:00-04:00,91.81999969482422,92.66000366210938,90.30999755859375,90.44000244140625,4477100
2019-07-12 00:00:00-04:00,90.16999816894531,92.08000183105469,88.02999877929688,88.19000244140625,10235800
2019-07-19 00:00:00-04:00,88.76000213623047,95.0,88.6500015258789,93.55999755859375,17521600
2019-07-26 00:00:00-04:00,94.45999908447266,94.58000183105469,91.87000274658203,93.19000244140625,10478800
2019-08-02 00:00:00-04:00,92.36000061035156,92.58000183105469,90.9000015258789,92.18000030517578,6819300
2019-08-09 00:00:00-04:00,91.61000061035156,91.81999969482422,86.73999786376953,90.81999969482422,17343400
2019-08-16 00:00:00-04:00,91.55000305175781,91.79000091552734,88.11000061035156,89.47000122070312,7633900
2019-08-23 00:00:00-04:00,90.16999816894531,90.54000091552734,88.20999908447266,88.44000244140625,8662100
2019-08-30 00:00:00-04:00,88.01000213623047,90.95999908447266,87.97000122070312,90.11000061035156,5518100
2019-09-06 00:00:00-04:00,88.87000274658203,90.19999694824219,88.83999633789062,89.70999908447266,5714400
2019-09-13 00:00:00-04:00,89.38999938964844,89.81999969482422,86.9000015258789,86.98999786376953,10581600
2019-09-20 00:00:00-04:00,86.6500015258789,87.80000305175781,85.8499984741211,87.06999969482422,7768800
2019-09-27 00:00:00-04:00,86.72000122070312,87.58000183105469,85.36000061035156,87.4000015258789,9388100
2019-10-04 00:00:00-04:00,86.52999877929688,87.19000244140625,83.97000122070312,85.94000244140625,9630200
2019-10-11 00:00:00-04:00,86.30000305175781,87.18000030517578,85.01000213623047,86.5999984741211,7800500
2019-10-18 00:00:00-04:00,85.81999969482422,87.6500015258789,85.5999984741211,86.87999725341797,6972400
2019-10-25 00:00:00-04:00,86.51000213623047,87.7699966430664,85.91999816894531,87.30999755859375,11761400
2019-11-01 00:00:00-04:00,87.20999908447266,88.5199966430664,86.88999938964844,87.62999725341797,8192000
2019-11-08 00:00:00-05:00,88.97000122070312,89.0,86.80000305175781,88.37000274658203,10382300
2019-11-15 00:00:00-05:00,88.5,90.22000122070312,88.37000274658203,90.04000091552734,4464200
2019-11-22 00:00:00-05:00,90.18000030517578,91.05000305175781,89.52999877929688,90.4800033569336,7544200
2019-11-29 00:00:00-05:00,90.29000091552734,92.44000244140625,90.20999908447266,92.30000305175781,7914300
2019-12-06 00:00:00-05:00,91.69000244140625,92.45999908447266,90.33000183105469,92.06999969482422,7045800
2019-12-13 00:00:00-05:00,92.08999633789062,93.25,92.06999969482422,92.98999786376953,9846400
2019-12-20 00:00:00-05:00,92.94999694824219,94.55000305175781,92.87000274658203,94.29000091552734,8321900
2019-12-27 00:00:00-05:00,95.01000213623047,95.66000366210938,94.52999877929688,95.37000274658203,3872400
2020-01-03 00:00:00-05:00,95.51000213623047,95.52999877929688,94.0999984741211,94.79000091552734,4180300
2020-01-10 00:00:00-05:00,94.66999816894531,95.43000030517578,93.79000091552734,93.86000061035156,6095000
2020-01-17 00:00:00-05:00,93.91999816894531,96.05999755859375,93.47000122070312,95.93000030517578,7509100
2020-01-24 00:00:00-05:00,95.63999938964844,95.97000122070312,93.6500015258789,93.87000274658203,13077800
2020-01-31 00:00:00-05:00,93.05000305175781,96.77999877929688,92.95999908447266,94.51000213623047,10925900
2020-02-07 00:00:00-05:00,94.33999633789062,97.0,94.1500015258789,95.83000183105469,9528500
2020-02-14 00:00:00-05:00,96.16999816894531,99.83999633789062,96.11000061035156,97.62999725341797,9051800
2020-02-21 00:00:00-05:00,96.97000122070312,97.66000366210938,95.87999725341797,96.76000213623047,5198400
2020-02-28 00:00:00-05:00,92.72000122070312,93.66999816894531,83.05000305175781,83.95999908447266,26670000
2020-03-06 00:00:00-05:00,85.5999984741211,87.87000274658203,83.20999908447266,85.72000122070312,16058300
2020-03-13 00:00:00-04:00,82.94999694824219,85.55999755859375,72.16000366210938,79.61000061035156,24107900
2020-03-20 00:00:00-04:00,70.06999969482422,77.76000213623047,69.18000030517578,72.41999816894531,22175100
2020-03-27 00:00:00-04:00,73.7300033569336,81.04000091552734,70.2300033569336,79.27999877929688,15547000
2020-04-03 00:00:00-04:00,80.55999755859375,84.2699966430664,80.41999816894531,83.63999938964844,11089800
2020-04-10 00:00:00-04:00,85.0999984741211,86.58000183105469,83.77999877929688,84.8499984741211,7878100
2020-04-17 00:00:00-04:00,85.0,89.43000030517578,83.91000366210938,89.29000091552734,11163000
2020-04-24 00:00:00-04:00,89.7300033569336,91.36000061035156,87.75,89.05000305175781,12913700
2020-05-01 00:00:00-04:00,89.9800033569336,90.58000183105469,82.97000122070312,83.41000366210938,12023300
2020-05-08 00:00:00-04:00,84.08000183105469,86.12000274658203,83.37000274658203,84.93000030517578,7018100
2020-05-15 00:00:00-04:00,84.86000061035156,86.91000366210938,82.69999694824219,84.0199966430664,8627000
2020-05-22 00:00:00-04:00,84.77999877929688,86.22000122070312,83.51000213623047,84.91000366210938,9281400
2020-05-29 00:00:00-04:00,85.12999725341797,87.58999633789062,83.25,87.43000030517578,9058000
2020-06-05 00:00:00-04:00,87.12000274658203,87.38999938964844,84.94000244140625,85.88999938964844,7766700
2020-06-12 00:00:00-04:00,85.73999786376953,89.33999633789062,83.4000015258789,84.3499984741211,9305100
2020-06-19 00:00:00-04:00,85.4000015258789,91.44000244140625,84.7699966430664,91.0999984741211,13075800
2020-06-26 00:00:00-04:00,90.66999816894531,91.43000030517578,86.8499984741211,87.0999984741211,7844000
2020-07-03 00:00:00-04:00,88.0199966430664,88.19000244140625,86.08999633789062,87.56999969482422,4998300
2020-07-10 00:00:00-04:00,88.4000015258789,88.87000274658203,86.56999969482422,87.01000213623047,5115800
2020-07-17 00:00:00-04:00,86.69000244140625,88.5199966430664,85.93000030517578,88.16999816894531,6437800
2020-07-24 00:00:00-04:00,88.66000366210938,89.02999877929688,83.80999755859375,84.22000122070312,11833600
2020-07-31 00:00:00-04:00,84.33999633789062,84.86000061035156,81.55999755859375,82.13999938964844,8495800
2020-08-07 00:00:00-04:00,83.87999725341797,84.62000274658203,82.44999694824219,82.91000366210938,8296800
2020-08-14 00:00:00-04:00,82.36000061035156,85.83999633789062,82.11000061035156,84.6500015258789,9370900
2020-08-21 00:00:00-04:00,85.44000244140625,87.31999969482422,85.16999816894531,86.4000015258789,7740700
2020-08-28 00:00:00-04:00,86.75,88.2300033569336,85.83999633789062,86.5999984741211,6518000
2020-09-04 00:00:00-04:00,86.37999725341797,89.2300033569336,85.44000244140625,86.68000030517578,10316500
2020-09-11 00:00:00-04:00,86.9000015258789,90.68000030517578,86.47000122070312,89.87999725341797,6512100
2020-09-18 00:00:00-04:00,89.58000183105469,92.2699966430664,89.55000305175781,90.94000244140625,12585500
2020-09-25 00:00:00-04:00,89.61000061035156,89.70999908447266,85.8499984741211,87.11000061035156,7607800
2020-10-02 00:00:00-04:00,87.36000061035156,88.31999969482422,86.4800033569336,87.5199966430664,11201100
2020-10-09 00:00:00-04:00,88.19999694824219,88.69999694824219,85.37000274658203,88.38999938964844,8150000
2020-10-16 00:00:00-04:00,88.83999633789062,88.91000366210938,84.94999694824219,86.19000244140625,7367000
2020-10-23 00:00:00-04:00,86.75,86.87999725341797,84.04000091552734,84.43000030517578,6724300
2020-10-30 00:00:00-04:00,84.0999984741211,84.4000015258789,77.04000091552734,78.08000183105469,10995200
2020-11-06 00:00:00-05:00,79.20999908447266,85.04000091552734,78.61000061035156,84.72000122070312,11298200
2020-11-13 00:00:00-05:00,85.18000030517578,86.43000030517578,83.91000366210938,86.0999984741211,7360600
2020-11-20 00:00:00-05:00,86.29000091552734,87.55000305175781,85.72000122070312,87.5199966430664,11046800
2020-11-27 00:00:00-05:00,87.1500015258789,89.91999816894531,86.94000244140625,89.76000213623047,9089300
2020-12-04 00:00:00-05:00,89.87999725341797,92.0999984741211,89.30000305175781,91.62000274658203,12492000
2020-12-11 00:00:00-05:00,91.48999786376953,92.66999816894531,90.0,92.62000274658203,6203400
2020-12-18 00:00:00-05:00,91.36000061035156,92.69999694824219,89.55999755859375,90.91000366210938,11521000
2020-12-25 00:00:00-05:00,88.2699966430664,88.8499984741211,87.41000366210938,88.55000305175781,6250300
2021-01-01 00:00:00-05:00,90.79000091552734,95.04000091552734,90.13999938964844,94.43000030517578,7664200
2021-01-08 00:00:00-05:00,95.01000213623047,95.11000061035156,92.73999786376953,94.04000091552734,7468900
2021-01-15 00:00:00-05:00,93.66999816894531,96.54000091552734,93.0,95.62999725341797,10803500
2021-01-22 00:00:00-05:00,96.37999725341797,97.5199966430664,95.8499984741211,96.9000015258789,7678300
2021-01-29 00:00:00-05:00,97.19000244140625,98.5199966430664,89.47000122070312,90.47000122070312,17631300
2021-02-05 00:00:00-05:00,90.72000122070312,90.80000305175781,89.01000213623047,90.52999877929688,10071500
2021-02-12 00:00:00-05:00,91.41999816894531,92.33000183105469,90.44000244140625,92.02999877929688,9745300
2021-02-19 00:00:00-05:00,92.3499984741211,92.36000061035156,88.36000061035156,88.41000366210938,7376100
2021-02-26 00:00:00-05:00,88.20999908447266,88.47000122070312,85.62999725341797,85.91000366210938,10599700
2021-03-05 00:00:00-05:00,86.55000305175781,88.83999633789062,82.29000091552734,84.01000213623047,9799800
2021-03-12 00:00:00-05:00,83.98999786376953,85.2699966430664,83.54000091552734,84.12999725341797,8627300
2021-03-19 00:00:00-04:00,84.33999633789062,86.12000274658203,83.7699966430664,85.94000244140625,7648700
2021-03-26 00:00:00-04:00,85.5199966430664,87.5,85.45999908447266,87.41000366210938,8216700
2021-04-02 00:00:00-04:00,87.31999969482422,87.81999969482422,85.44000244140625,86.08000183105469,7188400
2021-04-09 00:00:00-04:00,86.36000061035156,87.68000030517578,85.9800033569336,87.55000305175781,10663500
2021-04-16 00:00:00-04:00,87.22000122070312,88.06999969482422,86.18000030517578,88.0199966430664,8968500
2021-04-23 00:00:00-04:00,88.48999786376953,88.95999908447266,87.66000366210938,88.2699966430664,9495600
2021-04-30 00:00:00-04:00,88.12000274658203,88.22000122070312,85.16999816894531,85.23999786376953,10722300
2021-05-07 00:00:00-04:00,86.22000122070312,88.16999816894531,85.2699966430664,87.95999908447266,10603100
2021-05-14 00:00:00-04:00,88.0,89.2699966430664,87.06999969482422,88.95999908447266,8890700
2021-05-21 00:00:00-04:00,88.70999908447266,89.12999725341797,87.26000213623047,88.11000061035156,7455500
2021-05-28 00:00:00-04:00,88.33000183105469,89.22000122070312,87.91999816894531,88.37999725341797,11013000
2021-06-04 00:00:00-04:00,89.0,90.16999816894531,88.12000274658203,89.80000305175781,7128900
2021-06-11 00:00:00-04:00,89.9000015258789,93.70999908447266,89.38999938964844,92.69000244140625,11474000
2021-06-18 00:00:00-04:00,93.19999694824219,94.7699966430664,92.80000305175781,93.01000213623047,8041400
2021-06-25 00:00:00-04:00,93.36000061035156,94.04000091552734,92.2300033569336,92.48999786376953,6141100
2021-07-02 00:00:00-04:00,92.26000213623047,92.58999633789062,90.9800033569336,91.9800033569336,7941500
2021-07-09 00:00:00-04:00,91.83000183105469,92.91999816894531,91.29000091552734,92.73999786376953,6626500
2021-07-16 00:00:00-04:00,93.19999694824219,93.45999908447266,91.02999877929688,91.69999694824219,7968200
2021-07-23 00:00:00-04:00,90.33999633789062,92.05999755859375,89.13999938964844,91.56999969482422,9859500
2021-07-30 00:00:00-04:00,91.05999755859375,92.91999816894531,90.55999755859375,92.38999938964844,6998700
2021-08-06 00:00:00-04:00,92.41999816894531,92.70999908447266,91.13999938964844,91.31999969482422,8828100
2021-08-13 00:00:00-04:00,91.81999969482422,93.87999725341797,91.62999725341797,93.83000183105469,8306400
2021-08-20 00:00:00-04:00,93.73999786376953,95.16999816894531,92.47000122070312,93.33000183105469,10828400
2021-08-27 00:00:00-04:00,93.86000061035156,94.25,91.18000030517578,92.0199966430664,10514300
2021-09-03 00:00:00-04:00,91.43000030517578,93.6500015258789,90.88999938964844,91.4000015258789,10516200
2021-09-10 00:00:00-04:00,90.30999755859375,90.48999786376953,85.37999725341797,85.43000030517578,6666500
2021-09-17 00:00:00-04:00,85.7300033569336,85.86000061035156,83.02999877929688,83.4800033569336,8360700
2021-09-24 00:00:00-04:00,82.05999755859375,83.9800033569336,81.97000122070312,82.93000030517578,10253200
2021-10-01 00:00:00-04:00,82.5,83.05000305175781,81.33999633789062,82.01000213623047,14773100
2021-10-08 00:00:00-04:00,82.33000183105469,83.1500015258789,81.01000213623047,82.83000183105469,11298000
2021-10-15 00:00:00-04:00,82.87000274658203,83.33999633789062,81.9800033569336,83.33000183105469,7102200
2021-10-22 00:00:00-04:00,82.61000061035156,84.95999908447266,82.19000244140625,84.91999816894531,9083300
2021-10-29 00:00:00-04:00,83.66999816894531,85.31999969482422,82.23999786376953,82.76000213623047,14291900
2021-11-05 00:00:00-04:00,83.83000183105469,84.22000122070312,82.93000030517578,83.6500015258789,12480000
2021-11-12 00:00:00-05:00,83.3499984741211,83.95999908447266,82.48999786376953,82.48999786376953,11684800
2021-11-19 00:00:00-05:00,82.63999938964844,82.86000061035156,81.58000183105469,81.66000366210938,9527700
2021-11-26 00:00:00-05:00,81.72000122070312,82.7699966430664,80.52999877929688,80.69999694824219,7685600
2021-12-03 00:00:00-05:00,80.13999938964844,80.93000030517578,79.33999633789062,80.0,11392500
2021-12-10 00:00:00-05:00,80.2699966430664,81.54000091552734,80.1500015258789,80.66999816894531,12100100
2021-12-17 00:00:00-05:00,80.73999786376953,86.62999725341797,80.51000213623047,85.9000015258789,22132200
2021-12-24 00:00:00-05:00,85.4800033569336,87.16000366210938,85.12999725341797,86.66000366210938,11316700
2021-12-31 00:00:00-05:00,87.19000244140625,88.23999786376953,86.98999786376953,87.47000122070312,8565100
2022-01-07 00:00:00-05:00,87.55000305175781,89.43000030517578,87.12999725341797,89.30999755859375,12855400
2022-01-14 00:00:00-05:00,88.5,90.98999786376953,88.45999908447266,90.55000305175781,10503400
2022-01-21 00:00:00-05:00,89.48999786376953,89.83999633789062,86.91000366210938,87.02999877929688,9210100
2022-01-28 00:00:00-05:00,84.56999969482422,85.9800033569336,83.26000213623047,85.91000366210938,14946600
2022-02-04 00:00:00-05:00,85.94000244140625,88.44999694824219,84.29000091552734,86.27999877929688,17297900
2022-02-11 00:00:00-05:00,87.0199966430664,88.02999877929688,85.47000122070312,85.56999969482422,15720300
2022-02-18 00:00:00-05:00,86.38999938964844,87.9800033569336,85.30999755859375,86.38999938964844,14289800
2022-02-25 00:00:00-05:00,85.83000183105469,87.83999633789062,84.62999725341797,87.62999725341797,11995000
2022-03-04 00:00:00-05:00,86.98999786376953,88.55000305175781,83.94000244140625,84.73999786376953,12728000
2022-03-11 00:00:00-05:00,83.83000183105469,84.05999755859375,79.08999633789062,82.37000274658203,16766900
2022-03-18 00:00:00-04:00,83.83000183105469,86.94999694824219,83.56999969482422,86.79000091552734,11573700
2022-03-25 00:00:00-04:00,86.5999984741211,87.2300033569336,85.19999694824219,86.86000061035156,9071900
2022-04-01 00:00:00-04:00,86.81999969482422,88.5999984741211,86.54000091552734,87.69000244140625,9085400
2022-04-08 00:00:00-04:00,88.22000122070312,93.04000091552734,86.9800033569336,92.7300033569336,15803800
2022-04-15 00:00:00-04:00,94.0999984741211,94.26000213623047,92.37000274658203,92.5199966430664,9860500
2022-04-22 00:00:00-04:00,91.95999908447266,92.55000305175781,89.20999908447266,89.20999908447266,10962400
2022-04-29 00:00:00-04:00,90.02999877929688,91.01000213623047,87.94000244140625,88.02999877929688,13136700
2022-05-06 00:00:00-04:00,87.70999908447266,88.5,85.4800033569336,85.81999969482422,12480000
2022-05-13 00:00:00-04:00,84.61000061035156,86.37999725341797,83.37000274658203,85.81999969482422,14711400
2022-05-20 00:00:00-04:00,86.68000030517578,89.44999694824219,86.58000183105469,89.41999816894531,16557100
2022-05-27 00:00:00-04:00,89.94000244140625,92.12000274658203,89.94000244140625,91.45999908447266,13526100
2022-06-03 00:00:00-04:00,90.41000366210938,91.19000244140625,88.86000061035156,89.12000274658203,6953900
2022-06-10 00:00:00-04:00,89.5999984741211,89.5999984741211,84.3499984741211,85.05999755859375,7714500
2022-06-17 00:00:00-04:00,83.16999816894531,83.83000183105469,80.16000366210938,81.05999755859375,11891100
2022-06-24 00:00:00-04:00,82.61000061035156,84.83000183105469,81.19999694824219,84.83000183105469,9349100
2022-07-01 00:00:00-04:00,85.08000183105469,85.97000122070312,83.06999969482422,84.36000061035156,9961800
2022-07-08 00:00:00-04:00,83.61000061035156,84.94999694824219,83.19000244140625,84.33999633789062,6698600
2022-07-15 00:00:00-04:00,84.30999755859375,84.86000061035156,81.76000213623047,84.63999938964844,11305700
2022-07-22 00:00:00-04:00,84.7300033569336,86.66000366210938,82.47000122070312,85.87000274658203,13471300
2022-07-29 00:00:00-04:00,85.91999816894531,87.62999725341797,85.5999984741211,85.83000183105469,9601100
2022-08-05 00:00:00-04:00,85.56999969482422,85.9800033569336,84.56999969482422,85.56999969482422,7325600
2022-08-12 00:00:00-04:00,86.04000091552734,88.02999877929688,84.68000030517578,85.68000030517578,10044800
2022-08-19 00:00:00-04:00,85.26000213623047,85.83999633789062,84.51000213623047,85.76000213623047,7265600
2022-08-26 00:00:00-04:00,85.30000305175781,85.61000061035156,82.33000183105469,82.68000030517578,8504100
2022-09-02 00:00:00-04:00,83.0,83.04000091552734,79.36000061035156,79.69999694824219,18799200
2022-09-09 00:00:00-04:00,80.66999816894531,82.77999877929688,79.58999633789062,82.5999984741211,10566300
2022-09-16 00:00:00-04:00,83.68000030517578,84.22000122070312,80.16000366210938,80.6500015258789,8698700
2022-09-23 00:00:00-04:00,80.2300033569336,80.77999877929688,75.52999877929688,76.01000213623047,13233800
2022-09-30 00:00:00-04:00,74.45999908447266,77.29000091552734,74.08999633789062,76.01000213623047,18305400
2022-10-07 00:00:00-04:00,76.87999725341797,78.52999877929688,75.36000061035156,75.6500015258789,12868000
2022-10-14 00:00:00-04:00,75.48999786376953,76.75,74.23999786376953,75.56999969482422,11730600
2022-10-21 00:00:00-04:00,77.3499984741211,77.95999908447266,75.37999725341797,77.0999984741211,9998300
2022-10-28 00:00:00-04:00,77.55999755859375,80.81999969482422,77.29000091552734,80.76000213623047,11011800
2022-11-04 00:00:00-04:00,80.44999694824219,82.06999969482422,79.75,81.72000122070312,11211800
2022-11-11 00:00:00-05:00,81.08999633789062,85.66999816894531,80.91999816894531,84.0199966430664,11785200
2022-11-18 00:00:00-05:00,83.43000030517578,85.81999969482422,82.23999786376953,85.69999694824219,12397400
2022-11-25 00:00:00-05:00,86.33000183105469,87.81999969482422,86.0,87.70999908447266,6141900
2022-12-02 00:00:00-05:00,87.95999908447266,90.12999725341797,87.27999877929688,89.98999786376953,8695800
2022-12-09 00:00:00-05:00,90.83000183105469,92.08999633789062,90.22000122070312,90.94999694824219,8603400
2022-12-16 00:00:00-05:00,90.9000015258789,93.30999755859375,90.05000305175781,90.4800033569336,10643300
2022-12-23 00:00:00-05:00,90.4800033569336,91.44999694824219,89.73999786376953,90.87000274658203,6866300
2022-12-30 00:00:00-05:00,91.41999816894531,91.9000015258789,90.25,90.72000122070312,6406600
2023-01-06 00:00:00-05:00,91.0999984741211,93.04000091552734,90.52999877929688,92.29000091552734,7335500
2023-01-13 00:00:00-05:00,92.98999786376953,93.2300033569336,89.66999816894531,91.05999755859375,13053700
2023-01-20 00:00:00-05:00,93.19000244140625,93.25,91.29000091552734,92.06999969482422,7213000
2023-01-27 00:00:00-05:00,91.80000305175781,92.86000061035156,87.0,89.48999786376953,11592600
2023-02-03 00:00:00-05:00,90.06999969482422,90.62999725341797,85.58000183105469,85.8499984741211,14782000
2023-02-10 00:00:00-05:00,85.56999969482422,87.80000305175781,85.12999725341797,86.4800033569336,9909900
2023-02-17 00:00:00-05:00,86.81999969482422,88.0999984741211,85.62000274658203,87.05000305175781,9062800
2023-02-24 00:00:00-05:00,86.91000366210938,87.63999938964844,85.37999725341797,85.62000274658203,5509200
2023-03-03 00:00:00-05:00,86.16999816894531,86.18000030517578,83.6500015258789,84.68000030517578,9136700
2023-03-10 00:00:00-05:00,84.97000122070312,85.62000274658203,79.9800033569336,80.66999816894531,9550900
2023-03-17 00:00:00-04:00,81.4000015258789,83.08000183105469,81.2699966430664,82.19000244140625,12839600
2023-03-24 00:00:00-04:00,82.83000183105469,83.80000305175781,81.95999908447266,83.58999633789062,12733700
2023-03-31 00:00:00-04:00,89.02999877929688,92.19000244140625,88.91000366210938,92.0,18956100
2023-04-07 00:00:00-04:00,92.33000183105469,96.55999755859375,92.08999633789062,96.26000213623047,8265700
2023-04-14 00:00:00-04:00,95.9800033569336,98.2699966430664,95.11000061035156,97.87999725341797,8052100
2023-04-21 00:00:00-04:00,98.33999633789062,100.44000244140625,97.18000030517578,100.30000305175781,9712600
2023-04-28 00:00:00-04:00,100.79000091552734,105.55999755859375,100.16999816894531,102.56999969482422,12036800
2023-05-05 00:00:00-04:00,102.75,104.87999725341797,101.91000366210938,104.72000122070312,7302100
2023-05-12 00:00:00-04:00,104.5999984741211,105.3499984741211,102.77999877929688,103.13999938964844,7242000
2023-05-19 00:00:00-04:00,103.3499984741211,103.4800033569336,99.55999755859375,100.80999755859375,8995500
2023-05-26 00:00:00-04:00,101.45999908447266,102.0,97.3499984741211,97.86000061035156,11887200
2023-06-02 00:00:00-04:00,96.80000305175781,98.93000030517578,95.33999633789062,98.91000366210938,11694600
2023-06-09 00:00:00-04:00,99.8499984741211,101.02999877929688,98.30000305175781,100.93000030517578,12194500
2023-06-16 00:00:00-04:00,100.7699966430664,102.7300033569336,99.18000030517578,101.83000183105469,9299900
2023-06-23 00:00:00-04:00,101.44000244140625,101.5,100.08000183105469,100.69000244140625,5184700
2023-06-30 00:00:00-04:00,100.41999816894531,100.91000366210938,98.12999725341797,100.91000366210938,7337300
2023-07-07 00:00:00-04:00,99.69000244140625,99.72000122070312,93.91000366210938,94.7300033569336,12683700
2023-07-14 00:00:00-04:00,96.08999633789062,99.08000183105469,96.06999969482422,98.83000183105469,6907000
2023-07-21 00:00:00-04:00,98.18000030517578,105.61000061035156,97.91999816894531,105.01000213623047,12744000
2023-07-28 00:00:00-04:00,104.95999908447266,105.20999908447266,103.23999786376953,104.18000030517578,6064800
2023-08-04 00:00:00-04:00,104.88999938964844,105.0199966430664,101.16999816894531,101.80000305175781,4896500
2023-08-11 00:00:00-04:00,102.5999984741211,104.2300033569336,102.33000183105469,103.58999633789062,5565800
2023-08-18 00:00:00-04:00,102.98999786376953,103.61000061035156,100.91999816894531,101.0199966430664,3979100
2023-08-25 00:00:00-04:00,102.54000091552734,103.26000213623047,100.79000091552734,101.77999877929688,3965600
2023-09-01 00:00:00-04:00,102.86000061035156,103.5999984741211,100.47000122070312,100.72000122070312,4208200
2023-09-08 00:00:00-04:00,99.54000091552734,99.55999755859375,96.91000366210938,98.33999633789062,5377800
2023-09-15 00:00:00-04:00,98.6500015258789,103.63999938964844,98.44999694824219,102.62999725341797,5675200
2023-09-22 00:00:00-04:00,102.69000244140625,104.30000305175781,101.02999877929688,101.13999938964844,4405400
2023-09-29 00:00:00-04:00,100.83000183105469,103.5999984741211,99.95999908447266,101.86000061035156,6419400
2023-10-06 00:00:00-04:00,102.05000305175781,102.08000183105469,94.93000030517578,97.13999938964844,9704400
2023-10-13 00:00:00-04:00,97.1500015258789,99.51000213623047,96.61000061035156,97.23999786376953,7385500
2023-10-20 00:00:00-04:00,96.52999877929688,97.45999908447266,93.86000061035156,94.68000030517578,9294000
2023-10-27 00:00:00-04:00,94.5199966430664,95.95999908447266,92.19000244140625,92.2699966430664,9398700
2023-11-03 00:00:00-04:00,93.83000183105469,94.38999938964844,92.41999816894531,92.76000213623047,10916200
2023-11-10 00:00:00-05:00,93.26000213623047,95.01000213623047,92.41000366210938,93.54000091552734,4984100
2023-11-17 00:00:00-05:00,93.30000305175781,95.16999816894531,92.91000366210938,94.91000366210938,8922400
2023-11-24 00:00:00-05:00,94.73999786376953,98.33000183105469,94.70999908447266,98.13999938964844,5894400
2023-12-01 00:00:00-05:00,97.94000244140625,98.31999969482422,96.48999786376953,98.12999725341797,5611300
2023-12-08 00:00:00-05:00,98.16999816894531,99.05999755859375,95.66999816894531,96.30000305175781,12868300
2023-12-15 00:00:00-05:00,97.0199966430664,99.73999786376953,96.72000122070312,97.4000015258789,7232700
2023-12-22 00:00:00-05:00,98.63999938964844,99.31999969482422,97.12999725341797,98.75,5565900
2023-12-29 00:00:00-05:00,98.45999908447266,101.04000091552734,98.33000183105469,100.97000122070312,4376700
2024-01-05 00:00:00-05:00,100.0999984741211,106.9000015258789,100.0999984741211,106.30999755859375,5995000
2024-01-12 00:00:00-05:00,107.26000213623047,107.88999938964844,105.4800033569336,107.44999694824219,7998100
2024-01-19 00:00:00-05:00,107.62000274658203,108.41000366210938,107.05000305175781,108.2300033569336,4609100
2024-01-26 00:00:00-05:00,108.36000061035156,108.77999877929688,106.58000183105469,107.16000366210938,5512500
2024-02-02 00:00:00-05:00,107.5,107.95999908447266,102.5999984741211,103.72000122070312,9286900
2024-02-09 00:00:00-05:00,103.54000091552734,104.23999786376953,100.58999633789062,101.02999877929688,6107600
2024-02-16 00:00:00-05:00,99.55999755859375,100.5999984741211,98.70999908447266,100.19000244140625,6097800
2024-02-23 00:00:00-05:00,103.11000061035156,104.13999938964844,102.05000305175781,103.9000015258789,7469600
2024-03-01 00:00:00-05:00,104.58000183105469,104.6500015258789,100.91999816894531,102.05999755859375,10291300
2024-03-08 00:00:00-05:00,101.44999694824219,103.02999877929688,99.56999969482422,100.70999908447266,5218400
2024-03-15 00:00:00-04:00,101.05000305175781,101.80999755859375,96.69000244140625,97.2699966430664,6379600
2024-03-22 00:00:00-04:00,96.94999694824219,97.0199966430664,95.25,96.2300033569336,4981600
2024-03-29 00:00:00-04:00,96.1500015258789,97.19999694824219,95.06999969482422,96.7300033569336,8542800
2024-04-05 00:00:00-04:00,96.83000183105469,98.20999908447266,93.91999816894531,95.79000091552734,8357700
2024-04-12 00:00:00-04:00,95.73999786376953,96.1500015258789,93.41000366210938,93.5199966430664,9031000
2024-04-19 00:00:00-04:00,94.19999694824219,94.97000122070312,92.3499984741211,94.36000061035156,7977400
2024-04-26 00:00:00-04:00,94.76000213623047,99.5,94.72000122070312,97.44000244140625,12742300
2024-05-03 00:00:00-04:00,97.76000213623047,97.91000366210938,96.72000122070312,97.2699966430664,7531100
2024-05-10 00:00:00-04:00,97.5,102.13999938964844,97.11000061035156,102.0999984741211,6721600
2024-05-17 00:00:00-04:00,102.44000244140625,103.55000305175781,102.12999725341797,102.56999969482422,5704700
2024-05-24 00:00:00-04:00,102.69999694824219,103.12999725341797,100.06999969482422,100.52999877929688,5028600
2024-05-31 00:00:00-04:00,100.26000213623047,103.37000274658203,98.91000366210938,103.12999725341797,5381400
2024-06-07 00:00:00-04:00,103.2300033569336,106.45999908447266,102.72000122070312,105.33000183105469,6270200
2024-06-14 00:00:00-04:00,105.06999969482422,106.7699966430664,104.20999908447266,105.72000122070312,8360500
2024-06-21 00:00:00-04:00,104.44000244140625,105.8499984741211,104.2300033569336,105.22000122070312,4636700
2024-06-28 00:00:00-04:00,107.47000122070312,107.66999816894531,106.11000061035156,106.45999908447266,6703400
2024-07-05 00:00:00-04:00,106.58000183105469,108.22000122070312,105.9000015258789,108.12999725341797,4387600
2024-07-12 00:00:00-04:00,108.68000030517578,112.4800033569336,107.81999969482422,111.69999694824219,7821600
2024-07-19 00:00:00-04:00,112.04000091552734,112.33000183105469,105.72000122070312,106.12999725341797,9429900
2024-07-26 00:00:00-04:00,107.95999908447266,110.66999816894531,107.2300033569336,110.31999969482422,7107900
2024-08-02 00:00:00-04:00,110.98999786376953,113.0,110.44000244140625,112.87000274658203,5941100
2024-08-09 00:00:00-04:00,111.02999877929688,112.19000244140625,108.4800033569336,111.88999938964844,6272400
2024-08-16 00:00:00-04:00,111.45999908447266,114.91000366210938,111.0999984741211,114.69999694824219,4761600
2024-08-23 00:00:00-04:00,115.06999969482422,118.58999633789062,114.80000305175781,118.55999755859375,4437600
2024-08-30 00:00:00-04:00,118.69000244140625,120.91999816894531,118.68000030517578,120.88999938964844,4160100
2024-09-06 00:00:00-04:00,119.12999725341797,119.44000244140625,116.33000183105469,116.6500015258789,4785700
2024-09-13 00:00:00-04:00,116.87999725341797,117.76000213623047,113.81999969482422,115.66000366210938,6892100
2024-09-20 00:00:00-04:00,116.41000366210938,116.9800033569336,114.9800033569336,115.94000244140625,4300000
2024-09-27 00:00:00-04:00,116.33999633789062,116.94999694824219,114.91000366210938,115.61000061035156,4889800
2024-10-04 00:00:00-04:00,115.41999816894531,115.5,112.80000305175781,113.94999694824219,4755600
2024-10-11 00:00:00-04:00,114.58999633789062,116.26000213623047,113.55000305175781,116.22000122070312,4915400
2024-10-18 00:00:00-04:00,115.91999816894531,117.36000061035156,115.80000305175781,117.18000030517578,3792000
2024-10-25 00:00:00-04:00,116.7699966430664,116.8499984741211,113.12000274658203,113.79000091552734,4189500
2024-11-01 00:00:00-04:00,114.27999877929688,115.7699966430664,107.94000244140625,109.3499984741211,10119000
2024-11-08 00:00:00-05:00,110.9000015258789,111.2300033569336,106.12999725341797,106.44999694824219,5639800
2024-11-15 00:00:00-05:00,106.2300033569336,106.41000366210938,102.58999633789062,103.05999755859375,7089300
2024-11-22 00:00:00-05:00,102.4800033569336,105.19000244140625,102.4000015258789,104.27999877929688,6163100
2024-11-29 00:00:00-05:00,103.94999694824219,105.97000122070312,103.25,105.7699966430664,4164000
2024-12-06 00:00:00-05:00,105.33000183105469,105.3499984741211,101.26000213623047,101.98999786376953,5440200
2024-12-13 00:00:00-05:00,101.55000305175781,102.12999725341797,97.87000274658203,98.36000061035156,5437700
2024-12-20 00:00:00-05:00,98.06999969482422,99.66999816894531,96.05999755859375,97.11000061035156,6348300
2024-12-27 00:00:00-05:00,97.72000122070312,98.5999984741211,97.0999984741211,98.38999938964844,2989800
2025-01-03 00:00:00-05:00,98.08999633789062,98.08999633789062,96.91000366210938,97.63999938964844,4042700
2025-01-10 00:00:00-05:00,97.83000183105469,100.66999816894531,97.4800033569336,99.08000183105469,5959200
2025-01-17 00:00:00-05:00,98.55999755859375,99.77999877929688,97.38999938964844,97.52999877929688,9163700
2025-01-24 00:00:00-05:00,98.30000305175781,100.18000030517578,98.12000274658203,99.97000122070312,6983600
2025-01-31 00:00:00-05:00,102.08000183105469,106.77999877929688,101.76000213623047,104.72000122070312,13088600
2025-02-07 00:00:00-05:00,104.47000122070312,110.08000183105469,104.06999969482422,106.26000213623047,12221700
2025-02-14 00:00:00-05:00,106.5199966430664,108.08999633789062,105.37999725341797,105.43000030517578,9784500
2025-02-21 00:00:00-05:00,106.27999877929688,109.77999877929688,106.0999984741211,109.3499984741211,6686500
2025-02-28 00:00:00-05:00,109.41000366210938,112.9800033569336,107.51000213623047,109.05000305175781,13908000
2025-03-07 00:00:00-05:00,109.69999694824219,115.97000122070312,109.69999694824219,115.56999969482422,11100900
2025-03-14 00:00:00-04:00,115.5,116.91000366210938,107.63999938964844,109.05999755859375,9030900
2025-03-21 00:00:00-04:00,110.62000274658203,113.37999725341797,110.61000061035156,112.12999725341797,20563300
2025-03-28 00:00:00-04:00,111.94000244140625,112.8499984741211,108.6500015258789,112.56999969482422,10041100
2025-04-04 00:00:00-04:00,110.88999938964844,114.44000244140625,105.62000274658203,105.8499984741211,14111700
2025-04-11 00:00:00-04:00,101.58999633789062,108.12999725341797,97.72000122070312,107.5199966430664,18257700
2025-04-18 00:00:00-04:00,107.1500015258789,111.2699966430664,107.08000183105469,110.86000061035156,7625600
2025-04-25 00:00:00-04:00,110.87000274658203,112.2699966430664,109.51000213623047,112.13999938964844,9305100
2025-05-02 00:00:00-04:00,112.33000183105469,114.87999725341797,110.43000030517578,114.29000091552734,11718800
2025-05-09 00:00:00-04:00,114.0999984741211,114.16000366210938,108.52999877929688,108.69999694824219,8196100
2025-05-16 00:00:00-04:00,106.81999969482422,109.62999725341797,104.93000030517578,109.58999633789062,9864400
2025-05-23 00:00:00-04:00,109.30999755859375,113.66999816894531,109.29000091552734,112.75,6478200
2025-05-30 00:00:00-04:00,113.70999908447266,115.86000061035156,111.05999755859375,115.76000213623047,6404000
2025-06-06 00:00:00-04:00,116.08999633789062,118.45999908447266,115.27999877929688,118.0199966430664,5926400
2025-06-13 00:00:00-04:00,117.70999908447266,120.91999816894531,117.52999877929688,119.44999694824219,5241200
2025-06-20 00:00:00-04:00,119.0,119.52999877929688,115.43000030517578,115.7699966430664,6085800
2025-06-27 00:00:00-04:00,115.95999908447266,120.6500015258789,115.88999938964844,120.01000213623047,6303900
2025-07-04 00:00:00-04:00,120.12000274658203,124.44999694824219,120.0,121.9000015258789,5252700
2025-07-11 00:00:00-04:00,122.2300033569336,124.83000183105469,119.9800033569336,121.0199966430664,8164500
2025-07-18 00:00:00-04:00,120.43000030517578,121.5,113.76000213623047,114.25,13000800
2025-07-25 00:00:00-04:00,115.04000091552734,118.31999969482422,114.12999725341797,117.69999694824219,11618400
2025-08-01 00:00:00-04:00,117.25,117.77999877929688,112.33999633789062,115.30000305175781,8315900
2025-08-08 00:00:00-04:00,116.19000244140625,118.37999725341797,113.4800033569336,116.83999633789062,8765300
2025-08-15 00:00:00-04:00,118.06999969482422,124.30999755859375,117.54000091552734,124.20999908447266,7261700
2025-08-22 00:00:00-04:00,123.79000091552734,128.02999877929688,123.79000091552734,126.9800033569336,5602200
2025-08-29 00:00:00-04:00,126.86000061035156,127.06999969482422,124.98999786376953,126.55000305175781,4181300
2025-09-05 00:00:00-04:00,126.06999969482422,130.4600067138672,125.66000366210938,129.72999572753906,5014600
2025-09-12 00:00:00-04:00,128.5500030517578,129.07000732421875,123.47000122070312,124.12000274658203,5827300
2025-09-19 00:00:00-04:00,123.20999908447266,123.52999877929688,121.68000030517578,122.93000030517578,6082600
2025-09-26 00:00:00-04:00,123.5,124.13999938964844,122.20999908447266,123.6500015258789,4754900
2025-10-03 00:00:00-04:00,123.3499984741211,133.3699951171875,123.19999694824219,132.38999938964844,9893000
2025-10-10 00:00:00-04:00,132.25999450683594,133.5500030517578,129.92999267578125,130.02999877929688,9408600
2025-10-17 00:00:00-04:00,129.6199951171875,132.44000244140625,128.17999267578125,131.42999267578125,7503600
2025-10-24 00:00:00-04:00,131.41000366210938,132.3300018310547,130.27999877929688,130.36000061035156,6036500
2025-10-31 00:00:00-04:00,128.0,130.1699981689453,121.56999969482422,123.79000091552734,13806000
2025-11-07 00:00:00-05:00,123.08000183105469,127.11000061035156,122.86000061035156,126.3499984741211,6964400
2025-11-14 00:00:00-05:00,126.69000244140625,134.0,126.29000091552734,131.25999450683594,7535800
2025-11-21 00:00:00-05:00,132.38999938964844,133.19000244140625,123.23999786376953,127.30999755859375,10080500
2025-11-28 00:00:00-05:00,127.44000244140625,131.19000244140625,126.5,130.39999389648438,6556300
2025-12-05 00:00:00-05:00,131.02000427246094,134.24000549316406,128.91000366210938,132.16000366210938,8070000
2025-12-12 00:00:00-05:00,132.8300018310547,133.83999633789062,129.97999572753906,132.57000732421875,9730100
2025-12-19 00:00:00-05:00,133.89999389648438,137.39999389648438,133.6699981689453,136.05999755859375,8752400
2025-12-26 00:00:00-05:00,136.47999572753906,140.17999267578125,136.0,139.17999267578125,4568200
2026-01-02 00:00:00-05:00,138.86000061035156,139.4499969482422,137.02000427246094,138.5399932861328,3283900
2026-01-09 00:00:00-05:00,137.13999938964844,143.49000549316406,135.5500030517578,141.5399932861328,9199700
2026-01-16 00:00:00-05:00,142.97999572753906,146.35000610351562,140.30999755859375,144.33999633789062,8141800
2026-01-23 00:00:00-05:00,144.0,148.10000610351562,142.82000732421875,147.13999938964844,6818900
2026-01-30 00:00:00-05:00,148.2899932861328,152.47999572753906,146.83999633789062,148.67999267578125,9838800
2026-02-06 00:00:00-05:00,149.6300048828125,156.6199951171875,149.3800048828125,156.4199981689453,16857300
2026-02-13 00:00:00-05:00,156.97999572753906,163.4199981689453,155.94000244140625,163.10000610351562,13457300
2026-02-20 00:00:00-05:00,166.77999877929688,167.86000061035156,161.75,162.6699981689453,8784500
2026-02-27 00:00:00-05:00,163.66000366210938,170.4600067138672,163.66000366210938,168.6199951171875,16438800
2026-03-06 00:00:00-05:00,167.16000366210938,167.61000061035156,156.17999267578125,160.1199951171875,16257700
2026-03-13 00:00:00-04:00,159.52000427246094,163.0800018310547,153.17999267578125,153.44000244140625,14550900
2026-03-20 00:00:00-04:00,154.5399932861328,155.7899932861328,145.3000030517578,146.02999877929688,10728300
2026-03-27 00:00:00-04:00,147.2100067138672,151.77999877929688,146.22000122070312,148.17999267578125,7202800
2026-04-03 00:00:00-04:00,150.25,156.0800018310547,149.55999755859375,154.02999877929688,8339100
2026-04-10 00:00:00-04:00,153.58999633789062,156.4600067138672,149.49000549316406,154.0500030517578,7230500
2026-04-17 00:00:00-04:00,153.72000122070312,155.0500030517578,149.3800048828125,151.97000122070312,5332000
2026-04-24 00:00:00-04:00,151.39999389648438,152.0399932861328,144.0500030517578,145.47000122070312,7359900
2026-05-01 00:00:00-04:00,144.6699981689453,148.5800018310547,142.25,146.57000732421875,8364200
2026-05-08 00:00:00-04:00,145.5500030517578,148.75999450683594,144.4499969482422,146.02999877929688,6237100
2026-05-15 00:00:00-04:00,146.58999633789062,150.55999755859375,144.75,148.0800018310547,6643300
2026-05-22 00:00:00-04:00,149.00999450683594,152.5500030517578,148.9499969482422,152.00999450683594,5821300
2026-05-29 00:00:00-04:00,152.3000030517578,152.49000549316406,149.9600067138672,150.1699981689453,5314600
2026-06-05 00:00:00-04:00,146.9199981689453,149.16000366210938,142.25999450683594,149.16000366210938,11125100
2026-06-12 00:00:00-04:00,147.5399932861328,154.7100067138672,146.38999938964844,153.07000732421875,9754000
2026-06-19 00:00:00-04:00,153.07000732421875,153.32000732421875,146.9199981689453,147.0800018310547,6807200
2026-06-26 00:00:00-04:00,146.94000244140625,156.3800048828125,146.60000610351562,155.41000366210938,18303400
2026-07-03 00:00:00-04:00,156.13999938964844,160.57000732421875,153.22000122070312,159.89999389648438,7576000
2026-07-10 00:00:00-04:00,157.32000732421875,157.92999267578125,153.6300048828125,154.0500030517578,8219200
2026-07-17 00:00:00-04:00,152.67999267578125,155.3000030517578,149.64999389648438,153.75999450683594,9136100
2026-07-24 00:00:00-04:00,153.1699981689453,159.3000030517578,149.3300018310547,155.00999450683594,9886100
2026-07-31 00:00:00-04:00,156.58999633789062,160.33999633789062,155.02999877929688,156.14999389648438,8569800
2026-08-07 00:00:00-04:00,155.66000366210938,156.67999267578125,152.99000549316406,156.3300018310547,6905400
2026-08-14 00:00:00-04:00,155.83999633789062,157.33999633789062,149.08999633789062,150.8800048828125,7651700
2026-08-21 00:00:00-04:00,151.22999572753906,160.80999755859375,150.8300018310547,158.86000061035156,7719500
2026-08-28 00:00:00-04:00,157.1199951171875,160.2899932861328,154.42999267578125,154.64999389648438,4493400
2026-09-04 00:00:00-04:00,152.60000610351562,152.74000549316406,151.69000244140625,152.05999755859375,1286200
