date,Open,High,Low,Close,adjusted_close,Volume,__period__,company,Company,Country,Ticker
2013-12-31 00:00:00,115.910003662109,115.949996948242,113.669998168945,114.080001831054,80.3311386108398,2362700,2013-12-31,Amgen,,,
2014-01-02 00:00:00,114.360000610351,116.190002441406,114.059997558593,115.800003051757,81.5423126220703,2528800,2014-01-02,Amgen,,,
2014-01-03 00:00:00,115.699996948242,115.970001220703,114.059997558593,114.470001220703,80.6057586669921,2075800,2014-01-03,Amgen,,,
2014-01-06 00:00:00,114.470001220703,114.919998168945,113.120002746582,113.480003356933,79.9086608886718,2838100,2014-01-06,Amgen,,,
2014-01-07 00:00:00,113.5,116.790000915527,113.269996643066,116.430000305175,81.9859466552734,3632400,2014-01-07,Amgen,,,
2014-01-08 00:00:00,116.639999389648,116.900001525878,115.349998474121,115.879997253417,81.5986709594726,2481800,2014-01-08,Amgen,,,
2014-01-09 00:00:00,116.540000915527,118.959999084472,116.220001220703,118.889999389648,83.7181854248046,3400000,2014-01-09,Amgen,,,
2014-01-10 00:00:00,119.0,119.0,116.199996948242,117.989997863769,83.0844345092773,3053100,2014-01-10,Amgen,,,
2014-01-13 00:00:00,118.319999694824,118.730003356933,115.940002441406,116.400001525878,81.9648056030273,3703900,2014-01-13,Amgen,,,
2014-01-14 00:00:00,116.83999633789,117.940002441406,116.220001220703,117.720001220703,82.894287109375,2541200,2014-01-14,Amgen,,,
2014-01-15 00:00:00,118.419998168945,118.949996948242,117.400001525878,118.51000213623,83.4506072998046,3064600,2014-01-15,Amgen,,,
2014-01-16 00:00:00,118.819999694824,119.690002441406,118.209999084472,119.029998779296,83.8167419433593,2553200,2014-01-16,Amgen,,,
2014-01-17 00:00:00,118.910003662109,119.550003051757,118.309997558593,119.150001525878,83.9012374877929,4010000,2014-01-17,Amgen,,,
2014-01-21 00:00:00,119.959999084472,120.0,118.569999694824,119.25,83.9716720581054,3072700,2014-01-21,Amgen,,,
2014-01-22 00:00:00,119.830001831054,124.459999084472,119.580001831054,124.370002746582,87.5770187377929,5086200,2014-01-22,Amgen,,,
2014-01-23 00:00:00,123.0,124.220001220703,121.599998474121,123.599998474121,87.0348129272461,3534800,2014-01-23,Amgen,,,
2014-01-24 00:00:00,122.610000610351,122.610000610351,118.989997863769,119.290000915527,83.9998550415039,4992900,2014-01-24,Amgen,,,
2014-01-27 00:00:00,119.25,119.830001831054,117.419998168945,118.519996643066,83.457649230957,4125400,2014-01-27,Amgen,,,
2014-01-28 00:00:00,118.389999389648,121.870002746582,118.309997558593,120.699996948242,84.9927139282226,4348600,2014-01-28,Amgen,,,
2014-01-29 00:00:00,117.0,121.160003662109,117.0,119.169998168945,83.9153442382812,5730400,2014-01-29,Amgen,,,
2014-01-30 00:00:00,120.069999694824,121.980003356933,119.550003051757,120.889999389648,85.1264953613281,3321100,2014-01-30,Amgen,,,
2014-01-31 00:00:00,118.550003051757,120.209999084472,118.099998474121,118.949996948242,83.7604064941406,4934900,2014-01-31,Amgen,,,
2014-02-03 00:00:00,119.680000305175,120.5,116.470001220703,116.75,82.2112579345703,5046200,2014-02-03,Amgen,,,
2014-02-04 00:00:00,117.690002441406,117.730003356933,115.709999084472,115.779998779296,81.5282135009765,5093000,2014-02-04,Amgen,,,
2014-02-05 00:00:00,115.430000305175,116.940002441406,114.569999694824,115.069999694824,81.0282669067382,4332200,2014-02-05,Amgen,,,
2014-02-06 00:00:00,115.620002746582,116.819999694824,115.080001831054,116.069999694824,81.7323989868164,2737000,2014-02-06,Amgen,,,
2014-02-07 00:00:00,116.440002441406,119.040000915527,115.809997558593,118.900001525878,83.7251968383789,2837900,2014-02-07,Amgen,,,
2014-02-10 00:00:00,119.680000305175,120.360000610351,117.900001525878,120.300003051757,84.7110595703125,3352500,2014-02-10,Amgen,,,
2014-02-11 00:00:00,120.0,121.25,118.849998474121,121.239997863769,85.8080520629882,2502700,2014-02-11,Amgen,,,
2014-02-12 00:00:00,120.930000305175,122.540000915527,120.870002746582,122.209999084472,86.4946060180664,2187500,2014-02-12,Amgen,,,
2014-02-13 00:00:00,121.650001525878,124.160003662109,121.220001220703,124.150001525878,87.8676223754882,2530100,2014-02-13,Amgen,,,
2014-02-14 00:00:00,123.540000915527,124.300003051757,122.519996643066,123.83999633789,87.6482391357421,2677100,2014-02-14,Amgen,,,
2014-02-18 00:00:00,124.83999633789,126.319999694824,124.569999694824,124.940002441406,88.4267578125,3082100,2014-02-18,Amgen,,,
2014-02-19 00:00:00,124.849998474121,124.900001525878,123.129997253417,123.349998474121,87.3014297485351,2779400,2014-02-19,Amgen,,,
2014-02-20 00:00:00,123.349998474121,124.309997558593,122.900001525878,123.489997863769,87.4005050659179,3020000,2014-02-20,Amgen,,,
2014-02-21 00:00:00,123.75,125.5,123.26000213623,123.849998474121,87.6552963256836,3395000,2014-02-21,Amgen,,,
2014-02-24 00:00:00,124.389999389648,126.58999633789,124.199996948242,125.790000915527,89.0283508300781,2772600,2014-02-24,Amgen,,,
2014-02-25 00:00:00,125.33999633789,126.220001220703,124.019996643066,124.360000610351,88.0162582397461,2416300,2014-02-25,Amgen,,,
2014-02-26 00:00:00,123.900001525878,124.230003356933,121.739997863769,121.860000610351,86.2468643188476,3895700,2014-02-26,Amgen,,,
2014-02-27 00:00:00,121.989997863769,123.900001525878,121.769996643066,123.080001831054,87.1103210449218,3772900,2014-02-27,Amgen,,,
2014-02-28 00:00:00,124.26000213623,126.949996948242,123.169998168945,124.019996643066,87.7756118774414,4853600,2014-02-28,Amgen,,,
2014-03-03 00:00:00,122.889999389648,124.180000305175,122.519996643066,123.690002441406,87.5420455932617,2503900,2014-03-03,Amgen,,,
2014-03-04 00:00:00,125.319999694824,126.059997558593,124.51000213623,126.0,89.1769943237304,2557800,2014-03-04,Amgen,,,
2014-03-05 00:00:00,126.180000305175,127.150001525878,125.389999389648,126.190002441406,89.3114547729492,2478200,2014-03-05,Amgen,,,
2014-03-06 00:00:00,126.690002441406,127.419998168945,124.120002746582,124.190002441406,87.8959274291992,3067500,2014-03-06,Amgen,,,
2014-03-07 00:00:00,125.309997558593,125.900001525878,120.26000213623,122.26000213623,86.5299530029296,7124700,2014-03-07,Amgen,,,
2014-03-10 00:00:00,122.26000213623,126.099998474121,122.25,125.400001525878,88.7523193359375,3786300,2014-03-10,Amgen,,,
2014-03-11 00:00:00,125.449996948242,125.599998474121,123.739997863769,124.269996643066,87.9525527954101,2655200,2014-03-11,Amgen,,,
2014-03-12 00:00:00,122.980003356933,126.0,122.980003356933,125.980003356933,89.1628341674804,2761100,2014-03-12,Amgen,,,
2014-03-13 00:00:00,126.169998168945,126.349998474121,123.309997558593,123.959999084472,87.7331619262695,2436800,2014-03-13,Amgen,,,
2014-03-14 00:00:00,123.400001525878,124.910003662109,122.360000610351,122.540000915527,86.7281417846679,2213600,2014-03-14,Amgen,,,
2014-03-17 00:00:00,123.120002746582,125.309997558593,122.550003051757,123.860000610351,87.6623992919921,2574100,2014-03-17,Amgen,,,
2014-03-18 00:00:00,124.5,127.480003356933,124.309997558593,127.470001220703,90.2173767089843,3255600,2014-03-18,Amgen,,,
2014-03-19 00:00:00,127.989997863769,127.989997863769,125.720001220703,126.580001831054,89.5874862670898,2599500,2014-03-19,Amgen,,,
2014-03-20 00:00:00,126.160003662109,127.099998474121,125.239997863769,127.050003051757,89.9201049804687,2311200,2014-03-20,Amgen,,,
2014-03-21 00:00:00,127.050003051757,128.960006713867,122.470001220703,122.930000305175,87.0041885375976,7101100,2014-03-21,Amgen,,,
2014-03-24 00:00:00,123.269996643066,123.5,118.559997558593,121.279998779296,85.8363723754882,4448100,2014-03-24,Amgen,,,
2014-03-25 00:00:00,121.739997863769,123.949996948242,119.660003662109,120.629997253417,85.3763198852539,3863700,2014-03-25,Amgen,,,
2014-03-26 00:00:00,121.230003356933,122.889999389648,120.050003051757,120.110000610351,85.0082931518554,3843800,2014-03-26,Amgen,,,
2014-03-27 00:00:00,121.309997558593,123.980003356933,120.5,122.290000915527,86.5512161254882,4553400,2014-03-27,Amgen,,,
2014-03-28 00:00:00,122.269996643066,124.120002746582,120.379997253417,120.550003051757,85.319709777832,3246000,2014-03-28,Amgen,,,
2014-03-31 00:00:00,122.5,124.529998779296,122.190002441406,123.33999633789,87.2943420410156,4761200,2014-03-31,Amgen,,,
2014-04-01 00:00:00,123.669998168945,126.230003356933,123.51000213623,126.069999694824,89.2265243530273,3163600,2014-04-01,Amgen,,,
2014-04-02 00:00:00,126.019996643066,127.08999633789,125.019996643066,125.980003356933,89.1628341674804,2892900,2014-04-02,Amgen,,,
2014-04-03 00:00:00,126.160003662109,127.25,123.129997253417,124.129997253417,87.8534622192382,3036300,2014-04-03,Amgen,,,
2014-04-04 00:00:00,125.069999694824,125.379997253417,118.989997863769,119.110000610351,84.300552368164,5017400,2014-04-04,Amgen,,,
2014-04-07 00:00:00,118.190002441406,119.739997863769,116.559997558593,118.819999694824,84.0952758789062,4813100,2014-04-07,Amgen,,,
2014-04-08 00:00:00,120.169998168945,120.470001220703,117.669998168945,117.980003356933,83.5008087158203,4181300,2014-04-08,Amgen,,,
2014-04-09 00:00:00,117.940002441406,120.190002441406,117.5,120.0,84.9304504394531,3441800,2014-04-09,Amgen,,,
2014-04-10 00:00:00,119.870002746582,119.949996948242,113.400001525878,114.110000610351,80.7617797851562,6201000,2014-04-10,Amgen,,,
2014-04-11 00:00:00,113.269996643066,116.08999633789,111.900001525878,111.940002441406,79.2259521484375,7262400,2014-04-11,Amgen,,,
2014-04-14 00:00:00,113.0,114.879997253417,111.389999389648,113.319999694824,80.202651977539,5428500,2014-04-14,Amgen,,,
2014-04-15 00:00:00,113.900001525878,115.989997863769,111.400001525878,115.0,81.3916931152343,4750200,2014-04-15,Amgen,,,
2014-04-16 00:00:00,116.150001525878,116.239997863769,113.730003356933,115.540000915527,81.7738952636718,3451000,2014-04-16,Amgen,,,
2014-04-17 00:00:00,115.610000610351,117.190002441406,115.019996643066,115.459999084472,81.7172470092773,3237500,2014-04-17,Amgen,,,
2014-04-21 00:00:00,116.459999084472,117.08999633789,114.639999389648,117.019996643066,82.8213195800781,2657900,2014-04-21,Amgen,,,
2014-04-22 00:00:00,117.239997863769,119.709999084472,117.050003051757,119.300003051757,84.4350280761718,4277500,2014-04-22,Amgen,,,
2014-04-23 00:00:00,116.069999694824,116.449996948242,111.51000213623,113.319999694824,80.202651977539,10965800,2014-04-23,Amgen,,,
2014-04-24 00:00:00,114.110000610351,114.5,111.790000915527,113.720001220703,80.4857559204101,6112300,2014-04-24,Amgen,,,
2014-04-25 00:00:00,113.620002746582,113.620002746582,111.300003051757,111.410003662109,78.8508377075195,4512500,2014-04-25,Amgen,,,
2014-04-28 00:00:00,111.779998779296,112.33999633789,108.199996948242,111.480003356933,78.9003753662109,6113900,2014-04-28,Amgen,,,
2014-04-29 00:00:00,112.300003051757,112.449996948242,110.669998168945,111.900001525878,79.1976318359375,4116200,2014-04-29,Amgen,,,
2014-04-30 00:00:00,111.809997558593,112.269996643066,110.410003662109,111.75,79.0914840698242,4464900,2014-04-30,Amgen,,,
2014-05-01 00:00:00,111.379997253417,113.209999084472,110.809997558593,112.76000213623,79.8063125610351,3642700,2014-05-01,Amgen,,,
2014-05-02 00:00:00,113.129997253417,113.720001220703,111.669998168945,112.419998168945,79.565689086914,4319200,2014-05-02,Amgen,,,
2014-05-05 00:00:00,111.389999389648,113.33999633789,110.860000610351,113.180000305175,80.1035842895507,2544500,2014-05-05,Amgen,,,
2014-05-06 00:00:00,112.559997558593,113.669998168945,112.199996948242,112.279998779296,79.4665985107421,3760900,2014-05-06,Amgen,,,
2014-05-07 00:00:00,111.720001220703,112.83999633789,110.779998779296,112.769996643066,79.8133926391601,2823900,2014-05-07,Amgen,,,
2014-05-08 00:00:00,112.400001525878,113.720001220703,110.569999694824,110.779998779296,78.4049758911132,4161900,2014-05-08,Amgen,,,
2014-05-09 00:00:00,110.5,111.569999694824,109.410003662109,111.480003356933,78.9003753662109,3487800,2014-05-09,Amgen,,,
2014-05-12 00:00:00,111.779998779296,112.730003356933,111.389999389648,111.730003356933,79.0773315429687,3554700,2014-05-12,Amgen,,,
2014-05-13 00:00:00,111.660003662109,112.180000305175,110.76000213623,110.809997558593,78.8567123413086,3676800,2014-05-13,Amgen,,,
2014-05-14 00:00:00,111.139999389648,112.480003356933,110.519996643066,112.069999694824,79.7533721923828,2991500,2014-05-14,Amgen,,,
2014-05-15 00:00:00,112.0,112.319999694824,109.919998168945,110.290000915527,78.4866943359375,2785400,2014-05-15,Amgen,,,
2014-05-16 00:00:00,110.860000610351,112.029998779296,110.58999633789,111.940002441406,79.6608657836914,4193600,2014-05-16,Amgen,,,
2014-05-19 00:00:00,111.239997863769,112.470001220703,110.919998168945,112.080001831054,79.7605056762695,3652400,2014-05-19,Amgen,,,
2014-05-20 00:00:00,112.800003051757,112.849998474121,111.889999389648,112.220001220703,79.860122680664,3234200,2014-05-20,Amgen,,,
2014-05-21 00:00:00,112.080001831054,113.83999633789,111.959999084472,113.489997863769,80.763916015625,2805100,2014-05-21,Amgen,,,
2014-05-22 00:00:00,113.180000305175,115.58999633789,113.01000213623,114.860000610351,81.7388687133789,2582700,2014-05-22,Amgen,,,
2014-05-23 00:00:00,114.989997863769,115.120002746582,113.559997558593,114.330001831054,81.3616867065429,2812200,2014-05-23,Amgen,,,
2014-05-27 00:00:00,115.730003356933,115.919998168945,114.720001220703,115.889999389648,82.4718399047851,2513900,2014-05-27,Amgen,,,
2014-05-28 00:00:00,116.099998474121,116.379997253417,115.360000610351,115.669998168945,82.3152999877929,2261700,2014-05-28,Amgen,,,
2014-05-29 00:00:00,115.769996643066,116.5,115.5,116.0,82.5501098632812,2123100,2014-05-29,Amgen,,,
2014-05-30 00:00:00,116.569999694824,116.569999694824,115.029998779296,115.989997863769,82.542984008789,2251900,2014-05-30,Amgen,,,
2014-06-02 00:00:00,116.720001220703,117.059997558593,115.830001831054,116.449996948242,82.870361328125,2741200,2014-06-02,Amgen,,,
2014-06-03 00:00:00,116.449996948242,117.720001220703,116.199996948242,117.120002746582,83.3471603393554,2474100,2014-06-03,Amgen,,,
2014-06-04 00:00:00,117.5,119.379997253417,117.220001220703,119.150001525878,84.7917861938476,3047900,2014-06-04,Amgen,,,
2014-06-05 00:00:00,119.33999633789,119.33999633789,117.599998474121,117.739997863769,83.7883834838867,3116000,2014-06-05,Amgen,,,
2014-06-06 00:00:00,118.819999694824,118.830001831054,117.019996643066,117.819999694824,83.8453063964843,2551800,2014-06-06,Amgen,,,
2014-06-09 00:00:00,117.470001220703,117.790000915527,116.040000915527,116.400001525878,82.8347702026367,2900100,2014-06-09,Amgen,,,
2014-06-10 00:00:00,115.76000213623,117.150001525878,115.699996948242,117.099998474121,83.3329238891601,1912800,2014-06-10,Amgen,,,
2014-06-11 00:00:00,116.959999084472,117.519996643066,115.599998474121,116.33999633789,82.7920532226562,2178400,2014-06-11,Amgen,,,
2014-06-12 00:00:00,116.139999389648,116.620002746582,115.610000610351,116.199996948242,82.6924438476562,1802900,2014-06-12,Amgen,,,
2014-06-13 00:00:00,116.669998168945,116.699996948242,115.300003051757,116.029998779296,82.5714721679687,1457000,2014-06-13,Amgen,,,
2014-06-16 00:00:00,116.0,116.910003662109,115.730003356933,116.160003662109,82.6639785766601,2159600,2014-06-16,Amgen,,,
2014-06-17 00:00:00,116.75,116.849998474121,115.669998168945,116.169998168945,82.6710968017578,2106100,2014-06-17,Amgen,,,
2014-06-18 00:00:00,116.440002441406,117.559997558593,115.5,117.489997863769,83.610481262207,2549100,2014-06-18,Amgen,,,
2014-06-19 00:00:00,118.120002746582,118.120002746582,117.180000305175,117.849998474121,83.8666610717773,2206300,2014-06-19,Amgen,,,
2014-06-20 00:00:00,118.529998779296,121.0,117.830001831054,120.970001220703,86.0869827270507,6247400,2014-06-20,Amgen,,,
2014-06-23 00:00:00,120.680000305175,120.849998474121,118.5,119.129997253417,84.7775421142578,2317200,2014-06-23,Amgen,,,
2014-06-24 00:00:00,119.459999084472,120.26000213623,118.33999633789,118.790000915527,84.5356140136718,2003100,2014-06-24,Amgen,,,
2014-06-25 00:00:00,118.699996948242,120.33999633789,118.279998779296,119.419998168945,84.9839401245117,2666800,2014-06-25,Amgen,,,
2014-06-26 00:00:00,119.959999084472,119.970001220703,117.480003356933,119.139999389648,84.7846755981445,2311400,2014-06-26,Amgen,,,
2014-06-27 00:00:00,119.470001220703,119.5,117.5,118.58999633789,84.3932723999023,3331900,2014-06-27,Amgen,,,
2014-06-30 00:00:00,118.959999084472,119.169998168945,118.199996948242,118.370002746582,84.2366943359375,2422700,2014-06-30,Amgen,,,
2014-07-01 00:00:00,119.389999389648,120.5,119.050003051757,120.309997558593,85.6172866821289,2072500,2014-07-01,Amgen,,,
2014-07-02 00:00:00,120.080001831054,121.220001220703,120.019996643066,121.029998779296,86.129653930664,1447000,2014-07-02,Amgen,,,
2014-07-03 00:00:00,121.449996948242,122.849998474121,120.720001220703,122.849998474121,87.4248504638671,1963400,2014-07-03,Amgen,,,
2014-07-07 00:00:00,121.849998474121,123.110000610351,120.040000915527,120.160003662109,85.5105361938476,3075700,2014-07-07,Amgen,,,
2014-07-08 00:00:00,119.989997863769,120.980003356933,119.099998474121,119.959999084472,85.3681945800781,2455400,2014-07-08,Amgen,,,
2014-07-09 00:00:00,120.449996948242,120.620002746582,118.919998168945,119.569999694824,85.090705871582,2647600,2014-07-09,Amgen,,,
2014-07-10 00:00:00,118.910003662109,119.199996948242,117.879997253417,118.949996948242,84.6494369506836,2642500,2014-07-10,Amgen,,,
2014-07-11 00:00:00,120.430000305175,120.800003051757,119.110000610351,119.769996643066,85.2329940795898,2733200,2014-07-11,Amgen,,,
2014-07-14 00:00:00,120.83999633789,120.860000610351,118.809997558593,118.980003356933,84.6708068847656,2149600,2014-07-14,Amgen,,,
2014-07-15 00:00:00,118.739997863769,119.470001220703,116.569999694824,116.860000610351,83.1621170043945,3963000,2014-07-15,Amgen,,,
2014-07-16 00:00:00,117.849998474121,117.849998474121,116.269996643066,117.709999084472,83.7670211791992,4087100,2014-07-16,Amgen,,,
2014-07-17 00:00:00,116.730003356933,117.169998168945,115.209999084472,115.389999389648,82.1160278320312,2688000,2014-07-17,Amgen,,,
2014-07-18 00:00:00,116.110000610351,118.680000305175,114.930000305175,118.300003051757,84.1868896484375,3477600,2014-07-18,Amgen,,,
2014-07-21 00:00:00,117.629997253417,119.33999633789,117.199996948242,119.029998779296,84.7063827514648,3076700,2014-07-21,Amgen,,,
2014-07-22 00:00:00,119.58999633789,121.269996643066,119.349998474121,121.110000610351,86.1866226196289,2806100,2014-07-22,Amgen,,,
2014-07-23 00:00:00,121.379997253417,122.389999389648,121.0,122.01000213623,86.8270874023437,3527500,2014-07-23,Amgen,,,
2014-07-24 00:00:00,122.150001525878,122.360000610351,121.319999694824,122.26000213623,87.0049896240234,3219700,2014-07-24,Amgen,,,
2014-07-25 00:00:00,121.970001220703,122.879997253417,121.669998168945,122.83999633789,87.417724609375,3028900,2014-07-25,Amgen,,,
2014-07-28 00:00:00,122.629997253417,123.050003051757,121.660003662109,122.650001525878,87.2825088500976,2432000,2014-07-28,Amgen,,,
2014-07-29 00:00:00,122.519996643066,124.389999389648,122.25,123.309997558593,87.752212524414,3988100,2014-07-29,Amgen,,,
2014-07-30 00:00:00,128.630004882812,131.240005493164,128.630004882812,130.009994506835,92.5201873779296,8465700,2014-07-30,Amgen,,,
2014-07-31 00:00:00,128.389999389648,129.33999633789,127.040000915527,127.389999389648,90.6557006835937,4839300,2014-07-31,Amgen,,,
2014-08-01 00:00:00,126.169998168945,127.300003051757,124.76000213623,125.550003051757,89.3462677001953,4542700,2014-08-01,Amgen,,,
2014-08-04 00:00:00,129.0,129.389999389648,126.519996643066,128.649993896484,91.5523605346679,6403700,2014-08-04,Amgen,,,
2014-08-05 00:00:00,127.51000213623,129.0,126.620002746582,127.879997253417,91.00439453125,3749100,2014-08-05,Amgen,,,
2014-08-06 00:00:00,127.26000213623,128.779998779296,126.529998779296,127.08999633789,90.4421997070312,2579000,2014-08-06,Amgen,,,
2014-08-07 00:00:00,127.410003662109,128.889999389648,125.51000213623,125.75,89.4886093139648,3065200,2014-08-07,Amgen,,,
2014-08-08 00:00:00,125.220001220703,127.410003662109,125.139999389648,126.949996948242,90.3425750732421,2206800,2014-08-08,Amgen,,,
2014-08-11 00:00:00,127.860000610351,128.0,126.580001831054,127.319999694824,90.6058883666992,2529200,2014-08-11,Amgen,,,
2014-08-12 00:00:00,126.220001220703,126.900001525878,125.400001525878,126.319999694824,90.3270034790039,2324500,2014-08-12,Amgen,,,
2014-08-13 00:00:00,126.650001525878,127.800003051757,126.300003051757,127.33999633789,91.0563507080078,2537300,2014-08-13,Amgen,,,
2014-08-14 00:00:00,125.199996948242,132.52000427246,124.809997558593,131.860000610351,94.2884674072265,6408400,2014-08-14,Amgen,,,
2014-08-15 00:00:00,133.309997558593,133.309997558593,130.0,132.800003051757,94.9606323242187,4347800,2014-08-15,Amgen,,,
2014-08-18 00:00:00,133.350006103515,133.979995727539,132.369995117187,133.220001220703,95.2609252929687,3156700,2014-08-18,Amgen,,,
2014-08-19 00:00:00,133.360000610351,133.690002441406,131.800003051757,133.02000427246,95.117935180664,1878900,2014-08-19,Amgen,,,
2014-08-20 00:00:00,131.970001220703,133.27000427246,131.850006103515,132.679992675781,94.8748168945312,1748900,2014-08-20,Amgen,,,
2014-08-21 00:00:00,132.960006713867,133.009994506835,132.039993286132,132.529998779296,94.7675399780273,1774300,2014-08-21,Amgen,,,
2014-08-22 00:00:00,132.990005493164,133.460006713867,132.419998168945,132.820007324218,94.9749603271484,2017800,2014-08-22,Amgen,,,
2014-08-25 00:00:00,133.380004882812,134.929992675781,133.380004882812,134.789993286132,96.3835906982421,2997500,2014-08-25,Amgen,,,
2014-08-26 00:00:00,134.910003662109,137.669998168945,134.899993896484,137.27000427246,98.1569900512695,3891200,2014-08-26,Amgen,,,
2014-08-27 00:00:00,137.940002441406,138.570007324218,136.690002441406,137.830001831054,98.5574035644531,2693200,2014-08-27,Amgen,,,
2014-08-28 00:00:00,137.649993896484,139.380004882812,137.289993286132,138.690002441406,99.172378540039,3899700,2014-08-28,Amgen,,,
2014-08-29 00:00:00,139.449996948242,139.729995727539,138.309997558593,139.380004882812,99.6657409667968,2362500,2014-08-29,Amgen,,,
2014-09-02 00:00:00,139.619995117187,139.929992675781,137.199996948242,137.960006713867,98.6503753662109,3287800,2014-09-02,Amgen,,,
2014-09-03 00:00:00,138.529998779296,138.850006103515,137.33999633789,138.580001831054,99.0936737060546,2729300,2014-09-03,Amgen,,,
2014-09-04 00:00:00,138.740005493164,139.5,137.529998779296,138.009994506835,98.6861114501953,2975400,2014-09-04,Amgen,,,
2014-09-05 00:00:00,138.220001220703,138.330001831054,135.630004882812,137.880004882812,98.5931930541992,3357100,2014-09-05,Amgen,,,
2014-09-08 00:00:00,138.0,139.360000610351,137.660003662109,139.27000427246,99.5870895385742,2512900,2014-09-08,Amgen,,,
2014-09-09 00:00:00,138.660003662109,138.979995727539,137.070007324218,137.389999389648,98.2427825927734,3122500,2014-09-09,Amgen,,,
2014-09-10 00:00:00,137.389999389648,139.720001220703,137.27000427246,139.190002441406,99.5298995971679,2330500,2014-09-10,Amgen,,,
2014-09-11 00:00:00,138.529998779296,139.929992675781,137.350006103515,138.960006713867,99.3654479980468,3620000,2014-09-11,Amgen,,,
2014-09-12 00:00:00,138.509994506835,138.990005493164,136.820007324218,137.889999389648,98.6003036499023,2329700,2014-09-12,Amgen,,,
2014-09-15 00:00:00,137.570007324218,138.059997558593,136.889999389648,137.970001220703,98.6575317382812,2174500,2014-09-15,Amgen,,,
2014-09-16 00:00:00,137.320007324218,139.550003051757,136.949996948242,139.330001831054,99.6300201416015,2398900,2014-09-16,Amgen,,,
2014-09-17 00:00:00,140.0,141.570007324218,138.619995117187,140.710006713867,100.616798400878,3940900,2014-09-17,Amgen,,,
2014-09-18 00:00:00,140.899993896484,142.160003662109,139.949996948242,142.02000427246,101.553512573242,2160400,2014-09-18,Amgen,,,
2014-09-19 00:00:00,142.990005493164,144.460006713867,142.289993286132,144.009994506835,102.976501464843,6703300,2014-09-19,Amgen,,,
2014-09-22 00:00:00,143.289993286132,144.02000427246,141.08999633789,142.179992675781,101.667907714843,3082800,2014-09-22,Amgen,,,
2014-09-23 00:00:00,141.83999633789,142.399993896484,140.570007324218,140.679992675781,100.59536743164,2320900,2014-09-23,Amgen,,,
2014-09-24 00:00:00,140.75,142.479995727539,140.02000427246,142.240005493164,101.71085357666,3227600,2014-09-24,Amgen,,,
2014-09-25 00:00:00,142.080001831054,143.029998779296,139.399993896484,139.850006103515,100.001831054687,2676400,2014-09-25,Amgen,,,
2014-09-26 00:00:00,140.009994506835,141.190002441406,138.929992675781,141.059997558593,100.867073059082,2296200,2014-09-26,Amgen,,,
2014-09-29 00:00:00,139.960006713867,141.5,139.330001831054,140.070007324218,100.159156799316,2218700,2014-09-29,Amgen,,,
2014-09-30 00:00:00,140.309997558593,141.580001831054,139.02000427246,140.460006713867,100.438034057617,2646800,2014-09-30,Amgen,,,
2014-10-01 00:00:00,140.389999389648,140.779998779296,138.179992675781,138.820007324218,99.2653045654296,3752200,2014-10-01,Amgen,,,
2014-10-02 00:00:00,138.979995727539,139.77000427246,136.320007324218,137.199996948242,98.1069030761718,3060900,2014-10-02,Amgen,,,
2014-10-03 00:00:00,138.070007324218,139.710006713867,137.899993896484,139.149993896484,99.5012588500976,3429000,2014-10-03,Amgen,,,
2014-10-06 00:00:00,138.070007324218,140.550003051757,136.979995727539,137.610000610351,98.4000854492187,3190200,2014-10-06,Amgen,,,
2014-10-07 00:00:00,137.139999389648,137.539993286132,135.979995727539,136.029998779296,97.270278930664,2679500,2014-10-07,Amgen,,,
2014-10-08 00:00:00,135.610000610351,140.380004882812,135.419998168945,140.070007324218,100.159156799316,3621000,2014-10-08,Amgen,,,
2014-10-09 00:00:00,139.570007324218,140.190002441406,137.02000427246,137.580001831054,98.378677368164,2750500,2014-10-09,Amgen,,,
2014-10-10 00:00:00,136.779998779296,140.740005493164,136.779998779296,137.389999389648,98.2427825927734,5750400,2014-10-10,Amgen,,,
2014-10-13 00:00:00,137.050003051757,137.809997558593,133.52000427246,133.559997558593,95.5040893554687,6866700,2014-10-13,Amgen,,,
2014-10-14 00:00:00,135.380004882812,135.429992675781,131.929992675781,132.199996948242,94.5315856933593,3736400,2014-10-14,Amgen,,,
2014-10-15 00:00:00,131.02000427246,131.369995117187,128.600006103515,130.899993896484,93.6019973754882,4700100,2014-10-15,Amgen,,,
2014-10-16 00:00:00,128.149993896484,130.880004882812,127.669998168945,130.449996948242,93.2802200317382,7906000,2014-10-16,Amgen,,,
2014-10-17 00:00:00,131.25,139.850006103515,129.5,133.690002441406,95.5970382690429,7351500,2014-10-17,Amgen,,,
2014-10-20 00:00:00,133.279998779296,137.550003051757,133.009994506835,137.509994506835,98.3285903930664,6623800,2014-10-20,Amgen,,,
2014-10-21 00:00:00,138.490005493164,145.490005493164,137.009994506835,144.08999633789,103.033706665039,8951400,2014-10-21,Amgen,,,
2014-10-22 00:00:00,143.809997558593,144.410003662109,141.669998168945,143.639999389648,102.711929321289,5222100,2014-10-22,Amgen,,,
2014-10-23 00:00:00,145.899993896484,148.139999389648,145.240005493164,147.25,105.293304443359,4710700,2014-10-23,Amgen,,,
2014-10-24 00:00:00,146.850006103515,147.5,145.52000427246,147.259994506835,105.300483703613,5318400,2014-10-24,Amgen,,,
2014-10-27 00:00:00,146.699996948242,148.470001220703,146.110000610351,148.199996948242,105.972579956054,4172500,2014-10-27,Amgen,,,
2014-10-28 00:00:00,151.75,157.25,151.470001220703,157.190002441406,112.401054382324,11623200,2014-10-28,Amgen,,,
2014-10-29 00:00:00,157.910003662109,159.720001220703,156.910003662109,158.880004882812,113.609535217285,7069800,2014-10-29,Amgen,,,
2014-10-30 00:00:00,158.639999389648,161.580001831054,158.160003662109,161.580001831054,115.540184020996,3864500,2014-10-30,Amgen,,,
2014-10-31 00:00:00,164.559997558593,164.649993896484,161.419998168945,162.179992675781,115.969245910644,7971100,2014-10-31,Amgen,,,
2014-11-03 00:00:00,162.080001831054,162.410003662109,159.649993896484,161.559997558593,115.525917053222,5823800,2014-11-03,Amgen,,,
2014-11-04 00:00:00,160.690002441406,161.990005493164,159.169998168945,160.410003662109,114.703590393066,3719000,2014-11-04,Amgen,,,
2014-11-05 00:00:00,161.309997558593,161.309997558593,158.809997558593,158.940002441406,113.652427673339,4062900,2014-11-05,Amgen,,,
2014-11-06 00:00:00,159.970001220703,160.940002441406,159.470001220703,160.350006103515,114.660659790039,3310900,2014-11-06,Amgen,,,
2014-11-07 00:00:00,162.070007324218,162.25,158.320007324218,160.25,114.589172363281,3633300,2014-11-07,Amgen,,,
2014-11-10 00:00:00,161.009994506835,163.199996948242,160.5,163.08999633789,117.065551757812,3160900,2014-11-10,Amgen,,,
2014-11-11 00:00:00,163.080001831054,163.860000610351,161.52000427246,162.419998168945,116.58462524414,3015700,2014-11-11,Amgen,,,
2014-11-12 00:00:00,161.77000427246,163.070007324218,161.039993286132,161.929992675781,116.232879638671,3528900,2014-11-12,Amgen,,,
2014-11-13 00:00:00,162.110000610351,162.350006103515,159.580001831054,160.850006103515,115.457695007324,3636900,2014-11-13,Amgen,,,
2014-11-14 00:00:00,161.100006103515,161.279998779296,156.619995117187,157.679992675781,113.182266235351,4505700,2014-11-14,Amgen,,,
2014-11-17 00:00:00,156.910003662109,160.199996948242,156.660003662109,159.139999389648,114.230255126953,2662400,2014-11-17,Amgen,,,
2014-11-18 00:00:00,158.910003662109,162.389999389648,158.369995117187,162.240005493164,116.455436706542,3135600,2014-11-18,Amgen,,,
2014-11-19 00:00:00,161.279998779296,163.279998779296,160.369995117187,162.639999389648,116.742538452148,2422900,2014-11-19,Amgen,,,
2014-11-20 00:00:00,161.910003662109,164.830001831054,161.75,162.679992675781,116.771263122558,3208900,2014-11-20,Amgen,,,
2014-11-21 00:00:00,165.580001831054,165.580001831054,161.429992675781,162.809997558593,116.864585876464,3717000,2014-11-21,Amgen,,,
2014-11-24 00:00:00,163.0,165.679992675781,162.949996948242,164.179992675781,117.847915649414,2193300,2014-11-24,Amgen,,,
2014-11-25 00:00:00,164.059997558593,164.410003662109,160.699996948242,162.240005493164,116.455436706542,3564900,2014-11-25,Amgen,,,
2014-11-26 00:00:00,162.75,164.83999633789,162.470001220703,164.720001220703,118.235557556152,2118000,2014-11-26,Amgen,,,
2014-11-28 00:00:00,165.0,167.350006103515,164.52000427246,165.309997558593,118.65909576416,1794800,2014-11-28,Amgen,,,
2014-12-01 00:00:00,165.119995117187,167.369995117187,164.169998168945,166.410003662109,119.44864654541,2514200,2014-12-01,Amgen,,,
2014-12-02 00:00:00,167.600006103515,169.330001831054,166.800003051757,169.279998779296,121.508682250976,3290200,2014-12-02,Amgen,,,
2014-12-03 00:00:00,169.279998779296,169.490005493164,166.5,168.070007324218,120.640190124511,2369100,2014-12-03,Amgen,,,
2014-12-04 00:00:00,167.539993286132,168.759994506835,166.449996948242,166.550003051757,119.549163818359,3357800,2014-12-04,Amgen,,,
2014-12-05 00:00:00,166.679992675781,169.410003662109,166.110000610351,169.240005493164,121.480041503906,2548700,2014-12-05,Amgen,,,
2014-12-08 00:00:00,169.389999389648,173.139999389648,169.0,171.639999389648,123.2027053833,3953700,2014-12-08,Amgen,,,
2014-12-09 00:00:00,170.320007324218,170.910003662109,167.440002441406,169.389999389648,121.587699890136,3712300,2014-12-09,Amgen,,,
2014-12-10 00:00:00,169.0,169.75,165.0,165.389999389648,118.716514587402,3490200,2014-12-10,Amgen,,,
2014-12-11 00:00:00,166.699996948242,169.639999389648,165.600006103515,166.080001831054,119.211791992187,3173600,2014-12-11,Amgen,,,
2014-12-12 00:00:00,163.139999389648,167.710006713867,162.300003051757,164.529998779296,118.099212646484,3366700,2014-12-12,Amgen,,,
2014-12-15 00:00:00,164.77000427246,164.990005493164,159.399993896484,159.600006103515,114.560447692871,4428300,2014-12-15,Amgen,,,
2014-12-16 00:00:00,157.679992675781,163.960006713867,157.5,159.440002441406,114.445579528808,4492800,2014-12-16,Amgen,,,
2014-12-17 00:00:00,159.460006713867,164.009994506835,158.600006103515,163.479995727539,117.345527648925,3417900,2014-12-17,Amgen,,,
2014-12-18 00:00:00,166.100006103515,168.58999633789,164.580001831054,168.479995727539,120.93448638916,3511800,2014-12-18,Amgen,,,
2014-12-19 00:00:00,168.910003662109,171.729995727539,167.399993896484,170.169998168945,122.14752960205,7856300,2014-12-19,Amgen,,,
2014-12-22 00:00:00,168.309997558593,169.039993286132,163.910003662109,164.529998779296,118.099212646484,4061500,2014-12-22,Amgen,,,
2014-12-23 00:00:00,164.910003662109,164.990005493164,154.360000610351,157.52000427246,113.067413330078,7091700,2014-12-23,Amgen,,,
2014-12-24 00:00:00,156.529998779296,163.169998168945,156.470001220703,160.669998168945,115.328483581542,2222800,2014-12-24,Amgen,,,
2014-12-26 00:00:00,162.160003662109,164.149993896484,161.850006103515,163.460006713867,117.331176757812,1707500,2014-12-26,Amgen,,,
2014-12-29 00:00:00,163.830001831054,164.050003051757,161.52000427246,162.850006103515,116.893272399902,1727600,2014-12-29,Amgen,,,
2014-12-30 00:00:00,162.690002441406,162.729995727539,160.179992675781,160.630004882812,115.29978942871,2019800,2014-12-30,Amgen,,,
2014-12-31 00:00:00,161.669998168945,163.279998779296,159.259994506835,159.289993286132,114.337944030761,2691900,2014-12-31,Amgen,,,
2015-01-02 00:00:00,160.160003662109,162.58999633789,158.600006103515,159.889999389648,114.768600463867,2605400,2015-01-02,Amgen,,,
2015-01-05 00:00:00,157.429992675781,159.600006103515,154.259994506835,157.990005493164,113.404792785644,4080300,2015-01-05,Amgen,,,
2015-01-06 00:00:00,158.779998779296,158.880004882812,152.330001831054,152.899993896484,109.751174926757,5075800,2015-01-06,Amgen,,,
2015-01-07 00:00:00,154.08999633789,158.580001831054,153.009994506835,158.240005493164,113.584243774414,3502400,2015-01-07,Amgen,,,
2015-01-08 00:00:00,159.600006103515,162.759994506835,155.149993896484,157.669998168945,113.175140380859,4560200,2015-01-08,Amgen,,,
2015-01-09 00:00:00,158.759994506835,158.759994506835,154.630004882812,155.729995727539,111.782569885253,3949100,2015-01-09,Amgen,,,
2015-01-12 00:00:00,156.220001220703,157.990005493164,154.990005493164,156.220001220703,112.134284973144,2700700,2015-01-12,Amgen,,,
2015-01-13 00:00:00,158.889999389648,160.960006713867,153.410003662109,155.139999389648,111.359100341796,4570400,2015-01-13,Amgen,,,
2015-01-14 00:00:00,152.869995117187,155.539993286132,152.570007324218,155.160003662109,111.373428344726,3426400,2015-01-14,Amgen,,,
2015-01-15 00:00:00,156.149993896484,157.740005493164,151.529998779296,151.919998168945,109.047790527343,2894000,2015-01-15,Amgen,,,
2015-01-16 00:00:00,152.429992675781,158.440002441406,152.029998779296,158.429992675781,113.72061920166,3513200,2015-01-16,Amgen,,,
2015-01-20 00:00:00,159.210006713867,159.729995727539,154.649993896484,157.600006103515,113.12483215332,3664400,2015-01-20,Amgen,,,
2015-01-21 00:00:00,155.380004882812,158.27000427246,155.380004882812,157.380004882812,112.966911315917,2804900,2015-01-21,Amgen,,,
2015-01-22 00:00:00,158.169998168945,159.779998779296,154.110000610351,159.570007324218,114.538879394531,3783100,2015-01-22,Amgen,,,
2015-01-23 00:00:00,159.800003051757,160.009994506835,158.25,159.809997558593,114.711143493652,2249400,2015-01-23,Amgen,,,
2015-01-26 00:00:00,159.619995117187,161.479995727539,157.669998168945,159.729995727539,114.653747558593,3149600,2015-01-26,Amgen,,,
2015-01-27 00:00:00,158.529998779296,160.740005493164,158.279998779296,158.889999389648,114.050804138183,2876300,2015-01-27,Amgen,,,
2015-01-28 00:00:00,158.320007324218,160.910003662109,154.509994506835,154.639999389648,111.00015258789,4927100,2015-01-28,Amgen,,,
2015-01-29 00:00:00,154.889999389648,156.83999633789,153.759994506835,156.369995117187,112.241996765136,3435500,2015-01-29,Amgen,,,
2015-01-30 00:00:00,155.550003051757,156.869995117187,151.529998779296,152.259994506835,109.291801452636,5318200,2015-01-30,Amgen,,,
2015-02-02 00:00:00,153.410003662109,153.970001220703,149.399993896484,152.5,109.464073181152,3832500,2015-02-02,Amgen,,,
2015-02-03 00:00:00,153.759994506835,153.759994506835,148.869995117187,152.229995727539,109.270294189453,4298400,2015-02-03,Amgen,,,
2015-02-04 00:00:00,150.130004882812,153.149993896484,147.419998168945,151.449996948242,108.710411071777,5827100,2015-02-04,Amgen,,,
2015-02-05 00:00:00,152.289993286132,153.899993896484,151.02000427246,153.360000610351,110.081413269042,3564400,2015-02-05,Amgen,,,
2015-02-06 00:00:00,154.320007324218,154.759994506835,150.600006103515,151.399993896484,108.674530029296,3242700,2015-02-06,Amgen,,,
2015-02-09 00:00:00,150.0,151.830001831054,149.199996948242,150.009994506835,107.676727294921,3236400,2015-02-09,Amgen,,,
2015-02-10 00:00:00,150.5,152.630004882812,149.050003051757,152.570007324218,110.094085693359,4108600,2015-02-10,Amgen,,,
2015-02-11 00:00:00,153.300003051757,155.240005493164,152.259994506835,153.110000610351,110.483772277832,3998700,2015-02-11,Amgen,,,
2015-02-12 00:00:00,154.830001831054,154.830001831054,151.119995117187,153.179992675781,110.534286499023,2935800,2015-02-12,Amgen,,,
2015-02-13 00:00:00,153.619995117187,153.809997558593,150.210006713867,153.479995727539,110.750778198242,3591400,2015-02-13,Amgen,,,
2015-02-17 00:00:00,153.52000427246,154.850006103515,153.0,154.240005493164,111.299186706542,3895600,2015-02-17,Amgen,,,
2015-02-18 00:00:00,154.220001220703,156.229995727539,153.639999389648,155.779998779296,112.410446166992,3297900,2015-02-18,Amgen,,,
2015-02-19 00:00:00,155.970001220703,156.419998168945,155.039993286132,156.050003051757,112.605285644531,3913900,2015-02-19,Amgen,,,
2015-02-20 00:00:00,156.429992675781,157.75,155.059997558593,157.660003662109,113.767066955566,4411100,2015-02-20,Amgen,,,
2015-02-23 00:00:00,158.070007324218,159.199996948242,157.809997558593,158.419998168945,114.315483093261,3094300,2015-02-23,Amgen,,,
2015-02-24 00:00:00,159.0,159.110000610351,156.25,157.369995117187,113.557815551757,2060500,2015-02-24,Amgen,,,
2015-02-25 00:00:00,157.759994506835,158.779998779296,155.740005493164,158.080001831054,114.070114135742,3262800,2015-02-25,Amgen,,,
2015-02-26 00:00:00,158.479995727539,159.399993896484,156.0,158.970001220703,114.71238708496,3379800,2015-02-26,Amgen,,,
2015-02-27 00:00:00,159.100006103515,159.240005493164,157.199996948242,157.720001220703,113.810386657714,2472000,2015-02-27,Amgen,,,
2015-03-02 00:00:00,159.289993286132,159.899993896484,157.619995117187,159.630004882812,115.18854522705,3483500,2015-03-02,Amgen,,,
2015-03-03 00:00:00,159.399993896484,159.399993896484,157.509994506835,158.559997558593,114.416481018066,2334900,2015-03-03,Amgen,,,
2015-03-04 00:00:00,158.050003051757,159.740005493164,156.809997558593,159.190002441406,114.871086120605,3098600,2015-03-04,Amgen,,,
2015-03-05 00:00:00,160.0,161.479995727539,158.860000610351,159.600006103515,115.166954040527,2470900,2015-03-05,Amgen,,,
2015-03-06 00:00:00,158.5,159.919998168945,154.0,154.880004882812,111.761024475097,4091400,2015-03-06,Amgen,,,
2015-03-09 00:00:00,154.850006103515,155.740005493164,152.779998779296,155.009994506835,111.854827880859,2135000,2015-03-09,Amgen,,,
2015-03-10 00:00:00,152.869995117187,155.630004882812,152.289993286132,153.580001831054,110.822937011718,3509600,2015-03-10,Amgen,,,
2015-03-11 00:00:00,154.119995117187,154.27000427246,152.419998168945,152.699996948242,110.187950134277,2487100,2015-03-11,Amgen,,,
2015-03-12 00:00:00,154.259994506835,154.77000427246,152.949996948242,154.25,111.306396484375,1889400,2015-03-12,Amgen,,,
2015-03-13 00:00:00,153.279998779296,154.75,152.580001831054,154.259994506835,111.31362915039,2737900,2015-03-13,Amgen,,,
2015-03-16 00:00:00,157.729995727539,163.199996948242,156.740005493164,163.029998779296,117.642036437988,5201600,2015-03-16,Amgen,,,
2015-03-17 00:00:00,162.25,163.759994506835,161.740005493164,163.070007324218,117.670913696289,2620800,2015-03-17,Amgen,,,
2015-03-18 00:00:00,162.970001220703,167.600006103515,161.830001831054,166.539993286132,120.174812316894,3690100,2015-03-18,Amgen,,,
2015-03-19 00:00:00,167.669998168945,169.220001220703,166.970001220703,169.110000610351,122.029350280761,3756600,2015-03-19,Amgen,,,
2015-03-20 00:00:00,170.399993896484,172.360000610351,168.509994506835,170.100006103515,122.743713378906,9040600,2015-03-20,Amgen,,,
2015-03-23 00:00:00,168.899993896484,169.210006713867,165.699996948242,166.539993286132,120.174812316894,3879900,2015-03-23,Amgen,,,
2015-03-24 00:00:00,166.059997558593,168.25,165.399993896484,166.009994506835,119.792404174804,2555600,2015-03-24,Amgen,,,
2015-03-25 00:00:00,166.0,166.789993286132,160.570007324218,160.619995117187,115.902976989746,4010100,2015-03-25,Amgen,,,
2015-03-26 00:00:00,158.83999633789,162.690002441406,157.360000610351,160.550003051757,115.852470397949,3146500,2015-03-26,Amgen,,,
2015-03-27 00:00:00,161.259994506835,163.449996948242,161.0,162.58999633789,117.32453918457,2438900,2015-03-27,Amgen,,,
2015-03-30 00:00:00,164.509994506835,165.820007324218,163.050003051757,164.309997558593,118.565696716308,2388100,2015-03-30,Amgen,,,
2015-03-31 00:00:00,163.320007324218,164.08999633789,159.720001220703,159.850006103515,115.347427368164,3111000,2015-03-31,Amgen,,,
2015-04-01 00:00:00,159.369995117187,159.389999389648,154.639999389648,157.100006103515,113.362976074218,5135000,2015-04-01,Amgen,,,
2015-04-02 00:00:00,157.119995117187,158.179992675781,155.029998779296,155.880004882812,112.482635498046,3015200,2015-04-02,Amgen,,,
2015-04-06 00:00:00,154.800003051757,157.27000427246,154.600006103515,155.279998779296,112.04963684082,3185700,2015-04-06,Amgen,,,
2015-04-07 00:00:00,155.619995117187,159.470001220703,155.279998779296,157.279998779296,113.492843627929,2942600,2015-04-07,Amgen,,,
2015-04-08 00:00:00,157.679992675781,160.990005493164,157.660003662109,160.330001831054,115.69376373291,3031200,2015-04-08,Amgen,,,
2015-04-09 00:00:00,161.229995727539,161.800003051757,159.070007324218,161.490005493164,116.530784606933,2860600,2015-04-09,Amgen,,,
2015-04-10 00:00:00,161.58999633789,163.690002441406,160.309997558593,163.380004882812,117.894569396972,2407200,2015-04-10,Amgen,,,
2015-04-13 00:00:00,162.820007324218,164.720001220703,162.33999633789,162.490005493164,117.252372741699,1767700,2015-04-13,Amgen,,,
2015-04-14 00:00:00,162.5,163.470001220703,160.559997558593,162.570007324218,117.310104370117,2099400,2015-04-14,Amgen,,,
2015-04-15 00:00:00,163.119995117187,165.910003662109,162.860000610351,165.470001220703,119.402725219726,3659300,2015-04-15,Amgen,,,
2015-04-16 00:00:00,166.399993896484,167.639999389648,165.070007324218,166.869995117187,120.412933349609,3085600,2015-04-16,Amgen,,,
2015-04-17 00:00:00,165.0,165.5,161.720001220703,163.580001831054,118.038909912109,4249700,2015-04-17,Amgen,,,
2015-04-20 00:00:00,164.639999389648,166.050003051757,163.059997558593,165.970001220703,119.763542175292,2760900,2015-04-20,Amgen,,,
2015-04-21 00:00:00,167.08999633789,168.880004882812,167.070007324218,168.460006713867,121.560241699218,3794800,2015-04-21,Amgen,,,
2015-04-22 00:00:00,173.039993286132,173.600006103515,167.009994506835,169.100006103515,122.022117614746,5352200,2015-04-22,Amgen,,,
2015-04-23 00:00:00,167.940002441406,169.550003051757,166.580001831054,169.169998168945,122.072639465332,3668100,2015-04-23,Amgen,,,
2015-04-24 00:00:00,168.149993896484,169.25,166.059997558593,167.910003662109,121.163452148437,2548300,2015-04-24,Amgen,,,
2015-04-27 00:00:00,168.490005493164,168.720001220703,161.550003051757,162.380004882812,117.173019409179,4386200,2015-04-27,Amgen,,,
2015-04-28 00:00:00,162.149993896484,165.300003051757,160.630004882812,162.490005493164,117.252372741699,4262800,2015-04-28,Amgen,,,
2015-04-29 00:00:00,161.279998779296,163.460006713867,159.529998779296,160.979995727539,116.16275024414,3281800,2015-04-29,Amgen,,,
2015-04-30 00:00:00,159.83999633789,161.710006713867,156.470001220703,157.910003662109,113.947448730468,4444300,2015-04-30,Amgen,,,
2015-05-01 00:00:00,159.5,161.690002441406,158.649993896484,160.360000610351,115.715393066406,3259800,2015-05-01,Amgen,,,
2015-05-04 00:00:00,161.5,163.960006713867,161.449996948242,162.110000610351,116.978164672851,3496200,2015-05-04,Amgen,,,
2015-05-05 00:00:00,161.309997558593,162.190002441406,159.240005493164,159.440002441406,115.051475524902,3086000,2015-05-05,Amgen,,,
2015-05-06 00:00:00,160.0,160.389999389648,156.649993896484,158.949996948242,114.697883605957,3762700,2015-05-06,Amgen,,,
2015-05-07 00:00:00,159.240005493164,159.820007324218,157.199996948242,157.899993896484,113.940231323242,4374000,2015-05-07,Amgen,,,
2015-05-08 00:00:00,159.779998779296,162.860000610351,159.130004882812,162.33999633789,117.144149780273,4664200,2015-05-08,Amgen,,,
2015-05-11 00:00:00,162.309997558593,162.990005493164,161.0,161.050003051757,116.213272094726,2723800,2015-05-11,Amgen,,,
2015-05-12 00:00:00,159.0,159.259994506835,155.710006713867,158.240005493164,114.74845123291,4359700,2015-05-12,Amgen,,,
2015-05-13 00:00:00,159.740005493164,161.240005493164,157.649993896484,158.389999389648,114.857238769531,2727000,2015-05-13,Amgen,,,
2015-05-14 00:00:00,159.899993896484,162.160003662109,158.190002441406,161.979995727539,117.460533142089,2717500,2015-05-14,Amgen,,,
2015-05-15 00:00:00,163.27000427246,163.630004882812,161.679992675781,162.360000610351,117.736083984375,2384600,2015-05-15,Amgen,,,
2015-05-18 00:00:00,161.699996948242,163.899993896484,161.27000427246,163.440002441406,118.519271850585,2153900,2015-05-18,Amgen,,,
2015-05-19 00:00:00,163.860000610351,164.119995117187,162.460006713867,163.559997558593,118.606269836425,1746600,2015-05-19,Amgen,,,
2015-05-20 00:00:00,163.970001220703,165.58999633789,162.399993896484,163.979995727539,118.910873413085,2027300,2015-05-20,Amgen,,,
2015-05-21 00:00:00,163.52000427246,164.729995727539,162.820007324218,163.83999633789,118.809310913085,2156600,2015-05-21,Amgen,,,
2015-05-22 00:00:00,163.580001831054,164.570007324218,163.029998779296,163.580001831054,118.620773315429,1636000,2015-05-22,Amgen,,,
2015-05-26 00:00:00,160.649993896484,162.460006713867,158.0,159.009994506835,115.30679321289,4078300,2015-05-26,Amgen,,,
2015-05-27 00:00:00,159.960006713867,161.0,159.279998779296,160.440002441406,116.34381866455,3336300,2015-05-27,Amgen,,,
2015-05-28 00:00:00,159.600006103515,159.600006103515,155.830001831054,157.350006103515,114.103073120117,4205300,2015-05-28,Amgen,,,
2015-05-29 00:00:00,156.789993286132,157.970001220703,155.580001831054,156.259994506835,113.312644958496,4414300,2015-05-29,Amgen,,,
2015-06-01 00:00:00,157.58999633789,158.0,155.5,157.029998779296,113.870971679687,2849800,2015-06-01,Amgen,,,
2015-06-02 00:00:00,156.880004882812,157.970001220703,154.800003051757,156.440002441406,113.443199157714,2497200,2015-06-02,Amgen,,,
2015-06-03 00:00:00,157.449996948242,157.860000610351,156.399993896484,157.130004882812,113.943534851074,2160500,2015-06-03,Amgen,,,
2015-06-04 00:00:00,156.600006103515,158.470001220703,156.300003051757,158.08999633789,114.639610290527,3917700,2015-06-04,Amgen,,,
2015-06-05 00:00:00,158.5,159.399993896484,156.029998779296,157.25,114.030570983886,3431100,2015-06-05,Amgen,,,
2015-06-08 00:00:00,157.300003051757,158.470001220703,155.630004882812,156.470001220703,113.464904785156,2081700,2015-06-08,Amgen,,,
2015-06-09 00:00:00,156.550003051757,157.110000610351,153.910003662109,154.800003051757,112.253944396972,2766000,2015-06-09,Amgen,,,
2015-06-10 00:00:00,153.399993896484,155.880004882812,150.850006103515,155.550003051757,112.797782897949,5972800,2015-06-10,Amgen,,,
2015-06-11 00:00:00,157.910003662109,158.970001220703,156.440002441406,157.960006713867,114.545433044433,3633400,2015-06-11,Amgen,,,
2015-06-12 00:00:00,157.229995727539,157.740005493164,155.009994506835,156.119995117187,113.211128234863,2398100,2015-06-12,Amgen,,,
2015-06-15 00:00:00,154.75,156.369995117187,153.570007324218,156.100006103515,113.196624755859,2585200,2015-06-15,Amgen,,,
2015-06-16 00:00:00,155.809997558593,156.809997558593,155.08999633789,156.229995727539,113.290908813476,1723300,2015-06-16,Amgen,,,
2015-06-17 00:00:00,156.860000610351,156.979995727539,154.880004882812,155.649993896484,112.870315551757,3008600,2015-06-17,Amgen,,,
2015-06-18 00:00:00,156.330001831054,160.77000427246,156.309997558593,160.119995117187,116.111717224121,3454500,2015-06-18,Amgen,,,
2015-06-19 00:00:00,160.130004882812,162.229995727539,159.77000427246,160.720001220703,116.546890258789,5182000,2015-06-19,Amgen,,,
2015-06-22 00:00:00,161.619995117187,163.259994506835,161.449996948242,162.220001220703,117.634521484375,1926600,2015-06-22,Amgen,,,
2015-06-23 00:00:00,163.449996948242,163.5,161.039993286132,161.690002441406,117.250274658203,2451800,2015-06-23,Amgen,,,
2015-06-24 00:00:00,161.529998779296,161.83999633789,159.279998779296,159.889999389648,115.944984436035,2522600,2015-06-24,Amgen,,,
2015-06-25 00:00:00,160.820007324218,160.83999633789,158.02000427246,158.759994506835,115.125526428222,2411400,2015-06-25,Amgen,,,
2015-06-26 00:00:00,159.410003662109,159.789993286132,157.229995727539,158.02000427246,114.588905334472,3537900,2015-06-26,Amgen,,,
2015-06-29 00:00:00,156.630004882812,157.960006713867,151.429992675781,151.600006103515,109.93342590332,4784800,2015-06-29,Amgen,,,
2015-06-30 00:00:00,153.240005493164,154.220001220703,151.509994506835,153.52000427246,111.325706481933,3893300,2015-06-30,Amgen,,,
2015-07-01 00:00:00,154.940002441406,155.75,153.429992675781,154.990005493164,112.391723632812,2299100,2015-07-01,Amgen,,,
2015-07-02 00:00:00,155.149993896484,155.570007324218,153.009994506835,153.259994506835,111.137184143066,2119800,2015-07-02,Amgen,,,
2015-07-06 00:00:00,152.139999389648,156.070007324218,151.889999389648,154.5,112.036361694335,2773500,2015-07-06,Amgen,,,
2015-07-07 00:00:00,155.25,155.699996948242,152.179992675781,155.389999389648,112.681800842285,2253200,2015-07-07,Amgen,,,
2015-07-08 00:00:00,154.110000610351,154.850006103515,151.929992675781,152.309997558593,110.448287963867,2393500,2015-07-08,Amgen,,,
2015-07-09 00:00:00,152.440002441406,153.899993896484,151.039993286132,151.309997558593,109.723152160644,4146300,2015-07-09,Amgen,,,
2015-07-10 00:00:00,153.990005493164,154.529998779296,152.490005493164,154.100006103515,111.746292114257,3976600,2015-07-10,Amgen,,,
2015-07-13 00:00:00,155.279998779296,156.559997558593,154.919998168945,155.759994506835,112.950088500976,1803400,2015-07-13,Amgen,,,
2015-07-14 00:00:00,156.33999633789,160.309997558593,155.759994506835,159.320007324218,115.531639099121,3624800,2015-07-14,Amgen,,,
2015-07-15 00:00:00,160.460006713867,162.550003051757,159.580001831054,160.449996948242,116.351043701171,2618600,2015-07-15,Amgen,,,
2015-07-16 00:00:00,161.729995727539,163.75,161.070007324218,163.039993286132,118.229202270507,2487500,2015-07-16,Amgen,,,
2015-07-17 00:00:00,163.050003051757,163.5,160.600006103515,163.27000427246,118.39598083496,3248500,2015-07-17,Amgen,,,
2015-07-20 00:00:00,163.559997558593,165.399993896484,162.889999389648,164.33999633789,119.171852111816,2692400,2015-07-20,Amgen,,,
2015-07-21 00:00:00,164.720001220703,165.320007324218,162.369995117187,163.699996948242,118.707771301269,2690000,2015-07-21,Amgen,,,
2015-07-22 00:00:00,161.470001220703,164.679992675781,161.470001220703,164.25,119.106666564941,2106900,2015-07-22,Amgen,,,
2015-07-23 00:00:00,165.0,165.119995117187,162.789993286132,164.100006103515,118.997848510742,1716300,2015-07-23,Amgen,,,
2015-07-24 00:00:00,162.110000610351,163.729995727539,157.210006713867,158.58999633789,115.002235412597,4410700,2015-07-24,Amgen,,,
2015-07-27 00:00:00,159.369995117187,165.940002441406,159.160003662109,165.539993286132,120.042045593261,5757200,2015-07-27,Amgen,,,
2015-07-28 00:00:00,166.119995117187,174.800003051757,166.119995117187,172.740005493164,125.263198852539,8553600,2015-07-28,Amgen,,,
2015-07-29 00:00:00,172.919998168945,173.679992675781,169.119995117187,171.470001220703,124.342262268066,5112300,2015-07-29,Amgen,,,
2015-07-30 00:00:00,170.08999633789,172.479995727539,168.210006713867,171.690002441406,124.501815795898,4044100,2015-07-30,Amgen,,,
2015-07-31 00:00:00,177.5,181.809997558593,176.0,176.58999633789,128.055038452148,7289400,2015-07-31,Amgen,,,
2015-08-03 00:00:00,176.800003051757,177.050003051757,174.02000427246,175.58999633789,127.32991027832,2922600,2015-08-03,Amgen,,,
2015-08-04 00:00:00,175.789993286132,176.220001220703,173.619995117187,174.800003051757,126.756958007812,2474200,2015-08-04,Amgen,,,
2015-08-05 00:00:00,175.529998779296,177.52000427246,175.380004882812,176.440002441406,127.94627380371,2146700,2015-08-05,Amgen,,,
2015-08-06 00:00:00,176.940002441406,176.960006713867,168.25,169.660003662109,123.029724121093,3775400,2015-08-06,Amgen,,,
2015-08-07 00:00:00,169.669998168945,172.470001220703,166.399993896484,172.309997558593,124.951347351074,4156000,2015-08-07,Amgen,,,
2015-08-10 00:00:00,172.899993896484,174.690002441406,170.449996948242,170.600006103515,123.71141052246,2729600,2015-08-10,Amgen,,,
2015-08-11 00:00:00,169.669998168945,169.729995727539,166.889999389648,168.559997558593,122.23208618164,2924900,2015-08-11,Amgen,,,
2015-08-12 00:00:00,167.690002441406,171.190002441406,164.619995117187,170.619995117187,123.725891113281,4486400,2015-08-12,Amgen,,,
2015-08-13 00:00:00,170.5,170.990005493164,168.029998779296,168.580001831054,122.815216064453,1897000,2015-08-13,Amgen,,,
2015-08-14 00:00:00,168.08999633789,169.630004882812,166.660003662109,167.720001220703,122.188705444335,2704500,2015-08-14,Amgen,,,
2015-08-17 00:00:00,167.050003051757,169.889999389648,166.0,169.789993286132,123.696701049804,1988800,2015-08-17,Amgen,,,
2015-08-18 00:00:00,170.009994506835,170.240005493164,167.100006103515,167.720001220703,122.188705444335,2273400,2015-08-18,Amgen,,,
2015-08-19 00:00:00,166.820007324218,167.720001220703,164.449996948242,166.570007324218,121.350914001464,3139800,2015-08-19,Amgen,,,
2015-08-20 00:00:00,164.330001831054,165.5,161.029998779296,161.149993896484,117.402252197265,3491800,2015-08-20,Amgen,,,
2015-08-21 00:00:00,158.970001220703,163.919998168945,155.190002441406,155.190002441406,113.06021118164,6208400,2015-08-21,Amgen,,,
2015-08-24 00:00:00,145.330001831054,154.419998168945,140.0,147.639999389648,107.559837341308,8697500,2015-08-24,Amgen,,,
2015-08-25 00:00:00,152.5,153.880004882812,144.880004882812,145.190002441406,105.774963378906,6701100,2015-08-25,Amgen,,,
2015-08-26 00:00:00,151.229995727539,154.110000610351,147.130004882812,153.979995727539,112.178672790527,5251300,2015-08-26,Amgen,,,
2015-08-27 00:00:00,154.880004882812,157.100006103515,151.360000610351,155.720001220703,113.446350097656,4910500,2015-08-27,Amgen,,,
2015-08-28 00:00:00,156.380004882812,158.0,153.710006713867,155.889999389648,113.570198059082,4649300,2015-08-28,Amgen,,,
2015-08-31 00:00:00,155.330001831054,156.350006103515,151.300003051757,151.779998779296,110.575927734375,4354500,2015-08-31,Amgen,,,
2015-09-01 00:00:00,149.229995727539,150.990005493164,146.949996948242,147.460006713867,107.428703308105,5523000,2015-09-01,Amgen,,,
2015-09-02 00:00:00,149.070007324218,152.350006103515,147.25,152.289993286132,110.947486877441,4339100,2015-09-02,Amgen,,,
2015-09-03 00:00:00,152.679992675781,154.119995117187,148.929992675781,149.229995727539,108.718147277832,2868400,2015-09-03,Amgen,,,
2015-09-04 00:00:00,147.490005493164,148.960006713867,145.75,147.02000427246,107.108131408691,3362800,2015-09-04,Amgen,,,
2015-09-08 00:00:00,151.600006103515,154.660003662109,151.0,154.559997558593,112.601272583007,4508400,2015-09-08,Amgen,,,
2015-09-09 00:00:00,156.190002441406,156.759994506835,150.619995117187,151.080001831054,110.065956115722,2987600,2015-09-09,Amgen,,,
2015-09-10 00:00:00,150.83999633789,154.320007324218,150.559997558593,153.139999389648,111.566734313964,3477900,2015-09-10,Amgen,,,
2015-09-11 00:00:00,152.050003051757,153.449996948242,150.929992675781,153.210006713867,111.6177444458,2422700,2015-09-11,Amgen,,,
2015-09-14 00:00:00,153.889999389648,153.889999389648,150.050003051757,151.0,110.007675170898,2896200,2015-09-14,Amgen,,,
2015-09-15 00:00:00,152.02000427246,152.789993286132,150.240005493164,152.139999389648,110.83821105957,2560200,2015-09-15,Amgen,,,
2015-09-16 00:00:00,151.970001220703,152.880004882812,148.470001220703,151.179992675781,110.138816833496,4004200,2015-09-16,Amgen,,,
2015-09-17 00:00:00,151.699996948242,156.33999633789,151.0,153.910003662109,112.127754211425,3519500,2015-09-17,Amgen,,,
2015-09-18 00:00:00,151.119995117187,153.369995117187,149.029998779296,150.58999633789,109.708976745605,6487300,2015-09-18,Amgen,,,
2015-09-21 00:00:00,151.970001220703,152.800003051757,146.320007324218,147.08999633789,107.159133911132,4702600,2015-09-21,Amgen,,,
2015-09-22 00:00:00,145.0,146.779998779296,142.820007324218,145.929992675781,106.314048767089,4518000,2015-09-22,Amgen,,,
2015-09-23 00:00:00,146.080001831054,147.039993286132,144.029998779296,145.720001220703,106.161033630371,2785400,2015-09-23,Amgen,,,
2015-09-24 00:00:00,144.720001220703,145.630004882812,141.360000610351,143.509994506835,104.551025390625,3519200,2015-09-24,Amgen,,,
2015-09-25 00:00:00,146.059997558593,146.75,136.759994506835,138.529998779296,100.922912597656,5243700,2015-09-25,Amgen,,,
2015-09-28 00:00:00,137.990005493164,138.190002441406,130.08999633789,132.240005493164,96.3405227661132,7514700,2015-09-28,Amgen,,,
2015-09-29 00:00:00,132.0,138.0,131.429992675781,133.820007324218,97.4916076660156,6251500,2015-09-29,Amgen,,,
2015-09-30 00:00:00,136.660003662109,139.25,135.860000610351,138.320007324218,100.769958496093,6209500,2015-09-30,Amgen,,,
2015-10-01 00:00:00,138.550003051757,140.639999389648,136.600006103515,140.229995727539,102.161407470703,4675900,2015-10-01,Amgen,,,
2015-10-02 00:00:00,138.259994506835,142.539993286132,135.639999389648,142.470001220703,103.793319702148,4803500,2015-10-02,Amgen,,,
2015-10-05 00:00:00,144.0,144.910003662109,142.220001220703,143.800003051757,104.762268066406,4367100,2015-10-05,Amgen,,,
2015-10-06 00:00:00,142.119995117187,143.369995117187,138.059997558593,141.220001220703,102.882682800292,4759700,2015-10-06,Amgen,,,
2015-10-07 00:00:00,142.649993896484,148.309997558593,140.240005493164,148.050003051757,107.858535766601,8002400,2015-10-07,Amgen,,,
2015-10-08 00:00:00,147.679992675781,150.990005493164,145.029998779296,149.899993896484,109.20629119873,6638500,2015-10-08,Amgen,,,
2015-10-09 00:00:00,149.25,150.75,148.009994506835,149.58999633789,108.980461120605,3080900,2015-10-09,Amgen,,,
2015-10-12 00:00:00,152.779998779296,155.119995117187,151.630004882812,153.029998779296,111.486602783203,5473000,2015-10-12,Amgen,,,
2015-10-13 00:00:00,151.539993286132,152.979995727539,147.440002441406,147.580001831054,107.516082763671,4143900,2015-10-13,Amgen,,,
2015-10-14 00:00:00,148.380004882812,150.929992675781,147.130004882812,147.809997558593,107.683685302734,3197400,2015-10-14,Amgen,,,
2015-10-15 00:00:00,147.449996948242,152.779998779296,146.970001220703,152.539993286132,111.12963104248,3269600,2015-10-15,Amgen,,,
2015-10-16 00:00:00,153.190002441406,154.119995117187,150.580001831054,152.610000610351,111.180610656738,4793100,2015-10-16,Amgen,,,
2015-10-19 00:00:00,152.610000610351,156.139999389648,152.460006713867,154.470001220703,112.535667419433,3271700,2015-10-19,Amgen,,,
2015-10-20 00:00:00,154.190002441406,155.0,149.470001220703,150.449996948242,109.606994628906,3385300,2015-10-20,Amgen,,,
2015-10-21 00:00:00,152.369995117187,152.75,147.300003051757,150.08999633789,109.344749450683,3832600,2015-10-21,Amgen,,,
2015-10-22 00:00:00,152.100006103515,152.940002441406,148.570007324218,152.309997558593,110.962059020996,4079800,2015-10-22,Amgen,,,
2015-10-23 00:00:00,153.610000610351,156.199996948242,151.860000610351,155.75,113.46826171875,3657300,2015-10-23,Amgen,,,
2015-10-26 00:00:00,156.0,159.910003662109,154.649993896484,158.580001831054,115.529945373535,4346600,2015-10-26,Amgen,,,
2015-10-27 00:00:00,158.580001831054,162.119995117187,157.830001831054,161.979995727539,118.006889343261,3877200,2015-10-27,Amgen,,,
2015-10-28 00:00:00,162.720001220703,162.869995117187,158.729995727539,162.669998168945,118.509582519531,4878900,2015-10-28,Amgen,,,
2015-10-29 00:00:00,164.990005493164,165.0,158.940002441406,160.580001831054,116.98696899414,4870200,2015-10-29,Amgen,,,
2015-10-30 00:00:00,161.059997558593,162.0,158.130004882812,158.179992675781,115.238525390625,4589700,2015-10-30,Amgen,,,
2015-11-02 00:00:00,159.009994506835,162.75,158.369995117187,162.309997558593,118.247344970703,3222500,2015-11-02,Amgen,,,
2015-11-03 00:00:00,160.970001220703,163.149993896484,160.5,162.460006713867,118.356613159179,2411500,2015-11-03,Amgen,,,
2015-11-04 00:00:00,162.850006103515,163.990005493164,160.77000427246,161.880004882812,117.934059143066,3059500,2015-11-04,Amgen,,,
2015-11-05 00:00:00,162.199996948242,162.479995727539,158.820007324218,161.220001220703,117.453262329101,2202400,2015-11-05,Amgen,,,
2015-11-06 00:00:00,160.869995117187,160.869995117187,156.83999633789,160.460006713867,116.899589538574,3344000,2015-11-06,Amgen,,,
2015-11-09 00:00:00,159.75,160.610000610351,158.320007324218,159.630004882812,116.294845581054,2722200,2015-11-09,Amgen,,,
2015-11-10 00:00:00,160.25,161.169998168945,158.050003051757,158.369995117187,115.376899719238,2871300,2015-11-10,Amgen,,,
2015-11-11 00:00:00,159.259994506835,159.570007324218,156.759994506835,156.860000610351,114.276893615722,1920400,2015-11-11,Amgen,,,
2015-11-12 00:00:00,155.940002441406,157.699996948242,150.820007324218,150.979995727539,110.549880981445,4767200,2015-11-12,Amgen,,,
2015-11-13 00:00:00,150.679992675781,153.52000427246,148.0,151.550003051757,110.967231750488,3855000,2015-11-13,Amgen,,,
2015-11-16 00:00:00,152.02000427246,154.779998779296,151.100006103515,154.5,113.12727355957,2443200,2015-11-16,Amgen,,,
2015-11-17 00:00:00,154.910003662109,159.130004882812,153.699996948242,157.600006103515,115.397132873535,3644300,2015-11-17,Amgen,,,
2015-11-18 00:00:00,158.110000610351,161.119995117187,156.350006103515,160.919998168945,117.828094482421,2975800,2015-11-18,Amgen,,,
2015-11-19 00:00:00,159.889999389648,161.52000427246,158.830001831054,159.490005493164,116.781028747558,2041000,2015-11-19,Amgen,,,
2015-11-20 00:00:00,160.740005493164,161.33999633789,159.550003051757,159.910003662109,117.088600158691,2728000,2015-11-20,Amgen,,,
2015-11-23 00:00:00,159.630004882812,163.130004882812,159.630004882812,162.470001220703,118.963027954101,4168400,2015-11-23,Amgen,,,
2015-11-24 00:00:00,161.009994506835,163.33999633789,161.0,162.779998779296,119.190032958984,3687000,2015-11-24,Amgen,,,
2015-11-25 00:00:00,163.050003051757,164.58999633789,162.710006713867,163.949996948242,120.046661376953,2134200,2015-11-25,Amgen,,,
2015-11-27 00:00:00,164.759994506835,165.0,163.139999389648,163.52000427246,119.731857299804,1052400,2015-11-27,Amgen,,,
2015-11-30 00:00:00,163.490005493164,164.0,160.360000610351,161.100006103515,117.959869384765,2982600,2015-11-30,Amgen,,,
2015-12-01 00:00:00,162.710006713867,163.429992675781,160.52000427246,161.979995727539,118.604248046875,2429000,2015-12-01,Amgen,,,
2015-12-02 00:00:00,161.619995117187,162.389999389648,160.100006103515,160.52000427246,117.535217285156,2871600,2015-12-02,Amgen,,,
2015-12-03 00:00:00,160.27000427246,160.52000427246,153.710006713867,154.649993896484,113.237121582031,4468600,2015-12-03,Amgen,,,
2015-12-04 00:00:00,154.960006713867,161.949996948242,154.949996948242,161.429992675781,118.201522827148,3920900,2015-12-04,Amgen,,,
2015-12-07 00:00:00,162.910003662109,162.970001220703,157.539993286132,158.300003051757,115.909744262695,3566700,2015-12-07,Amgen,,,
2015-12-08 00:00:00,156.610000610351,160.669998168945,156.039993286132,159.350006103515,116.678558349609,2249200,2015-12-08,Amgen,,,
2015-12-09 00:00:00,158.350006103515,159.809997558593,156.119995117187,157.889999389648,115.609481811523,2995600,2015-12-09,Amgen,,,
2015-12-10 00:00:00,158.970001220703,160.850006103515,157.0,159.669998168945,116.912780761718,2814000,2015-12-10,Amgen,,,
2015-12-11 00:00:00,157.820007324218,158.779998779296,154.789993286132,155.149993896484,113.603202819824,3005700,2015-12-11,Amgen,,,
2015-12-14 00:00:00,155.979995727539,158.33999633789,153.429992675781,158.110000610351,115.77057647705,2780600,2015-12-14,Amgen,,,
2015-12-15 00:00:00,161.649993896484,164.449996948242,161.559997558593,162.619995117187,119.072883605957,5365600,2015-12-15,Amgen,,,
2015-12-16 00:00:00,164.309997558593,165.229995727539,162.100006103515,164.580001831054,120.507972717285,3923600,2015-12-16,Amgen,,,
2015-12-17 00:00:00,164.580001831054,164.990005493164,159.809997558593,161.429992675781,118.201522827148,3699400,2015-12-17,Amgen,,,
2015-12-18 00:00:00,160.5,161.820007324218,158.619995117187,158.800003051757,116.275779724121,6227000,2015-12-18,Amgen,,,
2015-12-21 00:00:00,159.880004882812,160.380004882812,157.380004882812,159.279998779296,116.627265930175,3818900,2015-12-21,Amgen,,,
2015-12-22 00:00:00,160.5,163.369995117187,160.039993286132,162.300003051757,118.838577270507,3125500,2015-12-22,Amgen,,,
2015-12-23 00:00:00,163.029998779296,163.5,161.649993896484,162.720001220703,119.146072387695,2202100,2015-12-23,Amgen,,,
2015-12-24 00:00:00,163.699996948242,164.360000610351,162.220001220703,163.550003051757,119.753860473632,943000,2015-12-24,Amgen,,,
2015-12-28 00:00:00,162.910003662109,163.130004882812,160.600006103515,161.729995727539,118.421188354492,1513000,2015-12-28,Amgen,,,
2015-12-29 00:00:00,162.919998168945,164.960006713867,162.050003051757,164.440002441406,120.405487060546,2171100,2015-12-29,Amgen,,,
2015-12-30 00:00:00,164.630004882812,164.75,162.910003662109,163.289993286132,119.5634765625,1493000,2015-12-30,Amgen,,,
2015-12-31 00:00:00,162.149993896484,164.110000610351,162.050003051757,162.330001831054,118.860549926757,1775900,2015-12-31,Amgen,,,
2016-01-04 00:00:00,159.0,159.220001220703,156.08999633789,158.33999633789,115.938980102539,5083200,2016-01-04,Amgen,,,
2016-01-05 00:00:00,159.0,160.210006713867,157.25,158.169998168945,115.814498901367,2678900,2016-01-05,Amgen,,,
2016-01-06 00:00:00,155.009994506835,157.929992675781,154.899993896484,156.720001220703,114.752815246582,3826900,2016-01-06,Amgen,,,
2016-01-07 00:00:00,153.059997558593,156.449996948242,152.889999389648,152.979995727539,112.014335632324,4162500,2016-01-07,Amgen,,,
2016-01-08 00:00:00,153.119995117187,154.860000610351,150.460006713867,150.710006713867,110.352188110351,4179600,2016-01-08,Amgen,,,
2016-01-11 00:00:00,151.330001831054,151.58999633789,144.169998168945,147.690002441406,108.140899658203,4747400,2016-01-11,Amgen,,,
2016-01-12 00:00:00,148.429992675781,151.240005493164,146.919998168945,150.789993286132,110.4107131958,4410600,2016-01-12,Amgen,,,
2016-01-13 00:00:00,151.139999389648,152.830001831054,145.279998779296,145.460006713867,106.508041381835,3982100,2016-01-13,Amgen,,,
2016-01-14 00:00:00,146.02000427246,155.300003051757,144.570007324218,153.160003662109,112.146118164062,5649000,2016-01-14,Amgen,,,
2016-01-15 00:00:00,147.690002441406,152.300003051757,147.690002441406,151.300003051757,110.784172058105,6213000,2016-01-15,Amgen,,,
2016-01-19 00:00:00,153.449996948242,154.619995117187,148.229995727539,151.300003051757,110.784172058105,4382200,2016-01-19,Amgen,,,
2016-01-20 00:00:00,149.0,156.83999633789,148.050003051757,155.02000427246,113.508041381835,7338600,2016-01-20,Amgen,,,
2016-01-21 00:00:00,154.75,155.02000427246,150.240005493164,152.779998779296,111.867897033691,4674000,2016-01-21,Amgen,,,
2016-01-22 00:00:00,156.449996948242,156.960006713867,154.240005493164,156.080001831054,114.284187316894,4577300,2016-01-22,Amgen,,,
2016-01-25 00:00:00,156.179992675781,158.0,153.0,153.429992675781,112.343788146972,4765100,2016-01-25,Amgen,,,
2016-01-26 00:00:00,152.779998779296,155.229995727539,151.08999633789,153.779998779296,112.60009765625,3645500,2016-01-26,Amgen,,,
2016-01-27 00:00:00,154.889999389648,154.889999389648,148.869995117187,150.470001220703,110.176490783691,3752300,2016-01-27,Amgen,,,
2016-01-28 00:00:00,151.100006103515,151.710006713867,145.419998168945,148.350006103515,108.624168395996,4246500,2016-01-28,Amgen,,,
2016-01-29 00:00:00,149.399993896484,153.0,145.25,152.729995727539,111.831275939941,7174400,2016-01-29,Amgen,,,
2016-02-01 00:00:00,151.309997558593,153.720001220703,149.33999633789,152.75,111.845886230468,4602200,2016-02-01,Amgen,,,
2016-02-02 00:00:00,150.479995727539,151.490005493164,148.479995727539,150.110000610351,109.912872314453,3881400,2016-02-02,Amgen,,,
2016-02-03 00:00:00,150.5,151.179992675781,147.070007324218,150.690002441406,110.33755493164,4530600,2016-02-03,Amgen,,,
2016-02-04 00:00:00,150.5,151.960006713867,148.800003051757,149.910003662109,109.766426086425,3685200,2016-02-04,Amgen,,,
2016-02-05 00:00:00,148.929992675781,149.389999389648,143.690002441406,145.039993286132,106.20051574707,6451900,2016-02-05,Amgen,,,
2016-02-08 00:00:00,143.5,144.570007324218,140.160003662109,143.0,104.706802368164,4627300,2016-02-08,Amgen,,,
2016-02-09 00:00:00,141.02000427246,145.630004882812,140.820007324218,143.160003662109,104.823974609375,4211100,2016-02-09,Amgen,,,
2016-02-10 00:00:00,145.210006713867,147.130004882812,143.960006713867,144.809997558593,106.032096862792,4273500,2016-02-10,Amgen,,,
2016-02-11 00:00:00,140.759994506835,143.490005493164,140.039993286132,141.460006713867,104.29946899414,4374400,2016-02-11,Amgen,,,
2016-02-12 00:00:00,143.130004882812,144.970001220703,141.139999389648,144.720001220703,106.703056335449,3218000,2016-02-12,Amgen,,,
2016-02-16 00:00:00,146.889999389648,148.059997558593,145.679992675781,147.149993896484,108.494682312011,3371300,2016-02-16,Amgen,,,
2016-02-17 00:00:00,148.300003051757,151.52000427246,147.399993896484,151.070007324218,111.384956359863,3811100,2016-02-17,Amgen,,,
2016-02-18 00:00:00,150.789993286132,152.360000610351,149.080001831054,149.300003051757,110.079917907714,2892100,2016-02-18,Amgen,,,
2016-02-19 00:00:00,148.979995727539,151.759994506835,148.259994506835,150.119995117187,110.684509277343,2796800,2016-02-19,Amgen,,,
2016-02-22 00:00:00,148.720001220703,149.77000427246,146.940002441406,148.559997558593,109.534362792968,4603300,2016-02-22,Amgen,,,
2016-02-23 00:00:00,148.149993896484,149.720001220703,146.860000610351,147.259994506835,108.575828552246,3315200,2016-02-23,Amgen,,,
2016-02-24 00:00:00,145.5,147.27000427246,143.910003662109,147.110000610351,108.465255737304,3316100,2016-02-24,Amgen,,,
2016-02-25 00:00:00,147.360000610351,148.389999389648,145.259994506835,146.75,108.199806213378,3446800,2016-02-25,Amgen,,,
2016-02-26 00:00:00,148.509994506835,149.5,146.949996948242,147.600006103515,108.826515197753,3411500,2016-02-26,Amgen,,,
2016-02-29 00:00:00,146.960006713867,147.669998168945,142.220001220703,142.279998779296,104.904014587402,5193800,2016-02-29,Amgen,,,
2016-03-01 00:00:00,144.300003051757,148.449996948242,142.279998779296,148.389999389648,109.408981323242,4477700,2016-03-01,Amgen,,,
2016-03-02 00:00:00,148.0,148.630004882812,146.210006713867,147.490005493164,108.745391845703,3689900,2016-03-02,Amgen,,,
2016-03-03 00:00:00,147.220001220703,147.289993286132,145.320007324218,145.83999633789,107.528854370117,2988900,2016-03-03,Amgen,,,
2016-03-04 00:00:00,147.029998779296,147.300003051757,144.539993286132,145.979995727539,107.632087707519,3471400,2016-03-04,Amgen,,,
2016-03-07 00:00:00,144.979995727539,147.869995117187,144.759994506835,147.309997558593,108.612678527832,3278800,2016-03-07,Amgen,,,
2016-03-08 00:00:00,146.889999389648,147.0,144.320007324218,144.630004882812,106.636734008789,3064100,2016-03-08,Amgen,,,
2016-03-09 00:00:00,144.0,144.080001831054,139.910003662109,140.899993896484,103.886535644531,6075400,2016-03-09,Amgen,,,
2016-03-10 00:00:00,142.059997558593,143.479995727539,139.02000427246,141.029998779296,103.982437133789,4572900,2016-03-10,Amgen,,,
2016-03-11 00:00:00,142.949996948242,144.990005493164,142.169998168945,144.570007324218,106.592483520507,4861700,2016-03-11,Amgen,,,
2016-03-14 00:00:00,143.860000610351,145.309997558593,143.190002441406,144.619995117187,106.629341125488,3013800,2016-03-14,Amgen,,,
2016-03-15 00:00:00,144.83999633789,145.300003051757,142.800003051757,143.210006713867,105.589736938476,3034200,2016-03-15,Amgen,,,
2016-03-16 00:00:00,143.0,147.0,141.929992675781,143.979995727539,106.157432556152,6104700,2016-03-16,Amgen,,,
2016-03-17 00:00:00,143.720001220703,145.800003051757,141.83999633789,144.130004882812,106.26805114746,4899700,2016-03-17,Amgen,,,
2016-03-18 00:00:00,144.970001220703,146.399993896484,142.509994506835,145.509994506835,107.285530090332,6802600,2016-03-18,Amgen,,,
2016-03-21 00:00:00,145.300003051757,147.949996948242,145.02000427246,147.009994506835,108.391502380371,3176800,2016-03-21,Amgen,,,
2016-03-22 00:00:00,147.050003051757,150.990005493164,146.830001831054,150.619995117187,111.053192138671,4213900,2016-03-22,Amgen,,,
2016-03-23 00:00:00,150.309997558593,151.910003662109,148.139999389648,148.759994506835,109.681770324707,3107600,2016-03-23,Amgen,,,
2016-03-24 00:00:00,148.759994506835,150.949996948242,147.600006103515,149.240005493164,110.035705566406,3025800,2016-03-24,Amgen,,,
2016-03-28 00:00:00,149.320007324218,150.360000610351,147.320007324218,148.369995117187,109.394210815429,2111000,2016-03-28,Amgen,,,
2016-03-29 00:00:00,148.460006713867,149.690002441406,146.800003051757,149.490005493164,110.220039367675,2735700,2016-03-29,Amgen,,,
2016-03-30 00:00:00,149.610000610351,150.880004882812,148.300003051757,149.479995727539,110.212661743164,2324500,2016-03-30,Amgen,,,
2016-03-31 00:00:00,149.330001831054,150.960006713867,149.130004882812,149.929992675781,110.544425964355,2799600,2016-03-31,Amgen,,,
2016-04-01 00:00:00,150.02000427246,154.440002441406,149.100006103515,154.160003662109,113.663230895996,3972200,2016-04-01,Amgen,,,
2016-04-04 00:00:00,154.0,155.960006713867,153.699996948242,154.660003662109,114.03189086914,2314200,2016-04-04,Amgen,,,
2016-04-05 00:00:00,153.679992675781,155.160003662109,152.619995117187,152.949996948242,112.771072387695,2604600,2016-04-05,Amgen,,,
2016-04-06 00:00:00,154.240005493164,159.850006103515,153.52000427246,159.660003662109,117.718429565429,4067000,2016-04-06,Amgen,,,
2016-04-07 00:00:00,159.050003051757,159.979995727539,156.570007324218,157.380004882812,116.037361145019,3363900,2016-04-07,Amgen,,,
2016-04-08 00:00:00,158.240005493164,159.0,155.419998168945,156.460006713867,115.359054565429,2522100,2016-04-08,Amgen,,,
2016-04-11 00:00:00,156.399993896484,157.75,155.279998779296,156.389999389648,115.307441711425,2732800,2016-04-11,Amgen,,,
2016-04-12 00:00:00,156.139999389648,159.199996948242,156.110000610351,158.600006103515,116.936859130859,2763400,2016-04-12,Amgen,,,
2016-04-13 00:00:00,159.02000427246,160.889999389648,158.229995727539,160.059997558593,118.013328552246,3860600,2016-04-13,Amgen,,,
2016-04-14 00:00:00,159.809997558593,160.77000427246,159.369995117187,160.119995117187,118.057563781738,2406800,2016-04-14,Amgen,,,
2016-04-15 00:00:00,160.149993896484,160.389999389648,158.460006713867,160.130004882812,118.064971923828,2824300,2016-04-15,Amgen,,,
2016-04-18 00:00:00,159.490005493164,162.100006103515,159.399993896484,161.699996948242,119.222503662109,2081100,2016-04-18,Amgen,,,
2016-04-19 00:00:00,160.800003051757,162.5,160.33999633789,162.100006103515,119.517456054687,2693000,2016-04-19,Amgen,,,
2016-04-20 00:00:00,163.02000427246,163.83999633789,161.800003051757,162.759994506835,120.004066467285,2374300,2016-04-20,Amgen,,,
2016-04-21 00:00:00,162.440002441406,164.539993286132,162.029998779296,164.350006103515,121.176406860351,2348400,2016-04-21,Amgen,,,
2016-04-22 00:00:00,164.52000427246,164.699996948242,162.179992675781,163.190002441406,120.321159362792,2757200,2016-04-22,Amgen,,,
2016-04-25 00:00:00,163.149993896484,163.75,162.240005493164,163.460006713867,120.520217895507,1596300,2016-04-25,Amgen,,,
2016-04-26 00:00:00,163.389999389648,163.910003662109,162.02000427246,162.850006103515,120.070472717285,2156600,2016-04-26,Amgen,,,
2016-04-27 00:00:00,162.720001220703,162.899993896484,160.5,161.0,118.706420898437,2729500,2016-04-27,Amgen,,,
2016-04-28 00:00:00,160.220001220703,163.679992675781,159.360000610351,160.559997558593,118.381996154785,3354100,2016-04-28,Amgen,,,
2016-04-29 00:00:00,159.389999389648,161.919998168945,156.380004882812,158.300003051757,116.715751647949,5386600,2016-04-29,Amgen,,,
2016-05-02 00:00:00,158.619995117187,159.419998168945,157.210006713867,158.990005493164,117.224449157714,2433700,2016-05-02,Amgen,,,
2016-05-03 00:00:00,158.369995117187,158.460006713867,156.0,156.350006103515,115.277961730957,2862900,2016-05-03,Amgen,,,
2016-05-04 00:00:00,155.279998779296,155.860000610351,153.529998779296,154.179992675781,113.67797088623,3048400,2016-05-04,Amgen,,,
2016-05-05 00:00:00,154.130004882812,156.210006713867,153.360000610351,154.25,113.729591369628,2325400,2016-05-05,Amgen,,,
2016-05-06 00:00:00,153.490005493164,154.449996948242,151.360000610351,153.190002441406,112.94807434082,3004800,2016-05-06,Amgen,,,
2016-05-09 00:00:00,153.699996948242,156.080001831054,153.02000427246,155.410003662109,114.584892272949,2990100,2016-05-09,Amgen,,,
2016-05-10 00:00:00,155.949996948242,157.5,154.949996948242,157.240005493164,115.934143066406,2585000,2016-05-10,Amgen,,,
2016-05-11 00:00:00,157.729995727539,158.25,154.08999633789,154.179992675781,113.67797088623,2741800,2016-05-11,Amgen,,,
2016-05-12 00:00:00,154.679992675781,155.0,151.970001220703,152.899993896484,112.73420715332,2981600,2016-05-12,Amgen,,,
2016-05-13 00:00:00,151.220001220703,154.080001831054,151.220001220703,152.350006103515,113.068199157714,2451200,2016-05-13,Amgen,,,
2016-05-16 00:00:00,152.350006103515,153.860000610351,151.699996948242,153.27000427246,113.751022338867,2415100,2016-05-16,Amgen,,,
2016-05-17 00:00:00,152.449996948242,152.910003662109,149.440002441406,150.110000610351,111.405799865722,4486500,2016-05-17,Amgen,,,
2016-05-18 00:00:00,149.910003662109,151.429992675781,149.210006713867,150.830001831054,111.940147399902,3234500,2016-05-18,Amgen,,,
2016-05-19 00:00:00,149.449996948242,150.229995727539,147.119995117187,148.669998168945,110.337051391601,3023600,2016-05-19,Amgen,,,
2016-05-20 00:00:00,148.919998168945,151.710006713867,148.649993896484,150.179992675781,111.457695007324,3075800,2016-05-20,Amgen,,,
2016-05-23 00:00:00,150.039993286132,150.75,149.149993896484,149.300003051757,110.804618835449,1543400,2016-05-23,Amgen,,,
2016-05-24 00:00:00,150.710006713867,152.940002441406,150.389999389648,152.720001220703,113.342781066894,2581000,2016-05-24,Amgen,,,
2016-05-25 00:00:00,153.539993286132,155.83999633789,153.149993896484,155.570007324218,115.457946777343,3053100,2016-05-25,Amgen,,,
2016-05-26 00:00:00,154.919998168945,156.279998779296,154.550003051757,155.550003051757,115.443130493164,1808600,2016-05-26,Amgen,,,
2016-05-27 00:00:00,156.199996948242,156.880004882812,155.110000610351,156.740005493164,116.326278686523,1364000,2016-05-27,Amgen,,,
2016-05-31 00:00:00,157.419998168945,158.429992675781,156.860000610351,157.949996948242,117.224349975585,3204400,2016-05-31,Amgen,,,
2016-06-01 00:00:00,157.610000610351,158.83999633789,156.669998168945,158.050003051757,117.29849243164,1716400,2016-06-01,Amgen,,,
2016-06-02 00:00:00,158.229995727539,159.869995117187,157.949996948242,159.869995117187,118.649276733398,2386300,2016-06-02,Amgen,,,
2016-06-03 00:00:00,159.860000610351,159.990005493164,156.820007324218,159.190002441406,118.14459991455,2149300,2016-06-03,Amgen,,,
2016-06-06 00:00:00,159.580001831054,160.75,158.889999389648,160.190002441406,118.886779785156,1897600,2016-06-06,Amgen,,,
2016-06-07 00:00:00,159.130004882812,159.639999389648,158.279998779296,158.889999389648,117.921928405761,1896700,2016-06-07,Amgen,,,
2016-06-08 00:00:00,158.479995727539,158.940002441406,157.539993286132,158.0,117.261421203613,2476000,2016-06-08,Amgen,,,
2016-06-09 00:00:00,157.759994506835,158.979995727539,156.0,156.779998779296,116.355995178222,2383200,2016-06-09,Amgen,,,
2016-06-10 00:00:00,155.259994506835,156.320007324218,153.639999389648,154.779998779296,114.871658325195,2626100,2016-06-10,Amgen,,,
2016-06-13 00:00:00,155.059997558593,156.119995117187,152.990005493164,153.080001831054,113.609992980957,2340300,2016-06-13,Amgen,,,
2016-06-14 00:00:00,152.740005493164,153.479995727539,151.639999389648,152.990005493164,113.543190002441,2115200,2016-06-14,Amgen,,,
2016-06-15 00:00:00,153.130004882812,154.080001831054,151.820007324218,151.899993896484,112.734230041503,2443700,2016-06-15,Amgen,,,
2016-06-16 00:00:00,151.679992675781,152.899993896484,150.699996948242,152.300003051757,113.031112670898,2321700,2016-06-16,Amgen,,,
2016-06-17 00:00:00,152.610000610351,152.759994506835,149.550003051757,149.619995117187,111.042129516601,4681500,2016-06-17,Amgen,,,
2016-06-20 00:00:00,151.789993286132,152.690002441406,150.369995117187,150.649993896484,111.806526184082,3250500,2016-06-20,Amgen,,,
2016-06-21 00:00:00,151.139999389648,151.470001220703,148.5,149.419998168945,110.893676757812,2622200,2016-06-21,Amgen,,,
2016-06-22 00:00:00,149.080001831054,152.179992675781,149.0,149.809997558593,111.183128356933,4470100,2016-06-22,Amgen,,,
2016-06-23 00:00:00,151.210006713867,152.399993896484,150.630004882812,152.27000427246,113.008819580078,3000400,2016-06-23,Amgen,,,
2016-06-24 00:00:00,147.199996948242,149.300003051757,146.029998779296,146.449996948242,108.68943786621,4919200,2016-06-24,Amgen,,,
2016-06-27 00:00:00,146.160003662109,147.070007324218,143.820007324218,144.580001831054,107.301643371582,4176700,2016-06-27,Amgen,,,
2016-06-28 00:00:00,145.889999389648,148.419998168945,145.600006103515,148.419998168945,110.151504516601,4348000,2016-06-28,Amgen,,,
2016-06-29 00:00:00,149.110000610351,150.75,148.630004882812,150.100006103515,111.39835357666,3771100,2016-06-29,Amgen,,,
2016-06-30 00:00:00,150.830001831054,152.429992675781,149.830001831054,152.149993896484,112.919784545898,3480700,2016-06-30,Amgen,,,
2016-07-01 00:00:00,152.429992675781,154.949996948242,152.25,154.279998779296,114.500579833984,2758100,2016-07-01,Amgen,,,
2016-07-05 00:00:00,154.289993286132,154.940002441406,153.380004882812,154.27000427246,114.493209838867,2349100,2016-07-05,Amgen,,,
2016-07-06 00:00:00,153.440002441406,156.820007324218,152.949996948242,156.050003051757,115.814231872558,3834000,2016-07-06,Amgen,,,
2016-07-07 00:00:00,155.860000610351,156.759994506835,155.25,156.58999633789,116.215003967285,2437100,2016-07-07,Amgen,,,
2016-07-08 00:00:00,157.619995117187,161.110000610351,156.199996948242,161.100006103515,119.562126159667,3741500,2016-07-08,Amgen,,,
2016-07-11 00:00:00,161.360000610351,162.320007324218,160.0,160.179992675781,118.879318237304,2464700,2016-07-11,Amgen,,,
2016-07-12 00:00:00,160.619995117187,162.279998779296,160.509994506835,161.960006713867,120.200393676757,2407200,2016-07-12,Amgen,,,
2016-07-13 00:00:00,162.639999389648,162.660003662109,160.309997558593,160.52000427246,119.131637573242,2691800,2016-07-13,Amgen,,,
2016-07-14 00:00:00,162.0,162.990005493164,160.740005493164,162.740005493164,120.779296875,2444800,2016-07-14,Amgen,,,
2016-07-15 00:00:00,163.449996948242,164.570007324218,161.559997558593,163.279998779296,121.179992675781,3179700,2016-07-15,Amgen,,,
2016-07-18 00:00:00,163.820007324218,164.0,162.789993286132,162.929992675781,120.920272827148,1815600,2016-07-18,Amgen,,,
2016-07-19 00:00:00,163.199996948242,164.710006713867,161.940002441406,162.490005493164,120.593757629394,2249500,2016-07-19,Amgen,,,
2016-07-20 00:00:00,162.449996948242,163.649993896484,161.820007324218,163.25,121.157760620117,2161400,2016-07-20,Amgen,,,
2016-07-21 00:00:00,163.389999389648,164.259994506835,162.710006713867,164.190002441406,121.855400085449,1971800,2016-07-21,Amgen,,,
2016-07-22 00:00:00,164.779998779296,166.330001831054,164.0,165.669998168945,122.953796386718,2500400,2016-07-22,Amgen,,,
2016-07-25 00:00:00,165.699996948242,166.949996948242,164.070007324218,166.559997558593,123.614303588867,2704900,2016-07-25,Amgen,,,
2016-07-26 00:00:00,165.889999389648,168.050003051757,165.77000427246,167.669998168945,124.438102722167,2883600,2016-07-26,Amgen,,,
2016-07-27 00:00:00,167.449996948242,171.08999633789,167.440002441406,170.679992675781,126.671997070312,4200200,2016-07-27,Amgen,,,
2016-07-28 00:00:00,168.929992675781,171.800003051757,166.509994506835,171.279998779296,127.11734008789,5192500,2016-07-28,Amgen,,,
2016-07-29 00:00:00,171.570007324218,172.259994506835,170.529998779296,172.029998779296,127.673957824707,3121600,2016-07-29,Amgen,,,
2016-08-01 00:00:00,172.910003662109,174.979995727539,172.279998779296,174.160003662109,129.25471496582,3571900,2016-08-01,Amgen,,,
2016-08-02 00:00:00,175.050003051757,176.5,173.169998168945,174.149993896484,129.247314453125,6589000,2016-08-02,Amgen,,,
2016-08-03 00:00:00,173.740005493164,174.389999389648,172.279998779296,173.429992675781,128.712966918945,3911800,2016-08-03,Amgen,,,
2016-08-04 00:00:00,173.300003051757,173.669998168945,172.039993286132,172.669998168945,128.148864746093,2122200,2016-08-04,Amgen,,,
2016-08-05 00:00:00,173.350006103515,174.52000427246,172.509994506835,173.660003662109,128.883712768554,2228300,2016-08-05,Amgen,,,
2016-08-08 00:00:00,173.309997558593,174.160003662109,171.830001831054,172.33999633789,127.903991699218,2706500,2016-08-08,Amgen,,,
2016-08-09 00:00:00,172.660003662109,173.300003051757,171.679992675781,172.080001831054,127.711036682128,2094200,2016-08-09,Amgen,,,
2016-08-10 00:00:00,171.889999389648,172.199996948242,170.710006713867,171.229995727539,127.080207824707,2476600,2016-08-10,Amgen,,,
2016-08-11 00:00:00,172.240005493164,172.779998779296,171.050003051757,172.429992675781,127.970832824707,2142800,2016-08-11,Amgen,,,
2016-08-12 00:00:00,171.240005493164,173.149993896484,170.679992675781,173.02000427246,128.408645629882,1863200,2016-08-12,Amgen,,,
2016-08-15 00:00:00,171.479995727539,174.720001220703,171.479995727539,174.580001831054,130.319671630859,2784300,2016-08-15,Amgen,,,
2016-08-16 00:00:00,174.539993286132,174.910003662109,172.070007324218,172.160003662109,128.513214111328,2622800,2016-08-16,Amgen,,,
2016-08-17 00:00:00,172.009994506835,174.5,171.679992675781,174.309997558593,130.118087768554,2580900,2016-08-17,Amgen,,,
2016-08-18 00:00:00,174.429992675781,176.639999389648,173.570007324218,174.75,130.446533203125,3422400,2016-08-18,Amgen,,,
2016-08-19 00:00:00,174.100006103515,174.960006713867,172.259994506835,173.619995117187,129.60302734375,2696400,2016-08-19,Amgen,,,
2016-08-22 00:00:00,173.740005493164,175.179992675781,173.220001220703,174.350006103515,130.147994995117,2603700,2016-08-22,Amgen,,,
2016-08-23 00:00:00,174.440002441406,175.990005493164,173.660003662109,174.399993896484,130.185287475585,2375700,2016-08-23,Amgen,,,
2016-08-24 00:00:00,174.0,174.869995117187,170.279998779296,170.83999633789,127.527862548828,3055000,2016-08-24,Amgen,,,
2016-08-25 00:00:00,169.919998168945,171.460006713867,168.759994506835,170.229995727539,127.07250213623,2623800,2016-08-25,Amgen,,,
2016-08-26 00:00:00,170.800003051757,172.990005493164,169.77000427246,171.970001220703,128.371353149414,2925300,2016-08-26,Amgen,,,
2016-08-29 00:00:00,172.369995117187,172.5,171.119995117187,171.509994506835,128.027969360351,2512200,2016-08-29,Amgen,,,
2016-08-30 00:00:00,171.160003662109,171.940002441406,170.119995117187,170.759994506835,127.468086242675,1803100,2016-08-30,Amgen,,,
2016-08-31 00:00:00,170.729995727539,171.389999389648,169.820007324218,170.059997558593,126.945556640625,2936400,2016-08-31,Amgen,,,
2016-09-01 00:00:00,170.550003051757,170.559997558593,168.619995117187,170.130004882812,126.997840881347,1876100,2016-09-01,Amgen,,,
2016-09-02 00:00:00,170.550003051757,171.050003051757,168.910003662109,169.77000427246,126.729080200195,2083800,2016-09-02,Amgen,,,
2016-09-06 00:00:00,169.850006103515,171.77000427246,169.389999389648,170.83999633789,127.527862548828,1919700,2016-09-06,Amgen,,,
2016-09-07 00:00:00,169.779998779296,171.440002441406,169.199996948242,170.630004882812,127.371154785156,2013000,2016-09-07,Amgen,,,
2016-09-08 00:00:00,170.070007324218,171.360000610351,169.729995727539,170.970001220703,127.624839782714,2611200,2016-09-08,Amgen,,,
2016-09-09 00:00:00,169.690002441406,169.759994506835,166.529998779296,166.550003051757,124.325500488281,3131400,2016-09-09,Amgen,,,
2016-09-12 00:00:00,166.080001831054,172.580001831054,165.929992675781,172.039993286132,128.423599243164,4451500,2016-09-12,Amgen,,,
2016-09-13 00:00:00,171.240005493164,171.5,167.809997558593,169.300003051757,126.37825012207,3162600,2016-09-13,Amgen,,,
2016-09-14 00:00:00,169.649993896484,171.77000427246,169.5,170.139999389648,127.005332946777,2799000,2016-09-14,Amgen,,,
2016-09-15 00:00:00,170.039993286132,173.389999389648,169.470001220703,172.639999389648,128.871490478515,2923900,2016-09-15,Amgen,,,
2016-09-16 00:00:00,172.58999633789,173.389999389648,171.050003051757,172.960006713867,129.1103515625,4028300,2016-09-16,Amgen,,,
2016-09-19 00:00:00,173.25,173.5,171.179992675781,171.380004882812,127.930908203125,2226800,2016-09-19,Amgen,,,
2016-09-20 00:00:00,172.940002441406,174.259994506835,172.460006713867,173.380004882812,129.423889160156,2607700,2016-09-20,Amgen,,,
2016-09-21 00:00:00,174.240005493164,174.25,171.610000610351,173.850006103515,129.77473449707,2516400,2016-09-21,Amgen,,,
2016-09-22 00:00:00,174.600006103515,175.729995727539,173.75,175.619995117187,131.09602355957,2338300,2016-09-22,Amgen,,,
2016-09-23 00:00:00,176.27000427246,176.850006103515,174.610000610351,174.800003051757,130.483840942382,2238700,2016-09-23,Amgen,,,
2016-09-26 00:00:00,174.220001220703,174.449996948242,172.830001831054,173.529998779296,129.535919189453,1798500,2016-09-26,Amgen,,,
2016-09-27 00:00:00,170.240005493164,171.979995727539,169.5,171.630004882812,128.117553710937,4798900,2016-09-27,Amgen,,,
2016-09-28 00:00:00,172.220001220703,172.220001220703,169.050003051757,169.710006713867,126.684341430664,3300700,2016-09-28,Amgen,,,
2016-09-29 00:00:00,170.389999389648,170.389999389648,165.330001831054,165.449996948242,123.504333496093,3804000,2016-09-29,Amgen,,,
2016-09-30 00:00:00,166.380004882812,167.720001220703,165.27000427246,166.809997558593,124.519554138183,3999600,2016-09-30,Amgen,,,
2016-10-03 00:00:00,166.050003051757,167.580001831054,164.440002441406,167.33999633789,124.915176391601,2514600,2016-10-03,Amgen,,,
2016-10-04 00:00:00,167.33999633789,168.690002441406,167.139999389648,167.550003051757,125.071952819824,2797600,2016-10-04,Amgen,,,
2016-10-05 00:00:00,167.550003051757,168.389999389648,166.919998168945,167.240005493164,124.840553283691,1953400,2016-10-05,Amgen,,,
2016-10-06 00:00:00,166.330001831054,167.789993286132,165.789993286132,166.899993896484,124.586723327636,1904100,2016-10-06,Amgen,,,
2016-10-07 00:00:00,167.940002441406,168.149993896484,166.300003051757,167.5,125.034606933593,1679800,2016-10-07,Amgen,,,
2016-10-10 00:00:00,168.199996948242,168.58999633789,167.669998168945,168.309997558593,125.639259338378,1628200,2016-10-10,Amgen,,,
2016-10-11 00:00:00,167.820007324218,167.820007324218,163.509994506835,164.320007324218,122.660804748535,2761900,2016-10-11,Amgen,,,
2016-10-12 00:00:00,164.320007324218,165.58999633789,163.610000610351,163.880004882812,122.332374572753,2250600,2016-10-12,Amgen,,,
2016-10-13 00:00:00,162.850006103515,165.08999633789,162.509994506835,164.289993286132,122.638397216796,2430900,2016-10-13,Amgen,,,
2016-10-14 00:00:00,165.050003051757,165.25,161.83999633789,161.899993896484,120.854316711425,2817500,2016-10-14,Amgen,,,
2016-10-17 00:00:00,162.199996948242,163.449996948242,161.139999389648,162.619995117187,121.391830444335,2348400,2016-10-17,Amgen,,,
2016-10-18 00:00:00,163.740005493164,163.860000610351,162.75,162.800003051757,121.526191711425,2001800,2016-10-18,Amgen,,,
2016-10-19 00:00:00,163.419998168945,163.610000610351,161.02000427246,161.080001831054,120.242210388183,2502700,2016-10-19,Amgen,,,
2016-10-20 00:00:00,161.0,163.350006103515,161.0,161.5,120.555770874023,2922600,2016-10-20,Amgen,,,
2016-10-21 00:00:00,160.690002441406,161.220001220703,158.350006103515,158.509994506835,118.323806762695,3541000,2016-10-21,Amgen,,,
2016-10-24 00:00:00,159.360000610351,159.699996948242,158.240005493164,158.759994506835,118.510414123535,2920200,2016-10-24,Amgen,,,
2016-10-25 00:00:00,158.83999633789,159.27000427246,157.800003051757,157.899993896484,117.868469238281,2414300,2016-10-25,Amgen,,,
2016-10-26 00:00:00,158.679992675781,160.050003051757,158.029998779296,158.990005493164,118.682083129882,2716800,2016-10-26,Amgen,,,
2016-10-27 00:00:00,159.710006713867,161.600006103515,159.639999389648,160.570007324218,119.861518859863,3366900,2016-10-27,Amgen,,,
2016-10-28 00:00:00,151.690002441406,151.759994506835,142.639999389648,145.179992675781,108.373313903808,18311600,2016-10-28,Amgen,,,
2016-10-31 00:00:00,146.550003051757,146.679992675781,140.940002441406,141.160003662109,105.372467041015,8693700,2016-10-31,Amgen,,,
2016-11-01 00:00:00,141.169998168945,142.410003662109,139.309997558593,140.759994506835,105.073852539062,5589300,2016-11-01,Amgen,,,
2016-11-02 00:00:00,140.309997558593,140.610000610351,138.639999389648,138.699996948242,103.536094665527,4622500,2016-11-02,Amgen,,,
2016-11-03 00:00:00,139.699996948242,139.77000427246,135.0,135.220001220703,100.938369750976,5791200,2016-11-03,Amgen,,,
2016-11-04 00:00:00,133.710006713867,137.610000610351,133.639999389648,135.399993896484,101.072769165039,5051500,2016-11-04,Amgen,,,
2016-11-07 00:00:00,137.850006103515,140.229995727539,137.160003662109,139.210006713867,103.916801452636,5146000,2016-11-07,Amgen,,,
2016-11-08 00:00:00,139.550003051757,140.0,137.350006103515,138.449996948242,103.34952545166,3668500,2016-11-08,Amgen,,,
2016-11-09 00:00:00,146.75,152.850006103515,142.75,146.419998168945,109.298904418945,11793400,2016-11-09,Amgen,,,
2016-11-10 00:00:00,150.399993896484,152.229995727539,148.759994506835,151.570007324218,113.143257141113,8933400,2016-11-10,Amgen,,,
2016-11-11 00:00:00,150.050003051757,150.83999633789,146.800003051757,149.039993286132,111.254669189453,5159400,2016-11-11,Amgen,,,
2016-11-14 00:00:00,148.470001220703,149.149993896484,146.009994506835,146.419998168945,110.037223815917,5060000,2016-11-14,Amgen,,,
2016-11-15 00:00:00,146.869995117187,148.460006713867,145.009994506835,147.059997558593,110.51821899414,4515100,2016-11-15,Amgen,,,
2016-11-16 00:00:00,147.570007324218,148.5,146.440002441406,147.229995727539,110.645942687988,4108200,2016-11-16,Amgen,,,
2016-11-17 00:00:00,147.729995727539,148.449996948242,146.509994506835,147.360000610351,110.74365234375,3957300,2016-11-17,Amgen,,,
2016-11-18 00:00:00,147.050003051757,148.350006103515,144.899993896484,145.229995727539,109.142913818359,3764600,2016-11-18,Amgen,,,
2016-11-21 00:00:00,145.990005493164,146.169998168945,145.110000610351,145.550003051757,109.383407592773,2860500,2016-11-21,Amgen,,,
2016-11-22 00:00:00,146.820007324218,146.949996948242,142.820007324218,144.330001831054,108.466537475585,3586200,2016-11-22,Amgen,,,
2016-11-23 00:00:00,142.940002441406,145.169998168945,142.83999633789,145.029998779296,108.992622375488,3216900,2016-11-23,Amgen,,,
2016-11-25 00:00:00,145.220001220703,146.0,144.759994506835,145.429992675781,109.293197631835,2004000,2016-11-25,Amgen,,,
2016-11-28 00:00:00,145.25,145.919998168945,144.5,145.070007324218,109.022682189941,2411700,2016-11-28,Amgen,,,
2016-11-29 00:00:00,145.360000610351,146.789993286132,145.309997558593,146.0,109.721580505371,2939100,2016-11-29,Amgen,,,
2016-11-30 00:00:00,145.699996948242,146.320007324218,144.070007324218,144.070007324218,108.271163940429,4296900,2016-11-30,Amgen,,,
2016-12-01 00:00:00,144.240005493164,144.240005493164,142.139999389648,142.389999389648,107.00862121582,3894000,2016-12-01,Amgen,,,
2016-12-02 00:00:00,142.289993286132,144.910003662109,141.5,144.009994506835,108.226081848144,3517300,2016-12-02,Amgen,,,
2016-12-05 00:00:00,145.449996948242,146.369995117187,143.720001220703,145.289993286132,109.188011169433,3855500,2016-12-05,Amgen,,,
2016-12-06 00:00:00,145.800003051757,145.990005493164,144.279998779296,145.110000610351,109.05271911621,2399000,2016-12-06,Amgen,,,
2016-12-07 00:00:00,143.52000427246,143.880004882812,139.660003662109,141.190002441406,106.106781005859,7031300,2016-12-07,Amgen,,,
2016-12-08 00:00:00,140.830001831054,141.100006103515,138.830001831054,140.58999633789,105.655883789062,4387600,2016-12-08,Amgen,,,
2016-12-09 00:00:00,141.5,144.580001831054,141.0,143.449996948242,107.805191040039,4637300,2016-12-09,Amgen,,,
2016-12-12 00:00:00,142.919998168945,146.039993286132,142.789993286132,145.759994506835,109.541198730468,3310100,2016-12-12,Amgen,,,
2016-12-13 00:00:00,146.809997558593,149.970001220703,146.550003051757,148.369995117187,111.50267791748,4308700,2016-12-13,Amgen,,,
2016-12-14 00:00:00,148.160003662109,149.550003051757,147.419998168945,148.690002441406,111.743179321289,3196700,2016-12-14,Amgen,,,
2016-12-15 00:00:00,149.179992675781,150.470001220703,148.779998779296,150.389999389648,113.020736694335,2950500,2016-12-15,Amgen,,,
2016-12-16 00:00:00,150.919998168945,151.210006713867,148.809997558593,149.369995117187,112.254188537597,6356800,2016-12-16,Amgen,,,
2016-12-19 00:00:00,149.75,150.350006103515,147.210006713867,147.740005493164,111.029258728027,3013800,2016-12-19,Amgen,,,
2016-12-20 00:00:00,146.820007324218,147.990005493164,146.470001220703,147.220001220703,110.63842010498,2615600,2016-12-20,Amgen,,,
2016-12-21 00:00:00,147.070007324218,147.630004882812,145.699996948242,146.169998168945,109.84935760498,2491800,2016-12-21,Amgen,,,
2016-12-22 00:00:00,146.309997558593,146.610000610351,145.119995117187,146.360000610351,109.992126464843,1820500,2016-12-22,Amgen,,,
2016-12-23 00:00:00,146.350006103515,147.729995727539,146.240005493164,147.550003051757,110.886451721191,2169700,2016-12-23,Amgen,,,
2016-12-27 00:00:00,147.77000427246,150.110000610351,147.77000427246,148.360000610351,111.495170593261,1941000,2016-12-27,Amgen,,,
2016-12-28 00:00:00,148.630004882812,149.149993896484,147.360000610351,147.669998168945,110.976593017578,1804000,2016-12-28,Amgen,,,
2016-12-29 00:00:00,147.369995117187,148.690002441406,147.369995117187,147.779998779296,111.059280395507,1655500,2016-12-29,Amgen,,,
2016-12-30 00:00:00,147.630004882812,148.75,145.619995117187,146.210006713867,109.879386901855,3193100,2016-12-30,Amgen,,,
2017-01-03 00:00:00,147.860000610351,151.0,147.119995117187,150.729995727539,113.276275634765,3640900,2017-01-03,Amgen,,,
2017-01-04 00:00:00,152.08999633789,153.720001220703,151.77000427246,152.869995117187,114.884475708007,3945900,2017-01-04,Amgen,,,
2017-01-05 00:00:00,152.720001220703,153.399993896484,151.509994506835,152.979995727539,114.967170715332,3441700,2017-01-05,Amgen,,,
2017-01-06 00:00:00,159.880004882812,161.0,156.669998168945,156.779998779296,117.82290649414,9899300,2017-01-06,Amgen,,,
2017-01-09 00:00:00,157.009994506835,158.949996948242,156.630004882812,158.83999633789,119.371070861816,4247700,2017-01-09,Amgen,,,
2017-01-10 00:00:00,158.490005493164,159.130004882812,157.240005493164,158.759994506835,119.310943603515,3324400,2017-01-10,Amgen,,,
2017-01-11 00:00:00,159.160003662109,159.160003662109,154.5,156.619995117187,117.702674865722,4821300,2017-01-11,Amgen,,,
2017-01-12 00:00:00,155.440002441406,156.149993896484,154.559997558593,155.360000610351,116.755767822265,3234800,2017-01-12,Amgen,,,
2017-01-13 00:00:00,155.279998779296,157.210006713867,154.889999389648,156.119995117187,117.326911926269,2637500,2017-01-13,Amgen,,,
2017-01-17 00:00:00,155.139999389648,156.119995117187,153.529998779296,154.800003051757,116.334922790527,3404900,2017-01-17,Amgen,,,
2017-01-18 00:00:00,155.690002441406,155.940002441406,154.509994506835,155.77000427246,117.063919067382,2432600,2017-01-18,Amgen,,,
2017-01-19 00:00:00,155.130004882812,155.690002441406,153.25,153.800003051757,115.58341217041,2571900,2017-01-19,Amgen,,,
2017-01-20 00:00:00,154.710006713867,155.350006103515,153.820007324218,154.669998168945,116.237251281738,3067400,2017-01-20,Amgen,,,
2017-01-23 00:00:00,154.210006713867,154.550003051757,152.399993896484,152.720001220703,114.771781921386,2458200,2017-01-23,Amgen,,,
2017-01-24 00:00:00,152.820007324218,153.0,150.380004882812,151.850006103515,114.117958068847,3027700,2017-01-24,Amgen,,,
2017-01-25 00:00:00,152.529998779296,154.820007324218,151.77000427246,154.100006103515,115.808868408203,3479500,2017-01-25,Amgen,,,
2017-01-26 00:00:00,155.0,155.800003051757,152.899993896484,152.979995727539,114.967170715332,3366900,2017-01-26,Amgen,,,
2017-01-27 00:00:00,153.229995727539,157.5,152.759994506835,157.160003662109,118.108505249023,4885200,2017-01-27,Amgen,,,
2017-01-30 00:00:00,157.100006103515,157.179992675781,153.77000427246,154.429992675781,116.056861877441,3758400,2017-01-30,Amgen,,,
2017-01-31 00:00:00,153.699996948242,156.960006713867,153.149993896484,156.679992675781,117.74779510498,3351300,2017-01-31,Amgen,,,
2017-02-01 00:00:00,158.58999633789,159.75,157.050003051757,159.669998168945,119.994857788085,3924800,2017-02-01,Amgen,,,
2017-02-02 00:00:00,159.729995727539,159.940002441406,156.910003662109,159.580001831054,119.927200317382,4445400,2017-02-02,Amgen,,,
2017-02-03 00:00:00,166.100006103515,167.850006103515,164.860000610351,167.529998779296,125.901763916015,7366600,2017-02-03,Amgen,,,
2017-02-06 00:00:00,166.179992675781,166.889999389648,165.130004882812,166.580001831054,125.187866210937,4389200,2017-02-06,Amgen,,,
2017-02-07 00:00:00,167.0,167.720001220703,165.600006103515,166.820007324218,125.368156433105,3584300,2017-02-07,Amgen,,,
2017-02-08 00:00:00,166.5,168.350006103515,166.320007324218,168.119995117187,126.34519958496,3493400,2017-02-08,Amgen,,,
2017-02-09 00:00:00,165.75,167.789993286132,165.5,167.470001220703,125.856712341308,4281400,2017-02-09,Amgen,,,
2017-02-10 00:00:00,167.800003051757,168.309997558593,167.029998779296,167.889999389648,126.172325134277,2931200,2017-02-10,Amgen,,,
2017-02-13 00:00:00,167.720001220703,168.259994506835,166.679992675781,167.660003662109,126.868461608886,3602800,2017-02-13,Amgen,,,
2017-02-14 00:00:00,167.070007324218,168.070007324218,165.570007324218,168.050003051757,127.163627624511,3116700,2017-02-14,Amgen,,,
2017-02-15 00:00:00,167.320007324218,172.0,167.0,171.789993286132,129.993621826171,4058800,2017-02-15,Amgen,,,
2017-02-16 00:00:00,171.559997558593,172.169998168945,170.300003051757,172.110000610351,130.235809326171,2660600,2017-02-16,Amgen,,,
2017-02-17 00:00:00,171.350006103515,173.360000610351,168.889999389648,173.289993286132,131.128707885742,4154900,2017-02-17,Amgen,,,
2017-02-21 00:00:00,172.850006103515,173.5,171.860000610351,173.139999389648,131.015197753906,3941200,2017-02-21,Amgen,,,
2017-02-22 00:00:00,172.330001831054,174.699996948242,171.889999389648,172.610000610351,130.614151000976,2579800,2017-02-22,Amgen,,,
2017-02-23 00:00:00,172.75,174.009994506835,171.889999389648,174.009994506835,131.673507690429,2190800,2017-02-23,Amgen,,,
2017-02-24 00:00:00,173.289993286132,174.720001220703,172.479995727539,174.559997558593,132.089691162109,2677300,2017-02-24,Amgen,,,
2017-02-27 00:00:00,174.210006713867,176.27000427246,173.710006713867,176.130004882812,133.277786254882,2850700,2017-02-27,Amgen,,,
2017-02-28 00:00:00,175.460006713867,178.25,175.419998168945,176.529998779296,133.580444335937,3370400,2017-02-28,Amgen,,,
2017-03-01 00:00:00,178.0,179.679992675781,175.759994506835,178.240005493164,134.87434387207,3532300,2017-03-01,Amgen,,,
2017-03-02 00:00:00,177.720001220703,178.860000610351,176.820007324218,178.070007324218,134.745712280273,3493000,2017-03-02,Amgen,,,
2017-03-03 00:00:00,178.460006713867,180.529998779296,177.550003051757,180.199996948242,136.357482910156,2893800,2017-03-03,Amgen,,,
2017-03-06 00:00:00,179.550003051757,180.33999633789,178.160003662109,179.460006713867,135.797576904296,3280100,2017-03-06,Amgen,,,
2017-03-07 00:00:00,177.399993896484,178.58999633789,176.279998779296,177.380004882812,134.223587036132,3328900,2017-03-07,Amgen,,,
2017-03-08 00:00:00,177.25,178.759994506835,177.139999389648,177.779998779296,134.526275634765,2320800,2017-03-08,Amgen,,,
2017-03-09 00:00:00,178.050003051757,179.119995117187,177.070007324218,178.919998168945,135.388916015625,2505300,2017-03-09,Amgen,,,
2017-03-10 00:00:00,179.470001220703,181.929992675781,179.110000610351,181.440002441406,137.295791625976,4589000,2017-03-10,Amgen,,,
2017-03-13 00:00:00,181.929992675781,182.0,180.320007324218,181.050003051757,137.000686645507,2531000,2017-03-13,Amgen,,,
2017-03-14 00:00:00,180.419998168945,181.559997558593,179.630004882812,180.119995117187,136.296920776367,2746300,2017-03-14,Amgen,,,
2017-03-15 00:00:00,180.309997558593,184.210006713867,180.309997558593,182.600006103515,138.173568725585,4197300,2017-03-15,Amgen,,,
2017-03-16 00:00:00,181.600006103515,181.83999633789,178.02000427246,180.110000610351,136.28938293457,6014400,2017-03-16,Amgen,,,
2017-03-17 00:00:00,167.369995117187,171.58999633789,165.949996948242,168.610000610351,127.587348937988,23936800,2017-03-17,Amgen,,,
2017-03-20 00:00:00,169.630004882812,169.710006713867,167.759994506835,169.240005493164,128.064041137695,5831500,2017-03-20,Amgen,,,
2017-03-21 00:00:00,170.050003051757,170.210006713867,166.490005493164,166.850006103515,126.25552368164,4922700,2017-03-21,Amgen,,,
2017-03-22 00:00:00,167.929992675781,167.979995727539,166.58999633789,167.449996948242,126.709571838378,5070400,2017-03-22,Amgen,,,
2017-03-23 00:00:00,167.479995727539,168.02000427246,165.570007324218,166.039993286132,125.642578125,4432200,2017-03-23,Amgen,,,
2017-03-24 00:00:00,166.690002441406,166.929992675781,165.080001831054,165.740005493164,125.415618896484,3175600,2017-03-24,Amgen,,,
2017-03-27 00:00:00,164.77000427246,166.610000610351,163.0,164.910003662109,124.787544250488,4734000,2017-03-27,Amgen,,,
2017-03-28 00:00:00,164.110000610351,166.259994506835,163.729995727539,164.710006713867,124.636184692382,6526400,2017-03-28,Amgen,,,
2017-03-29 00:00:00,164.470001220703,165.220001220703,162.940002441406,163.059997558593,123.387664794921,4070800,2017-03-29,Amgen,,,
2017-03-30 00:00:00,164.070007324218,164.800003051757,163.210006713867,164.380004882812,124.38646697998,2262300,2017-03-30,Amgen,,,
2017-03-31 00:00:00,164.320007324218,165.479995727539,163.850006103515,164.070007324218,124.151939392089,2811800,2017-03-31,Amgen,,,
2017-04-03 00:00:00,164.630004882812,165.02000427246,163.52000427246,163.889999389648,124.015701293945,3047800,2017-04-03,Amgen,,,
2017-04-04 00:00:00,163.779998779296,164.490005493164,163.119995117187,164.360000610351,124.371353149414,2239400,2017-04-04,Amgen,,,
2017-04-05 00:00:00,163.27000427246,164.759994506835,161.679992675781,162.240005493164,122.767105102539,3542300,2017-04-05,Amgen,,,
2017-04-06 00:00:00,162.199996948242,163.449996948242,161.610000610351,162.25,122.77473449707,3024200,2017-04-06,Amgen,,,
2017-04-07 00:00:00,162.910003662109,164.240005493164,162.25,163.380004882812,123.629791259765,2204400,2017-04-07,Amgen,,,
2017-04-10 00:00:00,163.850006103515,164.240005493164,162.619995117187,162.789993286132,123.183311462402,1772000,2017-04-10,Amgen,,,
2017-04-11 00:00:00,162.889999389648,163.399993896484,161.559997558593,163.110000610351,123.425483703613,1990300,2017-04-11,Amgen,,,
2017-04-12 00:00:00,164.080001831054,164.100006103515,162.160003662109,163.050003051757,123.380088806152,2248600,2017-04-12,Amgen,,,
2017-04-13 00:00:00,163.279998779296,163.630004882812,161.330001831054,161.610000610351,122.290435791015,2568800,2017-04-13,Amgen,,,
2017-04-17 00:00:00,161.33999633789,162.52000427246,161.259994506835,162.110000610351,122.668769836425,2364900,2017-04-17,Amgen,,,
2017-04-18 00:00:00,161.929992675781,161.929992675781,160.279998779296,161.25,122.017997741699,2532100,2017-04-18,Amgen,,,
2017-04-19 00:00:00,162.100006103515,162.639999389648,161.130004882812,161.259994506835,122.02554321289,2344100,2017-04-19,Amgen,,,
2017-04-20 00:00:00,161.050003051757,162.77000427246,161.009994506835,162.039993286132,122.6157913208,2070200,2017-04-20,Amgen,,,
2017-04-21 00:00:00,162.149993896484,162.729995727539,160.25,160.410003662109,121.382369995117,2906900,2017-04-21,Amgen,,,
2017-04-24 00:00:00,162.5,163.600006103515,161.899993896484,163.139999389648,123.448181152343,3498400,2017-04-24,Amgen,,,
2017-04-25 00:00:00,163.52000427246,165.300003051757,163.399993896484,164.699996948242,124.628623962402,3529400,2017-04-25,Amgen,,,
2017-04-26 00:00:00,165.610000610351,165.610000610351,164.33999633789,164.610000610351,124.560554504394,4175500,2017-04-26,Amgen,,,
2017-04-27 00:00:00,160.130004882812,163.429992675781,160.0,162.720001220703,123.13035583496,5699200,2017-04-27,Amgen,,,
2017-04-28 00:00:00,162.389999389648,163.479995727539,161.529998779296,163.320007324218,123.58438873291,2942200,2017-04-28,Amgen,,,
2017-05-01 00:00:00,163.679992675781,164.440002441406,162.449996948242,162.600006103515,123.03953552246,2522000,2017-05-01,Amgen,,,
2017-05-02 00:00:00,163.910003662109,163.940002441406,162.410003662109,163.490005493164,123.71304321289,3737800,2017-05-02,Amgen,,,
2017-05-03 00:00:00,163.820007324218,164.080001831054,163.0,163.809997558593,123.955169677734,2855100,2017-05-03,Amgen,,,
2017-05-04 00:00:00,164.169998168945,164.820007324218,163.52000427246,164.289993286132,124.318435668945,2543400,2017-05-04,Amgen,,,
2017-05-05 00:00:00,164.809997558593,164.809997558593,162.419998168945,163.809997558593,123.955169677734,2970400,2017-05-05,Amgen,,,
2017-05-08 00:00:00,163.729995727539,163.809997558593,162.470001220703,163.029998779296,123.364906311035,2291900,2017-05-08,Amgen,,,
2017-05-09 00:00:00,163.169998168945,164.080001831054,162.830001831054,163.220001220703,123.50870513916,2305500,2017-05-09,Amgen,,,
2017-05-10 00:00:00,163.25,163.479995727539,159.699996948242,160.509994506835,121.458053588867,5201000,2017-05-10,Amgen,,,
2017-05-11 00:00:00,159.860000610351,160.52000427246,158.289993286132,160.080001831054,121.132698059082,3510200,2017-05-11,Amgen,,,
2017-05-12 00:00:00,160.490005493164,160.619995117187,159.460006713867,160.220001220703,121.238632202148,2706000,2017-05-12,Amgen,,,
2017-05-15 00:00:00,158.880004882812,160.149993896484,158.710006713867,159.970001220703,121.924560546875,3318700,2017-05-15,Amgen,,,
2017-05-16 00:00:00,159.77000427246,160.490005493164,159.460006713867,159.990005493164,121.939819335937,2281200,2017-05-16,Amgen,,,
2017-05-17 00:00:00,158.77000427246,159.289993286132,156.929992675781,157.059997558593,119.706619262695,3073200,2017-05-17,Amgen,,,
2017-05-18 00:00:00,157.369995117187,158.789993286132,156.289993286132,157.960006713867,120.392593383789,2163300,2017-05-18,Amgen,,,
2017-05-19 00:00:00,157.58999633789,158.580001831054,156.350006103515,156.509994506835,119.287467956542,2577300,2017-05-19,Amgen,,,
2017-05-22 00:00:00,153.58999633789,154.600006103515,152.449996948242,153.02000427246,116.62744140625,6911700,2017-05-22,Amgen,,,
2017-05-23 00:00:00,152.649993896484,154.570007324218,152.160003662109,154.070007324218,117.427787780761,3582000,2017-05-23,Amgen,,,
2017-05-24 00:00:00,154.77000427246,154.990005493164,153.789993286132,154.600006103515,117.831672668457,2667500,2017-05-24,Amgen,,,
2017-05-25 00:00:00,155.190002441406,156.039993286132,154.619995117187,155.429992675781,118.464309692382,2965800,2017-05-25,Amgen,,,
2017-05-26 00:00:00,155.600006103515,156.130004882812,154.789993286132,155.009994506835,118.144180297851,2731600,2017-05-26,Amgen,,,
2017-05-30 00:00:00,155.009994506835,155.369995117187,153.559997558593,153.850006103515,117.260131835937,2716700,2017-05-30,Amgen,,,
2017-05-31 00:00:00,153.669998168945,155.369995117187,153.669998168945,155.240005493164,118.319526672363,3891300,2017-05-31,Amgen,,,
2017-06-01 00:00:00,155.399993896484,156.77000427246,155.240005493164,156.240005493164,119.081680297851,3005300,2017-06-01,Amgen,,,
2017-06-02 00:00:00,157.27000427246,159.619995117187,157.0,159.149993896484,121.299568176269,3320800,2017-06-02,Amgen,,,
2017-06-05 00:00:00,160.289993286132,161.119995117187,158.27000427246,160.220001220703,122.115097045898,4611100,2017-06-05,Amgen,,,
2017-06-06 00:00:00,160.130004882812,160.919998168945,159.240005493164,159.529998779296,121.589218139648,3002500,2017-06-06,Amgen,,,
2017-06-07 00:00:00,159.820007324218,162.050003051757,159.75,161.660003662109,123.212623596191,3571500,2017-06-07,Amgen,,,
2017-06-08 00:00:00,161.979995727539,163.169998168945,161.410003662109,162.649993896484,123.967178344726,3555100,2017-06-08,Amgen,,,
2017-06-09 00:00:00,162.75,166.139999389648,162.630004882812,164.059997558593,125.04182434082,4086800,2017-06-09,Amgen,,,
2017-06-12 00:00:00,165.0,167.229995727539,163.279998779296,164.880004882812,125.666816711425,4344500,2017-06-12,Amgen,,,
2017-06-13 00:00:00,164.470001220703,165.08999633789,163.77000427246,164.429992675781,125.323852539062,2568200,2017-06-13,Amgen,,,
2017-06-14 00:00:00,164.360000610351,165.880004882812,163.970001220703,165.100006103515,125.834510803222,2594800,2017-06-14,Amgen,,,
2017-06-15 00:00:00,164.240005493164,164.899993896484,162.550003051757,164.110000610351,125.079963684082,3585000,2017-06-15,Amgen,,,
2017-06-16 00:00:00,163.83999633789,164.100006103515,161.130004882812,162.419998168945,123.791877746582,5887200,2017-06-16,Amgen,,,
2017-06-19 00:00:00,163.100006103515,165.220001220703,162.690002441406,165.08999633789,125.82689666748,3043900,2017-06-19,Amgen,,,
2017-06-20 00:00:00,165.429992675781,168.699996948242,164.789993286132,166.289993286132,126.741493225097,3857900,2017-06-20,Amgen,,,
2017-06-21 00:00:00,167.199996948242,171.759994506835,166.360000610351,171.350006103515,130.598114013671,5490800,2017-06-21,Amgen,,,
2017-06-22 00:00:00,172.440002441406,175.449996948242,172.100006103515,173.820007324218,132.480667114257,5745800,2017-06-22,Amgen,,,
2017-06-23 00:00:00,173.240005493164,174.130004882812,170.960006713867,172.5,131.474548339843,14368500,2017-06-23,Amgen,,,
2017-06-26 00:00:00,173.389999389648,174.720001220703,172.410003662109,173.669998168945,132.366348266601,3037600,2017-06-26,Amgen,,,
2017-06-27 00:00:00,173.02000427246,173.919998168945,170.77000427246,170.850006103515,130.216979980468,2941500,2017-06-27,Amgen,,,
2017-06-28 00:00:00,171.419998168945,174.539993286132,170.830001831054,174.070007324218,132.671203613281,2890500,2017-06-28,Amgen,,,
2017-06-29 00:00:00,174.490005493164,174.720001220703,171.02000427246,172.58999633789,131.543151855468,2491800,2017-06-29,Amgen,,,
2017-06-30 00:00:00,173.610000610351,174.25,172.009994506835,172.229995727539,131.268783569335,2695500,2017-06-30,Amgen,,,
2017-07-03 00:00:00,172.630004882812,174.330001831054,172.630004882812,172.800003051757,131.703262329101,1395100,2017-07-03,Amgen,,,
2017-07-05 00:00:00,172.669998168945,174.380004882812,171.919998168945,174.259994506835,132.816040039062,2830000,2017-07-05,Amgen,,,
2017-07-06 00:00:00,173.100006103515,173.610000610351,171.309997558593,171.720001220703,130.880111694335,2566400,2017-07-06,Amgen,,,
2017-07-07 00:00:00,171.639999389648,172.029998779296,170.58999633789,171.429992675781,130.659057617187,2612900,2017-07-07,Amgen,,,
2017-07-10 00:00:00,171.58999633789,172.550003051757,171.0,172.199996948242,131.245956420898,2070600,2017-07-10,Amgen,,,
2017-07-11 00:00:00,174.179992675781,174.440002441406,172.070007324218,173.320007324218,132.099548339843,2198000,2017-07-11,Amgen,,,
2017-07-12 00:00:00,173.710006713867,174.240005493164,172.669998168945,173.27000427246,132.061462402343,1976900,2017-07-12,Amgen,,,
2017-07-13 00:00:00,173.279998779296,176.199996948242,173.08999633789,175.039993286132,133.410491943359,2999900,2017-07-13,Amgen,,,
2017-07-14 00:00:00,175.429992675781,177.679992675781,174.410003662109,177.130004882812,135.003448486328,2720600,2017-07-14,Amgen,,,
2017-07-17 00:00:00,176.83999633789,178.899993896484,176.679992675781,177.399993896484,135.209228515625,2692400,2017-07-17,Amgen,,,
2017-07-18 00:00:00,176.660003662109,177.630004882812,176.139999389648,177.479995727539,135.270156860351,1820100,2017-07-18,Amgen,,,
2017-07-19 00:00:00,178.100006103515,179.199996948242,176.52000427246,179.179992675781,136.565887451171,2440700,2017-07-19,Amgen,,,
2017-07-20 00:00:00,179.050003051757,180.729995727539,178.880004882812,179.320007324218,136.672561645507,3039300,2017-07-20,Amgen,,,
2017-07-21 00:00:00,179.259994506835,180.550003051757,179.160003662109,180.210006713867,137.350936889648,2674700,2017-07-21,Amgen,,,
2017-07-24 00:00:00,180.190002441406,181.460006713867,178.660003662109,181.059997558593,137.998764038085,2503100,2017-07-24,Amgen,,,
2017-07-25 00:00:00,182.050003051757,182.600006103515,180.33999633789,180.889999389648,137.869171142578,3343200,2017-07-25,Amgen,,,
2017-07-26 00:00:00,176.009994506835,178.860000610351,175.199996948242,175.889999389648,134.058319091796,5446100,2017-07-26,Amgen,,,
2017-07-27 00:00:00,175.0,175.479995727539,170.529998779296,172.149993896484,131.20783996582,5523200,2017-07-27,Amgen,,,
2017-07-28 00:00:00,171.979995727539,175.059997558593,171.710006713867,174.539993286132,133.029388427734,2463500,2017-07-28,Amgen,,,
2017-07-31 00:00:00,174.509994506835,176.789993286132,174.25,174.509994506835,133.006561279296,2424800,2017-07-31,Amgen,,,
2017-08-01 00:00:00,174.809997558593,175.110000610351,173.660003662109,174.130004882812,132.716903686523,2069600,2017-08-01,Amgen,,,
2017-08-02 00:00:00,173.570007324218,174.58999633789,173.210006713867,174.460006713867,132.968429565429,2209200,2017-08-02,Amgen,,,
2017-08-03 00:00:00,173.52000427246,174.710006713867,173.259994506835,174.179992675781,132.755004882812,1725900,2017-08-03,Amgen,,,
2017-08-04 00:00:00,174.27000427246,174.820007324218,172.899993896484,173.850006103515,132.503540039062,1915600,2017-08-04,Amgen,,,
2017-08-07 00:00:00,173.869995117187,174.649993896484,173.259994506835,174.580001831054,133.05989074707,1193800,2017-08-07,Amgen,,,
2017-08-08 00:00:00,173.960006713867,174.899993896484,172.979995727539,173.690002441406,132.381530761718,2325200,2017-08-08,Amgen,,,
2017-08-09 00:00:00,173.100006103515,174.179992675781,172.649993896484,173.550003051757,132.274856567382,1972200,2017-08-09,Amgen,,,
2017-08-10 00:00:00,172.070007324218,172.669998168945,168.58999633789,169.110000610351,128.890823364257,3443800,2017-08-10,Amgen,,,
2017-08-11 00:00:00,169.820007324218,170.630004882812,168.759994506835,169.429992675781,129.13475036621,1571600,2017-08-11,Amgen,,,
2017-08-14 00:00:00,170.279998779296,172.080001831054,169.970001220703,171.669998168945,130.842025756835,1915800,2017-08-14,Amgen,,,
2017-08-15 00:00:00,171.100006103515,171.449996948242,169.759994506835,170.039993286132,130.473693847656,1956300,2017-08-15,Amgen,,,
2017-08-16 00:00:00,170.259994506835,172.639999389648,170.139999389648,171.389999389648,131.509552001953,1618800,2017-08-16,Amgen,,,
2017-08-17 00:00:00,170.690002441406,171.0,167.800003051757,167.809997558593,128.76252746582,2630600,2017-08-17,Amgen,,,
2017-08-18 00:00:00,167.369995117187,168.429992675781,166.52000427246,167.289993286132,128.363571166992,1741900,2017-08-18,Amgen,,,
2017-08-21 00:00:00,167.460006713867,168.639999389648,167.009994506835,168.160003662109,129.031097412109,1533300,2017-08-21,Amgen,,,
2017-08-22 00:00:00,168.860000610351,170.940002441406,168.830001831054,170.070007324218,130.496704101562,1933500,2017-08-22,Amgen,,,
2017-08-23 00:00:00,169.660003662109,169.940002441406,168.759994506835,169.0,129.675674438476,1279400,2017-08-23,Amgen,,,
2017-08-24 00:00:00,169.279998779296,170.690002441406,168.570007324218,169.949996948242,130.40461730957,1922400,2017-08-24,Amgen,,,
2017-08-25 00:00:00,170.820007324218,171.570007324218,169.399993896484,169.740005493164,130.243469238281,1510800,2017-08-25,Amgen,,,
2017-08-28 00:00:00,170.860000610351,172.639999389648,170.259994506835,171.779998779296,131.808761596679,2359500,2017-08-28,Amgen,,,
2017-08-29 00:00:00,170.660003662109,172.350006103515,170.350006103515,172.229995727539,132.154052734375,1483000,2017-08-29,Amgen,,,
2017-08-30 00:00:00,172.190002441406,175.080001831054,171.539993286132,173.649993896484,133.243713378906,2310900,2017-08-30,Amgen,,,
2017-08-31 00:00:00,173.740005493164,178.639999389648,173.740005493164,177.77000427246,136.404983520507,3977500,2017-08-31,Amgen,,,
2017-09-01 00:00:00,178.139999389648,179.729995727539,177.300003051757,178.710006713867,137.126266479492,2431900,2017-09-01,Amgen,,,
2017-09-05 00:00:00,178.0,178.5,175.360000610351,176.740005493164,135.614654541015,1959900,2017-09-05,Amgen,,,
2017-09-06 00:00:00,177.58999633789,179.080001831054,176.360000610351,178.380004882812,136.873046875,2242300,2017-09-06,Amgen,,,
2017-09-07 00:00:00,178.5,182.77000427246,177.279998779296,180.710006713867,138.660919189453,2985300,2017-09-07,Amgen,,,
2017-09-08 00:00:00,180.929992675781,182.660003662109,179.52000427246,180.639999389648,138.607162475585,1993900,2017-09-08,Amgen,,,
2017-09-11 00:00:00,182.539993286132,186.710006713867,182.539993286132,186.490005493164,143.095962524414,3791200,2017-09-11,Amgen,,,
2017-09-12 00:00:00,187.0,191.039993286132,186.779998779296,191.0,146.556518554687,3894300,2017-09-12,Amgen,,,
2017-09-13 00:00:00,189.899993896484,190.940002441406,187.710006713867,189.699996948242,145.559020996093,3031400,2017-09-13,Amgen,,,
2017-09-14 00:00:00,188.369995117187,191.100006103515,187.809997558593,189.440002441406,145.35952758789,2318400,2017-09-14,Amgen,,,
2017-09-15 00:00:00,189.660003662109,189.660003662109,186.309997558593,187.470001220703,143.847915649414,5349000,2017-09-15,Amgen,,,
2017-09-18 00:00:00,187.789993286132,188.559997558593,186.119995117187,186.470001220703,143.080612182617,2443800,2017-09-18,Amgen,,,
2017-09-19 00:00:00,186.809997558593,187.440002441406,185.809997558593,186.320007324218,142.965515136718,2066100,2017-09-19,Amgen,,,
2017-09-20 00:00:00,186.080001831054,188.550003051757,185.419998168945,188.169998168945,144.385025024414,2685400,2017-09-20,Amgen,,,
2017-09-21 00:00:00,188.320007324218,188.960006713867,186.5,186.639999389648,143.210998535156,2082200,2017-09-21,Amgen,,,
2017-09-22 00:00:00,185.479995727539,186.820007324218,184.0,185.759994506835,142.53579711914,2275600,2017-09-22,Amgen,,,
2017-09-25 00:00:00,185.509994506835,188.029998779296,185.509994506835,186.289993286132,142.942474365234,2545400,2017-09-25,Amgen,,,
2017-09-26 00:00:00,186.509994506835,187.550003051757,185.399993896484,185.600006103515,142.413009643554,2307900,2017-09-26,Amgen,,,
2017-09-27 00:00:00,185.050003051757,186.880004882812,183.899993896484,184.880004882812,141.860610961914,2436700,2017-09-27,Amgen,,,
2017-09-28 00:00:00,184.289993286132,187.820007324218,184.130004882812,185.460006713867,142.305603027343,2576900,2017-09-28,Amgen,,,
2017-09-29 00:00:00,185.699996948242,186.539993286132,183.169998168945,186.449996948242,143.06526184082,3017300,2017-09-29,Amgen,,,
2017-10-02 00:00:00,187.029998779296,187.729995727539,185.559997558593,187.169998168945,143.617691040039,2682700,2017-10-02,Amgen,,,
2017-10-03 00:00:00,188.050003051757,188.220001220703,185.630004882812,187.229995727539,143.663772583007,1514200,2017-10-03,Amgen,,,
2017-10-04 00:00:00,186.550003051757,188.720001220703,186.02000427246,188.58999633789,144.707336425781,1660300,2017-10-04,Amgen,,,
2017-10-05 00:00:00,189.050003051757,190.0,184.309997558593,186.850006103515,143.372146606445,4506600,2017-10-05,Amgen,,,
2017-10-06 00:00:00,186.460006713867,188.240005493164,185.160003662109,185.820007324218,142.581848144531,2032500,2017-10-06,Amgen,,,
2017-10-09 00:00:00,185.949996948242,186.83999633789,184.399993896484,185.460006713867,142.305603027343,1519600,2017-10-09,Amgen,,,
2017-10-10 00:00:00,185.460006713867,186.580001831054,184.460006713867,185.789993286132,142.558822631835,2036400,2017-10-10,Amgen,,,
2017-10-11 00:00:00,185.279998779296,185.5,182.679992675781,184.149993896484,141.30044555664,3273200,2017-10-11,Amgen,,,
2017-10-12 00:00:00,183.389999389648,184.389999389648,182.039993286132,182.759994506835,140.233856201171,2223800,2017-10-12,Amgen,,,
2017-10-13 00:00:00,182.639999389648,183.350006103515,182.009994506835,183.009994506835,140.425689697265,2331500,2017-10-13,Amgen,,,
2017-10-16 00:00:00,182.960006713867,184.199996948242,181.199996948242,181.899993896484,139.573989868164,2211500,2017-10-16,Amgen,,,
2017-10-17 00:00:00,182.029998779296,187.059997558593,181.130004882812,186.190002441406,142.865768432617,3753700,2017-10-17,Amgen,,,
2017-10-18 00:00:00,187.850006103515,188.83999633789,185.830001831054,186.279998779296,142.934814453125,2580200,2017-10-18,Amgen,,,
2017-10-19 00:00:00,185.990005493164,186.979995727539,183.25,184.119995117187,141.277435302734,2563600,2017-10-19,Amgen,,,
2017-10-20 00:00:00,184.08999633789,184.820007324218,181.289993286132,182.960006713867,140.387374877929,3179200,2017-10-20,Amgen,,,
2017-10-23 00:00:00,183.25,183.619995117187,180.369995117187,180.529998779296,138.522766113281,2571200,2017-10-23,Amgen,,,
2017-10-24 00:00:00,181.259994506835,181.539993286132,177.229995727539,180.369995117187,138.399978637695,3449800,2017-10-24,Amgen,,,
2017-10-25 00:00:00,179.100006103515,180.039993286132,176.559997558593,177.5,136.197814941406,4052500,2017-10-25,Amgen,,,
2017-10-26 00:00:00,170.869995117187,177.440002441406,169.679992675781,176.52000427246,135.445877075195,5998500,2017-10-26,Amgen,,,
2017-10-27 00:00:00,175.350006103515,176.429992675781,173.289993286132,175.279998779296,134.494384765625,3478600,2017-10-27,Amgen,,,
2017-10-30 00:00:00,175.5,176.800003051757,173.580001831054,174.58999633789,133.964920043945,2550800,2017-10-30,Amgen,,,
2017-10-31 00:00:00,174.149993896484,176.190002441406,174.149993896484,175.220001220703,134.448379516601,2906600,2017-10-31,Amgen,,,
2017-11-01 00:00:00,175.300003051757,177.309997558593,174.720001220703,175.419998168945,134.601821899414,2734900,2017-11-01,Amgen,,,
2017-11-02 00:00:00,174.77000427246,175.380004882812,171.259994506835,172.410003662109,132.292175292968,4029300,2017-11-02,Amgen,,,
2017-11-03 00:00:00,172.100006103515,174.029998779296,171.600006103515,173.440002441406,133.082550048828,2433100,2017-11-03,Amgen,,,
2017-11-06 00:00:00,172.860000610351,173.330001831054,170.690002441406,170.800003051757,131.056854248046,2692000,2017-11-06,Amgen,,,
2017-11-07 00:00:00,170.610000610351,174.75,170.610000610351,173.479995727539,133.113204956054,3097100,2017-11-07,Amgen,,,
2017-11-08 00:00:00,174.0,174.649993896484,173.179992675781,173.580001831054,133.189880371093,2003400,2017-11-08,Amgen,,,
2017-11-09 00:00:00,172.75,174.229995727539,171.309997558593,174.0,133.512237548828,2005100,2017-11-09,Amgen,,,
2017-11-10 00:00:00,173.149993896484,173.479995727539,171.190002441406,172.350006103515,132.246170043945,1927400,2017-11-10,Amgen,,,
2017-11-13 00:00:00,171.580001831054,172.940002441406,171.100006103515,171.5,131.593963623046,2119800,2017-11-13,Amgen,,,
2017-11-14 00:00:00,170.889999389648,171.490005493164,168.309997558593,170.130004882812,130.542724609375,2604700,2017-11-14,Amgen,,,
2017-11-15 00:00:00,170.190002441406,170.52000427246,168.330001831054,169.380004882812,129.967254638671,3150600,2017-11-15,Amgen,,,
2017-11-16 00:00:00,168.910003662109,171.149993896484,168.75,170.77000427246,131.92951965332,3131000,2017-11-16,Amgen,,,
2017-11-17 00:00:00,170.669998168945,171.08999633789,169.539993286132,170.0,131.33462524414,2039700,2017-11-17,Amgen,,,
2017-11-20 00:00:00,169.899993896484,170.220001220703,168.149993896484,168.789993286132,130.399856567382,2012300,2017-11-20,Amgen,,,
2017-11-21 00:00:00,169.350006103515,170.490005493164,168.889999389648,169.83999633789,131.211029052734,2629600,2017-11-21,Amgen,,,
2017-11-22 00:00:00,169.860000610351,170.729995727539,169.330001831054,169.960006713867,131.303756713867,1533000,2017-11-22,Amgen,,,
2017-11-24 00:00:00,169.5,170.759994506835,169.490005493164,170.119995117187,131.427368164062,999800,2017-11-24,Amgen,,,
2017-11-27 00:00:00,170.559997558593,171.259994506835,169.559997558593,169.710006713867,131.110626220703,2150100,2017-11-27,Amgen,,,
2017-11-28 00:00:00,170.570007324218,170.660003662109,169.429992675781,170.259994506835,131.535507202148,2658700,2017-11-28,Amgen,,,
2017-11-29 00:00:00,171.0,174.0,170.58999633789,172.229995727539,133.057479858398,3244500,2017-11-29,Amgen,,,
2017-11-30 00:00:00,172.630004882812,176.059997558593,172.630004882812,175.660003662109,135.707366943359,3819400,2017-11-30,Amgen,,,
2017-12-01 00:00:00,174.160003662109,177.860000610351,174.050003051757,177.199996948242,136.897094726562,3389900,2017-12-01,Amgen,,,
2017-12-04 00:00:00,178.460006713867,180.740005493164,178.160003662109,178.690002441406,138.048202514648,4417100,2017-12-04,Amgen,,,
2017-12-05 00:00:00,179.009994506835,180.729995727539,177.940002441406,178.669998168945,138.032745361328,3589400,2017-12-05,Amgen,,,
2017-12-06 00:00:00,179.449996948242,179.479995727539,174.679992675781,176.220001220703,136.139953613281,2519700,2017-12-06,Amgen,,,
2017-12-07 00:00:00,175.679992675781,176.940002441406,173.429992675781,173.960006713867,134.393997192382,3102100,2017-12-07,Amgen,,,
2017-12-08 00:00:00,174.429992675781,175.970001220703,173.429992675781,175.410003662109,135.514205932617,3336300,2017-12-08,Amgen,,,
2017-12-11 00:00:00,176.08999633789,177.690002441406,175.009994506835,176.830001831054,136.611190795898,1874000,2017-12-11,Amgen,,,
2017-12-12 00:00:00,176.830001831054,176.990005493164,174.130004882812,176.259994506835,136.1708984375,2193700,2017-12-12,Amgen,,,
2017-12-13 00:00:00,176.869995117187,178.220001220703,175.970001220703,177.380004882812,137.036148071289,3166900,2017-12-13,Amgen,,,
2017-12-14 00:00:00,177.440002441406,177.970001220703,174.550003051757,174.919998168945,135.135650634765,2723600,2017-12-14,Amgen,,,
2017-12-15 00:00:00,176.389999389648,177.410003662109,174.139999389648,177.039993286132,136.773468017578,5796800,2017-12-15,Amgen,,,
2017-12-18 00:00:00,177.860000610351,178.630004882812,176.029998779296,176.139999389648,136.078170776367,2799200,2017-12-18,Amgen,,,
2017-12-19 00:00:00,176.119995117187,177.279998779296,175.410003662109,176.869995117187,136.642120361328,2705000,2017-12-19,Amgen,,,
2017-12-20 00:00:00,177.600006103515,179.169998168945,177.039993286132,177.110000610351,136.827575683593,3246100,2017-12-20,Amgen,,,
2017-12-21 00:00:00,177.570007324218,178.229995727539,176.460006713867,176.679992675781,136.495346069335,2106400,2017-12-21,Amgen,,,
2017-12-22 00:00:00,176.619995117187,177.490005493164,175.77000427246,176.419998168945,136.294494628906,1477900,2017-12-22,Amgen,,,
2017-12-26 00:00:00,176.179992675781,176.919998168945,175.5,176.08999633789,136.039581298828,1339200,2017-12-26,Amgen,,,
2017-12-27 00:00:00,176.440002441406,177.279998779296,176.08999633789,176.210006713867,136.132232666015,1403900,2017-12-27,Amgen,,,
2017-12-28 00:00:00,176.77000427246,177.0,175.059997558593,175.25,135.390579223632,1637700,2017-12-28,Amgen,,,
2017-12-29 00:00:00,175.25,176.059997558593,173.759994506835,173.899993896484,134.347610473632,1948600,2017-12-29,Amgen,,,
2018-01-02 00:00:00,175.350006103515,177.820007324218,174.419998168945,177.0,136.742553710937,2301100,2018-01-02,Amgen,,,
2018-01-03 00:00:00,176.910003662109,181.440002441406,175.759994506835,180.33999633789,139.322891235351,3084000,2018-01-03,Amgen,,,
2018-01-04 00:00:00,180.630004882812,180.860000610351,178.75,179.580001831054,138.735763549804,2021100,2018-01-04,Amgen,,,
2018-01-05 00:00:00,180.83999633789,180.880004882812,179.029998779296,180.649993896484,139.562408447265,2211400,2018-01-05,Amgen,,,
2018-01-08 00:00:00,180.479995727539,181.25,178.429992675781,180.600006103515,139.523773193359,2356200,2018-01-08,Amgen,,,
2018-01-09 00:00:00,180.529998779296,184.529998779296,180.119995117187,183.380004882812,141.671524047851,3031700,2018-01-09,Amgen,,,
2018-01-10 00:00:00,182.660003662109,183.699996948242,180.369995117187,182.860000610351,141.269760131835,2542700,2018-01-10,Amgen,,,
2018-01-11 00:00:00,182.860000610351,182.860000610351,181.100006103515,181.960006713867,140.574417114257,2101300,2018-01-11,Amgen,,,
2018-01-12 00:00:00,182.33999633789,185.610000610351,181.75,185.039993286132,142.953918457031,3111400,2018-01-12,Amgen,,,
2018-01-16 00:00:00,185.619995117187,187.449996948242,184.169998168945,185.539993286132,143.340179443359,3374600,2018-01-16,Amgen,,,
2018-01-17 00:00:00,187.699996948242,189.300003051757,185.899993896484,188.009994506835,145.248397827148,4018200,2018-01-17,Amgen,,,
2018-01-18 00:00:00,187.449996948242,188.559997558593,185.5,187.58999633789,144.923904418945,3084900,2018-01-18,Amgen,,,
2018-01-19 00:00:00,188.360000610351,189.720001220703,187.600006103515,189.279998779296,146.229568481445,3652300,2018-01-19,Amgen,,,
2018-01-22 00:00:00,189.729995727539,192.570007324218,189.429992675781,192.330001831054,148.585815429687,3579800,2018-01-22,Amgen,,,
2018-01-23 00:00:00,193.0,196.029998779296,191.600006103515,191.990005493164,148.323165893554,3486700,2018-01-23,Amgen,,,
2018-01-24 00:00:00,192.75,192.940002441406,189.509994506835,190.630004882812,147.272567749023,2765700,2018-01-24,Amgen,,,
2018-01-25 00:00:00,191.399993896484,191.800003051757,188.899993896484,190.080001831054,146.847595214843,2470300,2018-01-25,Amgen,,,
2018-01-26 00:00:00,191.050003051757,196.800003051757,190.990005493164,196.009994506835,151.428894042968,3920300,2018-01-26,Amgen,,,
2018-01-29 00:00:00,196.210006713867,201.229995727539,195.649993896484,198.0,152.96630859375,4565700,2018-01-29,Amgen,,,
2018-01-30 00:00:00,196.179992675781,196.470001220703,190.550003051757,191.27000427246,147.766937255859,3990800,2018-01-30,Amgen,,,
2018-01-31 00:00:00,191.639999389648,192.27000427246,184.649993896484,186.050003051757,143.734252929687,4677700,2018-01-31,Amgen,,,
2018-02-01 00:00:00,185.0,186.830001831054,182.330001831054,185.559997558593,143.355651855468,4078100,2018-02-01,Amgen,,,
2018-02-02 00:00:00,183.460006713867,192.600006103515,183.009994506835,187.009994506835,144.475845336914,7029400,2018-02-02,Amgen,,,
2018-02-05 00:00:00,186.820007324218,188.600006103515,174.619995117187,174.75,135.004333496093,6922800,2018-02-05,Amgen,,,
2018-02-06 00:00:00,177.990005493164,180.279998779296,172.039993286132,176.649993896484,136.47216796875,7527700,2018-02-06,Amgen,,,
2018-02-07 00:00:00,176.25,180.990005493164,176.0,177.470001220703,137.105636596679,5715700,2018-02-07,Amgen,,,
2018-02-08 00:00:00,177.929992675781,180.419998168945,173.0,173.119995117187,133.745056152343,6026800,2018-02-08,Amgen,,,
2018-02-09 00:00:00,174.130004882812,175.460006713867,168.25,173.460006713867,134.007705688476,6093900,2018-02-09,Amgen,,,
2018-02-12 00:00:00,174.300003051757,176.669998168945,173.0,174.869995117187,135.096969604492,4324800,2018-02-12,Amgen,,,
2018-02-13 00:00:00,173.869995117187,176.699996948242,172.460006713867,175.940002441406,135.923629760742,3834700,2018-02-13,Amgen,,,
2018-02-14 00:00:00,174.080001831054,180.309997558593,174.059997558593,179.52000427246,139.73777770996,5958700,2018-02-14,Amgen,,,
2018-02-15 00:00:00,180.0,185.0,179.899993896484,183.600006103515,142.913650512695,4493400,2018-02-15,Amgen,,,
2018-02-16 00:00:00,183.800003051757,186.119995117187,182.679992675781,183.550003051757,142.874740600585,4365800,2018-02-16,Amgen,,,
2018-02-20 00:00:00,182.889999389648,184.309997558593,182.139999389648,182.979995727539,142.431030273437,4078400,2018-02-20,Amgen,,,
2018-02-21 00:00:00,183.190002441406,185.5,182.399993896484,182.429992675781,142.002960205078,4054600,2018-02-21,Amgen,,,
2018-02-22 00:00:00,182.509994506835,185.160003662109,182.009994506835,182.449996948242,142.018508911132,3868200,2018-02-22,Amgen,,,
2018-02-23 00:00:00,183.630004882812,186.789993286132,182.77000427246,186.669998168945,145.303314208984,4163400,2018-02-23,Amgen,,,
2018-02-26 00:00:00,187.460006713867,190.369995117187,187.029998779296,188.5,146.727798461914,4943600,2018-02-26,Amgen,,,
2018-02-27 00:00:00,188.830001831054,190.100006103515,185.550003051757,185.789993286132,144.618347167968,5016100,2018-02-27,Amgen,,,
2018-02-28 00:00:00,185.880004882812,187.389999389648,183.690002441406,183.77000427246,143.046020507812,4544000,2018-02-28,Amgen,,,
2018-03-01 00:00:00,184.210006713867,185.570007324218,180.380004882812,183.289993286132,142.672332763671,11757800,2018-03-01,Amgen,,,
2018-03-02 00:00:00,181.059997558593,185.800003051757,181.050003051757,185.080001831054,144.065689086914,19115500,2018-03-02,Amgen,,,
2018-03-05 00:00:00,185.050003051757,190.690002441406,185.0,190.130004882812,147.996597290039,15187800,2018-03-05,Amgen,,,
2018-03-06 00:00:00,188.199996948242,191.639999389648,186.929992675781,190.350006103515,148.167816162109,18446500,2018-03-06,Amgen,,,
2018-03-07 00:00:00,189.729995727539,190.220001220703,186.410003662109,187.529998779296,145.972732543945,7009900,2018-03-07,Amgen,,,
2018-03-08 00:00:00,187.899993896484,188.399993896484,185.509994506835,187.160003662109,145.684753417968,9192600,2018-03-08,Amgen,,,
2018-03-09 00:00:00,188.0,191.380004882812,186.320007324218,191.100006103515,148.751632690429,5674100,2018-03-09,Amgen,,,
2018-03-12 00:00:00,189.5,190.389999389648,188.320007324218,189.300003051757,147.350540161132,6972400,2018-03-12,Amgen,,,
2018-03-13 00:00:00,189.600006103515,190.830001831054,188.630004882812,189.75,147.700759887695,4712900,2018-03-13,Amgen,,,
2018-03-14 00:00:00,191.179992675781,192.619995117187,189.800003051757,190.570007324218,148.339065551757,3613300,2018-03-14,Amgen,,,
2018-03-15 00:00:00,190.050003051757,190.880004882812,187.910003662109,189.75,147.700759887695,3320500,2018-03-15,Amgen,,,
2018-03-16 00:00:00,189.75,190.25,187.229995727539,188.240005493164,146.525421142578,16878400,2018-03-16,Amgen,,,
2018-03-19 00:00:00,187.289993286132,187.929992675781,180.669998168945,182.550003051757,142.096328735351,3970400,2018-03-19,Amgen,,,
2018-03-20 00:00:00,183.059997558593,184.02000427246,181.169998168945,182.029998779296,141.691574096679,2582200,2018-03-20,Amgen,,,
2018-03-21 00:00:00,181.429992675781,184.039993286132,181.399993896484,181.58999633789,141.349044799804,2531100,2018-03-21,Amgen,,,
2018-03-22 00:00:00,179.919998168945,180.75,176.0,176.080001831054,137.060119628906,3553000,2018-03-22,Amgen,,,
2018-03-23 00:00:00,176.570007324218,179.179992675781,169.350006103515,169.429992675781,131.88377380371,4529600,2018-03-23,Amgen,,,
2018-03-26 00:00:00,172.779998779296,175.869995117187,170.110000610351,175.190002441406,136.36734008789,4217100,2018-03-26,Amgen,,,
2018-03-27 00:00:00,176.160003662109,176.360000610351,169.820007324218,171.149993896484,133.222579956054,3963100,2018-03-27,Amgen,,,
2018-03-28 00:00:00,171.350006103515,172.5,168.02000427246,170.460006713867,132.685470581054,4545900,2018-03-28,Amgen,,,
2018-03-29 00:00:00,170.990005493164,172.240005493164,169.639999389648,170.479995727539,132.701065063476,3769800,2018-03-29,Amgen,,,
2018-04-02 00:00:00,169.919998168945,170.580001831054,163.309997558593,166.050003051757,129.252792358398,4759800,2018-04-02,Amgen,,,
2018-04-03 00:00:00,166.970001220703,169.220001220703,165.080001831054,168.220001220703,130.94187927246,3374000,2018-04-03,Amgen,,,
2018-04-04 00:00:00,166.169998168945,174.27000427246,165.880004882812,173.52000427246,135.067428588867,3796700,2018-04-04,Amgen,,,
2018-04-05 00:00:00,174.0,174.429992675781,170.990005493164,172.0,133.884201049804,2766600,2018-04-05,Amgen,,,
2018-04-06 00:00:00,170.860000610351,171.720001220703,166.199996948242,168.139999389648,130.879638671875,3747800,2018-04-06,Amgen,,,
2018-04-09 00:00:00,169.199996948242,172.949996948242,167.990005493164,169.619995117187,132.031646728515,3856800,2018-04-09,Amgen,,,
2018-04-10 00:00:00,170.889999389648,173.880004882812,170.110000610351,173.130004882812,134.76382446289,2872300,2018-04-10,Amgen,,,
2018-04-11 00:00:00,171.800003051757,174.070007324218,171.600006103515,172.410003662109,134.203353881835,2575900,2018-04-11,Amgen,,,
2018-04-12 00:00:00,172.679992675781,174.110000610351,170.960006713867,171.02000427246,133.121398925781,3471400,2018-04-12,Amgen,,,
2018-04-13 00:00:00,172.110000610351,172.429992675781,170.789993286132,171.479995727539,133.4794921875,2656400,2018-04-13,Amgen,,,
2018-04-16 00:00:00,172.75,173.130004882812,171.070007324218,171.380004882812,133.401657104492,2656400,2018-04-16,Amgen,,,
2018-04-17 00:00:00,173.0,175.630004882812,171.580001831054,174.880004882812,136.126007080078,3283900,2018-04-17,Amgen,,,
2018-04-18 00:00:00,174.610000610351,176.160003662109,174.440002441406,175.110000610351,136.305068969726,2205600,2018-04-18,Amgen,,,
2018-04-19 00:00:00,174.470001220703,175.399993896484,171.789993286132,172.929992675781,134.608184814453,2269400,2018-04-19,Amgen,,,
2018-04-20 00:00:00,173.100006103515,173.470001220703,170.570007324218,171.559997558593,133.541778564453,2958600,2018-04-20,Amgen,,,
2018-04-23 00:00:00,171.619995117187,176.970001220703,171.25,174.660003662109,135.954818725585,3568700,2018-04-23,Amgen,,,
2018-04-24 00:00:00,175.550003051757,175.759994506835,170.529998779296,171.940002441406,133.837539672851,4389400,2018-04-24,Amgen,,,
2018-04-25 00:00:00,173.660003662109,175.440002441406,170.33999633789,174.830001831054,136.087081909179,4693800,2018-04-25,Amgen,,,
2018-04-26 00:00:00,175.419998168945,176.679992675781,171.789993286132,175.369995117187,136.507492065429,3682400,2018-04-26,Amgen,,,
2018-04-27 00:00:00,174.919998168945,177.919998168945,174.860000610351,177.460006713867,138.134307861328,2424800,2018-04-27,Amgen,,,
2018-04-30 00:00:00,177.910003662109,178.740005493164,174.350006103515,174.479995727539,135.814666748046,3608700,2018-04-30,Amgen,,,
2018-05-01 00:00:00,172.149993896484,173.990005493164,167.979995727539,169.279998779296,131.767028808593,4799400,2018-05-01,Amgen,,,
2018-05-02 00:00:00,169.300003051757,171.070007324218,168.300003051757,169.429992675781,131.88377380371,4085700,2018-05-02,Amgen,,,
2018-05-03 00:00:00,169.279998779296,170.33999633789,166.050003051757,166.389999389648,129.517440795898,4152900,2018-05-03,Amgen,,,
2018-05-04 00:00:00,165.960006713867,169.5,165.220001220703,167.979995727539,130.755096435546,3430000,2018-05-04,Amgen,,,
2018-05-07 00:00:00,168.580001831054,169.929992675781,167.5,168.059997558593,130.817337036132,3175800,2018-05-07,Amgen,,,
2018-05-08 00:00:00,168.809997558593,170.5,167.5,168.490005493164,131.152114868164,3937700,2018-05-08,Amgen,,,
2018-05-09 00:00:00,168.699996948242,170.529998779296,167.08999633789,169.639999389648,132.047225952148,2861400,2018-05-09,Amgen,,,
2018-05-10 00:00:00,170.259994506835,171.490005493164,169.360000610351,170.77000427246,132.926788330078,2947100,2018-05-10,Amgen,,,
2018-05-11 00:00:00,170.380004882812,174.350006103515,170.029998779296,173.889999389648,135.355438232421,3740500,2018-05-11,Amgen,,,
2018-05-14 00:00:00,174.100006103515,177.800003051757,173.039993286132,175.960006713867,136.966720581054,3370600,2018-05-14,Amgen,,,
2018-05-15 00:00:00,174.809997558593,175.309997558593,171.100006103515,172.33999633789,134.14891052246,4491700,2018-05-15,Amgen,,,
2018-05-16 00:00:00,171.350006103515,174.580001831054,170.619995117187,173.800003051757,136.329544067382,2494200,2018-05-16,Amgen,,,
2018-05-17 00:00:00,173.309997558593,175.429992675781,172.529998779296,174.649993896484,136.996292114257,2268400,2018-05-17,Amgen,,,
2018-05-18 00:00:00,176.509994506835,177.33999633789,174.690002441406,176.300003051757,138.290557861328,3377200,2018-05-18,Amgen,,,
2018-05-21 00:00:00,177.119995117187,177.940002441406,175.899993896484,176.470001220703,138.423919677734,2557200,2018-05-21,Amgen,,,
2018-05-22 00:00:00,176.710006713867,179.570007324218,176.509994506835,178.360000610351,139.906417846679,2742700,2018-05-22,Amgen,,,
2018-05-23 00:00:00,177.119995117187,179.990005493164,176.660003662109,179.940002441406,141.145751953125,2242000,2018-05-23,Amgen,,,
2018-05-24 00:00:00,180.0,180.259994506835,176.990005493164,177.960006713867,139.592697143554,2386100,2018-05-24,Amgen,,,
2018-05-25 00:00:00,177.960006713867,179.080001831054,177.600006103515,178.240005493164,139.812286376953,1812000,2018-05-25,Amgen,,,
2018-05-29 00:00:00,176.990005493164,178.380004882812,175.77000427246,177.440002441406,139.184783935546,2382000,2018-05-29,Amgen,,,
2018-05-30 00:00:00,178.289993286132,181.779998779296,178.009994506835,180.240005493164,141.381134033203,3419200,2018-05-30,Amgen,,,
2018-05-31 00:00:00,180.309997558593,180.949996948242,178.380004882812,179.619995117187,140.894775390625,5247200,2018-05-31,Amgen,,,
2018-06-01 00:00:00,180.75,184.77000427246,180.360000610351,183.570007324218,143.9931640625,2892800,2018-06-01,Amgen,,,
2018-06-04 00:00:00,183.179992675781,185.970001220703,182.830001831054,185.440002441406,145.460021972656,2298800,2018-06-04,Amgen,,,
2018-06-05 00:00:00,182.800003051757,184.710006713867,179.789993286132,181.729995727539,142.549880981445,3980800,2018-06-05,Amgen,,,
2018-06-06 00:00:00,182.009994506835,184.149993896484,180.869995117187,183.550003051757,143.977508544921,2213100,2018-06-06,Amgen,,,
2018-06-07 00:00:00,183.470001220703,184.050003051757,182.509994506835,183.300003051757,143.781372070312,2729600,2018-06-07,Amgen,,,
2018-06-08 00:00:00,183.889999389648,185.649993896484,183.600006103515,184.300003051757,144.565795898437,2865000,2018-06-08,Amgen,,,
2018-06-11 00:00:00,184.139999389648,184.820007324218,182.929992675781,184.610000610351,144.809005737304,2409400,2018-06-11,Amgen,,,
2018-06-12 00:00:00,184.27000427246,185.119995117187,183.410003662109,185.070007324218,145.169784545898,2045300,2018-06-12,Amgen,,,
2018-06-13 00:00:00,185.360000610351,186.570007324218,183.449996948242,183.679992675781,144.079437255859,2243900,2018-06-13,Amgen,,,
2018-06-14 00:00:00,184.08999633789,186.070007324218,182.699996948242,185.789993286132,145.734573364257,2289600,2018-06-14,Amgen,,,
2018-06-15 00:00:00,186.470001220703,186.740005493164,184.02000427246,185.009994506835,145.122695922851,6474500,2018-06-15,Amgen,,,
2018-06-18 00:00:00,184.130004882812,184.5,182.380004882812,183.949996948242,144.291275024414,2370700,2018-06-18,Amgen,,,
2018-06-19 00:00:00,182.830001831054,186.33999633789,182.830001831054,186.190002441406,146.048355102539,2538500,2018-06-19,Amgen,,,
2018-06-20 00:00:00,186.25,187.509994506835,184.740005493164,186.509994506835,146.299362182617,2415200,2018-06-20,Amgen,,,
2018-06-21 00:00:00,186.509994506835,186.509994506835,184.419998168945,185.990005493164,145.891464233398,2206400,2018-06-21,Amgen,,,
2018-06-22 00:00:00,186.309997558593,188.08999633789,184.830001831054,185.149993896484,145.232528686523,11153100,2018-06-22,Amgen,,,
2018-06-25 00:00:00,185.009994506835,186.690002441406,184.070007324218,185.360000610351,145.397247314453,2678200,2018-06-25,Amgen,,,
2018-06-26 00:00:00,185.33999633789,185.949996948242,183.979995727539,184.58999633789,144.793228149414,2070600,2018-06-26,Amgen,,,
2018-06-27 00:00:00,184.919998168945,187.360000610351,183.470001220703,183.529998779296,143.961807250976,2354800,2018-06-27,Amgen,,,
2018-06-28 00:00:00,183.160003662109,184.580001831054,181.699996948242,183.33999633789,143.812774658203,2286300,2018-06-28,Amgen,,,
2018-06-29 00:00:00,183.58999633789,186.050003051757,183.58999633789,184.58999633789,144.793228149414,2606200,2018-06-29,Amgen,,,
2018-07-02 00:00:00,184.08999633789,185.460006713867,182.699996948242,185.289993286132,145.342330932617,2069800,2018-07-02,Amgen,,,
2018-07-03 00:00:00,186.449996948242,187.399993896484,185.570007324218,185.710006713867,145.671844482421,1348000,2018-07-03,Amgen,,,
2018-07-05 00:00:00,186.139999389648,188.169998168945,185.610000610351,187.360000610351,146.966079711914,1801000,2018-07-05,Amgen,,,
2018-07-06 00:00:00,188.570007324218,191.490005493164,188.009994506835,191.009994506835,149.829132080078,2751600,2018-07-06,Amgen,,,
2018-07-09 00:00:00,191.5,194.389999389648,191.169998168945,194.169998168945,152.307876586914,3065500,2018-07-09,Amgen,,,
2018-07-10 00:00:00,194.169998168945,196.149993896484,192.539993286132,195.690002441406,153.500198364257,2757000,2018-07-10,Amgen,,,
2018-07-11 00:00:00,194.600006103515,195.190002441406,192.52000427246,193.149993896484,151.50779724121,2431400,2018-07-11,Amgen,,,
2018-07-12 00:00:00,194.190002441406,194.259994506835,192.559997558593,194.080001831054,152.2373046875,2251900,2018-07-12,Amgen,,,
2018-07-13 00:00:00,194.990005493164,196.75,193.380004882812,195.910003662109,153.672775268554,2232000,2018-07-13,Amgen,,,
2018-07-16 00:00:00,195.710006713867,196.570007324218,194.110000610351,194.880004882812,152.864822387695,1824800,2018-07-16,Amgen,,,
2018-07-17 00:00:00,192.369995117187,194.899993896484,192.110000610351,193.919998168945,152.11180114746,2567300,2018-07-17,Amgen,,,
2018-07-18 00:00:00,193.25,194.0,192.050003051757,192.800003051757,151.233245849609,2215800,2018-07-18,Amgen,,,
2018-07-19 00:00:00,191.860000610351,192.850006103515,190.289993286132,191.759994506835,150.417419433593,2539200,2018-07-19,Amgen,,,
2018-07-20 00:00:00,191.479995727539,191.479995727539,189.490005493164,190.490005493164,149.421310424804,2252200,2018-07-20,Amgen,,,
2018-07-23 00:00:00,190.110000610351,190.970001220703,189.160003662109,189.970001220703,149.013305664062,1767000,2018-07-23,Amgen,,,
2018-07-24 00:00:00,191.25,193.199996948242,190.5,191.399993896484,150.135070800781,2440400,2018-07-24,Amgen,,,
2018-07-25 00:00:00,191.619995117187,193.460006713867,190.77000427246,193.039993286132,151.421478271484,2009300,2018-07-25,Amgen,,,
2018-07-26 00:00:00,195.029998779296,195.58999633789,192.679992675781,194.050003051757,152.213745117187,2835800,2018-07-26,Amgen,,,
2018-07-27 00:00:00,196.0,196.220001220703,189.570007324218,192.440002441406,150.950851440429,4100200,2018-07-27,Amgen,,,
2018-07-30 00:00:00,191.5,192.210006713867,189.940002441406,190.630004882812,149.531097412109,2984700,2018-07-30,Amgen,,,
2018-07-31 00:00:00,191.0,197.490005493164,190.869995117187,196.550003051757,154.174743652343,4429300,2018-07-31,Amgen,,,
2018-08-01 00:00:00,196.330001831054,196.979995727539,194.699996948242,195.83999633789,153.61782836914,2632800,2018-08-01,Amgen,,,
2018-08-02 00:00:00,194.639999389648,197.419998168945,192.729995727539,196.380004882812,154.041412353515,2500400,2018-08-02,Amgen,,,
2018-08-03 00:00:00,196.27000427246,198.410003662109,196.100006103515,197.990005493164,155.304306030273,2176200,2018-08-03,Amgen,,,
2018-08-06 00:00:00,197.440002441406,199.830001831054,196.52000427246,197.610000610351,155.006225585937,1913800,2018-08-06,Amgen,,,
2018-08-07 00:00:00,197.690002441406,200.899993896484,197.639999389648,200.399993896484,157.194732666015,2349800,2018-08-07,Amgen,,,
2018-08-08 00:00:00,198.5,198.5,195.070007324218,196.199996948242,153.900207519531,3145900,2018-08-08,Amgen,,,
2018-08-09 00:00:00,195.429992675781,196.320007324218,193.830001831054,193.970001220703,152.150985717773,2766500,2018-08-09,Amgen,,,
2018-08-10 00:00:00,193.300003051757,195.179992675781,192.259994506835,194.419998168945,152.503967285156,1769100,2018-08-10,Amgen,,,
2018-08-13 00:00:00,194.690002441406,196.320007324218,193.720001220703,195.610000610351,153.437408447265,1802900,2018-08-13,Amgen,,,
2018-08-14 00:00:00,195.940002441406,196.960006713867,194.889999389648,195.759994506835,153.555084228515,1240200,2018-08-14,Amgen,,,
2018-08-15 00:00:00,194.830001831054,195.479995727539,192.889999389648,195.259994506835,153.162872314453,1900200,2018-08-15,Amgen,,,
2018-08-16 00:00:00,194.460006713867,197.130004882812,192.729995727539,196.440002441406,155.137268066406,2361700,2018-08-16,Amgen,,,
2018-08-17 00:00:00,196.240005493164,198.509994506835,195.279998779296,197.419998168945,155.911193847656,2183800,2018-08-17,Amgen,,,
2018-08-20 00:00:00,197.889999389648,198.5,196.869995117187,197.559997558593,156.021713256835,1747900,2018-08-20,Amgen,,,
2018-08-21 00:00:00,197.929992675781,198.399993896484,196.729995727539,197.309997558593,155.824325561523,1666900,2018-08-21,Amgen,,,
2018-08-22 00:00:00,197.149993896484,198.75,195.830001831054,197.83999633789,156.242904663085,1709300,2018-08-22,Amgen,,,
2018-08-23 00:00:00,197.369995117187,197.75,195.619995117187,196.600006103515,155.263610839843,1351200,2018-08-23,Amgen,,,
2018-08-24 00:00:00,196.880004882812,197.5,195.600006103515,196.639999389648,155.295150756835,1358500,2018-08-24,Amgen,,,
2018-08-27 00:00:00,197.52000427246,198.660003662109,196.789993286132,198.600006103515,156.843078613281,2034400,2018-08-27,Amgen,,,
2018-08-28 00:00:00,199.02000427246,199.830001831054,198.0,198.619995117187,156.85887145996,1644200,2018-08-28,Amgen,,,
2018-08-29 00:00:00,197.789993286132,200.0,196.919998168945,199.75,157.751312255859,1775100,2018-08-29,Amgen,,,
2018-08-30 00:00:00,199.580001831054,200.690002441406,198.699996948242,200.350006103515,158.225143432617,1992500,2018-08-30,Amgen,,,
2018-08-31 00:00:00,199.830001831054,200.470001220703,198.389999389648,199.809997558593,157.798675537109,2981400,2018-08-31,Amgen,,,
2018-09-04 00:00:00,199.25,199.75,195.330001831054,196.729995727539,155.366287231445,2293500,2018-09-04,Amgen,,,
2018-09-05 00:00:00,197.130004882812,198.669998168945,196.850006103515,197.75,156.171844482421,1809000,2018-09-05,Amgen,,,
2018-09-06 00:00:00,197.550003051757,198.58999633789,195.119995117187,196.149993896484,154.90818786621,1797300,2018-09-06,Amgen,,,
2018-09-07 00:00:00,195.429992675781,197.550003051757,194.75,196.300003051757,155.02668762207,2604100,2018-09-07,Amgen,,,
2018-09-10 00:00:00,197.360000610351,203.690002441406,196.389999389648,202.5,159.923080444335,4310800,2018-09-10,Amgen,,,
2018-09-11 00:00:00,201.0,203.0,199.27000427246,199.470001220703,157.530166625976,3386000,2018-09-11,Amgen,,,
2018-09-12 00:00:00,199.679992675781,201.5,198.139999389648,199.5,157.553848266601,2133500,2018-09-12,Amgen,,,
2018-09-13 00:00:00,200.240005493164,203.08999633789,199.410003662109,202.929992675781,160.26268005371,2780200,2018-09-13,Amgen,,,
2018-09-14 00:00:00,203.639999389648,204.419998168945,200.0,200.580001831054,158.406784057617,2504200,2018-09-14,Amgen,,,
2018-09-17 00:00:00,200.289993286132,201.449996948242,199.509994506835,200.809997558593,158.588409423828,1950100,2018-09-17,Amgen,,,
2018-09-18 00:00:00,200.419998168945,203.869995117187,199.199996948242,202.33999633789,159.796691894531,1982300,2018-09-18,Amgen,,,
2018-09-19 00:00:00,202.690002441406,204.399993896484,201.570007324218,203.199996948242,160.475891113281,2204600,2018-09-19,Amgen,,,
2018-09-20 00:00:00,203.600006103515,205.25,203.02000427246,205.100006103515,161.976425170898,2225000,2018-09-20,Amgen,,,
2018-09-21 00:00:00,205.660003662109,206.619995117187,204.169998168945,205.100006103515,161.976425170898,7314000,2018-09-21,Amgen,,,
2018-09-24 00:00:00,204.529998779296,207.669998168945,204.110000610351,207.210006713867,163.642776489257,2642000,2018-09-24,Amgen,,,
2018-09-25 00:00:00,208.279998779296,208.899993896484,206.259994506835,206.460006713867,163.05044555664,2556200,2018-09-25,Amgen,,,
2018-09-26 00:00:00,206.289993286132,208.880004882812,206.289993286132,206.830001831054,163.342697143554,2162600,2018-09-26,Amgen,,,
2018-09-27 00:00:00,207.410003662109,210.190002441406,206.83999633789,208.889999389648,164.969512939453,2571200,2018-09-27,Amgen,,,
2018-09-28 00:00:00,208.539993286132,208.800003051757,206.77000427246,207.289993286132,163.705963134765,3238200,2018-09-28,Amgen,,,
2018-10-01 00:00:00,207.729995727539,209.33999633789,206.619995117187,206.910003662109,163.405853271484,2518100,2018-10-01,Amgen,,,
2018-10-02 00:00:00,206.419998168945,208.100006103515,206.08999633789,207.669998168945,164.00601196289,2172100,2018-10-02,Amgen,,,
2018-10-03 00:00:00,208.25,208.25,206.639999389648,206.899993896484,163.39793395996,2258800,2018-10-03,Amgen,,,
2018-10-04 00:00:00,206.08999633789,207.149993896484,200.809997558593,203.470001220703,160.689163208007,3219800,2018-10-04,Amgen,,,
2018-10-05 00:00:00,204.449996948242,206.08999633789,201.830001831054,204.02000427246,161.123489379882,2481000,2018-10-05,Amgen,,,
2018-10-08 00:00:00,203.369995117187,206.130004882812,203.229995727539,205.570007324218,162.347610473632,2878100,2018-10-08,Amgen,,,
2018-10-09 00:00:00,205.75,208.080001831054,204.490005493164,206.0,162.68716430664,2509100,2018-10-09,Amgen,,,
2018-10-10 00:00:00,205.0,206.350006103515,200.77000427246,201.199996948242,158.896392822265,4148000,2018-10-10,Amgen,,,
2018-10-11 00:00:00,201.550003051757,202.960006713867,192.380004882812,193.850006103515,153.091827392578,4175000,2018-10-11,Amgen,,,
2018-10-12 00:00:00,195.619995117187,198.08999633789,194.149993896484,197.389999389648,155.887451171875,3231400,2018-10-12,Amgen,,,
2018-10-15 00:00:00,196.199996948242,198.410003662109,195.0,195.58999633789,154.465988159179,2091100,2018-10-15,Amgen,,,
2018-10-16 00:00:00,197.220001220703,202.679992675781,196.220001220703,202.33999633789,159.796691894531,2261500,2018-10-16,Amgen,,,
2018-10-17 00:00:00,201.410003662109,203.309997558593,198.940002441406,202.77000427246,160.136322021484,2459700,2018-10-17,Amgen,,,
2018-10-18 00:00:00,203.169998168945,204.509994506835,200.279998779296,202.720001220703,160.09683227539,2433600,2018-10-18,Amgen,,,
2018-10-19 00:00:00,202.740005493164,205.119995117187,201.449996948242,201.800003051757,159.370254516601,2692500,2018-10-19,Amgen,,,
2018-10-22 00:00:00,201.160003662109,201.800003051757,197.470001220703,198.02000427246,156.384994506835,2717500,2018-10-22,Amgen,,,
2018-10-23 00:00:00,196.300003051757,199.08999633789,193.720001220703,197.639999389648,156.084915161132,2553500,2018-10-23,Amgen,,,
2018-10-24 00:00:00,196.940002441406,197.960006713867,187.369995117187,187.880004882812,148.377029418945,4288300,2018-10-24,Amgen,,,
2018-10-25 00:00:00,188.660003662109,190.5,181.309997558593,188.100006103515,148.55078125,4983700,2018-10-25,Amgen,,,
2018-10-26 00:00:00,185.399993896484,187.330001831054,183.279998779296,185.979995727539,146.876525878906,4580400,2018-10-26,Amgen,,,
2018-10-29 00:00:00,189.320007324218,190.910003662109,184.800003051757,188.190002441406,148.621871948242,3829500,2018-10-29,Amgen,,,
2018-10-30 00:00:00,189.429992675781,191.0,187.029998779296,189.080001831054,149.324737548828,4040600,2018-10-30,Amgen,,,
2018-10-31 00:00:00,189.080001831054,195.330001831054,189.039993286132,192.789993286132,152.254669189453,4541000,2018-10-31,Amgen,,,
2018-11-01 00:00:00,192.809997558593,194.380004882812,190.960006713867,192.899993896484,152.341567993164,2827300,2018-11-01,Amgen,,,
2018-11-02 00:00:00,194.289993286132,195.350006103515,185.830001831054,187.059997558593,147.729446411132,3696300,2018-11-02,Amgen,,,
2018-11-05 00:00:00,187.679992675781,190.720001220703,187.550003051757,189.919998168945,149.988159179687,2713500,2018-11-05,Amgen,,,
2018-11-06 00:00:00,190.210006713867,192.699996948242,189.52000427246,190.75,150.643585205078,2139000,2018-11-06,Amgen,,,
2018-11-07 00:00:00,192.809997558593,197.729995727539,192.009994506835,197.619995117187,156.069152832031,3077800,2018-11-07,Amgen,,,
2018-11-08 00:00:00,197.539993286132,198.279998779296,195.279998779296,196.02000427246,154.805557250976,2636600,2018-11-08,Amgen,,,
2018-11-09 00:00:00,195.369995117187,196.910003662109,192.179992675781,193.160003662109,152.546890258789,2344900,2018-11-09,Amgen,,,
2018-11-12 00:00:00,193.649993896484,194.720001220703,190.479995727539,191.559997558593,151.283264160156,2109100,2018-11-12,Amgen,,,
2018-11-13 00:00:00,192.910003662109,194.820007324218,191.029998779296,191.550003051757,151.275390625,2232200,2018-11-13,Amgen,,,
2018-11-14 00:00:00,192.029998779296,193.399993896484,189.660003662109,190.360000610351,150.33560180664,2850300,2018-11-14,Amgen,,,
2018-11-15 00:00:00,188.33999633789,192.630004882812,187.119995117187,192.449996948242,153.047424316406,2607100,2018-11-15,Amgen,,,
2018-11-16 00:00:00,192.360000610351,195.240005493164,191.690002441406,194.179992675781,154.423217773437,3862300,2018-11-16,Amgen,,,
2018-11-19 00:00:00,194.919998168945,196.77000427246,192.869995117187,194.910003662109,155.003768920898,2629900,2018-11-19,Amgen,,,
2018-11-20 00:00:00,196.320007324218,198.679992675781,192.759994506835,196.440002441406,156.220520019531,3288800,2018-11-20,Amgen,,,
2018-11-21 00:00:00,195.169998168945,197.550003051757,192.610000610351,192.77000427246,153.301940917968,2173600,2018-11-21,Amgen,,,
2018-11-23 00:00:00,191.25,194.479995727539,190.77000427246,192.570007324218,153.142852783203,1349200,2018-11-23,Amgen,,,
2018-11-26 00:00:00,194.940002441406,196.309997558593,192.490005493164,194.300003051757,154.518692016601,2194600,2018-11-26,Amgen,,,
2018-11-27 00:00:00,193.160003662109,197.229995727539,191.869995117187,197.100006103515,156.745407104492,2329200,2018-11-27,Amgen,,,
2018-11-28 00:00:00,196.960006713867,202.02000427246,196.059997558593,201.419998168945,160.180908203125,2617800,2018-11-28,Amgen,,,
2018-11-29 00:00:00,199.779998779296,204.0,199.529998779296,202.369995117187,160.93635559082,1937800,2018-11-29,Amgen,,,
2018-11-30 00:00:00,202.149993896484,208.990005493164,201.789993286132,208.25,165.612472534179,4537200,2018-11-30,Amgen,,,
2018-12-03 00:00:00,208.100006103515,208.300003051757,200.380004882812,202.929992675781,161.381729125976,4035300,2018-12-03,Amgen,,,
2018-12-04 00:00:00,204.600006103515,205.740005493164,197.289993286132,197.759994506835,157.270263671875,3881100,2018-12-04,Amgen,,,
2018-12-06 00:00:00,195.720001220703,199.009994506835,193.199996948242,199.009994506835,158.264343261718,3437300,2018-12-06,Amgen,,,
2018-12-07 00:00:00,197.889999389648,198.399993896484,191.050003051757,191.440002441406,152.244232177734,3152400,2018-12-07,Amgen,,,
2018-12-10 00:00:00,193.029998779296,194.789993286132,188.190002441406,194.08999633789,154.351684570312,2718300,2018-12-10,Amgen,,,
2018-12-11 00:00:00,195.910003662109,198.410003662109,194.33999633789,196.179992675781,156.013748168945,3047500,2018-12-11,Amgen,,,
2018-12-12 00:00:00,198.08999633789,199.440002441406,196.300003051757,196.410003662109,156.196640014648,2665600,2018-12-12,Amgen,,,
2018-12-13 00:00:00,196.77000427246,197.660003662109,195.220001220703,197.529998779296,157.087356567382,2129800,2018-12-13,Amgen,,,
2018-12-14 00:00:00,195.039993286132,196.149993896484,191.660003662109,192.070007324218,152.745239257812,2981300,2018-12-14,Amgen,,,
2018-12-17 00:00:00,192.240005493164,194.449996948242,188.639999389648,190.080001831054,151.162628173828,2919400,2018-12-17,Amgen,,,
2018-12-18 00:00:00,191.440002441406,191.940002441406,184.410003662109,187.100006103515,148.792785644531,3164300,2018-12-18,Amgen,,,
2018-12-19 00:00:00,187.02000427246,191.759994506835,182.529998779296,185.490005493164,147.512451171875,3995400,2018-12-19,Amgen,,,
2018-12-20 00:00:00,185.059997558593,186.539993286132,182.720001220703,184.960006713867,147.090942382812,3806200,2018-12-20,Amgen,,,
2018-12-21 00:00:00,183.850006103515,187.610000610351,179.210006713867,180.210006713867,143.313491821289,7829800,2018-12-21,Amgen,,,
2018-12-24 00:00:00,179.5,182.929992675781,178.289993286132,178.399993896484,141.874038696289,2205100,2018-12-24,Amgen,,,
2018-12-26 00:00:00,179.039993286132,188.029998779296,178.880004882812,187.860000610351,149.397201538085,2868200,2018-12-26,Amgen,,,
2018-12-27 00:00:00,185.360000610351,190.410003662109,183.619995117187,190.330001831054,151.361495971679,3137900,2018-12-27,Amgen,,,
2018-12-28 00:00:00,191.630004882812,194.58999633789,190.059997558593,190.729995727539,151.679550170898,2477500,2018-12-28,Amgen,,,
2018-12-31 00:00:00,191.929992675781,195.800003051757,191.610000610351,194.669998168945,154.812911987304,2764800,2018-12-31,Amgen,,,
2019-01-02 00:00:00,192.52000427246,193.199996948242,188.949996948242,191.899993896484,152.61001586914,3009100,2019-01-02,Amgen,,,
2019-01-03 00:00:00,192.149993896484,194.179992675781,188.669998168945,188.979995727539,150.287887573242,3973900,2019-01-03,Amgen,,,
2019-01-04 00:00:00,191.460006713867,196.52000427246,190.83999633789,195.440002441406,155.425262451171,4193400,2019-01-04,Amgen,,,
2019-01-07 00:00:00,194.759994506835,199.360000610351,194.0,198.070007324218,157.516830444335,3032500,2019-01-07,Amgen,,,
2019-01-08 00:00:00,199.199996948242,201.119995117187,196.679992675781,200.610000610351,159.536758422851,3290300,2019-01-08,Amgen,,,
2019-01-09 00:00:00,202.360000610351,202.899993896484,199.630004882812,200.369995117187,159.34585571289,2869700,2019-01-09,Amgen,,,
2019-01-10 00:00:00,200.369995117187,203.52000427246,199.470001220703,202.679992675781,161.182876586914,3131300,2019-01-10,Amgen,,,
2019-01-11 00:00:00,200.639999389648,200.990005493164,198.0,200.559997558593,159.496963500976,3379700,2019-01-11,Amgen,,,
2019-01-14 00:00:00,199.490005493164,200.0,196.660003662109,196.779998779296,156.490905761718,3378600,2019-01-14,Amgen,,,
2019-01-15 00:00:00,196.300003051757,199.990005493164,196.039993286132,199.380004882812,158.55857849121,2859800,2019-01-15,Amgen,,,
2019-01-16 00:00:00,199.300003051757,200.440002441406,197.600006103515,198.889999389648,158.168869018554,3302400,2019-01-16,Amgen,,,
2019-01-17 00:00:00,198.380004882812,202.529998779296,197.979995727539,201.919998168945,160.578536987304,2440200,2019-01-17,Amgen,,,
2019-01-18 00:00:00,203.330001831054,204.330001831054,201.039993286132,203.880004882812,162.137222290039,3095000,2019-01-18,Amgen,,,
2019-01-22 00:00:00,202.619995117187,203.479995727539,200.779998779296,201.979995727539,160.626174926757,3173100,2019-01-22,Amgen,,,
2019-01-23 00:00:00,201.990005493164,203.949996948242,200.130004882812,201.559997558593,160.292236328125,1917500,2019-01-23,Amgen,,,
2019-01-24 00:00:00,201.610000610351,202.399993896484,199.740005493164,200.970001220703,159.823043823242,2390800,2019-01-24,Amgen,,,
2019-01-25 00:00:00,201.949996948242,202.229995727539,196.880004882812,198.77000427246,158.073501586914,4383600,2019-01-25,Amgen,,,
2019-01-28 00:00:00,194.970001220703,194.970001220703,190.009994506835,191.949996948242,152.649795532226,4186200,2019-01-28,Amgen,,,
2019-01-29 00:00:00,192.179992675781,193.669998168945,190.800003051757,192.110000610351,152.777084350585,3182100,2019-01-29,Amgen,,,
2019-01-30 00:00:00,188.889999389648,189.759994506835,179.649993896484,184.860000610351,147.011413574218,8089100,2019-01-30,Amgen,,,
2019-01-31 00:00:00,184.779998779296,187.600006103515,183.910003662109,187.110000610351,148.800750732421,4397900,2019-01-31,Amgen,,,
2019-02-01 00:00:00,186.509994506835,187.830001831054,185.559997558593,187.070007324218,148.768936157226,2488900,2019-02-01,Amgen,,,
2019-02-04 00:00:00,186.960006713867,187.139999389648,184.289993286132,186.179992675781,148.061157226562,2930900,2019-02-04,Amgen,,,
2019-02-05 00:00:00,186.199996948242,189.059997558593,185.720001220703,188.309997558593,149.755065917968,4933300,2019-02-05,Amgen,,,
2019-02-06 00:00:00,188.309997558593,191.869995117187,188.110000610351,190.759994506835,151.70344543457,3322400,2019-02-06,Amgen,,,
2019-02-07 00:00:00,190.669998168945,190.669998168945,182.669998168945,184.229995727539,146.51040649414,4188100,2019-02-07,Amgen,,,
2019-02-08 00:00:00,183.410003662109,186.050003051757,183.410003662109,186.0,147.917999267578,2601000,2019-02-08,Amgen,,,
2019-02-11 00:00:00,186.789993286132,187.110000610351,185.509994506835,185.789993286132,147.750991821289,2867300,2019-02-11,Amgen,,,
2019-02-12 00:00:00,187.330001831054,188.960006713867,186.429992675781,188.429992675781,149.850479125976,2412400,2019-02-12,Amgen,,,
2019-02-13 00:00:00,189.220001220703,190.119995117187,188.399993896484,188.979995727539,150.287887573242,2166000,2019-02-13,Amgen,,,
2019-02-14 00:00:00,187.58999633789,187.800003051757,185.759994506835,186.679992675781,149.606674194335,2611500,2019-02-14,Amgen,,,
2019-02-15 00:00:00,188.070007324218,189.100006103515,185.990005493164,188.33999633789,150.937072753906,3314600,2019-02-15,Amgen,,,
2019-02-19 00:00:00,187.789993286132,188.470001220703,186.850006103515,186.970001220703,149.839111328125,2267500,2019-02-19,Amgen,,,
2019-02-20 00:00:00,187.190002441406,189.220001220703,186.479995727539,186.919998168945,149.799011230468,3046400,2019-02-20,Amgen,,,
2019-02-21 00:00:00,186.389999389648,187.399993896484,184.75,185.5,148.661056518554,2947600,2019-02-21,Amgen,,,
2019-02-22 00:00:00,185.889999389648,188.860000610351,185.809997558593,187.5,150.26382446289,2774100,2019-02-22,Amgen,,,
2019-02-25 00:00:00,188.660003662109,190.470001220703,187.889999389648,189.809997558593,152.115097045898,3182600,2019-02-25,Amgen,,,
2019-02-26 00:00:00,189.559997558593,191.649993896484,189.360000610351,190.080001831054,152.331497192382,2431000,2019-02-26,Amgen,,,
2019-02-27 00:00:00,188.740005493164,192.190002441406,188.660003662109,191.419998168945,153.405349731445,1886200,2019-02-27,Amgen,,,
2019-02-28 00:00:00,191.380004882812,191.630004882812,189.729995727539,190.080001831054,152.331497192382,2776200,2019-02-28,Amgen,,,
2019-03-01 00:00:00,191.389999389648,192.059997558593,190.470001220703,191.160003662109,153.196990966796,2409400,2019-03-01,Amgen,,,
2019-03-04 00:00:00,191.820007324218,192.119995117187,187.410003662109,189.779998779296,152.091064453125,2274800,2019-03-04,Amgen,,,
2019-03-05 00:00:00,190.0,190.669998168945,188.789993286132,188.820007324218,151.321701049804,3445200,2019-03-05,Amgen,,,
2019-03-06 00:00:00,188.880004882812,189.369995117187,182.429992675781,183.149993896484,146.777694702148,3956100,2019-03-06,Amgen,,,
2019-03-07 00:00:00,182.919998168945,183.160003662109,180.600006103515,181.460006713867,145.423370361328,3421700,2019-03-07,Amgen,,,
2019-03-08 00:00:00,180.600006103515,181.309997558593,179.009994506835,180.869995117187,144.950546264648,2750900,2019-03-08,Amgen,,,
2019-03-11 00:00:00,181.83999633789,184.600006103515,181.399993896484,184.139999389648,147.57112121582,2816900,2019-03-11,Amgen,,,
2019-03-12 00:00:00,184.610000610351,184.949996948242,183.52000427246,184.179992675781,147.603164672851,2677500,2019-03-12,Amgen,,,
2019-03-13 00:00:00,184.699996948242,188.33999633789,184.190002441406,187.350006103515,150.143585205078,2719700,2019-03-13,Amgen,,,
2019-03-14 00:00:00,187.529998779296,188.860000610351,185.889999389648,187.759994506835,150.472213745117,2909600,2019-03-14,Amgen,,,
2019-03-15 00:00:00,188.460006713867,191.639999389648,188.100006103515,191.240005493164,153.261123657226,6865000,2019-03-15,Amgen,,,
2019-03-18 00:00:00,191.080001831054,192.52000427246,190.190002441406,191.309997558593,153.317199707031,2430200,2019-03-18,Amgen,,,
2019-03-19 00:00:00,191.929992675781,192.759994506835,190.919998168945,191.490005493164,153.461456298828,2268700,2019-03-19,Amgen,,,
2019-03-20 00:00:00,191.5,192.77000427246,189.869995117187,191.119995117187,153.164932250976,2378700,2019-03-20,Amgen,,,
2019-03-21 00:00:00,189.729995727539,192.369995117187,189.179992675781,191.889999389648,153.781982421875,2292900,2019-03-21,Amgen,,,
2019-03-22 00:00:00,190.960006713867,192.869995117187,186.550003051757,186.699996948242,149.622695922851,3144700,2019-03-22,Amgen,,,
2019-03-25 00:00:00,186.639999389648,187.779998779296,185.039993286132,186.58999633789,149.534545898437,2523700,2019-03-25,Amgen,,,
2019-03-26 00:00:00,187.550003051757,189.58999633789,187.029998779296,188.27000427246,150.880935668945,2359100,2019-03-26,Amgen,,,
2019-03-27 00:00:00,188.25,188.600006103515,185.220001220703,186.320007324218,149.318222045898,2022600,2019-03-27,Amgen,,,
2019-03-28 00:00:00,187.080001831054,187.889999389648,186.0,187.649993896484,150.384048461914,1885600,2019-03-28,Amgen,,,
2019-03-29 00:00:00,189.369995117187,191.0,188.5,189.979995727539,152.25129699707,3189700,2019-03-29,Amgen,,,
2019-04-01 00:00:00,191.139999389648,192.559997558593,190.509994506835,191.77000427246,153.685852050781,2660500,2019-04-01,Amgen,,,
2019-04-02 00:00:00,191.809997558593,192.820007324218,191.199996948242,192.429992675781,154.214736938476,2141800,2019-04-02,Amgen,,,
2019-04-03 00:00:00,193.179992675781,193.869995117187,191.710006713867,192.919998168945,154.607467651367,1948100,2019-04-03,Amgen,,,
2019-04-04 00:00:00,192.850006103515,194.429992675781,190.990005493164,192.330001831054,154.134628295898,1785900,2019-04-04,Amgen,,,
2019-04-05 00:00:00,193.880004882812,196.869995117187,193.300003051757,195.410003662109,156.602981567382,2163300,2019-04-05,Amgen,,,
2019-04-08 00:00:00,194.529998779296,195.309997558593,192.559997558593,194.880004882812,156.178253173828,1629800,2019-04-08,Amgen,,,
2019-04-09 00:00:00,193.58999633789,194.0,192.509994506835,192.979995727539,154.655563354492,1872600,2019-04-09,Amgen,,,
2019-04-10 00:00:00,194.149993896484,195.0,192.33999633789,193.889999389648,155.384857177734,1653200,2019-04-10,Amgen,,,
2019-04-11 00:00:00,194.570007324218,194.789993286132,190.649993896484,192.110000610351,153.95832824707,2082600,2019-04-11,Amgen,,,
2019-04-12 00:00:00,193.02000427246,193.479995727539,190.789993286132,191.419998168945,153.405349731445,2060800,2019-04-12,Amgen,,,
2019-04-15 00:00:00,191.83999633789,193.179992675781,189.850006103515,191.199996948242,153.229064941406,2038300,2019-04-15,Amgen,,,
2019-04-16 00:00:00,192.27000427246,192.570007324218,187.440002441406,188.050003051757,150.704635620117,2727300,2019-04-16,Amgen,,,
2019-04-17 00:00:00,188.350006103515,188.740005493164,181.529998779296,182.470001220703,146.232788085937,5242100,2019-04-17,Amgen,,,
2019-04-18 00:00:00,183.240005493164,183.490005493164,176.850006103515,177.470001220703,142.22573852539,8266600,2019-04-18,Amgen,,,
2019-04-22 00:00:00,177.100006103515,177.570007324218,174.869995117187,176.360000610351,141.336151123046,3215800,2019-04-22,Amgen,,,
2019-04-23 00:00:00,176.940002441406,180.649993896484,175.75,179.759994506835,144.060989379882,3471700,2019-04-23,Amgen,,,
2019-04-24 00:00:00,180.139999389648,180.830001831054,178.259994506835,178.300003051757,142.890884399414,2711600,2019-04-24,Amgen,,,
2019-04-25 00:00:00,177.080001831054,181.02000427246,175.919998168945,180.479995727539,144.637969970703,2453700,2019-04-25,Amgen,,,
2019-04-26 00:00:00,180.699996948242,181.850006103515,180.029998779296,181.470001220703,145.431381225585,2445400,2019-04-26,Amgen,,,
2019-04-29 00:00:00,181.449996948242,182.470001220703,179.58999633789,181.169998168945,145.190933227539,2662500,2019-04-29,Amgen,,,
2019-04-30 00:00:00,181.630004882812,182.039993286132,177.880004882812,179.320007324218,143.708312988281,3963000,2019-04-30,Amgen,,,
2019-05-01 00:00:00,175.399993896484,178.5,171.25,176.139999389648,141.159851074218,6109100,2019-05-01,Amgen,,,
2019-05-02 00:00:00,176.059997558593,178.300003051757,174.300003051757,176.5,141.448379516601,3014000,2019-05-02,Amgen,,,
2019-05-03 00:00:00,176.929992675781,177.77000427246,176.470001220703,177.309997558593,142.097473144531,2944500,2019-05-03,Amgen,,,
2019-05-06 00:00:00,175.490005493164,177.240005493164,173.880004882812,177.059997558593,141.897155761718,2735000,2019-05-06,Amgen,,,
2019-05-07 00:00:00,175.139999389648,176.410003662109,172.5,173.869995117187,139.340621948242,2797000,2019-05-07,Amgen,,,
2019-05-08 00:00:00,173.5,175.5,171.699996948242,172.149993896484,137.96223449707,3368400,2019-05-08,Amgen,,,
2019-05-09 00:00:00,171.240005493164,173.179992675781,169.440002441406,172.869995117187,138.539230346679,2854400,2019-05-09,Amgen,,,
2019-05-10 00:00:00,172.460006713867,172.460006713867,168.440002441406,171.850006103515,137.72183227539,2942300,2019-05-10,Amgen,,,
2019-05-13 00:00:00,169.240005493164,169.600006103515,167.169998168945,167.600006103515,134.315841674804,3371800,2019-05-13,Amgen,,,
2019-05-14 00:00:00,167.679992675781,169.720001220703,167.300003051757,167.809997558593,134.484100341796,2525300,2019-05-14,Amgen,,,
2019-05-15 00:00:00,167.229995727539,170.600006103515,166.300003051757,169.869995117187,136.135040283203,2860200,2019-05-15,Amgen,,,
2019-05-16 00:00:00,169.399993896484,172.02000427246,169.33999633789,169.919998168945,137.347503662109,2716200,2019-05-16,Amgen,,,
2019-05-17 00:00:00,169.27000427246,171.240005493164,169.110000610351,169.910003662109,137.339401245117,2266600,2019-05-17,Amgen,,,
2019-05-20 00:00:00,168.679992675781,170.399993896484,168.149993896484,168.389999389648,136.11082458496,2144300,2019-05-20,Amgen,,,
2019-05-21 00:00:00,169.77000427246,170.02000427246,168.529998779296,169.690002441406,137.161560058593,2249300,2019-05-21,Amgen,,,
2019-05-22 00:00:00,169.350006103515,172.050003051757,168.580001831054,171.300003051757,138.462921142578,2615500,2019-05-22,Amgen,,,
2019-05-23 00:00:00,171.33999633789,173.059997558593,170.490005493164,172.110000610351,139.117706298828,2902500,2019-05-23,Amgen,,,
2019-05-24 00:00:00,172.619995117187,173.77000427246,171.08999633789,171.279998779296,138.446807861328,2417100,2019-05-24,Amgen,,,
2019-05-28 00:00:00,171.559997558593,172.77000427246,168.759994506835,168.850006103515,136.482604980468,4066200,2019-05-28,Amgen,,,
2019-05-29 00:00:00,168.0,169.759994506835,167.330001831054,169.179992675781,136.749359130859,2671600,2019-05-29,Amgen,,,
2019-05-30 00:00:00,169.440002441406,170.050003051757,168.199996948242,169.039993286132,136.636169433593,1943300,2019-05-30,Amgen,,,
2019-05-31 00:00:00,168.059997558593,168.869995117187,166.679992675781,166.699996948242,134.744735717773,2808900,2019-05-31,Amgen,,,
2019-06-03 00:00:00,172.0,176.809997558593,170.559997558593,172.360000610351,139.319732666015,5774800,2019-06-03,Amgen,,,
2019-06-04 00:00:00,174.029998779296,175.360000610351,170.559997558593,174.729995727539,141.235443115234,4553200,2019-06-04,Amgen,,,
2019-06-05 00:00:00,175.679992675781,175.77000427246,173.08999633789,174.550003051757,141.089965820312,2606400,2019-06-05,Amgen,,,
2019-06-06 00:00:00,174.779998779296,176.059997558593,174.08999633789,174.449996948242,141.009094238281,2396800,2019-06-06,Amgen,,,
2019-06-07 00:00:00,175.630004882812,176.0,173.279998779296,175.509994506835,141.865936279296,2072000,2019-06-07,Amgen,,,
2019-06-10 00:00:00,175.949996948242,176.160003662109,174.050003051757,175.580001831054,141.92251586914,2091400,2019-06-10,Amgen,,,
2019-06-11 00:00:00,176.27000427246,177.149993896484,174.199996948242,174.619995117187,141.146530151367,2313800,2019-06-11,Amgen,,,
2019-06-12 00:00:00,175.300003051757,176.690002441406,174.160003662109,175.600006103515,141.938644409179,1888600,2019-06-12,Amgen,,,
2019-06-13 00:00:00,175.830001831054,177.449996948242,175.229995727539,176.710006713867,142.835876464843,1675800,2019-06-13,Amgen,,,
2019-06-14 00:00:00,176.970001220703,177.899993896484,175.550003051757,176.080001831054,142.326690673828,1621800,2019-06-14,Amgen,,,
2019-06-17 00:00:00,176.039993286132,178.550003051757,175.399993896484,178.389999389648,144.193862915039,1916800,2019-06-17,Amgen,,,
2019-06-18 00:00:00,179.27000427246,182.820007324218,179.119995117187,181.610000610351,146.796615600585,3125500,2019-06-18,Amgen,,,
2019-06-19 00:00:00,181.479995727539,183.119995117187,180.639999389648,182.77000427246,147.734268188476,2396500,2019-06-19,Amgen,,,
2019-06-20 00:00:00,184.779998779296,185.289993286132,182.110000610351,184.080001831054,148.793090820312,2780400,2019-06-20,Amgen,,,
2019-06-21 00:00:00,183.889999389648,187.130004882812,182.910003662109,187.110000610351,151.242279052734,6948100,2019-06-21,Amgen,,,
2019-06-24 00:00:00,186.070007324218,187.0,184.699996948242,184.830001831054,149.399337768554,2948300,2019-06-24,Amgen,,,
2019-06-25 00:00:00,184.600006103515,186.779998779296,183.169998168945,184.440002441406,149.084060668945,2264700,2019-06-25,Amgen,,,
2019-06-26 00:00:00,184.710006713867,184.940002441406,182.740005493164,183.169998168945,148.057556152343,2124600,2019-06-26,Amgen,,,
2019-06-27 00:00:00,183.350006103515,185.440002441406,183.029998779296,184.02000427246,148.744598388671,2193700,2019-06-27,Amgen,,,
2019-06-28 00:00:00,184.169998168945,186.100006103515,183.660003662109,184.279998779296,148.954772949218,3753200,2019-06-28,Amgen,,,
2019-07-01 00:00:00,186.880004882812,187.300003051757,185.100006103515,186.350006103515,150.627975463867,2079800,2019-07-01,Amgen,,,
2019-07-02 00:00:00,186.029998779296,186.669998168945,184.199996948242,186.639999389648,150.862365722656,1796300,2019-07-02,Amgen,,,
2019-07-03 00:00:00,187.580001831054,189.419998168945,187.199996948242,188.580001831054,152.43049621582,1932600,2019-07-03,Amgen,,,
2019-07-05 00:00:00,187.429992675781,188.880004882812,185.240005493164,185.940002441406,150.296585083007,2225800,2019-07-05,Amgen,,,
2019-07-08 00:00:00,184.660003662109,185.009994506835,180.52000427246,182.240005493164,147.30581665039,2700900,2019-07-08,Amgen,,,
2019-07-09 00:00:00,181.210006713867,182.27000427246,180.509994506835,181.58999633789,146.780456542968,2273700,2019-07-09,Amgen,,,
2019-07-10 00:00:00,182.169998168945,183.289993286132,181.029998779296,182.27000427246,147.330078125,1775700,2019-07-10,Amgen,,,
2019-07-11 00:00:00,180.860000610351,181.0,175.949996948242,178.0,143.878601074218,3621900,2019-07-11,Amgen,,,
2019-07-12 00:00:00,177.820007324218,178.08999633789,174.190002441406,174.929992675781,141.397109985351,4488700,2019-07-12,Amgen,,,
2019-07-15 00:00:00,174.899993896484,177.440002441406,174.610000610351,176.119995117187,142.359008789062,3256800,2019-07-15,Amgen,,,
2019-07-16 00:00:00,176.33999633789,177.77000427246,175.910003662109,177.470001220703,143.450210571289,2260100,2019-07-16,Amgen,,,
2019-07-17 00:00:00,178.139999389648,179.449996948242,177.009994506835,177.059997558593,143.118820190429,1945200,2019-07-17,Amgen,,,
2019-07-18 00:00:00,177.130004882812,180.429992675781,176.800003051757,179.539993286132,145.123413085937,2374400,2019-07-18,Amgen,,,
2019-07-19 00:00:00,180.669998168945,181.580001831054,178.190002441406,178.389999389648,144.193862915039,2987200,2019-07-19,Amgen,,,
2019-07-22 00:00:00,177.830001831054,178.809997558593,175.720001220703,175.889999389648,142.173049926757,2556800,2019-07-22,Amgen,,,
2019-07-23 00:00:00,176.429992675781,176.77000427246,175.52000427246,176.009994506835,142.270080566406,2081800,2019-07-23,Amgen,,,
2019-07-24 00:00:00,176.02000427246,176.75,174.880004882812,175.77000427246,142.076080322265,1898000,2019-07-24,Amgen,,,
2019-07-25 00:00:00,175.779998779296,176.5,173.77000427246,174.110000610351,140.734298706054,2145500,2019-07-25,Amgen,,,
2019-07-26 00:00:00,174.27000427246,175.509994506835,173.119995117187,175.33999633789,141.728515625,3070400,2019-07-26,Amgen,,,
2019-07-29 00:00:00,175.27000427246,177.160003662109,174.83999633789,176.080001831054,142.326690673828,1985400,2019-07-29,Amgen,,,
2019-07-30 00:00:00,174.919998168945,176.720001220703,174.27000427246,176.449996948242,142.625732421875,2005100,2019-07-30,Amgen,,,
2019-07-31 00:00:00,180.0,188.0,177.899993896484,186.580001831054,150.813888549804,7157600,2019-07-31,Amgen,,,
2019-08-01 00:00:00,186.399993896484,189.460006713867,184.139999389648,186.0,150.345092773437,3484700,2019-08-01,Amgen,,,
2019-08-02 00:00:00,186.0,187.860000610351,185.009994506835,187.220001220703,151.33120727539,2966500,2019-08-02,Amgen,,,
2019-08-05 00:00:00,185.580001831054,185.960006713867,180.52000427246,181.5,146.707687377929,4060000,2019-08-05,Amgen,,,
2019-08-06 00:00:00,181.100006103515,184.600006103515,180.029998779296,184.460006713867,149.100280761718,3172900,2019-08-06,Amgen,,,
2019-08-07 00:00:00,183.039993286132,184.139999389648,179.610000610351,183.539993286132,148.356582641601,3308900,2019-08-07,Amgen,,,
2019-08-08 00:00:00,183.470001220703,185.419998168945,183.050003051757,185.229995727539,149.72265625,2449000,2019-08-08,Amgen,,,
2019-08-09 00:00:00,185.149993896484,200.0,182.820007324218,196.25,158.630218505859,8417100,2019-08-09,Amgen,,,
2019-08-12 00:00:00,197.899993896484,208.779998779296,197.25,205.779998779296,166.333389282226,10599300,2019-08-12,Amgen,,,
2019-08-13 00:00:00,203.429992675781,211.899993896484,203.0,206.119995117187,166.608200073242,5586400,2019-08-13,Amgen,,,
2019-08-14 00:00:00,202.809997558593,205.399993896484,198.720001220703,198.869995117187,161.886795043945,4507100,2019-08-14,Amgen,,,
2019-08-15 00:00:00,200.0,201.0,198.630004882812,199.309997558593,162.244964599609,3065800,2019-08-15,Amgen,,,
2019-08-16 00:00:00,201.830001831054,205.460006713867,200.360000610351,204.02000427246,166.079071044921,2922500,2019-08-16,Amgen,,,
2019-08-19 00:00:00,203.229995727539,206.5,201.110000610351,206.0,167.690826416015,2974900,2019-08-19,Amgen,,,
2019-08-20 00:00:00,205.899993896484,206.119995117187,202.949996948242,203.169998168945,165.387130737304,2710800,2019-08-20,Amgen,,,
2019-08-21 00:00:00,204.449996948242,205.369995117187,203.580001831054,203.940002441406,166.013931274414,1755200,2019-08-21,Amgen,,,
2019-08-22 00:00:00,205.27000427246,206.350006103515,202.0,203.419998168945,165.590621948242,2677600,2019-08-22,Amgen,,,
2019-08-23 00:00:00,203.08999633789,203.619995117187,198.009994506835,199.080001831054,162.05776977539,3416200,2019-08-23,Amgen,,,
2019-08-26 00:00:00,200.600006103515,206.399993896484,199.669998168945,205.410003662109,167.21060180664,4005200,2019-08-26,Amgen,,,
2019-08-27 00:00:00,206.539993286132,208.949996948242,205.27000427246,206.490005493164,168.089752197265,3394000,2019-08-27,Amgen,,,
2019-08-28 00:00:00,205.509994506835,210.139999389648,205.330001831054,207.52000427246,168.928176879882,3789300,2019-08-28,Amgen,,,
2019-08-29 00:00:00,209.0,209.83999633789,205.259994506835,206.979995727539,168.488571166992,2391600,2019-08-29,Amgen,,,
2019-08-30 00:00:00,208.990005493164,210.970001220703,206.880004882812,208.619995117187,169.823608398437,2621300,2019-08-30,Amgen,,,
2019-09-03 00:00:00,207.300003051757,207.889999389648,204.679992675781,205.52000427246,167.300109863281,2193000,2019-09-03,Amgen,,,
2019-09-04 00:00:00,206.699996948242,207.369995117187,203.0,206.320007324218,167.951354980468,1935700,2019-09-04,Amgen,,,
2019-09-05 00:00:00,206.630004882812,208.470001220703,205.970001220703,207.649993896484,169.033981323242,1685300,2019-09-05,Amgen,,,
2019-09-06 00:00:00,208.639999389648,209.350006103515,206.100006103515,207.729995727539,169.099136352539,2388000,2019-09-06,Amgen,,,
2019-09-09 00:00:00,202.529998779296,202.949996948242,198.789993286132,202.33999633789,164.711471557617,4353200,2019-09-09,Amgen,,,
2019-09-10 00:00:00,200.809997558593,201.970001220703,195.360000610351,196.869995117187,160.258743286132,4866300,2019-09-10,Amgen,,,
2019-09-11 00:00:00,197.130004882812,198.460006713867,195.169998168945,195.83999633789,159.42024230957,2875300,2019-09-11,Amgen,,,
2019-09-12 00:00:00,196.08999633789,196.830001831054,193.899993896484,194.0,157.922454833984,4448000,2019-09-12,Amgen,,,
2019-09-13 00:00:00,194.410003662109,196.669998168945,194.330001831054,195.470001220703,159.119079589843,2428800,2019-09-13,Amgen,,,
2019-09-16 00:00:00,196.160003662109,196.160003662109,193.509994506835,194.080001831054,157.987548828125,1597400,2019-09-16,Amgen,,,
2019-09-17 00:00:00,194.039993286132,196.779998779296,194.039993286132,196.720001220703,160.136611938476,2447400,2019-09-17,Amgen,,,
2019-09-18 00:00:00,196.360000610351,196.830001831054,193.259994506835,195.039993286132,158.769058227539,1897800,2019-09-18,Amgen,,,
2019-09-19 00:00:00,195.720001220703,196.369995117187,194.52000427246,195.649993896484,159.265625,1483400,2019-09-19,Amgen,,,
2019-09-20 00:00:00,196.0,199.320007324218,195.75,196.940002441406,160.315734863281,6680400,2019-09-20,Amgen,,,
2019-09-23 00:00:00,197.75,198.809997558593,197.309997558593,197.759994506835,160.983200073242,1683900,2019-09-23,Amgen,,,
2019-09-24 00:00:00,198.979995727539,199.800003051757,195.610000610351,196.550003051757,159.998229980468,2322500,2019-09-24,Amgen,,,
2019-09-25 00:00:00,197.580001831054,198.330001831054,195.919998168945,196.059997558593,159.599334716796,1779900,2019-09-25,Amgen,,,
2019-09-26 00:00:00,195.910003662109,196.309997558593,193.080001831054,195.380004882812,159.045837402343,1877800,2019-09-26,Amgen,,,
2019-09-27 00:00:00,195.559997558593,196.850006103515,193.83999633789,194.940002441406,158.68765258789,1770300,2019-09-27,Amgen,,,
2019-09-30 00:00:00,192.800003051757,196.679992675781,191.690002441406,193.509994506835,157.52359008789,2492300,2019-09-30,Amgen,,,
2019-10-01 00:00:00,192.580001831054,195.880004882812,192.100006103515,193.190002441406,157.263076782226,2331000,2019-10-01,Amgen,,,
2019-10-02 00:00:00,193.580001831054,193.580001831054,188.779998779296,189.210006713867,154.023239135742,2250800,2019-10-02,Amgen,,,
2019-10-03 00:00:00,189.600006103515,192.669998168945,189.0,192.619995117187,156.799102783203,1888500,2019-10-03,Amgen,,,
2019-10-04 00:00:00,193.139999389648,196.009994506835,193.139999389648,195.58999633789,159.216751098632,2158200,2019-10-04,Amgen,,,
2019-10-07 00:00:00,194.539993286132,198.820007324218,194.449996948242,197.169998168945,160.5029296875,2199300,2019-10-07,Amgen,,,
2019-10-08 00:00:00,196.550003051757,198.0,195.0,196.080001831054,159.615631103515,2032600,2019-10-08,Amgen,,,
2019-10-09 00:00:00,198.679992675781,198.679992675781,195.960006713867,196.690002441406,160.112228393554,1292900,2019-10-09,Amgen,,,
2019-10-10 00:00:00,198.0,199.360000610351,197.02000427246,198.679992675781,161.732116699218,1297500,2019-10-10,Amgen,,,
2019-10-11 00:00:00,200.229995727539,203.889999389648,199.979995727539,200.800003051757,163.457870483398,2472200,2019-10-11,Amgen,,,
2019-10-14 00:00:00,201.25,204.899993896484,201.229995727539,202.889999389648,165.159210205078,1638200,2019-10-14,Amgen,,,
2019-10-15 00:00:00,203.460006713867,204.800003051757,202.600006103515,204.660003662109,166.600036621093,1492800,2019-10-15,Amgen,,,
2019-10-16 00:00:00,204.149993896484,204.979995727539,202.179992675781,203.210006713867,165.419738769531,1758500,2019-10-16,Amgen,,,
2019-10-17 00:00:00,201.58999633789,204.75,201.52000427246,203.559997558593,165.704620361328,1380800,2019-10-17,Amgen,,,
2019-10-18 00:00:00,204.110000610351,204.119995117187,200.809997558593,202.720001220703,165.020797729492,2043400,2019-10-18,Amgen,,,
2019-10-21 00:00:00,203.570007324218,203.610000610351,200.779998779296,202.929992675781,165.191772460937,1564000,2019-10-21,Amgen,,,
2019-10-22 00:00:00,204.630004882812,206.059997558593,203.220001220703,204.830001831054,166.738464355468,2136700,2019-10-22,Amgen,,,
2019-10-23 00:00:00,204.229995727539,205.889999389648,203.039993286132,203.320007324218,165.509231567382,1805800,2019-10-23,Amgen,,,
2019-10-24 00:00:00,203.949996948242,204.300003051757,201.660003662109,203.059997558593,165.297592163085,1220800,2019-10-24,Amgen,,,
2019-10-25 00:00:00,202.58999633789,203.710006713867,201.509994506835,203.050003051757,165.289459228515,1321500,2019-10-25,Amgen,,,
2019-10-28 00:00:00,203.169998168945,205.979995727539,202.679992675781,205.009994506835,166.884963989257,1652800,2019-10-28,Amgen,,,
2019-10-29 00:00:00,205.259994506835,211.25,204.910003662109,208.990005493164,170.124816894531,4460000,2019-10-29,Amgen,,,
2019-10-30 00:00:00,206.350006103515,211.0,204.160003662109,210.880004882812,171.663314819335,3793500,2019-10-30,Amgen,,,
2019-10-31 00:00:00,210.100006103515,213.669998168945,209.600006103515,213.25,173.59260559082,3255800,2019-10-31,Amgen,,,
2019-11-01 00:00:00,214.259994506835,219.380004882812,214.0,217.949996948242,177.418533325195,3685500,2019-11-01,Amgen,,,
2019-11-04 00:00:00,218.729995727539,219.83999633789,214.350006103515,214.410003662109,174.536895751953,2646600,2019-11-04,Amgen,,,
2019-11-05 00:00:00,215.919998168945,219.490005493164,213.190002441406,215.080001831054,175.082260131835,3012000,2019-11-05,Amgen,,,
2019-11-06 00:00:00,215.449996948242,218.580001831054,215.449996948242,216.399993896484,176.156799316406,2540200,2019-11-06,Amgen,,,
2019-11-07 00:00:00,216.910003662109,218.509994506835,215.460006713867,217.990005493164,177.451126098632,2498300,2019-11-07,Amgen,,,
2019-11-08 00:00:00,218.210006713867,221.25,217.460006713867,221.110000610351,179.99087524414,2069900,2019-11-08,Amgen,,,
2019-11-11 00:00:00,220.240005493164,221.380004882812,218.699996948242,220.699996948242,179.657165527343,1364300,2019-11-11,Amgen,,,
2019-11-12 00:00:00,221.309997558593,225.259994506835,219.869995117187,221.309997558593,180.153717041015,2704500,2019-11-12,Amgen,,,
2019-11-13 00:00:00,220.429992675781,221.690002441406,218.539993286132,219.669998168945,178.818664550781,2333000,2019-11-13,Amgen,,,
2019-11-14 00:00:00,218.220001220703,218.740005493164,213.550003051757,218.5,179.048126220703,2749300,2019-11-14,Amgen,,,
2019-11-15 00:00:00,219.58999633789,220.929992675781,217.210006713867,220.860000610351,180.982025146484,2028600,2019-11-15,Amgen,,,
2019-11-18 00:00:00,221.059997558593,221.58999633789,219.210006713867,220.669998168945,180.826309204101,2239500,2019-11-18,Amgen,,,
2019-11-19 00:00:00,221.240005493164,224.679992675781,220.699996948242,224.5,183.964767456054,2551600,2019-11-19,Amgen,,,
2019-11-20 00:00:00,224.380004882812,226.550003051757,223.130004882812,225.509994506835,184.792419433593,3524300,2019-11-20,Amgen,,,
2019-11-21 00:00:00,227.119995117187,228.800003051757,225.02000427246,227.820007324218,186.685333251953,2659300,2019-11-21,Amgen,,,
2019-11-22 00:00:00,228.080001831054,230.869995117187,227.830001831054,230.740005493164,189.078125,1975000,2019-11-22,Amgen,,,
2019-11-25 00:00:00,231.080001831054,235.800003051757,231.080001831054,234.539993286132,192.191970825195,2637400,2019-11-25,Amgen,,,
2019-11-26 00:00:00,233.979995727539,234.889999389648,232.009994506835,234.389999389648,192.069061279296,3300800,2019-11-26,Amgen,,,
2019-11-27 00:00:00,234.649993896484,235.279998779296,231.850006103515,234.539993286132,192.191970825195,1579800,2019-11-27,Amgen,,,
2019-11-29 00:00:00,234.130004882812,235.470001220703,233.75,234.720001220703,192.339462280273,945600,2019-11-29,Amgen,,,
2019-12-02 00:00:00,234.539993286132,235.800003051757,232.630004882812,233.479995727539,191.32339477539,1633600,2019-12-02,Amgen,,,
2019-12-03 00:00:00,231.479995727539,233.179992675781,230.779998779296,232.77000427246,190.741577148437,1825400,2019-12-03,Amgen,,,
2019-12-04 00:00:00,232.729995727539,234.889999389648,232.0,233.880004882812,191.651123046875,1908500,2019-12-04,Amgen,,,
2019-12-05 00:00:00,233.690002441406,233.77000427246,231.460006713867,233.410003662109,191.266036987304,2083600,2019-12-05,Amgen,,,
2019-12-06 00:00:00,234.679992675781,235.0,233.190002441406,233.77000427246,191.560989379882,1860900,2019-12-06,Amgen,,,
2019-12-09 00:00:00,234.960006713867,235.050003051757,232.630004882812,232.820007324218,190.782516479492,1867900,2019-12-09,Amgen,,,
2019-12-10 00:00:00,231.919998168945,235.119995117187,231.509994506835,233.83999633789,191.618392944335,1494700,2019-12-10,Amgen,,,
2019-12-11 00:00:00,234.029998779296,234.970001220703,233.029998779296,234.009994506835,191.757690429687,1754100,2019-12-11,Amgen,,,
2019-12-12 00:00:00,234.580001831054,237.240005493164,234.059997558593,235.990005493164,193.380187988281,1851500,2019-12-12,Amgen,,,
2019-12-13 00:00:00,235.600006103515,238.119995117187,235.139999389648,236.740005493164,193.994766235351,2041200,2019-12-13,Amgen,,,
2019-12-16 00:00:00,239.5,244.529998779296,239.5,243.199996948242,199.28840637207,3047600,2019-12-16,Amgen,,,
2019-12-17 00:00:00,243.580001831054,244.990005493164,241.279998779296,242.83999633789,198.993301391601,2382500,2019-12-17,Amgen,,,
2019-12-18 00:00:00,242.210006713867,243.220001220703,241.02000427246,241.940002441406,198.255859375,2956700,2019-12-18,Amgen,,,
2019-12-19 00:00:00,242.779998779296,243.300003051757,239.929992675781,241.83999633789,198.173919677734,2070800,2019-12-19,Amgen,,,
2019-12-20 00:00:00,244.570007324218,244.570007324218,240.699996948242,243.059997558593,199.173614501953,5091600,2019-12-20,Amgen,,,
2019-12-23 00:00:00,243.979995727539,244.0,241.58999633789,243.029998779296,199.149047851562,1686200,2019-12-23,Amgen,,,
2019-12-24 00:00:00,242.820007324218,243.100006103515,241.720001220703,242.330001831054,198.575454711914,612800,2019-12-24,Amgen,,,
2019-12-26 00:00:00,242.720001220703,243.639999389648,241.320007324218,241.899993896484,198.223083496093,1098300,2019-12-26,Amgen,,,
2019-12-27 00:00:00,242.240005493164,242.990005493164,240.160003662109,241.529998779296,197.919876098632,1085000,2019-12-27,Amgen,,,
2019-12-30 00:00:00,241.399993896484,242.979995727539,239.399993896484,240.27000427246,196.887390136718,1454400,2019-12-30,Amgen,,,
2019-12-31 00:00:00,240.279998779296,241.460006713867,238.5,241.070007324218,197.542938232421,1748300,2019-12-31,Amgen,,,
2020-01-02 00:00:00,243.0,243.190002441406,238.979995727539,240.100006103515,196.748077392578,2088000,2020-01-02,Amgen,,,
2020-01-03 00:00:00,237.160003662109,240.259994506835,236.240005493164,238.470001220703,195.412414550781,1879000,2020-01-03,Amgen,,,
2020-01-06 00:00:00,237.199996948242,240.449996948242,236.559997558593,240.300003051757,196.911987304687,1802800,2020-01-06,Amgen,,,
2020-01-07 00:00:00,239.309997558593,240.0,237.58999633789,238.039993286132,195.060012817382,1518900,2020-01-07,Amgen,,,
2020-01-08 00:00:00,237.929992675781,239.580001831054,236.610000610351,238.220001220703,195.207580566406,2214700,2020-01-08,Amgen,,,
2020-01-09 00:00:00,239.690002441406,239.690002441406,237.970001220703,238.929992675781,195.789367675781,1629000,2020-01-09,Amgen,,,
2020-01-10 00:00:00,238.679992675781,240.929992675781,237.610000610351,238.259994506835,195.240295410156,1777600,2020-01-10,Amgen,,,
2020-01-13 00:00:00,238.259994506835,238.330001831054,234.789993286132,236.919998168945,194.142211914062,2004400,2020-01-13,Amgen,,,
2020-01-14 00:00:00,235.800003051757,240.679992675781,235.169998168945,240.0,196.666137695312,2239100,2020-01-14,Amgen,,,
2020-01-15 00:00:00,240.669998168945,242.600006103515,240.050003051757,241.699996948242,198.059158325195,1920700,2020-01-15,Amgen,,,
2020-01-16 00:00:00,242.179992675781,243.850006103515,239.850006103515,240.5,197.075866699218,2085700,2020-01-16,Amgen,,,
2020-01-17 00:00:00,242.110000610351,242.139999389648,239.27000427246,241.490005493164,197.887130737304,2582800,2020-01-17,Amgen,,,
2020-01-21 00:00:00,240.970001220703,242.009994506835,237.259994506835,237.600006103515,194.699478149414,3094200,2020-01-21,Amgen,,,
2020-01-22 00:00:00,238.75,239.699996948242,235.759994506835,236.75,194.002944946289,1998200,2020-01-22,Amgen,,,
2020-01-23 00:00:00,237.059997558593,237.059997558593,233.070007324218,235.039993286132,192.601684570312,2088700,2020-01-23,Amgen,,,
2020-01-24 00:00:00,235.800003051757,235.880004882812,224.5,225.58999633789,184.858001708984,5019900,2020-01-24,Amgen,,,
2020-01-27 00:00:00,223.679992675781,224.929992675781,221.169998168945,222.949996948242,182.694641113281,2843600,2020-01-27,Amgen,,,
2020-01-28 00:00:00,223.570007324218,226.699996948242,222.850006103515,224.83999633789,184.243408203125,2103900,2020-01-28,Amgen,,,
2020-01-29 00:00:00,225.5,228.929992675781,225.0,227.149993896484,186.136306762695,2001100,2020-01-29,Amgen,,,
2020-01-30 00:00:00,226.0,226.970001220703,223.309997558593,226.149993896484,185.31687927246,2581600,2020-01-30,Amgen,,,
2020-01-31 00:00:00,218.759994506835,219.080001831054,210.009994506835,216.050003051757,177.040481567382,5968900,2020-01-31,Amgen,,,
2020-02-03 00:00:00,216.389999389648,219.619995117187,215.559997558593,216.880004882812,177.720611572265,2565400,2020-02-03,Amgen,,,
2020-02-04 00:00:00,220.77000427246,223.850006103515,220.479995727539,221.809997558593,181.760482788085,2765300,2020-02-04,Amgen,,,
2020-02-05 00:00:00,223.740005493164,234.639999389648,223.740005493164,231.940002441406,190.061416625976,3669500,2020-02-05,Amgen,,,
2020-02-06 00:00:00,233.720001220703,233.889999389648,229.33999633789,231.449996948242,189.659896850585,2007500,2020-02-06,Amgen,,,
2020-02-07 00:00:00,231.410003662109,232.179992675781,227.669998168945,229.330001831054,187.92268371582,2295100,2020-02-07,Amgen,,,
2020-02-10 00:00:00,228.149993896484,228.960006713867,226.259994506835,227.419998168945,186.357543945312,2144700,2020-02-10,Amgen,,,
2020-02-11 00:00:00,227.699996948242,229.470001220703,226.800003051757,228.960006713867,187.619567871093,1934500,2020-02-11,Amgen,,,
2020-02-12 00:00:00,229.470001220703,230.229995727539,225.880004882812,227.0,186.013397216796,2501300,2020-02-12,Amgen,,,
2020-02-13 00:00:00,224.990005493164,226.52000427246,222.820007324218,223.039993286132,184.065780639648,1946500,2020-02-13,Amgen,,,
2020-02-14 00:00:00,222.929992675781,223.490005493164,221.33999633789,223.479995727539,184.428909301757,1611900,2020-02-14,Amgen,,,
2020-02-18 00:00:00,224.149993896484,224.350006103515,220.919998168945,221.690002441406,182.95166015625,1936400,2020-02-18,Amgen,,,
2020-02-19 00:00:00,222.940002441406,224.050003051757,222.050003051757,222.960006713867,183.999801635742,1322900,2020-02-19,Amgen,,,
2020-02-20 00:00:00,223.199996948242,223.479995727539,218.509994506835,222.139999389648,183.323059082031,1638000,2020-02-20,Amgen,,,
2020-02-21 00:00:00,222.240005493164,223.800003051757,220.990005493164,222.789993286132,183.859451293945,2047500,2020-02-21,Amgen,,,
2020-02-24 00:00:00,219.880004882812,223.990005493164,215.759994506835,217.880004882812,179.807464599609,3049600,2020-02-24,Amgen,,,
2020-02-25 00:00:00,218.080001831054,219.559997558593,209.820007324218,210.380004882812,173.618041992187,3915500,2020-02-25,Amgen,,,
2020-02-26 00:00:00,216.179992675781,216.699996948242,212.02000427246,214.539993286132,177.051071166992,3314000,2020-02-26,Amgen,,,
2020-02-27 00:00:00,214.919998168945,215.279998779296,203.220001220703,203.5,167.940185546875,4071100,2020-02-27,Amgen,,,
2020-02-28 00:00:00,198.050003051757,203.0,195.179992675781,199.729995727539,164.829010009765,5316100,2020-02-28,Amgen,,,
2020-03-02 00:00:00,199.899993896484,212.369995117187,198.710006713867,212.199996948242,175.119979858398,4245700,2020-03-02,Amgen,,,
2020-03-03 00:00:00,210.33999633789,216.160003662109,202.660003662109,204.419998168945,168.699447631835,3975100,2020-03-03,Amgen,,,
2020-03-04 00:00:00,209.529998779296,215.289993286132,207.619995117187,215.110000610351,177.521499633789,3880200,2020-03-04,Amgen,,,
2020-03-05 00:00:00,207.660003662109,216.389999389648,207.580001831054,212.119995117187,175.053939819335,3185400,2020-03-05,Amgen,,,
2020-03-06 00:00:00,203.970001220703,211.610000610351,203.820007324218,210.649993896484,173.8408203125,3100500,2020-03-06,Amgen,,,
2020-03-09 00:00:00,197.740005493164,203.619995117187,190.75,198.369995117187,163.706634521484,4065600,2020-03-09,Amgen,,,
2020-03-10 00:00:00,203.360000610351,207.100006103515,194.669998168945,206.800003051757,170.66355895996,3928700,2020-03-10,Amgen,,,
2020-03-11 00:00:00,201.0,203.919998168945,195.809997558593,198.649993896484,163.937713623046,3777000,2020-03-11,Amgen,,,
2020-03-12 00:00:00,184.630004882812,196.259994506835,181.77000427246,182.240005493164,150.395233154296,4902600,2020-03-12,Amgen,,,
2020-03-13 00:00:00,189.759994506835,203.169998168945,188.52000427246,202.100006103515,166.784851074218,6903900,2020-03-13,Amgen,,,
2020-03-16 00:00:00,184.669998168945,204.720001220703,182.960006713867,188.679992675781,155.709915161132,4932400,2020-03-16,Amgen,,,
2020-03-17 00:00:00,192.210006713867,210.910003662109,191.649993896484,207.800003051757,171.488845825195,5912800,2020-03-17,Amgen,,,
2020-03-18 00:00:00,198.559997558593,210.899993896484,196.740005493164,204.880004882812,169.0791015625,5597900,2020-03-18,Amgen,,,
2020-03-19 00:00:00,201.0,208.75,195.27000427246,198.759994506835,164.028503417968,4796500,2020-03-19,Amgen,,,
2020-03-20 00:00:00,198.889999389648,201.970001220703,186.0,188.25,155.355010986328,5726800,2020-03-20,Amgen,,,
2020-03-23 00:00:00,188.889999389648,191.960006713867,177.050003051757,185.929992675781,153.44041442871,4396600,2020-03-23,Amgen,,,
2020-03-24 00:00:00,191.470001220703,202.850006103515,190.009994506835,202.33999633789,166.98291015625,5288200,2020-03-24,Amgen,,,
2020-03-25 00:00:00,197.77000427246,201.360000610351,190.009994506835,193.139999389648,159.390548706054,5301000,2020-03-25,Amgen,,,
2020-03-26 00:00:00,193.119995117187,199.720001220703,190.5,198.490005493164,163.80564880371,5162200,2020-03-26,Amgen,,,
2020-03-27 00:00:00,194.419998168945,205.869995117187,194.009994506835,198.27000427246,163.624130249023,4119600,2020-03-27,Amgen,,,
2020-03-30 00:00:00,200.050003051757,209.449996948242,200.050003051757,208.479995727539,172.050033569335,3219000,2020-03-30,Amgen,,,
2020-03-31 00:00:00,203.490005493164,207.25,200.699996948242,202.729995727539,167.304763793945,2929000,2020-03-31,Amgen,,,
2020-04-01 00:00:00,197.559997558593,201.380004882812,194.990005493164,197.809997558593,163.244506835937,2747900,2020-04-01,Amgen,,,
2020-04-02 00:00:00,194.410003662109,209.529998779296,194.210006713867,208.880004882812,172.380096435546,3867300,2020-04-02,Amgen,,,
2020-04-03 00:00:00,207.429992675781,209.75,203.029998779296,205.410003662109,169.516479492187,2281400,2020-04-03,Amgen,,,
2020-04-06 00:00:00,212.0,212.710006713867,206.850006103515,211.580001831054,174.608322143554,3702100,2020-04-06,Amgen,,,
2020-04-07 00:00:00,213.449996948242,215.179992675781,207.330001831054,208.779998779296,172.297592163085,2447500,2020-04-07,Amgen,,,
2020-04-08 00:00:00,208.899993896484,219.820007324218,207.33999633789,219.190002441406,180.888565063476,2861500,2020-04-08,Amgen,,,
2020-04-09 00:00:00,217.399993896484,219.350006103515,215.699996948242,218.210006713867,180.079803466796,2503300,2020-04-09,Amgen,,,
2020-04-13 00:00:00,216.979995727539,219.179992675781,215.149993896484,218.27000427246,180.129302978515,2168000,2020-04-13,Amgen,,,
2020-04-14 00:00:00,221.009994506835,228.320007324218,220.25,226.800003051757,187.168762207031,3029000,2020-04-14,Amgen,,,
2020-04-15 00:00:00,224.990005493164,225.509994506835,219.309997558593,221.800003051757,183.04248046875,3107000,2020-04-15,Amgen,,,
2020-04-16 00:00:00,225.0,232.100006103515,223.220001220703,230.899993896484,190.552352905273,2617300,2020-04-16,Amgen,,,
2020-04-17 00:00:00,236.830001831054,236.990005493164,229.220001220703,234.970001220703,193.911148071289,2864200,2020-04-17,Amgen,,,
2020-04-20 00:00:00,234.199996948242,239.559997558593,232.389999389648,236.600006103515,195.256271362304,2824000,2020-04-20,Amgen,,,
2020-04-21 00:00:00,235.0,235.77000427246,229.0,230.75,190.428512573242,2672900,2020-04-21,Amgen,,,
2020-04-22 00:00:00,233.350006103515,234.0,227.58999633789,229.289993286132,189.223648071289,2845100,2020-04-22,Amgen,,,
2020-04-23 00:00:00,229.08999633789,235.649993896484,228.880004882812,232.490005493164,191.864486694335,3226400,2020-04-23,Amgen,,,
2020-04-24 00:00:00,234.039993286132,236.929992675781,230.800003051757,236.279998779296,194.992202758789,1946200,2020-04-24,Amgen,,,
2020-04-27 00:00:00,236.630004882812,243.0,235.0,242.429992675781,200.067565917968,2472600,2020-04-27,Amgen,,,
2020-04-28 00:00:00,243.0,244.949996948242,236.860000610351,237.669998168945,196.13931274414,2548900,2020-04-28,Amgen,,,
2020-04-29 00:00:00,238.899993896484,239.309997558593,235.240005493164,235.690002441406,194.505310058593,3365100,2020-04-29,Amgen,,,
2020-04-30 00:00:00,236.02000427246,240.070007324218,231.910003662109,239.220001220703,197.418487548828,5704500,2020-04-30,Amgen,,,
2020-05-01 00:00:00,233.0,237.050003051757,228.0,230.979995727539,190.618362426757,3045400,2020-05-01,Amgen,,,
2020-05-04 00:00:00,232.440002441406,232.919998168945,228.100006103515,230.910003662109,190.560562133789,2035800,2020-05-04,Amgen,,,
2020-05-05 00:00:00,231.279998779296,237.979995727539,229.169998168945,236.360000610351,195.058227539062,1975500,2020-05-05,Amgen,,,
2020-05-06 00:00:00,237.309997558593,239.679992675781,235.690002441406,236.58999633789,195.248062133789,1980500,2020-05-06,Amgen,,,
2020-05-07 00:00:00,236.899993896484,237.970001220703,232.100006103515,233.330001831054,192.557678222656,2451200,2020-05-07,Amgen,,,
2020-05-08 00:00:00,234.949996948242,235.729995727539,231.600006103515,234.820007324218,193.787353515625,1534300,2020-05-08,Amgen,,,
2020-05-11 00:00:00,233.070007324218,243.490005493164,232.509994506835,242.740005493164,200.32339477539,2163700,2020-05-11,Amgen,,,
2020-05-12 00:00:00,242.679992675781,244.5,237.050003051757,237.210006713867,195.759689331054,2241000,2020-05-12,Amgen,,,
2020-05-13 00:00:00,235.220001220703,243.940002441406,235.220001220703,236.830001831054,195.446136474609,2292700,2020-05-13,Amgen,,,
2020-05-14 00:00:00,235.949996948242,238.970001220703,233.800003051757,237.979995727539,196.39517211914,3322700,2020-05-14,Amgen,,,
2020-05-15 00:00:00,234.429992675781,240.429992675781,233.889999389648,240.199996948242,199.568969726562,3111500,2020-05-15,Amgen,,,
2020-05-18 00:00:00,243.660003662109,244.389999389648,231.800003051757,233.190002441406,193.744750976562,5631400,2020-05-18,Amgen,,,
2020-05-19 00:00:00,232.639999389648,233.440002441406,227.169998168945,227.429992675781,188.959091186523,3835800,2020-05-19,Amgen,,,
2020-05-20 00:00:00,229.27000427246,230.119995117187,225.639999389648,227.869995117187,189.324661254882,3714600,2020-05-20,Amgen,,,
2020-05-21 00:00:00,228.110000610351,228.240005493164,224.0,224.779998779296,186.757339477539,2377500,2020-05-21,Amgen,,,
2020-05-22 00:00:00,224.169998168945,226.77000427246,223.610000610351,226.429992675781,188.12825012207,2334300,2020-05-22,Amgen,,,
2020-05-26 00:00:00,227.529998779296,228.350006103515,221.729995727539,222.399993896484,184.77993774414,2397800,2020-05-26,Amgen,,,
2020-05-27 00:00:00,222.320007324218,225.130004882812,217.470001220703,224.809997558593,186.782287597656,2932100,2020-05-27,Amgen,,,
2020-05-28 00:00:00,226.259994506835,226.619995117187,222.25,224.130004882812,186.217315673828,2591000,2020-05-28,Amgen,,,
2020-05-29 00:00:00,225.0,230.570007324218,222.059997558593,229.699996948242,190.845077514648,4251200,2020-05-29,Amgen,,,
2020-06-01 00:00:00,228.889999389648,230.539993286132,225.710006713867,226.910003662109,188.527038574218,1816700,2020-06-01,Amgen,,,
2020-06-02 00:00:00,225.800003051757,226.360000610351,222.580001831054,223.720001220703,185.876632690429,3198900,2020-06-02,Amgen,,,
2020-06-03 00:00:00,223.490005493164,224.289993286132,218.25,221.0,183.616775512695,3660500,2020-06-03,Amgen,,,
2020-06-04 00:00:00,220.77000427246,223.449996948242,219.210006713867,220.880004882812,183.51708984375,2392800,2020-06-04,Amgen,,,
2020-06-05 00:00:00,219.699996948242,225.949996948242,218.199996948242,225.669998168945,187.496765136718,3714600,2020-06-05,Amgen,,,
2020-06-08 00:00:00,223.27000427246,226.25,221.75,225.75,187.563278198242,2270500,2020-06-08,Amgen,,,
2020-06-09 00:00:00,226.0,228.309997558593,224.570007324218,224.899993896484,186.857070922851,2403600,2020-06-09,Amgen,,,
2020-06-10 00:00:00,226.679992675781,229.490005493164,225.52000427246,227.119995117187,188.701522827148,2851300,2020-06-10,Amgen,,,
2020-06-11 00:00:00,228.059997558593,229.779998779296,218.669998168945,218.899993896484,181.871994018554,3900700,2020-06-11,Amgen,,,
2020-06-12 00:00:00,221.100006103515,222.350006103515,214.199996948242,217.899993896484,181.041122436523,2426600,2020-06-12,Amgen,,,
2020-06-15 00:00:00,215.809997558593,221.0,213.860000610351,219.779998779296,182.603118896484,2471800,2020-06-15,Amgen,,,
2020-06-16 00:00:00,222.830001831054,228.880004882812,222.619995117187,226.869995117187,188.49380493164,2581600,2020-06-16,Amgen,,,
2020-06-17 00:00:00,228.539993286132,228.809997558593,224.529998779296,225.970001220703,187.746063232421,2751100,2020-06-17,Amgen,,,
2020-06-18 00:00:00,226.860000610351,231.479995727539,225.679992675781,230.320007324218,191.360229492187,2469800,2020-06-18,Amgen,,,
2020-06-19 00:00:00,233.380004882812,239.070007324218,231.309997558593,238.699996948242,198.322723388671,5319500,2020-06-19,Amgen,,,
2020-06-22 00:00:00,236.309997558593,237.649993896484,233.059997558593,234.190002441406,194.575592041015,2337000,2020-06-22,Amgen,,,
2020-06-23 00:00:00,234.869995117187,239.169998168945,233.440002441406,235.75,195.871704101562,2171500,2020-06-23,Amgen,,,
2020-06-24 00:00:00,235.210006713867,237.0,231.399993896484,232.509994506835,193.179809570312,1972900,2020-06-24,Amgen,,,
2020-06-25 00:00:00,231.5,235.440002441406,230.389999389648,235.110000610351,195.339965820312,2080300,2020-06-25,Amgen,,,
2020-06-26 00:00:00,235.369995117187,236.860000610351,231.820007324218,232.83999633789,193.453948974609,3613300,2020-06-26,Amgen,,,
2020-06-29 00:00:00,233.399993896484,234.139999389648,229.979995727539,231.559997558593,192.390487670898,1938000,2020-06-29,Amgen,,,
2020-06-30 00:00:00,233.309997558593,237.320007324218,231.800003051757,235.860000610351,195.963088989257,2589000,2020-06-30,Amgen,,,
2020-07-01 00:00:00,235.52000427246,256.230010986328,232.580001831054,255.119995117187,211.965209960937,6575800,2020-07-01,Amgen,,,
2020-07-02 00:00:00,252.869995117187,261.459991455078,252.869995117187,258.239990234375,214.557418823242,3338000,2020-07-02,Amgen,,,
2020-07-06 00:00:00,260.029998779296,264.970001220703,253.899993896484,256.25,212.904037475585,3460400,2020-07-06,Amgen,,,
2020-07-07 00:00:00,253.600006103515,258.910003662109,252.08999633789,253.149993896484,210.328430175781,2365900,2020-07-07,Amgen,,,
2020-07-08 00:00:00,253.149993896484,253.979995727539,249.25,251.58999633789,209.032318115234,1993700,2020-07-08,Amgen,,,
2020-07-09 00:00:00,250.25,253.830001831054,248.83999633789,251.660003662109,209.090469360351,1739600,2020-07-09,Amgen,,,
2020-07-10 00:00:00,250.649993896484,251.570007324218,247.070007324218,249.039993286132,206.913635253906,1326100,2020-07-10,Amgen,,,
2020-07-13 00:00:00,249.830001831054,255.429992675781,249.279998779296,250.039993286132,207.744506835937,2528100,2020-07-13,Amgen,,,
2020-07-14 00:00:00,242.759994506835,253.789993286132,240.479995727539,253.08999633789,210.278564453125,2368300,2020-07-14,Amgen,,,
2020-07-15 00:00:00,254.570007324218,254.570007324218,250.77000427246,253.309997558593,210.461349487304,1650100,2020-07-15,Amgen,,,
2020-07-16 00:00:00,252.059997558593,255.289993286132,249.919998168945,255.199996948242,212.031631469726,1530900,2020-07-16,Amgen,,,
2020-07-17 00:00:00,256.700012207031,259.950012207031,254.759994506835,258.459991455078,214.74021911621,2044800,2020-07-17,Amgen,,,
2020-07-20 00:00:00,260.079986572265,262.820007324218,258.320007324218,260.950012207031,216.809020996093,1497400,2020-07-20,Amgen,,,
2020-07-21 00:00:00,258.619995117187,260.029998779296,257.279998779296,257.910003662109,214.283233642578,1821600,2020-07-21,Amgen,,,
2020-07-22 00:00:00,259.790008544921,260.0,255.800003051757,256.980010986328,213.510604858398,1598100,2020-07-22,Amgen,,,
2020-07-23 00:00:00,259.540008544921,260.0,251.600006103515,252.240005493164,209.572357177734,2532000,2020-07-23,Amgen,,,
2020-07-24 00:00:00,251.259994506835,251.830001831054,245.5,247.979995727539,206.032958984375,2187900,2020-07-24,Amgen,,,
2020-07-27 00:00:00,247.300003051757,255.100006103515,247.029998779296,253.649993896484,210.743850708007,2155700,2020-07-27,Amgen,,,
2020-07-28 00:00:00,254.460006713867,258.399993896484,253.77000427246,255.27000427246,212.08982849121,2266600,2020-07-28,Amgen,,,
2020-07-29 00:00:00,250.399993896484,252.850006103515,245.740005493164,248.850006103515,206.755828857421,3286700,2020-07-29,Amgen,,,
2020-07-30 00:00:00,246.399993896484,247.820007324218,245.199996948242,246.139999389648,204.504196166992,1967400,2020-07-30,Amgen,,,
2020-07-31 00:00:00,245.630004882812,246.100006103515,239.389999389648,244.669998168945,203.282852172851,2830100,2020-07-31,Amgen,,,
2020-08-03 00:00:00,244.850006103515,249.02000427246,244.529998779296,247.360000610351,205.517852783203,1853900,2020-08-03,Amgen,,,
2020-08-04 00:00:00,245.970001220703,246.169998168945,241.33999633789,243.58999633789,202.385604858398,1912100,2020-08-04,Amgen,,,
2020-08-05 00:00:00,243.910003662109,245.410003662109,240.800003051757,241.470001220703,200.624160766601,1736400,2020-08-05,Amgen,,,
2020-08-06 00:00:00,240.850006103515,242.199996948242,239.110000610351,241.550003051757,200.690628051757,1747000,2020-08-06,Amgen,,,
2020-08-07 00:00:00,243.580001831054,243.619995117187,238.570007324218,240.690002441406,199.976104736328,1352300,2020-08-07,Amgen,,,
2020-08-10 00:00:00,240.259994506835,240.669998168945,236.210006713867,238.169998168945,197.882415771484,1533200,2020-08-10,Amgen,,,
2020-08-11 00:00:00,238.179992675781,238.899993896484,234.360000610351,234.649993896484,194.957748413085,2296200,2020-08-11,Amgen,,,
2020-08-12 00:00:00,234.690002441406,243.0,234.690002441406,241.720001220703,200.831893920898,2325500,2020-08-12,Amgen,,,
2020-08-13 00:00:00,241.309997558593,242.77000427246,239.610000610351,240.460006713867,199.785003662109,1362800,2020-08-13,Amgen,,,
2020-08-14 00:00:00,239.210006713867,240.059997558593,238.619995117187,239.710006713867,200.495956420898,1225000,2020-08-14,Amgen,,,
2020-08-17 00:00:00,240.210006713867,244.740005493164,240.210006713867,243.009994506835,203.256134033203,1697500,2020-08-17,Amgen,,,
2020-08-18 00:00:00,243.52000427246,244.309997558593,240.02000427246,241.5,201.993118286132,1123800,2020-08-18,Amgen,,,
2020-08-19 00:00:00,241.02000427246,243.729995727539,238.5,240.490005493164,201.148361206054,1900500,2020-08-19,Amgen,,,
2020-08-20 00:00:00,240.130004882812,240.690002441406,237.300003051757,238.729995727539,199.676315307617,1172800,2020-08-20,Amgen,,,
2020-08-21 00:00:00,238.880004882812,238.880004882812,235.509994506835,237.639999389648,198.764572143554,1959900,2020-08-21,Amgen,,,
2020-08-24 00:00:00,237.729995727539,238.440002441406,233.559997558593,235.570007324218,197.033203125,1565300,2020-08-24,Amgen,,,
2020-08-25 00:00:00,242.899993896484,249.960006713867,240.800003051757,248.220001220703,207.613815307617,6392100,2020-08-25,Amgen,,,
2020-08-26 00:00:00,248.330001831054,251.380004882812,245.759994506835,250.179992675781,209.253204345703,3125000,2020-08-26,Amgen,,,
2020-08-27 00:00:00,252.240005493164,256.910003662109,250.410003662109,252.809997558593,211.452911376953,3928300,2020-08-27,Amgen,,,
2020-08-28 00:00:00,253.399993896484,254.139999389648,247.789993286132,253.119995117187,211.712219238281,12838400,2020-08-28,Amgen,,,
2020-08-31 00:00:00,252.929992675781,256.049987792968,250.100006103515,253.320007324218,211.879486083984,4053900,2020-08-31,Amgen,,,
2020-09-01 00:00:00,250.050003051757,252.039993286132,248.679992675781,250.860000610351,209.821945190429,2869000,2020-09-01,Amgen,,,
2020-09-02 00:00:00,251.220001220703,258.799987792968,251.220001220703,258.119995117187,215.894302368164,2871600,2020-09-02,Amgen,,,
2020-09-03 00:00:00,259.290008544921,260.059997558593,246.350006103515,247.910003662109,207.354507446289,3137700,2020-09-03,Amgen,,,
2020-09-04 00:00:00,251.330001831054,252.27000427246,244.580001831054,248.399993896484,207.764343261718,2910200,2020-09-04,Amgen,,,
2020-09-08 00:00:00,246.229995727539,246.990005493164,239.529998779296,241.179992675781,201.725479125976,3358600,2020-09-08,Amgen,,,
2020-09-09 00:00:00,242.639999389648,247.490005493164,241.820007324218,245.570007324218,205.39729309082,2244300,2020-09-09,Amgen,,,
2020-09-10 00:00:00,244.559997558593,246.139999389648,238.899993896484,240.639999389648,201.273818969726,2126400,2020-09-10,Amgen,,,
2020-09-11 00:00:00,241.699996948242,245.490005493164,241.070007324218,243.210006713867,203.423370361328,1899400,2020-09-11,Amgen,,,
2020-09-14 00:00:00,244.83999633789,247.83999633789,244.25,246.75,206.38427734375,2086500,2020-09-14,Amgen,,,
2020-09-15 00:00:00,248.699996948242,251.919998168945,248.100006103515,248.350006103515,207.722564697265,2243900,2020-09-15,Amgen,,,
2020-09-16 00:00:00,251.350006103515,251.350006103515,247.0,247.759994506835,207.229034423828,2325300,2020-09-16,Amgen,,,
2020-09-17 00:00:00,243.529998779296,249.720001220703,243.02000427246,248.080001831054,207.49673461914,2801100,2020-09-17,Amgen,,,
2020-09-18 00:00:00,248.690002441406,249.83999633789,242.350006103515,247.720001220703,207.195602416992,6042400,2020-09-18,Amgen,,,
2020-09-21 00:00:00,247.039993286132,247.039993286132,238.199996948242,243.190002441406,203.406646728515,2745300,2020-09-21,Amgen,,,
2020-09-22 00:00:00,241.550003051757,248.289993286132,240.899993896484,247.5,207.011581420898,2172600,2020-09-22,Amgen,,,
2020-09-23 00:00:00,247.300003051757,249.229995727539,241.479995727539,242.58999633789,202.904830932617,2104300,2020-09-23,Amgen,,,
2020-09-24 00:00:00,242.149993896484,242.679992675781,237.779998779296,240.320007324218,201.006210327148,1827200,2020-09-24,Amgen,,,
2020-09-25 00:00:00,239.509994506835,244.179992675781,237.809997558593,243.820007324218,203.93359375,2635700,2020-09-25,Amgen,,,
2020-09-28 00:00:00,247.679992675781,249.039993286132,244.77000427246,247.029998779296,206.618453979492,2213900,2020-09-28,Amgen,,,
2020-09-29 00:00:00,247.550003051757,249.050003051757,245.479995727539,248.300003051757,207.680709838867,2008000,2020-09-29,Amgen,,,
2020-09-30 00:00:00,249.809997558593,256.119995117187,248.100006103515,254.160003662109,212.582092285156,3526600,2020-09-30,Amgen,,,
2020-10-01 00:00:00,255.070007324218,258.510009765625,254.050003051757,255.389999389648,213.610900878906,2428300,2020-10-01,Amgen,,,
2020-10-02 00:00:00,252.399993896484,254.660003662109,244.009994506835,245.410003662109,205.26350402832,2514100,2020-10-02,Amgen,,,
2020-10-05 00:00:00,246.52000427246,256.649993896484,246.240005493164,256.010009765625,214.129440307617,2852300,2020-10-05,Amgen,,,
2020-10-06 00:00:00,257.399993896484,257.399993896484,252.139999389648,252.690002441406,211.3525390625,2431400,2020-10-06,Amgen,,,
2020-10-07 00:00:00,253.960006713867,258.399993896484,253.100006103515,257.670013427734,215.517868041992,1842800,2020-10-07,Amgen,,,
2020-10-08 00:00:00,249.27000427246,250.059997558593,239.0,240.08999633789,200.813781738281,5592300,2020-10-08,Amgen,,,
2020-10-09 00:00:00,238.5,239.580001831054,234.02000427246,236.699996948242,197.978332519531,4183000,2020-10-09,Amgen,,,
2020-10-12 00:00:00,237.729995727539,241.919998168945,235.759994506835,239.509994506835,200.328659057617,2881600,2020-10-12,Amgen,,,
2020-10-13 00:00:00,239.199996948242,241.869995117187,238.869995117187,239.33999633789,200.18650817871,2065600,2020-10-13,Amgen,,,
2020-10-14 00:00:00,240.399993896484,242.27000427246,237.199996948242,237.649993896484,198.772964477539,2693600,2020-10-14,Amgen,,,
2020-10-15 00:00:00,236.0,236.990005493164,232.869995117187,235.009994506835,196.564819335937,2531000,2020-10-15,Amgen,,,
2020-10-16 00:00:00,235.350006103515,239.160003662109,233.800003051757,235.720001220703,197.158660888671,2059300,2020-10-16,Amgen,,,
2020-10-19 00:00:00,236.210006713867,237.440002441406,230.009994506835,230.710006713867,192.968276977539,2749800,2020-10-19,Amgen,,,
2020-10-20 00:00:00,231.059997558593,232.899993896484,229.360000610351,231.100006103515,193.294464111328,1950100,2020-10-20,Amgen,,,
2020-10-21 00:00:00,229.460006713867,231.110000610351,227.539993286132,228.970001220703,191.512908935546,1978700,2020-10-21,Amgen,,,
2020-10-22 00:00:00,228.100006103515,229.929992675781,226.160003662109,227.979995727539,190.684844970703,2172900,2020-10-22,Amgen,,,
2020-10-23 00:00:00,228.720001220703,230.070007324218,226.300003051757,227.160003662109,189.998977661132,2104200,2020-10-23,Amgen,,,
2020-10-26 00:00:00,226.02000427246,228.229995727539,221.789993286132,224.889999389648,188.100357055664,3087100,2020-10-26,Amgen,,,
2020-10-27 00:00:00,225.059997558593,225.949996948242,223.139999389648,223.460006713867,186.90428161621,1934400,2020-10-27,Amgen,,,
2020-10-28 00:00:00,219.02000427246,221.059997558593,215.929992675781,216.380004882812,180.982528686523,2874000,2020-10-28,Amgen,,,
2020-10-29 00:00:00,213.630004882812,220.330001831054,210.279998779296,217.820007324218,182.186935424804,2994100,2020-10-29,Amgen,,,
2020-10-30 00:00:00,216.220001220703,217.27000427246,213.960006713867,216.940002441406,181.450881958007,3262500,2020-10-30,Amgen,,,
2020-11-02 00:00:00,221.559997558593,222.369995117187,217.199996948242,220.210006713867,184.185958862304,2029000,2020-11-02,Amgen,,,
2020-11-03 00:00:00,221.759994506835,223.080001831054,218.460006713867,220.059997558593,184.060501098632,2533600,2020-11-03,Amgen,,,
2020-11-04 00:00:00,226.289993286132,235.979995727539,225.100006103515,230.330001831054,192.650436401367,3810000,2020-11-04,Amgen,,,
2020-11-05 00:00:00,233.77000427246,233.830001831054,230.0,231.970001220703,194.022109985351,2070300,2020-11-05,Amgen,,,
2020-11-06 00:00:00,232.660003662109,233.210006713867,230.039993286132,231.669998168945,193.771209716796,2028500,2020-11-06,Amgen,,,
2020-11-09 00:00:00,242.940002441406,244.800003051757,234.0,235.0,196.55647277832,2996200,2020-11-09,Amgen,,,
2020-11-10 00:00:00,244.0,245.83999633789,239.470001220703,241.600006103515,202.076751708984,3742800,2020-11-10,Amgen,,,
2020-11-11 00:00:00,242.52000427246,245.669998168945,238.5,240.690002441406,201.315628051757,2244800,2020-11-11,Amgen,,,
2020-11-12 00:00:00,240.550003051757,240.889999389648,235.639999389648,237.139999389648,198.346389770507,2438200,2020-11-12,Amgen,,,
2020-11-13 00:00:00,236.889999389648,238.58999633789,235.0,237.360000610351,199.878967285156,1767100,2020-11-13,Amgen,,,
2020-11-16 00:00:00,237.419998168945,239.820007324218,235.259994506835,236.660003662109,199.289505004882,2069200,2020-11-16,Amgen,,,
2020-11-17 00:00:00,235.009994506835,236.929992675781,232.119995117187,232.440002441406,195.735885620117,1935100,2020-11-17,Amgen,,,
2020-11-18 00:00:00,234.050003051757,234.369995117187,227.639999389648,227.759994506835,191.794921875,2466200,2020-11-18,Amgen,,,
2020-11-19 00:00:00,226.970001220703,226.970001220703,223.58999633789,224.669998168945,189.192840576171,2595700,2020-11-19,Amgen,,,
2020-11-20 00:00:00,223.220001220703,225.08999633789,221.479995727539,223.169998168945,187.929702758789,2956200,2020-11-20,Amgen,,,
2020-11-23 00:00:00,222.059997558593,223.169998168945,220.33999633789,222.220001220703,187.129669189453,2032600,2020-11-23,Amgen,,,
2020-11-24 00:00:00,222.449996948242,223.050003051757,219.820007324218,220.460006713867,185.64761352539,3198300,2020-11-24,Amgen,,,
2020-11-25 00:00:00,221.100006103515,223.77000427246,218.919998168945,220.309997558593,185.521301269531,2550300,2020-11-25,Amgen,,,
2020-11-27 00:00:00,221.410003662109,226.210006713867,221.389999389648,224.809997558593,189.310714721679,1698300,2020-11-27,Amgen,,,
2020-11-30 00:00:00,224.330001831054,225.279998779296,219.449996948242,222.039993286132,186.978118896484,4857700,2020-11-30,Amgen,,,
2020-12-01 00:00:00,224.880004882812,225.779998779296,222.720001220703,225.080001831054,189.538116455078,3050600,2020-12-01,Amgen,,,
2020-12-02 00:00:00,225.080001831054,230.080001831054,224.610000610351,226.559997558593,190.784393310546,2641200,2020-12-02,Amgen,,,
2020-12-03 00:00:00,226.0,228.449996948242,225.52000427246,226.910003662109,191.079116821289,2167800,2020-12-03,Amgen,,,
2020-12-04 00:00:00,225.75,230.330001831054,225.75,229.210006713867,193.01594543457,2008800,2020-12-04,Amgen,,,
2020-12-07 00:00:00,229.0,229.210006713867,225.110000610351,226.449996948242,190.691741943359,2250300,2020-12-07,Amgen,,,
2020-12-08 00:00:00,229.009994506835,229.100006103515,226.350006103515,228.940002441406,192.78857421875,2124500,2020-12-08,Amgen,,,
2020-12-09 00:00:00,229.779998779296,231.58999633789,227.880004882812,229.850006103515,193.554855346679,2210000,2020-12-09,Amgen,,,
2020-12-10 00:00:00,229.619995117187,230.0,227.52000427246,228.160003662109,192.131698608398,1558100,2020-12-10,Amgen,,,
2020-12-11 00:00:00,226.470001220703,227.800003051757,225.5,227.399993896484,191.491729736328,2019300,2020-12-11,Amgen,,,
2020-12-14 00:00:00,229.479995727539,232.190002441406,227.580001831054,229.460006713867,193.226440429687,2904700,2020-12-14,Amgen,,,
2020-12-15 00:00:00,229.009994506835,231.279998779296,227.0,230.529998779296,194.127487182617,2566600,2020-12-15,Amgen,,,
2020-12-16 00:00:00,229.990005493164,231.279998779296,228.110000610351,228.440002441406,192.367553710937,2589100,2020-12-16,Amgen,,,
2020-12-17 00:00:00,229.119995117187,231.380004882812,228.830001831054,231.240005493164,194.725372314453,2510400,2020-12-17,Amgen,,,
2020-12-18 00:00:00,232.039993286132,232.039993286132,227.25,228.490005493164,192.409622192382,5888900,2020-12-18,Amgen,,,
2020-12-21 00:00:00,225.679992675781,227.940002441406,221.580001831054,227.309997558593,191.415954589843,2311400,2020-12-21,Amgen,,,
2020-12-22 00:00:00,225.720001220703,226.479995727539,220.080001831054,220.990005493164,186.093933105468,3571600,2020-12-22,Amgen,,,
2020-12-23 00:00:00,221.479995727539,223.580001831054,220.660003662109,222.940002441406,187.736007690429,1763500,2020-12-23,Amgen,,,
2020-12-24 00:00:00,223.240005493164,224.580001831054,222.289993286132,222.929992675781,187.7275390625,955400,2020-12-24,Amgen,,,
2020-12-28 00:00:00,223.029998779296,226.899993896484,223.029998779296,223.649993896484,188.333877563476,1495100,2020-12-28,Amgen,,,
2020-12-29 00:00:00,225.880004882812,229.470001220703,225.27000427246,226.869995117187,191.045440673828,1564400,2020-12-29,Amgen,,,
2020-12-30 00:00:00,227.979995727539,229.029998779296,226.580001831054,227.169998168945,191.298095703125,1891400,2020-12-30,Amgen,,,
2020-12-31 00:00:00,227.309997558593,230.25,225.889999389648,229.919998168945,193.613845825195,1821000,2020-12-31,Amgen,,,
2021-01-04 00:00:00,231.25,231.25,223.669998168945,226.660003662109,190.868576049804,3088200,2021-01-04,Amgen,,,
2021-01-05 00:00:00,226.940002441406,228.899993896484,224.350006103515,227.759994506835,191.794921875,2494000,2021-01-05,Amgen,,,
2021-01-06 00:00:00,225.0,233.529998779296,225.0,233.25,196.417984008789,3754800,2021-01-06,Amgen,,,
2021-01-07 00:00:00,231.860000610351,235.369995117187,231.470001220703,234.02000427246,197.066421508789,2647800,2021-01-07,Amgen,,,
2021-01-08 00:00:00,235.529998779296,238.860000610351,235.100006103515,238.490005493164,200.830535888671,2511100,2021-01-08,Amgen,,,
2021-01-11 00:00:00,240.0,240.350006103515,234.429992675781,237.570007324218,200.05581665039,2600500,2021-01-11,Amgen,,,
2021-01-12 00:00:00,237.119995117187,238.779998779296,235.350006103515,236.58999633789,199.230560302734,1771500,2021-01-12,Amgen,,,
2021-01-13 00:00:00,235.990005493164,238.5,235.220001220703,237.740005493164,200.198974609375,1412300,2021-01-13,Amgen,,,
2021-01-14 00:00:00,236.5,243.490005493164,235.679992675781,241.660003662109,203.499969482421,2594000,2021-01-14,Amgen,,,
2021-01-15 00:00:00,241.179992675781,246.83999633789,240.02000427246,245.490005493164,206.725219726562,2855200,2021-01-15,Amgen,,,
2021-01-19 00:00:00,246.5,249.0,246.380004882812,248.27000427246,209.066207885742,2172900,2021-01-19,Amgen,,,
2021-01-20 00:00:00,247.419998168945,253.350006103515,246.119995117187,252.360000610351,212.510360717773,2768200,2021-01-20,Amgen,,,
2021-01-21 00:00:00,252.0,252.729995727539,249.52000427246,252.029998779296,212.232498168945,2215900,2021-01-21,Amgen,,,
2021-01-22 00:00:00,252.259994506835,255.229995727539,250.559997558593,253.5,213.470336914062,1866600,2021-01-22,Amgen,,,
2021-01-25 00:00:00,252.050003051757,257.109985351562,251.850006103515,257.100006103515,216.501876831054,1830700,2021-01-25,Amgen,,,
2021-01-26 00:00:00,256.58999633789,259.070007324218,254.860000610351,258.600006103515,217.765045166015,2008900,2021-01-26,Amgen,,,
2021-01-27 00:00:00,255.470001220703,259.440002441406,250.320007324218,251.059997558593,211.415603637695,3237900,2021-01-27,Amgen,,,
2021-01-28 00:00:00,252.479995727539,276.690002441406,243.449996948242,247.75,208.628295898437,5205600,2021-01-28,Amgen,,,
2021-01-29 00:00:00,244.929992675781,246.470001220703,240.25,241.429992675781,203.306289672851,3792800,2021-01-29,Amgen,,,
2021-02-01 00:00:00,244.300003051757,245.479995727539,239.580001831054,240.429992675781,202.464172363281,2173500,2021-02-01,Amgen,,,
2021-02-02 00:00:00,240.0,241.949996948242,236.800003051757,240.490005493164,202.514724731445,2444200,2021-02-02,Amgen,,,
2021-02-03 00:00:00,231.559997558593,239.869995117187,231.389999389648,237.080001831054,199.643173217773,4479200,2021-02-03,Amgen,,,
2021-02-04 00:00:00,236.279998779296,237.860000610351,233.75,237.220001220703,199.761047363281,2819700,2021-02-04,Amgen,,,
2021-02-05 00:00:00,238.309997558593,238.880004882812,235.380004882812,236.320007324218,199.003189086914,2421800,2021-02-05,Amgen,,,
2021-02-08 00:00:00,237.990005493164,239.630004882812,235.850006103515,237.570007324218,200.05581665039,2258200,2021-02-08,Amgen,,,
2021-02-09 00:00:00,237.279998779296,237.669998168945,234.789993286132,236.649993896484,199.281097412109,1996500,2021-02-09,Amgen,,,
2021-02-10 00:00:00,238.399993896484,240.300003051757,236.699996948242,238.460006713867,200.805282592773,2964400,2021-02-10,Amgen,,,
2021-02-11 00:00:00,238.639999389648,239.130004882812,233.990005493164,235.039993286132,199.397018432617,1633900,2021-02-11,Amgen,,,
2021-02-12 00:00:00,235.039993286132,237.350006103515,233.490005493164,237.210006713867,201.237960815429,1460300,2021-02-12,Amgen,,,
2021-02-16 00:00:00,236.009994506835,237.690002441406,232.529998779296,232.83999633789,197.530654907226,2018100,2021-02-16,Amgen,,,
2021-02-17 00:00:00,232.330001831054,235.83999633789,231.240005493164,235.610000610351,199.880569458007,1575400,2021-02-17,Amgen,,,
2021-02-18 00:00:00,235.429992675781,235.429992675781,232.300003051757,232.529998779296,197.267669677734,1945300,2021-02-18,Amgen,,,
2021-02-19 00:00:00,232.009994506835,233.149993896484,230.850006103515,231.690002441406,196.55500793457,2471500,2021-02-19,Amgen,,,
2021-02-22 00:00:00,230.330001831054,233.800003051757,230.119995117187,231.470001220703,196.368392944335,2334800,2021-02-22,Amgen,,,
2021-02-23 00:00:00,232.649993896484,238.0,230.970001220703,232.460006713867,197.208251953125,2919200,2021-02-23,Amgen,,,
2021-02-24 00:00:00,229.869995117187,230.789993286132,227.710006713867,229.990005493164,195.112854003906,2690500,2021-02-24,Amgen,,,
2021-02-25 00:00:00,229.990005493164,230.5,226.899993896484,227.52000427246,193.01741027832,2769200,2021-02-25,Amgen,,,
2021-02-26 00:00:00,230.309997558593,230.309997558593,223.619995117187,224.919998168945,190.811691284179,3453500,2021-02-26,Amgen,,,
2021-03-01 00:00:00,225.880004882812,227.929992675781,225.229995727539,227.039993286132,192.610198974609,2178100,2021-03-01,Amgen,,,
2021-03-02 00:00:00,227.0,227.889999389648,225.279998779296,225.690002441406,191.464889526367,2407500,2021-03-02,Amgen,,,
2021-03-03 00:00:00,223.52000427246,225.690002441406,221.309997558593,223.940002441406,189.98030090332,2610600,2021-03-03,Amgen,,,
2021-03-04 00:00:00,227.820007324218,227.869995117187,220.25,221.910003662109,188.258117675781,3577000,2021-03-04,Amgen,,,
2021-03-05 00:00:00,222.449996948242,228.149993896484,221.449996948242,227.729995727539,193.195556640625,3021300,2021-03-05,Amgen,,,
2021-03-08 00:00:00,228.080001831054,232.199996948242,226.699996948242,227.809997558593,193.263397216796,3101000,2021-03-08,Amgen,,,
2021-03-09 00:00:00,230.0,233.119995117187,228.779998779296,228.990005493164,194.264465332031,3057300,2021-03-09,Amgen,,,
2021-03-10 00:00:00,231.460006713867,233.490005493164,229.02000427246,229.960006713867,195.08738708496,2309800,2021-03-10,Amgen,,,
2021-03-11 00:00:00,230.660003662109,233.960006713867,228.779998779296,231.169998168945,196.113876342773,2244000,2021-03-11,Amgen,,,
2021-03-12 00:00:00,230.240005493164,230.759994506835,228.690002441406,230.360000610351,195.426712036132,1752600,2021-03-12,Amgen,,,
2021-03-15 00:00:00,230.0,236.160003662109,229.800003051757,235.960006713867,200.177474975585,2911000,2021-03-15,Amgen,,,
2021-03-16 00:00:00,238.119995117187,242.02000427246,236.619995117187,240.320007324218,203.876327514648,3386300,2021-03-16,Amgen,,,
2021-03-17 00:00:00,240.309997558593,245.899993896484,239.220001220703,244.27000427246,207.227279663085,3255500,2021-03-17,Amgen,,,
2021-03-18 00:00:00,240.5,247.139999389648,240.5,244.419998168945,207.354553222656,3063100,2021-03-18,Amgen,,,
2021-03-19 00:00:00,245.740005493164,247.399993896484,241.630004882812,245.940002441406,208.644073486328,12589900,2021-03-19,Amgen,,,
2021-03-22 00:00:00,242.360000610351,249.77000427246,242.360000610351,249.690002441406,211.825408935546,2059800,2021-03-22,Amgen,,,
2021-03-23 00:00:00,249.990005493164,250.0,244.899993896484,245.039993286132,207.880554199218,2604700,2021-03-23,Amgen,,,
2021-03-24 00:00:00,245.0,247.389999389648,243.820007324218,245.470001220703,208.245361328125,2237500,2021-03-24,Amgen,,,
2021-03-25 00:00:00,247.039993286132,247.539993286132,244.979995727539,246.25,208.90705871582,2707600,2021-03-25,Amgen,,,
2021-03-26 00:00:00,245.970001220703,253.279998779296,245.539993286132,252.860000610351,214.5146484375,2638900,2021-03-26,Amgen,,,
2021-03-29 00:00:00,251.529998779296,256.600006103515,251.449996948242,254.960006713867,216.296249389648,2488100,2021-03-29,Amgen,,,
2021-03-30 00:00:00,253.179992675781,254.009994506835,248.830001831054,249.75,211.876312255859,1979000,2021-03-30,Amgen,,,
2021-03-31 00:00:00,249.229995727539,249.949996948242,247.360000610351,248.809997558593,211.078826904296,3571900,2021-03-31,Amgen,,,
2021-04-01 00:00:00,249.729995727539,250.0,246.410003662109,249.169998168945,211.384231567382,2176900,2021-04-01,Amgen,,,
2021-04-05 00:00:00,249.059997558593,252.630004882812,249.059997558593,252.02000427246,213.802047729492,2230500,2021-04-05,Amgen,,,
2021-04-06 00:00:00,251.740005493164,252.539993286132,248.240005493164,249.100006103515,211.324874877929,2040100,2021-04-06,Amgen,,,
2021-04-07 00:00:00,248.169998168945,250.220001220703,247.100006103515,248.119995117187,210.493499755859,1583500,2021-04-07,Amgen,,,
2021-04-08 00:00:00,249.100006103515,249.479995727539,245.979995727539,246.880004882812,209.441528320312,1633600,2021-04-08,Amgen,,,
2021-04-09 00:00:00,247.710006713867,249.100006103515,245.809997558593,248.949996948242,211.197570800781,1368600,2021-04-09,Amgen,,,
2021-04-12 00:00:00,248.52000427246,250.0,247.789993286132,248.940002441406,211.189132690429,1722000,2021-04-12,Amgen,,,
2021-04-13 00:00:00,249.149993896484,250.350006103515,247.08999633789,249.949996948242,212.045974731445,1766000,2021-04-13,Amgen,,,
2021-04-14 00:00:00,249.979995727539,251.5,249.0,249.619995117187,211.765991210937,1753800,2021-04-14,Amgen,,,
2021-04-15 00:00:00,251.100006103515,257.0,250.5,255.130004882812,216.4404296875,2366300,2021-04-15,Amgen,,,
2021-04-16 00:00:00,256.440002441406,258.820007324218,254.669998168945,255.710006713867,216.932479858398,2768700,2021-04-16,Amgen,,,
2021-04-19 00:00:00,252.850006103515,256.109985351562,252.639999389648,255.970001220703,217.153076171875,2345100,2021-04-19,Amgen,,,
2021-04-20 00:00:00,254.83999633789,260.359985351562,254.83999633789,259.140014648437,219.842330932617,1579300,2021-04-20,Amgen,,,
2021-04-21 00:00:00,260.410003662109,261.0,257.75,258.779998779296,219.536911010742,2173600,2021-04-21,Amgen,,,
2021-04-22 00:00:00,257.540008544921,258.480010986328,253.660003662109,255.050003051757,216.372589111328,3370700,2021-04-22,Amgen,,,
2021-04-23 00:00:00,254.979995727539,258.140014648437,253.669998168945,257.029998779296,218.052276611328,2426900,2021-04-23,Amgen,,,
2021-04-26 00:00:00,256.649993896484,256.75,254.419998168945,255.52000427246,216.771255493164,1782700,2021-04-26,Amgen,,,
2021-04-27 00:00:00,255.190002441406,256.529998779296,253.759994506835,255.130004882812,216.4404296875,2184900,2021-04-27,Amgen,,,
2021-04-28 00:00:00,241.52000427246,243.970001220703,233.759994506835,236.710006713867,200.813766479492,7550800,2021-04-28,Amgen,,,
2021-04-29 00:00:00,235.070007324218,236.0,231.029998779296,234.710006713867,199.117080688476,4053400,2021-04-29,Amgen,,,
2021-04-30 00:00:00,234.27000427246,240.660003662109,234.199996948242,239.639999389648,203.299423217773,3420900,2021-04-30,Amgen,,,
2021-05-03 00:00:00,240.669998168945,247.02000427246,240.550003051757,245.380004882812,208.168975830078,3587700,2021-05-03,Amgen,,,
2021-05-04 00:00:00,247.27000427246,247.580001831054,242.869995117187,247.360000610351,209.848739624023,3555900,2021-05-04,Amgen,,,
2021-05-05 00:00:00,246.289993286132,249.979995727539,245.910003662109,249.350006103515,211.536956787109,2765100,2021-05-05,Amgen,,,
2021-05-06 00:00:00,249.279998779296,251.479995727539,246.960006713867,251.300003051757,213.19123840332,2790800,2021-05-06,Amgen,,,
2021-05-07 00:00:00,251.779998779296,255.729995727539,251.779998779296,254.210006713867,215.659957885742,2512700,2021-05-07,Amgen,,,
2021-05-10 00:00:00,256.0,258.809997558593,252.059997558593,252.619995117187,214.311065673828,4079900,2021-05-10,Amgen,,,
2021-05-11 00:00:00,253.160003662109,255.960006713867,251.619995117187,252.300003051757,214.039611816406,2307100,2021-05-11,Amgen,,,
2021-05-12 00:00:00,251.410003662109,253.720001220703,249.679992675781,250.830001831054,212.792495727539,2431900,2021-05-12,Amgen,,,
2021-05-13 00:00:00,250.169998168945,254.08999633789,249.789993286132,252.070007324218,213.844482421875,3275300,2021-05-13,Amgen,,,
2021-05-14 00:00:00,252.889999389648,254.58999633789,251.149993896484,251.380004882812,214.758605957031,2286800,2021-05-14,Amgen,,,
2021-05-17 00:00:00,252.289993286132,254.660003662109,250.639999389648,252.380004882812,215.612960815429,1922200,2021-05-17,Amgen,,,
2021-05-18 00:00:00,252.080001831054,253.100006103515,250.320007324218,250.860000610351,214.314346313476,1729400,2021-05-18,Amgen,,,
2021-05-19 00:00:00,248.389999389648,249.08999633789,246.75,248.630004882812,212.409225463867,2652500,2021-05-19,Amgen,,,
2021-05-20 00:00:00,248.009994506835,254.389999389648,247.910003662109,251.929992675781,215.228469848632,2227400,2021-05-20,Amgen,,,
2021-05-21 00:00:00,253.710006713867,254.059997558593,250.740005493164,251.009994506835,214.442459106445,2177900,2021-05-21,Amgen,,,
2021-05-24 00:00:00,250.559997558593,253.479995727539,247.570007324218,247.75,211.657424926757,2552000,2021-05-24,Amgen,,,
2021-05-25 00:00:00,246.660003662109,247.75,241.779998779296,242.0,206.74510192871,3210600,2021-05-25,Amgen,,,
2021-05-26 00:00:00,241.83999633789,242.479995727539,238.330001831054,238.550003051757,203.797668457031,3812100,2021-05-26,Amgen,,,
2021-05-27 00:00:00,238.910003662109,239.460006713867,234.580001831054,235.309997558593,201.029693603515,3701100,2021-05-27,Amgen,,,
2021-05-28 00:00:00,236.210006713867,240.869995117187,236.130004882812,237.940002441406,203.276565551757,3239300,2021-05-28,Amgen,,,
2021-06-01 00:00:00,242.199996948242,242.279998779296,232.940002441406,233.580001831054,199.55174255371,3799600,2021-06-01,Amgen,,,
2021-06-02 00:00:00,234.899993896484,236.690002441406,233.889999389648,235.160003662109,200.901565551757,2266800,2021-06-02,Amgen,,,
2021-06-03 00:00:00,233.669998168945,236.580001831054,233.360000610351,235.740005493164,201.397064208984,2010600,2021-06-03,Amgen,,,
2021-06-04 00:00:00,236.740005493164,239.279998779296,235.75,236.850006103515,202.34536743164,1875700,2021-06-04,Amgen,,,
2021-06-07 00:00:00,236.919998168945,240.570007324218,235.199996948242,237.190002441406,202.635803222656,2153800,2021-06-07,Amgen,,,
2021-06-08 00:00:00,238.929992675781,239.119995117187,235.25,236.820007324218,202.319732666015,1638000,2021-06-08,Amgen,,,
2021-06-09 00:00:00,237.919998168945,241.309997558593,236.729995727539,239.52000427246,204.626358032226,3047700,2021-06-09,Amgen,,,
2021-06-10 00:00:00,239.570007324218,245.330001831054,239.220001220703,244.639999389648,209.000503540039,2655900,2021-06-10,Amgen,,,
2021-06-11 00:00:00,244.880004882812,245.5,241.979995727539,242.77000427246,207.402908325195,2002300,2021-06-11,Amgen,,,
2021-06-14 00:00:00,242.559997558593,242.720001220703,239.289993286132,241.190002441406,206.053100585937,2083200,2021-06-14,Amgen,,,
2021-06-15 00:00:00,241.740005493164,241.979995727539,239.050003051757,239.850006103515,204.908340454101,2508800,2021-06-15,Amgen,,,
2021-06-16 00:00:00,240.869995117187,244.509994506835,238.0,239.580001831054,204.677642822265,3185600,2021-06-16,Amgen,,,
2021-06-17 00:00:00,239.539993286132,242.429992675781,238.33999633789,240.759994506835,205.685729980468,2142800,2021-06-17,Amgen,,,
2021-06-18 00:00:00,239.580001831054,241.0,236.470001220703,238.679992675781,203.908721923828,5560400,2021-06-18,Amgen,,,
2021-06-21 00:00:00,239.639999389648,240.910003662109,237.649993896484,240.240005493164,205.241500854492,2149000,2021-06-21,Amgen,,,
2021-06-22 00:00:00,239.710006713867,240.75,238.289993286132,239.910003662109,204.959548950195,1780400,2021-06-22,Amgen,,,
2021-06-23 00:00:00,239.649993896484,239.75,236.929992675781,238.710006713867,203.934387207031,1654300,2021-06-23,Amgen,,,
2021-06-24 00:00:00,240.410003662109,243.029998779296,239.289993286132,240.949996948242,205.848068237304,1943000,2021-06-24,Amgen,,,
2021-06-25 00:00:00,241.639999389648,243.649993896484,240.110000610351,242.679992675781,207.32600402832,4309900,2021-06-25,Amgen,,,
2021-06-28 00:00:00,244.029998779296,245.509994506835,242.660003662109,242.83999633789,207.462707519531,1680700,2021-06-28,Amgen,,,
2021-06-29 00:00:00,243.220001220703,243.940002441406,242.059997558593,242.460006713867,207.138107299804,1337200,2021-06-29,Amgen,,,
2021-06-30 00:00:00,242.720001220703,244.27000427246,242.059997558593,243.75,208.240158081054,2325100,2021-06-30,Amgen,,,
2021-07-01 00:00:00,243.740005493164,247.100006103515,243.550003051757,246.899993896484,210.931259155273,2091600,2021-07-01,Amgen,,,
2021-07-02 00:00:00,247.330001831054,249.899993896484,246.25,248.699996948242,212.469024658203,1943600,2021-07-02,Amgen,,,
2021-07-06 00:00:00,247.259994506835,248.119995117187,243.169998168945,243.649993896484,208.154739379882,2792300,2021-07-06,Amgen,,,
2021-07-07 00:00:00,244.070007324218,244.279998779296,241.33999633789,243.220001220703,207.787368774414,2381700,2021-07-07,Amgen,,,
2021-07-08 00:00:00,244.240005493164,246.699996948242,242.449996948242,244.279998779296,208.692962646484,1994300,2021-07-08,Amgen,,,
2021-07-09 00:00:00,243.08999633789,245.929992675781,241.710006713867,245.199996948242,209.478897094726,1609900,2021-07-09,Amgen,,,
2021-07-12 00:00:00,244.490005493164,247.899993896484,243.539993286132,244.369995117187,208.769805908203,2149400,2021-07-12,Amgen,,,
2021-07-13 00:00:00,245.389999389648,246.75,242.979995727539,244.830001831054,209.162796020507,1618200,2021-07-13,Amgen,,,
2021-07-14 00:00:00,244.220001220703,245.330001831054,241.490005493164,244.699996948242,209.051727294921,2185200,2021-07-14,Amgen,,,
2021-07-15 00:00:00,244.330001831054,247.570007324218,242.139999389648,246.630004882812,210.700592041015,2106700,2021-07-15,Amgen,,,
2021-07-16 00:00:00,248.080001831054,249.529998779296,246.539993286132,247.960006713867,211.836853027343,3141400,2021-07-16,Amgen,,,
2021-07-19 00:00:00,247.800003051757,249.949996948242,244.850006103515,246.729995727539,210.786010742187,2529900,2021-07-19,Amgen,,,
2021-07-20 00:00:00,247.27000427246,250.389999389648,245.710006713867,246.889999389648,210.922698974609,3035200,2021-07-20,Amgen,,,
2021-07-21 00:00:00,246.910003662109,246.960006713867,242.690002441406,244.850006103515,209.179901123046,1901900,2021-07-21,Amgen,,,
2021-07-22 00:00:00,243.979995727539,246.220001220703,243.130004882812,244.740005493164,209.085906982421,1379800,2021-07-22,Amgen,,,
2021-07-23 00:00:00,246.27000427246,248.559997558593,244.869995117187,247.720001220703,211.63182067871,1747300,2021-07-23,Amgen,,,
2021-07-26 00:00:00,247.720001220703,248.389999389648,244.809997558593,245.080001831054,209.376388549804,1518500,2021-07-26,Amgen,,,
2021-07-27 00:00:00,244.119995117187,245.610000610351,243.380004882812,244.679992675781,209.03466796875,2166400,2021-07-27,Amgen,,,
2021-07-28 00:00:00,244.550003051757,247.699996948242,243.52000427246,244.25,208.667282104492,1649100,2021-07-28,Amgen,,,
2021-07-29 00:00:00,244.460006713867,245.160003662109,242.210006713867,242.460006713867,207.138107299804,1498900,2021-07-29,Amgen,,,
2021-07-30 00:00:00,242.619995117187,243.100006103515,240.630004882812,241.539993286132,206.352096557617,2284100,2021-07-30,Amgen,,,
2021-08-02 00:00:00,242.119995117187,242.479995727539,238.369995117187,239.789993286132,204.857025146484,1849400,2021-08-02,Amgen,,,
2021-08-03 00:00:00,240.759994506835,244.389999389648,239.410003662109,244.080001831054,208.522064208984,2320400,2021-08-03,Amgen,,,
2021-08-04 00:00:00,238.369995117187,239.419998168945,227.100006103515,228.309997558593,195.049514770507,6952800,2021-08-04,Amgen,,,
2021-08-05 00:00:00,228.75,234.039993286132,228.059997558593,233.990005493164,199.90200805664,3294100,2021-08-05,Amgen,,,
2021-08-06 00:00:00,231.850006103515,233.25,228.77000427246,230.149993896484,196.62141418457,2363800,2021-08-06,Amgen,,,
2021-08-09 00:00:00,230.52000427246,231.399993896484,227.220001220703,227.889999389648,194.690628051757,2250300,2021-08-09,Amgen,,,
2021-08-10 00:00:00,228.199996948242,228.199996948242,223.940002441406,227.960006713867,194.75048828125,2860200,2021-08-10,Amgen,,,
2021-08-11 00:00:00,229.139999389648,230.0,227.490005493164,228.130004882812,194.89566040039,2104900,2021-08-11,Amgen,,,
2021-08-12 00:00:00,228.199996948242,229.479995727539,225.809997558593,228.149993896484,194.912765502929,1798600,2021-08-12,Amgen,,,
2021-08-13 00:00:00,229.110000610351,231.889999389648,228.759994506835,229.679992675781,196.21987915039,1797300,2021-08-13,Amgen,,,
2021-08-16 00:00:00,228.259994506835,231.289993286132,227.919998168945,231.070007324218,198.931777954101,2434500,2021-08-16,Amgen,,,
2021-08-17 00:00:00,229.660003662109,231.279998779296,229.52000427246,231.199996948242,199.043655395507,2666500,2021-08-17,Amgen,,,
2021-08-18 00:00:00,230.52000427246,231.330001831054,226.600006103515,226.83999633789,195.290100097656,2988100,2021-08-18,Amgen,,,
2021-08-19 00:00:00,225.690002441406,227.699996948242,223.300003051757,224.389999389648,193.180862426757,2669000,2021-08-19,Amgen,,,
2021-08-20 00:00:00,224.389999389648,226.240005493164,222.009994506835,223.529998779296,192.440444946289,2811600,2021-08-20,Amgen,,,
2021-08-23 00:00:00,224.179992675781,227.440002441406,223.77000427246,225.639999389648,194.257019042968,1932600,2021-08-23,Amgen,,,
2021-08-24 00:00:00,225.52000427246,225.679992675781,223.559997558593,224.380004882812,193.172271728515,1790400,2021-08-24,Amgen,,,
2021-08-25 00:00:00,224.309997558593,224.830001831054,221.179992675781,221.58999633789,190.770309448242,2173200,2021-08-25,Amgen,,,
2021-08-26 00:00:00,222.059997558593,222.059997558593,220.160003662109,221.470001220703,190.66697692871,2844500,2021-08-26,Amgen,,,
2021-08-27 00:00:00,222.220001220703,225.360000610351,220.220001220703,222.779998779296,191.794799804687,2660900,2021-08-27,Amgen,,,
2021-08-30 00:00:00,222.279998779296,225.309997558593,222.100006103515,224.130004882812,192.957000732421,1881800,2021-08-30,Amgen,,,
2021-08-31 00:00:00,224.940002441406,225.649993896484,223.33999633789,225.529998779296,194.162277221679,2904700,2021-08-31,Amgen,,,
2021-09-01 00:00:00,225.550003051757,226.119995117187,221.880004882812,223.350006103515,192.285491943359,2699000,2021-09-01,Amgen,,,
2021-09-02 00:00:00,223.639999389648,226.029998779296,223.429992675781,225.960006713867,194.532516479492,1817800,2021-09-02,Amgen,,,
2021-09-03 00:00:00,225.759994506835,227.190002441406,224.199996948242,226.369995117187,194.885467529296,1664100,2021-09-03,Amgen,,,
2021-09-07 00:00:00,223.0,224.940002441406,219.52000427246,221.33999633789,190.555038452148,3281800,2021-09-07,Amgen,,,
2021-09-08 00:00:00,221.330001831054,222.289993286132,220.100006103515,220.869995117187,190.150436401367,2140400,2021-09-08,Amgen,,,
2021-09-09 00:00:00,220.5,220.649993896484,215.410003662109,215.580001831054,185.596160888671,3273600,2021-09-09,Amgen,,,
2021-09-10 00:00:00,216.5,216.990005493164,213.550003051757,213.75,184.020706176757,2217800,2021-09-10,Amgen,,,
2021-09-13 00:00:00,217.059997558593,219.050003051757,215.070007324218,216.720001220703,186.57763671875,2553400,2021-09-13,Amgen,,,
2021-09-14 00:00:00,217.600006103515,217.919998168945,215.119995117187,216.039993286132,185.992202758789,1999300,2021-09-14,Amgen,,,
2021-09-15 00:00:00,216.77000427246,219.919998168945,215.860000610351,218.130004882812,187.791564941406,2555600,2021-09-15,Amgen,,,
2021-09-16 00:00:00,218.02000427246,218.649993896484,214.0,217.360000610351,187.128631591796,2695600,2021-09-16,Amgen,,,
2021-09-17 00:00:00,217.229995727539,219.880004882812,215.869995117187,219.380004882812,188.86766052246,5659900,2021-09-17,Amgen,,,
2021-09-20 00:00:00,218.380004882812,219.850006103515,214.279998779296,215.110000610351,185.19155883789,3293000,2021-09-20,Amgen,,,
2021-09-21 00:00:00,215.710006713867,218.100006103515,214.360000610351,215.360000610351,185.406768798828,2112100,2021-09-21,Amgen,,,
2021-09-22 00:00:00,216.559997558593,216.559997558593,213.460006713867,213.639999389648,183.925964355468,2542800,2021-09-22,Amgen,,,
2021-09-23 00:00:00,212.509994506835,215.559997558593,212.300003051757,215.050003051757,185.139877319335,2181500,2021-09-23,Amgen,,,
2021-09-24 00:00:00,214.75,215.529998779296,213.199996948242,213.610000610351,183.900177001953,1908600,2021-09-24,Amgen,,,
2021-09-27 00:00:00,213.25,214.949996948242,212.699996948242,213.110000610351,183.4697265625,1943000,2021-09-27,Amgen,,,
2021-09-28 00:00:00,212.300003051757,214.759994506835,211.649993896484,212.27000427246,182.74658203125,2919000,2021-09-28,Amgen,,,
2021-09-29 00:00:00,212.5,216.800003051757,211.850006103515,214.899993896484,185.010757446289,1900800,2021-09-29,Amgen,,,
2021-09-30 00:00:00,215.789993286132,216.669998168945,212.52000427246,212.649993896484,183.073684692382,2491900,2021-09-30,Amgen,,,
2021-10-01 00:00:00,213.58999633789,214.610000610351,210.800003051757,213.919998168945,184.167037963867,2629400,2021-10-01,Amgen,,,
2021-10-04 00:00:00,214.100006103515,215.639999389648,210.77000427246,211.440002441406,182.032012939453,2856300,2021-10-04,Amgen,,,
2021-10-05 00:00:00,211.210006713867,213.990005493164,211.080001831054,211.860000610351,182.393585205078,2481900,2021-10-05,Amgen,,,
2021-10-06 00:00:00,211.320007324218,212.080001831054,208.970001220703,209.979995727539,180.77505493164,2928200,2021-10-06,Amgen,,,
2021-10-07 00:00:00,208.529998779296,212.449996948242,208.529998779296,209.119995117187,180.034622192382,3331700,2021-10-07,Amgen,,,
2021-10-08 00:00:00,210.130004882812,210.179992675781,207.649993896484,208.949996948242,179.888320922851,2349800,2021-10-08,Amgen,,,
2021-10-11 00:00:00,209.059997558593,209.889999389648,206.58999633789,206.699996948242,177.951278686523,1982200,2021-10-11,Amgen,,,
2021-10-12 00:00:00,207.429992675781,207.559997558593,200.470001220703,201.889999389648,173.810226440429,3544000,2021-10-12,Amgen,,,
2021-10-13 00:00:00,202.820007324218,204.889999389648,202.100006103515,203.610000610351,175.291030883789,3303300,2021-10-13,Amgen,,,
2021-10-14 00:00:00,204.490005493164,207.5,204.490005493164,206.779998779296,178.020156860351,3015100,2021-10-14,Amgen,,,
2021-10-15 00:00:00,208.490005493164,209.02000427246,206.229995727539,207.83999633789,178.932678222656,3684600,2021-10-15,Amgen,,,
2021-10-18 00:00:00,206.360000610351,207.0,202.449996948242,203.130004882812,174.877822875976,2812500,2021-10-18,Amgen,,,
2021-10-19 00:00:00,204.490005493164,206.899993896484,203.080001831054,206.779998779296,178.020156860351,2480500,2021-10-19,Amgen,,,
2021-10-20 00:00:00,207.399993896484,211.58999633789,206.25,209.660003662109,180.499572753906,2308600,2021-10-20,Amgen,,,
2021-10-21 00:00:00,210.149993896484,210.259994506835,207.669998168945,208.990005493164,179.922760009765,1921100,2021-10-21,Amgen,,,
2021-10-22 00:00:00,209.699996948242,210.5,208.5,209.240005493164,180.137969970703,1349300,2021-10-22,Amgen,,,
2021-10-25 00:00:00,209.5,209.820007324218,206.970001220703,207.630004882812,178.751892089843,1916500,2021-10-25,Amgen,,,
2021-10-26 00:00:00,208.199996948242,209.979995727539,207.630004882812,208.679992675781,179.655883789062,1664400,2021-10-26,Amgen,,,
2021-10-27 00:00:00,209.869995117187,210.399993896484,205.809997558593,206.580001831054,177.847915649414,2003300,2021-10-27,Amgen,,,
2021-10-28 00:00:00,207.08999633789,209.490005493164,205.610000610351,207.169998168945,178.355865478515,2166500,2021-10-28,Amgen,,,
2021-10-29 00:00:00,206.350006103515,207.699996948242,204.199996948242,206.970001220703,178.183715820312,2592300,2021-10-29,Amgen,,,
2021-11-01 00:00:00,208.0,212.08999633789,207.77000427246,209.789993286132,180.61148071289,3105300,2021-11-01,Amgen,,,
2021-11-02 00:00:00,210.509994506835,214.720001220703,208.139999389648,214.259994506835,184.459777832031,3329300,2021-11-02,Amgen,,,
2021-11-03 00:00:00,210.910003662109,219.25,209.800003051757,218.130004882812,187.791564941406,3775600,2021-11-03,Amgen,,,
2021-11-04 00:00:00,218.300003051757,218.449996948242,211.720001220703,214.929992675781,185.036575317382,2781300,2021-11-04,Amgen,,,
2021-11-05 00:00:00,215.610000610351,217.419998168945,212.729995727539,213.77000427246,184.037963867187,2300100,2021-11-05,Amgen,,,
2021-11-08 00:00:00,214.059997558593,214.440002441406,210.929992675781,211.369995117187,181.971725463867,2532900,2021-11-08,Amgen,,,
2021-11-09 00:00:00,211.02000427246,213.699996948242,210.470001220703,211.710006713867,182.264434814453,2296300,2021-11-09,Amgen,,,
2021-11-10 00:00:00,213.279998779296,215.5,212.529998779296,213.210006713867,183.555831909179,2360400,2021-11-10,Amgen,,,
2021-11-11 00:00:00,214.080001831054,214.080001831054,210.559997558593,211.559997558593,182.135299682617,2615700,2021-11-11,Amgen,,,
2021-11-12 00:00:00,212.300003051757,212.880004882812,210.380004882812,211.389999389648,181.988937377929,4614100,2021-11-12,Amgen,,,
2021-11-15 00:00:00,210.690002441406,210.889999389648,207.080001831054,207.399993896484,180.052947998046,3129200,2021-11-15,Amgen,,,
2021-11-16 00:00:00,208.029998779296,209.039993286132,205.27000427246,205.389999389648,178.308013916015,2942500,2021-11-16,Amgen,,,
2021-11-17 00:00:00,205.210006713867,207.350006103515,203.600006103515,205.820007324218,178.68130493164,3329300,2021-11-17,Amgen,,,
2021-11-18 00:00:00,205.630004882812,206.229995727539,203.729995727539,204.02000427246,177.118682861328,4261500,2021-11-18,Amgen,,,
2021-11-19 00:00:00,205.27000427246,206.199996948242,203.669998168945,206.080001831054,178.907012939453,3217100,2021-11-19,Amgen,,,
2021-11-22 00:00:00,205.449996948242,206.300003051757,200.75,202.729995727539,175.998748779296,2835100,2021-11-22,Amgen,,,
2021-11-23 00:00:00,202.229995727539,205.479995727539,201.27000427246,204.529998779296,177.561401367187,2149300,2021-11-23,Amgen,,,
2021-11-24 00:00:00,204.300003051757,205.279998779296,202.949996948242,203.970001220703,177.075271606445,1699800,2021-11-24,Amgen,,,
2021-11-26 00:00:00,204.740005493164,206.0,200.52000427246,201.08999633789,174.574996948242,3197900,2021-11-26,Amgen,,,
2021-11-29 00:00:00,202.479995727539,204.830001831054,201.58999633789,203.470001220703,176.641174316406,2519900,2021-11-29,Amgen,,,
2021-11-30 00:00:00,202.729995727539,203.869995117187,198.729995727539,198.880004882812,172.65640258789,5400100,2021-11-30,Amgen,,,
2021-12-01 00:00:00,200.440002441406,205.639999389648,198.639999389648,200.800003051757,174.32322692871,3057700,2021-12-01,Amgen,,,
2021-12-02 00:00:00,200.729995727539,203.100006103515,199.309997558593,201.169998168945,174.644439697265,2858200,2021-12-02,Amgen,,,
2021-12-03 00:00:00,201.380004882812,203.800003051757,200.83999633789,202.440002441406,175.746994018554,3591900,2021-12-03,Amgen,,,
2021-12-06 00:00:00,206.380004882812,211.789993286132,205.970001220703,208.789993286132,181.259704589843,3998600,2021-12-06,Amgen,,,
2021-12-07 00:00:00,209.149993896484,212.440002441406,207.360000610351,211.320007324218,183.456069946289,3309500,2021-12-07,Amgen,,,
2021-12-08 00:00:00,212.889999389648,213.910003662109,210.429992675781,213.529998779296,185.374710083007,2624400,2021-12-08,Amgen,,,
2021-12-09 00:00:00,213.529998779296,213.979995727539,209.5,212.570007324218,184.541275024414,2699800,2021-12-09,Amgen,,,
2021-12-10 00:00:00,213.300003051757,214.449996948242,210.009994506835,210.889999389648,183.082809448242,2812200,2021-12-10,Amgen,,,
2021-12-13 00:00:00,210.429992675781,213.190002441406,209.0,211.389999389648,183.516860961914,2721300,2021-12-13,Amgen,,,
2021-12-14 00:00:00,211.320007324218,214.809997558593,210.229995727539,213.740005493164,185.557006835937,2602600,2021-12-14,Amgen,,,
2021-12-15 00:00:00,214.0,219.5,213.119995117187,219.25,190.340454101562,3924500,2021-12-15,Amgen,,,
2021-12-16 00:00:00,220.0,231.039993286132,220.0,222.580001831054,193.23143005371,6027200,2021-12-16,Amgen,,,
2021-12-17 00:00:00,222.690002441406,224.160003662109,219.320007324218,222.5,193.161926269531,6424000,2021-12-17,Amgen,,,
2021-12-20 00:00:00,222.25,222.490005493164,218.690002441406,219.990005493164,190.98291015625,2922200,2021-12-20,Amgen,,,
2021-12-21 00:00:00,220.550003051757,223.25,219.960006713867,220.919998168945,191.790283203125,2987500,2021-12-21,Amgen,,,
2021-12-22 00:00:00,220.0,221.899993896484,217.759994506835,221.529998779296,192.319854736328,2677700,2021-12-22,Amgen,,,
2021-12-23 00:00:00,222.369995117187,224.479995727539,221.5,223.789993286132,194.281829833984,1668800,2021-12-23,Amgen,,,
2021-12-27 00:00:00,223.809997558593,225.460006713867,222.669998168945,225.169998168945,195.479873657226,1763200,2021-12-27,Amgen,,,
2021-12-28 00:00:00,225.169998168945,226.979995727539,225.050003051757,225.77000427246,196.000793457031,1304500,2021-12-28,Amgen,,,
2021-12-29 00:00:00,225.580001831054,228.210006713867,224.990005493164,227.600006103515,197.589523315429,1389400,2021-12-29,Amgen,,,
2021-12-30 00:00:00,227.600006103515,229.550003051757,226.139999389648,226.470001220703,196.608505249023,1507400,2021-12-30,Amgen,,,
2021-12-31 00:00:00,226.259994506835,227.740005493164,224.800003051757,224.970001220703,195.306274414062,1668400,2021-12-31,Amgen,,,
2022-01-03 00:00:00,223.630004882812,226.970001220703,222.029998779296,226.690002441406,196.799453735351,2742800,2022-01-03,Amgen,,,
2022-01-04 00:00:00,225.759994506835,228.800003051757,224.25,227.83999633789,197.797821044921,2491700,2022-01-04,Amgen,,,
2022-01-05 00:00:00,227.039993286132,229.869995117187,224.52000427246,225.139999389648,195.453842163085,2806000,2022-01-05,Amgen,,,
2022-01-06 00:00:00,225.139999389648,226.660003662109,223.690002441406,225.169998168945,195.479873657226,2198300,2022-01-06,Amgen,,,
2022-01-07 00:00:00,223.539993286132,228.190002441406,223.539993286132,227.289993286132,197.320343017578,2343000,2022-01-07,Amgen,,,
2022-01-10 00:00:00,229.25,230.639999389648,226.0,230.369995117187,199.994262695312,3191900,2022-01-10,Amgen,,,
2022-01-11 00:00:00,230.470001220703,232.509994506835,228.110000610351,232.380004882812,201.739212036132,2317900,2022-01-11,Amgen,,,
2022-01-12 00:00:00,232.380004882812,232.610000610351,228.52000427246,231.759994506835,201.200958251953,1885800,2022-01-12,Amgen,,,
2022-01-13 00:00:00,232.050003051757,233.229995727539,230.330001831054,230.850006103515,200.41096496582,2152900,2022-01-13,Amgen,,,
2022-01-14 00:00:00,230.690002441406,235.800003051757,229.990005493164,235.360000610351,204.326278686523,3012000,2022-01-14,Amgen,,,
2022-01-18 00:00:00,233.52000427246,234.77000427246,231.699996948242,233.830001831054,202.99803161621,3720400,2022-01-18,Amgen,,,
2022-01-19 00:00:00,233.800003051757,234.330001831054,230.699996948242,231.300003051757,200.801620483398,2061200,2022-01-19,Amgen,,,
2022-01-20 00:00:00,233.729995727539,233.729995727539,228.809997558593,228.899993896484,198.718078613281,2093700,2022-01-20,Amgen,,,
2022-01-21 00:00:00,230.600006103515,231.460006713867,227.309997558593,227.720001220703,197.693649291992,3534800,2022-01-21,Amgen,,,
2022-01-24 00:00:00,227.479995727539,229.139999389648,219.979995727539,226.080001831054,196.269897460937,4419100,2022-01-24,Amgen,,,
2022-01-25 00:00:00,223.679992675781,227.5,222.27000427246,225.039993286132,195.36701965332,2769900,2022-01-25,Amgen,,,
2022-01-26 00:00:00,221.619995117187,226.929992675781,221.119995117187,222.539993286132,193.196655273437,2861600,2022-01-26,Amgen,,,
2022-01-27 00:00:00,222.399993896484,228.039993286132,222.309997558593,224.0,194.464157104492,2744000,2022-01-27,Amgen,,,
2022-01-28 00:00:00,224.050003051757,229.149993896484,222.25,229.139999389648,198.926406860351,2502100,2022-01-28,Amgen,,,
2022-01-31 00:00:00,226.979995727539,227.940002441406,225.52000427246,227.139999389648,197.190109252929,4504300,2022-01-31,Amgen,,,
2022-02-01 00:00:00,227.139999389648,229.199996948242,225.52000427246,228.679992675781,198.527069091796,2498200,2022-02-01,Amgen,,,
2022-02-02 00:00:00,228.139999389648,229.139999389648,225.740005493164,228.929992675781,198.74412536621,2397800,2022-02-02,Amgen,,,
2022-02-03 00:00:00,228.660003662109,229.0,223.75,224.039993286132,194.498886108398,3002400,2022-02-03,Amgen,,,
2022-02-04 00:00:00,222.119995117187,224.759994506835,220.970001220703,222.110000610351,192.823379516601,3162000,2022-02-04,Amgen,,,
2022-02-07 00:00:00,222.08999633789,224.759994506835,220.630004882812,223.529998779296,194.056121826171,3596400,2022-02-07,Amgen,,,
2022-02-08 00:00:00,232.940002441406,244.710006713867,232.210006713867,241.009994506835,209.23127746582,8394800,2022-02-08,Amgen,,,
2022-02-09 00:00:00,241.039993286132,241.039993286132,235.320007324218,237.190002441406,205.914978027343,5075200,2022-02-09,Amgen,,,
2022-02-10 00:00:00,235.0,236.139999389648,227.710006713867,228.820007324218,198.648620605468,5035000,2022-02-10,Amgen,,,
2022-02-11 00:00:00,228.52000427246,231.470001220703,228.149993896484,228.199996948242,198.110366821289,3557700,2022-02-11,Amgen,,,
2022-02-14 00:00:00,226.610000610351,226.929992675781,220.860000610351,224.27000427246,196.367950439453,3931500,2022-02-14,Amgen,,,
2022-02-15 00:00:00,225.0,226.160003662109,221.220001220703,223.940002441406,196.079010009765,2474500,2022-02-15,Amgen,,,
2022-02-16 00:00:00,223.470001220703,225.100006103515,221.039993286132,222.660003662109,194.958221435546,2369000,2022-02-16,Amgen,,,
2022-02-17 00:00:00,221.479995727539,223.289993286132,219.429992675781,221.679992675781,194.100158691406,2157000,2022-02-17,Amgen,,,
2022-02-18 00:00:00,220.970001220703,223.979995727539,219.789993286132,220.77000427246,193.303390502929,2795800,2022-02-18,Amgen,,,
2022-02-22 00:00:00,220.759994506835,222.899993896484,219.300003051757,221.410003662109,193.863784790039,2835900,2022-02-22,Amgen,,,
2022-02-23 00:00:00,222.679992675781,223.75,220.619995117187,221.0,193.504791259765,2994800,2022-02-23,Amgen,,,
2022-02-24 00:00:00,218.929992675781,219.899993896484,214.389999389648,219.27000427246,191.990051269531,3746700,2022-02-24,Amgen,,,
2022-02-25 00:00:00,222.490005493164,228.139999389648,221.960006713867,227.029998779296,198.784576416015,3557100,2022-02-25,Amgen,,,
2022-02-28 00:00:00,224.029998779296,226.75,222.529998779296,226.479995727539,198.302993774414,4738100,2022-02-28,Amgen,,,
2022-03-01 00:00:00,225.279998779296,227.789993286132,223.740005493164,225.210006713867,197.190979003906,4573500,2022-03-01,Amgen,,,
2022-03-02 00:00:00,225.039993286132,230.399993896484,224.649993896484,228.58999633789,200.150436401367,3387200,2022-03-02,Amgen,,,
2022-03-03 00:00:00,230.880004882812,234.27000427246,230.009994506835,232.639999389648,203.69660949707,3638400,2022-03-03,Amgen,,,
2022-03-04 00:00:00,230.699996948242,235.740005493164,230.139999389648,232.910003662109,203.933029174804,3764400,2022-03-04,Amgen,,,
2022-03-07 00:00:00,231.289993286132,239.660003662109,231.229995727539,234.360000610351,205.20262145996,3713200,2022-03-07,Amgen,,,
2022-03-08 00:00:00,233.860000610351,236.880004882812,230.559997558593,231.100006103515,202.348251342773,2974900,2022-03-08,Amgen,,,
2022-03-09 00:00:00,234.229995727539,234.529998779296,230.429992675781,231.460006713867,202.663421630859,2640900,2022-03-09,Amgen,,,
2022-03-10 00:00:00,229.660003662109,230.419998168945,226.080001831054,226.949996948242,198.714523315429,3957200,2022-03-10,Amgen,,,
2022-03-11 00:00:00,228.110000610351,230.029998779296,226.77000427246,228.850006103515,200.378097534179,2667000,2022-03-11,Amgen,,,
2022-03-14 00:00:00,231.080001831054,232.449996948242,228.919998168945,229.210006713867,200.693374633789,2902700,2022-03-14,Amgen,,,
2022-03-15 00:00:00,231.380004882812,233.059997558593,228.110000610351,231.559997558593,202.7509765625,3178200,2022-03-15,Amgen,,,
2022-03-16 00:00:00,232.52000427246,232.52000427246,228.449996948242,231.669998168945,202.847305297851,4220300,2022-03-16,Amgen,,,
2022-03-17 00:00:00,231.720001220703,236.570007324218,231.220001220703,235.860000610351,206.516006469726,3262300,2022-03-17,Amgen,,,
2022-03-18 00:00:00,234.910003662109,236.399993896484,232.75,236.25,206.857498168945,7617100,2022-03-18,Amgen,,,
2022-03-21 00:00:00,237.070007324218,240.320007324218,234.729995727539,236.320007324218,206.918762207031,2385200,2022-03-21,Amgen,,,
2022-03-22 00:00:00,236.320007324218,237.52000427246,234.539993286132,236.470001220703,207.050109863281,2212200,2022-03-22,Amgen,,,
2022-03-23 00:00:00,237.289993286132,239.380004882812,234.039993286132,234.179992675781,205.044982910156,2533100,2022-03-23,Amgen,,,
2022-03-24 00:00:00,235.800003051757,237.850006103515,234.0,236.869995117187,207.400314331054,2349000,2022-03-24,Amgen,,,
2022-03-25 00:00:00,236.869995117187,239.490005493164,236.210006713867,238.789993286132,209.081466674804,1424500,2022-03-25,Amgen,,,
2022-03-28 00:00:00,238.820007324218,240.570007324218,237.979995727539,240.470001220703,210.552490234375,2045300,2022-03-28,Amgen,,,
2022-03-29 00:00:00,241.660003662109,242.610000610351,238.610000610351,241.539993286132,211.489318847656,2230600,2022-03-29,Amgen,,,
2022-03-30 00:00:00,243.570007324218,244.729995727539,242.02000427246,242.570007324218,212.391159057617,2593300,2022-03-30,Amgen,,,
2022-03-31 00:00:00,244.179992675781,245.479995727539,241.679992675781,241.820007324218,211.734512329101,3102800,2022-03-31,Amgen,,,
2022-04-01 00:00:00,243.029998779296,243.949996948242,240.729995727539,243.119995117187,212.872741699218,1883900,2022-04-01,Amgen,,,
2022-04-04 00:00:00,242.83999633789,246.449996948242,242.649993896484,244.869995117187,214.405014038085,3518800,2022-04-04,Amgen,,,
2022-04-05 00:00:00,243.740005493164,248.75,243.740005493164,244.559997558593,214.133590698242,2180800,2022-04-05,Amgen,,,
2022-04-06 00:00:00,244.850006103515,251.460006713867,244.850006103515,249.929992675781,218.835479736328,3869000,2022-04-06,Amgen,,,
2022-04-07 00:00:00,249.199996948242,252.729995727539,249.02000427246,251.639999389648,220.332778930664,2674400,2022-04-07,Amgen,,,
2022-04-08 00:00:00,251.529998779296,253.889999389648,250.539993286132,252.02000427246,220.665481567382,2745800,2022-04-08,Amgen,,,
2022-04-11 00:00:00,253.600006103515,258.450012207031,250.149993896484,250.869995117187,219.658615112304,2975200,2022-04-11,Amgen,,,
2022-04-12 00:00:00,250.970001220703,252.550003051757,246.77000427246,250.039993286132,218.931808471679,2261100,2022-04-12,Amgen,,,
2022-04-13 00:00:00,251.139999389648,253.970001220703,249.77000427246,253.509994506835,221.970077514648,2402800,2022-04-13,Amgen,,,
2022-04-14 00:00:00,254.399993896484,257.570007324218,253.649993896484,254.02000427246,222.416687011718,2861800,2022-04-14,Amgen,,,
2022-04-18 00:00:00,252.490005493164,255.389999389648,251.149993896484,251.929992675781,220.586715698242,3615500,2022-04-18,Amgen,,,
2022-04-19 00:00:00,252.490005493164,255.729995727539,250.350006103515,253.369995117187,221.847518920898,2355100,2022-04-19,Amgen,,,
2022-04-20 00:00:00,254.070007324218,256.899993896484,253.5,255.380004882812,223.607467651367,1888100,2022-04-20,Amgen,,,
2022-04-21 00:00:00,256.410003662109,258.390014648437,254.949996948242,255.460006713867,223.677536010742,2117300,2022-04-21,Amgen,,,
2022-04-22 00:00:00,254.100006103515,255.899993896484,250.059997558593,250.350006103515,219.203247070312,2617800,2022-04-22,Amgen,,,
2022-04-25 00:00:00,251.009994506835,252.649993896484,247.910003662109,252.169998168945,220.796813964843,2271000,2022-04-25,Amgen,,,
2022-04-26 00:00:00,250.300003051757,253.0,249.720001220703,249.869995117187,218.782974243164,3306000,2022-04-26,Amgen,,,
2022-04-27 00:00:00,249.039993286132,252.02000427246,246.440002441406,248.789993286132,217.837356567382,2973500,2022-04-27,Amgen,,,
2022-04-28 00:00:00,235.729995727539,242.910003662109,231.149993896484,238.130004882812,208.503585815429,6609500,2022-04-28,Amgen,,,
2022-04-29 00:00:00,236.5,240.479995727539,232.740005493164,233.190002441406,204.178146362304,4029300,2022-04-29,Amgen,,,
2022-05-02 00:00:00,233.369995117187,234.050003051757,227.320007324218,230.919998168945,202.190612792968,4154800,2022-05-02,Amgen,,,
2022-05-03 00:00:00,233.75,234.190002441406,229.600006103515,232.190002441406,203.302597045898,2443800,2022-05-03,Amgen,,,
2022-05-04 00:00:00,232.570007324218,237.110000610351,231.399993896484,236.100006103515,206.726150512695,2494900,2022-05-04,Amgen,,,
2022-05-05 00:00:00,235.5,238.83999633789,232.240005493164,234.350006103515,205.193862915039,3357100,2022-05-05,Amgen,,,
2022-05-06 00:00:00,231.759994506835,237.460006713867,231.75,236.5,207.076370239257,4682100,2022-05-06,Amgen,,,
2022-05-09 00:00:00,236.580001831054,242.779998779296,234.539993286132,239.240005493164,209.475494384765,4376300,2022-05-09,Amgen,,,
2022-05-10 00:00:00,242.210006713867,244.410003662109,240.470001220703,240.710006713867,210.762619018554,4234800,2022-05-10,Amgen,,,
2022-05-11 00:00:00,240.360000610351,243.380004882812,239.210006713867,240.639999389648,210.701293945312,3411700,2022-05-11,Amgen,,,
2022-05-12 00:00:00,240.059997558593,244.83999633789,239.050003051757,244.720001220703,214.273666381835,3733300,2022-05-12,Amgen,,,
2022-05-13 00:00:00,244.639999389648,245.0,241.289993286132,243.399993896484,213.117874145507,2631900,2022-05-13,Amgen,,,
2022-05-16 00:00:00,241.240005493164,245.110000610351,241.160003662109,243.869995117187,215.245025634765,2414500,2022-05-16,Amgen,,,
2022-05-17 00:00:00,245.139999389648,246.220001220703,239.259994506835,245.350006103515,216.551315307617,2344100,2022-05-17,Amgen,,,
2022-05-18 00:00:00,246.490005493164,247.289993286132,243.0,243.960006713867,215.324478149414,3376800,2022-05-18,Amgen,,,
2022-05-19 00:00:00,242.350006103515,245.860000610351,241.860000610351,244.77000427246,216.03938293457,2414200,2022-05-19,Amgen,,,
2022-05-20 00:00:00,244.059997558593,247.660003662109,242.960006713867,247.5,218.448944091796,3860500,2022-05-20,Amgen,,,
2022-05-23 00:00:00,249.679992675781,251.050003051757,247.880004882812,249.039993286132,219.808227539062,2272600,2022-05-23,Amgen,,,
2022-05-24 00:00:00,248.669998168945,252.399993896484,248.330001831054,251.889999389648,222.323654174804,2667300,2022-05-24,Amgen,,,
2022-05-25 00:00:00,253.0,254.809997558593,250.029998779296,253.009994506835,223.312210083007,3538400,2022-05-25,Amgen,,,
2022-05-26 00:00:00,253.389999389648,255.610000610351,252.080001831054,253.050003051757,223.347534179687,2222300,2022-05-26,Amgen,,,
2022-05-27 00:00:00,253.5,256.230010986328,250.919998168945,255.259994506835,225.298110961914,2678900,2022-05-27,Amgen,,,
2022-05-31 00:00:00,255.0,257.260009765625,251.009994506835,256.739990234375,226.604370117187,6737500,2022-05-31,Amgen,,,
2022-06-01 00:00:00,257.880004882812,257.970001220703,251.350006103515,253.419998168945,223.674087524414,2664600,2022-06-01,Amgen,,,
2022-06-02 00:00:00,252.619995117187,252.729995727539,243.850006103515,248.279998779296,219.137420654296,3916200,2022-06-02,Amgen,,,
2022-06-03 00:00:00,248.300003051757,250.690002441406,247.720001220703,248.449996948242,219.28742980957,2086500,2022-06-03,Amgen,,,
2022-06-06 00:00:00,248.330001831054,248.830001831054,243.610000610351,245.440002441406,216.630737304687,2413700,2022-06-06,Amgen,,,
2022-06-07 00:00:00,244.649993896484,246.800003051757,243.369995117187,246.410003662109,217.486907958984,2693800,2022-06-07,Amgen,,,
2022-06-08 00:00:00,246.660003662109,246.880004882812,243.580001831054,245.479995727539,216.666046142578,2353900,2022-06-08,Amgen,,,
2022-06-09 00:00:00,244.720001220703,246.720001220703,241.440002441406,241.75,213.373901367187,2695200,2022-06-09,Amgen,,,
2022-06-10 00:00:00,240.02000427246,242.080001831054,237.399993896484,240.009994506835,211.838134765625,2910900,2022-06-10,Amgen,,,
2022-06-13 00:00:00,237.940002441406,239.050003051757,235.990005493164,236.77000427246,208.978439331054,4462300,2022-06-13,Amgen,,,
2022-06-14 00:00:00,236.970001220703,238.699996948242,233.440002441406,235.699996948242,208.03401184082,3020800,2022-06-14,Amgen,,,
2022-06-15 00:00:00,236.529998779296,237.259994506835,231.979995727539,235.580001831054,207.928115844726,3076700,2022-06-15,Amgen,,,
2022-06-16 00:00:00,233.600006103515,234.539993286132,229.58999633789,230.710006713867,203.629730224609,4102700,2022-06-16,Amgen,,,
2022-06-17 00:00:00,230.130004882812,238.25,229.490005493164,234.720001220703,207.169052124023,13114500,2022-06-17,Amgen,,,
2022-06-21 00:00:00,236.83999633789,238.860000610351,233.929992675781,238.410003662109,210.42593383789,3882200,2022-06-21,Amgen,,,
2022-06-22 00:00:00,237.169998168945,242.33999633789,236.899993896484,240.139999389648,211.952865600585,4172900,2022-06-22,Amgen,,,
2022-06-23 00:00:00,241.720001220703,244.02000427246,240.910003662109,243.08999633789,214.556610107421,3229600,2022-06-23,Amgen,,,
2022-06-24 00:00:00,244.0,246.0,242.880004882812,245.369995117187,216.568984985351,4527700,2022-06-24,Amgen,,,
2022-06-27 00:00:00,245.169998168945,246.289993286132,244.029998779296,244.850006103515,216.11001586914,2767500,2022-06-27,Amgen,,,
2022-06-28 00:00:00,245.929992675781,247.580001831054,243.389999389648,243.509994506835,214.927276611328,2430100,2022-06-28,Amgen,,,
2022-06-29 00:00:00,246.259994506835,247.100006103515,243.720001220703,245.429992675781,216.621917724609,2610400,2022-06-29,Amgen,,,
2022-06-30 00:00:00,244.169998168945,245.0,240.729995727539,243.300003051757,214.741958618164,3033800,2022-06-30,Amgen,,,
2022-07-01 00:00:00,243.25,246.0,240.720001220703,245.550003051757,216.72785949707,2745500,2022-07-01,Amgen,,,
2022-07-05 00:00:00,245.190002441406,246.740005493164,242.320007324218,246.729995727539,217.769332885742,2483600,2022-07-05,Amgen,,,
2022-07-06 00:00:00,246.619995117187,248.080001831054,244.539993286132,245.25,216.46304321289,4320500,2022-07-06,Amgen,,,
2022-07-07 00:00:00,244.5,248.029998779296,244.289993286132,247.419998168945,218.378341674804,3068200,2022-07-07,Amgen,,,
2022-07-08 00:00:00,248.149993896484,250.240005493164,247.199996948242,248.479995727539,219.313919067382,2215400,2022-07-08,Amgen,,,
2022-07-11 00:00:00,249.279998779296,250.110000610351,246.990005493164,247.779998779296,218.696105957031,1805000,2022-07-11,Amgen,,,
2022-07-12 00:00:00,247.779998779296,250.08999633789,245.679992675781,246.970001220703,217.981185913085,2699300,2022-07-12,Amgen,,,
2022-07-13 00:00:00,246.369995117187,248.75,245.160003662109,247.08999633789,218.08706665039,2498000,2022-07-13,Amgen,,,
2022-07-14 00:00:00,245.02000427246,246.820007324218,242.949996948242,245.58999633789,216.763153076171,2886400,2022-07-14,Amgen,,,
2022-07-15 00:00:00,247.389999389648,249.130004882812,245.440002441406,248.690002441406,219.499298095703,2805500,2022-07-15,Amgen,,,
2022-07-18 00:00:00,248.550003051757,249.449996948242,242.919998168945,243.83999633789,215.218566894531,2231400,2022-07-18,Amgen,,,
2022-07-19 00:00:00,246.960006713867,247.779998779296,245.039993286132,247.320007324218,218.290100097656,3375000,2022-07-19,Amgen,,,
2022-07-20 00:00:00,246.699996948242,248.460006713867,244.649993896484,246.630004882812,217.681060791015,2664600,2022-07-20,Amgen,,,
2022-07-21 00:00:00,245.740005493164,246.800003051757,243.610000610351,245.779998779296,216.930847167968,2009500,2022-07-21,Amgen,,,
2022-07-22 00:00:00,246.800003051757,249.130004882812,245.220001220703,245.949996948242,217.08088684082,1843600,2022-07-22,Amgen,,,
2022-07-25 00:00:00,246.860000610351,249.08999633789,246.559997558593,248.720001220703,219.525756835937,1771100,2022-07-25,Amgen,,,
2022-07-26 00:00:00,249.630004882812,253.77000427246,248.75,251.139999389648,221.661712646484,2528600,2022-07-26,Amgen,,,
2022-07-27 00:00:00,249.160003662109,252.75,248.08999633789,251.720001220703,222.173645019531,2180900,2022-07-27,Amgen,,,
2022-07-28 00:00:00,251.720001220703,251.720001220703,245.729995727539,249.75,220.434860229492,2214400,2022-07-28,Amgen,,,
2022-07-29 00:00:00,248.460006713867,249.570007324218,245.740005493164,247.470001220703,218.422485351562,3289700,2022-07-29,Amgen,,,
2022-08-01 00:00:00,247.33999633789,248.160003662109,244.649993896484,245.639999389648,216.807266235351,1960500,2022-08-01,Amgen,,,
2022-08-02 00:00:00,246.690002441406,247.850006103515,243.779998779296,243.910003662109,215.280349731445,2295100,2022-08-02,Amgen,,,
2022-08-03 00:00:00,245.940002441406,249.330001831054,245.179992675781,247.139999389648,218.131195068359,2061400,2022-08-03,Amgen,,,
2022-08-04 00:00:00,247.0,249.0,246.199996948242,246.979995727539,217.989990234375,2650600,2022-08-04,Amgen,,,
2022-08-05 00:00:00,246.460006713867,247.080001831054,241.789993286132,246.25,217.345703125,2723900,2022-08-05,Amgen,,,
2022-08-08 00:00:00,245.0,247.740005493164,244.309997558593,247.289993286132,218.263626098632,2784400,2022-08-08,Amgen,,,
2022-08-09 00:00:00,247.210006713867,249.720001220703,247.210006713867,248.360000610351,219.208053588867,2061600,2022-08-09,Amgen,,,
2022-08-10 00:00:00,249.809997558593,252.460006713867,248.529998779296,252.08999633789,222.500183105468,2628600,2022-08-10,Amgen,,,
2022-08-11 00:00:00,252.039993286132,253.360000610351,247.990005493164,248.350006103515,219.19920349121,2686900,2022-08-11,Amgen,,,
2022-08-12 00:00:00,248.52000427246,249.850006103515,246.300003051757,248.389999389648,219.234512329101,3461100,2022-08-12,Amgen,,,
2022-08-15 00:00:00,249.070007324218,251.529998779296,247.880004882812,251.080001831054,221.60871887207,2659100,2022-08-15,Amgen,,,
2022-08-16 00:00:00,251.860000610351,254.160003662109,251.660003662109,253.149993896484,223.435775756835,2206100,2022-08-16,Amgen,,,
2022-08-17 00:00:00,251.190002441406,252.649993896484,249.75,250.580001831054,222.875427246093,1882200,2022-08-17,Amgen,,,
2022-08-18 00:00:00,250.929992675781,251.039993286132,247.949996948242,249.699996948242,222.092727661132,1888800,2022-08-18,Amgen,,,
2022-08-19 00:00:00,247.630004882812,252.009994506835,247.630004882812,250.860000610351,223.124450683593,2207500,2022-08-19,Amgen,,,
2022-08-22 00:00:00,249.979995727539,251.229995727539,246.539993286132,246.899993896484,219.602279663085,3078300,2022-08-22,Amgen,,,
2022-08-23 00:00:00,246.690002441406,246.690002441406,242.850006103515,244.470001220703,217.440963745117,2659700,2022-08-23,Amgen,,,
2022-08-24 00:00:00,243.570007324218,244.979995727539,242.610000610351,244.490005493164,217.458755493164,2329200,2022-08-24,Amgen,,,
2022-08-25 00:00:00,246.009994506835,246.059997558593,243.809997558593,245.679992675781,218.517181396484,1725400,2022-08-25,Amgen,,,
2022-08-26 00:00:00,244.050003051757,246.360000610351,240.449996948242,240.649993896484,214.043334960937,2969400,2022-08-26,Amgen,,,
2022-08-29 00:00:00,238.83999633789,241.029998779296,238.009994506835,239.380004882812,212.913711547851,2113000,2022-08-29,Amgen,,,
2022-08-30 00:00:00,239.880004882812,240.309997558593,238.289993286132,239.119995117187,212.682464599609,3673000,2022-08-30,Amgen,,,
2022-08-31 00:00:00,241.58999633789,243.889999389648,239.850006103515,240.300003051757,213.732025146484,4303900,2022-08-31,Amgen,,,
2022-09-01 00:00:00,241.119995117187,245.740005493164,240.740005493164,245.5,218.35708618164,2488200,2022-09-01,Amgen,,,
2022-09-02 00:00:00,246.479995727539,247.779998779296,241.33999633789,242.369995117187,215.573120117187,2325100,2022-09-02,Amgen,,,
2022-09-06 00:00:00,243.740005493164,244.58999633789,241.539993286132,242.220001220703,215.439743041992,2102600,2022-09-06,Amgen,,,
2022-09-07 00:00:00,242.800003051757,245.320007324218,242.27000427246,244.789993286132,217.725601196289,2127300,2022-09-07,Amgen,,,
2022-09-08 00:00:00,244.800003051757,246.0,242.910003662109,245.449996948242,218.312606811523,2895800,2022-09-08,Amgen,,,
2022-09-09 00:00:00,245.449996948242,249.229995727539,245.029998779296,247.690002441406,220.304946899414,2318000,2022-09-09,Amgen,,,
2022-09-12 00:00:00,238.0,241.699996948242,235.110000610351,237.619995117187,211.348281860351,6294600,2022-09-12,Amgen,,,
2022-09-13 00:00:00,237.029998779296,237.139999389648,226.619995117187,226.860000610351,201.77798461914,4447200,2022-09-13,Amgen,,,
2022-09-14 00:00:00,227.529998779296,228.779998779296,226.130004882812,228.119995117187,202.898620605468,2715600,2022-09-14,Amgen,,,
2022-09-15 00:00:00,228.100006103515,229.009994506835,225.860000610351,227.660003662109,202.489501953125,2206100,2022-09-15,Amgen,,,
2022-09-16 00:00:00,226.889999389648,232.220001220703,226.610000610351,231.139999389648,205.584732055664,4604100,2022-09-16,Amgen,,,
2022-09-19 00:00:00,230.639999389648,230.860000610351,227.100006103515,230.759994506835,205.246765136718,1981400,2022-09-19,Amgen,,,
2022-09-20 00:00:00,228.5,229.990005493164,226.529998779296,227.710006713867,202.533966064453,1745900,2022-09-20,Amgen,,,
2022-09-21 00:00:00,229.130004882812,230.619995117187,224.360000610351,224.460006713867,199.643295288085,2186300,2022-09-21,Amgen,,,
2022-09-22 00:00:00,223.550003051757,229.369995117187,223.300003051757,227.75,202.569564819335,2081200,2022-09-22,Amgen,,,
2022-09-23 00:00:00,227.990005493164,228.610000610351,224.559997558593,226.970001220703,201.87580871582,2148600,2022-09-23,Amgen,,,
2022-09-26 00:00:00,226.77000427246,228.639999389648,225.380004882812,226.869995117187,201.786834716796,2454000,2022-09-26,Amgen,,,
2022-09-27 00:00:00,226.970001220703,229.960006713867,225.02000427246,225.990005493164,201.004119873046,2009800,2022-09-27,Amgen,,,
2022-09-28 00:00:00,229.960006713867,231.869995117187,227.740005493164,230.979995727539,205.442413330078,2782400,2022-09-28,Amgen,,,
2022-09-29 00:00:00,231.550003051757,231.550003051757,226.970001220703,228.410003662109,203.156600952148,2335700,2022-09-29,Amgen,,,
2022-09-30 00:00:00,228.419998168945,230.0,225.169998168945,225.399993896484,200.47932434082,2543400,2022-09-30,Amgen,,,
2022-10-03 00:00:00,228.27000427246,230.949996948242,226.419998168945,230.440002441406,204.962142944335,2521700,2022-10-03,Amgen,,,
2022-10-04 00:00:00,230.979995727539,234.08999633789,229.800003051757,233.02000427246,207.256912231445,2331000,2022-10-04,Amgen,,,
2022-10-05 00:00:00,232.630004882812,235.419998168945,230.960006713867,233.820007324218,207.968444824218,2060400,2022-10-05,Amgen,,,
2022-10-06 00:00:00,232.52000427246,233.139999389648,230.229995727539,230.940002441406,205.406875610351,1523800,2022-10-06,Amgen,,,
2022-10-07 00:00:00,230.0,231.52000427246,228.570007324218,229.029998779296,203.708023071289,2060000,2022-10-07,Amgen,,,
2022-10-10 00:00:00,231.080001831054,234.139999389648,229.889999389648,232.149993896484,206.483078002929,1630100,2022-10-10,Amgen,,,
2022-10-11 00:00:00,239.490005493164,250.479995727539,237.83999633789,245.440002441406,218.30369567871,6256000,2022-10-11,Amgen,,,
2022-10-12 00:00:00,244.360000610351,248.729995727539,243.410003662109,246.440002441406,219.193145751953,2639800,2022-10-12,Amgen,,,
2022-10-13 00:00:00,244.77000427246,252.369995117187,242.83999633789,251.660003662109,223.836013793945,3288900,2022-10-13,Amgen,,,
2022-10-14 00:00:00,252.0,253.110000610351,250.229995727539,251.33999633789,223.551406860351,2864400,2022-10-14,Amgen,,,
2022-10-17 00:00:00,251.419998168945,253.419998168945,249.490005493164,252.929992675781,224.965606689453,2577100,2022-10-17,Amgen,,,
2022-10-18 00:00:00,253.860000610351,254.699996948242,251.029998779296,252.119995117187,224.245162963867,2060000,2022-10-18,Amgen,,,
2022-10-19 00:00:00,251.309997558593,252.350006103515,246.940002441406,248.190002441406,220.749679565429,1883000,2022-10-19,Amgen,,,
2022-10-20 00:00:00,247.550003051757,249.059997558593,246.009994506835,247.449996948242,220.091506958007,2058000,2022-10-20,Amgen,,,
2022-10-21 00:00:00,247.52000427246,252.389999389648,247.009994506835,251.940002441406,224.085083007812,3531200,2022-10-21,Amgen,,,
2022-10-24 00:00:00,254.949996948242,261.58999633789,254.899993896484,261.320007324218,232.427978515625,2883200,2022-10-24,Amgen,,,
2022-10-25 00:00:00,260.489990234375,261.790008544921,257.190002441406,259.989990234375,231.245040893554,2548900,2022-10-25,Amgen,,,
2022-10-26 00:00:00,262.989990234375,267.980010986328,261.510009765625,266.660003662109,237.177581787109,3008900,2022-10-26,Amgen,,,
2022-10-27 00:00:00,268.0,269.309997558593,265.880004882812,267.230010986328,237.684616088867,2260900,2022-10-27,Amgen,,,
2022-10-28 00:00:00,269.679992675781,274.540008544921,269.119995117187,273.809997558593,243.537078857421,2924100,2022-10-28,Amgen,,,
2022-10-31 00:00:00,269.200012207031,271.809997558593,268.0,270.350006103515,240.45962524414,3033600,2022-10-31,Amgen,,,
2022-11-01 00:00:00,269.600006103515,272.869995117187,268.380004882812,272.059997558593,241.980575561523,2062600,2022-11-01,Amgen,,,
2022-11-02 00:00:00,271.640014648437,274.880004882812,268.950012207031,269.010009765625,239.267791748046,2637300,2022-11-02,Amgen,,,
2022-11-03 00:00:00,268.529998779296,268.600006103515,265.019989013671,265.880004882812,236.483825683593,2779500,2022-11-03,Amgen,,,
2022-11-04 00:00:00,261.940002441406,269.299987792968,259.83999633789,269.040008544921,239.294509887695,3402000,2022-11-04,Amgen,,,
2022-11-07 00:00:00,268.149993896484,277.480010986328,267.75,277.019989013671,246.392135620117,2926700,2022-11-07,Amgen,,,
2022-11-08 00:00:00,282.570007324218,296.670013427734,282.220001220703,292.390014648437,260.062896728515,6911300,2022-11-08,Amgen,,,
2022-11-09 00:00:00,290.0,296.220001220703,289.260009765625,289.649993896484,257.625762939453,3469100,2022-11-09,Amgen,,,
2022-11-10 00:00:00,294.079986572265,294.480010986328,285.350006103515,291.010009765625,258.83544921875,4083200,2022-11-10,Amgen,,,
2022-11-11 00:00:00,288.549987792968,289.359985351562,279.619995117187,285.019989013671,253.507705688476,3255100,2022-11-11,Amgen,,,
2022-11-14 00:00:00,284.700012207031,290.899993896484,284.700012207031,285.299987792968,253.756729125976,2812800,2022-11-14,Amgen,,,
2022-11-15 00:00:00,286.019989013671,289.429992675781,280.220001220703,283.600006103515,252.244705200195,2763200,2022-11-15,Amgen,,,
2022-11-16 00:00:00,284.019989013671,286.989990234375,282.559997558593,283.769989013671,254.134292602539,2443500,2022-11-16,Amgen,,,
2022-11-17 00:00:00,282.920013427734,288.799987792968,282.660003662109,287.299987792968,257.295623779296,2172000,2022-11-17,Amgen,,,
2022-11-18 00:00:00,284.429992675781,288.739990234375,284.429992675781,287.290008544921,257.286743164062,2371700,2022-11-18,Amgen,,,
2022-11-21 00:00:00,289.08999633789,291.600006103515,287.899993896484,288.160003662109,258.065826416015,2795100,2022-11-21,Amgen,,,
2022-11-22 00:00:00,288.010009765625,289.399993896484,283.519989013671,287.049987792968,257.07177734375,3636000,2022-11-22,Amgen,,,
2022-11-23 00:00:00,287.440002441406,289.540008544921,281.600006103515,283.399993896484,253.802947998046,2875600,2022-11-23,Amgen,,,
2022-11-25 00:00:00,281.950012207031,285.570007324218,281.410003662109,283.739990234375,254.107467651367,1220700,2022-11-25,Amgen,,,
2022-11-28 00:00:00,285.0,288.279998779296,282.190002441406,282.619995117187,253.104385375976,2375900,2022-11-28,Amgen,,,
2022-11-29 00:00:00,283.380004882812,283.380004882812,279.679992675781,281.989990234375,252.54019165039,2135300,2022-11-29,Amgen,,,
2022-11-30 00:00:00,282.559997558593,287.959991455078,278.929992675781,286.399993896484,256.489624023437,5776200,2022-11-30,Amgen,,,
2022-12-01 00:00:00,288.0,288.08999633789,279.880004882812,285.940002441406,256.077667236328,2914600,2022-12-01,Amgen,,,
2022-12-02 00:00:00,284.059997558593,286.119995117187,283.190002441406,285.510009765625,255.692596435546,2267000,2022-12-02,Amgen,,,
2022-12-05 00:00:00,283.790008544921,286.779998779296,283.0,284.910003662109,255.155227661132,3274700,2022-12-05,Amgen,,,
2022-12-06 00:00:00,285.83999633789,287.440002441406,281.690002441406,283.290008544921,253.704437255859,2608800,2022-12-06,Amgen,,,
2022-12-07 00:00:00,283.410003662109,285.929992675781,281.809997558593,285.760009765625,255.91648864746,2492600,2022-12-07,Amgen,,,
2022-12-08 00:00:00,286.510009765625,286.58999633789,283.739990234375,285.570007324218,255.746383666992,1769800,2022-12-08,Amgen,,,
2022-12-09 00:00:00,284.190002441406,285.170013427734,278.33999633789,278.649993896484,249.549041748046,2205700,2022-12-09,Amgen,,,
2022-12-12 00:00:00,272.820007324218,279.480010986328,272.630004882812,276.779998779296,247.87434387207,3427400,2022-12-12,Amgen,,,
2022-12-13 00:00:00,282.019989013671,282.670013427734,271.619995117187,272.260009765625,243.826416015625,3871300,2022-12-13,Amgen,,,
2022-12-14 00:00:00,271.970001220703,273.369995117187,267.290008544921,271.130004882812,242.814361572265,3795000,2022-12-14,Amgen,,,
2022-12-15 00:00:00,270.440002441406,271.119995117187,263.450012207031,266.140014648437,238.345565795898,3200400,2022-12-15,Amgen,,,
2022-12-16 00:00:00,264.950012207031,267.980010986328,264.309997558593,267.410003662109,239.482864379882,8789000,2022-12-16,Amgen,,,
2022-12-19 00:00:00,266.820007324218,268.910003662109,263.809997558593,265.700012207031,237.951477050781,2679800,2022-12-19,Amgen,,,
2022-12-20 00:00:00,266.690002441406,267.679992675781,262.820007324218,264.75,237.100692749023,1609100,2022-12-20,Amgen,,,
2022-12-21 00:00:00,264.880004882812,267.399993896484,264.25,266.260009765625,238.452987670898,2057000,2022-12-21,Amgen,,,
2022-12-22 00:00:00,265.799987792968,266.170013427734,263.190002441406,265.260009765625,237.55744934082,1979100,2022-12-22,Amgen,,,
2022-12-23 00:00:00,264.880004882812,265.290008544921,262.899993896484,263.920013427734,236.357360839843,1465500,2022-12-23,Amgen,,,
2022-12-27 00:00:00,265.690002441406,266.609985351562,262.880004882812,263.390014648437,235.882751464843,1604700,2022-12-27,Amgen,,,
2022-12-28 00:00:00,264.420013427734,265.619995117187,261.140014648437,261.420013427734,234.118469238281,1349500,2022-12-28,Amgen,,,
2022-12-29 00:00:00,262.470001220703,264.880004882812,262.140014648437,263.160003662109,235.67674255371,1446400,2022-12-29,Amgen,,,
2022-12-30 00:00:00,262.730010986328,263.230010986328,259.510009765625,262.640014648437,235.211074829101,1622000,2022-12-30,Amgen,,,
2023-01-03 00:00:00,260.869995117187,262.600006103515,258.869995117187,261.649993896484,234.324432373046,2594800,2023-01-03,Amgen,,,
2023-01-04 00:00:00,263.010009765625,265.010009765625,261.0,264.390014648437,236.778289794921,1773800,2023-01-04,Amgen,,,
2023-01-05 00:00:00,264.070007324218,268.0,262.519989013671,266.859985351562,238.990310668945,2056000,2023-01-05,Amgen,,,
2023-01-06 00:00:00,270.040008544921,276.820007324218,269.029998779296,275.200012207031,246.459365844726,2887800,2023-01-06,Amgen,,,
2023-01-09 00:00:00,275.579986572265,275.579986572265,268.660003662109,270.119995117187,241.909835815429,2160700,2023-01-09,Amgen,,,
2023-01-10 00:00:00,271.950012207031,274.609985351562,270.109985351562,273.880004882812,245.277160644531,1783400,2023-01-10,Amgen,,,
2023-01-11 00:00:00,275.970001220703,276.83999633789,270.179992675781,272.910003662109,244.408477783203,2044400,2023-01-11,Amgen,,,
2023-01-12 00:00:00,271.920013427734,272.649993896484,268.890014648437,270.920013427734,242.626373291015,1454100,2023-01-12,Amgen,,,
2023-01-13 00:00:00,270.940002441406,272.230010986328,270.200012207031,271.730010986328,243.35171508789,1696800,2023-01-13,Amgen,,,
2023-01-17 00:00:00,272.200012207031,273.829986572265,268.829986572265,269.420013427734,241.282989501953,2472800,2023-01-17,Amgen,,,
2023-01-18 00:00:00,269.420013427734,270.519989013671,263.649993896484,264.390014648437,236.778289794921,2218100,2023-01-18,Amgen,,,
2023-01-19 00:00:00,262.0,263.519989013671,260.929992675781,262.029998779296,234.664764404296,2090500,2023-01-19,Amgen,,,
2023-01-20 00:00:00,262.029998779296,263.83999633789,259.869995117187,263.239990234375,235.748382568359,2574100,2023-01-20,Amgen,,,
2023-01-23 00:00:00,264.0,264.730010986328,259.809997558593,260.970001220703,233.715408325195,2025000,2023-01-23,Amgen,,,
2023-01-24 00:00:00,261.850006103515,262.0,257.519989013671,259.700012207031,232.578079223632,1596900,2023-01-24,Amgen,,,
2023-01-25 00:00:00,260.08999633789,261.549987792968,256.019989013671,256.540008544921,229.748123168945,1910600,2023-01-25,Amgen,,,
2023-01-26 00:00:00,256.540008544921,256.690002441406,253.009994506835,254.880004882812,228.261459350585,2522100,2023-01-26,Amgen,,,
2023-01-27 00:00:00,254.869995117187,255.5,252.539993286132,253.649993896484,227.159927368164,2109900,2023-01-27,Amgen,,,
2023-01-30 00:00:00,253.460006713867,254.160003662109,250.600006103515,251.58999633789,225.315063476562,2042800,2023-01-30,Amgen,,,
2023-01-31 00:00:00,253.860000610351,253.860000610351,249.889999389648,252.399993896484,226.040496826171,3418300,2023-01-31,Amgen,,,
2023-02-01 00:00:00,249.160003662109,249.550003051757,240.0,246.410003662109,220.676025390625,5344700,2023-02-01,Amgen,,,
2023-02-02 00:00:00,243.779998779296,246.570007324218,236.369995117187,246.529998779296,220.783462524414,5489100,2023-02-02,Amgen,,,
2023-02-03 00:00:00,249.960006713867,249.960006713867,242.210006713867,245.169998168945,219.565505981445,3073000,2023-02-03,Amgen,,,
2023-02-06 00:00:00,245.360000610351,246.800003051757,243.449996948242,243.850006103515,218.383392333984,2196900,2023-02-06,Amgen,,,
2023-02-07 00:00:00,243.02000427246,244.940002441406,241.419998168945,244.0,218.517745971679,2408000,2023-02-07,Amgen,,,
2023-02-08 00:00:00,242.990005493164,243.559997558593,239.600006103515,240.199996948242,215.114593505859,2761200,2023-02-08,Amgen,,,
2023-02-09 00:00:00,241.119995117187,243.460006713867,238.990005493164,240.0,214.935470581054,3056200,2023-02-09,Amgen,,,
2023-02-10 00:00:00,241.919998168945,244.139999389648,240.410003662109,242.5,217.174377441406,2687200,2023-02-10,Amgen,,,
2023-02-13 00:00:00,243.199996948242,243.830001831054,241.300003051757,243.660003662109,218.213241577148,2321900,2023-02-13,Amgen,,,
2023-02-14 00:00:00,242.699996948242,243.0,239.110000610351,241.029998779296,217.761474609375,2015900,2023-02-14,Amgen,,,
2023-02-15 00:00:00,240.210006713867,240.539993286132,238.729995727539,240.070007324218,216.894210815429,1783300,2023-02-15,Amgen,,,
2023-02-16 00:00:00,238.460006713867,239.009994506835,234.039993286132,234.220001220703,211.608901977539,3291800,2023-02-16,Amgen,,,
2023-02-17 00:00:00,235.33999633789,241.720001220703,233.710006713867,240.529998779296,217.309768676757,2978100,2023-02-17,Amgen,,,
2023-02-21 00:00:00,240.789993286132,241.919998168945,238.199996948242,238.240005493164,215.240844726562,2524100,2023-02-21,Amgen,,,
2023-02-22 00:00:00,240.300003051757,240.990005493164,235.75,236.160003662109,213.361663818359,2187600,2023-02-22,Amgen,,,
2023-02-23 00:00:00,236.699996948242,237.860000610351,234.75,237.619995117187,214.680709838867,2211600,2023-02-23,Amgen,,,
2023-02-24 00:00:00,236.830001831054,237.059997558593,233.119995117187,233.660003662109,211.102996826171,1853900,2023-02-24,Amgen,,,
2023-02-27 00:00:00,235.220001220703,235.220001220703,232.889999389648,234.449996948242,211.816696166992,1723000,2023-02-27,Amgen,,,
2023-02-28 00:00:00,233.630004882812,234.470001220703,231.600006103515,231.660003662109,209.296066284179,2615700,2023-02-28,Amgen,,,
2023-03-01 00:00:00,230.369995117187,236.440002441406,230.139999389648,236.190002441406,213.388748168945,2441300,2023-03-01,Amgen,,,
2023-03-02 00:00:00,236.119995117187,236.369995117187,233.899993896484,234.740005493164,212.078750610351,1777100,2023-03-02,Amgen,,,
2023-03-03 00:00:00,235.0,235.889999389648,233.600006103515,234.809997558593,212.141967773437,2214500,2023-03-03,Amgen,,,
2023-03-06 00:00:00,235.0,235.630004882812,233.639999389648,235.110000610351,212.413009643554,2591000,2023-03-06,Amgen,,,
2023-03-07 00:00:00,235.110000610351,235.199996948242,228.350006103515,228.720001220703,206.639862060546,2362200,2023-03-07,Amgen,,,
2023-03-08 00:00:00,230.160003662109,231.800003051757,227.369995117187,228.429992675781,206.377883911132,1842200,2023-03-08,Amgen,,,
2023-03-09 00:00:00,229.490005493164,229.830001831054,225.399993896484,225.789993286132,203.992721557617,1736900,2023-03-09,Amgen,,,
2023-03-10 00:00:00,226.77000427246,230.279998779296,225.630004882812,227.869995117187,205.871932983398,2661800,2023-03-10,Amgen,,,
2023-03-13 00:00:00,231.179992675781,237.27000427246,230.5,233.179992675781,210.669296264648,3146000,2023-03-13,Amgen,,,
2023-03-14 00:00:00,233.460006713867,233.460006713867,229.410003662109,230.580001831054,208.32029724121,3227100,2023-03-14,Amgen,,,
2023-03-15 00:00:00,230.399993896484,235.570007324218,228.550003051757,234.899993896484,212.223266601562,3092300,2023-03-15,Amgen,,,
2023-03-16 00:00:00,233.740005493164,234.660003662109,230.059997558593,234.570007324218,211.92512512207,2326000,2023-03-16,Amgen,,,
2023-03-17 00:00:00,233.570007324218,233.809997558593,228.52000427246,229.789993286132,207.606567382812,7817000,2023-03-17,Amgen,,,
2023-03-20 00:00:00,230.580001831054,235.160003662109,230.139999389648,234.720001220703,212.060653686523,2020800,2023-03-20,Amgen,,,
2023-03-21 00:00:00,234.720001220703,235.279998779296,231.039993286132,232.949996948242,210.461517333984,2128600,2023-03-21,Amgen,,,
2023-03-22 00:00:00,233.449996948242,233.949996948242,229.58999633789,229.830001831054,207.642700195312,1725100,2023-03-22,Amgen,,,
2023-03-23 00:00:00,230.039993286132,234.100006103515,229.889999389648,233.100006103515,210.597061157226,2175700,2023-03-23,Amgen,,,
2023-03-24 00:00:00,234.220001220703,238.5,233.009994506835,238.029998779296,215.051132202148,2547300,2023-03-24,Amgen,,,
2023-03-27 00:00:00,239.610000610351,239.949996948242,235.070007324218,236.759994506835,213.903747558593,2129100,2023-03-27,Amgen,,,
2023-03-28 00:00:00,237.0,238.679992675781,236.910003662109,238.479995727539,215.457656860351,1887800,2023-03-28,Amgen,,,
2023-03-29 00:00:00,239.710006713867,241.58999633789,238.330001831054,241.029998779296,217.761474609375,2744000,2023-03-29,Amgen,,,
2023-03-30 00:00:00,242.529998779296,242.809997558593,240.110000610351,241.5,218.186126708984,2577000,2023-03-30,Amgen,,,
2023-03-31 00:00:00,241.429992675781,242.399993896484,239.149993896484,241.75,218.411987304687,2762500,2023-03-31,Amgen,,,
2023-04-03 00:00:00,242.0,244.75,241.360000610351,244.440002441406,220.842300415039,2478700,2023-04-03,Amgen,,,
2023-04-04 00:00:00,244.52000427246,248.110000610351,243.800003051757,247.529998779296,223.634017944335,2942800,2023-04-04,Amgen,,,
2023-04-05 00:00:00,248.570007324218,253.710006713867,248.229995727539,253.369995117187,228.910232543945,2468000,2023-04-05,Amgen,,,
2023-04-06 00:00:00,254.360000610351,255.429992675781,252.929992675781,253.320007324218,228.86506652832,2047800,2023-04-06,Amgen,,,
2023-04-10 00:00:00,256.440002441406,256.440002441406,250.050003051757,250.899993896484,226.678665161132,1595600,2023-04-10,Amgen,,,
2023-04-11 00:00:00,251.419998168945,253.080001831054,250.979995727539,251.429992675781,227.157516479492,1272800,2023-04-11,Amgen,,,
2023-04-12 00:00:00,252.5,252.710006713867,248.880004882812,249.5,225.413803100585,2268900,2023-04-12,Amgen,,,
2023-04-13 00:00:00,248.600006103515,251.899993896484,248.27000427246,251.440002441406,227.166549682617,2020900,2023-04-13,Amgen,,,
2023-04-14 00:00:00,250.619995117187,251.759994506835,248.960006713867,250.0,225.86555480957,1866200,2023-04-14,Amgen,,,
2023-04-17 00:00:00,250.889999389648,251.5,247.580001831054,248.070007324218,224.121856689453,1784800,2023-04-17,Amgen,,,
2023-04-18 00:00:00,248.369995117187,249.009994506835,244.649993896484,246.08999633789,222.3330078125,1638800,2023-04-18,Amgen,,,
2023-04-19 00:00:00,245.25,246.759994506835,244.369995117187,246.210006713867,222.441421508789,1246500,2023-04-19,Amgen,,,
2023-04-20 00:00:00,246.119995117187,246.399993896484,243.050003051757,243.460006713867,219.956909179687,1691300,2023-04-20,Amgen,,,
2023-04-21 00:00:00,243.460006713867,243.919998168945,242.649993896484,243.860000610351,220.318283081054,1721300,2023-04-21,Amgen,,,
2023-04-24 00:00:00,243.199996948242,245.369995117187,242.330001831054,244.449996948242,220.851348876953,1232100,2023-04-24,Amgen,,,
2023-04-25 00:00:00,245.119995117187,246.529998779296,244.309997558593,244.869995117187,221.23078918457,1509700,2023-04-25,Amgen,,,
2023-04-26 00:00:00,242.080001831054,243.550003051757,238.580001831054,238.800003051757,215.746810913085,2002900,2023-04-26,Amgen,,,
2023-04-27 00:00:00,239.240005493164,240.710006713867,235.399993896484,240.33999633789,217.138092041015,2533900,2023-04-27,Amgen,,,
2023-04-28 00:00:00,236.820007324218,240.100006103515,233.169998168945,239.740005493164,216.596038818359,2721400,2023-04-28,Amgen,,,
2023-05-01 00:00:00,240.029998779296,241.300003051757,238.08999633789,238.899993896484,215.837112426757,1920500,2023-05-01,Amgen,,,
2023-05-02 00:00:00,238.080001831054,239.0,235.389999389648,235.970001220703,213.189971923828,2127200,2023-05-02,Amgen,,,
2023-05-03 00:00:00,235.970001220703,236.300003051757,228.979995727539,229.309997558593,207.172897338867,2998000,2023-05-03,Amgen,,,
2023-05-04 00:00:00,230.309997558593,232.029998779296,229.149993896484,231.889999389648,209.503829956054,2228500,2023-05-04,Amgen,,,
2023-05-05 00:00:00,232.660003662109,237.039993286132,232.070007324218,236.529998779296,213.695938110351,2806800,2023-05-05,Amgen,,,
2023-05-08 00:00:00,235.33999633789,235.740005493164,232.199996948242,234.619995117187,211.970275878906,1667800,2023-05-08,Amgen,,,
2023-05-09 00:00:00,234.639999389648,235.440002441406,233.220001220703,234.429992675781,211.798645019531,1468900,2023-05-09,Amgen,,,
2023-05-10 00:00:00,234.889999389648,235.0,231.350006103515,234.110000610351,211.509552001953,1530800,2023-05-10,Amgen,,,
2023-05-11 00:00:00,234.649993896484,234.990005493164,230.410003662109,232.289993286132,209.865280151367,1612400,2023-05-11,Amgen,,,
2023-05-12 00:00:00,233.029998779296,233.550003051757,231.210006713867,232.949996948242,210.461517333984,1295600,2023-05-12,Amgen,,,
2023-05-15 00:00:00,233.27000427246,233.919998168945,232.119995117187,233.529998779296,210.985519409179,1551300,2023-05-15,Amgen,,,
2023-05-16 00:00:00,234.210006713867,234.509994506835,227.740005493164,227.880004882812,205.880950927734,2646500,2023-05-16,Amgen,,,
2023-05-17 00:00:00,226.02000427246,226.08999633789,220.440002441406,225.02000427246,205.215240478515,3352900,2023-05-17,Amgen,,,
2023-05-18 00:00:00,224.75,224.75,221.919998168945,224.229995727539,204.494735717773,2245300,2023-05-18,Amgen,,,
2023-05-19 00:00:00,224.440002441406,225.880004882812,222.779998779296,223.419998168945,203.756057739257,2395700,2023-05-19,Amgen,,,
2023-05-22 00:00:00,224.850006103515,226.820007324218,222.820007324218,223.990005493164,204.27587890625,1848600,2023-05-22,Amgen,,,
2023-05-23 00:00:00,224.210006713867,226.820007324218,222.800003051757,224.440002441406,204.686264038085,2296600,2023-05-23,Amgen,,,
2023-05-24 00:00:00,225.639999389648,225.960006713867,221.039993286132,221.320007324218,201.840866088867,1765000,2023-05-24,Amgen,,,
2023-05-25 00:00:00,220.100006103515,220.100006103515,214.929992675781,217.460006713867,198.320617675781,2968200,2023-05-25,Amgen,,,
2023-05-26 00:00:00,215.960006713867,218.479995727539,214.479995727539,216.929992675781,197.837249755859,3081000,2023-05-26,Amgen,,,
2023-05-30 00:00:00,215.029998779296,219.0,214.720001220703,218.529998779296,199.296432495117,3125900,2023-05-30,Amgen,,,
2023-05-31 00:00:00,219.580001831054,221.850006103515,217.190002441406,220.649993896484,201.229827880859,3884700,2023-05-31,Amgen,,,
2023-06-01 00:00:00,219.960006713867,220.600006103515,211.710006713867,214.27000427246,195.411376953125,4831400,2023-06-01,Amgen,,,
2023-06-02 00:00:00,213.75,218.759994506835,212.02000427246,218.070007324218,198.876907348632,3687200,2023-06-02,Amgen,,,
2023-06-05 00:00:00,219.669998168945,223.039993286132,218.470001220703,221.880004882812,202.351593017578,2498700,2023-06-05,Amgen,,,
2023-06-06 00:00:00,223.080001831054,223.169998168945,219.279998779296,221.220001220703,201.74966430664,1736100,2023-06-06,Amgen,,,
2023-06-07 00:00:00,220.759994506835,221.869995117187,219.729995727539,221.25,201.777023315429,2555400,2023-06-07,Amgen,,,
2023-06-08 00:00:00,221.259994506835,221.889999389648,219.360000610351,220.759994506835,201.330169677734,1877300,2023-06-08,Amgen,,,
2023-06-09 00:00:00,219.33999633789,220.940002441406,217.77000427246,218.759994506835,199.506164550781,1707900,2023-06-09,Amgen,,,
2023-06-12 00:00:00,219.25,219.25,215.320007324218,217.360000610351,198.229385375976,2704300,2023-06-12,Amgen,,,
2023-06-13 00:00:00,217.429992675781,222.33999633789,216.929992675781,221.990005493164,202.451889038085,2318500,2023-06-13,Amgen,,,
2023-06-14 00:00:00,223.259994506835,223.690002441406,221.100006103515,222.279998779296,202.716369628906,2453000,2023-06-14,Amgen,,,
2023-06-15 00:00:00,223.009994506835,228.850006103515,222.970001220703,228.440002441406,208.334213256835,2633900,2023-06-15,Amgen,,,
2023-06-16 00:00:00,230.039993286132,231.949996948242,227.75,229.660003662109,209.446823120117,6765000,2023-06-16,Amgen,,,
2023-06-20 00:00:00,229.029998779296,230.83999633789,227.190002441406,228.58999633789,208.470993041992,2492700,2023-06-20,Amgen,,,
2023-06-21 00:00:00,228.179992675781,230.0,225.58999633789,227.039993286132,207.05744934082,2282600,2023-06-21,Amgen,,,
2023-06-22 00:00:00,227.309997558593,229.880004882812,226.759994506835,229.660003662109,209.446823120117,1607200,2023-06-22,Amgen,,,
2023-06-23 00:00:00,229.869995117187,230.539993286132,226.410003662109,227.110000610351,207.121292114257,4130700,2023-06-23,Amgen,,,
2023-06-26 00:00:00,226.800003051757,226.800003051757,220.119995117187,224.729995727539,204.950714111328,2565500,2023-06-26,Amgen,,,
2023-06-27 00:00:00,224.160003662109,224.639999389648,221.130004882812,222.610000610351,203.017333984375,2705900,2023-06-27,Amgen,,,
2023-06-28 00:00:00,222.240005493164,222.350006103515,218.649993896484,221.309997558593,201.831741333007,2263400,2023-06-28,Amgen,,,
2023-06-29 00:00:00,219.619995117187,221.660003662109,218.880004882812,221.160003662109,201.694946289062,1860300,2023-06-29,Amgen,,,
2023-06-30 00:00:00,222.0,223.110000610351,221.009994506835,222.02000427246,202.479232788085,2843300,2023-06-30,Amgen,,,
2023-07-03 00:00:00,221.210006713867,225.570007324218,219.83999633789,225.009994506835,205.206130981445,1479200,2023-07-03,Amgen,,,
2023-07-05 00:00:00,224.660003662109,227.320007324218,222.410003662109,225.880004882812,205.999542236328,2440400,2023-07-05,Amgen,,,
2023-07-06 00:00:00,224.919998168945,225.990005493164,221.699996948242,222.979995727539,203.354782104492,2457800,2023-07-06,Amgen,,,
2023-07-07 00:00:00,221.860000610351,222.160003662109,218.440002441406,218.649993896484,199.405853271484,2841500,2023-07-07,Amgen,,,
2023-07-10 00:00:00,219.160003662109,224.899993896484,218.610000610351,224.729995727539,204.950714111328,2501700,2023-07-10,Amgen,,,
2023-07-11 00:00:00,223.830001831054,225.580001831054,222.27000427246,223.860000610351,204.157302856445,2021500,2023-07-11,Amgen,,,
2023-07-12 00:00:00,225.169998168945,227.320007324218,224.08999633789,225.679992675781,205.817169189453,2619500,2023-07-12,Amgen,,,
2023-07-13 00:00:00,225.850006103515,228.119995117187,225.0,227.660003662109,207.622863769531,1803600,2023-07-13,Amgen,,,
2023-07-14 00:00:00,227.83999633789,228.660003662109,225.960006713867,227.429992675781,207.413116455078,2044700,2023-07-14,Amgen,,,
2023-07-17 00:00:00,226.869995117187,228.600006103515,224.33999633789,227.83999633789,207.787033081054,2049200,2023-07-17,Amgen,,,
2023-07-18 00:00:00,227.789993286132,234.070007324218,227.399993896484,232.570007324218,212.10073852539,2621200,2023-07-18,Amgen,,,
2023-07-19 00:00:00,232.979995727539,234.550003051757,231.990005493164,232.050003051757,211.626480102539,2047200,2023-07-19,Amgen,,,
2023-07-20 00:00:00,233.809997558593,238.479995727539,232.910003662109,233.229995727539,212.70263671875,3741300,2023-07-20,Amgen,,,
2023-07-21 00:00:00,233.77000427246,236.380004882812,232.779998779296,234.820007324218,214.15266418457,9381100,2023-07-21,Amgen,,,
2023-07-24 00:00:00,235.0,236.130004882812,233.919998168945,235.419998168945,214.699890136718,1771300,2023-07-24,Amgen,,,
2023-07-25 00:00:00,234.360000610351,236.570007324218,234.279998779296,235.309997558593,214.599548339843,1325600,2023-07-25,Amgen,,,
2023-07-26 00:00:00,233.949996948242,235.740005493164,232.440002441406,235.210006713867,214.508377075195,1576800,2023-07-26,Amgen,,,
2023-07-27 00:00:00,234.479995727539,238.479995727539,234.309997558593,236.050003051757,215.274429321289,2439600,2023-07-27,Amgen,,,
2023-07-28 00:00:00,236.820007324218,238.179992675781,235.08999633789,236.369995117187,215.566268920898,1889500,2023-07-28,Amgen,,,
2023-07-31 00:00:00,236.479995727539,236.479995727539,233.02000427246,234.149993896484,213.541625976562,2826600,2023-07-31,Amgen,,,
2023-08-01 00:00:00,234.929992675781,235.380004882812,230.58999633789,232.119995117187,211.690322875976,1843400,2023-08-01,Amgen,,,
2023-08-02 00:00:00,232.720001220703,233.029998779296,228.699996948242,230.410003662109,210.130828857421,2593500,2023-08-02,Amgen,,,
2023-08-03 00:00:00,230.789993286132,231.100006103515,228.210006713867,230.699996948242,210.395294189453,2322200,2023-08-03,Amgen,,,
2023-08-04 00:00:00,237.910003662109,246.419998168945,237.0,243.279998779296,221.868103027343,5181200,2023-08-04,Amgen,,,
2023-08-07 00:00:00,244.25,253.820007324218,243.460006713867,252.940002441406,230.677856445312,4076600,2023-08-07,Amgen,,,
2023-08-08 00:00:00,257.519989013671,263.790008544921,256.5,260.799987792968,237.846115112304,5321600,2023-08-08,Amgen,,,
2023-08-09 00:00:00,259.920013427734,263.769989013671,259.119995117187,259.320007324218,236.496368408203,2428100,2023-08-09,Amgen,,,
2023-08-10 00:00:00,261.540008544921,264.779998779296,260.459991455078,262.059997558593,238.995223999023,1919200,2023-08-10,Amgen,,,
2023-08-11 00:00:00,261.700012207031,264.109985351562,260.829986572265,262.510009765625,239.405578613281,1560600,2023-08-11,Amgen,,,
2023-08-14 00:00:00,262.220001220703,263.470001220703,259.850006103515,260.970001220703,238.001159667968,1966100,2023-08-14,Amgen,,,
2023-08-15 00:00:00,261.320007324218,266.630004882812,259.959991455078,266.010009765625,242.597549438476,2781200,2023-08-15,Amgen,,,
2023-08-16 00:00:00,266.329986572265,268.239990234375,264.579986572265,265.019989013671,241.694625854492,2244000,2023-08-16,Amgen,,,
2023-08-17 00:00:00,263.869995117187,266.579986572265,263.269989013671,263.850006103515,242.57730102539,2256100,2023-08-17,Amgen,,,
2023-08-18 00:00:00,262.609985351562,262.989990234375,261.070007324218,261.820007324218,240.710983276367,2814500,2023-08-18,Amgen,,,
2023-08-21 00:00:00,261.579986572265,262.470001220703,259.010009765625,260.700012207031,239.681259155273,2324100,2023-08-21,Amgen,,,
2023-08-22 00:00:00,260.239990234375,260.399993896484,257.350006103515,257.619995117187,236.849548339843,1720300,2023-08-22,Amgen,,,
2023-08-23 00:00:00,259.5,259.850006103515,255.979995727539,257.359985351562,236.610519409179,2256800,2023-08-23,Amgen,,,
2023-08-24 00:00:00,256.730010986328,260.190002441406,256.170013427734,256.619995117187,235.930206298828,1888900,2023-08-24,Amgen,,,
2023-08-25 00:00:00,257.109985351562,257.739990234375,254.809997558593,256.380004882812,235.709579467773,1786600,2023-08-25,Amgen,,,
2023-08-28 00:00:00,256.959991455078,258.119995117187,255.139999389648,256.549987792968,235.865829467773,1661300,2023-08-28,Amgen,,,
2023-08-29 00:00:00,257.359985351562,259.850006103515,256.820007324218,259.640014648437,238.706726074218,2216600,2023-08-29,Amgen,,,
2023-08-30 00:00:00,260.0,260.869995117187,256.950012207031,257.880004882812,237.088623046875,1694300,2023-08-30,Amgen,,,
2023-08-31 00:00:00,258.220001220703,259.0,256.290008544921,256.33999633789,235.672775268554,2065000,2023-08-31,Amgen,,,
2023-09-01 00:00:00,258.679992675781,259.029998779296,256.100006103515,256.709991455078,236.012939453125,1350200,2023-09-01,Amgen,,,
2023-09-05 00:00:00,256.709991455078,257.390014648437,253.919998168945,254.009994506835,233.530639648437,1763600,2023-09-05,Amgen,,,
2023-09-06 00:00:00,254.440002441406,254.440002441406,248.380004882812,249.009994506835,228.933731079101,1988900,2023-09-06,Amgen,,,
2023-09-07 00:00:00,250.539993286132,254.699996948242,250.399993896484,254.389999389648,233.879989624023,2228300,2023-09-07,Amgen,,,
2023-09-08 00:00:00,255.75,260.33999633789,254.970001220703,259.429992675781,238.513671875,2449000,2023-09-08,Amgen,,,
2023-09-11 00:00:00,258.209991455078,262.809997558593,257.410003662109,261.720001220703,240.619003295898,2135100,2023-09-11,Amgen,,,
2023-09-12 00:00:00,262.679992675781,263.019989013671,257.859985351562,260.309997558593,239.322662353515,1574000,2023-09-12,Amgen,,,
2023-09-13 00:00:00,259.33999633789,260.220001220703,257.019989013671,257.230010986328,236.491058349609,2182800,2023-09-13,Amgen,,,
2023-09-14 00:00:00,258.899993896484,263.140014648437,258.540008544921,262.299987792968,241.152267456054,3072400,2023-09-14,Amgen,,,
2023-09-15 00:00:00,263.760009765625,263.929992675781,259.820007324218,260.720001220703,239.699661254882,6161100,2023-09-15,Amgen,,,
2023-09-18 00:00:00,263.380004882812,265.220001220703,261.929992675781,263.149993896484,241.933700561523,1770100,2023-09-18,Amgen,,,
2023-09-19 00:00:00,263.140014648437,265.769989013671,262.440002441406,264.309997558593,243.000228881835,1528200,2023-09-19,Amgen,,,
2023-09-20 00:00:00,265.0,273.079986572265,263.970001220703,271.459991455078,249.573776245117,3575300,2023-09-20,Amgen,,,
2023-09-21 00:00:00,272.070007324218,272.480010986328,267.700012207031,269.410003662109,247.689010620117,2437100,2023-09-21,Amgen,,,
2023-09-22 00:00:00,267.670013427734,269.5,266.519989013671,267.700012207031,246.116928100585,1894100,2023-09-22,Amgen,,,
2023-09-25 00:00:00,267.540008544921,267.809997558593,265.010009765625,266.859985351562,245.344573974609,1705300,2023-09-25,Amgen,,,
2023-09-26 00:00:00,266.679992675781,269.890014648437,265.670013427734,269.040008544921,247.348907470703,2367600,2023-09-26,Amgen,,,
2023-09-27 00:00:00,271.730010986328,273.609985351562,266.760009765625,268.980010986328,247.293655395507,2331900,2023-09-27,Amgen,,,
2023-09-28 00:00:00,267.790008544921,271.380004882812,266.540008544921,270.820007324218,248.985305786132,2430700,2023-09-28,Amgen,,,
2023-09-29 00:00:00,271.0,271.0,267.220001220703,268.760009765625,247.091415405273,2118100,2023-09-29,Amgen,,,
2023-10-02 00:00:00,267.709991455078,268.489990234375,264.380004882812,266.309997558593,244.838958740234,1912300,2023-10-02,Amgen,,,
2023-10-03 00:00:00,264.040008544921,266.019989013671,259.670013427734,261.010009765625,239.966278076171,2797900,2023-10-03,Amgen,,,
2023-10-04 00:00:00,262.100006103515,266.140014648437,260.910003662109,265.440002441406,244.039077758789,2526400,2023-10-04,Amgen,,,
2023-10-05 00:00:00,266.190002441406,267.920013427734,262.540008544921,265.079986572265,243.708129882812,2883700,2023-10-05,Amgen,,,
2023-10-06 00:00:00,263.149993896484,268.58999633789,262.230010986328,267.470001220703,245.905487060546,2838000,2023-10-06,Amgen,,,
2023-10-09 00:00:00,271.040008544921,272.600006103515,268.579986572265,271.540008544921,249.647277832031,2284300,2023-10-09,Amgen,,,
2023-10-10 00:00:00,270.890014648437,272.08999633789,268.119995117187,271.25,249.380661010742,1808700,2023-10-10,Amgen,,,
2023-10-11 00:00:00,274.859985351562,284.329986572265,274.149993896484,283.600006103515,260.734924316406,4523100,2023-10-11,Amgen,,,
2023-10-12 00:00:00,283.980010986328,287.850006103515,283.600006103515,285.040008544921,262.058837890625,3052600,2023-10-12,Amgen,,,
2023-10-13 00:00:00,287.700012207031,288.459991455078,280.0,284.100006103515,261.194671630859,3473200,2023-10-13,Amgen,,,
2023-10-16 00:00:00,284.5,287.809997558593,283.809997558593,286.880004882812,263.750518798828,2459400,2023-10-16,Amgen,,,
2023-10-17 00:00:00,285.190002441406,287.33999633789,282.5,284.420013427734,261.488830566406,2863200,2023-10-17,Amgen,,,
2023-10-18 00:00:00,283.299987792968,285.25,280.989990234375,283.579986572265,260.716583251953,2789100,2023-10-18,Amgen,,,
2023-10-19 00:00:00,282.08999633789,283.209991455078,278.100006103515,280.600006103515,257.976867675781,2536400,2023-10-19,Amgen,,,
2023-10-20 00:00:00,280.600006103515,281.059997558593,275.75,278.809997558593,256.331146240234,2455000,2023-10-20,Amgen,,,
2023-10-23 00:00:00,280.119995117187,280.119995117187,272.700012207031,273.059997558593,251.044738769531,2433500,2023-10-23,Amgen,,,
2023-10-24 00:00:00,272.08999633789,277.059997558593,271.130004882812,276.119995117187,253.858047485351,2253000,2023-10-24,Amgen,,,
2023-10-25 00:00:00,275.08999633789,276.690002441406,272.08999633789,272.160003662109,250.217300415039,2302300,2023-10-25,Amgen,,,
2023-10-26 00:00:00,271.5,273.440002441406,269.140014648437,269.709991455078,247.964874267578,2269900,2023-10-26,Amgen,,,
2023-10-27 00:00:00,268.950012207031,269.359985351562,260.160003662109,261.570007324218,240.481094360351,2874900,2023-10-27,Amgen,,,
2023-10-30 00:00:00,265.0,266.350006103515,262.5,263.190002441406,241.970504760742,2974600,2023-10-30,Amgen,,,
2023-10-31 00:00:00,255.889999389648,257.420013427734,249.699996948242,255.699996948242,235.084381103515,4885100,2023-10-31,Amgen,,,
2023-11-01 00:00:00,256.269989013671,261.190002441406,255.08999633789,260.83999633789,239.809997558593,2509600,2023-11-01,Amgen,,,
2023-11-02 00:00:00,263.299987792968,268.100006103515,262.459991455078,266.58999633789,245.096359252929,2470400,2023-11-02,Amgen,,,
2023-11-03 00:00:00,268.519989013671,270.549987792968,265.5,269.859985351562,248.102752685546,2509800,2023-11-03,Amgen,,,
2023-11-06 00:00:00,270.769989013671,274.950012207031,270.75,272.829986572265,250.833312988281,2768100,2023-11-06,Amgen,,,
2023-11-07 00:00:00,272.970001220703,274.0,269.380004882812,271.109985351562,249.251983642578,2526500,2023-11-07,Amgen,,,
2023-11-08 00:00:00,272.420013427734,274.769989013671,270.75,273.260009765625,251.228622436523,1916800,2023-11-08,Amgen,,,
2023-11-09 00:00:00,272.130004882812,273.230010986328,263.700012207031,264.059997558593,242.770385742187,2266000,2023-11-09,Amgen,,,
2023-11-10 00:00:00,266.640014648437,267.940002441406,262.510009765625,267.309997558593,245.758331298828,2070600,2023-11-10,Amgen,,,
2023-11-13 00:00:00,265.679992675781,267.220001220703,263.519989013671,266.690002441406,245.188293457031,1579800,2023-11-13,Amgen,,,
2023-11-14 00:00:00,269.220001220703,272.950012207031,268.359985351562,270.019989013671,248.24983215332,2060000,2023-11-14,Amgen,,,
2023-11-15 00:00:00,270.279998779296,274.609985351562,270.019989013671,273.029998779296,251.017135620117,2795100,2023-11-15,Amgen,,,
2023-11-16 00:00:00,272.609985351562,274.440002441406,267.869995117187,269.0,249.256622314453,2366200,2023-11-16,Amgen,,,
2023-11-17 00:00:00,269.410003662109,269.410003662109,264.600006103515,265.390014648437,245.91160583496,2642900,2023-11-17,Amgen,,,
2023-11-20 00:00:00,262.58999633789,266.700012207031,261.450012207031,265.350006103515,245.874526977539,2213900,2023-11-20,Amgen,,,
2023-11-21 00:00:00,265.33999633789,266.040008544921,260.519989013671,262.820007324218,243.530212402343,2636600,2023-11-21,Amgen,,,
2023-11-22 00:00:00,264.790008544921,266.470001220703,262.260009765625,264.58999633789,245.170288085937,1649100,2023-11-22,Amgen,,,
2023-11-24 00:00:00,265.119995117187,266.100006103515,264.890014648437,265.459991455078,245.976425170898,930800,2023-11-24,Amgen,,,
2023-11-27 00:00:00,265.429992675781,265.570007324218,261.660003662109,264.269989013671,244.873748779296,1846400,2023-11-27,Amgen,,,
2023-11-28 00:00:00,264.359985351562,266.600006103515,263.649993896484,265.519989013671,246.031997680664,1753400,2023-11-28,Amgen,,,
2023-11-29 00:00:00,264.739990234375,268.109985351562,263.5,266.600006103515,247.032775878906,2005200,2023-11-29,Amgen,,,
2023-11-30 00:00:00,267.709991455078,270.559997558593,267.33999633789,269.640014648437,249.849624633789,2686400,2023-11-30,Amgen,,,
2023-12-01 00:00:00,269.959991455078,272.58999633789,267.619995117187,272.450012207031,252.45344543457,2303900,2023-12-01,Amgen,,,
2023-12-04 00:00:00,270.880004882812,273.429992675781,270.100006103515,272.540008544921,252.536819458007,2357400,2023-12-04,Amgen,,,
2023-12-05 00:00:00,271.869995117187,272.0,268.470001220703,270.869995117187,250.989349365234,1853600,2023-12-05,Amgen,,,
2023-12-06 00:00:00,271.410003662109,271.959991455078,269.130004882812,269.350006103515,249.580932617187,1765900,2023-12-06,Amgen,,,
2023-12-07 00:00:00,270.5,273.410003662109,266.630004882812,271.309997558593,251.397079467773,2081300,2023-12-07,Amgen,,,
2023-12-08 00:00:00,271.170013427734,271.970001220703,268.820007324218,269.119995117187,249.367813110351,2608200,2023-12-08,Amgen,,,
2023-12-11 00:00:00,271.959991455078,275.899993896484,270.420013427734,272.140014648437,252.166183471679,2838600,2023-12-11,Amgen,,,
2023-12-12 00:00:00,277.130004882812,277.25,273.260009765625,273.989990234375,253.88035583496,2556900,2023-12-12,Amgen,,,
2023-12-13 00:00:00,274.160003662109,281.850006103515,273.309997558593,281.619995117187,260.95034790039,2380000,2023-12-13,Amgen,,,
2023-12-14 00:00:00,281.320007324218,282.730010986328,274.079986572265,276.320007324218,256.039337158203,2935200,2023-12-14,Amgen,,,
2023-12-15 00:00:00,276.269989013671,279.269989013671,273.329986572265,275.450012207031,255.233261108398,8731000,2023-12-15,Amgen,,,
2023-12-18 00:00:00,277.0,277.100006103515,274.350006103515,275.480010986328,255.261016845703,2227600,2023-12-18,Amgen,,,
2023-12-19 00:00:00,278.690002441406,280.570007324218,276.58999633789,278.440002441406,258.003753662109,2484100,2023-12-19,Amgen,,,
2023-12-20 00:00:00,277.829986572265,278.799987792968,275.010009765625,275.179992675781,254.983047485351,2561200,2023-12-20,Amgen,,,
2023-12-21 00:00:00,276.549987792968,279.820007324218,276.399993896484,279.329986572265,258.828369140625,1850000,2023-12-21,Amgen,,,
2023-12-22 00:00:00,280.0,285.679992675781,280.0,284.160003662109,263.303955078125,1814200,2023-12-22,Amgen,,,
2023-12-26 00:00:00,284.119995117187,284.720001220703,281.670013427734,283.899993896484,263.06298828125,1330400,2023-12-26,Amgen,,,
2023-12-27 00:00:00,284.5,287.290008544921,283.350006103515,286.529998779296,265.499969482421,1866800,2023-12-27,Amgen,,,
2023-12-28 00:00:00,287.880004882812,289.040008544921,287.630004882812,288.459991455078,267.288391113281,1228400,2023-12-28,Amgen,,,
2023-12-29 00:00:00,287.859985351562,288.489990234375,286.390014648437,288.019989013671,266.880645751953,1766600,2023-12-29,Amgen,,,
2024-01-02 00:00:00,287.279998779296,300.649993896484,287.279998779296,297.390014648437,275.562927246093,3374900,2024-01-02,Amgen,,,
2024-01-03 00:00:00,300.049987792968,303.25,297.049987792968,300.690002441406,278.620697021484,2771500,2024-01-03,Amgen,,,
2024-01-04 00:00:00,301.5,305.08999633789,298.58999633789,303.170013427734,280.918670654296,3357900,2024-01-04,Amgen,,,
2024-01-05 00:00:00,302.200012207031,303.529998779296,299.760009765625,303.0,280.761169433593,1874400,2024-01-05,Amgen,,,
2024-01-08 00:00:00,301.470001220703,311.049987792968,300.350006103515,310.880004882812,288.062805175781,3467700,2024-01-08,Amgen,,,
2024-01-09 00:00:00,308.019989013671,309.970001220703,305.940002441406,307.260009765625,284.70849609375,2603700,2024-01-09,Amgen,,,
2024-01-10 00:00:00,307.160003662109,307.640014648437,304.269989013671,304.570007324218,282.215942382812,2210900,2024-01-10,Amgen,,,
2024-01-11 00:00:00,303.429992675781,304.609985351562,300.0,303.100006103515,280.853851318359,2137100,2024-01-11,Amgen,,,
2024-01-12 00:00:00,305.239990234375,306.950012207031,303.399993896484,306.510009765625,284.013549804687,1567900,2024-01-12,Amgen,,,
2024-01-16 00:00:00,306.510009765625,308.0,301.179992675781,303.480010986328,281.205963134765,1996300,2024-01-16,Amgen,,,
2024-01-17 00:00:00,302.459991455078,304.630004882812,301.100006103515,304.079986572265,281.761901855468,2210400,2024-01-17,Amgen,,,
2024-01-18 00:00:00,302.25,305.649993896484,299.549987792968,304.489990234375,282.14175415039,2357000,2024-01-18,Amgen,,,
2024-01-19 00:00:00,304.730010986328,309.08999633789,301.109985351562,307.809997558593,285.218078613281,2566500,2024-01-19,Amgen,,,
2024-01-22 00:00:00,308.700012207031,312.160003662109,306.600006103515,310.160003662109,287.395629882812,2599900,2024-01-22,Amgen,,,
2024-01-23 00:00:00,309.529998779296,311.299987792968,309.100006103515,309.910003662109,287.164031982421,1775400,2024-01-23,Amgen,,,
2024-01-24 00:00:00,309.920013427734,312.450012207031,305.239990234375,305.5,283.077697753906,1954200,2024-01-24,Amgen,,,
2024-01-25 00:00:00,308.720001220703,310.320007324218,305.700012207031,310.260009765625,287.488311767578,2005400,2024-01-25,Amgen,,,
2024-01-26 00:00:00,310.570007324218,312.019989013671,309.859985351562,311.769989013671,288.887481689453,2035800,2024-01-26,Amgen,,,
2024-01-29 00:00:00,311.440002441406,313.619995117187,309.890014648437,313.450012207031,290.444183349609,2447600,2024-01-29,Amgen,,,
2024-01-30 00:00:00,312.529998779296,314.920013427734,310.519989013671,314.619995117187,291.528289794921,2637000,2024-01-30,Amgen,,,
2024-01-31 00:00:00,316.0,316.640014648437,312.619995117187,314.260009765625,291.194793701171,3456700,2024-01-31,Amgen,,,
2024-02-01 00:00:00,314.5,324.820007324218,313.700012207031,324.559997558593,300.73876953125,3883200,2024-02-01,Amgen,,,
2024-02-02 00:00:00,323.640014648437,325.769989013671,320.75,323.190002441406,299.469329833984,2585900,2024-02-02,Amgen,,,
2024-02-05 00:00:00,323.529998779296,329.720001220703,317.709991455078,321.970001220703,298.3388671875,3563300,2024-02-05,Amgen,,,
2024-02-06 00:00:00,325.399993896484,326.959991455078,314.75,316.070007324218,292.871887207031,5767400,2024-02-06,Amgen,,,
2024-02-07 00:00:00,315.510009765625,315.510009765625,295.269989013671,295.869995117187,274.154479980468,8411300,2024-02-07,Amgen,,,
2024-02-08 00:00:00,297.0,298.0,288.779998779296,294.850006103515,273.209350585937,5946100,2024-02-08,Amgen,,,
2024-02-09 00:00:00,294.850006103515,295.0,289.709991455078,291.119995117187,269.753112792968,3341100,2024-02-09,Amgen,,,
2024-02-12 00:00:00,289.970001220703,294.600006103515,288.859985351562,294.429992675781,272.820190429687,3298500,2024-02-12,Amgen,,,
2024-02-13 00:00:00,294.609985351562,295.519989013671,286.890014648437,290.480010986328,269.16015625,3610100,2024-02-13,Amgen,,,
2024-02-14 00:00:00,289.880004882812,290.869995117187,287.549987792968,290.070007324218,268.780181884765,2617300,2024-02-14,Amgen,,,
2024-02-15 00:00:00,287.880004882812,290.350006103515,285.600006103515,289.070007324218,269.947448730468,2902000,2024-02-15,Amgen,,,
2024-02-16 00:00:00,287.709991455078,287.709991455078,283.269989013671,283.700012207031,264.932708740234,3596800,2024-02-16,Amgen,,,
2024-02-20 00:00:00,283.850006103515,285.299987792968,280.549987792968,283.510009765625,264.755310058593,3402000,2024-02-20,Amgen,,,
2024-02-21 00:00:00,284.83999633789,285.779998779296,280.799987792968,283.459991455078,264.708618164062,1934300,2024-02-21,Amgen,,,
2024-02-22 00:00:00,282.480010986328,285.720001220703,281.299987792968,285.179992675781,266.314758300781,2992700,2024-02-22,Amgen,,,
2024-02-23 00:00:00,286.519989013671,292.239990234375,286.010009765625,289.179992675781,270.050201416015,2462400,2024-02-23,Amgen,,,
2024-02-26 00:00:00,288.279998779296,289.869995117187,285.429992675781,286.369995117187,267.426116943359,2448900,2024-02-26,Amgen,,,
2024-02-27 00:00:00,279.100006103515,281.220001220703,277.08999633789,278.489990234375,260.0673828125,3353700,2024-02-27,Amgen,,,
2024-02-28 00:00:00,278.989990234375,280.429992675781,277.08999633789,277.459991455078,259.105499267578,3027000,2024-02-28,Amgen,,,
2024-02-29 00:00:00,278.519989013671,279.829986572265,273.429992675781,273.829986572265,255.715621948242,5863400,2024-02-29,Amgen,,,
2024-03-01 00:00:00,276.5,281.929992675781,274.880004882812,280.329986572265,261.78564453125,3772700,2024-03-01,Amgen,,,
2024-03-04 00:00:00,283.260009765625,285.890014648437,277.649993896484,279.390014648437,260.90786743164,2470300,2024-03-04,Amgen,,,
2024-03-05 00:00:00,279.619995117187,279.75,275.019989013671,276.649993896484,258.34912109375,3064000,2024-03-05,Amgen,,,
2024-03-06 00:00:00,275.380004882812,278.970001220703,274.549987792968,276.58999633789,258.293060302734,2240200,2024-03-06,Amgen,,,
2024-03-07 00:00:00,276.299987792968,276.809997558593,269.579986572265,272.859985351562,254.809783935546,4066300,2024-03-07,Amgen,,,
2024-03-08 00:00:00,272.809997558593,276.559997558593,272.010009765625,273.75,255.640975952148,2251100,2024-03-08,Amgen,,,
2024-03-11 00:00:00,274.510009765625,278.190002441406,272.989990234375,275.359985351562,257.144378662109,1851000,2024-03-11,Amgen,,,
2024-03-12 00:00:00,276.850006103515,278.149993896484,274.140014648437,276.540008544921,258.246337890625,1738700,2024-03-12,Amgen,,,
2024-03-13 00:00:00,278.179992675781,278.559997558593,275.209991455078,275.989990234375,257.732727050781,1641000,2024-03-13,Amgen,,,
2024-03-14 00:00:00,276.83999633789,277.230010986328,270.450012207031,271.540008544921,253.577194213867,2370500,2024-03-14,Amgen,,,
2024-03-15 00:00:00,272.08999633789,275.179992675781,268.170013427734,268.869995117187,251.083755493164,8795800,2024-03-15,Amgen,,,
2024-03-18 00:00:00,270.0,273.579986572265,269.209991455078,270.899993896484,252.97947692871,3608300,2024-03-18,Amgen,,,
2024-03-19 00:00:00,270.179992675781,273.160003662109,269.510009765625,271.730010986328,253.754608154296,3037500,2024-03-19,Amgen,,,
2024-03-20 00:00:00,271.209991455078,273.079986572265,269.239990234375,273.049987792968,254.987228393554,2564500,2024-03-20,Amgen,,,
2024-03-21 00:00:00,274.630004882812,277.920013427734,274.390014648437,276.950012207031,258.629302978515,2489400,2024-03-21,Amgen,,,
2024-03-22 00:00:00,277.390014648437,278.290008544921,275.100006103515,276.170013427734,257.900817871093,2303100,2024-03-22,Amgen,,,
2024-03-25 00:00:00,276.429992675781,281.329986572265,275.410003662109,280.820007324218,262.243194580078,2954400,2024-03-25,Amgen,,,
2024-03-26 00:00:00,282.149993896484,284.5,280.700012207031,281.769989013671,263.130432128906,3343000,2024-03-26,Amgen,,,
2024-03-27 00:00:00,284.220001220703,286.820007324218,282.549987792968,286.299987792968,267.360748291015,2256300,2024-03-27,Amgen,,,
2024-03-28 00:00:00,287.859985351562,288.570007324218,284.209991455078,284.320007324218,265.51171875,2289900,2024-03-28,Amgen,,,
2024-04-01 00:00:00,282.109985351562,283.829986572265,279.0,283.040008544921,264.316375732421,1868600,2024-04-01,Amgen,,,
2024-04-02 00:00:00,283.33999633789,283.910003662109,276.040008544921,276.209991455078,257.938171386718,2220500,2024-04-02,Amgen,,,
2024-04-03 00:00:00,275.690002441406,276.470001220703,273.679992675781,274.420013427734,256.2666015625,1669200,2024-04-03,Amgen,,,
2024-04-04 00:00:00,276.049987792968,276.730010986328,267.75,268.08999633789,250.355346679687,2451200,2024-04-04,Amgen,,,
2024-04-05 00:00:00,265.899993896484,273.070007324218,265.079986572265,269.950012207031,252.092300415039,2293800,2024-04-05,Amgen,,,
2024-04-08 00:00:00,269.480010986328,270.209991455078,267.559997558593,269.200012207031,251.391937255859,1830800,2024-04-08,Amgen,,,
2024-04-09 00:00:00,270.190002441406,271.290008544921,268.579986572265,270.359985351562,252.475158691406,1792600,2024-04-09,Amgen,,,
2024-04-10 00:00:00,267.959991455078,268.380004882812,264.630004882812,266.450012207031,248.823852539062,1949500,2024-04-10,Amgen,,,
2024-04-11 00:00:00,270.220001220703,273.0,268.450012207031,270.0,252.139022827148,2169600,2024-04-11,Amgen,,,
2024-04-12 00:00:00,268.769989013671,269.299987792968,266.170013427734,267.279998779296,249.598892211914,2140100,2024-04-12,Amgen,,,
2024-04-15 00:00:00,269.929992675781,270.929992675781,264.350006103515,265.510009765625,247.946029663085,1740000,2024-04-15,Amgen,,,
2024-04-16 00:00:00,266.829986572265,267.510009765625,263.809997558593,265.640014648437,248.067428588867,2017600,2024-04-16,Amgen,,,
2024-04-17 00:00:00,267.540008544921,268.769989013671,263.390014648437,264.070007324218,246.601287841796,2175100,2024-04-17,Amgen,,,
2024-04-18 00:00:00,265.640014648437,265.920013427734,262.579986572265,262.75,245.368576049804,2082700,2024-04-18,Amgen,,,
2024-04-19 00:00:00,264.630004882812,269.380004882812,260.679992675781,268.929992675781,251.139755249023,3380100,2024-04-19,Amgen,,,
2024-04-22 00:00:00,269.83999633789,273.140014648437,269.83999633789,271.910003662109,253.922637939453,2165800,2024-04-22,Amgen,,,
2024-04-23 00:00:00,272.140014648437,274.480010986328,271.049987792968,273.540008544921,255.444839477539,2493300,2024-04-23,Amgen,,,
2024-04-24 00:00:00,270.630004882812,274.859985351562,269.649993896484,273.010009765625,254.949920654296,2467100,2024-04-24,Amgen,,,
2024-04-25 00:00:00,273.450012207031,274.350006103515,267.239990234375,269.380004882812,251.559997558593,1794000,2024-04-25,Amgen,,,
2024-04-26 00:00:00,265.720001220703,271.679992675781,265.720001220703,269.980010986328,252.120361328125,2436900,2024-04-26,Amgen,,,
2024-04-29 00:00:00,269.179992675781,276.859985351562,268.989990234375,276.380004882812,258.096923828125,2678900,2024-04-29,Amgen,,,
2024-04-30 00:00:00,276.109985351562,276.119995117187,272.350006103515,273.940002441406,255.818328857421,2477300,2024-04-30,Amgen,,,
2024-05-01 00:00:00,274.179992675781,279.83999633789,273.380004882812,277.369995117187,259.021484375,2323700,2024-05-01,Amgen,,,
2024-05-02 00:00:00,277.690002441406,278.630004882812,274.899993896484,278.390014648437,259.973999023437,3177500,2024-05-02,Amgen,,,
2024-05-03 00:00:00,313.390014648437,322.600006103515,308.679992675781,311.290008544921,290.697601318359,9644700,2024-05-03,Amgen,,,
2024-05-06 00:00:00,310.880004882812,312.730010986328,297.519989013671,299.480010986328,279.668853759765,4717600,2024-05-06,Amgen,,,
2024-05-07 00:00:00,301.75,302.910003662109,298.510009765625,300.299987792968,280.434600830078,2452100,2024-05-07,Amgen,,,
2024-05-08 00:00:00,300.119995117187,307.570007324218,298.890014648437,307.309997558593,286.980865478515,2859600,2024-05-08,Amgen,,,
2024-05-09 00:00:00,309.529998779296,314.600006103515,306.320007324218,312.859985351562,292.16372680664,2921300,2024-05-09,Amgen,,,
2024-05-10 00:00:00,312.890014648437,314.890014648437,309.820007324218,310.149993896484,289.632995605468,2611800,2024-05-10,Amgen,,,
2024-05-13 00:00:00,312.149993896484,312.149993896484,307.059997558593,308.450012207031,288.045471191406,1558500,2024-05-13,Amgen,,,
2024-05-14 00:00:00,308.730010986328,312.399993896484,307.470001220703,311.410003662109,290.809661865234,1631100,2024-05-14,Amgen,,,
2024-05-15 00:00:00,314.820007324218,321.440002441406,312.869995117187,319.040008544921,297.934967041015,3466000,2024-05-15,Amgen,,,
2024-05-16 00:00:00,314.630004882812,316.140014648437,310.760009765625,314.720001220703,295.988128662109,2367800,2024-05-16,Amgen,,,
2024-05-17 00:00:00,315.279998779296,315.279998779296,310.369995117187,312.470001220703,293.872039794921,1974200,2024-05-17,Amgen,,,
2024-05-20 00:00:00,314.410003662109,315.809997558593,312.619995117187,314.540008544921,295.81884765625,1394600,2024-05-20,Amgen,,,
2024-05-21 00:00:00,314.109985351562,316.670013427734,311.899993896484,314.850006103515,296.110382080078,1705900,2024-05-21,Amgen,,,
2024-05-22 00:00:00,314.700012207031,315.0,308.519989013671,309.410003662109,290.994140625,2849100,2024-05-22,Amgen,,,
2024-05-23 00:00:00,308.470001220703,311.989990234375,304.380004882812,306.5,288.257385253906,2139700,2024-05-23,Amgen,,,
2024-05-24 00:00:00,306.420013427734,307.5,303.899993896484,305.83999633789,287.636596679687,2425800,2024-05-24,Amgen,,,
2024-05-28 00:00:00,303.109985351562,303.510009765625,298.309997558593,300.190002441406,282.322967529296,2636700,2024-05-28,Amgen,,,
2024-05-29 00:00:00,299.040008544921,299.059997558593,295.809997558593,296.369995117187,278.730285644531,2475900,2024-05-29,Amgen,,,
2024-05-30 00:00:00,297.179992675781,303.570007324218,295.489990234375,301.0,283.084747314453,2727100,2024-05-30,Amgen,,,
2024-05-31 00:00:00,302.010009765625,305.899993896484,299.5,305.850006103515,287.646026611328,4488900,2024-05-31,Amgen,,,
2024-06-03 00:00:00,306.790008544921,311.480010986328,303.850006103515,307.420013427734,289.122650146484,2447400,2024-06-03,Amgen,,,
2024-06-04 00:00:00,308.0,310.920013427734,307.049987792968,307.369995117187,289.075592041015,1830200,2024-06-04,Amgen,,,
2024-06-05 00:00:00,307.799987792968,310.309997558593,306.399993896484,307.380004882812,289.084991455078,1748600,2024-06-05,Amgen,,,
2024-06-06 00:00:00,306.920013427734,310.010009765625,304.309997558593,305.690002441406,287.49560546875,1927900,2024-06-06,Amgen,,,
2024-06-07 00:00:00,306.720001220703,307.959991455078,304.480010986328,305.019989013671,286.865447998046,1925000,2024-06-07,Amgen,,,
2024-06-10 00:00:00,304.549987792968,305.529998779296,300.890014648437,304.720001220703,286.583343505859,1992800,2024-06-10,Amgen,,,
2024-06-11 00:00:00,302.290008544921,302.579986572265,299.799987792968,300.700012207031,282.802551269531,1740200,2024-06-11,Amgen,,,
2024-06-12 00:00:00,301.290008544921,303.540008544921,299.429992675781,301.079986572265,283.159973144531,1640100,2024-06-12,Amgen,,,
2024-06-13 00:00:00,296.959991455078,299.33999633789,295.299987792968,298.5,280.73355102539,1732700,2024-06-13,Amgen,,,
2024-06-14 00:00:00,297.609985351562,299.739990234375,295.899993896484,298.619995117187,280.846374511718,1713600,2024-06-14,Amgen,,,
2024-06-17 00:00:00,298.489990234375,303.970001220703,296.559997558593,303.279998779296,285.229034423828,1875900,2024-06-17,Amgen,,,
2024-06-18 00:00:00,302.75,306.549987792968,302.019989013671,305.989990234375,287.777740478515,2166200,2024-06-18,Amgen,,,
2024-06-20 00:00:00,304.829986572265,310.299987792968,303.549987792968,309.890014648437,291.445587158203,2890200,2024-06-20,Amgen,,,
2024-06-21 00:00:00,313.130004882812,313.440002441406,307.290008544921,308.160003662109,289.818572998046,6596800,2024-06-21,Amgen,,,
2024-06-24 00:00:00,310.0,318.33999633789,307.920013427734,318.149993896484,299.21401977539,3389300,2024-06-24,Amgen,,,
2024-06-25 00:00:00,319.230010986328,326.119995117187,318.399993896484,319.309997558593,300.304931640625,3150600,2024-06-25,Amgen,,,
2024-06-26 00:00:00,317.179992675781,317.489990234375,311.720001220703,312.820007324218,294.201293945312,2800200,2024-06-26,Amgen,,,
2024-06-27 00:00:00,311.730010986328,316.790008544921,310.720001220703,313.690002441406,295.019439697265,2082200,2024-06-27,Amgen,,,
2024-06-28 00:00:00,313.700012207031,316.679992675781,310.58999633789,312.450012207031,293.853240966796,3518100,2024-06-28,Amgen,,,
2024-07-01 00:00:00,313.33999633789,319.0,310.230010986328,311.010009765625,292.498931884765,1769400,2024-07-01,Amgen,,,
2024-07-02 00:00:00,310.25,312.429992675781,307.640014648437,310.769989013671,292.273193359375,1542700,2024-07-02,Amgen,,,
2024-07-03 00:00:00,311.489990234375,312.540008544921,306.109985351562,309.380004882812,290.965942382812,1000700,2024-07-03,Amgen,,,
2024-07-05 00:00:00,311.029998779296,313.410003662109,308.570007324218,310.880004882812,292.376678466796,1274400,2024-07-05,Amgen,,,
2024-07-08 00:00:00,311.359985351562,315.480010986328,310.609985351562,311.459991455078,292.922119140625,1167200,2024-07-08,Amgen,,,
2024-07-09 00:00:00,311.619995117187,316.079986572265,307.630004882812,315.910003662109,297.107299804687,1852500,2024-07-09,Amgen,,,
2024-07-10 00:00:00,317.059997558593,322.880004882812,314.640014648437,321.670013427734,302.524505615234,2192100,2024-07-10,Amgen,,,
2024-07-11 00:00:00,322.0,327.989990234375,320.179992675781,325.08999633789,305.740936279296,2254000,2024-07-11,Amgen,,,
2024-07-12 00:00:00,327.820007324218,333.850006103515,326.010009765625,330.829986572265,311.139251708984,2191300,2024-07-12,Amgen,,,
2024-07-15 00:00:00,331.880004882812,332.809997558593,327.869995117187,330.149993896484,310.499755859375,1688800,2024-07-15,Amgen,,,
2024-07-16 00:00:00,330.459991455078,335.910003662109,328.0,333.140014648437,313.311767578125,1879400,2024-07-16,Amgen,,,
2024-07-17 00:00:00,330.0,336.609985351562,328.600006103515,335.670013427734,315.691192626953,1933200,2024-07-17,Amgen,,,
2024-07-18 00:00:00,334.200012207031,338.980010986328,330.670013427734,330.970001220703,311.270965576171,2228400,2024-07-18,Amgen,,,
2024-07-19 00:00:00,333.649993896484,333.980010986328,328.429992675781,331.290008544921,311.571899414062,1848700,2024-07-19,Amgen,,,
2024-07-22 00:00:00,333.230010986328,337.08999633789,332.470001220703,335.970001220703,315.973327636718,1733700,2024-07-22,Amgen,,,
2024-07-23 00:00:00,334.359985351562,337.040008544921,331.309997558593,333.239990234375,313.405853271484,1458200,2024-07-23,Amgen,,,
2024-07-24 00:00:00,333.25,337.179992675781,330.33999633789,335.609985351562,315.634735107421,2459300,2024-07-24,Amgen,,,
2024-07-25 00:00:00,335.989990234375,346.850006103515,333.019989013671,334.299987792968,314.402709960937,2435700,2024-07-25,Amgen,,,
2024-07-26 00:00:00,334.559997558593,338.940002441406,333.279998779296,334.850006103515,314.919952392578,1515500,2024-07-26,Amgen,,,
2024-07-29 00:00:00,334.079986572265,334.83999633789,331.299987792968,332.510009765625,312.719268798828,1611200,2024-07-29,Amgen,,,
2024-07-30 00:00:00,333.0,338.570007324218,331.670013427734,333.279998779296,313.443450927734,1584000,2024-07-30,Amgen,,,
2024-07-31 00:00:00,331.549987792968,336.410003662109,330.570007324218,332.470001220703,312.681671142578,2120500,2024-07-31,Amgen,,,
2024-08-01 00:00:00,336.08999633789,340.890014648437,333.459991455078,335.529998779296,315.559539794921,2387700,2024-08-01,Amgen,,,
2024-08-02 00:00:00,337.420013427734,338.350006103515,325.730010986328,333.989990234375,314.111206054687,2106200,2024-08-02,Amgen,,,
2024-08-05 00:00:00,332.720001220703,333.33999633789,321.410003662109,325.220001220703,305.863189697265,2974900,2024-08-05,Amgen,,,
2024-08-06 00:00:00,325.230010986328,332.980010986328,323.519989013671,328.950012207031,309.371154785156,2436500,2024-08-06,Amgen,,,
2024-08-07 00:00:00,320.989990234375,323.0,306.58999633789,312.5,293.900238037109,4618400,2024-08-07,Amgen,,,
2024-08-08 00:00:00,314.0,325.119995117187,312.790008544921,324.690002441406,305.364685058593,2746700,2024-08-08,Amgen,,,
2024-08-09 00:00:00,323.75,325.040008544921,319.329986572265,322.489990234375,303.295654296875,1786400,2024-08-09,Amgen,,,
2024-08-12 00:00:00,323.899993896484,323.899993896484,317.929992675781,320.0,300.953857421875,1828700,2024-08-12,Amgen,,,
2024-08-13 00:00:00,321.779998779296,324.0,319.170013427734,323.450012207031,304.198577880859,1632800,2024-08-13,Amgen,,,
2024-08-14 00:00:00,320.429992675781,324.359985351562,319.559997558593,322.730010986328,303.521362304687,1656100,2024-08-14,Amgen,,,
2024-08-15 00:00:00,323.880004882812,327.160003662109,321.940002441406,325.390014648437,306.023071289062,1886800,2024-08-15,Amgen,,,
2024-08-16 00:00:00,323.649993896484,324.820007324218,320.5,321.440002441406,304.4130859375,1442500,2024-08-16,Amgen,,,
2024-08-19 00:00:00,321.459991455078,328.179992675781,321.410003662109,327.970001220703,310.59716796875,1214200,2024-08-19,Amgen,,,
2024-08-20 00:00:00,328.119995117187,330.5,326.619995117187,328.549987792968,311.146484375,1352600,2024-08-20,Amgen,,,
2024-08-21 00:00:00,329.549987792968,330.989990234375,327.910003662109,329.149993896484,311.714691162109,1138200,2024-08-21,Amgen,,,
2024-08-22 00:00:00,329.5,329.5,323.119995117187,324.529998779296,307.339447021484,2172000,2024-08-22,Amgen,,,
2024-08-23 00:00:00,326.269989013671,331.290008544921,325.380004882812,328.799987792968,311.383239746093,1771100,2024-08-23,Amgen,,,
2024-08-26 00:00:00,328.410003662109,330.260009765625,325.5,326.779998779296,309.470275878906,1769900,2024-08-26,Amgen,,,
2024-08-27 00:00:00,328.420013427734,329.829986572265,325.579986572265,326.929992675781,309.612335205078,1444300,2024-08-27,Amgen,,,
2024-08-28 00:00:00,325.940002441406,330.510009765625,325.390014648437,329.489990234375,312.036712646484,1444200,2024-08-28,Amgen,,,
2024-08-29 00:00:00,331.670013427734,334.269989013671,329.25,331.010009765625,313.476196289062,1294300,2024-08-29,Amgen,,,
2024-08-30 00:00:00,331.950012207031,335.660003662109,330.309997558593,333.829986572265,316.146789550781,2173400,2024-08-30,Amgen,,,
2024-09-03 00:00:00,331.890014648437,333.140014648437,329.100006103515,330.510009765625,313.002685546875,2120500,2024-09-03,Amgen,,,
2024-09-04 00:00:00,329.929992675781,331.100006103515,327.600006103515,330.640014648437,313.125762939453,1622100,2024-09-04,Amgen,,,
2024-09-05 00:00:00,330.899993896484,331.859985351562,321.910003662109,324.359985351562,307.178405761718,1977400,2024-09-05,Amgen,,,
2024-09-06 00:00:00,324.700012207031,326.970001220703,319.0,320.559997558593,303.579711914062,2242400,2024-09-06,Amgen,,,
2024-09-09 00:00:00,322.519989013671,327.809997558593,320.100006103515,325.920013427734,308.655822753906,1707800,2024-09-09,Amgen,,,
2024-09-10 00:00:00,327.0,329.230010986328,322.390014648437,328.929992675781,311.506378173828,1408400,2024-09-10,Amgen,,,
2024-09-11 00:00:00,327.809997558593,330.649993896484,320.299987792968,329.980010986328,312.500762939453,1711000,2024-09-11,Amgen,,,
2024-09-12 00:00:00,330.220001220703,332.380004882812,326.410003662109,330.059997558593,312.576507568359,1590000,2024-09-12,Amgen,,,
2024-09-13 00:00:00,327.959991455078,334.450012207031,327.149993896484,332.450012207031,314.839935302734,1397000,2024-09-13,Amgen,,,
2024-09-16 00:00:00,335.83999633789,337.559997558593,332.920013427734,335.260009765625,317.501068115234,2360600,2024-09-16,Amgen,,,
2024-09-17 00:00:00,334.579986572265,334.579986572265,331.079986572265,332.799987792968,315.171356201171,2014000,2024-09-17,Amgen,,,
2024-09-18 00:00:00,333.929992675781,339.0,331.0,332.920013427734,315.285034179687,1366600,2024-09-18,Amgen,,,
2024-09-19 00:00:00,337.029998779296,338.700012207031,334.609985351562,335.950012207031,318.154510498046,1626100,2024-09-19,Amgen,,,
2024-09-20 00:00:00,335.149993896484,338.970001220703,334.269989013671,337.380004882812,319.508758544921,4068200,2024-09-20,Amgen,,,
2024-09-23 00:00:00,339.0,339.170013427734,333.359985351562,335.609985351562,317.832489013671,1677500,2024-09-23,Amgen,,,
2024-09-24 00:00:00,333.149993896484,335.410003662109,330.5,330.920013427734,313.390930175781,2101000,2024-09-24,Amgen,,,
2024-09-25 00:00:00,329.0,329.5,312.160003662109,312.859985351562,296.28759765625,4249500,2024-09-25,Amgen,,,
2024-09-26 00:00:00,313.679992675781,319.779998779296,313.369995117187,319.100006103515,302.197052001953,2555700,2024-09-26,Amgen,,,
2024-09-27 00:00:00,322.700012207031,327.980010986328,320.519989013671,322.670013427734,305.577911376953,2432600,2024-09-27,Amgen,,,
2024-09-30 00:00:00,321.320007324218,323.230010986328,318.790008544921,322.209991455078,305.142333984375,1966900,2024-09-30,Amgen,,,
2024-10-01 00:00:00,322.049987792968,322.200012207031,316.920013427734,320.320007324218,303.352416992187,2097400,2024-10-01,Amgen,,,
2024-10-02 00:00:00,317.630004882812,320.670013427734,316.179992675781,319.730010986328,302.793731689453,2614400,2024-10-02,Amgen,,,
2024-10-03 00:00:00,317.109985351562,319.730010986328,315.459991455078,317.480010986328,300.662902832031,1525300,2024-10-03,Amgen,,,
2024-10-04 00:00:00,318.720001220703,320.739990234375,316.429992675781,319.660003662109,302.727325439453,1467800,2024-10-04,Amgen,,,
2024-10-07 00:00:00,320.079986572265,320.209991455078,315.920013427734,317.450012207031,300.634460449218,1262300,2024-10-07,Amgen,,,
2024-10-08 00:00:00,319.170013427734,319.950012207031,316.480010986328,317.679992675781,300.852264404296,1453300,2024-10-08,Amgen,,,
2024-10-09 00:00:00,316.660003662109,322.989990234375,314.700012207031,322.410003662109,305.331726074218,1379400,2024-10-09,Amgen,,,
2024-10-10 00:00:00,320.950012207031,322.570007324218,318.75,321.010009765625,304.005950927734,1254600,2024-10-10,Amgen,,,
2024-10-11 00:00:00,322.200012207031,329.170013427734,320.100006103515,328.350006103515,310.957092285156,1567200,2024-10-11,Amgen,,,
2024-10-14 00:00:00,325.58999633789,326.950012207031,322.58999633789,324.619995117187,307.424652099609,1613300,2024-10-14,Amgen,,,
2024-10-15 00:00:00,326.029998779296,327.329986572265,324.029998779296,325.08999633789,307.86978149414,1956200,2024-10-15,Amgen,,,
2024-10-16 00:00:00,326.200012207031,326.730010986328,321.320007324218,321.630004882812,304.593017578125,1776700,2024-10-16,Amgen,,,
2024-10-17 00:00:00,325.920013427734,325.920013427734,320.5,321.329986572265,304.308929443359,1635600,2024-10-17,Amgen,,,
2024-10-18 00:00:00,320.609985351562,322.559997558593,319.179992675781,321.660003662109,304.621490478515,1552100,2024-10-18,Amgen,,,
2024-10-21 00:00:00,320.160003662109,321.799987792968,315.869995117187,316.739990234375,299.962097167968,1533200,2024-10-21,Amgen,,,
2024-10-22 00:00:00,315.239990234375,321.079986572265,313.980010986328,319.660003662109,302.727325439453,2106500,2024-10-22,Amgen,,,
2024-10-23 00:00:00,316.010009765625,318.549987792968,313.700012207031,314.899993896484,298.219543457031,1526300,2024-10-23,Amgen,,,
2024-10-24 00:00:00,314.429992675781,317.239990234375,313.630004882812,315.690002441406,298.967681884765,1326600,2024-10-24,Amgen,,,
2024-10-25 00:00:00,318.489990234375,319.200012207031,314.880004882812,316.980010986328,300.189361572265,1604400,2024-10-25,Amgen,,,
2024-10-28 00:00:00,318.059997558593,320.140014648437,315.899993896484,317.170013427734,300.36929321289,1816000,2024-10-28,Amgen,,,
2024-10-29 00:00:00,317.010009765625,319.209991455078,314.820007324218,316.0,299.261260986328,1466500,2024-10-29,Amgen,,,
2024-10-30 00:00:00,311.950012207031,317.899993896484,310.630004882812,315.540008544921,298.825622558593,2223600,2024-10-30,Amgen,,,
2024-10-31 00:00:00,317.690002441406,323.399993896484,315.649993896484,320.160003662109,303.200866699218,2713500,2024-10-31,Amgen,,,
2024-11-01 00:00:00,318.690002441406,321.700012207031,316.910003662109,319.220001220703,302.310729980468,1826700,2024-11-01,Amgen,,,
2024-11-04 00:00:00,320.579986572265,320.579986572265,314.609985351562,316.910003662109,300.123046875,2090100,2024-11-04,Amgen,,,
2024-11-05 00:00:00,316.160003662109,319.519989013671,313.019989013671,319.290008544921,302.376983642578,1472300,2024-11-05,Amgen,,,
2024-11-06 00:00:00,325.0,325.390014648437,318.170013427734,321.790008544921,304.74462890625,2208600,2024-11-06,Amgen,,,
2024-11-07 00:00:00,322.0,322.970001220703,318.540008544921,321.910003662109,304.858184814453,2654700,2024-11-07,Amgen,,,
2024-11-08 00:00:00,322.480010986328,328.25,321.279998779296,325.279998779296,308.049713134765,1978100,2024-11-08,Amgen,,,
2024-11-11 00:00:00,325.910003662109,327.579986572265,321.609985351562,321.809997558593,304.763519287109,2457000,2024-11-11,Amgen,,,
2024-11-12 00:00:00,319.58999633789,321.220001220703,293.799987792968,298.83999633789,283.01025390625,6680300,2024-11-12,Amgen,,,
2024-11-13 00:00:00,306.0,307.429992675781,298.910003662109,301.440002441406,285.472564697265,3725600,2024-11-13,Amgen,,,
2024-11-14 00:00:00,297.910003662109,298.480010986328,292.329986572265,295.929992675781,280.25439453125,3515600,2024-11-14,Amgen,,,
2024-11-15 00:00:00,291.5,291.5,279.619995117187,283.609985351562,268.586975097656,5324700,2024-11-15,Amgen,,,
2024-11-18 00:00:00,279.380004882812,281.359985351562,276.559997558593,278.760009765625,266.105072021484,3174600,2024-11-18,Amgen,,,
2024-11-19 00:00:00,277.670013427734,281.600006103515,275.559997558593,279.950012207031,267.240966796875,3210300,2024-11-19,Amgen,,,
2024-11-20 00:00:00,281.100006103515,288.480010986328,278.559997558593,287.869995117187,274.801452636718,4759200,2024-11-20,Amgen,,,
2024-11-21 00:00:00,288.179992675781,291.109985351562,284.140014648437,289.899993896484,276.739288330078,3553200,2024-11-21,Amgen,,,
2024-11-22 00:00:00,290.83999633789,295.480010986328,288.779998779296,294.529998779296,281.159118652343,3053200,2024-11-22,Amgen,,,
2024-11-25 00:00:00,293.549987792968,297.320007324218,293.5,294.0,280.653167724609,4695700,2024-11-25,Amgen,,,
2024-11-26 00:00:00,264.220001220703,280.33999633789,257.799987792968,280.010009765625,267.298278808593,17010300,2024-11-26,Amgen,,,
2024-11-27 00:00:00,279.0,282.690002441406,278.0,280.070007324218,267.355529785156,6622800,2024-11-27,Amgen,,,
2024-11-29 00:00:00,279.459991455078,283.640014648437,277.640014648437,282.869995117187,270.02847290039,2232800,2024-11-29,Amgen,,,
2024-12-02 00:00:00,282.079986572265,282.390014648437,276.890014648437,278.100006103515,265.475036621093,4677800,2024-12-02,Amgen,,,
2024-12-03 00:00:00,277.0,281.380004882812,276.5,278.320007324218,265.684997558593,5468800,2024-12-03,Amgen,,,
2024-12-04 00:00:00,275.809997558593,279.410003662109,273.859985351562,278.260009765625,265.627746582031,4173900,2024-12-04,Amgen,,,
2024-12-05 00:00:00,277.0,279.040008544921,273.149993896484,274.329986572265,261.87612915039,3187000,2024-12-05,Amgen,,,
2024-12-06 00:00:00,275.010009765625,275.359985351562,271.480010986328,272.579986572265,260.205535888671,3970200,2024-12-06,Amgen,,,
2024-12-09 00:00:00,273.160003662109,280.0,272.279998779296,277.630004882812,265.026336669921,3222100,2024-12-09,Amgen,,,
2024-12-10 00:00:00,277.859985351562,277.899993896484,272.359985351562,275.75,263.231689453125,2791400,2024-12-10,Amgen,,,
2024-12-11 00:00:00,276.0,276.279998779296,270.579986572265,273.410003662109,260.997894287109,4493500,2024-12-11,Amgen,,,
2024-12-12 00:00:00,273.809997558593,275.880004882812,272.149993896484,274.059997558593,261.618408203125,3749200,2024-12-12,Amgen,,,
2024-12-13 00:00:00,272.959991455078,274.070007324218,270.019989013671,270.619995117187,258.334564208984,2906300,2024-12-13,Amgen,,,
2024-12-16 00:00:00,270.619995117187,272.690002441406,266.220001220703,266.5,254.401580810546,3711100,2024-12-16,Amgen,,,
2024-12-17 00:00:00,265.459991455078,270.260009765625,264.809997558593,265.950012207031,253.876541137695,4742500,2024-12-17,Amgen,,,
2024-12-18 00:00:00,265.179992675781,267.190002441406,258.679992675781,258.779998779296,247.03205871582,4093600,2024-12-18,Amgen,,,
2024-12-19 00:00:00,258.0,261.809997558593,253.300003051757,261.190002441406,249.33267211914,4725800,2024-12-19,Amgen,,,
2024-12-20 00:00:00,269.0,269.609985351562,262.209991455078,263.380004882812,251.423233032226,13687600,2024-12-20,Amgen,,,
2024-12-23 00:00:00,263.109985351562,264.799987792968,260.869995117187,264.0,252.015090942382,3025700,2024-12-23,Amgen,,,
2024-12-24 00:00:00,262.480010986328,264.549987792968,261.359985351562,264.489990234375,252.482849121093,1520600,2024-12-24,Amgen,,,
2024-12-26 00:00:00,262.209991455078,264.730010986328,261.760009765625,263.179992675781,251.232315063476,1637300,2024-12-26,Amgen,,,
2024-12-27 00:00:00,261.100006103515,263.5,260.510009765625,262.649993896484,250.726364135742,2157400,2024-12-27,Amgen,,,
2024-12-30 00:00:00,260.829986572265,261.559997558593,258.5,259.299987792968,247.528457641601,3039300,2024-12-30,Amgen,,,
2024-12-31 00:00:00,260.75,261.540008544921,258.850006103515,260.640014648437,248.807647705078,1966200,2024-12-31,Amgen,,,
2025-01-02 00:00:00,262.179992675781,263.579986572265,258.309997558593,259.279998779296,247.509353637695,2357400,2025-01-02,Amgen,,,
2025-01-03 00:00:00,260.0,262.079986572265,259.790008544921,261.220001220703,249.36131286621,2979700,2025-01-03,Amgen,,,
2025-01-06 00:00:00,259.049987792968,261.190002441406,257.049987792968,258.58999633789,246.850692749023,4668200,2025-01-06,Amgen,,,
2025-01-07 00:00:00,260.220001220703,265.209991455078,259.350006103515,262.059997558593,250.163177490234,3173700,2025-01-07,Amgen,,,
2025-01-08 00:00:00,261.970001220703,264.25,259.820007324218,264.209991455078,252.215545654296,2421500,2025-01-08,Amgen,,,
2025-01-10 00:00:00,260.790008544921,264.790008544921,260.549987792968,262.230010986328,250.325454711914,2721800,2025-01-10,Amgen,,,
2025-01-13 00:00:00,262.109985351562,270.489990234375,261.279998779296,270.190002441406,257.924072265625,3365900,2025-01-13,Amgen,,,
2025-01-14 00:00:00,271.609985351562,271.609985351562,264.910003662109,267.100006103515,254.974334716796,2942300,2025-01-14,Amgen,,,
2025-01-15 00:00:00,269.329986572265,272.820007324218,268.579986572265,268.940002441406,256.730804443359,3737500,2025-01-15,Amgen,,,
2025-01-16 00:00:00,268.920013427734,270.309997558593,267.149993896484,269.429992675781,257.198547363281,2684500,2025-01-16,Amgen,,,
2025-01-17 00:00:00,276.970001220703,276.970001220703,269.779998779296,272.109985351562,259.756866455078,3244000,2025-01-17,Amgen,,,
2025-01-21 00:00:00,272.140014648437,276.5,270.279998779296,274.809997558593,262.334320068359,3928500,2025-01-21,Amgen,,,
2025-01-22 00:00:00,272.660003662109,275.019989013671,272.070007324218,273.440002441406,261.026550292968,3518300,2025-01-22,Amgen,,,
2025-01-23 00:00:00,273.440002441406,278.0,272.320007324218,277.880004882812,265.264984130859,2496000,2025-01-23,Amgen,,,
2025-01-24 00:00:00,276.260009765625,277.359985351562,273.5,275.420013427734,262.91665649414,2008600,2025-01-24,Amgen,,,
2025-01-27 00:00:00,277.369995117187,283.230010986328,276.179992675781,282.950012207031,270.104827880859,3493200,2025-01-27,Amgen,,,
2025-01-28 00:00:00,280.130004882812,283.5,279.970001220703,280.299987792968,267.575134277343,2735500,2025-01-28,Amgen,,,
2025-01-29 00:00:00,280.029998779296,283.040008544921,279.309997558593,281.679992675781,268.892456054687,2454900,2025-01-29,Amgen,,,
2025-01-30 00:00:00,285.0,285.690002441406,281.640014648437,284.019989013671,271.126220703125,2556100,2025-01-30,Amgen,,,
2025-01-31 00:00:00,282.179992675781,286.690002441406,281.980010986328,285.420013427734,272.462738037109,3799900,2025-01-31,Amgen,,,
2025-02-03 00:00:00,286.910003662109,289.579986572265,283.399993896484,288.869995117187,275.756042480468,4473500,2025-02-03,Amgen,,,
2025-02-04 00:00:00,285.579986572265,290.480010986328,284.519989013671,289.019989013671,275.899230957031,3262400,2025-02-04,Amgen,,,
2025-02-05 00:00:00,290.690002441406,308.220001220703,289.519989013671,307.809997558593,293.836181640625,5890600,2025-02-05,Amgen,,,
2025-02-06 00:00:00,309.489990234375,309.489990234375,297.119995117187,297.779998779296,284.261535644531,4624500,2025-02-06,Amgen,,,
2025-02-07 00:00:00,299.160003662109,299.609985351562,292.579986572265,293.540008544921,280.21401977539,3388300,2025-02-07,Amgen,,,
2025-02-10 00:00:00,296.880004882812,296.880004882812,290.670013427734,294.790008544921,281.407318115234,2375600,2025-02-10,Amgen,,,
2025-02-11 00:00:00,290.559997558593,297.950012207031,288.359985351562,296.660003662109,283.1923828125,3506900,2025-02-11,Amgen,,,
2025-02-12 00:00:00,293.820007324218,296.200012207031,292.630004882812,295.059997558593,281.6650390625,2629900,2025-02-12,Amgen,,,
2025-02-13 00:00:00,297.549987792968,298.350006103515,293.549987792968,296.970001220703,283.488372802734,2061700,2025-02-13,Amgen,,,
2025-02-14 00:00:00,294.75,295.160003662109,290.450012207031,291.160003662109,280.187591552734,2189300,2025-02-14,Amgen,,,
2025-02-18 00:00:00,291.760009765625,293.329986572265,289.0,292.799987792968,281.76577758789,2162200,2025-02-18,Amgen,,,
2025-02-19 00:00:00,292.0,295.970001220703,291.799987792968,294.269989013671,283.180358886718,2806900,2025-02-19,Amgen,,,
2025-02-20 00:00:00,294.670013427734,298.130004882812,293.929992675781,297.929992675781,286.702484130859,2319000,2025-02-20,Amgen,,,
2025-02-21 00:00:00,299.230010986328,305.329986572265,297.190002441406,303.010009765625,291.591033935546,3261400,2025-02-21,Amgen,,,
2025-02-24 00:00:00,305.279998779296,313.75,304.399993896484,309.720001220703,298.048156738281,4286600,2025-02-24,Amgen,,,
2025-02-25 00:00:00,311.799987792968,318.299987792968,310.299987792968,315.630004882812,303.735473632812,4365700,2025-02-25,Amgen,,,
2025-02-26 00:00:00,311.950012207031,313.630004882812,305.549987792968,306.380004882812,294.834045410156,2786900,2025-02-26,Amgen,,,
2025-02-27 00:00:00,305.299987792968,311.0,303.100006103515,305.820007324218,294.295135498046,3249100,2025-02-27,Amgen,,,
2025-02-28 00:00:00,308.510009765625,308.619995117187,303.519989013671,308.059997558593,296.450714111328,3173000,2025-02-28,Amgen,,,
2025-03-03 00:00:00,307.33999633789,312.480010986328,307.33999633789,310.779998779296,299.068237304687,2970700,2025-03-03,Amgen,,,
2025-03-04 00:00:00,316.529998779296,319.820007324218,312.100006103515,312.190002441406,300.425109863281,3820000,2025-03-04,Amgen,,,
2025-03-05 00:00:00,310.630004882812,318.940002441406,310.140014648437,316.570007324218,304.639984130859,2629000,2025-03-05,Amgen,,,
2025-03-06 00:00:00,316.420013427734,318.679992675781,312.5,317.820007324218,305.84292602539,3076500,2025-03-06,Amgen,,,
2025-03-07 00:00:00,318.950012207031,328.190002441406,317.779998779296,324.859985351562,312.617614746093,3944900,2025-03-07,Amgen,,,
2025-03-10 00:00:00,324.130004882812,335.880004882812,322.769989013671,327.359985351562,315.023406982421,4120700,2025-03-10,Amgen,,,
2025-03-11 00:00:00,328.799987792968,329.100006103515,318.420013427734,318.890014648437,306.872619628906,3080100,2025-03-11,Amgen,,,
2025-03-12 00:00:00,311.390014648437,316.019989013671,308.640014648437,312.5,300.723388671875,3182200,2025-03-12,Amgen,,,
2025-03-13 00:00:00,313.660003662109,316.75,311.989990234375,312.640014648437,300.858123779296,2062700,2025-03-13,Amgen,,,
2025-03-14 00:00:00,312.230010986328,314.510009765625,310.299987792968,313.709991455078,301.887786865234,2396800,2025-03-14,Amgen,,,
2025-03-17 00:00:00,314.640014648437,318.660003662109,311.790008544921,317.170013427734,305.217407226562,2292900,2025-03-17,Amgen,,,
2025-03-18 00:00:00,317.559997558593,319.309997558593,315.179992675781,318.649993896484,306.641632080078,2549300,2025-03-18,Amgen,,,
2025-03-19 00:00:00,317.510009765625,318.920013427734,313.399993896484,315.75,303.850921630859,1834300,2025-03-19,Amgen,,,
2025-03-20 00:00:00,314.179992675781,315.989990234375,312.239990234375,315.040008544921,303.167694091796,2049700,2025-03-20,Amgen,,,
2025-03-21 00:00:00,311.820007324218,316.489990234375,311.160003662109,316.040008544921,304.129974365234,9995000,2025-03-21,Amgen,,,
2025-03-24 00:00:00,315.0,317.579986572265,313.429992675781,314.380004882812,302.532531738281,2439400,2025-03-24,Amgen,,,
2025-03-25 00:00:00,313.980010986328,314.220001220703,303.510009765625,306.859985351562,295.2958984375,2565300,2025-03-25,Amgen,,,
2025-03-26 00:00:00,306.440002441406,309.08999633789,304.350006103515,305.709991455078,294.189270019531,2375200,2025-03-26,Amgen,,,
2025-03-27 00:00:00,306.220001220703,307.570007324218,304.290008544921,305.769989013671,294.246978759765,1736900,2025-03-27,Amgen,,,
2025-03-28 00:00:00,307.440002441406,308.170013427734,304.709991455078,306.950012207031,295.382537841796,1768400,2025-03-28,Amgen,,,
2025-03-31 00:00:00,307.579986572265,315.0,305.549987792968,311.549987792968,299.809173583984,3336200,2025-03-31,Amgen,,,
2025-04-01 00:00:00,310.579986572265,312.619995117187,305.0,306.920013427734,295.353729248046,3042300,2025-04-01,Amgen,,,
2025-04-02 00:00:00,305.410003662109,306.760009765625,300.100006103515,305.700012207031,294.179656982421,1912500,2025-04-02,Amgen,,,
2025-04-03 00:00:00,311.179992675781,314.899993896484,306.700012207031,309.850006103515,298.173248291015,3280300,2025-04-03,Amgen,,,
2025-04-04 00:00:00,312.109985351562,312.109985351562,293.720001220703,294.390014648437,283.295867919921,5253100,2025-04-04,Amgen,,,
2025-04-07 00:00:00,287.690002441406,296.940002441406,281.700012207031,289.690002441406,278.773010253906,4923000,2025-04-07,Amgen,,,
2025-04-08 00:00:00,289.25,294.010009765625,277.510009765625,280.260009765625,269.69839477539,4097200,2025-04-08,Amgen,,,
2025-04-09 00:00:00,268.910003662109,291.5,267.399993896484,291.08999633789,280.120208740234,6055700,2025-04-09,Amgen,,,
2025-04-10 00:00:00,287.980010986328,288.519989013671,269.670013427734,281.410003662109,270.805023193359,4679100,2025-04-10,Amgen,,,
2025-04-11 00:00:00,282.5,287.899993896484,277.100006103515,285.980010986328,275.20278930664,3467100,2025-04-11,Amgen,,,
2025-04-14 00:00:00,286.769989013671,295.179992675781,285.209991455078,293.920013427734,282.843597412109,2492700,2025-04-14,Amgen,,,
2025-04-15 00:00:00,294.309997558593,296.170013427734,292.140014648437,295.299987792968,284.17153930664,2593600,2025-04-15,Amgen,,,
2025-04-16 00:00:00,294.739990234375,294.75,281.029998779296,282.640014648437,271.988708496093,2656300,2025-04-16,Amgen,,,
2025-04-17 00:00:00,277.040008544921,278.679992675781,268.5,277.290008544921,266.840301513671,4371800,2025-04-17,Amgen,,,
2025-04-21 00:00:00,277.290008544921,278.25,270.359985351562,273.679992675781,263.366302490234,1803600,2025-04-21,Amgen,,,
2025-04-22 00:00:00,275.700012207031,278.730010986328,274.489990234375,278.399993896484,267.908447265625,2081000,2025-04-22,Amgen,,,
2025-04-23 00:00:00,279.910003662109,283.600006103515,276.420013427734,277.899993896484,267.427307128906,2679500,2025-04-23,Amgen,,,
2025-04-24 00:00:00,278.470001220703,282.260009765625,274.420013427734,279.83999633789,269.294189453125,2260500,2025-04-24,Amgen,,,
2025-04-25 00:00:00,279.470001220703,282.190002441406,276.440002441406,280.83999633789,270.25650024414,1994600,2025-04-25,Amgen,,,
2025-04-28 00:00:00,280.630004882812,284.100006103515,280.0,283.08999633789,272.421661376953,2082400,2025-04-28,Amgen,,,
2025-04-29 00:00:00,281.119995117187,289.899993896484,279.059997558593,288.559997558593,277.685607910156,2147700,2025-04-29,Amgen,,,
2025-04-30 00:00:00,289.440002441406,292.0,286.08999633789,290.920013427734,279.956634521484,2612300,2025-04-30,Amgen,,,
2025-05-01 00:00:00,287.040008544921,287.880004882812,282.070007324218,283.779998779296,273.085693359375,2942700,2025-05-01,Amgen,,,
2025-05-02 00:00:00,291.5,291.609985351562,275.200012207031,281.220001220703,270.622192382812,4537000,2025-05-02,Amgen,,,
2025-05-05 00:00:00,281.570007324218,281.970001220703,276.08999633789,280.059997558593,269.505889892578,2781400,2025-05-05,Amgen,,,
2025-05-06 00:00:00,277.08999633789,277.609985351562,268.809997558593,270.440002441406,260.248443603515,3253400,2025-05-06,Amgen,,,
2025-05-07 00:00:00,272.029998779296,276.679992675781,270.440002441406,275.83999633789,265.444946289062,2363400,2025-05-07,Amgen,,,
2025-05-08 00:00:00,269.450012207031,274.779998779296,266.019989013671,272.049987792968,261.797729492187,3618000,2025-05-08,Amgen,,,
2025-05-09 00:00:00,270.660003662109,273.480010986328,265.660003662109,265.859985351562,255.841049194335,3328900,2025-05-09,Amgen,,,
2025-05-12 00:00:00,266.470001220703,276.08999633789,262.989990234375,274.760009765625,264.405639648437,4216800,2025-05-12,Amgen,,,
2025-05-13 00:00:00,273.829986572265,273.920013427734,268.529998779296,270.450012207031,260.258087158203,2660700,2025-05-13,Amgen,,,
2025-05-14 00:00:00,269.83999633789,270.33999633789,261.429992675781,262.279998779296,252.395919799804,3933000,2025-05-14,Amgen,,,
2025-05-15 00:00:00,265.299987792968,271.690002441406,264.149993896484,271.690002441406,261.451293945312,3995100,2025-05-15,Amgen,,,
2025-05-16 00:00:00,270.660003662109,272.540008544921,267.730010986328,272.410003662109,264.460876464843,2589300,2025-05-16,Amgen,,,
2025-05-19 00:00:00,272.579986572265,276.0,272.0,275.850006103515,267.800476074218,2189400,2025-05-19,Amgen,,,
2025-05-20 00:00:00,275.910003662109,276.899993896484,274.279998779296,275.010009765625,266.984985351562,2188300,2025-05-20,Amgen,,,
2025-05-21 00:00:00,274.179992675781,275.58999633789,270.510009765625,271.33999633789,263.422088623046,2559700,2025-05-21,Amgen,,,
2025-05-22 00:00:00,271.33999633789,272.440002441406,269.100006103515,271.899993896484,263.965759277343,1919800,2025-05-22,Amgen,,,
2025-05-23 00:00:00,269.480010986328,272.519989013671,269.130004882812,271.660003662109,263.732757568359,2532000,2025-05-23,Amgen,,,
2025-05-27 00:00:00,273.700012207031,279.630004882812,273.119995117187,279.450012207031,271.295440673828,2917100,2025-05-27,Amgen,,,
2025-05-28 00:00:00,279.019989013671,281.33999633789,276.619995117187,278.399993896484,270.276062011718,3863800,2025-05-28,Amgen,,,
2025-05-29 00:00:00,279.220001220703,283.820007324218,278.399993896484,283.540008544921,275.26611328125,2801900,2025-05-29,Amgen,,,
2025-05-30 00:00:00,282.609985351562,288.809997558593,281.040008544921,288.179992675781,279.770690917968,5439200,2025-05-30,Amgen,,,
2025-06-02 00:00:00,285.640014648437,289.450012207031,284.769989013671,288.470001220703,280.052215576171,2394000,2025-06-02,Amgen,,,
2025-06-03 00:00:00,285.519989013671,291.760009765625,283.040008544921,289.570007324218,281.1201171875,2320400,2025-06-03,Amgen,,,
2025-06-04 00:00:00,290.190002441406,293.209991455078,286.890014648437,287.010009765625,278.634796142578,2338300,2025-06-04,Amgen,,,
2025-06-05 00:00:00,286.329986572265,291.359985351562,284.989990234375,287.100006103515,278.722198486328,2522400,2025-06-05,Amgen,,,
2025-06-06 00:00:00,289.799987792968,293.570007324218,289.010009765625,290.329986572265,281.857940673828,1996100,2025-06-06,Amgen,,,
2025-06-09 00:00:00,290.470001220703,291.660003662109,287.540008544921,289.980010986328,281.518188476562,1967100,2025-06-09,Amgen,,,
2025-06-10 00:00:00,290.0,295.640014648437,289.790008544921,293.429992675781,284.867492675781,2441500,2025-06-10,Amgen,,,
2025-06-11 00:00:00,293.209991455078,294.670013427734,291.149993896484,291.809997558593,283.294738769531,1828300,2025-06-11,Amgen,,,
2025-06-12 00:00:00,294.209991455078,297.440002441406,292.679992675781,297.290008544921,288.614837646484,2159700,2025-06-12,Amgen,,,
2025-06-13 00:00:00,294.730010986328,299.489990234375,294.070007324218,295.220001220703,286.605224609375,2191200,2025-06-13,Amgen,,,
2025-06-16 00:00:00,296.309997558593,298.769989013671,292.459991455078,295.559997558593,286.935302734375,2047600,2025-06-16,Amgen,,,
2025-06-17 00:00:00,294.410003662109,295.799987792968,289.630004882812,290.049987792968,281.58609008789,2515100,2025-06-17,Amgen,,,
2025-06-18 00:00:00,290.790008544921,291.869995117187,286.600006103515,289.630004882812,281.17837524414,2026800,2025-06-18,Amgen,,,
2025-06-20 00:00:00,292.170013427734,294.549987792968,288.540008544921,289.329986572265,280.887115478515,6801300,2025-06-20,Amgen,,,
2025-06-23 00:00:00,290.079986572265,290.660003662109,267.829986572265,272.440002441406,264.489990234375,5764900,2025-06-23,Amgen,,,
2025-06-24 00:00:00,273.130004882812,280.010009765625,269.010009765625,277.489990234375,269.392578125,3686900,2025-06-24,Amgen,,,
2025-06-25 00:00:00,275.799987792968,280.540008544921,273.130004882812,280.350006103515,272.169128417968,2740300,2025-06-25,Amgen,,,
2025-06-26 00:00:00,280.0,286.170013427734,277.75,279.109985351562,270.96533203125,2998200,2025-06-26,Amgen,,,
2025-06-27 00:00:00,278.570007324218,281.320007324218,275.700012207031,277.130004882812,269.04312133789,2894500,2025-06-27,Amgen,,,
2025-06-30 00:00:00,278.850006103515,280.040008544921,276.579986572265,279.209991455078,271.062408447265,2963500,2025-06-30,Amgen,,,
2025-07-01 00:00:00,280.010009765625,293.980010986328,278.980010986328,290.519989013671,282.042388916015,3502700,2025-07-01,Amgen,,,
2025-07-02 00:00:00,291.029998779296,297.910003662109,289.5,296.850006103515,288.187713623046,2287000,2025-07-02,Amgen,,,
2025-07-03 00:00:00,297.0,298.989990234375,295.510009765625,298.239990234375,289.537109375,1518500,2025-07-03,Amgen,,,
2025-07-07 00:00:00,297.880004882812,298.0,291.380004882812,292.950012207031,284.401489257812,2144500,2025-07-07,Amgen,,,
2025-07-08 00:00:00,291.959991455078,298.679992675781,291.25,297.0,288.333312988281,1534100,2025-07-08,Amgen,,,
2025-07-09 00:00:00,298.510009765625,301.660003662109,291.769989013671,296.519989013671,287.867279052734,2098000,2025-07-09,Amgen,,,
2025-07-10 00:00:00,296.190002441406,302.380004882812,295.170013427734,300.369995117187,291.60498046875,1925800,2025-07-10,Amgen,,,
2025-07-11 00:00:00,298.230010986328,299.910003662109,294.0,295.269989013671,286.653778076171,1619800,2025-07-11,Amgen,,,
2025-07-14 00:00:00,293.859985351562,297.140014648437,292.83999633789,297.029998779296,288.362426757812,1202300,2025-07-14,Amgen,,,
2025-07-15 00:00:00,297.190002441406,297.529998779296,291.940002441406,292.510009765625,283.974304199218,1592700,2025-07-15,Amgen,,,
2025-07-16 00:00:00,292.510009765625,299.33999633789,292.329986572265,299.019989013671,290.294311523437,1881000,2025-07-16,Amgen,,,
2025-07-17 00:00:00,297.58999633789,299.950012207031,296.279998779296,298.25,289.546844482421,1725600,2025-07-17,Amgen,,,
2025-07-18 00:00:00,300.929992675781,301.0,293.75,294.760009765625,286.15869140625,1967700,2025-07-18,Amgen,,,
2025-07-21 00:00:00,294.75,297.08999633789,293.600006103515,295.869995117187,287.236267089843,2025100,2025-07-21,Amgen,,,
2025-07-22 00:00:00,296.459991455078,306.799987792968,295.859985351562,305.690002441406,296.769744873046,2520800,2025-07-22,Amgen,,,
2025-07-23 00:00:00,307.809997558593,309.489990234375,305.989990234375,309.220001220703,300.196716308593,1782700,2025-07-23,Amgen,,,
2025-07-24 00:00:00,309.230010986328,311.279998779296,307.350006103515,308.549987792968,299.546264648437,1531200,2025-07-24,Amgen,,,
2025-07-25 00:00:00,308.579986572265,309.029998779296,304.450012207031,306.579986572265,297.633758544921,1451300,2025-07-25,Amgen,,,
2025-07-28 00:00:00,305.820007324218,306.0,300.100006103515,301.290008544921,292.498107910156,1948000,2025-07-28,Amgen,,,
2025-07-29 00:00:00,301.119995117187,304.070007324218,297.779998779296,303.559997558593,294.701873779296,1406500,2025-07-29,Amgen,,,
2025-07-30 00:00:00,304.329986572265,305.570007324218,299.660003662109,301.369995117187,292.575775146484,1550400,2025-07-30,Amgen,,,
2025-07-31 00:00:00,298.440002441406,302.959991455078,293.630004882812,295.100006103515,286.48876953125,2252700,2025-07-31,Amgen,,,
2025-08-01 00:00:00,297.059997558593,298.519989013671,292.58999633789,296.880004882812,288.216827392578,2410900,2025-08-01,Amgen,,,
2025-08-04 00:00:00,297.299987792968,302.329986572265,296.299987792968,301.940002441406,293.129180908203,2316200,2025-08-04,Amgen,,,
2025-08-05 00:00:00,300.730010986328,302.100006103515,297.019989013671,300.079986572265,291.323425292968,2664100,2025-08-05,Amgen,,,
2025-08-06 00:00:00,295.510009765625,298.540008544921,281.649993896484,284.670013427734,276.363098144531,4576000,2025-08-06,Amgen,,,
2025-08-07 00:00:00,287.350006103515,289.25,281.690002441406,284.700012207031,276.392211914062,2588800,2025-08-07,Amgen,,,
2025-08-08 00:00:00,283.489990234375,288.489990234375,283.489990234375,288.230010986328,279.819213867187,1803300,2025-08-08,Amgen,,,
2025-08-11 00:00:00,289.739990234375,291.739990234375,284.720001220703,285.08999633789,276.770843505859,1856800,2025-08-11,Amgen,,,
2025-08-12 00:00:00,285.480010986328,286.260009765625,282.600006103515,284.980010986328,276.6640625,2200300,2025-08-12,Amgen,,,
2025-08-13 00:00:00,285.320007324218,289.579986572265,284.690002441406,289.329986572265,280.887115478515,1784900,2025-08-13,Amgen,,,
2025-08-14 00:00:00,288.880004882812,291.540008544921,287.410003662109,290.290008544921,281.819122314453,1932300,2025-08-14,Amgen,,,
2025-08-15 00:00:00,292.029998779296,296.989990234375,290.579986572265,296.470001220703,287.818756103515,2168300,2025-08-15,Amgen,,,
2025-08-18 00:00:00,296.929992675781,298.140014648437,292.299987792968,292.619995117187,284.081085205078,1743800,2025-08-18,Amgen,,,
2025-08-19 00:00:00,292.410003662109,296.989990234375,292.109985351562,295.549987792968,286.925628662109,1858500,2025-08-19,Amgen,,,
2025-08-20 00:00:00,296.25,301.470001220703,295.799987792968,296.450012207031,287.799346923828,1723700,2025-08-20,Amgen,,,
2025-08-21 00:00:00,295.899993896484,299.899993896484,294.489990234375,295.760009765625,287.129486083984,1843700,2025-08-21,Amgen,,,
2025-08-22 00:00:00,295.489990234375,297.890014648437,293.350006103515,293.720001220703,287.462219238281,1644000,2025-08-22,Amgen,,,
2025-08-25 00:00:00,292.609985351562,294.600006103515,287.559997558593,288.470001220703,282.324096679687,1734300,2025-08-25,Amgen,,,
2025-08-26 00:00:00,287.769989013671,289.890014648437,286.529998779296,289.579986572265,283.410430908203,1750400,2025-08-26,Amgen,,,
2025-08-27 00:00:00,288.83999633789,290.25,286.649993896484,287.970001220703,281.834747314453,1400800,2025-08-27,Amgen,,,
2025-08-28 00:00:00,287.230010986328,287.230010986328,284.869995117187,285.609985351562,279.524993896484,1886700,2025-08-28,Amgen,,,
2025-08-29 00:00:00,285.799987792968,288.299987792968,285.160003662109,287.709991455078,281.580291748046,1302700,2025-08-29,Amgen,,,
2025-09-02 00:00:00,287.489990234375,288.739990234375,284.709991455078,286.920013427734,280.807159423828,1948200,2025-09-02,Amgen,,,
2025-09-03 00:00:00,284.079986572265,286.929992675781,280.380004882812,283.850006103515,277.802520751953,2604100,2025-09-03,Amgen,,,
2025-09-04 00:00:00,284.760009765625,284.760009765625,278.75,280.100006103515,274.132415771484,2622000,2025-09-04,Amgen,,,
2025-09-05 00:00:00,279.799987792968,285.290008544921,279.0,283.640014648437,277.597015380859,2299400,2025-09-05,Amgen,,,
2025-09-08 00:00:00,281.049987792968,282.429992675781,277.320007324218,280.190002441406,274.220489501953,2452900,2025-09-08,Amgen,,,
2025-09-09 00:00:00,279.5,282.079986572265,278.779998779296,279.970001220703,274.005187988281,1733000,2025-09-09,Amgen,,,
2025-09-10 00:00:00,280.0,280.309997558593,275.160003662109,278.510009765625,272.576293945312,2150700,2025-09-10,Amgen,,,
2025-09-11 00:00:00,278.519989013671,282.899993896484,278.0,282.730010986328,276.706420898437,2233100,2025-09-11,Amgen,,,
2025-09-12 00:00:00,281.040008544921,282.940002441406,276.070007324218,276.390014648437,270.50146484375,2143700,2025-09-12,Amgen,,,
2025-09-15 00:00:00,276.070007324218,277.239990234375,271.609985351562,274.399993896484,268.553833007812,2563100,2025-09-15,Amgen,,,
2025-09-16 00:00:00,275.890014648437,277.58999633789,271.730010986328,273.079986572265,267.261962890625,2157400,2025-09-16,Amgen,,,
2025-09-17 00:00:00,274.140014648437,277.799987792968,273.0,274.709991455078,268.857238769531,1748800,2025-09-17,Amgen,,,
2025-09-18 00:00:00,274.700012207031,276.5,273.970001220703,275.829986572265,269.953369140625,3322500,2025-09-18,Amgen,,,
2025-09-19 00:00:00,278.640014648437,286.149993896484,277.369995117187,285.410003662109,279.329284667968,8735100,2025-09-19,Amgen,,,
2025-09-22 00:00:00,284.130004882812,287.200012207031,281.709991455078,286.0,279.906707763671,3050500,2025-09-22,Amgen,,,
2025-09-23 00:00:00,283.959991455078,287.260009765625,283.959991455078,286.809997558593,280.699493408203,2342000,2025-09-23,Amgen,,,
2025-09-24 00:00:00,285.470001220703,286.700012207031,278.0,279.220001220703,273.271179199218,2374200,2025-09-24,Amgen,,,
2025-09-25 00:00:00,279.0,281.049987792968,270.640014648437,271.179992675781,265.402465820312,2802700,2025-09-25,Amgen,,,
2025-09-26 00:00:00,274.33999633789,275.5,269.769989013671,272.980010986328,267.164123535156,1812200,2025-09-26,Amgen,,,
2025-09-29 00:00:00,273.100006103515,274.519989013671,270.670013427734,273.970001220703,268.133026123046,1769100,2025-09-29,Amgen,,,
2025-09-30 00:00:00,274.140014648437,284.820007324218,274.019989013671,282.200012207031,276.187683105468,3508700,2025-09-30,Amgen,,,
2025-10-01 00:00:00,284.450012207031,301.660003662109,283.0,298.5,292.140411376953,4835400,2025-10-01,Amgen,,,
2025-10-02 00:00:00,298.309997558593,300.5,295.459991455078,297.399993896484,291.063842773437,2123200,2025-10-02,Amgen,,,
2025-10-03 00:00:00,297.720001220703,301.540008544921,295.630004882812,297.890014648437,291.543395996093,2518500,2025-10-03,Amgen,,,
2025-10-06 00:00:00,297.619995117187,297.619995117187,293.029998779296,294.119995117187,287.853729248046,1957300,2025-10-06,Amgen,,,
2025-10-07 00:00:00,293.269989013671,295.850006103515,290.209991455078,295.540008544921,289.243469238281,1504300,2025-10-07,Amgen,,,
2025-10-08 00:00:00,295.790008544921,297.630004882812,292.290008544921,294.619995117187,288.343048095703,2940600,2025-10-08,Amgen,,,
2025-10-09 00:00:00,294.130004882812,296.630004882812,293.700012207031,295.429992675781,289.135803222656,1369000,2025-10-09,Amgen,,,
2025-10-10 00:00:00,296.160003662109,297.08999633789,289.579986572265,290.130004882812,283.94873046875,2660500,2025-10-10,Amgen,,,
2025-10-13 00:00:00,291.75,296.130004882812,289.440002441406,292.399993896484,286.170349121093,1838400,2025-10-13,Amgen,,,
2025-10-14 00:00:00,291.75,296.869995117187,290.970001220703,293.850006103515,287.589447021484,1975900,2025-10-14,Amgen,,,
2025-10-15 00:00:00,292.820007324218,298.209991455078,292.429992675781,297.320007324218,290.985565185546,2502100,2025-10-15,Amgen,,,
2025-10-16 00:00:00,298.070007324218,302.269989013671,294.440002441406,295.809997558593,289.507690429687,1715000,2025-10-16,Amgen,,,
2025-10-17 00:00:00,295.239990234375,299.369995117187,293.140014648437,298.809997558593,292.443817138671,1959400,2025-10-17,Amgen,,,
2025-10-20 00:00:00,299.480010986328,303.660003662109,297.75,303.329986572265,296.867462158203,1613400,2025-10-20,Amgen,,,
2025-10-21 00:00:00,302.600006103515,303.850006103515,298.029998779296,301.140014648437,294.724151611328,1533400,2025-10-21,Amgen,,,
2025-10-22 00:00:00,301.290008544921,302.820007324218,295.600006103515,295.980010986328,289.674102783203,1698500,2025-10-22,Amgen,,,
2025-10-23 00:00:00,296.010009765625,296.459991455078,291.910003662109,292.890014648437,286.649963378906,1496800,2025-10-23,Amgen,,,
2025-10-24 00:00:00,292.890014648437,293.940002441406,290.660003662109,291.760009765625,285.543975830078,1376300,2025-10-24,Amgen,,,
2025-10-27 00:00:00,291.209991455078,292.0,288.260009765625,291.160003662109,284.956817626953,1794300,2025-10-27,Amgen,,,
2025-10-28 00:00:00,288.929992675781,292.630004882812,288.260009765625,292.08999633789,285.866973876953,2217200,2025-10-28,Amgen,,,
2025-10-29 00:00:00,291.760009765625,294.809997558593,289.440002441406,291.769989013671,285.553771972656,2824300,2025-10-29,Amgen,,,
2025-10-30 00:00:00,290.579986572265,294.559997558593,289.0,292.0,285.778900146484,2058200,2025-10-30,Amgen,,,
2025-10-31 00:00:00,288.459991455078,298.880004882812,288.0,298.429992675781,292.071868896484,2687100,2025-10-31,Amgen,,,
2025-11-03 00:00:00,298.429992675781,301.0,292.119995117187,296.299987792968,289.987274169921,2753300,2025-11-03,Amgen,,,
2025-11-04 00:00:00,298.709991455078,299.059997558593,294.480010986328,296.700012207031,290.378753662109,3412500,2025-11-04,Amgen,,,
2025-11-05 00:00:00,303.130004882812,322.980010986328,302.130004882812,319.859985351562,313.045318603515,5486200,2025-11-05,Amgen,,,
2025-11-06 00:00:00,319.100006103515,321.309997558593,312.519989013671,315.58999633789,308.866302490234,3330300,2025-11-06,Amgen,,,
2025-11-07 00:00:00,316.079986572265,321.420013427734,314.0,320.200012207031,313.37808227539,2665200,2025-11-07,Amgen,,,
2025-11-10 00:00:00,320.600006103515,326.179992675781,319.540008544921,323.660003662109,316.764373779296,2518600,2025-11-10,Amgen,,,
2025-11-11 00:00:00,323.420013427734,338.549987792968,323.420013427734,338.450012207031,331.2392578125,3136500,2025-11-11,Amgen,,,
2025-11-12 00:00:00,338.640014648437,342.399993896484,335.820007324218,336.279998779296,329.115478515625,2941000,2025-11-12,Amgen,,,
2025-11-13 00:00:00,337.899993896484,345.83999633789,335.119995117187,336.0,328.84146118164,3413500,2025-11-13,Amgen,,,
2025-11-14 00:00:00,336.739990234375,339.799987792968,330.350006103515,336.739990234375,329.565704345703,3310300,2025-11-14,Amgen,,,
2025-11-17 00:00:00,337.640014648437,344.059997558593,336.829986572265,341.709991455078,334.429779052734,2996600,2025-11-17,Amgen,,,
2025-11-18 00:00:00,343.730010986328,345.489990234375,339.299987792968,343.989990234375,336.661224365234,2966600,2025-11-18,Amgen,,,
2025-11-19 00:00:00,343.470001220703,345.290008544921,340.019989013671,342.399993896484,335.105072021484,2129800,2025-11-19,Amgen,,,
2025-11-20 00:00:00,344.519989013671,345.08999633789,335.0,336.070007324218,328.909973144531,3183700,2025-11-20,Amgen,,,
2025-11-21 00:00:00,334.869995117187,342.83999633789,334.739990234375,337.540008544921,332.704803466796,4128600,2025-11-21,Amgen,,,
2025-11-24 00:00:00,335.83999633789,338.660003662109,331.709991455078,334.299987792968,329.51123046875,3551600,2025-11-24,Amgen,,,
2025-11-25 00:00:00,335.410003662109,341.730010986328,335.410003662109,341.109985351562,336.223663330078,2868600,2025-11-25,Amgen,,,
2025-11-26 00:00:00,341.529998779296,345.029998779296,340.0,344.570007324218,339.634124755859,2333100,2025-11-26,Amgen,,,
2025-11-28 00:00:00,344.0,345.660003662109,342.260009765625,345.459991455078,340.511352539062,1268800,2025-11-28,Amgen,,,
2025-12-01 00:00:00,343.070007324218,343.980010986328,336.25,337.489990234375,332.655548095703,2383800,2025-12-01,Amgen,,,
2025-12-02 00:00:00,338.859985351562,342.5,336.329986572265,338.359985351562,333.513031005859,2446500,2025-12-02,Amgen,,,
2025-12-03 00:00:00,340.540008544921,346.380004882812,338.850006103515,345.420013427734,340.471923828125,2839100,2025-12-03,Amgen,,,
2025-12-04 00:00:00,344.230010986328,346.329986572265,338.940002441406,340.160003662109,335.287292480468,3695700,2025-12-04,Amgen,,,
2025-12-05 00:00:00,340.359985351562,340.880004882812,328.630004882812,329.890014648437,325.164398193359,2897700,2025-12-05,Amgen,,,
2025-12-08 00:00:00,329.08999633789,329.670013427734,320.170013427734,321.230010986328,316.628448486328,3510700,2025-12-08,Amgen,,,
2025-12-09 00:00:00,321.820007324218,323.0,313.179992675781,313.850006103515,309.35415649414,2924900,2025-12-09,Amgen,,,
2025-12-10 00:00:00,316.25,317.470001220703,313.0,315.380004882812,310.862243652343,3071500,2025-12-10,Amgen,,,
2025-12-11 00:00:00,317.890014648437,320.190002441406,312.390014648437,317.380004882812,312.833587646484,2454800,2025-12-11,Amgen,,,
2025-12-12 00:00:00,317.299987792968,319.459991455078,315.190002441406,317.739990234375,313.188446044921,2247200,2025-12-12,Amgen,,,
2025-12-15 00:00:00,321.209991455078,325.769989013671,319.059997558593,325.309997558593,320.649993896484,4049500,2025-12-15,Amgen,,,
2025-12-16 00:00:00,324.820007324218,327.33999633789,323.019989013671,326.739990234375,322.059539794921,2642500,2025-12-16,Amgen,,,
2025-12-17 00:00:00,327.519989013671,330.040008544921,325.429992675781,326.010009765625,321.33999633789,2517300,2025-12-17,Amgen,,,
2025-12-18 00:00:00,326.269989013671,328.239990234375,321.910003662109,324.420013427734,319.772766113281,2669000,2025-12-18,Amgen,,,
2025-12-19 00:00:00,325.559997558593,331.5,324.730010986328,327.380004882812,322.690338134765,13465700,2025-12-19,Amgen,,,
2025-12-22 00:00:00,327.010009765625,331.880004882812,326.079986572265,331.390014648437,326.642913818359,2400400,2025-12-22,Amgen,,,
2025-12-23 00:00:00,328.08999633789,333.670013427734,328.070007324218,331.489990234375,326.741485595703,1552800,2025-12-23,Amgen,,,
2025-12-24 00:00:00,330.720001220703,334.380004882812,330.720001220703,333.959991455078,329.176116943359,833700,2025-12-24,Amgen,,,
2025-12-26 00:00:00,333.649993896484,333.980010986328,330.850006103515,332.929992675781,328.160858154296,792600,2025-12-26,Amgen,,,
2025-12-29 00:00:00,332.459991455078,333.5,329.470001220703,329.630004882812,324.908142089843,2181000,2025-12-29,Amgen,,,
2025-12-30 00:00:00,328.649993896484,329.769989013671,325.829986572265,328.690002441406,323.98159790039,1255900,2025-12-30,Amgen,,,
2025-12-31 00:00:00,328.690002441406,329.5,327.059997558593,327.309997558593,322.621368408203,1417300,2025-12-31,Amgen,,,
2026-01-02 00:00:00,328.769989013671,329.190002441406,325.010009765625,327.640014648437,322.946655273437,1539700,2026-01-02,Amgen,,,
2026-01-05 00:00:00,324.920013427734,326.519989013671,318.209991455078,320.720001220703,316.125762939453,2268700,2026-01-05,Amgen,,,
2026-01-06 00:00:00,319.489990234375,330.940002441406,318.829986572265,330.170013427734,325.440399169921,2722500,2026-01-06,Amgen,,,
2026-01-07 00:00:00,332.100006103515,343.049987792968,332.100006103515,341.640014648437,336.74609375,3599200,2026-01-07,Amgen,,,
2026-01-08 00:00:00,337.760009765625,341.459991455078,328.209991455078,330.109985351562,325.381256103515,2799300,2026-01-08,Amgen,,,
2026-01-09 00:00:00,328.809997558593,332.079986572265,323.890014648437,326.100006103515,321.4287109375,2118400,2026-01-09,Amgen,,,
2026-01-12 00:00:00,328.470001220703,328.470001220703,322.739990234375,325.540008544921,320.876708984375,2460600,2026-01-12,Amgen,,,
2026-01-13 00:00:00,327.420013427734,327.75,319.790008544921,324.299987792968,319.654479980468,2382200,2026-01-13,Amgen,,,
2026-01-14 00:00:00,324.08999633789,329.200012207031,323.549987792968,328.970001220703,324.257598876953,1897400,2026-01-14,Amgen,,,
2026-01-15 00:00:00,328.970001220703,332.5,325.190002441406,330.029998779296,325.30239868164,2591900,2026-01-15,Amgen,,,
2026-01-16 00:00:00,328.700012207031,333.029998779296,326.899993896484,330.410003662109,325.676940917968,4033700,2026-01-16,Amgen,,,
2026-01-20 00:00:00,325.579986572265,331.33999633789,321.709991455078,331.0,326.258514404296,2947500,2026-01-20,Amgen,,,
2026-01-21 00:00:00,329.950012207031,343.980010986328,329.320007324218,343.600006103515,338.678009033203,4148600,2026-01-21,Amgen,,,
2026-01-22 00:00:00,344.149993896484,349.980010986328,342.140014648437,347.070007324218,342.09829711914,3025100,2026-01-22,Amgen,,,
2026-01-23 00:00:00,346.179992675781,349.230010986328,341.820007324218,344.75,339.811553955078,2024900,2026-01-23,Amgen,,,
2026-01-26 00:00:00,344.700012207031,350.429992675781,343.619995117187,349.690002441406,344.680786132812,3116100,2026-01-26,Amgen,,,
2026-01-27 00:00:00,348.570007324218,353.25,346.929992675781,351.320007324218,346.287414550781,3269600,2026-01-27,Amgen,,,
2026-01-28 00:00:00,349.0,351.950012207031,340.0,342.220001220703,337.317779541015,2347800,2026-01-28,Amgen,,,
2026-01-29 00:00:00,341.660003662109,347.269989013671,338.75,342.940002441406,338.027465820312,3153100,2026-01-29,Amgen,,,
2026-01-30 00:00:00,340.809997558593,345.5,338.070007324218,341.880004882812,336.982666015625,2522400,2026-01-30,Amgen,,,
2026-02-02 00:00:00,339.470001220703,345.980010986328,339.410003662109,344.679992675781,339.742523193359,1899900,2026-02-02,Amgen,,,
2026-02-03 00:00:00,341.239990234375,349.5,338.58999633789,338.58999633789,333.739776611328,4040000,2026-02-03,Amgen,,,
2026-02-04 00:00:00,352.029998779296,368.75,342.380004882812,366.200012207031,360.954284667968,5899600,2026-02-04,Amgen,,,
2026-02-05 00:00:00,365.730010986328,374.899993896484,365.0,367.799987792968,362.531341552734,4007300,2026-02-05,Amgen,,,
2026-02-06 00:00:00,369.989990234375,385.119995117187,368.899993896484,384.320007324218,378.814727783203,3840300,2026-02-06,Amgen,,,
2026-02-09 00:00:00,380.700012207031,384.619995117187,372.33999633789,375.820007324218,370.436492919921,2843700,2026-02-09,Amgen,,,
2026-02-10 00:00:00,377.040008544921,377.359985351562,363.649993896484,364.649993896484,359.426452636718,3526400,2026-02-10,Amgen,,,
2026-02-11 00:00:00,365.140014648437,368.510009765625,361.0,366.579986572265,361.328796386718,2826000,2026-02-11,Amgen,,,
2026-02-12 00:00:00,366.660003662109,370.880004882812,365.059997558593,366.200012207031,360.954284667968,2374500,2026-02-12,Amgen,,,
2026-02-13 00:00:00,362.660003662109,370.420013427734,361.709991455078,369.190002441406,366.422973632812,2414200,2026-02-13,Amgen,,,
2026-02-17 00:00:00,370.880004882812,374.769989013671,369.0,373.359985351562,370.561706542968,2255400,2026-02-17,Amgen,,,
2026-02-18 00:00:00,373.5,380.579986572265,370.440002441406,379.730010986328,376.883972167968,2731900,2026-02-18,Amgen,,,
2026-02-19 00:00:00,377.910003662109,379.929992675781,374.130004882812,375.5,372.685668945312,2427000,2026-02-19,Amgen,,,
2026-02-20 00:00:00,372.010009765625,377.0,371.390014648437,374.75,371.941284179687,2911700,2026-02-20,Amgen,,,
2026-02-23 00:00:00,375.260009765625,381.779998779296,374.739990234375,379.420013427734,376.57632446289,2951400,2026-02-23,Amgen,,,
2026-02-24 00:00:00,380.019989013671,383.200012207031,378.820007324218,382.869995117187,380.000427246093,2454700,2026-02-24,Amgen,,,
2026-02-25 00:00:00,381.5,387.489990234375,380.540008544921,384.329986572265,381.449493408203,2459500,2026-02-25,Amgen,,,
2026-02-26 00:00:00,385.140014648437,385.140014648437,374.25,379.329986572265,376.48696899414,2589400,2026-02-26,Amgen,,,
2026-02-27 00:00:00,379.290008544921,390.140014648437,378.75,388.160003662109,385.250793457031,3441000,2026-02-27,Amgen,,,
2026-03-02 00:00:00,388.0,391.290008544921,381.890014648437,385.700012207031,382.80923461914,2837900,2026-03-02,Amgen,,,
2026-03-03 00:00:00,377.970001220703,381.739990234375,372.709991455078,377.0,374.174438476562,2710400,2026-03-03,Amgen,,,
2026-03-04 00:00:00,380.0,380.08999633789,370.820007324218,379.269989013671,376.42739868164,2028300,2026-03-04,Amgen,,,
2026-03-05 00:00:00,375.179992675781,377.08999633789,361.399993896484,367.600006103515,364.84487915039,2868400,2026-03-05,Amgen,,,
2026-03-06 00:00:00,364.200012207031,369.760009765625,361.709991455078,369.529998779296,366.76040649414,2443000,2026-03-06,Amgen,,,
2026-03-09 00:00:00,368.269989013671,378.820007324218,366.529998779296,376.970001220703,374.144653320312,2719900,2026-03-09,Amgen,,,
2026-03-10 00:00:00,376.170013427734,379.260009765625,372.739990234375,375.429992675781,372.616180419921,2284500,2026-03-10,Amgen,,,
2026-03-11 00:00:00,375.049987792968,380.140014648437,373.0,377.640014648437,374.809661865234,2299200,2026-03-11,Amgen,,,
2026-03-12 00:00:00,373.510009765625,375.0,367.760009765625,367.790008544921,365.033477783203,1990500,2026-03-12,Amgen,,,
2026-03-13 00:00:00,370.679992675781,372.980010986328,365.929992675781,366.209991455078,363.465301513671,1500300,2026-03-13,Amgen,,,
2026-03-16 00:00:00,369.380004882812,370.890014648437,364.720001220703,366.25,363.505004882812,2099100,2026-03-16,Amgen,,,
2026-03-17 00:00:00,368.239990234375,368.779998779296,359.799987792968,361.130004882812,358.423370361328,2334300,2026-03-17,Amgen,,,
2026-03-18 00:00:00,359.820007324218,360.690002441406,350.809997558593,351.480010986328,348.845703125,2895100,2026-03-18,Amgen,,,
2026-03-19 00:00:00,353.299987792968,356.320007324218,347.850006103515,349.920013427734,347.297424316406,2168700,2026-03-19,Amgen,,,
2026-03-20 00:00:00,348.010009765625,351.25,344.950012207031,347.799987792968,345.193267822265,9168800,2026-03-20,Amgen,,,
2026-03-23 00:00:00,351.799987792968,353.420013427734,348.609985351562,349.769989013671,347.148498535156,2368700,2026-03-23,Amgen,,,
2026-03-24 00:00:00,346.559997558593,352.579986572265,345.799987792968,348.429992675781,345.818542480468,2336700,2026-03-24,Amgen,,,
2026-03-25 00:00:00,350.760009765625,358.0,350.760009765625,353.929992675781,351.27734375,1831900,2026-03-25,Amgen,,,
2026-03-26 00:00:00,350.329986572265,354.809997558593,348.519989013671,353.160003662109,350.513122558593,2044800,2026-03-26,Amgen,,,
2026-03-27 00:00:00,355.660003662109,355.660003662109,347.799987792968,348.769989013671,346.156005859375,2274800,2026-03-27,Amgen,,,
2026-03-30 00:00:00,351.829986572265,351.829986572265,348.130004882812,349.0,346.38427734375,2589900,2026-03-30,Amgen,,,
2026-03-31 00:00:00,350.730010986328,355.489990234375,347.109985351562,351.850006103515,349.212951660156,3747100,2026-03-31,Amgen,,,
2026-04-01 00:00:00,354.899993896484,357.0,351.660003662109,353.279998779296,350.632202148437,2726600,2026-04-01,Amgen,,,
2026-04-02 00:00:00,352.720001220703,354.160003662109,345.869995117187,347.940002441406,345.332244873046,1604300,2026-04-02,Amgen,,,
2026-04-06 00:00:00,345.450012207031,348.170013427734,340.640014648437,342.570007324218,340.002502441406,2143700,2026-04-06,Amgen,,,
2026-04-07 00:00:00,340.989990234375,341.869995117187,335.059997558593,340.0,337.451751708984,3162200,2026-04-07,Amgen,,,
2026-04-08 00:00:00,345.609985351562,351.329986572265,342.350006103515,349.809997558593,347.188232421875,2666400,2026-04-08,Amgen,,,
2026-04-09 00:00:00,347.459991455078,359.450012207031,346.420013427734,355.600006103515,352.934844970703,2940700,2026-04-09,Amgen,,,
2026-04-10 00:00:00,357.459991455078,357.459991455078,349.75,351.019989013671,348.389129638671,2258100,2026-04-10,Amgen,,,
2026-04-13 00:00:00,352.08999633789,352.619995117187,345.489990234375,349.820007324218,347.198150634765,2547700,2026-04-13,Amgen,,,
2026-04-14 00:00:00,346.179992675781,351.720001220703,345.410003662109,350.950012207031,348.319702148437,2106800,2026-04-14,Amgen,,,
2026-04-15 00:00:00,351.700012207031,352.600006103515,344.209991455078,348.220001220703,345.610137939453,2140000,2026-04-15,Amgen,,,
2026-04-16 00:00:00,346.630004882812,351.25,346.600006103515,349.390014648437,346.771392822265,1981600,2026-04-16,Amgen,,,
2026-04-17 00:00:00,351.899993896484,356.690002441406,349.420013427734,355.299987792968,352.637054443359,3685900,2026-04-17,Amgen,,,
2026-04-20 00:00:00,354.25,356.899993896484,350.019989013671,350.160003662109,347.535614013671,2107600,2026-04-20,Amgen,,,
2026-04-21 00:00:00,350.230010986328,350.230010986328,340.059997558593,344.859985351562,342.275299072265,2066600,2026-04-21,Amgen,,,
2026-04-22 00:00:00,344.08999633789,347.679992675781,342.970001220703,345.920013427734,343.327392578125,2136100,2026-04-22,Amgen,,,
2026-04-23 00:00:00,345.519989013671,350.690002441406,345.5,348.619995117187,346.007141113281,2033400,2026-04-23,Amgen,,,
2026-04-24 00:00:00,346.0,347.660003662109,342.519989013671,344.549987792968,341.967620849609,2201200,2026-04-24,Amgen,,,
2026-04-27 00:00:00,342.350006103515,348.040008544921,339.980010986328,340.179992675781,337.630401611328,2653800,2026-04-27,Amgen,,,
2026-04-28 00:00:00,344.5,346.019989013671,337.820007324218,339.570007324218,337.024963378906,2376400,2026-04-28,Amgen,,,
2026-04-29 00:00:00,335.010009765625,339.119995117187,333.549987792968,338.019989013671,335.486572265625,2516500,2026-04-29,Amgen,,,
2026-04-30 00:00:00,340.75,349.540008544921,340.049987792968,346.25,343.654907226562,3592600,2026-04-30,Amgen,,,
2026-05-01 00:00:00,332.519989013671,337.0,324.630004882812,329.820007324218,327.348052978515,3821100,2026-05-01,Amgen,,,
2026-05-04 00:00:00,326.029998779296,326.790008544921,321.920013427734,323.850006103515,321.422790527343,3481000,2026-05-04,Amgen,,,
2026-05-05 00:00:00,321.910003662109,329.660003662109,320.519989013671,329.58999633789,327.119750976562,3321400,2026-05-05,Amgen,,,
2026-05-06 00:00:00,329.130004882812,332.980010986328,329.049987792968,331.109985351562,328.628356933593,2874400,2026-05-06,Amgen,,,
2026-05-07 00:00:00,330.390014648437,331.279998779296,327.220001220703,329.08999633789,326.623504638671,3296900,2026-05-07,Amgen,,,
2026-05-08 00:00:00,329.480010986328,332.329986572265,328.0,331.700012207031,329.213958740234,2443200,2026-05-08,Amgen,,,
2026-05-11 00:00:00,332.989990234375,334.190002441406,327.619995117187,329.58999633789,327.119750976562,1918800,2026-05-11,Amgen,,,
2026-05-12 00:00:00,331.950012207031,338.489990234375,329.799987792968,336.290008544921,333.769561767578,3119100,2026-05-12,Amgen,,,
2026-05-13 00:00:00,332.320007324218,338.0,330.059997558593,336.450012207031,333.92837524414,2183800,2026-05-13,Amgen,,,
2026-05-14 00:00:00,336.260009765625,337.940002441406,333.470001220703,336.230010986328,333.710021972656,2041600,2026-05-14,Amgen,,,
2026-05-15 00:00:00,336.230010986328,336.230010986328,325.160003662109,326.309997558593,326.309997558593,3447700,2026-05-15,Amgen,,,
2026-05-18 00:00:00,325.549987792968,325.769989013671,321.209991455078,324.390014648437,324.390014648437,2030100,2026-05-18,Amgen,,,
2026-05-19 00:00:00,323.25,332.33999633789,320.970001220703,330.75,330.75,3040400,2026-05-19,Amgen,,,
2026-05-20 00:00:00,330.75,333.529998779296,326.799987792968,331.570007324218,331.570007324218,4074400,2026-05-20,Amgen,,,
2026-05-21 00:00:00,330.0,337.630004882812,329.08999633789,337.420013427734,337.420013427734,2001000,2026-05-21,Amgen,,,
2026-05-22 00:00:00,340.260009765625,343.799987792968,338.399993896484,339.299987792968,339.299987792968,1566200,2026-05-22,Amgen,,,
2026-05-26 00:00:00,340.559997558593,342.489990234375,335.200012207031,335.940002441406,335.940002441406,1860200,2026-05-26,Amgen,,,
2026-05-27 00:00:00,339.519989013671,341.390014648437,335.989990234375,336.059997558593,336.059997558593,1929500,2026-05-27,Amgen,,,
2026-05-28 00:00:00,336.440002441406,337.950012207031,334.160003662109,336.480010986328,336.480010986328,2159000,2026-05-28,Amgen,,,
2026-05-29 00:00:00,336.220001220703,337.510009765625,333.059997558593,336.790008544921,336.790008544921,2953800,2026-05-29,Amgen,,,
2026-06-01 00:00:00,333.380004882812,333.829986572265,326.350006103515,329.130004882812,329.130004882812,2120500,2026-06-01,Amgen,,,
2026-06-02 00:00:00,326.170013427734,329.459991455078,322.299987792968,328.260009765625,328.260009765625,1558800,2026-06-02,Amgen,,,
2026-06-03 00:00:00,327.980010986328,338.700012207031,325.980010986328,338.220001220703,338.220001220703,2289300,2026-06-03,Amgen,,,
2026-06-04 00:00:00,345.869995117187,349.179992675781,342.25,345.600006103515,345.600006103515,2907100,2026-06-04,Amgen,,,
2026-06-05 00:00:00,348.760009765625,356.5,347.660003662109,349.579986572265,349.579986572265,3450800,2026-06-05,Amgen,,,
2026-06-08 00:00:00,349.33999633789,352.170013427734,344.239990234375,345.730010986328,345.730010986328,2488200,2026-06-08,Amgen,,,
2026-06-09 00:00:00,348.239990234375,349.640014648437,342.619995117187,344.570007324218,344.570007324218,3388200,2026-06-09,Amgen,,,
2026-06-10 00:00:00,346.859985351562,348.58999633789,337.489990234375,337.730010986328,337.730010986328,3000400,2026-06-10,Amgen,,,
2026-06-11 00:00:00,342.910003662109,358.459991455078,341.459991455078,354.059997558593,354.059997558593,4727100,2026-06-11,Amgen,,,
2026-06-12 00:00:00,357.399993896484,358.170013427734,351.959991455078,355.200012207031,355.200012207031,2730100,2026-06-12,Amgen,,,
2026-06-15 00:00:00,355.5,358.299987792968,349.559997558593,350.529998779296,350.529998779296,4371400,2026-06-15,Amgen,,,
2026-06-16 00:00:00,352.0,353.660003662109,345.869995117187,347.83999633789,347.83999633789,3516400,2026-06-16,Amgen,,,
2026-06-17 00:00:00,347.079986572265,349.399993896484,338.899993896484,341.660003662109,341.660003662109,3470300,2026-06-17,Amgen,,,
2026-06-18 00:00:00,344.380004882812,345.0,334.049987792968,337.600006103515,337.600006103515,8151100,2026-06-18,Amgen,,,
2026-06-22 00:00:00,337.649993896484,345.109985351562,337.600006103515,344.720001220703,344.720001220703,2521000,2026-06-22,Amgen,,,
2026-06-23 00:00:00,348.309997558593,349.399993896484,345.489990234375,347.010009765625,347.010009765625,2304600,2026-06-23,Amgen,,,
2026-06-24 00:00:00,348.0,354.420013427734,346.0,351.429992675781,351.429992675781,2391900,2026-06-24,Amgen,,,
2026-06-25 00:00:00,350.059997558593,359.100006103515,350.059997558593,352.820007324218,352.820007324218,2340900,2026-06-25,Amgen,,,
2026-06-26 00:00:00,354.690002441406,362.269989013671,354.160003662109,358.329986572265,358.329986572265,3610300,2026-06-26,Amgen,,,
2026-06-29 00:00:00,361.950012207031,363.109985351562,358.459991455078,360.549987792968,360.549987792968,2461900,2026-06-29,Amgen,,,
2026-06-30 00:00:00,362.149993896484,362.779998779296,356.869995117187,362.119995117187,362.119995117187,2246900,2026-06-30,Amgen,,,
2026-07-01 00:00:00,362.630004882812,364.0,357.890014648437,361.329986572265,361.329986572265,2244800,2026-07-01,Amgen,,,
2026-07-02 00:00:00,364.739990234375,375.149993896484,363.390014648437,374.149993896484,374.149993896484,2487600,2026-07-02,Amgen,,,
2026-07-06 00:00:00,371.700012207031,373.980010986328,359.470001220703,366.440002441406,366.440002441406,2838000,2026-07-06,Amgen,,,
2026-07-07 00:00:00,374.279998779296,375.25,366.359985351562,368.100006103515,368.100006103515,1983700,2026-07-07,Amgen,,,
2026-07-08 00:00:00,366.190002441406,371.420013427734,363.0,367.989990234375,367.989990234375,1758800,2026-07-08,Amgen,,,
2026-07-09 00:00:00,367.820007324218,368.75,361.029998779296,363.619995117187,363.619995117187,1728200,2026-07-09,Amgen,,,
2026-07-10 00:00:00,363.079986572265,364.899993896484,361.140014648437,363.390014648437,363.390014648437,1632600,2026-07-10,Amgen,,,
2026-07-13 00:00:00,363.040008544921,363.290008544921,355.730010986328,360.450012207031,360.450012207031,2064700,2026-07-13,Amgen,,,
2026-07-14 00:00:00,358.179992675781,358.859985351562,354.709991455078,355.25,355.25,1862900,2026-07-14,Amgen,,,
2026-07-15 00:00:00,354.660003662109,359.899993896484,353.950012207031,358.320007324218,358.320007324218,1837800,2026-07-15,Amgen,,,
2026-07-16 00:00:00,358.25,372.140014648437,357.739990234375,371.579986572265,371.579986572265,2355700,2026-07-16,Amgen,,,
2026-07-17 00:00:00,373.970001220703,378.540008544921,361.720001220703,366.290008544921,366.290008544921,2861300,2026-07-17,Amgen,,,
2026-07-20 00:00:00,367.950012207031,370.290008544921,363.649993896484,364.170013427734,364.170013427734,1922000,2026-07-20,Amgen,,,
2026-07-21 00:00:00,365.08999633789,368.910003662109,362.140014648437,366.239990234375,366.239990234375,2881800,2026-07-21,Amgen,,,
2026-07-22 00:00:00,369.230010986328,371.0,364.859985351562,366.049987792968,366.049987792968,1548500,2026-07-22,Amgen,,,
2026-07-23 00:00:00,359.980010986328,371.83999633789,359.209991455078,371.5,371.5,2931900,2026-07-23,Amgen,,,
2026-07-24 00:00:00,372.730010986328,379.410003662109,372.160003662109,376.040008544921,376.040008544921,2493800,2026-07-24,Amgen,,,
2026-07-27 00:00:00,378.549987792968,382.279998779296,374.399993896484,376.260009765625,376.260009765625,2902200,2026-07-27,Amgen,,,
2026-07-28 00:00:00,383.25,398.0,382.209991455078,393.100006103515,393.100006103515,3413000,2026-07-28,Amgen,,,
2026-07-29 00:00:00,395.029998779296,397.880004882812,386.579986572265,387.640014648437,387.640014648437,3003700,2026-07-29,Amgen,,,
2026-07-30 00:00:00,379.75,388.410003662109,378.220001220703,387.640014648437,387.640014648437,3004900,2026-07-30,Amgen,,,
2026-07-31 00:00:00,382.0,386.820007324218,379.33999633789,385.160003662109,385.160003662109,1954600,2026-07-31,Amgen,,,
2026-08-03 00:00:00,388.5,391.029998779296,375.959991455078,378.869995117187,378.869995117187,3443100,2026-08-03,Amgen,,,
2026-08-04 00:00:00,380.760009765625,390.920013427734,376.019989013671,390.019989013671,390.019989013671,3622700,2026-08-04,Amgen,,,
2026-08-05 00:00:00,393.359985351562,416.239990234375,391.0,407.829986572265,407.829986572265,5750700,2026-08-05,Amgen,,,
2026-08-06 00:00:00,413.720001220703,418.399993896484,401.200012207031,404.850006103515,404.850006103515,2609000,2026-08-06,Amgen,,,
2026-08-07 00:00:00,404.08999633789,411.600006103515,401.070007324218,410.950012207031,410.950012207031,1821500,2026-08-07,Amgen,,,
2026-08-10 00:00:00,408.459991455078,417.359985351562,406.420013427734,417.200012207031,417.200012207031,1959700,2026-08-10,Amgen,,,
2026-08-11 00:00:00,415.519989013671,421.790008544921,412.200012207031,414.299987792968,414.299987792968,2029700,2026-08-11,Amgen,,,
2026-08-12 00:00:00,413.309997558593,418.190002441406,409.0,416.179992675781,416.179992675781,2065500,2026-08-12,Amgen,,,
2026-08-13 00:00:00,419.920013427734,420.260009765625,415.779998779296,417.83999633789,417.83999633789,2777900,2026-08-13,Amgen,,,
2026-08-14 00:00:00,413.760009765625,416.029998779296,410.5,415.209991455078,415.209991455078,2036800,2026-08-14,Amgen,,,
2026-08-17 00:00:00,412.980010986328,419.600006103515,410.399993896484,419.380004882812,419.380004882812,2880500,2026-08-17,Amgen,,,
2026-08-18 00:00:00,421.640014648437,427.390014648437,420.720001220703,425.279998779296,425.279998779296,2591400,2026-08-18,Amgen,,,
2026-08-19 00:00:00,430.239990234375,443.200012207031,429.380004882812,442.359985351562,442.359985351562,2543400,2026-08-19,Amgen,,,
2014-01-02 05:00:00,114.3600006103516,116.1900024414062,114.0599975585938,115.8000030517578,81.5423355102539,2528800,2014-01-02,Amgen,Amgen,United States,AMGN
2014-01-03 05:00:00,115.6999969482422,115.9700012207031,114.0599975585938,114.4700012207031,80.60578155517578,2075800,2014-01-03,Amgen,Amgen,United States,AMGN
2014-01-06 05:00:00,114.4700012207031,114.9199981689453,113.120002746582,113.4800033569336,79.90861511230469,2838100,2014-01-06,Amgen,Amgen,United States,AMGN
2014-01-07 05:00:00,113.5,116.7900009155273,113.2699966430664,116.4300003051758,81.98591613769531,3632400,2014-01-07,Amgen,Amgen,United States,AMGN
2014-01-08 05:00:00,116.6399993896484,116.9000015258789,115.3499984741211,115.879997253418,81.5986328125,2481800,2014-01-08,Amgen,Amgen,United States,AMGN
2014-01-09 05:00:00,116.5400009155273,118.9599990844727,116.2200012207031,118.8899993896484,83.71817779541016,3400000,2014-01-09,Amgen,Amgen,United States,AMGN
2014-01-10 05:00:00,119.0,119.0,116.1999969482422,117.9899978637695,83.08441925048828,3053100,2014-01-10,Amgen,Amgen,United States,AMGN
2014-01-13 05:00:00,118.3199996948242,118.7300033569336,115.9400024414062,116.4000015258789,81.96479797363281,3703900,2014-01-13,Amgen,Amgen,United States,AMGN
2014-01-14 05:00:00,116.8399963378906,117.9400024414062,116.2200012207031,117.7200012207031,82.8943099975586,2541200,2014-01-14,Amgen,Amgen,United States,AMGN
2014-01-15 05:00:00,118.4199981689453,118.9499969482422,117.4000015258789,118.5100021362305,83.45057678222656,3064600,2014-01-15,Amgen,Amgen,United States,AMGN
2014-01-16 05:00:00,118.8199996948242,119.6900024414062,118.2099990844727,119.0299987792969,83.81676483154297,2553200,2014-01-16,Amgen,Amgen,United States,AMGN
2014-01-17 05:00:00,118.9100036621094,119.5500030517578,118.3099975585938,119.1500015258789,83.90126037597656,4010000,2014-01-17,Amgen,Amgen,United States,AMGN
2014-01-21 05:00:00,119.9599990844727,120.0,118.5699996948242,119.25,83.9716567993164,3072700,2014-01-21,Amgen,Amgen,United States,AMGN
2014-01-22 05:00:00,119.8300018310547,124.4599990844727,119.5800018310547,124.370002746582,87.57698822021484,5086200,2014-01-22,Amgen,Amgen,United States,AMGN
2014-01-23 05:00:00,123.0,124.2200012207031,121.5999984741211,123.5999984741211,87.03477478027344,3534800,2014-01-23,Amgen,Amgen,United States,AMGN
2014-01-24 05:00:00,122.6100006103516,122.6100006103516,118.9899978637695,119.2900009155273,83.99983978271484,4992900,2014-01-24,Amgen,Amgen,United States,AMGN
2014-01-27 05:00:00,119.25,119.8300018310547,117.4199981689453,118.5199966430664,83.45762634277344,4125400,2014-01-27,Amgen,Amgen,United States,AMGN
2014-01-28 05:00:00,118.3899993896484,121.870002746582,118.3099975585938,120.6999969482422,84.99272155761719,4348600,2014-01-28,Amgen,Amgen,United States,AMGN
2014-01-29 05:00:00,117.0,121.1600036621094,117.0,119.1699981689453,83.91534423828125,5730400,2014-01-29,Amgen,Amgen,United States,AMGN
2014-01-30 05:00:00,120.0699996948242,121.9800033569336,119.5500030517578,120.8899993896484,85.12649536132812,3321100,2014-01-30,Amgen,Amgen,United States,AMGN
2014-01-31 05:00:00,118.5500030517578,120.2099990844727,118.0999984741211,118.9499969482422,83.76040649414062,4934900,2014-01-31,Amgen,Amgen,United States,AMGN
2014-02-03 05:00:00,119.6800003051758,120.5,116.4700012207031,116.75,82.21127319335938,5046200,2014-02-03,Amgen,Amgen,United States,AMGN
2014-02-04 05:00:00,117.6900024414062,117.7300033569336,115.7099990844727,115.7799987792969,81.52823638916016,5093000,2014-02-04,Amgen,Amgen,United States,AMGN
2014-02-05 05:00:00,115.4300003051758,116.9400024414062,114.5699996948242,115.0699996948242,81.02827453613281,4332200,2014-02-05,Amgen,Amgen,United States,AMGN
2014-02-06 05:00:00,115.620002746582,116.8199996948242,115.0800018310547,116.0699996948242,81.73245239257812,2737000,2014-02-06,Amgen,Amgen,United States,AMGN
2014-02-07 05:00:00,116.4400024414062,119.0400009155273,115.8099975585938,118.9000015258789,83.72520446777344,2837900,2014-02-07,Amgen,Amgen,United States,AMGN
2014-02-10 05:00:00,119.6800003051758,120.3600006103516,117.9000015258789,120.3000030517578,84.71107482910156,3352500,2014-02-10,Amgen,Amgen,United States,AMGN
2014-02-11 05:00:00,120.0,121.25,118.8499984741211,121.2399978637695,85.8080825805664,2502700,2014-02-11,Amgen,Amgen,United States,AMGN
2014-02-12 05:00:00,120.9300003051758,122.5400009155273,120.870002746582,122.2099990844727,86.49458312988281,2187500,2014-02-12,Amgen,Amgen,United States,AMGN
2014-02-13 05:00:00,121.6500015258789,124.1600036621094,121.2200012207031,124.1500015258789,87.86760711669922,2530100,2014-02-13,Amgen,Amgen,United States,AMGN
2014-02-14 05:00:00,123.5400009155273,124.3000030517578,122.5199966430664,123.8399963378906,87.64822387695312,2677100,2014-02-14,Amgen,Amgen,United States,AMGN
2014-02-18 05:00:00,124.8399963378906,126.3199996948242,124.5699996948242,124.9400024414062,88.42671966552734,3082100,2014-02-18,Amgen,Amgen,United States,AMGN
2014-02-19 05:00:00,124.8499984741211,124.9000015258789,123.129997253418,123.3499984741211,87.30143737792969,2779400,2014-02-19,Amgen,Amgen,United States,AMGN
2014-02-20 05:00:00,123.3499984741211,124.3099975585938,122.9000015258789,123.4899978637695,87.40050506591797,3020000,2014-02-20,Amgen,Amgen,United States,AMGN
2014-02-21 05:00:00,123.75,125.5,123.2600021362305,123.8499984741211,87.65531158447266,3395000,2014-02-21,Amgen,Amgen,United States,AMGN
2014-02-24 05:00:00,124.3899993896484,126.5899963378906,124.1999969482422,125.7900009155273,89.0283432006836,2772600,2014-02-24,Amgen,Amgen,United States,AMGN
2014-02-25 05:00:00,125.3399963378906,126.2200012207031,124.0199966430664,124.3600006103516,88.01624298095703,2416300,2014-02-25,Amgen,Amgen,United States,AMGN
2014-02-26 05:00:00,123.9000015258789,124.2300033569336,121.7399978637695,121.8600006103516,86.24687194824219,3895700,2014-02-26,Amgen,Amgen,United States,AMGN
2014-02-27 05:00:00,121.9899978637695,123.9000015258789,121.7699966430664,123.0800018310547,87.11034393310547,3772900,2014-02-27,Amgen,Amgen,United States,AMGN
2014-02-28 05:00:00,124.2600021362305,126.9499969482422,123.1699981689453,124.0199966430664,87.7756118774414,4853600,2014-02-28,Amgen,Amgen,United States,AMGN
2014-03-03 05:00:00,122.8899993896484,124.1800003051758,122.5199966430664,123.6900024414062,87.54205322265625,2503900,2014-03-03,Amgen,Amgen,United States,AMGN
2014-03-04 05:00:00,125.3199996948242,126.0599975585938,124.5100021362305,126.0,89.17694854736328,2557800,2014-03-04,Amgen,Amgen,United States,AMGN
2014-03-05 05:00:00,126.1800003051758,127.1500015258789,125.3899993896484,126.1900024414062,89.31143951416016,2478200,2014-03-05,Amgen,Amgen,United States,AMGN
2014-03-06 05:00:00,126.6900024414062,127.4199981689453,124.120002746582,124.1900024414062,87.89595794677734,3067500,2014-03-06,Amgen,Amgen,United States,AMGN
2014-03-07 05:00:00,125.3099975585938,125.9000015258789,120.2600021362305,122.2600021362305,86.52996826171875,7124700,2014-03-07,Amgen,Amgen,United States,AMGN
2014-03-10 04:00:00,122.2600021362305,126.0999984741211,122.25,125.4000015258789,88.75232696533203,3786300,2014-03-10,Amgen,Amgen,United States,AMGN
2014-03-11 04:00:00,125.4499969482422,125.5999984741211,123.7399978637695,124.2699966430664,87.9525375366211,2655200,2014-03-11,Amgen,Amgen,United States,AMGN
2014-03-12 04:00:00,122.9800033569336,126.0,122.9800033569336,125.9800033569336,89.162841796875,2761100,2014-03-12,Amgen,Amgen,United States,AMGN
2014-03-13 04:00:00,126.1699981689453,126.3499984741211,123.3099975585938,123.9599990844727,87.73316192626953,2436800,2014-03-13,Amgen,Amgen,United States,AMGN
2014-03-14 04:00:00,123.4000015258789,124.9100036621094,122.3600006103516,122.5400009155273,86.72815704345703,2213600,2014-03-14,Amgen,Amgen,United States,AMGN
2014-03-17 04:00:00,123.120002746582,125.3099975585938,122.5500030517578,123.8600006103516,87.6623764038086,2574100,2014-03-17,Amgen,Amgen,United States,AMGN
2014-03-18 04:00:00,124.5,127.4800033569336,124.3099975585938,127.4700012207031,90.21736907958984,3255600,2014-03-18,Amgen,Amgen,United States,AMGN
2014-03-19 04:00:00,127.9899978637695,127.9899978637695,125.7200012207031,126.5800018310547,89.58744049072266,2599500,2014-03-19,Amgen,Amgen,United States,AMGN
2014-03-20 04:00:00,126.1600036621094,127.0999984741211,125.2399978637695,127.0500030517578,89.92008209228516,2311200,2014-03-20,Amgen,Amgen,United States,AMGN
2014-03-21 04:00:00,127.0500030517578,128.9600067138672,122.4700012207031,122.9300003051758,87.004150390625,7101100,2014-03-21,Amgen,Amgen,United States,AMGN
2014-03-24 04:00:00,123.2699966430664,123.5,118.5599975585938,121.2799987792969,85.83638000488281,4448100,2014-03-24,Amgen,Amgen,United States,AMGN
2014-03-25 04:00:00,121.7399978637695,123.9499969482422,119.6600036621094,120.629997253418,85.37633514404297,3863700,2014-03-25,Amgen,Amgen,United States,AMGN
2014-03-26 04:00:00,121.2300033569336,122.8899993896484,120.0500030517578,120.1100006103516,85.00828552246094,3843800,2014-03-26,Amgen,Amgen,United States,AMGN
2014-03-27 04:00:00,121.3099975585938,123.9800033569336,120.5,122.2900009155273,86.55120849609375,4553400,2014-03-27,Amgen,Amgen,United States,AMGN
2014-03-28 04:00:00,122.2699966430664,124.120002746582,120.379997253418,120.5500030517578,85.31974792480469,3246000,2014-03-28,Amgen,Amgen,United States,AMGN
2014-03-31 04:00:00,122.5,124.5299987792969,122.1900024414062,123.3399963378906,87.29436492919922,4761200,2014-03-31,Amgen,Amgen,United States,AMGN
2014-04-01 04:00:00,123.6699981689453,126.2300033569336,123.5100021362305,126.0699996948242,89.22650909423828,3163600,2014-04-01,Amgen,Amgen,United States,AMGN
2014-04-02 04:00:00,126.0199966430664,127.0899963378906,125.0199966430664,125.9800033569336,89.162841796875,2892900,2014-04-02,Amgen,Amgen,United States,AMGN
2014-04-03 04:00:00,126.1600036621094,127.25,123.129997253418,124.129997253418,87.85346221923828,3036300,2014-04-03,Amgen,Amgen,United States,AMGN
2014-04-04 04:00:00,125.0699996948242,125.379997253418,118.9899978637695,119.1100006103516,84.300537109375,5017400,2014-04-04,Amgen,Amgen,United States,AMGN
2014-04-07 04:00:00,118.1900024414062,119.7399978637695,116.5599975585938,118.8199996948242,84.09529113769531,4813100,2014-04-07,Amgen,Amgen,United States,AMGN
2014-04-08 04:00:00,120.1699981689453,120.4700012207031,117.6699981689453,117.9800033569336,83.50078582763672,4181300,2014-04-08,Amgen,Amgen,United States,AMGN
2014-04-09 04:00:00,117.9400024414062,120.1900024414062,117.5,120.0,84.9304428100586,3441800,2014-04-09,Amgen,Amgen,United States,AMGN
2014-04-10 04:00:00,119.870002746582,119.9499969482422,113.4000015258789,114.1100006103516,80.76179504394531,6201000,2014-04-10,Amgen,Amgen,United States,AMGN
2014-04-11 04:00:00,113.2699966430664,116.0899963378906,111.9000015258789,111.9400024414062,79.22593688964844,7262400,2014-04-11,Amgen,Amgen,United States,AMGN
2014-04-14 04:00:00,113.0,114.879997253418,111.3899993896484,113.3199996948242,80.20264434814453,5428500,2014-04-14,Amgen,Amgen,United States,AMGN
2014-04-15 04:00:00,113.9000015258789,115.9899978637695,111.4000015258789,115.0,81.39167785644531,4750200,2014-04-15,Amgen,Amgen,United States,AMGN
2014-04-16 04:00:00,116.1500015258789,116.2399978637695,113.7300033569336,115.5400009155273,81.77385711669922,3451000,2014-04-16,Amgen,Amgen,United States,AMGN
2014-04-17 04:00:00,115.6100006103516,117.1900024414062,115.0199966430664,115.4599990844727,81.71723175048828,3237500,2014-04-17,Amgen,Amgen,United States,AMGN
2014-04-21 04:00:00,116.4599990844727,117.0899963378906,114.6399993896484,117.0199966430664,82.82135009765625,2657900,2014-04-21,Amgen,Amgen,United States,AMGN
2014-04-22 04:00:00,117.2399978637695,119.7099990844727,117.0500030517578,119.3000030517578,84.43504333496094,4277500,2014-04-22,Amgen,Amgen,United States,AMGN
2014-04-23 04:00:00,116.0699996948242,116.4499969482422,111.5100021362305,113.3199996948242,80.20264434814453,10965800,2014-04-23,Amgen,Amgen,United States,AMGN
2014-04-24 04:00:00,114.1100006103516,114.5,111.7900009155273,113.7200012207031,80.48574829101562,6112300,2014-04-24,Amgen,Amgen,United States,AMGN
2014-04-25 04:00:00,113.620002746582,113.620002746582,111.3000030517578,111.4100036621094,78.85083770751953,4512500,2014-04-25,Amgen,Amgen,United States,AMGN
2014-04-28 04:00:00,111.7799987792969,112.3399963378906,108.1999969482422,111.4800033569336,78.90037536621094,6113900,2014-04-28,Amgen,Amgen,United States,AMGN
2014-04-29 04:00:00,112.3000030517578,112.4499969482422,110.6699981689453,111.9000015258789,79.1976547241211,4116200,2014-04-29,Amgen,Amgen,United States,AMGN
2014-04-30 04:00:00,111.8099975585938,112.2699966430664,110.4100036621094,111.75,79.09148406982422,4464900,2014-04-30,Amgen,Amgen,United States,AMGN
2014-05-01 04:00:00,111.379997253418,113.2099990844727,110.8099975585938,112.7600021362305,79.80633544921875,3642700,2014-05-01,Amgen,Amgen,United States,AMGN
2014-05-02 04:00:00,113.129997253418,113.7200012207031,111.6699981689453,112.4199981689453,79.56568908691406,4319200,2014-05-02,Amgen,Amgen,United States,AMGN
2014-05-05 04:00:00,111.3899993896484,113.3399963378906,110.8600006103516,113.1800003051758,80.10358428955078,2544500,2014-05-05,Amgen,Amgen,United States,AMGN
2014-05-06 04:00:00,112.5599975585938,113.6699981689453,112.1999969482422,112.2799987792969,79.46660614013672,3760900,2014-05-06,Amgen,Amgen,United States,AMGN
2014-05-07 04:00:00,111.7200012207031,112.8399963378906,110.7799987792969,112.7699966430664,79.8133773803711,2823900,2014-05-07,Amgen,Amgen,United States,AMGN
2014-05-08 04:00:00,112.4000015258789,113.7200012207031,110.5699996948242,110.7799987792969,78.40496063232422,4161900,2014-05-08,Amgen,Amgen,United States,AMGN
2014-05-09 04:00:00,110.5,111.5699996948242,109.4100036621094,111.4800033569336,78.90037536621094,3487800,2014-05-09,Amgen,Amgen,United States,AMGN
2014-05-12 04:00:00,111.7799987792969,112.7300033569336,111.3899993896484,111.7300033569336,79.07733154296875,3554700,2014-05-12,Amgen,Amgen,United States,AMGN
2014-05-13 04:00:00,111.6600036621094,112.1800003051758,110.7600021362305,110.8099975585938,78.85672760009766,3676800,2014-05-13,Amgen,Amgen,United States,AMGN
2014-05-14 04:00:00,111.1399993896484,112.4800033569336,110.5199966430664,112.0699996948242,79.7533950805664,2991500,2014-05-14,Amgen,Amgen,United States,AMGN
2014-05-15 04:00:00,112.0,112.3199996948242,109.9199981689453,110.2900009155273,78.48664855957031,2785400,2014-05-15,Amgen,Amgen,United States,AMGN
2014-05-16 04:00:00,110.8600006103516,112.0299987792969,110.5899963378906,111.9400024414062,79.66087341308594,4193600,2014-05-16,Amgen,Amgen,United States,AMGN
2014-05-19 04:00:00,111.2399978637695,112.4700012207031,110.9199981689453,112.0800018310547,79.76052856445312,3652400,2014-05-19,Amgen,Amgen,United States,AMGN
2014-05-20 04:00:00,112.8000030517578,112.8499984741211,111.8899993896484,112.2200012207031,79.8601303100586,3234200,2014-05-20,Amgen,Amgen,United States,AMGN
2014-05-21 04:00:00,112.0800018310547,113.8399963378906,111.9599990844727,113.4899978637695,80.76393127441406,2805100,2014-05-21,Amgen,Amgen,United States,AMGN
2014-05-22 04:00:00,113.1800003051758,115.5899963378906,113.0100021362305,114.8600006103516,81.73886108398438,2582700,2014-05-22,Amgen,Amgen,United States,AMGN
2014-05-23 04:00:00,114.9899978637695,115.120002746582,113.5599975585938,114.3300018310547,81.36170196533203,2812200,2014-05-23,Amgen,Amgen,United States,AMGN
2014-05-27 04:00:00,115.7300033569336,115.9199981689453,114.7200012207031,115.8899993896484,82.47184753417969,2513900,2014-05-27,Amgen,Amgen,United States,AMGN
2014-05-28 04:00:00,116.0999984741211,116.379997253418,115.3600006103516,115.6699981689453,82.31529235839844,2261700,2014-05-28,Amgen,Amgen,United States,AMGN
2014-05-29 04:00:00,115.7699966430664,116.5,115.5,116.0,82.55010223388672,2123100,2014-05-29,Amgen,Amgen,United States,AMGN
2014-05-30 04:00:00,116.5699996948242,116.5699996948242,115.0299987792969,115.9899978637695,82.54300689697266,2251900,2014-05-30,Amgen,Amgen,United States,AMGN
2014-06-02 04:00:00,116.7200012207031,117.0599975585938,115.8300018310547,116.4499969482422,82.87037658691406,2741200,2014-06-02,Amgen,Amgen,United States,AMGN
2014-06-03 04:00:00,116.4499969482422,117.7200012207031,116.1999969482422,117.120002746582,83.34716796875,2474100,2014-06-03,Amgen,Amgen,United States,AMGN
2014-06-04 04:00:00,117.5,119.379997253418,117.2200012207031,119.1500015258789,84.79179382324219,3047900,2014-06-04,Amgen,Amgen,United States,AMGN
2014-06-05 04:00:00,119.3399963378906,119.3399963378906,117.5999984741211,117.7399978637695,83.78836059570312,3116000,2014-06-05,Amgen,Amgen,United States,AMGN
2014-06-06 04:00:00,118.8199996948242,118.8300018310547,117.0199966430664,117.8199996948242,83.84532928466797,2551800,2014-06-06,Amgen,Amgen,United States,AMGN
2014-06-09 04:00:00,117.4700012207031,117.7900009155273,116.0400009155273,116.4000015258789,82.83477783203125,2900100,2014-06-09,Amgen,Amgen,United States,AMGN
2014-06-10 04:00:00,115.7600021362305,117.1500015258789,115.6999969482422,117.0999984741211,83.33293151855469,1912800,2014-06-10,Amgen,Amgen,United States,AMGN
2014-06-11 04:00:00,116.9599990844727,117.5199966430664,115.5999984741211,116.3399963378906,82.79208374023438,2178400,2014-06-11,Amgen,Amgen,United States,AMGN
2014-06-12 04:00:00,116.1399993896484,116.620002746582,115.6100006103516,116.1999969482422,82.69246673583984,1802900,2014-06-12,Amgen,Amgen,United States,AMGN
2014-06-13 04:00:00,116.6699981689453,116.6999969482422,115.3000030517578,116.0299987792969,82.57146453857422,1457000,2014-06-13,Amgen,Amgen,United States,AMGN
2014-06-16 04:00:00,116.0,116.9100036621094,115.7300033569336,116.1600036621094,82.66397857666016,2159600,2014-06-16,Amgen,Amgen,United States,AMGN
2014-06-17 04:00:00,116.75,116.8499984741211,115.6699981689453,116.1699981689453,82.67109680175781,2106100,2014-06-17,Amgen,Amgen,United States,AMGN
2014-06-18 04:00:00,116.4400024414062,117.5599975585938,115.5,117.4899978637695,83.61045837402344,2549100,2014-06-18,Amgen,Amgen,United States,AMGN
2014-06-19 04:00:00,118.120002746582,118.120002746582,117.1800003051758,117.8499984741211,83.86663055419922,2206300,2014-06-19,Amgen,Amgen,United States,AMGN
2014-06-20 04:00:00,118.5299987792969,121.0,117.8300018310547,120.9700012207031,86.08697509765625,6247400,2014-06-20,Amgen,Amgen,United States,AMGN
2014-06-23 04:00:00,120.6800003051758,120.8499984741211,118.5,119.129997253418,84.77754211425781,2317200,2014-06-23,Amgen,Amgen,United States,AMGN
2014-06-24 04:00:00,119.4599990844727,120.2600021362305,118.3399963378906,118.7900009155273,84.5356216430664,2003100,2014-06-24,Amgen,Amgen,United States,AMGN
2014-06-25 04:00:00,118.6999969482422,120.3399963378906,118.2799987792969,119.4199981689453,84.98392486572266,2666800,2014-06-25,Amgen,Amgen,United States,AMGN
2014-06-26 04:00:00,119.9599990844727,119.9700012207031,117.4800033569336,119.1399993896484,84.78471374511719,2311400,2014-06-26,Amgen,Amgen,United States,AMGN
2014-06-27 04:00:00,119.4700012207031,119.5,117.5,118.5899963378906,84.39326477050781,3331900,2014-06-27,Amgen,Amgen,United States,AMGN
2014-06-30 04:00:00,118.9599990844727,119.1699981689453,118.1999969482422,118.370002746582,84.23670196533203,2422700,2014-06-30,Amgen,Amgen,United States,AMGN
2014-07-01 04:00:00,119.3899993896484,120.5,119.0500030517578,120.3099975585938,85.6173095703125,2072500,2014-07-01,Amgen,Amgen,United States,AMGN
2014-07-02 04:00:00,120.0800018310547,121.2200012207031,120.0199966430664,121.0299987792969,86.12966918945312,1447000,2014-07-02,Amgen,Amgen,United States,AMGN
2014-07-03 04:00:00,121.4499969482422,122.8499984741211,120.7200012207031,122.8499984741211,87.42485809326172,1963400,2014-07-03,Amgen,Amgen,United States,AMGN
2014-07-07 04:00:00,121.8499984741211,123.1100006103516,120.0400009155273,120.1600036621094,85.51055908203125,3075700,2014-07-07,Amgen,Amgen,United States,AMGN
2014-07-08 04:00:00,119.9899978637695,120.9800033569336,119.0999984741211,119.9599990844727,85.36820983886719,2455400,2014-07-08,Amgen,Amgen,United States,AMGN
2014-07-09 04:00:00,120.4499969482422,120.620002746582,118.9199981689453,119.5699996948242,85.09066772460938,2647600,2014-07-09,Amgen,Amgen,United States,AMGN
2014-07-10 04:00:00,118.9100036621094,119.1999969482422,117.879997253418,118.9499969482422,84.64946746826172,2642500,2014-07-10,Amgen,Amgen,United States,AMGN
2014-07-11 04:00:00,120.4300003051758,120.8000030517578,119.1100006103516,119.7699966430664,85.23299407958984,2733200,2014-07-11,Amgen,Amgen,United States,AMGN
2014-07-14 04:00:00,120.8399963378906,120.8600006103516,118.8099975585938,118.9800033569336,84.67082977294922,2149600,2014-07-14,Amgen,Amgen,United States,AMGN
2014-07-15 04:00:00,118.7399978637695,119.4700012207031,116.5699996948242,116.8600006103516,83.16214752197266,3963000,2014-07-15,Amgen,Amgen,United States,AMGN
2014-07-16 04:00:00,117.8499984741211,117.8499984741211,116.2699966430664,117.7099990844727,83.76702117919922,4087100,2014-07-16,Amgen,Amgen,United States,AMGN
2014-07-17 04:00:00,116.7300033569336,117.1699981689453,115.2099990844727,115.3899993896484,82.11599731445312,2688000,2014-07-17,Amgen,Amgen,United States,AMGN
2014-07-18 04:00:00,116.1100006103516,118.6800003051758,114.9300003051758,118.3000030517578,84.18690490722656,3477600,2014-07-18,Amgen,Amgen,United States,AMGN
2014-07-21 04:00:00,117.629997253418,119.3399963378906,117.1999969482422,119.0299987792969,84.70639038085938,3076700,2014-07-21,Amgen,Amgen,United States,AMGN
2014-07-22 04:00:00,119.5899963378906,121.2699966430664,119.3499984741211,121.1100006103516,86.18659973144531,2806100,2014-07-22,Amgen,Amgen,United States,AMGN
2014-07-23 04:00:00,121.379997253418,122.3899993896484,121.0,122.0100021362305,86.82707977294922,3527500,2014-07-23,Amgen,Amgen,United States,AMGN
2014-07-24 04:00:00,122.1500015258789,122.3600006103516,121.3199996948242,122.2600021362305,87.0049819946289,3219700,2014-07-24,Amgen,Amgen,United States,AMGN
2014-07-25 04:00:00,121.9700012207031,122.879997253418,121.6699981689453,122.8399963378906,87.41773986816406,3028900,2014-07-25,Amgen,Amgen,United States,AMGN
2014-07-28 04:00:00,122.629997253418,123.0500030517578,121.6600036621094,122.6500015258789,87.28252410888672,2432000,2014-07-28,Amgen,Amgen,United States,AMGN
2014-07-29 04:00:00,122.5199966430664,124.3899993896484,122.25,123.3099975585938,87.7522201538086,3988100,2014-07-29,Amgen,Amgen,United States,AMGN
2014-07-30 04:00:00,128.6300048828125,131.2400054931641,128.6300048828125,130.0099945068359,92.5201644897461,8465700,2014-07-30,Amgen,Amgen,United States,AMGN
2014-07-31 04:00:00,128.3899993896484,129.3399963378906,127.0400009155273,127.3899993896484,90.65568542480467,4839300,2014-07-31,Amgen,Amgen,United States,AMGN
2014-08-01 04:00:00,126.1699981689453,127.3000030517578,124.7600021362305,125.5500030517578,89.3462905883789,4542700,2014-08-01,Amgen,Amgen,United States,AMGN
2014-08-04 04:00:00,129.0,129.3899993896484,126.5199966430664,128.6499938964844,91.5523681640625,6403700,2014-08-04,Amgen,Amgen,United States,AMGN
2014-08-05 04:00:00,127.5100021362305,129.0,126.620002746582,127.879997253418,91.00440216064452,3749100,2014-08-05,Amgen,Amgen,United States,AMGN
2014-08-06 04:00:00,127.2600021362305,128.7799987792969,126.5299987792969,127.0899963378906,90.4421844482422,2579000,2014-08-06,Amgen,Amgen,United States,AMGN
2014-08-07 04:00:00,127.4100036621094,128.8899993896484,125.5100021362305,125.75,89.4886245727539,3065200,2014-08-07,Amgen,Amgen,United States,AMGN
2014-08-08 04:00:00,125.2200012207031,127.4100036621094,125.1399993896484,126.9499969482422,90.3425750732422,2206800,2014-08-08,Amgen,Amgen,United States,AMGN
2014-08-11 04:00:00,127.8600006103516,128.0,126.5800018310547,127.3199996948242,90.60589599609376,2529200,2014-08-11,Amgen,Amgen,United States,AMGN
2014-08-12 04:00:00,126.2200012207031,126.9000015258789,125.4000015258789,126.3199996948242,90.32703399658205,2324500,2014-08-12,Amgen,Amgen,United States,AMGN
2014-08-13 04:00:00,126.6500015258789,127.8000030517578,126.3000030517578,127.3399963378906,91.0563735961914,2537300,2014-08-13,Amgen,Amgen,United States,AMGN
2014-08-14 04:00:00,125.1999969482422,132.5200042724609,124.8099975585938,131.8600006103516,94.2884750366211,6408400,2014-08-14,Amgen,Amgen,United States,AMGN
2014-08-15 04:00:00,133.3099975585938,133.3099975585938,130.0,132.8000030517578,94.96063232421876,4347800,2014-08-15,Amgen,Amgen,United States,AMGN
2014-08-18 04:00:00,133.3500061035156,133.9799957275391,132.3699951171875,133.2200012207031,95.26093292236328,3156700,2014-08-18,Amgen,Amgen,United States,AMGN
2014-08-19 04:00:00,133.3600006103516,133.6900024414062,131.8000030517578,133.0200042724609,95.11795806884766,1878900,2014-08-19,Amgen,Amgen,United States,AMGN
2014-08-20 04:00:00,131.9700012207031,133.2700042724609,131.8500061035156,132.6799926757812,94.87480926513672,1748900,2014-08-20,Amgen,Amgen,United States,AMGN
2014-08-21 04:00:00,132.9600067138672,133.0099945068359,132.0399932861328,132.5299987792969,94.76756286621094,1774300,2014-08-21,Amgen,Amgen,United States,AMGN
2014-08-22 04:00:00,132.9900054931641,133.4600067138672,132.4199981689453,132.8200073242188,94.97492980957033,2017800,2014-08-22,Amgen,Amgen,United States,AMGN
2014-08-25 04:00:00,133.3800048828125,134.9299926757812,133.3800048828125,134.7899932861328,96.3835906982422,2997500,2014-08-25,Amgen,Amgen,United States,AMGN
2014-08-26 04:00:00,134.9100036621094,137.6699981689453,134.8999938964844,137.2700042724609,98.156982421875,3891200,2014-08-26,Amgen,Amgen,United States,AMGN
2014-08-27 04:00:00,137.9400024414062,138.5700073242188,136.6900024414062,137.8300018310547,98.55740356445312,2693200,2014-08-27,Amgen,Amgen,United States,AMGN
2014-08-28 04:00:00,137.6499938964844,139.3800048828125,137.2899932861328,138.6900024414062,99.17236328125,3899700,2014-08-28,Amgen,Amgen,United States,AMGN
2014-08-29 04:00:00,139.4499969482422,139.7299957275391,138.3099975585938,139.3800048828125,99.66575622558594,2362500,2014-08-29,Amgen,Amgen,United States,AMGN
2014-09-02 04:00:00,139.6199951171875,139.9299926757812,137.1999969482422,137.9600067138672,98.6503677368164,3287800,2014-09-02,Amgen,Amgen,United States,AMGN
2014-09-03 04:00:00,138.5299987792969,138.8500061035156,137.3399963378906,138.5800018310547,99.09369659423828,2729300,2014-09-03,Amgen,Amgen,United States,AMGN
2014-09-04 04:00:00,138.7400054931641,139.5,137.5299987792969,138.0099945068359,98.68612670898438,2975400,2014-09-04,Amgen,Amgen,United States,AMGN
2014-09-05 04:00:00,138.2200012207031,138.3300018310547,135.6300048828125,137.8800048828125,98.59317016601562,3357100,2014-09-05,Amgen,Amgen,United States,AMGN
2014-09-08 04:00:00,138.0,139.3600006103516,137.6600036621094,139.2700042724609,99.58710479736328,2512900,2014-09-08,Amgen,Amgen,United States,AMGN
2014-09-09 04:00:00,138.6600036621094,138.9799957275391,137.0700073242188,137.3899993896484,98.24279022216795,3122500,2014-09-09,Amgen,Amgen,United States,AMGN
2014-09-10 04:00:00,137.3899993896484,139.7200012207031,137.2700042724609,139.1900024414062,99.52989959716795,2330500,2014-09-10,Amgen,Amgen,United States,AMGN
2014-09-11 04:00:00,138.5299987792969,139.9299926757812,137.3500061035156,138.9600067138672,99.36544799804688,3620000,2014-09-11,Amgen,Amgen,United States,AMGN
2014-09-12 04:00:00,138.5099945068359,138.9900054931641,136.8200073242188,137.8899993896484,98.60031127929688,2329700,2014-09-12,Amgen,Amgen,United States,AMGN
2014-09-15 04:00:00,137.5700073242188,138.0599975585938,136.8899993896484,137.9700012207031,98.65752410888672,2174500,2014-09-15,Amgen,Amgen,United States,AMGN
2014-09-16 04:00:00,137.3200073242188,139.5500030517578,136.9499969482422,139.3300018310547,99.6300048828125,2398900,2014-09-16,Amgen,Amgen,United States,AMGN
2014-09-17 04:00:00,140.0,141.5700073242188,138.6199951171875,140.7100067138672,100.6168060302734,3940900,2014-09-17,Amgen,Amgen,United States,AMGN
2014-09-18 04:00:00,140.8999938964844,142.1600036621094,139.9499969482422,142.0200042724609,101.5535125732422,2160400,2014-09-18,Amgen,Amgen,United States,AMGN
2014-09-19 04:00:00,142.9900054931641,144.4600067138672,142.2899932861328,144.0099945068359,102.9764938354492,6703300,2014-09-19,Amgen,Amgen,United States,AMGN
2014-09-22 04:00:00,143.2899932861328,144.0200042724609,141.0899963378906,142.1799926757812,101.6679306030273,3082800,2014-09-22,Amgen,Amgen,United States,AMGN
2014-09-23 04:00:00,141.8399963378906,142.3999938964844,140.5700073242188,140.6799926757812,100.595329284668,2320900,2014-09-23,Amgen,Amgen,United States,AMGN
2014-09-24 04:00:00,140.75,142.4799957275391,140.0200042724609,142.2400054931641,101.7108535766602,3227600,2014-09-24,Amgen,Amgen,United States,AMGN
2014-09-25 04:00:00,142.0800018310547,143.0299987792969,139.3999938964844,139.8500061035156,100.001838684082,2676400,2014-09-25,Amgen,Amgen,United States,AMGN
2014-09-26 04:00:00,140.0099945068359,141.1900024414062,138.9299926757812,141.0599975585938,100.867073059082,2296200,2014-09-26,Amgen,Amgen,United States,AMGN
2014-09-29 04:00:00,139.9600067138672,141.5,139.3300018310547,140.0700073242188,100.1591567993164,2218700,2014-09-29,Amgen,Amgen,United States,AMGN
2014-09-30 04:00:00,140.3099975585938,141.5800018310547,139.0200042724609,140.4600067138672,100.4380340576172,2646800,2014-09-30,Amgen,Amgen,United States,AMGN
2014-10-01 04:00:00,140.3899993896484,140.7799987792969,138.1799926757812,138.8200073242188,99.26531982421876,3752200,2014-10-01,Amgen,Amgen,United States,AMGN
2014-10-02 04:00:00,138.9799957275391,139.7700042724609,136.3200073242188,137.1999969482422,98.10689544677734,3060900,2014-10-02,Amgen,Amgen,United States,AMGN
2014-10-03 04:00:00,138.0700073242188,139.7100067138672,137.8999938964844,139.1499938964844,99.50128936767578,3429000,2014-10-03,Amgen,Amgen,United States,AMGN
2014-10-06 04:00:00,138.0700073242188,140.5500030517578,136.9799957275391,137.6100006103516,98.40009307861328,3190200,2014-10-06,Amgen,Amgen,United States,AMGN
2014-10-07 04:00:00,137.1399993896484,137.5399932861328,135.9799957275391,136.0299987792969,97.27027130126952,2679500,2014-10-07,Amgen,Amgen,United States,AMGN
2014-10-08 04:00:00,135.6100006103516,140.3800048828125,135.4199981689453,140.0700073242188,100.1591567993164,3621000,2014-10-08,Amgen,Amgen,United States,AMGN
2014-10-09 04:00:00,139.5700073242188,140.1900024414062,137.0200042724609,137.5800018310547,98.378662109375,2750500,2014-10-09,Amgen,Amgen,United States,AMGN
2014-10-10 04:00:00,136.7799987792969,140.7400054931641,136.7799987792969,137.3899993896484,98.24279022216795,5750400,2014-10-10,Amgen,Amgen,United States,AMGN
2014-10-13 04:00:00,137.0500030517578,137.8099975585938,133.5200042724609,133.5599975585938,95.50407409667967,6866700,2014-10-13,Amgen,Amgen,United States,AMGN
2014-10-14 04:00:00,135.3800048828125,135.4299926757812,131.9299926757812,132.1999969482422,94.53158569335938,3736400,2014-10-14,Amgen,Amgen,United States,AMGN
2014-10-15 04:00:00,131.0200042724609,131.3699951171875,128.6000061035156,130.8999938964844,93.60198974609376,4700100,2014-10-15,Amgen,Amgen,United States,AMGN
2014-10-16 04:00:00,128.1499938964844,130.8800048828125,127.6699981689453,130.4499969482422,93.28024291992188,7906000,2014-10-16,Amgen,Amgen,United States,AMGN
2014-10-17 04:00:00,131.25,139.8500061035156,129.5,133.6900024414062,95.59703826904295,7351500,2014-10-17,Amgen,Amgen,United States,AMGN
2014-10-20 04:00:00,133.2799987792969,137.5500030517578,133.0099945068359,137.5099945068359,98.32860565185548,6623800,2014-10-20,Amgen,Amgen,United States,AMGN
2014-10-21 04:00:00,138.4900054931641,145.4900054931641,137.0099945068359,144.0899963378906,103.0336837768555,8951400,2014-10-21,Amgen,Amgen,United States,AMGN
2014-10-22 04:00:00,143.8099975585938,144.4100036621094,141.6699981689453,143.6399993896484,102.7119445800781,5222100,2014-10-22,Amgen,Amgen,United States,AMGN
2014-10-23 04:00:00,145.8999938964844,148.1399993896484,145.2400054931641,147.25,105.2933197021484,4710700,2014-10-23,Amgen,Amgen,United States,AMGN
2014-10-24 04:00:00,146.8500061035156,147.5,145.5200042724609,147.2599945068359,105.3004608154297,5318400,2014-10-24,Amgen,Amgen,United States,AMGN
2014-10-27 04:00:00,146.6999969482422,148.4700012207031,146.1100006103516,148.1999969482422,105.9726333618164,4172500,2014-10-27,Amgen,Amgen,United States,AMGN
2014-10-28 04:00:00,151.75,157.25,151.4700012207031,157.1900024414062,112.4010848999023,11623200,2014-10-28,Amgen,Amgen,United States,AMGN
2014-10-29 04:00:00,157.9100036621094,159.7200012207031,156.9100036621094,158.8800048828125,113.609504699707,7069800,2014-10-29,Amgen,Amgen,United States,AMGN
2014-10-30 04:00:00,158.6399993896484,161.5800018310547,158.1600036621094,161.5800018310547,115.5402374267578,3864500,2014-10-30,Amgen,Amgen,United States,AMGN
2014-10-31 04:00:00,164.5599975585938,164.6499938964844,161.4199981689453,162.1799926757812,115.96923828125,7971100,2014-10-31,Amgen,Amgen,United States,AMGN
2014-11-03 05:00:00,162.0800018310547,162.4100036621094,159.6499938964844,161.5599975585938,115.5258636474609,5823800,2014-11-03,Amgen,Amgen,United States,AMGN
2014-11-04 05:00:00,160.6900024414062,161.9900054931641,159.1699981689453,160.4100036621094,114.7035675048828,3719000,2014-11-04,Amgen,Amgen,United States,AMGN
2014-11-05 05:00:00,161.3099975585938,161.3099975585938,158.8099975585938,158.9400024414062,113.6524124145508,4062900,2014-11-05,Amgen,Amgen,United States,AMGN
2014-11-06 05:00:00,159.9700012207031,160.9400024414062,159.4700012207031,160.3500061035156,114.6606597900391,3310900,2014-11-06,Amgen,Amgen,United States,AMGN
2014-11-07 05:00:00,162.0700073242188,162.25,158.3200073242188,160.25,114.5891494750977,3633300,2014-11-07,Amgen,Amgen,United States,AMGN
2014-11-10 05:00:00,161.0099945068359,163.1999969482422,160.5,163.0899963378906,117.065544128418,3160900,2014-11-10,Amgen,Amgen,United States,AMGN
2014-11-11 05:00:00,163.0800018310547,163.8600006103516,161.5200042724609,162.4199981689453,116.5846481323242,3015700,2014-11-11,Amgen,Amgen,United States,AMGN
2014-11-12 05:00:00,161.7700042724609,163.0700073242188,161.0399932861328,161.9299926757812,116.2328948974609,3528900,2014-11-12,Amgen,Amgen,United States,AMGN
2014-11-13 05:00:00,162.1100006103516,162.3500061035156,159.5800018310547,160.8500061035156,115.4576721191406,3636900,2014-11-13,Amgen,Amgen,United States,AMGN
2014-11-14 05:00:00,161.1000061035156,161.2799987792969,156.6199951171875,157.6799926757812,113.1822967529297,4505700,2014-11-14,Amgen,Amgen,United States,AMGN
2014-11-17 05:00:00,156.9100036621094,160.1999969482422,156.6600036621094,159.1399993896484,114.2302474975586,2662400,2014-11-17,Amgen,Amgen,United States,AMGN
2014-11-18 05:00:00,158.9100036621094,162.3899993896484,158.3699951171875,162.2400054931641,116.4554290771484,3135600,2014-11-18,Amgen,Amgen,United States,AMGN
2014-11-19 05:00:00,161.2799987792969,163.2799987792969,160.3699951171875,162.6399993896484,116.7425384521484,2422900,2014-11-19,Amgen,Amgen,United States,AMGN
2014-11-20 05:00:00,161.9100036621094,164.8300018310547,161.75,162.6799926757812,116.7712707519531,3208900,2014-11-20,Amgen,Amgen,United States,AMGN
2014-11-21 05:00:00,165.5800018310547,165.5800018310547,161.4299926757812,162.8099975585938,116.8645629882812,3717000,2014-11-21,Amgen,Amgen,United States,AMGN
2014-11-24 05:00:00,163.0,165.6799926757812,162.9499969482422,164.1799926757812,117.8479690551758,2193300,2014-11-24,Amgen,Amgen,United States,AMGN
2014-11-25 05:00:00,164.0599975585938,164.4100036621094,160.6999969482422,162.2400054931641,116.4554290771484,3564900,2014-11-25,Amgen,Amgen,United States,AMGN
2014-11-26 05:00:00,162.75,164.8399963378906,162.4700012207031,164.7200012207031,118.2355804443359,2118000,2014-11-26,Amgen,Amgen,United States,AMGN
2014-11-28 05:00:00,165.0,167.3500061035156,164.5200042724609,165.3099975585938,118.6590881347656,1794800,2014-11-28,Amgen,Amgen,United States,AMGN
2014-12-01 05:00:00,165.1199951171875,167.3699951171875,164.1699981689453,166.4100036621094,119.4486236572266,2514200,2014-12-01,Amgen,Amgen,United States,AMGN
2014-12-02 05:00:00,167.6000061035156,169.3300018310547,166.8000030517578,169.2799987792969,121.5086898803711,3290200,2014-12-02,Amgen,Amgen,United States,AMGN
2014-12-03 05:00:00,169.2799987792969,169.4900054931641,166.5,168.0700073242188,120.6401901245117,2369100,2014-12-03,Amgen,Amgen,United States,AMGN
2014-12-04 05:00:00,167.5399932861328,168.7599945068359,166.4499969482422,166.5500030517578,119.5491409301758,3357800,2014-12-04,Amgen,Amgen,United States,AMGN
2014-12-05 05:00:00,166.6799926757812,169.4100036621094,166.1100006103516,169.2400054931641,121.4800109863281,2548700,2014-12-05,Amgen,Amgen,United States,AMGN
2014-12-08 05:00:00,169.3899993896484,173.1399993896484,169.0,171.6399993896484,123.202751159668,3953700,2014-12-08,Amgen,Amgen,United States,AMGN
2014-12-09 05:00:00,170.3200073242188,170.9100036621094,167.4400024414062,169.3899993896484,121.5876693725586,3712300,2014-12-09,Amgen,Amgen,United States,AMGN
2014-12-10 05:00:00,169.0,169.75,165.0,165.3899993896484,118.7164840698242,3490200,2014-12-10,Amgen,Amgen,United States,AMGN
2014-12-11 05:00:00,166.6999969482422,169.6399993896484,165.6000061035156,166.0800018310547,119.2117767333984,3173600,2014-12-11,Amgen,Amgen,United States,AMGN
2014-12-12 05:00:00,163.1399993896484,167.7100067138672,162.3000030517578,164.5299987792969,118.0991592407227,3366700,2014-12-12,Amgen,Amgen,United States,AMGN
2014-12-15 05:00:00,164.7700042724609,164.9900054931641,159.3999938964844,159.6000061035156,114.5604553222656,4428300,2014-12-15,Amgen,Amgen,United States,AMGN
2014-12-16 05:00:00,157.6799926757812,163.9600067138672,157.5,159.4400024414062,114.4456253051758,4492800,2014-12-16,Amgen,Amgen,United States,AMGN
2014-12-17 05:00:00,159.4600067138672,164.0099945068359,158.6000061035156,163.4799957275391,117.3454666137695,3417900,2014-12-17,Amgen,Amgen,United States,AMGN
2014-12-18 05:00:00,166.1000061035156,168.5899963378906,164.5800018310547,168.4799957275391,120.9344863891602,3511800,2014-12-18,Amgen,Amgen,United States,AMGN
2014-12-19 05:00:00,168.9100036621094,171.7299957275391,167.3999938964844,170.1699981689453,122.1475219726562,7856300,2014-12-19,Amgen,Amgen,United States,AMGN
2014-12-22 05:00:00,168.3099975585938,169.0399932861328,163.9100036621094,164.5299987792969,118.0991592407227,4061500,2014-12-22,Amgen,Amgen,United States,AMGN
2014-12-23 05:00:00,164.9100036621094,164.9900054931641,154.3600006103516,157.5200042724609,113.0674285888672,7091700,2014-12-23,Amgen,Amgen,United States,AMGN
2014-12-24 05:00:00,156.5299987792969,163.1699981689453,156.4700012207031,160.6699981689453,115.3285064697266,2222800,2014-12-24,Amgen,Amgen,United States,AMGN
2014-12-26 05:00:00,162.1600036621094,164.1499938964844,161.8500061035156,163.4600067138672,117.3311538696289,1707500,2014-12-26,Amgen,Amgen,United States,AMGN
2014-12-29 05:00:00,163.8300018310547,164.0500030517578,161.5200042724609,162.8500061035156,116.8932495117188,1727600,2014-12-29,Amgen,Amgen,United States,AMGN
2014-12-30 05:00:00,162.6900024414062,162.7299957275391,160.1799926757812,160.6300048828125,115.2997360229492,2019800,2014-12-30,Amgen,Amgen,United States,AMGN
2014-12-31 05:00:00,161.6699981689453,163.2799987792969,159.2599945068359,159.2899932861328,114.3378829956055,2691900,2014-12-31,Amgen,Amgen,United States,AMGN
2015-01-02 05:00:00,160.1600036621094,162.5899963378906,158.6000061035156,159.8899993896484,114.7685928344727,2605400,2015-01-02,Amgen,Amgen,United States,AMGN
2015-01-05 05:00:00,157.4299926757812,159.6000061035156,154.2599945068359,157.9900054931641,113.40478515625,4080300,2015-01-05,Amgen,Amgen,United States,AMGN
2015-01-06 05:00:00,158.7799987792969,158.8800048828125,152.3300018310547,152.8999938964844,109.7512283325195,5075800,2015-01-06,Amgen,Amgen,United States,AMGN
2015-01-07 05:00:00,154.0899963378906,158.5800018310547,153.0099945068359,158.2400054931641,113.5842514038086,3502400,2015-01-07,Amgen,Amgen,United States,AMGN
2015-01-08 05:00:00,159.6000061035156,162.7599945068359,155.1499938964844,157.6699981689453,113.1751022338867,4560200,2015-01-08,Amgen,Amgen,United States,AMGN
2015-01-09 05:00:00,158.7599945068359,158.7599945068359,154.6300048828125,155.7299957275391,111.782585144043,3949100,2015-01-09,Amgen,Amgen,United States,AMGN
2015-01-12 05:00:00,156.2200012207031,157.9900054931641,154.9900054931641,156.2200012207031,112.13427734375,2700700,2015-01-12,Amgen,Amgen,United States,AMGN
2015-01-13 05:00:00,158.8899993896484,160.9600067138672,153.4100036621094,155.1399993896484,111.3591003417969,4570400,2015-01-13,Amgen,Amgen,United States,AMGN
2015-01-14 05:00:00,152.8699951171875,155.5399932861328,152.5700073242188,155.1600036621094,111.3734436035156,3426400,2015-01-14,Amgen,Amgen,United States,AMGN
2015-01-15 05:00:00,156.1499938964844,157.7400054931641,151.5299987792969,151.9199981689453,109.0477600097656,2894000,2015-01-15,Amgen,Amgen,United States,AMGN
2015-01-16 05:00:00,152.4299926757812,158.4400024414062,152.0299987792969,158.4299926757812,113.720588684082,3513200,2015-01-16,Amgen,Amgen,United States,AMGN
2015-01-20 05:00:00,159.2100067138672,159.7299957275391,154.6499938964844,157.6000061035156,113.1248779296875,3664400,2015-01-20,Amgen,Amgen,United States,AMGN
2015-01-21 05:00:00,155.3800048828125,158.2700042724609,155.3800048828125,157.3800048828125,112.9669342041016,2804900,2015-01-21,Amgen,Amgen,United States,AMGN
2015-01-22 05:00:00,158.1699981689453,159.7799987792969,154.1100006103516,159.5700073242188,114.5389404296875,3783100,2015-01-22,Amgen,Amgen,United States,AMGN
2015-01-23 05:00:00,159.8000030517578,160.0099945068359,158.25,159.8099975585938,114.711181640625,2249400,2015-01-23,Amgen,Amgen,United States,AMGN
2015-01-26 05:00:00,159.6199951171875,161.4799957275391,157.6699981689453,159.7299957275391,114.6537551879883,3149600,2015-01-26,Amgen,Amgen,United States,AMGN
2015-01-27 05:00:00,158.5299987792969,160.7400054931641,158.2799987792969,158.8899993896484,114.0508422851562,2876300,2015-01-27,Amgen,Amgen,United States,AMGN
2015-01-28 05:00:00,158.3200073242188,160.9100036621094,154.5099945068359,154.6399993896484,111.0001678466797,4927100,2015-01-28,Amgen,Amgen,United States,AMGN
2015-01-29 05:00:00,154.8899993896484,156.8399963378906,153.7599945068359,156.3699951171875,112.2419281005859,3435500,2015-01-29,Amgen,Amgen,United States,AMGN
2015-01-30 05:00:00,155.5500030517578,156.8699951171875,151.5299987792969,152.2599945068359,109.2918319702148,5318200,2015-01-30,Amgen,Amgen,United States,AMGN
2015-02-02 05:00:00,153.4100036621094,153.9700012207031,149.3999938964844,152.5,109.4640426635742,3832500,2015-02-02,Amgen,Amgen,United States,AMGN
2015-02-03 05:00:00,153.7599945068359,153.7599945068359,148.8699951171875,152.2299957275391,109.2702713012695,4298400,2015-02-03,Amgen,Amgen,United States,AMGN
2015-02-04 05:00:00,150.1300048828125,153.1499938964844,147.4199981689453,151.4499969482422,108.7103881835938,5827100,2015-02-04,Amgen,Amgen,United States,AMGN
2015-02-05 05:00:00,152.2899932861328,153.8999938964844,151.0200042724609,153.3600006103516,110.0813827514648,3564400,2015-02-05,Amgen,Amgen,United States,AMGN
2015-02-06 05:00:00,154.3200073242188,154.7599945068359,150.6000061035156,151.3999938964844,108.6744766235352,3242700,2015-02-06,Amgen,Amgen,United States,AMGN
2015-02-09 05:00:00,150.0,151.8300018310547,149.1999969482422,150.0099945068359,107.6767578125,3236400,2015-02-09,Amgen,Amgen,United States,AMGN
2015-02-10 05:00:00,150.5,152.6300048828125,149.0500030517578,152.5700073242188,110.094123840332,4108600,2015-02-10,Amgen,Amgen,United States,AMGN
2015-02-11 05:00:00,153.3000030517578,155.2400054931641,152.2599945068359,153.1100006103516,110.483772277832,3998700,2015-02-11,Amgen,Amgen,United States,AMGN
2015-02-12 05:00:00,154.8300018310547,154.8300018310547,151.1199951171875,153.1799926757812,110.5343170166016,2935800,2015-02-12,Amgen,Amgen,United States,AMGN
2015-02-13 05:00:00,153.6199951171875,153.8099975585938,150.2100067138672,153.4799957275391,110.7508010864258,3591400,2015-02-13,Amgen,Amgen,United States,AMGN
2015-02-17 05:00:00,153.5200042724609,154.8500061035156,153.0,154.2400054931641,111.2992095947266,3895600,2015-02-17,Amgen,Amgen,United States,AMGN
2015-02-18 05:00:00,154.2200012207031,156.2299957275391,153.6399993896484,155.7799987792969,112.4104309082031,3297900,2015-02-18,Amgen,Amgen,United States,AMGN
2015-02-19 05:00:00,155.9700012207031,156.4199981689453,155.0399932861328,156.0500030517578,112.6053009033203,3913900,2015-02-19,Amgen,Amgen,United States,AMGN
2015-02-20 05:00:00,156.4299926757812,157.75,155.0599975585938,157.6600036621094,113.7670440673828,4411100,2015-02-20,Amgen,Amgen,United States,AMGN
2015-02-23 05:00:00,158.0700073242188,159.1999969482422,157.8099975585938,158.4199981689453,114.3154525756836,3094300,2015-02-23,Amgen,Amgen,United States,AMGN
2015-02-24 05:00:00,159.0,159.1100006103516,156.25,157.3699951171875,113.5577926635742,2060500,2015-02-24,Amgen,Amgen,United States,AMGN
2015-02-25 05:00:00,157.7599945068359,158.7799987792969,155.7400054931641,158.0800018310547,114.0701522827148,3262800,2015-02-25,Amgen,Amgen,United States,AMGN
2015-02-26 05:00:00,158.4799957275391,159.3999938964844,156.0,158.9700012207031,114.7123413085938,3379800,2015-02-26,Amgen,Amgen,United States,AMGN
2015-02-27 05:00:00,159.1000061035156,159.2400054931641,157.1999969482422,157.7200012207031,113.8103790283203,2472000,2015-02-27,Amgen,Amgen,United States,AMGN
2015-03-02 05:00:00,159.2899932861328,159.8999938964844,157.6199951171875,159.6300048828125,115.188606262207,3483500,2015-03-02,Amgen,Amgen,United States,AMGN
2015-03-03 05:00:00,159.3999938964844,159.3999938964844,157.5099945068359,158.5599975585938,114.4164810180664,2334900,2015-03-03,Amgen,Amgen,United States,AMGN
2015-03-04 05:00:00,158.0500030517578,159.7400054931641,156.8099975585938,159.1900024414062,114.8711013793945,3098600,2015-03-04,Amgen,Amgen,United States,AMGN
2015-03-05 05:00:00,160.0,161.4799957275391,158.8600006103516,159.6000061035156,115.1669540405273,2470900,2015-03-05,Amgen,Amgen,United States,AMGN
2015-03-06 05:00:00,158.5,159.9199981689453,154.0,154.8800048828125,111.7609939575195,4091400,2015-03-06,Amgen,Amgen,United States,AMGN
2015-03-09 04:00:00,154.8500061035156,155.7400054931641,152.7799987792969,155.0099945068359,111.8548355102539,2135000,2015-03-09,Amgen,Amgen,United States,AMGN
2015-03-10 04:00:00,152.8699951171875,155.6300048828125,152.2899932861328,153.5800018310547,110.8229751586914,3509600,2015-03-10,Amgen,Amgen,United States,AMGN
2015-03-11 04:00:00,154.1199951171875,154.2700042724609,152.4199981689453,152.6999969482422,110.1879043579102,2487100,2015-03-11,Amgen,Amgen,United States,AMGN
2015-03-12 04:00:00,154.2599945068359,154.7700042724609,152.9499969482422,154.25,111.3064270019531,1889400,2015-03-12,Amgen,Amgen,United States,AMGN
2015-03-13 04:00:00,153.2799987792969,154.75,152.5800018310547,154.2599945068359,111.313606262207,2737900,2015-03-13,Amgen,Amgen,United States,AMGN
2015-03-16 04:00:00,157.7299957275391,163.1999969482422,156.7400054931641,163.0299987792969,117.641975402832,5201600,2015-03-16,Amgen,Amgen,United States,AMGN
2015-03-17 04:00:00,162.25,163.7599945068359,161.7400054931641,163.0700073242188,117.6709060668945,2620800,2015-03-17,Amgen,Amgen,United States,AMGN
2015-03-18 04:00:00,162.9700012207031,167.6000061035156,161.8300018310547,166.5399932861328,120.1748123168945,3690100,2015-03-18,Amgen,Amgen,United States,AMGN
2015-03-19 04:00:00,167.6699981689453,169.2200012207031,166.9700012207031,169.1100006103516,122.0293884277344,3756600,2015-03-19,Amgen,Amgen,United States,AMGN
2015-03-20 04:00:00,170.3999938964844,172.3600006103516,168.5099945068359,170.1000061035156,122.7437133789062,9040600,2015-03-20,Amgen,Amgen,United States,AMGN
2015-03-23 04:00:00,168.8999938964844,169.2100067138672,165.6999969482422,166.5399932861328,120.1748123168945,3879900,2015-03-23,Amgen,Amgen,United States,AMGN
2015-03-24 04:00:00,166.0599975585938,168.25,165.3999938964844,166.0099945068359,119.792366027832,2555600,2015-03-24,Amgen,Amgen,United States,AMGN
2015-03-25 04:00:00,166.0,166.7899932861328,160.5700073242188,160.6199951171875,115.9029388427734,4010100,2015-03-25,Amgen,Amgen,United States,AMGN
2015-03-26 04:00:00,158.8399963378906,162.6900024414062,157.3600006103516,160.5500030517578,115.8524551391602,3146500,2015-03-26,Amgen,Amgen,United States,AMGN
2015-03-27 04:00:00,161.2599945068359,163.4499969482422,161.0,162.5899963378906,117.3244934082031,2438900,2015-03-27,Amgen,Amgen,United States,AMGN
2015-03-30 04:00:00,164.5099945068359,165.8200073242188,163.0500030517578,164.3099975585938,118.5656585693359,2388100,2015-03-30,Amgen,Amgen,United States,AMGN
2015-03-31 04:00:00,163.3200073242188,164.0899963378906,159.7200012207031,159.8500061035156,115.3473815917969,3111000,2015-03-31,Amgen,Amgen,United States,AMGN
2015-04-01 04:00:00,159.3699951171875,159.3899993896484,154.6399993896484,157.1000061035156,113.3629608154297,5135000,2015-04-01,Amgen,Amgen,United States,AMGN
2015-04-02 04:00:00,157.1199951171875,158.1799926757812,155.0299987792969,155.8800048828125,112.4826126098633,3015200,2015-04-02,Amgen,Amgen,United States,AMGN
2015-04-06 04:00:00,154.8000030517578,157.2700042724609,154.6000061035156,155.2799987792969,112.0496292114258,3185700,2015-04-06,Amgen,Amgen,United States,AMGN
2015-04-07 04:00:00,155.6199951171875,159.4700012207031,155.2799987792969,157.2799987792969,113.4928741455078,2942600,2015-04-07,Amgen,Amgen,United States,AMGN
2015-04-08 04:00:00,157.6799926757812,160.9900054931641,157.6600036621094,160.3300018310547,115.693733215332,3031200,2015-04-08,Amgen,Amgen,United States,AMGN
2015-04-09 04:00:00,161.2299957275391,161.8000030517578,159.0700073242188,161.4900054931641,116.5307312011719,2860600,2015-04-09,Amgen,Amgen,United States,AMGN
2015-04-10 04:00:00,161.5899963378906,163.6900024414062,160.3099975585938,163.3800048828125,117.8946075439453,2407200,2015-04-10,Amgen,Amgen,United States,AMGN
2015-04-13 04:00:00,162.8200073242188,164.7200012207031,162.3399963378906,162.4900054931641,117.2523956298828,1767700,2015-04-13,Amgen,Amgen,United States,AMGN
2015-04-14 04:00:00,162.5,163.4700012207031,160.5599975585938,162.5700073242188,117.3101119995117,2099400,2015-04-14,Amgen,Amgen,United States,AMGN
2015-04-15 04:00:00,163.1199951171875,165.9100036621094,162.8600006103516,165.4700012207031,119.4027481079102,3659300,2015-04-15,Amgen,Amgen,United States,AMGN
2015-04-16 04:00:00,166.3999938964844,167.6399993896484,165.0700073242188,166.8699951171875,120.412956237793,3085600,2015-04-16,Amgen,Amgen,United States,AMGN
2015-04-17 04:00:00,165.0,165.5,161.7200012207031,163.5800018310547,118.0388946533203,4249700,2015-04-17,Amgen,Amgen,United States,AMGN
2015-04-20 04:00:00,164.6399993896484,166.0500030517578,163.0599975585938,165.9700012207031,119.763542175293,2760900,2015-04-20,Amgen,Amgen,United States,AMGN
2015-04-21 04:00:00,167.0899963378906,168.8800048828125,167.0700073242188,168.4600067138672,121.5603256225586,3794800,2015-04-21,Amgen,Amgen,United States,AMGN
2015-04-22 04:00:00,173.0399932861328,173.6000061035156,167.0099945068359,169.1000061035156,122.0221099853516,5352200,2015-04-22,Amgen,Amgen,United States,AMGN
2015-04-23 04:00:00,167.9400024414062,169.5500030517578,166.5800018310547,169.1699981689453,122.072639465332,3668100,2015-04-23,Amgen,Amgen,United States,AMGN
2015-04-24 04:00:00,168.1499938964844,169.25,166.0599975585938,167.9100036621094,121.1634368896484,2548300,2015-04-24,Amgen,Amgen,United States,AMGN
2015-04-27 04:00:00,168.4900054931641,168.7200012207031,161.5500030517578,162.3800048828125,117.1730041503906,4386200,2015-04-27,Amgen,Amgen,United States,AMGN
2015-04-28 04:00:00,162.1499938964844,165.3000030517578,160.6300048828125,162.4900054931641,117.2523956298828,4262800,2015-04-28,Amgen,Amgen,United States,AMGN
2015-04-29 04:00:00,161.2799987792969,163.4600067138672,159.5299987792969,160.9799957275391,116.1627426147461,3281800,2015-04-29,Amgen,Amgen,United States,AMGN
2015-04-30 04:00:00,159.8399963378906,161.7100067138672,156.4700012207031,157.9100036621094,113.9474792480469,4444300,2015-04-30,Amgen,Amgen,United States,AMGN
2015-05-01 04:00:00,159.5,161.6900024414062,158.6499938964844,160.3600006103516,115.7153396606445,3259800,2015-05-01,Amgen,Amgen,United States,AMGN
2015-05-04 04:00:00,161.5,163.9600067138672,161.4499969482422,162.1100006103516,116.978141784668,3496200,2015-05-04,Amgen,Amgen,United States,AMGN
2015-05-05 04:00:00,161.3099975585938,162.1900024414062,159.2400054931641,159.4400024414062,115.051513671875,3086000,2015-05-05,Amgen,Amgen,United States,AMGN
2015-05-06 04:00:00,160.0,160.3899993896484,156.6499938964844,158.9499969482422,114.6979141235352,3762700,2015-05-06,Amgen,Amgen,United States,AMGN
2015-05-07 04:00:00,159.2400054931641,159.8200073242188,157.1999969482422,157.8999938964844,113.9402465820312,4374000,2015-05-07,Amgen,Amgen,United States,AMGN
2015-05-08 04:00:00,159.7799987792969,162.8600006103516,159.1300048828125,162.3399963378906,117.1440887451172,4664200,2015-05-08,Amgen,Amgen,United States,AMGN
2015-05-11 04:00:00,162.3099975585938,162.9900054931641,161.0,161.0500030517578,116.2132797241211,2723800,2015-05-11,Amgen,Amgen,United States,AMGN
2015-05-12 04:00:00,159.0,159.2599945068359,155.7100067138672,158.2400054931641,114.7484588623047,4359700,2015-05-12,Amgen,Amgen,United States,AMGN
2015-05-13 04:00:00,159.7400054931641,161.2400054931641,157.6499938964844,158.3899993896484,114.8572387695312,2727000,2015-05-13,Amgen,Amgen,United States,AMGN
2015-05-14 04:00:00,159.8999938964844,162.1600036621094,158.1900024414062,161.9799957275391,117.4605407714844,2717500,2015-05-14,Amgen,Amgen,United States,AMGN
2015-05-15 04:00:00,163.2700042724609,163.6300048828125,161.6799926757812,162.3600006103516,117.7361450195312,2384600,2015-05-15,Amgen,Amgen,United States,AMGN
2015-05-18 04:00:00,161.6999969482422,163.8999938964844,161.2700042724609,163.4400024414062,118.5192642211914,2153900,2015-05-18,Amgen,Amgen,United States,AMGN
2015-05-19 04:00:00,163.8600006103516,164.1199951171875,162.4600067138672,163.5599975585938,118.6062774658203,1746600,2015-05-19,Amgen,Amgen,United States,AMGN
2015-05-20 04:00:00,163.9700012207031,165.5899963378906,162.3999938964844,163.9799957275391,118.9108428955078,2027300,2015-05-20,Amgen,Amgen,United States,AMGN
2015-05-21 04:00:00,163.5200042724609,164.7299957275391,162.8200073242188,163.8399963378906,118.8093185424805,2156600,2015-05-21,Amgen,Amgen,United States,AMGN
2015-05-22 04:00:00,163.5800018310547,164.5700073242188,163.0299987792969,163.5800018310547,118.6207656860352,1636000,2015-05-22,Amgen,Amgen,United States,AMGN
2015-05-26 04:00:00,160.6499938964844,162.4600067138672,158.0,159.0099945068359,115.3068313598633,4078300,2015-05-26,Amgen,Amgen,United States,AMGN
2015-05-27 04:00:00,159.9600067138672,161.0,159.2799987792969,160.4400024414062,116.3438110351562,3336300,2015-05-27,Amgen,Amgen,United States,AMGN
2015-05-28 04:00:00,159.6000061035156,159.6000061035156,155.8300018310547,157.3500061035156,114.1030883789062,4205300,2015-05-28,Amgen,Amgen,United States,AMGN
2015-05-29 04:00:00,156.7899932861328,157.9700012207031,155.5800018310547,156.2599945068359,113.3126907348633,4414300,2015-05-29,Amgen,Amgen,United States,AMGN
2015-06-01 04:00:00,157.5899963378906,158.0,155.5,157.0299987792969,113.8710327148438,2849800,2015-06-01,Amgen,Amgen,United States,AMGN
2015-06-02 04:00:00,156.8800048828125,157.9700012207031,154.8000030517578,156.4400024414062,113.4431915283203,2497200,2015-06-02,Amgen,Amgen,United States,AMGN
2015-06-03 04:00:00,157.4499969482422,157.8600006103516,156.3999938964844,157.1300048828125,113.9435119628906,2160500,2015-06-03,Amgen,Amgen,United States,AMGN
2015-06-04 04:00:00,156.6000061035156,158.4700012207031,156.3000030517578,158.0899963378906,114.6396865844727,3917700,2015-06-04,Amgen,Amgen,United States,AMGN
2015-06-05 04:00:00,158.5,159.3999938964844,156.0299987792969,157.25,114.0305480957031,3431100,2015-06-05,Amgen,Amgen,United States,AMGN
2015-06-08 04:00:00,157.3000030517578,158.4700012207031,155.6300048828125,156.4700012207031,113.4649353027344,2081700,2015-06-08,Amgen,Amgen,United States,AMGN
2015-06-09 04:00:00,156.5500030517578,157.1100006103516,153.9100036621094,154.8000030517578,112.2539443969727,2766000,2015-06-09,Amgen,Amgen,United States,AMGN
2015-06-10 04:00:00,153.3999938964844,155.8800048828125,150.8500061035156,155.5500030517578,112.7977676391602,5972800,2015-06-10,Amgen,Amgen,United States,AMGN
2015-06-11 04:00:00,157.9100036621094,158.9700012207031,156.4400024414062,157.9600067138672,114.5454025268555,3633400,2015-06-11,Amgen,Amgen,United States,AMGN
2015-06-12 04:00:00,157.2299957275391,157.7400054931641,155.0099945068359,156.1199951171875,113.2111358642578,2398100,2015-06-12,Amgen,Amgen,United States,AMGN
2015-06-15 04:00:00,154.75,156.3699951171875,153.5700073242188,156.1000061035156,113.1966171264648,2585200,2015-06-15,Amgen,Amgen,United States,AMGN
2015-06-16 04:00:00,155.8099975585938,156.8099975585938,155.0899963378906,156.2299957275391,113.290885925293,1723300,2015-06-16,Amgen,Amgen,United States,AMGN
2015-06-17 04:00:00,156.8600006103516,156.9799957275391,154.8800048828125,155.6499938964844,112.8703002929688,3008600,2015-06-17,Amgen,Amgen,United States,AMGN
2015-06-18 04:00:00,156.3300018310547,160.7700042724609,156.3099975585938,160.1199951171875,116.1117324829102,3454500,2015-06-18,Amgen,Amgen,United States,AMGN
2015-06-19 04:00:00,160.1300048828125,162.2299957275391,159.7700042724609,160.7200012207031,116.546875,5182000,2015-06-19,Amgen,Amgen,United States,AMGN
2015-06-22 04:00:00,161.6199951171875,163.2599945068359,161.4499969482422,162.2200012207031,117.6345748901367,1926600,2015-06-22,Amgen,Amgen,United States,AMGN
2015-06-23 04:00:00,163.4499969482422,163.5,161.0399932861328,161.6900024414062,117.250244140625,2451800,2015-06-23,Amgen,Amgen,United States,AMGN
2015-06-24 04:00:00,161.5299987792969,161.8399963378906,159.2799987792969,159.8899993896484,115.9449462890625,2522600,2015-06-24,Amgen,Amgen,United States,AMGN
2015-06-25 04:00:00,160.8200073242188,160.8399963378906,158.0200042724609,158.7599945068359,115.1255264282227,2411400,2015-06-25,Amgen,Amgen,United States,AMGN
2015-06-26 04:00:00,159.4100036621094,159.7899932861328,157.2299957275391,158.0200042724609,114.5889282226562,3537900,2015-06-26,Amgen,Amgen,United States,AMGN
2015-06-29 04:00:00,156.6300048828125,157.9600067138672,151.4299926757812,151.6000061035156,109.9334335327148,4784800,2015-06-29,Amgen,Amgen,United States,AMGN
2015-06-30 04:00:00,153.2400054931641,154.2200012207031,151.5099945068359,153.5200042724609,111.3257064819336,3893300,2015-06-30,Amgen,Amgen,United States,AMGN
2015-07-01 04:00:00,154.9400024414062,155.75,153.4299926757812,154.9900054931641,112.391716003418,2299100,2015-07-01,Amgen,Amgen,United States,AMGN
2015-07-02 04:00:00,155.1499938964844,155.5700073242188,153.0099945068359,153.2599945068359,111.1371917724609,2119800,2015-07-02,Amgen,Amgen,United States,AMGN
2015-07-06 04:00:00,152.1399993896484,156.0700073242188,151.8899993896484,154.5,112.0363845825195,2773500,2015-07-06,Amgen,Amgen,United States,AMGN
2015-07-07 04:00:00,155.25,155.6999969482422,152.1799926757812,155.3899993896484,112.681755065918,2253200,2015-07-07,Amgen,Amgen,United States,AMGN
2015-07-08 04:00:00,154.1100006103516,154.8500061035156,151.9299926757812,152.3099975585938,110.4482879638672,2393500,2015-07-08,Amgen,Amgen,United States,AMGN
2015-07-09 04:00:00,152.4400024414062,153.8999938964844,151.0399932861328,151.3099975585938,109.7231063842773,4146300,2015-07-09,Amgen,Amgen,United States,AMGN
2015-07-10 04:00:00,153.9900054931641,154.5299987792969,152.4900054931641,154.1000061035156,111.7463073730469,3976600,2015-07-10,Amgen,Amgen,United States,AMGN
2015-07-13 04:00:00,155.2799987792969,156.5599975585938,154.9199981689453,155.7599945068359,112.9500579833984,1803400,2015-07-13,Amgen,Amgen,United States,AMGN
2015-07-14 04:00:00,156.3399963378906,160.3099975585938,155.7599945068359,159.3200073242188,115.5316543579102,3624800,2015-07-14,Amgen,Amgen,United States,AMGN
2015-07-15 04:00:00,160.4600067138672,162.5500030517578,159.5800018310547,160.4499969482422,116.3510131835938,2618600,2015-07-15,Amgen,Amgen,United States,AMGN
2015-07-16 04:00:00,161.7299957275391,163.75,161.0700073242188,163.0399932861328,118.2291564941406,2487500,2015-07-16,Amgen,Amgen,United States,AMGN
2015-07-17 04:00:00,163.0500030517578,163.5,160.6000061035156,163.2700042724609,118.3959808349609,3248500,2015-07-17,Amgen,Amgen,United States,AMGN
2015-07-20 04:00:00,163.5599975585938,165.3999938964844,162.8899993896484,164.3399963378906,119.1718978881836,2692400,2015-07-20,Amgen,Amgen,United States,AMGN
2015-07-21 04:00:00,164.7200012207031,165.3200073242188,162.3699951171875,163.6999969482422,118.7078094482422,2690000,2015-07-21,Amgen,Amgen,United States,AMGN
2015-07-22 04:00:00,161.4700012207031,164.6799926757812,161.4700012207031,164.25,119.1066131591797,2106900,2015-07-22,Amgen,Amgen,United States,AMGN
2015-07-23 04:00:00,165.0,165.1199951171875,162.7899932861328,164.1000061035156,118.9978561401367,1716300,2015-07-23,Amgen,Amgen,United States,AMGN
2015-07-24 04:00:00,162.1100006103516,163.7299957275391,157.2100067138672,158.5899963378906,115.0022735595703,4410700,2015-07-24,Amgen,Amgen,United States,AMGN
2015-07-27 04:00:00,159.3699951171875,165.9400024414062,159.1600036621094,165.5399932861328,120.0420532226562,5757200,2015-07-27,Amgen,Amgen,United States,AMGN
2015-07-28 04:00:00,166.1199951171875,174.8000030517578,166.1199951171875,172.7400054931641,125.2632217407227,8553600,2015-07-28,Amgen,Amgen,United States,AMGN
2015-07-29 04:00:00,172.9199981689453,173.6799926757812,169.1199951171875,171.4700012207031,124.3422470092773,5112300,2015-07-29,Amgen,Amgen,United States,AMGN
2015-07-30 04:00:00,170.0899963378906,172.4799957275391,168.2100067138672,171.6900024414062,124.5018157958984,4044100,2015-07-30,Amgen,Amgen,United States,AMGN
2015-07-31 04:00:00,177.5,181.8099975585938,176.0,176.5899963378906,128.0550384521484,7289400,2015-07-31,Amgen,Amgen,United States,AMGN
2015-08-03 04:00:00,176.8000030517578,177.0500030517578,174.0200042724609,175.5899963378906,127.3298797607422,2922600,2015-08-03,Amgen,Amgen,United States,AMGN
2015-08-04 04:00:00,175.7899932861328,176.2200012207031,173.6199951171875,174.8000030517578,126.7570114135742,2474200,2015-08-04,Amgen,Amgen,United States,AMGN
2015-08-05 04:00:00,175.5299987792969,177.5200042724609,175.3800048828125,176.4400024414062,127.9462661743164,2146700,2015-08-05,Amgen,Amgen,United States,AMGN
2015-08-06 04:00:00,176.9400024414062,176.9600067138672,168.25,169.6600036621094,123.0297241210938,3775400,2015-08-06,Amgen,Amgen,United States,AMGN
2015-08-07 04:00:00,169.6699981689453,172.4700012207031,166.3999938964844,172.3099975585938,124.9513778686523,4156000,2015-08-07,Amgen,Amgen,United States,AMGN
2015-08-10 04:00:00,172.8999938964844,174.6900024414062,170.4499969482422,170.6000061035156,123.7113952636719,2729600,2015-08-10,Amgen,Amgen,United States,AMGN
2015-08-11 04:00:00,169.6699981689453,169.7299957275391,166.8899993896484,168.5599975585938,122.2320556640625,2924900,2015-08-11,Amgen,Amgen,United States,AMGN
2015-08-12 04:00:00,167.6900024414062,171.1900024414062,164.6199951171875,170.6199951171875,123.7258453369141,4486400,2015-08-12,Amgen,Amgen,United States,AMGN
2015-08-13 04:00:00,170.5,170.9900054931641,168.0299987792969,168.5800018310547,122.8151779174805,1897000,2015-08-13,Amgen,Amgen,United States,AMGN
2015-08-14 04:00:00,168.0899963378906,169.6300048828125,166.6600036621094,167.7200012207031,122.1886520385742,2704500,2015-08-14,Amgen,Amgen,United States,AMGN
2015-08-17 04:00:00,167.0500030517578,169.8899993896484,166.0,169.7899932861328,123.6967086791992,1988800,2015-08-17,Amgen,Amgen,United States,AMGN
2015-08-18 04:00:00,170.0099945068359,170.2400054931641,167.1000061035156,167.7200012207031,122.1886520385742,2273400,2015-08-18,Amgen,Amgen,United States,AMGN
2015-08-19 04:00:00,166.8200073242188,167.7200012207031,164.4499969482422,166.5700073242188,121.3508529663086,3139800,2015-08-19,Amgen,Amgen,United States,AMGN
2015-08-20 04:00:00,164.3300018310547,165.5,161.0299987792969,161.1499938964844,117.4022521972656,3491800,2015-08-20,Amgen,Amgen,United States,AMGN
2015-08-21 04:00:00,158.9700012207031,163.9199981689453,155.1900024414062,155.1900024414062,113.0602111816406,6208400,2015-08-21,Amgen,Amgen,United States,AMGN
2015-08-24 04:00:00,145.3300018310547,154.4199981689453,140.0,147.6399993896484,107.559814453125,8697500,2015-08-24,Amgen,Amgen,United States,AMGN
2015-08-25 04:00:00,152.5,153.8800048828125,144.8800048828125,145.1900024414062,105.7749481201172,6701100,2015-08-25,Amgen,Amgen,United States,AMGN
2015-08-26 04:00:00,151.2299957275391,154.1100006103516,147.1300048828125,153.9799957275391,112.1786956787109,5251300,2015-08-26,Amgen,Amgen,United States,AMGN
2015-08-27 04:00:00,154.8800048828125,157.1000061035156,151.3600006103516,155.7200012207031,113.4463195800781,4910500,2015-08-27,Amgen,Amgen,United States,AMGN
2015-08-28 04:00:00,156.3800048828125,158.0,153.7100067138672,155.8899993896484,113.5701751708984,4649300,2015-08-28,Amgen,Amgen,United States,AMGN
2015-08-31 04:00:00,155.3300018310547,156.3500061035156,151.3000030517578,151.7799987792969,110.575927734375,4354500,2015-08-31,Amgen,Amgen,United States,AMGN
2015-09-01 04:00:00,149.2299957275391,150.9900054931641,146.9499969482422,147.4600067138672,107.4286880493164,5523000,2015-09-01,Amgen,Amgen,United States,AMGN
2015-09-02 04:00:00,149.0700073242188,152.3500061035156,147.25,152.2899932861328,110.9474563598633,4339100,2015-09-02,Amgen,Amgen,United States,AMGN
2015-09-03 04:00:00,152.6799926757812,154.1199951171875,148.9299926757812,149.2299957275391,108.7182006835938,2868400,2015-09-03,Amgen,Amgen,United States,AMGN
2015-09-04 04:00:00,147.4900054931641,148.9600067138672,145.75,147.0200042724609,107.1081390380859,3362800,2015-09-04,Amgen,Amgen,United States,AMGN
2015-09-08 04:00:00,151.6000061035156,154.6600036621094,151.0,154.5599975585938,112.6012420654297,4508400,2015-09-08,Amgen,Amgen,United States,AMGN
2015-09-09 04:00:00,156.1900024414062,156.7599945068359,150.6199951171875,151.0800018310547,110.0659561157227,2987600,2015-09-09,Amgen,Amgen,United States,AMGN
2015-09-10 04:00:00,150.8399963378906,154.3200073242188,150.5599975585938,153.1399993896484,111.5667343139648,3477900,2015-09-10,Amgen,Amgen,United States,AMGN
2015-09-11 04:00:00,152.0500030517578,153.4499969482422,150.9299926757812,153.2100067138672,111.6177444458008,2422700,2015-09-11,Amgen,Amgen,United States,AMGN
2015-09-14 04:00:00,153.8899993896484,153.8899993896484,150.0500030517578,151.0,110.0076751708984,2896200,2015-09-14,Amgen,Amgen,United States,AMGN
2015-09-15 04:00:00,152.0200042724609,152.7899932861328,150.2400054931641,152.1399993896484,110.8382339477539,2560200,2015-09-15,Amgen,Amgen,United States,AMGN
2015-09-16 04:00:00,151.9700012207031,152.8800048828125,148.4700012207031,151.1799926757812,110.138801574707,4004200,2015-09-16,Amgen,Amgen,United States,AMGN
2015-09-17 04:00:00,151.6999969482422,156.3399963378906,151.0,153.9100036621094,112.1277160644531,3519500,2015-09-17,Amgen,Amgen,United States,AMGN
2015-09-18 04:00:00,151.1199951171875,153.3699951171875,149.0299987792969,150.5899963378906,109.7090072631836,6487300,2015-09-18,Amgen,Amgen,United States,AMGN
2015-09-21 04:00:00,151.9700012207031,152.8000030517578,146.3200073242188,147.0899963378906,107.1591567993164,4702600,2015-09-21,Amgen,Amgen,United States,AMGN
2015-09-22 04:00:00,145.0,146.7799987792969,142.8200073242188,145.9299926757812,106.3140563964844,4518000,2015-09-22,Amgen,Amgen,United States,AMGN
2015-09-23 04:00:00,146.0800018310547,147.0399932861328,144.0299987792969,145.7200012207031,106.1610870361328,2785400,2015-09-23,Amgen,Amgen,United States,AMGN
2015-09-24 04:00:00,144.7200012207031,145.6300048828125,141.3600006103516,143.5099945068359,104.5509948730469,3519200,2015-09-24,Amgen,Amgen,United States,AMGN
2015-09-25 04:00:00,146.0599975585938,146.75,136.7599945068359,138.5299987792969,100.9229507446289,5243700,2015-09-25,Amgen,Amgen,United States,AMGN
2015-09-28 04:00:00,137.9900054931641,138.1900024414062,130.0899963378906,132.2400054931641,96.34051513671876,7514700,2015-09-28,Amgen,Amgen,United States,AMGN
2015-09-29 04:00:00,132.0,138.0,131.4299926757812,133.8200073242188,97.49159240722656,6251500,2015-09-29,Amgen,Amgen,United States,AMGN
2015-09-30 04:00:00,136.6600036621094,139.25,135.8600006103516,138.3200073242188,100.7699279785156,6209500,2015-09-30,Amgen,Amgen,United States,AMGN
2015-10-01 04:00:00,138.5500030517578,140.6399993896484,136.6000061035156,140.2299957275391,102.1614303588867,4675900,2015-10-01,Amgen,Amgen,United States,AMGN
2015-10-02 04:00:00,138.2599945068359,142.5399932861328,135.6399993896484,142.4700012207031,103.793327331543,4803500,2015-10-02,Amgen,Amgen,United States,AMGN
2015-10-05 04:00:00,144.0,144.9100036621094,142.2200012207031,143.8000030517578,104.7623062133789,4367100,2015-10-05,Amgen,Amgen,United States,AMGN
2015-10-06 04:00:00,142.1199951171875,143.3699951171875,138.0599975585938,141.2200012207031,102.8827056884766,4759700,2015-10-06,Amgen,Amgen,United States,AMGN
2015-10-07 04:00:00,142.6499938964844,148.3099975585938,140.2400054931641,148.0500030517578,107.8584976196289,8002400,2015-10-07,Amgen,Amgen,United States,AMGN
2015-10-08 04:00:00,147.6799926757812,150.9900054931641,145.0299987792969,149.8999938964844,109.206298828125,6638500,2015-10-08,Amgen,Amgen,United States,AMGN
2015-10-09 04:00:00,149.25,150.75,148.0099945068359,149.5899963378906,108.98046875,3080900,2015-10-09,Amgen,Amgen,United States,AMGN
2015-10-12 04:00:00,152.7799987792969,155.1199951171875,151.6300048828125,153.0299987792969,111.4866027832031,5473000,2015-10-12,Amgen,Amgen,United States,AMGN
2015-10-13 04:00:00,151.5399932861328,152.9799957275391,147.4400024414062,147.5800018310547,107.5161209106445,4143900,2015-10-13,Amgen,Amgen,United States,AMGN
2015-10-14 04:00:00,148.3800048828125,150.9299926757812,147.1300048828125,147.8099975585938,107.6836776733398,3197400,2015-10-14,Amgen,Amgen,United States,AMGN
2015-10-15 04:00:00,147.4499969482422,152.7799987792969,146.9700012207031,152.5399932861328,111.1296081542969,3269600,2015-10-15,Amgen,Amgen,United States,AMGN
2015-10-16 04:00:00,153.1900024414062,154.1199951171875,150.5800018310547,152.6100006103516,111.1806335449219,4793100,2015-10-16,Amgen,Amgen,United States,AMGN
2015-10-19 04:00:00,152.6100006103516,156.1399993896484,152.4600067138672,154.4700012207031,112.5357055664062,3271700,2015-10-19,Amgen,Amgen,United States,AMGN
2015-10-20 04:00:00,154.1900024414062,155.0,149.4700012207031,150.4499969482422,109.6070022583008,3385300,2015-10-20,Amgen,Amgen,United States,AMGN
2015-10-21 04:00:00,152.3699951171875,152.75,147.3000030517578,150.0899963378906,109.3447036743164,3832600,2015-10-21,Amgen,Amgen,United States,AMGN
2015-10-22 04:00:00,152.1000061035156,152.9400024414062,148.5700073242188,152.3099975585938,110.962043762207,4079800,2015-10-22,Amgen,Amgen,United States,AMGN
2015-10-23 04:00:00,153.6100006103516,156.1999969482422,151.8600006103516,155.75,113.4682083129883,3657300,2015-10-23,Amgen,Amgen,United States,AMGN
2015-10-26 04:00:00,156.0,159.9100036621094,154.6499938964844,158.5800018310547,115.5299377441406,4346600,2015-10-26,Amgen,Amgen,United States,AMGN
2015-10-27 04:00:00,158.5800018310547,162.1199951171875,157.8300018310547,161.9799957275391,118.0069198608398,3877200,2015-10-27,Amgen,Amgen,United States,AMGN
2015-10-28 04:00:00,162.7200012207031,162.8699951171875,158.7299957275391,162.6699981689453,118.5095977783203,4878900,2015-10-28,Amgen,Amgen,United States,AMGN
2015-10-29 04:00:00,164.9900054931641,165.0,158.9400024414062,160.5800018310547,116.9869842529297,4870200,2015-10-29,Amgen,Amgen,United States,AMGN
2015-10-30 04:00:00,161.0599975585938,162.0,158.1300048828125,158.1799926757812,115.238525390625,4589700,2015-10-30,Amgen,Amgen,United States,AMGN
2015-11-02 05:00:00,159.0099945068359,162.75,158.3699951171875,162.3099975585938,118.2473220825195,3222500,2015-11-02,Amgen,Amgen,United States,AMGN
2015-11-03 05:00:00,160.9700012207031,163.1499938964844,160.5,162.4600067138672,118.3566207885742,2411500,2015-11-03,Amgen,Amgen,United States,AMGN
2015-11-04 05:00:00,162.8500061035156,163.9900054931641,160.7700042724609,161.8800048828125,117.9340591430664,3059500,2015-11-04,Amgen,Amgen,United States,AMGN
2015-11-05 05:00:00,162.1999969482422,162.4799957275391,158.8200073242188,161.2200012207031,117.453239440918,2202400,2015-11-05,Amgen,Amgen,United States,AMGN
2015-11-06 05:00:00,160.8699951171875,160.8699951171875,156.8399963378906,160.4600067138672,116.8995513916016,3344000,2015-11-06,Amgen,Amgen,United States,AMGN
2015-11-09 05:00:00,159.75,160.6100006103516,158.3200073242188,159.6300048828125,116.2948608398438,2722200,2015-11-09,Amgen,Amgen,United States,AMGN
2015-11-10 05:00:00,160.25,161.1699981689453,158.0500030517578,158.3699951171875,115.3769302368164,2871300,2015-11-10,Amgen,Amgen,United States,AMGN
2015-11-11 05:00:00,159.2599945068359,159.5700073242188,156.7599945068359,156.8600006103516,114.2768402099609,1920400,2015-11-11,Amgen,Amgen,United States,AMGN
2015-11-12 05:00:00,155.9400024414062,157.6999969482422,150.8200073242188,150.9799957275391,110.5498962402344,4767200,2015-11-12,Amgen,Amgen,United States,AMGN
2015-11-13 05:00:00,150.6799926757812,153.5200042724609,148.0,151.5500030517578,110.9672698974609,3855000,2015-11-13,Amgen,Amgen,United States,AMGN
2015-11-16 05:00:00,152.0200042724609,154.7799987792969,151.1000061035156,154.5,113.1272583007812,2443200,2015-11-16,Amgen,Amgen,United States,AMGN
2015-11-17 05:00:00,154.9100036621094,159.1300048828125,153.6999969482422,157.6000061035156,115.3971786499023,3644300,2015-11-17,Amgen,Amgen,United States,AMGN
2015-11-18 05:00:00,158.1100006103516,161.1199951171875,156.3500061035156,160.9199981689453,117.8281021118164,2975800,2015-11-18,Amgen,Amgen,United States,AMGN
2015-11-19 05:00:00,159.8899993896484,161.5200042724609,158.8300018310547,159.4900054931641,116.7810592651367,2041000,2015-11-19,Amgen,Amgen,United States,AMGN
2015-11-20 05:00:00,160.7400054931641,161.3399963378906,159.5500030517578,159.9100036621094,117.0885543823242,2728000,2015-11-20,Amgen,Amgen,United States,AMGN
2015-11-23 05:00:00,159.6300048828125,163.1300048828125,159.6300048828125,162.4700012207031,118.9630126953125,4168400,2015-11-23,Amgen,Amgen,United States,AMGN
2015-11-24 05:00:00,161.0099945068359,163.3399963378906,161.0,162.7799987792969,119.1900024414062,3687000,2015-11-24,Amgen,Amgen,United States,AMGN
2015-11-25 05:00:00,163.0500030517578,164.5899963378906,162.7100067138672,163.9499969482422,120.0467376708984,2134200,2015-11-25,Amgen,Amgen,United States,AMGN
2015-11-27 05:00:00,164.7599945068359,165.0,163.1399993896484,163.5200042724609,119.7318801879883,1052400,2015-11-27,Amgen,Amgen,United States,AMGN
2015-11-30 05:00:00,163.4900054931641,164.0,160.3600006103516,161.1000061035156,117.9599227905273,2982600,2015-11-30,Amgen,Amgen,United States,AMGN
2015-12-01 05:00:00,162.7100067138672,163.4299926757812,160.5200042724609,161.9799957275391,118.6042633056641,2429000,2015-12-01,Amgen,Amgen,United States,AMGN
2015-12-02 05:00:00,161.6199951171875,162.3899993896484,160.1000061035156,160.5200042724609,117.5352478027344,2871600,2015-12-02,Amgen,Amgen,United States,AMGN
2015-12-03 05:00:00,160.2700042724609,160.5200042724609,153.7100067138672,154.6499938964844,113.2371063232422,4468600,2015-12-03,Amgen,Amgen,United States,AMGN
2015-12-04 05:00:00,154.9600067138672,161.9499969482422,154.9499969482422,161.4299926757812,118.2015151977539,3920900,2015-12-04,Amgen,Amgen,United States,AMGN
2015-12-07 05:00:00,162.9100036621094,162.9700012207031,157.5399932861328,158.3000030517578,115.9097137451172,3566700,2015-12-07,Amgen,Amgen,United States,AMGN
2015-12-08 05:00:00,156.6100006103516,160.6699981689453,156.0399932861328,159.3500061035156,116.6785278320312,2249200,2015-12-08,Amgen,Amgen,United States,AMGN
2015-12-09 05:00:00,158.3500061035156,159.8099975585938,156.1199951171875,157.8899993896484,115.609504699707,2995600,2015-12-09,Amgen,Amgen,United States,AMGN
2015-12-10 05:00:00,158.9700012207031,160.8500061035156,157.0,159.6699981689453,116.912841796875,2814000,2015-12-10,Amgen,Amgen,United States,AMGN
2015-12-11 05:00:00,157.8200073242188,158.7799987792969,154.7899932861328,155.1499938964844,113.6032257080078,3005700,2015-12-11,Amgen,Amgen,United States,AMGN
2015-12-14 05:00:00,155.9799957275391,158.3399963378906,153.4299926757812,158.1100006103516,115.7705841064453,2780600,2015-12-14,Amgen,Amgen,United States,AMGN
2015-12-15 05:00:00,161.6499938964844,164.4499969482422,161.5599975585938,162.6199951171875,119.0728912353516,5365600,2015-12-15,Amgen,Amgen,United States,AMGN
2015-12-16 05:00:00,164.3099975585938,165.2299957275391,162.1000061035156,164.5800018310547,120.5080108642578,3923600,2015-12-16,Amgen,Amgen,United States,AMGN
2015-12-17 05:00:00,164.5800018310547,164.9900054931641,159.8099975585938,161.4299926757812,118.2015151977539,3699400,2015-12-17,Amgen,Amgen,United States,AMGN
2015-12-18 05:00:00,160.5,161.8200073242188,158.6199951171875,158.8000030517578,116.2757720947266,6227000,2015-12-18,Amgen,Amgen,United States,AMGN
2015-12-21 05:00:00,159.8800048828125,160.3800048828125,157.3800048828125,159.2799987792969,116.6272583007812,3818900,2015-12-21,Amgen,Amgen,United States,AMGN
2015-12-22 05:00:00,160.5,163.3699951171875,160.0399932861328,162.3000030517578,118.8385772705078,3125500,2015-12-22,Amgen,Amgen,United States,AMGN
2015-12-23 05:00:00,163.0299987792969,163.5,161.6499938964844,162.7200012207031,119.1460876464844,2202100,2015-12-23,Amgen,Amgen,United States,AMGN
2015-12-24 05:00:00,163.6999969482422,164.3600006103516,162.2200012207031,163.5500030517578,119.7538146972656,943000,2015-12-24,Amgen,Amgen,United States,AMGN
2015-12-28 05:00:00,162.9100036621094,163.1300048828125,160.6000061035156,161.7299957275391,118.4211883544922,1513000,2015-12-28,Amgen,Amgen,United States,AMGN
2015-12-29 05:00:00,162.9199981689453,164.9600067138672,162.0500030517578,164.4400024414062,120.4054870605469,2171100,2015-12-29,Amgen,Amgen,United States,AMGN
2015-12-30 05:00:00,164.6300048828125,164.75,162.9100036621094,163.2899932861328,119.5634613037109,1493000,2015-12-30,Amgen,Amgen,United States,AMGN
2015-12-31 05:00:00,162.1499938964844,164.1100006103516,162.0500030517578,162.3300018310547,118.860466003418,1775900,2015-12-31,Amgen,Amgen,United States,AMGN
2016-01-04 05:00:00,159.0,159.2200012207031,156.0899963378906,158.3399963378906,115.9389724731445,5083200,2016-01-04,Amgen,Amgen,United States,AMGN
2016-01-05 05:00:00,159.0,160.2100067138672,157.25,158.1699981689453,115.8144760131836,2678900,2016-01-05,Amgen,Amgen,United States,AMGN
2016-01-06 05:00:00,155.0099945068359,157.9299926757812,154.8999938964844,156.7200012207031,114.752799987793,3826900,2016-01-06,Amgen,Amgen,United States,AMGN
2016-01-07 05:00:00,153.0599975585938,156.4499969482422,152.8899993896484,152.9799957275391,112.0143051147461,4162500,2016-01-07,Amgen,Amgen,United States,AMGN
2016-01-08 05:00:00,153.1199951171875,154.8600006103516,150.4600067138672,150.7100067138672,110.3521575927734,4179600,2016-01-08,Amgen,Amgen,United States,AMGN
2016-01-11 05:00:00,151.3300018310547,151.5899963378906,144.1699981689453,147.6900024414062,108.1408920288086,4747400,2016-01-11,Amgen,Amgen,United States,AMGN
2016-01-12 05:00:00,148.4299926757812,151.2400054931641,146.9199981689453,150.7899932861328,110.410774230957,4410600,2016-01-12,Amgen,Amgen,United States,AMGN
2016-01-13 05:00:00,151.1399993896484,152.8300018310547,145.2799987792969,145.4600067138672,106.5080490112305,3982100,2016-01-13,Amgen,Amgen,United States,AMGN
2016-01-14 05:00:00,146.0200042724609,155.3000030517578,144.5700073242188,153.1600036621094,112.146110534668,5649000,2016-01-14,Amgen,Amgen,United States,AMGN
2016-01-15 05:00:00,147.6900024414062,152.3000030517578,147.6900024414062,151.3000030517578,110.7841873168945,6213000,2016-01-15,Amgen,Amgen,United States,AMGN
2016-01-19 05:00:00,153.4499969482422,154.6199951171875,148.2299957275391,151.3000030517578,110.7841873168945,4382200,2016-01-19,Amgen,Amgen,United States,AMGN
2016-01-20 05:00:00,149.0,156.8399963378906,148.0500030517578,155.0200042724609,113.5080642700195,7338600,2016-01-20,Amgen,Amgen,United States,AMGN
2016-01-21 05:00:00,154.75,155.0200042724609,150.2400054931641,152.7799987792969,111.8678359985352,4674000,2016-01-21,Amgen,Amgen,United States,AMGN
2016-01-22 05:00:00,156.4499969482422,156.9600067138672,154.2400054931641,156.0800018310547,114.2842025756836,4577300,2016-01-22,Amgen,Amgen,United States,AMGN
2016-01-25 05:00:00,156.1799926757812,158.0,153.0,153.4299926757812,112.3438262939453,4765100,2016-01-25,Amgen,Amgen,United States,AMGN
2016-01-26 05:00:00,152.7799987792969,155.2299957275391,151.0899963378906,153.7799987792969,112.6000595092773,3645500,2016-01-26,Amgen,Amgen,United States,AMGN
2016-01-27 05:00:00,154.8899993896484,154.8899993896484,148.8699951171875,150.4700012207031,110.1764450073242,3752300,2016-01-27,Amgen,Amgen,United States,AMGN
2016-01-28 05:00:00,151.1000061035156,151.7100067138672,145.4199981689453,148.3500061035156,108.6241455078125,4246500,2016-01-28,Amgen,Amgen,United States,AMGN
2016-01-29 05:00:00,149.3999938964844,153.0,145.25,152.7299957275391,111.8312454223633,7174400,2016-01-29,Amgen,Amgen,United States,AMGN
2016-02-01 05:00:00,151.3099975585938,153.7200012207031,149.3399963378906,152.75,111.8459167480469,4602200,2016-02-01,Amgen,Amgen,United States,AMGN
2016-02-02 05:00:00,150.4799957275391,151.4900054931641,148.4799957275391,150.1100006103516,109.9128341674805,3881400,2016-02-02,Amgen,Amgen,United States,AMGN
2016-02-03 05:00:00,150.5,151.1799926757812,147.0700073242188,150.6900024414062,110.3375701904297,4530600,2016-02-03,Amgen,Amgen,United States,AMGN
2016-02-04 05:00:00,150.5,151.9600067138672,148.8000030517578,149.9100036621094,109.7664413452148,3685200,2016-02-04,Amgen,Amgen,United States,AMGN
2016-02-05 05:00:00,148.9299926757812,149.3899993896484,143.6900024414062,145.0399932861328,106.2005233764648,6451900,2016-02-05,Amgen,Amgen,United States,AMGN
2016-02-08 05:00:00,143.5,144.5700073242188,140.1600036621094,143.0,104.7067718505859,4627300,2016-02-08,Amgen,Amgen,United States,AMGN
2016-02-09 05:00:00,141.0200042724609,145.6300048828125,140.8200073242188,143.1600036621094,104.8239822387695,4211100,2016-02-09,Amgen,Amgen,United States,AMGN
2016-02-10 05:00:00,145.2100067138672,147.1300048828125,143.9600067138672,144.8099975585938,106.0321044921875,4273500,2016-02-10,Amgen,Amgen,United States,AMGN
2016-02-11 05:00:00,140.7599945068359,143.4900054931641,140.0399932861328,141.4600067138672,104.2994689941406,4374400,2016-02-11,Amgen,Amgen,United States,AMGN
2016-02-12 05:00:00,143.1300048828125,144.9700012207031,141.1399993896484,144.7200012207031,106.7030410766602,3218000,2016-02-12,Amgen,Amgen,United States,AMGN
2016-02-16 05:00:00,146.8899993896484,148.0599975585938,145.6799926757812,147.1499938964844,108.4947204589844,3371300,2016-02-16,Amgen,Amgen,United States,AMGN
2016-02-17 05:00:00,148.3000030517578,151.5200042724609,147.3999938964844,151.0700073242188,111.3849563598633,3811100,2016-02-17,Amgen,Amgen,United States,AMGN
2016-02-18 05:00:00,150.7899932861328,152.3600006103516,149.0800018310547,149.3000030517578,110.0799255371094,2892100,2016-02-18,Amgen,Amgen,United States,AMGN
2016-02-19 05:00:00,148.9799957275391,151.7599945068359,148.2599945068359,150.1199951171875,110.6844863891602,2796800,2016-02-19,Amgen,Amgen,United States,AMGN
2016-02-22 05:00:00,148.7200012207031,149.7700042724609,146.9400024414062,148.5599975585938,109.5343246459961,4603300,2016-02-22,Amgen,Amgen,United States,AMGN
2016-02-23 05:00:00,148.1499938964844,149.7200012207031,146.8600006103516,147.2599945068359,108.575813293457,3315200,2016-02-23,Amgen,Amgen,United States,AMGN
2016-02-24 05:00:00,145.5,147.2700042724609,143.9100036621094,147.1100006103516,108.4652328491211,3316100,2016-02-24,Amgen,Amgen,United States,AMGN
2016-02-25 05:00:00,147.3600006103516,148.3899993896484,145.2599945068359,146.75,108.1997833251953,3446800,2016-02-25,Amgen,Amgen,United States,AMGN
2016-02-26 05:00:00,148.5099945068359,149.5,146.9499969482422,147.6000061035156,108.8265151977539,3411500,2016-02-26,Amgen,Amgen,United States,AMGN
2016-02-29 05:00:00,146.9600067138672,147.6699981689453,142.2200012207031,142.2799987792969,104.9040222167969,5193800,2016-02-29,Amgen,Amgen,United States,AMGN
2016-03-01 05:00:00,144.3000030517578,148.4499969482422,142.2799987792969,148.3899993896484,109.4089889526367,4477700,2016-03-01,Amgen,Amgen,United States,AMGN
2016-03-02 05:00:00,148.0,148.6300048828125,146.2100067138672,147.4900054931641,108.7454223632812,3689900,2016-03-02,Amgen,Amgen,United States,AMGN
2016-03-03 05:00:00,147.2200012207031,147.2899932861328,145.3200073242188,145.8399963378906,107.5288391113281,2988900,2016-03-03,Amgen,Amgen,United States,AMGN
2016-03-04 05:00:00,147.0299987792969,147.3000030517578,144.5399932861328,145.9799957275391,107.6320724487305,3471400,2016-03-04,Amgen,Amgen,United States,AMGN
2016-03-07 05:00:00,144.9799957275391,147.8699951171875,144.7599945068359,147.3099975585938,108.6127014160156,3278800,2016-03-07,Amgen,Amgen,United States,AMGN
2016-03-08 05:00:00,146.8899993896484,147.0,144.3200073242188,144.6300048828125,106.6367111206055,3064100,2016-03-08,Amgen,Amgen,United States,AMGN
2016-03-09 05:00:00,144.0,144.0800018310547,139.9100036621094,140.8999938964844,103.8865737915039,6075400,2016-03-09,Amgen,Amgen,United States,AMGN
2016-03-10 05:00:00,142.0599975585938,143.4799957275391,139.0200042724609,141.0299987792969,103.9824371337891,4572900,2016-03-10,Amgen,Amgen,United States,AMGN
2016-03-11 05:00:00,142.9499969482422,144.9900054931641,142.1699981689453,144.5700073242188,106.5924911499023,4861700,2016-03-11,Amgen,Amgen,United States,AMGN
2016-03-14 04:00:00,143.8600006103516,145.3099975585938,143.1900024414062,144.6199951171875,106.6293334960938,3013800,2016-03-14,Amgen,Amgen,United States,AMGN
2016-03-15 04:00:00,144.8399963378906,145.3000030517578,142.8000030517578,143.2100067138672,105.5897521972656,3034200,2016-03-15,Amgen,Amgen,United States,AMGN
2016-03-16 04:00:00,143.0,147.0,141.9299926757812,143.9799957275391,106.1574401855469,6104700,2016-03-16,Amgen,Amgen,United States,AMGN
2016-03-17 04:00:00,143.7200012207031,145.8000030517578,141.8399963378906,144.1300048828125,106.2680816650391,4899700,2016-03-17,Amgen,Amgen,United States,AMGN
2016-03-18 04:00:00,144.9700012207031,146.3999938964844,142.5099945068359,145.5099945068359,107.2854995727539,6802600,2016-03-18,Amgen,Amgen,United States,AMGN
2016-03-21 04:00:00,145.3000030517578,147.9499969482422,145.0200042724609,147.0099945068359,108.3915252685547,3176800,2016-03-21,Amgen,Amgen,United States,AMGN
2016-03-22 04:00:00,147.0500030517578,150.9900054931641,146.8300018310547,150.6199951171875,111.0531845092773,4213900,2016-03-22,Amgen,Amgen,United States,AMGN
2016-03-23 04:00:00,150.3099975585938,151.9100036621094,148.1399993896484,148.7599945068359,109.6817855834961,3107600,2016-03-23,Amgen,Amgen,United States,AMGN
2016-03-24 04:00:00,148.7599945068359,150.9499969482422,147.6000061035156,149.2400054931641,110.0357284545898,3025800,2016-03-24,Amgen,Amgen,United States,AMGN
2016-03-28 04:00:00,149.3200073242188,150.3600006103516,147.3200073242188,148.3699951171875,109.3942489624023,2111000,2016-03-28,Amgen,Amgen,United States,AMGN
2016-03-29 04:00:00,148.4600067138672,149.6900024414062,146.8000030517578,149.4900054931641,110.2199935913086,2735700,2016-03-29,Amgen,Amgen,United States,AMGN
2016-03-30 04:00:00,149.6100006103516,150.8800048828125,148.3000030517578,149.4799957275391,110.2126770019531,2324500,2016-03-30,Amgen,Amgen,United States,AMGN
2016-03-31 04:00:00,149.3300018310547,150.9600067138672,149.1300048828125,149.9299926757812,110.5444107055664,2799600,2016-03-31,Amgen,Amgen,United States,AMGN
2016-04-01 04:00:00,150.0200042724609,154.4400024414062,149.1000061035156,154.1600036621094,113.663215637207,3972200,2016-04-01,Amgen,Amgen,United States,AMGN
2016-04-04 04:00:00,154.0,155.9600067138672,153.6999969482422,154.6600036621094,114.0319290161133,2314200,2016-04-04,Amgen,Amgen,United States,AMGN
2016-04-05 04:00:00,153.6799926757812,155.1600036621094,152.6199951171875,152.9499969482422,112.7710876464844,2604600,2016-04-05,Amgen,Amgen,United States,AMGN
2016-04-06 04:00:00,154.2400054931641,159.8500061035156,153.5200042724609,159.6600036621094,117.7184295654297,4067000,2016-04-06,Amgen,Amgen,United States,AMGN
2016-04-07 04:00:00,159.0500030517578,159.9799957275391,156.5700073242188,157.3800048828125,116.0374069213867,3363900,2016-04-07,Amgen,Amgen,United States,AMGN
2016-04-08 04:00:00,158.2400054931641,159.0,155.4199981689453,156.4600067138672,115.359016418457,2522100,2016-04-08,Amgen,Amgen,United States,AMGN
2016-04-11 04:00:00,156.3999938964844,157.75,155.2799987792969,156.3899993896484,115.3074493408203,2732800,2016-04-11,Amgen,Amgen,United States,AMGN
2016-04-12 04:00:00,156.1399993896484,159.1999969482422,156.1100006103516,158.6000061035156,116.9368591308594,2763400,2016-04-12,Amgen,Amgen,United States,AMGN
2016-04-13 04:00:00,159.0200042724609,160.8899993896484,158.2299957275391,160.0599975585938,118.0133514404297,3860600,2016-04-13,Amgen,Amgen,United States,AMGN
2016-04-14 04:00:00,159.8099975585938,160.7700042724609,159.3699951171875,160.1199951171875,118.0575714111328,2406800,2016-04-14,Amgen,Amgen,United States,AMGN
2016-04-15 04:00:00,160.1499938964844,160.3899993896484,158.4600067138672,160.1300048828125,118.06494140625,2824300,2016-04-15,Amgen,Amgen,United States,AMGN
2016-04-18 04:00:00,159.4900054931641,162.1000061035156,159.3999938964844,161.6999969482422,119.222526550293,2081100,2016-04-18,Amgen,Amgen,United States,AMGN
2016-04-19 04:00:00,160.8000030517578,162.5,160.3399963378906,162.1000061035156,119.517448425293,2693000,2016-04-19,Amgen,Amgen,United States,AMGN
2016-04-20 04:00:00,163.0200042724609,163.8399963378906,161.8000030517578,162.7599945068359,120.0040893554688,2374300,2016-04-20,Amgen,Amgen,United States,AMGN
2016-04-21 04:00:00,162.4400024414062,164.5399932861328,162.0299987792969,164.3500061035156,121.1763763427734,2348400,2016-04-21,Amgen,Amgen,United States,AMGN
2016-04-22 04:00:00,164.5200042724609,164.6999969482422,162.1799926757812,163.1900024414062,120.3211288452148,2757200,2016-04-22,Amgen,Amgen,United States,AMGN
2016-04-25 04:00:00,163.1499938964844,163.75,162.2400054931641,163.4600067138672,120.5202026367188,1596300,2016-04-25,Amgen,Amgen,United States,AMGN
2016-04-26 04:00:00,163.3899993896484,163.9100036621094,162.0200042724609,162.8500061035156,120.0704498291016,2156600,2016-04-26,Amgen,Amgen,United States,AMGN
2016-04-27 04:00:00,162.7200012207031,162.8999938964844,160.5,161.0,118.706413269043,2729500,2016-04-27,Amgen,Amgen,United States,AMGN
2016-04-28 04:00:00,160.2200012207031,163.6799926757812,159.3600006103516,160.5599975585938,118.3820114135742,3354100,2016-04-28,Amgen,Amgen,United States,AMGN
2016-04-29 04:00:00,159.3899993896484,161.9199981689453,156.3800048828125,158.3000030517578,116.7157135009766,5386600,2016-04-29,Amgen,Amgen,United States,AMGN
2016-05-02 04:00:00,158.6199951171875,159.4199981689453,157.2100067138672,158.9900054931641,117.2244491577148,2433700,2016-05-02,Amgen,Amgen,United States,AMGN
2016-05-03 04:00:00,158.3699951171875,158.4600067138672,156.0,156.3500061035156,115.2779769897461,2862900,2016-05-03,Amgen,Amgen,United States,AMGN
2016-05-04 04:00:00,155.2799987792969,155.8600006103516,153.5299987792969,154.1799926757812,113.677978515625,3048400,2016-05-04,Amgen,Amgen,United States,AMGN
2016-05-05 04:00:00,154.1300048828125,156.2100067138672,153.3600006103516,154.25,113.7296371459961,2325400,2016-05-05,Amgen,Amgen,United States,AMGN
2016-05-06 04:00:00,153.4900054931641,154.4499969482422,151.3600006103516,153.1900024414062,112.9480514526367,3004800,2016-05-06,Amgen,Amgen,United States,AMGN
2016-05-09 04:00:00,153.6999969482422,156.0800018310547,153.0200042724609,155.4100036621094,114.5848770141602,2990100,2016-05-09,Amgen,Amgen,United States,AMGN
2016-05-10 04:00:00,155.9499969482422,157.5,154.9499969482422,157.2400054931641,115.9341659545898,2585000,2016-05-10,Amgen,Amgen,United States,AMGN
2016-05-11 04:00:00,157.7299957275391,158.25,154.0899963378906,154.1799926757812,113.677978515625,2741800,2016-05-11,Amgen,Amgen,United States,AMGN
2016-05-12 04:00:00,154.6799926757812,155.0,151.9700012207031,152.8999938964844,112.7342147827148,2981600,2016-05-12,Amgen,Amgen,United States,AMGN
2016-05-13 04:00:00,151.2200012207031,154.0800018310547,151.2200012207031,152.3500061035156,113.0681915283203,2451200,2016-05-13,Amgen,Amgen,United States,AMGN
2016-05-16 04:00:00,152.3500061035156,153.8600006103516,151.6999969482422,153.2700042724609,113.7509994506836,2415100,2016-05-16,Amgen,Amgen,United States,AMGN
2016-05-17 04:00:00,152.4499969482422,152.9100036621094,149.4400024414062,150.1100006103516,111.4057464599609,4486500,2016-05-17,Amgen,Amgen,United States,AMGN
2016-05-18 04:00:00,149.9100036621094,151.4299926757812,149.2100067138672,150.8300018310547,111.9401016235352,3234500,2016-05-18,Amgen,Amgen,United States,AMGN
2016-05-19 04:00:00,149.4499969482422,150.2299957275391,147.1199951171875,148.6699981689453,110.337043762207,3023600,2016-05-19,Amgen,Amgen,United States,AMGN
2016-05-20 04:00:00,148.9199981689453,151.7100067138672,148.6499938964844,150.1799926757812,111.4577560424805,3075800,2016-05-20,Amgen,Amgen,United States,AMGN
2016-05-23 04:00:00,150.0399932861328,150.75,149.1499938964844,149.3000030517578,110.8046188354492,1543400,2016-05-23,Amgen,Amgen,United States,AMGN
2016-05-24 04:00:00,150.7100067138672,152.9400024414062,150.3899993896484,152.7200012207031,113.3428115844727,2581000,2016-05-24,Amgen,Amgen,United States,AMGN
2016-05-25 04:00:00,153.5399932861328,155.8399963378906,153.1499938964844,155.5700073242188,115.4579925537109,3053100,2016-05-25,Amgen,Amgen,United States,AMGN
2016-05-26 04:00:00,154.9199981689453,156.2799987792969,154.5500030517578,155.5500030517578,115.4431304931641,1808600,2016-05-26,Amgen,Amgen,United States,AMGN
2016-05-27 04:00:00,156.1999969482422,156.8800048828125,155.1100006103516,156.7400054931641,116.326301574707,1364000,2016-05-27,Amgen,Amgen,United States,AMGN
2016-05-31 04:00:00,157.4199981689453,158.4299926757812,156.8600006103516,157.9499969482422,117.2243194580078,3204400,2016-05-31,Amgen,Amgen,United States,AMGN
2016-06-01 04:00:00,157.6100006103516,158.8399963378906,156.6699981689453,158.0500030517578,117.2985534667969,1716400,2016-06-01,Amgen,Amgen,United States,AMGN
2016-06-02 04:00:00,158.2299957275391,159.8699951171875,157.9499969482422,159.8699951171875,118.6492462158203,2386300,2016-06-02,Amgen,Amgen,United States,AMGN
2016-06-03 04:00:00,159.8600006103516,159.9900054931641,156.8200073242188,159.1900024414062,118.1446075439453,2149300,2016-06-03,Amgen,Amgen,United States,AMGN
2016-06-06 04:00:00,159.5800018310547,160.75,158.8899993896484,160.1900024414062,118.8867797851562,1897600,2016-06-06,Amgen,Amgen,United States,AMGN
2016-06-07 04:00:00,159.1300048828125,159.6399993896484,158.2799987792969,158.8899993896484,117.9219436645508,1896700,2016-06-07,Amgen,Amgen,United States,AMGN
2016-06-08 04:00:00,158.4799957275391,158.9400024414062,157.5399932861328,158.0,117.2614059448242,2476000,2016-06-08,Amgen,Amgen,United States,AMGN
2016-06-09 04:00:00,157.7599945068359,158.9799957275391,156.0,156.7799987792969,116.3559494018555,2383200,2016-06-09,Amgen,Amgen,United States,AMGN
2016-06-10 04:00:00,155.2599945068359,156.3200073242188,153.6399993896484,154.7799987792969,114.8716812133789,2626100,2016-06-10,Amgen,Amgen,United States,AMGN
2016-06-13 04:00:00,155.0599975585938,156.1199951171875,152.9900054931641,153.0800018310547,113.6099853515625,2340300,2016-06-13,Amgen,Amgen,United States,AMGN
2016-06-14 04:00:00,152.7400054931641,153.4799957275391,151.6399993896484,152.9900054931641,113.5431823730469,2115200,2016-06-14,Amgen,Amgen,United States,AMGN
2016-06-15 04:00:00,153.1300048828125,154.0800018310547,151.8200073242188,151.8999938964844,112.7342300415039,2443700,2016-06-15,Amgen,Amgen,United States,AMGN
2016-06-16 04:00:00,151.6799926757812,152.8999938964844,150.6999969482422,152.3000030517578,113.0310974121094,2321700,2016-06-16,Amgen,Amgen,United States,AMGN
2016-06-17 04:00:00,152.6100006103516,152.7599945068359,149.5500030517578,149.6199951171875,111.0420989990234,4681500,2016-06-17,Amgen,Amgen,United States,AMGN
2016-06-20 04:00:00,151.7899932861328,152.6900024414062,150.3699951171875,150.6499938964844,111.8065185546875,3250500,2016-06-20,Amgen,Amgen,United States,AMGN
2016-06-21 04:00:00,151.1399993896484,151.4700012207031,148.5,149.4199981689453,110.8936996459961,2622200,2016-06-21,Amgen,Amgen,United States,AMGN
2016-06-22 04:00:00,149.0800018310547,152.1799926757812,149.0,149.8099975585938,111.1831207275391,4470100,2016-06-22,Amgen,Amgen,United States,AMGN
2016-06-23 04:00:00,151.2100067138672,152.3999938964844,150.6300048828125,152.2700042724609,113.0088043212891,3000400,2016-06-23,Amgen,Amgen,United States,AMGN
2016-06-24 04:00:00,147.1999969482422,149.3000030517578,146.0299987792969,146.4499969482422,108.6894607543945,4919200,2016-06-24,Amgen,Amgen,United States,AMGN
2016-06-27 04:00:00,146.1600036621094,147.0700073242188,143.8200073242188,144.5800018310547,107.301628112793,4176700,2016-06-27,Amgen,Amgen,United States,AMGN
2016-06-28 04:00:00,145.8899993896484,148.4199981689453,145.6000061035156,148.4199981689453,110.1515274047852,4348000,2016-06-28,Amgen,Amgen,United States,AMGN
2016-06-29 04:00:00,149.1100006103516,150.75,148.6300048828125,150.1000061035156,111.3983612060547,3771100,2016-06-29,Amgen,Amgen,United States,AMGN
2016-06-30 04:00:00,150.8300018310547,152.4299926757812,149.8300018310547,152.1499938964844,112.919792175293,3480700,2016-06-30,Amgen,Amgen,United States,AMGN
2016-07-01 04:00:00,152.4299926757812,154.9499969482422,152.25,154.2799987792969,114.5005798339844,2758100,2016-07-01,Amgen,Amgen,United States,AMGN
2016-07-05 04:00:00,154.2899932861328,154.9400024414062,153.3800048828125,154.2700042724609,114.4931640625,2349100,2016-07-05,Amgen,Amgen,United States,AMGN
2016-07-06 04:00:00,153.4400024414062,156.8200073242188,152.9499969482422,156.0500030517578,115.8142242431641,3834000,2016-07-06,Amgen,Amgen,United States,AMGN
2016-07-07 04:00:00,155.8600006103516,156.7599945068359,155.25,156.5899963378906,116.214973449707,2437100,2016-07-07,Amgen,Amgen,United States,AMGN
2016-07-08 04:00:00,157.6199951171875,161.1100006103516,156.1999969482422,161.1000061035156,119.5621337890625,3741500,2016-07-08,Amgen,Amgen,United States,AMGN
2016-07-11 04:00:00,161.3600006103516,162.3200073242188,160.0,160.1799926757812,118.8793258666992,2464700,2016-07-11,Amgen,Amgen,United States,AMGN
2016-07-12 04:00:00,160.6199951171875,162.2799987792969,160.5099945068359,161.9600067138672,120.2003402709961,2407200,2016-07-12,Amgen,Amgen,United States,AMGN
2016-07-13 04:00:00,162.6399993896484,162.6600036621094,160.3099975585938,160.5200042724609,119.1316909790039,2691800,2016-07-13,Amgen,Amgen,United States,AMGN
2016-07-14 04:00:00,162.0,162.9900054931641,160.7400054931641,162.7400054931641,120.7792510986328,2444800,2016-07-14,Amgen,Amgen,United States,AMGN
2016-07-15 04:00:00,163.4499969482422,164.5700073242188,161.5599975585938,163.2799987792969,121.1800384521484,3179700,2016-07-15,Amgen,Amgen,United States,AMGN
2016-07-18 04:00:00,163.8200073242188,164.0,162.7899932861328,162.9299926757812,120.9203262329102,1815600,2016-07-18,Amgen,Amgen,United States,AMGN
2016-07-19 04:00:00,163.1999969482422,164.7100067138672,161.9400024414062,162.4900054931641,120.59375,2249500,2016-07-19,Amgen,Amgen,United States,AMGN
2016-07-20 04:00:00,162.4499969482422,163.6499938964844,161.8200073242188,163.25,121.1577606201172,2161400,2016-07-20,Amgen,Amgen,United States,AMGN
2016-07-21 04:00:00,163.3899993896484,164.2599945068359,162.7100067138672,164.1900024414062,121.8553924560547,1971800,2016-07-21,Amgen,Amgen,United States,AMGN
2016-07-22 04:00:00,164.7799987792969,166.3300018310547,164.0,165.6699981689453,122.9537811279297,2500400,2016-07-22,Amgen,Amgen,United States,AMGN
2016-07-25 04:00:00,165.6999969482422,166.9499969482422,164.0700073242188,166.5599975585938,123.6142654418945,2704900,2016-07-25,Amgen,Amgen,United States,AMGN
2016-07-26 04:00:00,165.8899993896484,168.0500030517578,165.7700042724609,167.6699981689453,124.438117980957,2883600,2016-07-26,Amgen,Amgen,United States,AMGN
2016-07-27 04:00:00,167.4499969482422,171.0899963378906,167.4400024414062,170.6799926757812,126.6720352172852,4200200,2016-07-27,Amgen,Amgen,United States,AMGN
2016-07-28 04:00:00,168.9299926757812,171.8000030517578,166.5099945068359,171.2799987792969,127.117317199707,5192500,2016-07-28,Amgen,Amgen,United States,AMGN
2016-07-29 04:00:00,171.5700073242188,172.2599945068359,170.5299987792969,172.0299987792969,127.673942565918,3121600,2016-07-29,Amgen,Amgen,United States,AMGN
2016-08-01 04:00:00,172.9100036621094,174.9799957275391,172.2799987792969,174.1600036621094,129.2547454833984,3571900,2016-08-01,Amgen,Amgen,United States,AMGN
2016-08-02 04:00:00,175.0500030517578,176.5,173.1699981689453,174.1499938964844,129.2472991943359,6589000,2016-08-02,Amgen,Amgen,United States,AMGN
2016-08-03 04:00:00,173.7400054931641,174.3899993896484,172.2799987792969,173.4299926757812,128.7129364013672,3911800,2016-08-03,Amgen,Amgen,United States,AMGN
2016-08-04 04:00:00,173.3000030517578,173.6699981689453,172.0399932861328,172.6699981689453,128.14892578125,2122200,2016-08-04,Amgen,Amgen,United States,AMGN
2016-08-05 04:00:00,173.3500061035156,174.5200042724609,172.5099945068359,173.6600036621094,128.8836822509766,2228300,2016-08-05,Amgen,Amgen,United States,AMGN
2016-08-08 04:00:00,173.3099975585938,174.1600036621094,171.8300018310547,172.3399963378906,127.9040222167969,2706500,2016-08-08,Amgen,Amgen,United States,AMGN
2016-08-09 04:00:00,172.6600036621094,173.3000030517578,171.6799926757812,172.0800018310547,127.711051940918,2094200,2016-08-09,Amgen,Amgen,United States,AMGN
2016-08-10 04:00:00,171.8899993896484,172.1999969482422,170.7100067138672,171.2299957275391,127.0801773071289,2476600,2016-08-10,Amgen,Amgen,United States,AMGN
2016-08-11 04:00:00,172.2400054931641,172.7799987792969,171.0500030517578,172.4299926757812,127.9707794189453,2142800,2016-08-11,Amgen,Amgen,United States,AMGN
2016-08-12 04:00:00,171.2400054931641,173.1499938964844,170.6799926757812,173.0200042724609,128.4087219238281,1863200,2016-08-12,Amgen,Amgen,United States,AMGN
2016-08-15 04:00:00,171.4799957275391,174.7200012207031,171.4799957275391,174.5800018310547,130.3196716308594,2784300,2016-08-15,Amgen,Amgen,United States,AMGN
2016-08-16 04:00:00,174.5399932861328,174.9100036621094,172.0700073242188,172.1600036621094,128.5132141113281,2622800,2016-08-16,Amgen,Amgen,United States,AMGN
2016-08-17 04:00:00,172.0099945068359,174.5,171.6799926757812,174.3099975585938,130.1180877685547,2580900,2016-08-17,Amgen,Amgen,United States,AMGN
2016-08-18 04:00:00,174.4299926757812,176.6399993896484,173.5700073242188,174.75,130.4465637207031,3422400,2016-08-18,Amgen,Amgen,United States,AMGN
2016-08-19 04:00:00,174.1000061035156,174.9600067138672,172.2599945068359,173.6199951171875,129.60302734375,2696400,2016-08-19,Amgen,Amgen,United States,AMGN
2016-08-22 04:00:00,173.7400054931641,175.1799926757812,173.2200012207031,174.3500061035156,130.14794921875,2603700,2016-08-22,Amgen,Amgen,United States,AMGN
2016-08-23 04:00:00,174.4400024414062,175.9900054931641,173.6600036621094,174.3999938964844,130.1852569580078,2375700,2016-08-23,Amgen,Amgen,United States,AMGN
2016-08-24 04:00:00,174.0,174.8699951171875,170.2799987792969,170.8399963378906,127.5278244018555,3055000,2016-08-24,Amgen,Amgen,United States,AMGN
2016-08-25 04:00:00,169.9199981689453,171.4600067138672,168.7599945068359,170.2299957275391,127.0724716186523,2623800,2016-08-25,Amgen,Amgen,United States,AMGN
2016-08-26 04:00:00,170.8000030517578,172.9900054931641,169.7700042724609,171.9700012207031,128.371337890625,2925300,2016-08-26,Amgen,Amgen,United States,AMGN
2016-08-29 04:00:00,172.3699951171875,172.5,171.1199951171875,171.5099945068359,128.0279541015625,2512200,2016-08-29,Amgen,Amgen,United States,AMGN
2016-08-30 04:00:00,171.1600036621094,171.9400024414062,170.1199951171875,170.7599945068359,127.4681396484375,1803100,2016-08-30,Amgen,Amgen,United States,AMGN
2016-08-31 04:00:00,170.7299957275391,171.3899993896484,169.8200073242188,170.0599975585938,126.9455718994141,2936400,2016-08-31,Amgen,Amgen,United States,AMGN
2016-09-01 04:00:00,170.5500030517578,170.5599975585938,168.6199951171875,170.1300048828125,126.9978485107422,1876100,2016-09-01,Amgen,Amgen,United States,AMGN
2016-09-02 04:00:00,170.5500030517578,171.0500030517578,168.9100036621094,169.7700042724609,126.7290954589844,2083800,2016-09-02,Amgen,Amgen,United States,AMGN
2016-09-06 04:00:00,169.8500061035156,171.7700042724609,169.3899993896484,170.8399963378906,127.5278244018555,1919700,2016-09-06,Amgen,Amgen,United States,AMGN
2016-09-07 04:00:00,169.7799987792969,171.4400024414062,169.1999969482422,170.6300048828125,127.3710784912109,2013000,2016-09-07,Amgen,Amgen,United States,AMGN
2016-09-08 04:00:00,170.0700073242188,171.3600006103516,169.7299957275391,170.9700012207031,127.624885559082,2611200,2016-09-08,Amgen,Amgen,United States,AMGN
2016-09-09 04:00:00,169.6900024414062,169.7599945068359,166.5299987792969,166.5500030517578,124.3254623413086,3131400,2016-09-09,Amgen,Amgen,United States,AMGN
2016-09-12 04:00:00,166.0800018310547,172.5800018310547,165.9299926757812,172.0399932861328,128.4236145019531,4451500,2016-09-12,Amgen,Amgen,United States,AMGN
2016-09-13 04:00:00,171.2400054931641,171.5,167.8099975585938,169.3000030517578,126.378288269043,3162600,2016-09-13,Amgen,Amgen,United States,AMGN
2016-09-14 04:00:00,169.6499938964844,171.7700042724609,169.5,170.1399993896484,127.0053024291992,2799000,2016-09-14,Amgen,Amgen,United States,AMGN
2016-09-15 04:00:00,170.0399932861328,173.3899993896484,169.4700012207031,172.6399993896484,128.8714904785156,2923900,2016-09-15,Amgen,Amgen,United States,AMGN
2016-09-16 04:00:00,172.5899963378906,173.3899993896484,171.0500030517578,172.9600067138672,129.1103820800781,4028300,2016-09-16,Amgen,Amgen,United States,AMGN
2016-09-19 04:00:00,173.25,173.5,171.1799926757812,171.3800048828125,127.9309616088867,2226800,2016-09-19,Amgen,Amgen,United States,AMGN
2016-09-20 04:00:00,172.9400024414062,174.2599945068359,172.4600067138672,173.3800048828125,129.4238891601562,2607700,2016-09-20,Amgen,Amgen,United States,AMGN
2016-09-21 04:00:00,174.2400054931641,174.25,171.6100006103516,173.8500061035156,129.7747039794922,2516400,2016-09-21,Amgen,Amgen,United States,AMGN
2016-09-22 04:00:00,174.6000061035156,175.7299957275391,173.75,175.6199951171875,131.0959777832031,2338300,2016-09-22,Amgen,Amgen,United States,AMGN
2016-09-23 04:00:00,176.2700042724609,176.8500061035156,174.6100006103516,174.8000030517578,130.4838714599609,2238700,2016-09-23,Amgen,Amgen,United States,AMGN
2016-09-26 04:00:00,174.2200012207031,174.4499969482422,172.8300018310547,173.5299987792969,129.5358428955078,1798500,2016-09-26,Amgen,Amgen,United States,AMGN
2016-09-27 04:00:00,170.2400054931641,171.9799957275391,169.5,171.6300048828125,128.1175537109375,4798900,2016-09-27,Amgen,Amgen,United States,AMGN
2016-09-28 04:00:00,172.2200012207031,172.2200012207031,169.0500030517578,169.7100067138672,126.6843490600586,3300700,2016-09-28,Amgen,Amgen,United States,AMGN
2016-09-29 04:00:00,170.3899993896484,170.3899993896484,165.3300018310547,165.4499969482422,123.5042953491211,3804000,2016-09-29,Amgen,Amgen,United States,AMGN
2016-09-30 04:00:00,166.3800048828125,167.7200012207031,165.2700042724609,166.8099975585938,124.5195465087891,3999600,2016-09-30,Amgen,Amgen,United States,AMGN
2016-10-03 04:00:00,166.0500030517578,167.5800018310547,164.4400024414062,167.3399963378906,124.9151458740234,2514600,2016-10-03,Amgen,Amgen,United States,AMGN
2016-10-04 04:00:00,167.3399963378906,168.6900024414062,167.1399993896484,167.5500030517578,125.0719223022461,2797600,2016-10-04,Amgen,Amgen,United States,AMGN
2016-10-05 04:00:00,167.5500030517578,168.3899993896484,166.9199981689453,167.2400054931641,124.8405609130859,1953400,2016-10-05,Amgen,Amgen,United States,AMGN
2016-10-06 04:00:00,166.3300018310547,167.7899932861328,165.7899932861328,166.8999938964844,124.5867156982422,1904100,2016-10-06,Amgen,Amgen,United States,AMGN
2016-10-07 04:00:00,167.9400024414062,168.1499938964844,166.3000030517578,167.5,125.0345687866211,1679800,2016-10-07,Amgen,Amgen,United States,AMGN
2016-10-10 04:00:00,168.1999969482422,168.5899963378906,167.6699981689453,168.3099975585938,125.6392593383789,1628200,2016-10-10,Amgen,Amgen,United States,AMGN
2016-10-11 04:00:00,167.8200073242188,167.8200073242188,163.5099945068359,164.3200073242188,122.6608200073242,2761900,2016-10-11,Amgen,Amgen,United States,AMGN
2016-10-12 04:00:00,164.3200073242188,165.5899963378906,163.6100006103516,163.8800048828125,122.3323516845703,2250600,2016-10-12,Amgen,Amgen,United States,AMGN
2016-10-13 04:00:00,162.8500061035156,165.0899963378906,162.5099945068359,164.2899932861328,122.6383895874023,2430900,2016-10-13,Amgen,Amgen,United States,AMGN
2016-10-14 04:00:00,165.0500030517578,165.25,161.8399963378906,161.8999938964844,120.8543701171875,2817500,2016-10-14,Amgen,Amgen,United States,AMGN
2016-10-17 04:00:00,162.1999969482422,163.4499969482422,161.1399993896484,162.6199951171875,121.3918380737305,2348400,2016-10-17,Amgen,Amgen,United States,AMGN
2016-10-18 04:00:00,163.7400054931641,163.8600006103516,162.75,162.8000030517578,121.526123046875,2001800,2016-10-18,Amgen,Amgen,United States,AMGN
2016-10-19 04:00:00,163.4199981689453,163.6100006103516,161.0200042724609,161.0800018310547,120.2422180175781,2502700,2016-10-19,Amgen,Amgen,United States,AMGN
2016-10-20 04:00:00,161.0,163.3500061035156,161.0,161.5,120.555778503418,2922600,2016-10-20,Amgen,Amgen,United States,AMGN
2016-10-21 04:00:00,160.6900024414062,161.2200012207031,158.3500061035156,158.5099945068359,118.3238220214844,3541000,2016-10-21,Amgen,Amgen,United States,AMGN
2016-10-24 04:00:00,159.3600006103516,159.6999969482422,158.2400054931641,158.7599945068359,118.5104293823242,2920200,2016-10-24,Amgen,Amgen,United States,AMGN
2016-10-25 04:00:00,158.8399963378906,159.2700042724609,157.8000030517578,157.8999938964844,117.8684539794922,2414300,2016-10-25,Amgen,Amgen,United States,AMGN
2016-10-26 04:00:00,158.6799926757812,160.0500030517578,158.0299987792969,158.9900054931641,118.6821136474609,2716800,2016-10-26,Amgen,Amgen,United States,AMGN
2016-10-27 04:00:00,159.7100067138672,161.6000061035156,159.6399993896484,160.5700073242188,119.8615570068359,3366900,2016-10-27,Amgen,Amgen,United States,AMGN
2016-10-28 04:00:00,151.6900024414062,151.7599945068359,142.6399993896484,145.1799926757812,108.3732833862305,18311600,2016-10-28,Amgen,Amgen,United States,AMGN
2016-10-31 04:00:00,146.5500030517578,146.6799926757812,140.9400024414062,141.1600036621094,105.372444152832,8693700,2016-10-31,Amgen,Amgen,United States,AMGN
2016-11-01 04:00:00,141.1699981689453,142.4100036621094,139.3099975585938,140.7599945068359,105.0738525390625,5589300,2016-11-01,Amgen,Amgen,United States,AMGN
2016-11-02 04:00:00,140.3099975585938,140.6100006103516,138.6399993896484,138.6999969482422,103.5361099243164,4622500,2016-11-02,Amgen,Amgen,United States,AMGN
2016-11-03 04:00:00,139.6999969482422,139.7700042724609,135.0,135.2200012207031,100.9383773803711,5791200,2016-11-03,Amgen,Amgen,United States,AMGN
2016-11-04 04:00:00,133.7100067138672,137.6100006103516,133.6399993896484,135.3999938964844,101.0727310180664,5051500,2016-11-04,Amgen,Amgen,United States,AMGN
2016-11-07 05:00:00,137.8500061035156,140.2299957275391,137.1600036621094,139.2100067138672,103.9168167114258,5146000,2016-11-07,Amgen,Amgen,United States,AMGN
2016-11-08 05:00:00,139.5500030517578,140.0,137.3500061035156,138.4499969482422,103.3495025634766,3668500,2016-11-08,Amgen,Amgen,United States,AMGN
2016-11-09 05:00:00,146.75,152.8500061035156,142.75,146.4199981689453,109.2989273071289,11793400,2016-11-09,Amgen,Amgen,United States,AMGN
2016-11-10 05:00:00,150.3999938964844,152.2299957275391,148.7599945068359,151.5700073242188,113.1432418823242,8933400,2016-11-10,Amgen,Amgen,United States,AMGN
2016-11-11 05:00:00,150.0500030517578,150.8399963378906,146.8000030517578,149.0399932861328,111.2546463012695,5159400,2016-11-11,Amgen,Amgen,United States,AMGN
2016-11-14 05:00:00,148.4700012207031,149.1499938964844,146.0099945068359,146.4199981689453,110.037239074707,5060000,2016-11-14,Amgen,Amgen,United States,AMGN
2016-11-15 05:00:00,146.8699951171875,148.4600067138672,145.0099945068359,147.0599975585938,110.5181884765625,4515100,2016-11-15,Amgen,Amgen,United States,AMGN
2016-11-16 05:00:00,147.5700073242188,148.5,146.4400024414062,147.2299957275391,110.6459197998047,4108200,2016-11-16,Amgen,Amgen,United States,AMGN
2016-11-17 05:00:00,147.7299957275391,148.4499969482422,146.5099945068359,147.3600006103516,110.7436370849609,3957300,2016-11-17,Amgen,Amgen,United States,AMGN
2016-11-18 05:00:00,147.0500030517578,148.3500061035156,144.8999938964844,145.2299957275391,109.1429061889648,3764600,2016-11-18,Amgen,Amgen,United States,AMGN
2016-11-21 05:00:00,145.9900054931641,146.1699981689453,145.1100006103516,145.5500030517578,109.3833999633789,2860500,2016-11-21,Amgen,Amgen,United States,AMGN
2016-11-22 05:00:00,146.8200073242188,146.9499969482422,142.8200073242188,144.3300018310547,108.4665222167969,3586200,2016-11-22,Amgen,Amgen,United States,AMGN
2016-11-23 05:00:00,142.9400024414062,145.1699981689453,142.8399963378906,145.0299987792969,108.9926223754883,3216900,2016-11-23,Amgen,Amgen,United States,AMGN
2016-11-25 05:00:00,145.2200012207031,146.0,144.7599945068359,145.4299926757812,109.2931976318359,2004000,2016-11-25,Amgen,Amgen,United States,AMGN
2016-11-28 05:00:00,145.25,145.9199981689453,144.5,145.0700073242188,109.0226287841797,2411700,2016-11-28,Amgen,Amgen,United States,AMGN
2016-11-29 05:00:00,145.3600006103516,146.7899932861328,145.3099975585938,146.0,109.7215881347656,2939100,2016-11-29,Amgen,Amgen,United States,AMGN
2016-11-30 05:00:00,145.6999969482422,146.3200073242188,144.0700073242188,144.0700073242188,108.2711791992188,4296900,2016-11-30,Amgen,Amgen,United States,AMGN
2016-12-01 05:00:00,144.2400054931641,144.2400054931641,142.1399993896484,142.3899993896484,107.0085830688477,3894000,2016-12-01,Amgen,Amgen,United States,AMGN
2016-12-02 05:00:00,142.2899932861328,144.9100036621094,141.5,144.0099945068359,108.2260513305664,3517300,2016-12-02,Amgen,Amgen,United States,AMGN
2016-12-05 05:00:00,145.4499969482422,146.3699951171875,143.7200012207031,145.2899932861328,109.1879959106445,3855500,2016-12-05,Amgen,Amgen,United States,AMGN
2016-12-06 05:00:00,145.8000030517578,145.9900054931641,144.2799987792969,145.1100006103516,109.0527572631836,2399000,2016-12-06,Amgen,Amgen,United States,AMGN
2016-12-07 05:00:00,143.5200042724609,143.8800048828125,139.6600036621094,141.1900024414062,106.1067962646484,7031300,2016-12-07,Amgen,Amgen,United States,AMGN
2016-12-08 05:00:00,140.8300018310547,141.1000061035156,138.8300018310547,140.5899963378906,105.6558532714844,4387600,2016-12-08,Amgen,Amgen,United States,AMGN
2016-12-09 05:00:00,141.5,144.5800018310547,141.0,143.4499969482422,107.8052062988281,4637300,2016-12-09,Amgen,Amgen,United States,AMGN
2016-12-12 05:00:00,142.9199981689453,146.0399932861328,142.7899932861328,145.7599945068359,109.5412139892578,3310100,2016-12-12,Amgen,Amgen,United States,AMGN
2016-12-13 05:00:00,146.8099975585938,149.9700012207031,146.5500030517578,148.3699951171875,111.5027008056641,4308700,2016-12-13,Amgen,Amgen,United States,AMGN
2016-12-14 05:00:00,148.1600036621094,149.5500030517578,147.4199981689453,148.6900024414062,111.7431793212891,3196700,2016-12-14,Amgen,Amgen,United States,AMGN
2016-12-15 05:00:00,149.1799926757812,150.4700012207031,148.7799987792969,150.3899993896484,113.0207672119141,2950500,2016-12-15,Amgen,Amgen,United States,AMGN
2016-12-16 05:00:00,150.9199981689453,151.2100067138672,148.8099975585938,149.3699951171875,112.2541732788086,6356800,2016-12-16,Amgen,Amgen,United States,AMGN
2016-12-19 05:00:00,149.75,150.3500061035156,147.2100067138672,147.7400054931641,111.0292053222656,3013800,2016-12-19,Amgen,Amgen,United States,AMGN
2016-12-20 05:00:00,146.8200073242188,147.9900054931641,146.4700012207031,147.2200012207031,110.6384124755859,2615600,2016-12-20,Amgen,Amgen,United States,AMGN
2016-12-21 05:00:00,147.0700073242188,147.6300048828125,145.6999969482422,146.1699981689453,109.8493423461914,2491800,2016-12-21,Amgen,Amgen,United States,AMGN
2016-12-22 05:00:00,146.3099975585938,146.6100006103516,145.1199951171875,146.3600006103516,109.9921340942383,1820500,2016-12-22,Amgen,Amgen,United States,AMGN
2016-12-23 05:00:00,146.3500061035156,147.7299957275391,146.2400054931641,147.5500030517578,110.8864288330078,2169700,2016-12-23,Amgen,Amgen,United States,AMGN
2016-12-27 05:00:00,147.7700042724609,150.1100006103516,147.7700042724609,148.3600006103516,111.4951934814453,1941000,2016-12-27,Amgen,Amgen,United States,AMGN
2016-12-28 05:00:00,148.6300048828125,149.1499938964844,147.3600006103516,147.6699981689453,110.9766159057617,1804000,2016-12-28,Amgen,Amgen,United States,AMGN
2016-12-29 05:00:00,147.3699951171875,148.6900024414062,147.3699951171875,147.7799987792969,111.0592880249023,1655500,2016-12-29,Amgen,Amgen,United States,AMGN
2016-12-30 05:00:00,147.6300048828125,148.75,145.6199951171875,146.2100067138672,109.8794097900391,3193100,2016-12-30,Amgen,Amgen,United States,AMGN
2017-01-03 05:00:00,147.8600006103516,151.0,147.1199951171875,150.7299957275391,113.2762832641602,3640900,2017-01-03,Amgen,Amgen,United States,AMGN
2017-01-04 05:00:00,152.0899963378906,153.7200012207031,151.7700042724609,152.8699951171875,114.884521484375,3945900,2017-01-04,Amgen,Amgen,United States,AMGN
2017-01-05 05:00:00,152.7200012207031,153.3999938964844,151.5099945068359,152.9799957275391,114.967170715332,3441700,2017-01-05,Amgen,Amgen,United States,AMGN
2017-01-06 05:00:00,159.8800048828125,161.0,156.6699981689453,156.7799987792969,117.8229141235352,9899300,2017-01-06,Amgen,Amgen,United States,AMGN
2017-01-09 05:00:00,157.0099945068359,158.9499969482422,156.6300048828125,158.8399963378906,119.3710708618164,4247700,2017-01-09,Amgen,Amgen,United States,AMGN
2017-01-10 05:00:00,158.4900054931641,159.1300048828125,157.2400054931641,158.7599945068359,119.3109664916992,3324400,2017-01-10,Amgen,Amgen,United States,AMGN
2017-01-11 05:00:00,159.1600036621094,159.1600036621094,154.5,156.6199951171875,117.7026824951172,4821300,2017-01-11,Amgen,Amgen,United States,AMGN
2017-01-12 05:00:00,155.4400024414062,156.1499938964844,154.5599975585938,155.3600006103516,116.7558059692383,3234800,2017-01-12,Amgen,Amgen,United States,AMGN
2017-01-13 05:00:00,155.2799987792969,157.2100067138672,154.8899993896484,156.1199951171875,117.3269271850586,2637500,2017-01-13,Amgen,Amgen,United States,AMGN
2017-01-17 05:00:00,155.1399993896484,156.1199951171875,153.5299987792969,154.8000030517578,116.3349151611328,3404900,2017-01-17,Amgen,Amgen,United States,AMGN
2017-01-18 05:00:00,155.6900024414062,155.9400024414062,154.5099945068359,155.7700042724609,117.0639114379883,2432600,2017-01-18,Amgen,Amgen,United States,AMGN
2017-01-19 05:00:00,155.1300048828125,155.6900024414062,153.25,153.8000030517578,115.5834274291992,2571900,2017-01-19,Amgen,Amgen,United States,AMGN
2017-01-20 05:00:00,154.7100067138672,155.3500061035156,153.8200073242188,154.6699981689453,116.2372055053711,3067400,2017-01-20,Amgen,Amgen,United States,AMGN
2017-01-23 05:00:00,154.2100067138672,154.5500030517578,152.3999938964844,152.7200012207031,114.7717895507812,2458200,2017-01-23,Amgen,Amgen,United States,AMGN
2017-01-24 05:00:00,152.8200073242188,153.0,150.3800048828125,151.8500061035156,114.1179885864258,3027700,2017-01-24,Amgen,Amgen,United States,AMGN
2017-01-25 05:00:00,152.5299987792969,154.8200073242188,151.7700042724609,154.1000061035156,115.8088455200195,3479500,2017-01-25,Amgen,Amgen,United States,AMGN
2017-01-26 05:00:00,155.0,155.8000030517578,152.8999938964844,152.9799957275391,114.967170715332,3366900,2017-01-26,Amgen,Amgen,United States,AMGN
2017-01-27 05:00:00,153.2299957275391,157.5,152.7599945068359,157.1600036621094,118.1085510253906,4885200,2017-01-27,Amgen,Amgen,United States,AMGN
2017-01-30 05:00:00,157.1000061035156,157.1799926757812,153.7700042724609,154.4299926757812,116.0568695068359,3758400,2017-01-30,Amgen,Amgen,United States,AMGN
2017-01-31 05:00:00,153.6999969482422,156.9600067138672,153.1499938964844,156.6799926757812,117.7477951049805,3351300,2017-01-31,Amgen,Amgen,United States,AMGN
2017-02-01 05:00:00,158.5899963378906,159.75,157.0500030517578,159.6699981689453,119.9948501586914,3924800,2017-02-01,Amgen,Amgen,United States,AMGN
2017-02-02 05:00:00,159.7299957275391,159.9400024414062,156.9100036621094,159.5800018310547,119.9271926879883,4445400,2017-02-02,Amgen,Amgen,United States,AMGN
2017-02-03 05:00:00,166.1000061035156,167.8500061035156,164.8600006103516,167.5299987792969,125.9017562866211,7366600,2017-02-03,Amgen,Amgen,United States,AMGN
2017-02-06 05:00:00,166.1799926757812,166.8899993896484,165.1300048828125,166.5800018310547,125.1877899169922,4389200,2017-02-06,Amgen,Amgen,United States,AMGN
2017-02-07 05:00:00,167.0,167.7200012207031,165.6000061035156,166.8200073242188,125.3681869506836,3584300,2017-02-07,Amgen,Amgen,United States,AMGN
2017-02-08 05:00:00,166.5,168.3500061035156,166.3200073242188,168.1199951171875,126.3451461791992,3493400,2017-02-08,Amgen,Amgen,United States,AMGN
2017-02-09 05:00:00,165.75,167.7899932861328,165.5,167.4700012207031,125.856689453125,4281400,2017-02-09,Amgen,Amgen,United States,AMGN
2017-02-10 05:00:00,167.8000030517578,168.3099975585938,167.0299987792969,167.8899993896484,126.1723251342773,2931200,2017-02-10,Amgen,Amgen,United States,AMGN
2017-02-13 05:00:00,167.7200012207031,168.2599945068359,166.6799926757812,167.6600036621094,126.8684844970703,3602800,2017-02-13,Amgen,Amgen,United States,AMGN
2017-02-14 05:00:00,167.0700073242188,168.0700073242188,165.5700073242188,168.0500030517578,127.1635589599609,3116700,2017-02-14,Amgen,Amgen,United States,AMGN
2017-02-15 05:00:00,167.3200073242188,172.0,167.0,171.7899932861328,129.9936370849609,4058800,2017-02-15,Amgen,Amgen,United States,AMGN
2017-02-16 05:00:00,171.5599975585938,172.1699981689453,170.3000030517578,172.1100006103516,130.2358093261719,2660600,2017-02-16,Amgen,Amgen,United States,AMGN
2017-02-17 05:00:00,171.3500061035156,173.3600006103516,168.8899993896484,173.2899932861328,131.1286926269531,4154900,2017-02-17,Amgen,Amgen,United States,AMGN
2017-02-21 05:00:00,172.8500061035156,173.5,171.8600006103516,173.1399993896484,131.01513671875,3941200,2017-02-21,Amgen,Amgen,United States,AMGN
2017-02-22 05:00:00,172.3300018310547,174.6999969482422,171.8899993896484,172.6100006103516,130.6141815185547,2579800,2017-02-22,Amgen,Amgen,United States,AMGN
2017-02-23 05:00:00,172.75,174.0099945068359,171.8899993896484,174.0099945068359,131.6734924316406,2190800,2017-02-23,Amgen,Amgen,United States,AMGN
2017-02-24 05:00:00,173.2899932861328,174.7200012207031,172.4799957275391,174.5599975585938,132.0896911621094,2677300,2017-02-24,Amgen,Amgen,United States,AMGN
2017-02-27 05:00:00,174.2100067138672,176.2700042724609,173.7100067138672,176.1300048828125,133.2777404785156,2850700,2017-02-27,Amgen,Amgen,United States,AMGN
2017-02-28 05:00:00,175.4600067138672,178.25,175.4199981689453,176.5299987792969,133.5803527832031,3370400,2017-02-28,Amgen,Amgen,United States,AMGN
2017-03-01 05:00:00,178.0,179.6799926757812,175.7599945068359,178.2400054931641,134.8743743896484,3532300,2017-03-01,Amgen,Amgen,United States,AMGN
2017-03-02 05:00:00,177.7200012207031,178.8600006103516,176.8200073242188,178.0700073242188,134.7456970214844,3493000,2017-03-02,Amgen,Amgen,United States,AMGN
2017-03-03 05:00:00,178.4600067138672,180.5299987792969,177.5500030517578,180.1999969482422,136.3574523925781,2893800,2017-03-03,Amgen,Amgen,United States,AMGN
2017-03-06 05:00:00,179.5500030517578,180.3399963378906,178.1600036621094,179.4600067138672,135.7975311279297,3280100,2017-03-06,Amgen,Amgen,United States,AMGN
2017-03-07 05:00:00,177.3999938964844,178.5899963378906,176.2799987792969,177.3800048828125,134.2236175537109,3328900,2017-03-07,Amgen,Amgen,United States,AMGN
2017-03-08 05:00:00,177.25,178.7599945068359,177.1399993896484,177.7799987792969,134.5262603759766,2320800,2017-03-08,Amgen,Amgen,United States,AMGN
2017-03-09 05:00:00,178.0500030517578,179.1199951171875,177.0700073242188,178.9199981689453,135.3889007568359,2505300,2017-03-09,Amgen,Amgen,United States,AMGN
2017-03-10 05:00:00,179.4700012207031,181.9299926757812,179.1100006103516,181.4400024414062,137.2958221435547,4589000,2017-03-10,Amgen,Amgen,United States,AMGN
2017-03-13 04:00:00,181.9299926757812,182.0,180.3200073242188,181.0500030517578,137.0006866455078,2531000,2017-03-13,Amgen,Amgen,United States,AMGN
2017-03-14 04:00:00,180.4199981689453,181.5599975585938,179.6300048828125,180.1199951171875,136.2969512939453,2746300,2017-03-14,Amgen,Amgen,United States,AMGN
2017-03-15 04:00:00,180.3099975585938,184.2100067138672,180.3099975585938,182.6000061035156,138.1736145019531,4197300,2017-03-15,Amgen,Amgen,United States,AMGN
2017-03-16 04:00:00,181.6000061035156,181.8399963378906,178.0200042724609,180.1100006103516,136.2894134521484,6014400,2017-03-16,Amgen,Amgen,United States,AMGN
2017-03-17 04:00:00,167.3699951171875,171.5899963378906,165.9499969482422,168.6100006103516,127.5873031616211,23936800,2017-03-17,Amgen,Amgen,United States,AMGN
2017-03-20 04:00:00,169.6300048828125,169.7100067138672,167.7599945068359,169.2400054931641,128.0640563964844,5831500,2017-03-20,Amgen,Amgen,United States,AMGN
2017-03-21 04:00:00,170.0500030517578,170.2100067138672,166.4900054931641,166.8500061035156,126.2555618286133,4922700,2017-03-21,Amgen,Amgen,United States,AMGN
2017-03-22 04:00:00,167.9299926757812,167.9799957275391,166.5899963378906,167.4499969482422,126.7095642089844,5070400,2017-03-22,Amgen,Amgen,United States,AMGN
2017-03-23 04:00:00,167.4799957275391,168.0200042724609,165.5700073242188,166.0399932861328,125.6426162719727,4432200,2017-03-23,Amgen,Amgen,United States,AMGN
2017-03-24 04:00:00,166.6900024414062,166.9299926757812,165.0800018310547,165.7400054931641,125.4156036376953,3175600,2017-03-24,Amgen,Amgen,United States,AMGN
2017-03-27 04:00:00,164.7700042724609,166.6100006103516,163.0,164.9100036621094,124.7875289916992,4734000,2017-03-27,Amgen,Amgen,United States,AMGN
2017-03-28 04:00:00,164.1100006103516,166.2599945068359,163.7299957275391,164.7100067138672,124.6362228393555,6526400,2017-03-28,Amgen,Amgen,United States,AMGN
2017-03-29 04:00:00,164.4700012207031,165.2200012207031,162.9400024414062,163.0599975585938,123.3876495361328,4070800,2017-03-29,Amgen,Amgen,United States,AMGN
2017-03-30 04:00:00,164.0700073242188,164.8000030517578,163.2100067138672,164.3800048828125,124.3864974975586,2262300,2017-03-30,Amgen,Amgen,United States,AMGN
2017-03-31 04:00:00,164.3200073242188,165.4799957275391,163.8500061035156,164.0700073242188,124.1519393920898,2811800,2017-03-31,Amgen,Amgen,United States,AMGN
2017-04-03 04:00:00,164.6300048828125,165.0200042724609,163.5200042724609,163.8899993896484,124.0157012939453,3047800,2017-04-03,Amgen,Amgen,United States,AMGN
2017-04-04 04:00:00,163.7799987792969,164.4900054931641,163.1199951171875,164.3600006103516,124.3713150024414,2239400,2017-04-04,Amgen,Amgen,United States,AMGN
2017-04-05 04:00:00,163.2700042724609,164.7599945068359,161.6799926757812,162.2400054931641,122.7671661376953,3542300,2017-04-05,Amgen,Amgen,United States,AMGN
2017-04-06 04:00:00,162.1999969482422,163.4499969482422,161.6100006103516,162.25,122.7747497558594,3024200,2017-04-06,Amgen,Amgen,United States,AMGN
2017-04-07 04:00:00,162.9100036621094,164.2400054931641,162.25,163.3800048828125,123.629768371582,2204400,2017-04-07,Amgen,Amgen,United States,AMGN
2017-04-10 04:00:00,163.8500061035156,164.2400054931641,162.6199951171875,162.7899932861328,123.1833267211914,1772000,2017-04-10,Amgen,Amgen,United States,AMGN
2017-04-11 04:00:00,162.8899993896484,163.3999938964844,161.5599975585938,163.1100006103516,123.4254531860352,1990300,2017-04-11,Amgen,Amgen,United States,AMGN
2017-04-12 04:00:00,164.0800018310547,164.1000061035156,162.1600036621094,163.0500030517578,123.3801193237305,2248600,2017-04-12,Amgen,Amgen,United States,AMGN
2017-04-13 04:00:00,163.2799987792969,163.6300048828125,161.3300018310547,161.6100006103516,122.2904663085938,2568800,2017-04-13,Amgen,Amgen,United States,AMGN
2017-04-17 04:00:00,161.3399963378906,162.5200042724609,161.2599945068359,162.1100006103516,122.6687698364258,2364900,2017-04-17,Amgen,Amgen,United States,AMGN
2017-04-18 04:00:00,161.9299926757812,161.9299926757812,160.2799987792969,161.25,122.0179977416992,2532100,2017-04-18,Amgen,Amgen,United States,AMGN
2017-04-19 04:00:00,162.1000061035156,162.6399993896484,161.1300048828125,161.2599945068359,122.0255889892578,2344100,2017-04-19,Amgen,Amgen,United States,AMGN
2017-04-20 04:00:00,161.0500030517578,162.7700042724609,161.0099945068359,162.0399932861328,122.6157913208008,2070200,2017-04-20,Amgen,Amgen,United States,AMGN
2017-04-21 04:00:00,162.1499938964844,162.7299957275391,160.25,160.4100036621094,121.3824005126953,2906900,2017-04-21,Amgen,Amgen,United States,AMGN
2017-04-24 04:00:00,162.5,163.6000061035156,161.8999938964844,163.1399993896484,123.4481582641602,3498400,2017-04-24,Amgen,Amgen,United States,AMGN
2017-04-25 04:00:00,163.5200042724609,165.3000030517578,163.3999938964844,164.6999969482422,124.6285858154297,3529400,2017-04-25,Amgen,Amgen,United States,AMGN
2017-04-26 04:00:00,165.6100006103516,165.6100006103516,164.3399963378906,164.6100006103516,124.5605316162109,4175500,2017-04-26,Amgen,Amgen,United States,AMGN
2017-04-27 04:00:00,160.1300048828125,163.4299926757812,160.0,162.7200012207031,123.1303787231445,5699200,2017-04-27,Amgen,Amgen,United States,AMGN
2017-04-28 04:00:00,162.3899993896484,163.4799957275391,161.5299987792969,163.3200073242188,123.5843887329102,2942200,2017-04-28,Amgen,Amgen,United States,AMGN
2017-05-01 04:00:00,163.6799926757812,164.4400024414062,162.4499969482422,162.6000061035156,123.0395736694336,2522000,2017-05-01,Amgen,Amgen,United States,AMGN
2017-05-02 04:00:00,163.9100036621094,163.9400024414062,162.4100036621094,163.4900054931641,123.7130432128906,3737800,2017-05-02,Amgen,Amgen,United States,AMGN
2017-05-03 04:00:00,163.8200073242188,164.0800018310547,163.0,163.8099975585938,123.9551696777344,2855100,2017-05-03,Amgen,Amgen,United States,AMGN
2017-05-04 04:00:00,164.1699981689453,164.8200073242188,163.5200042724609,164.2899932861328,124.3183670043945,2543400,2017-05-04,Amgen,Amgen,United States,AMGN
2017-05-05 04:00:00,164.8099975585938,164.8099975585938,162.4199981689453,163.8099975585938,123.9551696777344,2970400,2017-05-05,Amgen,Amgen,United States,AMGN
2017-05-08 04:00:00,163.7299957275391,163.8099975585938,162.4700012207031,163.0299987792969,123.3649444580078,2291900,2017-05-08,Amgen,Amgen,United States,AMGN
2017-05-09 04:00:00,163.1699981689453,164.0800018310547,162.8300018310547,163.2200012207031,123.5087661743164,2305500,2017-05-09,Amgen,Amgen,United States,AMGN
2017-05-10 04:00:00,163.25,163.4799957275391,159.6999969482422,160.5099945068359,121.4580917358398,5201000,2017-05-10,Amgen,Amgen,United States,AMGN
2017-05-11 04:00:00,159.8600006103516,160.5200042724609,158.2899932861328,160.0800018310547,121.132682800293,3510200,2017-05-11,Amgen,Amgen,United States,AMGN
2017-05-12 04:00:00,160.4900054931641,160.6199951171875,159.4600067138672,160.2200012207031,121.238655090332,2706000,2017-05-12,Amgen,Amgen,United States,AMGN
2017-05-15 04:00:00,158.8800048828125,160.1499938964844,158.7100067138672,159.9700012207031,121.9245758056641,3318700,2017-05-15,Amgen,Amgen,United States,AMGN
2017-05-16 04:00:00,159.7700042724609,160.4900054931641,159.4600067138672,159.9900054931641,121.939811706543,2281200,2017-05-16,Amgen,Amgen,United States,AMGN
2017-05-17 04:00:00,158.7700042724609,159.2899932861328,156.9299926757812,157.0599975585938,119.7066497802734,3073200,2017-05-17,Amgen,Amgen,United States,AMGN
2017-05-18 04:00:00,157.3699951171875,158.7899932861328,156.2899932861328,157.9600067138672,120.3926010131836,2163300,2017-05-18,Amgen,Amgen,United States,AMGN
2017-05-19 04:00:00,157.5899963378906,158.5800018310547,156.3500061035156,156.5099945068359,119.2874526977539,2577300,2017-05-19,Amgen,Amgen,United States,AMGN
2017-05-22 04:00:00,153.5899963378906,154.6000061035156,152.4499969482422,153.0200042724609,116.6274337768555,6911700,2017-05-22,Amgen,Amgen,United States,AMGN
2017-05-23 04:00:00,152.6499938964844,154.5700073242188,152.1600036621094,154.0700073242188,117.4277877807617,3582000,2017-05-23,Amgen,Amgen,United States,AMGN
2017-05-24 04:00:00,154.7700042724609,154.9900054931641,153.7899932861328,154.6000061035156,117.8317184448242,2667500,2017-05-24,Amgen,Amgen,United States,AMGN
2017-05-25 04:00:00,155.1900024414062,156.0399932861328,154.6199951171875,155.4299926757812,118.4642944335938,2965800,2017-05-25,Amgen,Amgen,United States,AMGN
2017-05-26 04:00:00,155.6000061035156,156.1300048828125,154.7899932861328,155.0099945068359,118.1441879272461,2731600,2017-05-26,Amgen,Amgen,United States,AMGN
2017-05-30 04:00:00,155.0099945068359,155.3699951171875,153.5599975585938,153.8500061035156,117.2600784301758,2716700,2017-05-30,Amgen,Amgen,United States,AMGN
2017-05-31 04:00:00,153.6699981689453,155.3699951171875,153.6699981689453,155.2400054931641,118.3194885253906,3891300,2017-05-31,Amgen,Amgen,United States,AMGN
2017-06-01 04:00:00,155.3999938964844,156.7700042724609,155.2400054931641,156.2400054931641,119.0816497802734,3005300,2017-06-01,Amgen,Amgen,United States,AMGN
2017-06-02 04:00:00,157.2700042724609,159.6199951171875,157.0,159.1499938964844,121.2995681762695,3320800,2017-06-02,Amgen,Amgen,United States,AMGN
2017-06-05 04:00:00,160.2899932861328,161.1199951171875,158.2700042724609,160.2200012207031,122.1151733398438,4611100,2017-06-05,Amgen,Amgen,United States,AMGN
2017-06-06 04:00:00,160.1300048828125,160.9199981689453,159.2400054931641,159.5299987792969,121.5892868041992,3002500,2017-06-06,Amgen,Amgen,United States,AMGN
2017-06-07 04:00:00,159.8200073242188,162.0500030517578,159.75,161.6600036621094,123.2126693725586,3571500,2017-06-07,Amgen,Amgen,United States,AMGN
2017-06-08 04:00:00,161.9799957275391,163.1699981689453,161.4100036621094,162.6499938964844,123.9671783447266,3555100,2017-06-08,Amgen,Amgen,United States,AMGN
2017-06-09 04:00:00,162.75,166.1399993896484,162.6300048828125,164.0599975585938,125.041862487793,4086800,2017-06-09,Amgen,Amgen,United States,AMGN
2017-06-12 04:00:00,165.0,167.2299957275391,163.2799987792969,164.8800048828125,125.6668395996094,4344500,2017-06-12,Amgen,Amgen,United States,AMGN
2017-06-13 04:00:00,164.4700012207031,165.0899963378906,163.7700042724609,164.4299926757812,125.3239059448242,2568200,2017-06-13,Amgen,Amgen,United States,AMGN
2017-06-14 04:00:00,164.3600006103516,165.8800048828125,163.9700012207031,165.1000061035156,125.8345260620117,2594800,2017-06-14,Amgen,Amgen,United States,AMGN
2017-06-15 04:00:00,164.2400054931641,164.8999938964844,162.5500030517578,164.1100006103516,125.079963684082,3585000,2017-06-15,Amgen,Amgen,United States,AMGN
2017-06-16 04:00:00,163.8399963378906,164.1000061035156,161.1300048828125,162.4199981689453,123.7919006347656,5887200,2017-06-16,Amgen,Amgen,United States,AMGN
2017-06-19 04:00:00,163.1000061035156,165.2200012207031,162.6900024414062,165.0899963378906,125.826904296875,3043900,2017-06-19,Amgen,Amgen,United States,AMGN
2017-06-20 04:00:00,165.4299926757812,168.6999969482422,164.7899932861328,166.2899932861328,126.7414855957031,3857900,2017-06-20,Amgen,Amgen,United States,AMGN
2017-06-21 04:00:00,167.1999969482422,171.7599945068359,166.3600006103516,171.3500061035156,130.5980987548828,5490800,2017-06-21,Amgen,Amgen,United States,AMGN
2017-06-22 04:00:00,172.4400024414062,175.4499969482422,172.1000061035156,173.8200073242188,132.4806671142578,5745800,2017-06-22,Amgen,Amgen,United States,AMGN
2017-06-23 04:00:00,173.2400054931641,174.1300048828125,170.9600067138672,172.5,131.4745941162109,14368500,2017-06-23,Amgen,Amgen,United States,AMGN
2017-06-26 04:00:00,173.3899993896484,174.7200012207031,172.4100036621094,173.6699981689453,132.3662567138672,3037600,2017-06-26,Amgen,Amgen,United States,AMGN
2017-06-27 04:00:00,173.0200042724609,173.9199981689453,170.7700042724609,170.8500061035156,130.2170257568359,2941500,2017-06-27,Amgen,Amgen,United States,AMGN
2017-06-28 04:00:00,171.4199981689453,174.5399932861328,170.8300018310547,174.0700073242188,132.6712036132812,2890500,2017-06-28,Amgen,Amgen,United States,AMGN
2017-06-29 04:00:00,174.4900054931641,174.7200012207031,171.0200042724609,172.5899963378906,131.5431518554688,2491800,2017-06-29,Amgen,Amgen,United States,AMGN
2017-06-30 04:00:00,173.6100006103516,174.25,172.0099945068359,172.2299957275391,131.2687530517578,2695500,2017-06-30,Amgen,Amgen,United States,AMGN
2017-07-03 04:00:00,172.6300048828125,174.3300018310547,172.6300048828125,172.8000030517578,131.7032470703125,1395100,2017-07-03,Amgen,Amgen,United States,AMGN
2017-07-05 04:00:00,172.6699981689453,174.3800048828125,171.9199981689453,174.2599945068359,132.8160095214844,2830000,2017-07-05,Amgen,Amgen,United States,AMGN
2017-07-06 04:00:00,173.1000061035156,173.6100006103516,171.3099975585938,171.7200012207031,130.8800506591797,2566400,2017-07-06,Amgen,Amgen,United States,AMGN
2017-07-07 04:00:00,171.6399993896484,172.0299987792969,170.5899963378906,171.4299926757812,130.6590728759766,2612900,2017-07-07,Amgen,Amgen,United States,AMGN
2017-07-10 04:00:00,171.5899963378906,172.5500030517578,171.0,172.1999969482422,131.2459564208984,2070600,2017-07-10,Amgen,Amgen,United States,AMGN
2017-07-11 04:00:00,174.1799926757812,174.4400024414062,172.0700073242188,173.3200073242188,132.0995788574219,2198000,2017-07-11,Amgen,Amgen,United States,AMGN
2017-07-12 04:00:00,173.7100067138672,174.2400054931641,172.6699981689453,173.2700042724609,132.0614471435547,1976900,2017-07-12,Amgen,Amgen,United States,AMGN
2017-07-13 04:00:00,173.2799987792969,176.1999969482422,173.0899963378906,175.0399932861328,133.4104461669922,2999900,2017-07-13,Amgen,Amgen,United States,AMGN
2017-07-14 04:00:00,175.4299926757812,177.6799926757812,174.4100036621094,177.1300048828125,135.00341796875,2720600,2017-07-14,Amgen,Amgen,United States,AMGN
2017-07-17 04:00:00,176.8399963378906,178.8999938964844,176.6799926757812,177.3999938964844,135.2092132568359,2692400,2017-07-17,Amgen,Amgen,United States,AMGN
2017-07-18 04:00:00,176.6600036621094,177.6300048828125,176.1399993896484,177.4799957275391,135.2701721191406,1820100,2017-07-18,Amgen,Amgen,United States,AMGN
2017-07-19 04:00:00,178.1000061035156,179.1999969482422,176.5200042724609,179.1799926757812,136.5658874511719,2440700,2017-07-19,Amgen,Amgen,United States,AMGN
2017-07-20 04:00:00,179.0500030517578,180.7299957275391,178.8800048828125,179.3200073242188,136.672607421875,3039300,2017-07-20,Amgen,Amgen,United States,AMGN
2017-07-21 04:00:00,179.2599945068359,180.5500030517578,179.1600036621094,180.2100067138672,137.3508911132812,2674700,2017-07-21,Amgen,Amgen,United States,AMGN
2017-07-24 04:00:00,180.1900024414062,181.4600067138672,178.6600036621094,181.0599975585938,137.9987945556641,2503100,2017-07-24,Amgen,Amgen,United States,AMGN
2017-07-25 04:00:00,182.0500030517578,182.6000061035156,180.3399963378906,180.8899993896484,137.8692016601562,3343200,2017-07-25,Amgen,Amgen,United States,AMGN
2017-07-26 04:00:00,176.0099945068359,178.8600006103516,175.1999969482422,175.8899993896484,134.058349609375,5446100,2017-07-26,Amgen,Amgen,United States,AMGN
2017-07-27 04:00:00,175.0,175.4799957275391,170.5299987792969,172.1499938964844,131.2078247070312,5523200,2017-07-27,Amgen,Amgen,United States,AMGN
2017-07-28 04:00:00,171.9799957275391,175.0599975585938,171.7100067138672,174.5399932861328,133.0294189453125,2463500,2017-07-28,Amgen,Amgen,United States,AMGN
2017-07-31 04:00:00,174.5099945068359,176.7899932861328,174.25,174.5099945068359,133.0065765380859,2424800,2017-07-31,Amgen,Amgen,United States,AMGN
2017-08-01 04:00:00,174.8099975585938,175.1100006103516,173.6600036621094,174.1300048828125,132.7169494628906,2069600,2017-08-01,Amgen,Amgen,United States,AMGN
2017-08-02 04:00:00,173.5700073242188,174.5899963378906,173.2100067138672,174.4600067138672,132.9684448242188,2209200,2017-08-02,Amgen,Amgen,United States,AMGN
2017-08-03 04:00:00,173.5200042724609,174.7100067138672,173.2599945068359,174.1799926757812,132.7550201416016,1725900,2017-08-03,Amgen,Amgen,United States,AMGN
2017-08-04 04:00:00,174.2700042724609,174.8200073242188,172.8999938964844,173.8500061035156,132.5035095214844,1915600,2017-08-04,Amgen,Amgen,United States,AMGN
2017-08-07 04:00:00,173.8699951171875,174.6499938964844,173.2599945068359,174.5800018310547,133.0598907470703,1193800,2017-08-07,Amgen,Amgen,United States,AMGN
2017-08-08 04:00:00,173.9600067138672,174.8999938964844,172.9799957275391,173.6900024414062,132.3815765380859,2325200,2017-08-08,Amgen,Amgen,United States,AMGN
2017-08-09 04:00:00,173.1000061035156,174.1799926757812,172.6499938964844,173.5500030517578,132.2748718261719,1972200,2017-08-09,Amgen,Amgen,United States,AMGN
2017-08-10 04:00:00,172.0700073242188,172.6699981689453,168.5899963378906,169.1100006103516,128.8908233642578,3443800,2017-08-10,Amgen,Amgen,United States,AMGN
2017-08-11 04:00:00,169.8200073242188,170.6300048828125,168.7599945068359,169.4299926757812,129.1347198486328,1571600,2017-08-11,Amgen,Amgen,United States,AMGN
2017-08-14 04:00:00,170.2799987792969,172.0800018310547,169.9700012207031,171.6699981689453,130.8419647216797,1915800,2017-08-14,Amgen,Amgen,United States,AMGN
2017-08-15 04:00:00,171.1000061035156,171.4499969482422,169.7599945068359,170.0399932861328,130.4736633300781,1956300,2017-08-15,Amgen,Amgen,United States,AMGN
2017-08-16 04:00:00,170.2599945068359,172.6399993896484,170.1399993896484,171.3899993896484,131.509521484375,1618800,2017-08-16,Amgen,Amgen,United States,AMGN
2017-08-17 04:00:00,170.6900024414062,171.0,167.8000030517578,167.8099975585938,128.7625427246094,2630600,2017-08-17,Amgen,Amgen,United States,AMGN
2017-08-18 04:00:00,167.3699951171875,168.4299926757812,166.5200042724609,167.2899932861328,128.3635101318359,1741900,2017-08-18,Amgen,Amgen,United States,AMGN
2017-08-21 04:00:00,167.4600067138672,168.6399993896484,167.0099945068359,168.1600036621094,129.0311431884766,1533300,2017-08-21,Amgen,Amgen,United States,AMGN
2017-08-22 04:00:00,168.8600006103516,170.9400024414062,168.8300018310547,170.0700073242188,130.4966735839844,1933500,2017-08-22,Amgen,Amgen,United States,AMGN
2017-08-23 04:00:00,169.6600036621094,169.9400024414062,168.7599945068359,169.0,129.6755981445312,1279400,2017-08-23,Amgen,Amgen,United States,AMGN
2017-08-24 04:00:00,169.2799987792969,170.6900024414062,168.5700073242188,169.9499969482422,130.4046020507812,1922400,2017-08-24,Amgen,Amgen,United States,AMGN
2017-08-25 04:00:00,170.8200073242188,171.5700073242188,169.3999938964844,169.7400054931641,130.2434692382812,1510800,2017-08-25,Amgen,Amgen,United States,AMGN
2017-08-28 04:00:00,170.8600006103516,172.6399993896484,170.2599945068359,171.7799987792969,131.8087615966797,2359500,2017-08-28,Amgen,Amgen,United States,AMGN
2017-08-29 04:00:00,170.6600036621094,172.3500061035156,170.3500061035156,172.2299957275391,132.154052734375,1483000,2017-08-29,Amgen,Amgen,United States,AMGN
2017-08-30 04:00:00,172.1900024414062,175.0800018310547,171.5399932861328,173.6499938964844,133.2436676025391,2310900,2017-08-30,Amgen,Amgen,United States,AMGN
2017-08-31 04:00:00,173.7400054931641,178.6399993896484,173.7400054931641,177.7700042724609,136.4049682617188,3977500,2017-08-31,Amgen,Amgen,United States,AMGN
2017-09-01 04:00:00,178.1399993896484,179.7299957275391,177.3000030517578,178.7100067138672,137.1262664794922,2431900,2017-09-01,Amgen,Amgen,United States,AMGN
2017-09-05 04:00:00,178.0,178.5,175.3600006103516,176.7400054931641,135.6146850585938,1959900,2017-09-05,Amgen,Amgen,United States,AMGN
2017-09-06 04:00:00,177.5899963378906,179.0800018310547,176.3600006103516,178.3800048828125,136.873046875,2242300,2017-09-06,Amgen,Amgen,United States,AMGN
2017-09-07 04:00:00,178.5,182.7700042724609,177.2799987792969,180.7100067138672,138.660888671875,2985300,2017-09-07,Amgen,Amgen,United States,AMGN
2017-09-08 04:00:00,180.9299926757812,182.6600036621094,179.5200042724609,180.6399993896484,138.6071166992188,1993900,2017-09-08,Amgen,Amgen,United States,AMGN
2017-09-11 04:00:00,182.5399932861328,186.7100067138672,182.5399932861328,186.4900054931641,143.0959625244141,3791200,2017-09-11,Amgen,Amgen,United States,AMGN
2017-09-12 04:00:00,187.0,191.0399932861328,186.7799987792969,191.0,146.5565338134766,3894300,2017-09-12,Amgen,Amgen,United States,AMGN
2017-09-13 04:00:00,189.8999938964844,190.9400024414062,187.7100067138672,189.6999969482422,145.5590209960938,3031400,2017-09-13,Amgen,Amgen,United States,AMGN
2017-09-14 04:00:00,188.3699951171875,191.1000061035156,187.8099975585938,189.4400024414062,145.3595123291016,2318400,2017-09-14,Amgen,Amgen,United States,AMGN
2017-09-15 04:00:00,189.6600036621094,189.6600036621094,186.3099975585938,187.4700012207031,143.847900390625,5349000,2017-09-15,Amgen,Amgen,United States,AMGN
2017-09-18 04:00:00,187.7899932861328,188.5599975585938,186.1199951171875,186.4700012207031,143.0805969238281,2443800,2017-09-18,Amgen,Amgen,United States,AMGN
2017-09-19 04:00:00,186.8099975585938,187.4400024414062,185.8099975585938,186.3200073242188,142.9654998779297,2066100,2017-09-19,Amgen,Amgen,United States,AMGN
2017-09-20 04:00:00,186.0800018310547,188.5500030517578,185.4199981689453,188.1699981689453,144.3850555419922,2685400,2017-09-20,Amgen,Amgen,United States,AMGN
2017-09-21 04:00:00,188.3200073242188,188.9600067138672,186.5,186.6399993896484,143.2110443115234,2082200,2017-09-21,Amgen,Amgen,United States,AMGN
2017-09-22 04:00:00,185.4799957275391,186.8200073242188,184.0,185.7599945068359,142.5358276367188,2275600,2017-09-22,Amgen,Amgen,United States,AMGN
2017-09-25 04:00:00,185.5099945068359,188.0299987792969,185.5099945068359,186.2899932861328,142.9425048828125,2545400,2017-09-25,Amgen,Amgen,United States,AMGN
2017-09-26 04:00:00,186.5099945068359,187.5500030517578,185.3999938964844,185.6000061035156,142.4129943847656,2307900,2017-09-26,Amgen,Amgen,United States,AMGN
2017-09-27 04:00:00,185.0500030517578,186.8800048828125,183.8999938964844,184.8800048828125,141.8605651855469,2436700,2017-09-27,Amgen,Amgen,United States,AMGN
2017-09-28 04:00:00,184.2899932861328,187.8200073242188,184.1300048828125,185.4600067138672,142.3055877685547,2576900,2017-09-28,Amgen,Amgen,United States,AMGN
2017-09-29 04:00:00,185.6999969482422,186.5399932861328,183.1699981689453,186.4499969482422,143.0652160644531,3017300,2017-09-29,Amgen,Amgen,United States,AMGN
2017-10-02 04:00:00,187.0299987792969,187.7299957275391,185.5599975585938,187.1699981689453,143.6176910400391,2682700,2017-10-02,Amgen,Amgen,United States,AMGN
2017-10-03 04:00:00,188.0500030517578,188.2200012207031,185.6300048828125,187.2299957275391,143.6638031005859,1514200,2017-10-03,Amgen,Amgen,United States,AMGN
2017-10-04 04:00:00,186.5500030517578,188.7200012207031,186.0200042724609,188.5899963378906,144.7072906494141,1660300,2017-10-04,Amgen,Amgen,United States,AMGN
2017-10-05 04:00:00,189.0500030517578,190.0,184.3099975585938,186.8500061035156,143.3721618652344,4506600,2017-10-05,Amgen,Amgen,United States,AMGN
2017-10-06 04:00:00,186.4600067138672,188.2400054931641,185.1600036621094,185.8200073242188,142.5818481445312,2032500,2017-10-06,Amgen,Amgen,United States,AMGN
2017-10-09 04:00:00,185.9499969482422,186.8399963378906,184.3999938964844,185.4600067138672,142.3055877685547,1519600,2017-10-09,Amgen,Amgen,United States,AMGN
2017-10-10 04:00:00,185.4600067138672,186.5800018310547,184.4600067138672,185.7899932861328,142.5588531494141,2036400,2017-10-10,Amgen,Amgen,United States,AMGN
2017-10-11 04:00:00,185.2799987792969,185.5,182.6799926757812,184.1499938964844,141.3004455566406,3273200,2017-10-11,Amgen,Amgen,United States,AMGN
2017-10-12 04:00:00,183.3899993896484,184.3899993896484,182.0399932861328,182.7599945068359,140.2338714599609,2223800,2017-10-12,Amgen,Amgen,United States,AMGN
2017-10-13 04:00:00,182.6399993896484,183.3500061035156,182.0099945068359,183.0099945068359,140.4256286621094,2331500,2017-10-13,Amgen,Amgen,United States,AMGN
2017-10-16 04:00:00,182.9600067138672,184.1999969482422,181.1999969482422,181.8999938964844,139.5739440917969,2211500,2017-10-16,Amgen,Amgen,United States,AMGN
2017-10-17 04:00:00,182.0299987792969,187.0599975585938,181.1300048828125,186.1900024414062,142.8657379150391,3753700,2017-10-17,Amgen,Amgen,United States,AMGN
2017-10-18 04:00:00,187.8500061035156,188.8399963378906,185.8300018310547,186.2799987792969,142.934814453125,2580200,2017-10-18,Amgen,Amgen,United States,AMGN
2017-10-19 04:00:00,185.9900054931641,186.9799957275391,183.25,184.1199951171875,141.2773590087891,2563600,2017-10-19,Amgen,Amgen,United States,AMGN
2017-10-20 04:00:00,184.0899963378906,184.8200073242188,181.2899932861328,182.9600067138672,140.3873748779297,3179200,2017-10-20,Amgen,Amgen,United States,AMGN
2017-10-23 04:00:00,183.25,183.6199951171875,180.3699951171875,180.5299987792969,138.5227508544922,2571200,2017-10-23,Amgen,Amgen,United States,AMGN
2017-10-24 04:00:00,181.2599945068359,181.5399932861328,177.2299957275391,180.3699951171875,138.4000244140625,3449800,2017-10-24,Amgen,Amgen,United States,AMGN
2017-10-25 04:00:00,179.1000061035156,180.0399932861328,176.5599975585938,177.5,136.1977996826172,4052500,2017-10-25,Amgen,Amgen,United States,AMGN
2017-10-26 04:00:00,170.8699951171875,177.4400024414062,169.6799926757812,176.5200042724609,135.4458770751953,5998500,2017-10-26,Amgen,Amgen,United States,AMGN
2017-10-27 04:00:00,175.3500061035156,176.4299926757812,173.2899932861328,175.2799987792969,134.494384765625,3478600,2017-10-27,Amgen,Amgen,United States,AMGN
2017-10-30 04:00:00,175.5,176.8000030517578,173.5800018310547,174.5899963378906,133.9649658203125,2550800,2017-10-30,Amgen,Amgen,United States,AMGN
2017-10-31 04:00:00,174.1499938964844,176.1900024414062,174.1499938964844,175.2200012207031,134.4483642578125,2906600,2017-10-31,Amgen,Amgen,United States,AMGN
2017-11-01 04:00:00,175.3000030517578,177.3099975585938,174.7200012207031,175.4199981689453,134.6017608642578,2734900,2017-11-01,Amgen,Amgen,United States,AMGN
2017-11-02 04:00:00,174.7700042724609,175.3800048828125,171.2599945068359,172.4100036621094,132.2922058105469,4029300,2017-11-02,Amgen,Amgen,United States,AMGN
2017-11-03 04:00:00,172.1000061035156,174.0299987792969,171.6000061035156,173.4400024414062,133.0825042724609,2433100,2017-11-03,Amgen,Amgen,United States,AMGN
2017-11-06 05:00:00,172.8600006103516,173.3300018310547,170.6900024414062,170.8000030517578,131.0568237304688,2692000,2017-11-06,Amgen,Amgen,United States,AMGN
2017-11-07 05:00:00,170.6100006103516,174.75,170.6100006103516,173.4799957275391,133.1132202148438,3097100,2017-11-07,Amgen,Amgen,United States,AMGN
2017-11-08 05:00:00,174.0,174.6499938964844,173.1799926757812,173.5800018310547,133.1899261474609,2003400,2017-11-08,Amgen,Amgen,United States,AMGN
2017-11-09 05:00:00,172.75,174.2299957275391,171.3099975585938,174.0,133.5122222900391,2005100,2017-11-09,Amgen,Amgen,United States,AMGN
2017-11-10 05:00:00,173.1499938964844,173.4799957275391,171.1900024414062,172.3500061035156,132.2461547851562,1927400,2017-11-10,Amgen,Amgen,United States,AMGN
2017-11-13 05:00:00,171.5800018310547,172.9400024414062,171.1000061035156,171.5,131.5939331054688,2119800,2017-11-13,Amgen,Amgen,United States,AMGN
2017-11-14 05:00:00,170.8899993896484,171.4900054931641,168.3099975585938,170.1300048828125,130.5427093505859,2604700,2017-11-14,Amgen,Amgen,United States,AMGN
2017-11-15 05:00:00,170.1900024414062,170.5200042724609,168.3300018310547,169.3800048828125,129.9672088623047,3150600,2017-11-15,Amgen,Amgen,United States,AMGN
2017-11-16 05:00:00,168.9100036621094,171.1499938964844,168.75,170.7700042724609,131.9295654296875,3131000,2017-11-16,Amgen,Amgen,United States,AMGN
2017-11-17 05:00:00,170.6699981689453,171.0899963378906,169.5399932861328,170.0,131.3346862792969,2039700,2017-11-17,Amgen,Amgen,United States,AMGN
2017-11-20 05:00:00,169.8999938964844,170.2200012207031,168.1499938964844,168.7899932861328,130.3998718261719,2012300,2017-11-20,Amgen,Amgen,United States,AMGN
2017-11-21 05:00:00,169.3500061035156,170.4900054931641,168.8899993896484,169.8399963378906,131.2110137939453,2629600,2017-11-21,Amgen,Amgen,United States,AMGN
2017-11-22 05:00:00,169.8600006103516,170.7299957275391,169.3300018310547,169.9600067138672,131.3037261962891,1533000,2017-11-22,Amgen,Amgen,United States,AMGN
2017-11-24 05:00:00,169.5,170.7599945068359,169.4900054931641,170.1199951171875,131.4273681640625,999800,2017-11-24,Amgen,Amgen,United States,AMGN
2017-11-27 05:00:00,170.5599975585938,171.2599945068359,169.5599975585938,169.7100067138672,131.1106414794922,2150100,2017-11-27,Amgen,Amgen,United States,AMGN
2017-11-28 05:00:00,170.5700073242188,170.6600036621094,169.4299926757812,170.2599945068359,131.5355377197266,2658700,2017-11-28,Amgen,Amgen,United States,AMGN
2017-11-29 05:00:00,171.0,174.0,170.5899963378906,172.2299957275391,133.0574645996094,3244500,2017-11-29,Amgen,Amgen,United States,AMGN
2017-11-30 05:00:00,172.6300048828125,176.0599975585938,172.6300048828125,175.6600036621094,135.7073364257812,3819400,2017-11-30,Amgen,Amgen,United States,AMGN
2017-12-01 05:00:00,174.1600036621094,177.8600006103516,174.0500030517578,177.1999969482422,136.8970489501953,3389900,2017-12-01,Amgen,Amgen,United States,AMGN
2017-12-04 05:00:00,178.4600067138672,180.7400054931641,178.1600036621094,178.6900024414062,138.0481719970703,4417100,2017-12-04,Amgen,Amgen,United States,AMGN
2017-12-05 05:00:00,179.0099945068359,180.7299957275391,177.9400024414062,178.6699981689453,138.0326995849609,3589400,2017-12-05,Amgen,Amgen,United States,AMGN
2017-12-06 05:00:00,179.4499969482422,179.4799957275391,174.6799926757812,176.2200012207031,136.1399993896484,2519700,2017-12-06,Amgen,Amgen,United States,AMGN
2017-12-07 05:00:00,175.6799926757812,176.9400024414062,173.4299926757812,173.9600067138672,134.3939666748047,3102100,2017-12-07,Amgen,Amgen,United States,AMGN
2017-12-08 05:00:00,174.4299926757812,175.9700012207031,173.4299926757812,175.4100036621094,135.5142211914062,3336300,2017-12-08,Amgen,Amgen,United States,AMGN
2017-12-11 05:00:00,176.0899963378906,177.6900024414062,175.0099945068359,176.8300018310547,136.6112823486328,1874000,2017-12-11,Amgen,Amgen,United States,AMGN
2017-12-12 05:00:00,176.8300018310547,176.9900054931641,174.1300048828125,176.2599945068359,136.1709136962891,2193700,2017-12-12,Amgen,Amgen,United States,AMGN
2017-12-13 05:00:00,176.8699951171875,178.2200012207031,175.9700012207031,177.3800048828125,137.0361633300781,3166900,2017-12-13,Amgen,Amgen,United States,AMGN
2017-12-14 05:00:00,177.4400024414062,177.9700012207031,174.5500030517578,174.9199981689453,135.1356353759766,2723600,2017-12-14,Amgen,Amgen,United States,AMGN
2017-12-15 05:00:00,176.3899993896484,177.4100036621094,174.1399993896484,177.0399932861328,136.7734375,5796800,2017-12-15,Amgen,Amgen,United States,AMGN
2017-12-18 05:00:00,177.8600006103516,178.6300048828125,176.0299987792969,176.1399993896484,136.0781707763672,2799200,2017-12-18,Amgen,Amgen,United States,AMGN
2017-12-19 05:00:00,176.1199951171875,177.2799987792969,175.4100036621094,176.8699951171875,136.6421966552734,2705000,2017-12-19,Amgen,Amgen,United States,AMGN
2017-12-20 05:00:00,177.6000061035156,179.1699981689453,177.0399932861328,177.1100006103516,136.8275451660156,3246100,2017-12-20,Amgen,Amgen,United States,AMGN
2017-12-21 05:00:00,177.5700073242188,178.2299957275391,176.4600067138672,176.6799926757812,136.4953308105469,2106400,2017-12-21,Amgen,Amgen,United States,AMGN
2017-12-22 05:00:00,176.6199951171875,177.4900054931641,175.7700042724609,176.4199981689453,136.2944641113281,1477900,2017-12-22,Amgen,Amgen,United States,AMGN
2017-12-26 05:00:00,176.1799926757812,176.9199981689453,175.5,176.0899963378906,136.0395202636719,1339200,2017-12-26,Amgen,Amgen,United States,AMGN
2017-12-27 05:00:00,176.4400024414062,177.2799987792969,176.0899963378906,176.2100067138672,136.1322174072266,1403900,2017-12-27,Amgen,Amgen,United States,AMGN
2017-12-28 05:00:00,176.7700042724609,177.0,175.0599975585938,175.25,135.3905944824219,1637700,2017-12-28,Amgen,Amgen,United States,AMGN
2017-12-29 05:00:00,175.25,176.0599975585938,173.7599945068359,173.8999938964844,134.34765625,1948600,2017-12-29,Amgen,Amgen,United States,AMGN
2018-01-02 05:00:00,175.3500061035156,177.8200073242188,174.4199981689453,177.0,136.7425537109375,2301100,2018-01-02,Amgen,Amgen,United States,AMGN
2018-01-03 05:00:00,176.9100036621094,181.4400024414062,175.7599945068359,180.3399963378906,139.3229370117188,3084000,2018-01-03,Amgen,Amgen,United States,AMGN
2018-01-04 05:00:00,180.6300048828125,180.8600006103516,178.75,179.5800018310547,138.7357788085938,2021100,2018-01-04,Amgen,Amgen,United States,AMGN
2018-01-05 05:00:00,180.8399963378906,180.8800048828125,179.0299987792969,180.6499938964844,139.5623931884766,2211400,2018-01-05,Amgen,Amgen,United States,AMGN
2018-01-08 05:00:00,180.4799957275391,181.25,178.4299926757812,180.6000061035156,139.5237579345703,2356200,2018-01-08,Amgen,Amgen,United States,AMGN
2018-01-09 05:00:00,180.5299987792969,184.5299987792969,180.1199951171875,183.3800048828125,141.6714477539062,3031700,2018-01-09,Amgen,Amgen,United States,AMGN
2018-01-10 05:00:00,182.6600036621094,183.6999969482422,180.3699951171875,182.8600006103516,141.2697143554688,2542700,2018-01-10,Amgen,Amgen,United States,AMGN
2018-01-11 05:00:00,182.8600006103516,182.8600006103516,181.1000061035156,181.9600067138672,140.574462890625,2101300,2018-01-11,Amgen,Amgen,United States,AMGN
2018-01-12 05:00:00,182.3399963378906,185.6100006103516,181.75,185.0399932861328,142.9539031982422,3111400,2018-01-12,Amgen,Amgen,United States,AMGN
2018-01-16 05:00:00,185.6199951171875,187.4499969482422,184.1699981689453,185.5399932861328,143.3401641845703,3374600,2018-01-16,Amgen,Amgen,United States,AMGN
2018-01-17 05:00:00,187.6999969482422,189.3000030517578,185.8999938964844,188.0099945068359,145.2483978271484,4018200,2018-01-17,Amgen,Amgen,United States,AMGN
2018-01-18 05:00:00,187.4499969482422,188.5599975585938,185.5,187.5899963378906,144.9239349365234,3084900,2018-01-18,Amgen,Amgen,United States,AMGN
2018-01-19 05:00:00,188.3600006103516,189.7200012207031,187.6000061035156,189.2799987792969,146.2295532226562,3652300,2018-01-19,Amgen,Amgen,United States,AMGN
2018-01-22 05:00:00,189.7299957275391,192.5700073242188,189.4299926757812,192.3300018310547,148.5858459472656,3579800,2018-01-22,Amgen,Amgen,United States,AMGN
2018-01-23 05:00:00,193.0,196.0299987792969,191.6000061035156,191.9900054931641,148.3231811523438,3486700,2018-01-23,Amgen,Amgen,United States,AMGN
2018-01-24 05:00:00,192.75,192.9400024414062,189.5099945068359,190.6300048828125,147.2725219726562,2765700,2018-01-24,Amgen,Amgen,United States,AMGN
2018-01-25 05:00:00,191.3999938964844,191.8000030517578,188.8999938964844,190.0800018310547,146.8476257324219,2470300,2018-01-25,Amgen,Amgen,United States,AMGN
2018-01-26 05:00:00,191.0500030517578,196.8000030517578,190.9900054931641,196.0099945068359,151.4288635253906,3920300,2018-01-26,Amgen,Amgen,United States,AMGN
2018-01-29 05:00:00,196.2100067138672,201.2299957275391,195.6499938964844,198.0,152.9662170410156,4565700,2018-01-29,Amgen,Amgen,United States,AMGN
2018-01-30 05:00:00,196.1799926757812,196.4700012207031,190.5500030517578,191.2700042724609,147.7669830322266,3990800,2018-01-30,Amgen,Amgen,United States,AMGN
2018-01-31 05:00:00,191.6399993896484,192.2700042724609,184.6499938964844,186.0500030517578,143.7341918945312,4677700,2018-01-31,Amgen,Amgen,United States,AMGN
2018-02-01 05:00:00,185.0,186.8300018310547,182.3300018310547,185.5599975585938,143.3556213378906,4078100,2018-02-01,Amgen,Amgen,United States,AMGN
2018-02-02 05:00:00,183.4600067138672,192.6000061035156,183.0099945068359,187.0099945068359,144.4758453369141,7029400,2018-02-02,Amgen,Amgen,United States,AMGN
2018-02-05 05:00:00,186.8200073242188,188.6000061035156,174.6199951171875,174.75,135.0043029785156,6922800,2018-02-05,Amgen,Amgen,United States,AMGN
2018-02-06 05:00:00,177.9900054931641,180.2799987792969,172.0399932861328,176.6499938964844,136.4721374511719,7527700,2018-02-06,Amgen,Amgen,United States,AMGN
2018-02-07 05:00:00,176.25,180.9900054931641,176.0,177.4700012207031,137.1056671142578,5715700,2018-02-07,Amgen,Amgen,United States,AMGN
2018-02-08 05:00:00,177.9299926757812,180.4199981689453,173.0,173.1199951171875,133.7450561523438,6026800,2018-02-08,Amgen,Amgen,United States,AMGN
2018-02-09 05:00:00,174.1300048828125,175.4600067138672,168.25,173.4600067138672,134.0076751708984,6093900,2018-02-09,Amgen,Amgen,United States,AMGN
2018-02-12 05:00:00,174.3000030517578,176.6699981689453,173.0,174.8699951171875,135.0970153808594,4324800,2018-02-12,Amgen,Amgen,United States,AMGN
2018-02-13 05:00:00,173.8699951171875,176.6999969482422,172.4600067138672,175.9400024414062,135.9236602783203,3834700,2018-02-13,Amgen,Amgen,United States,AMGN
2018-02-14 05:00:00,174.0800018310547,180.3099975585938,174.0599975585938,179.5200042724609,139.7378387451172,5958700,2018-02-14,Amgen,Amgen,United States,AMGN
2018-02-15 05:00:00,180.0,185.0,179.8999938964844,183.6000061035156,142.9136505126953,4493400,2018-02-15,Amgen,Amgen,United States,AMGN
2018-02-16 05:00:00,183.8000030517578,186.1199951171875,182.6799926757812,183.5500030517578,142.8747100830078,4365800,2018-02-16,Amgen,Amgen,United States,AMGN
2018-02-20 05:00:00,182.8899993896484,184.3099975585938,182.1399993896484,182.9799957275391,142.4310760498047,4078400,2018-02-20,Amgen,Amgen,United States,AMGN
2018-02-21 05:00:00,183.1900024414062,185.5,182.3999938964844,182.4299926757812,142.0029144287109,4054600,2018-02-21,Amgen,Amgen,United States,AMGN
2018-02-22 05:00:00,182.5099945068359,185.1600036621094,182.0099945068359,182.4499969482422,142.0185546875,3868200,2018-02-22,Amgen,Amgen,United States,AMGN
2018-02-23 05:00:00,183.6300048828125,186.7899932861328,182.7700042724609,186.6699981689453,145.3033447265625,4163400,2018-02-23,Amgen,Amgen,United States,AMGN
2018-02-26 05:00:00,187.4600067138672,190.3699951171875,187.0299987792969,188.5,146.727783203125,4943600,2018-02-26,Amgen,Amgen,United States,AMGN
2018-02-27 05:00:00,188.8300018310547,190.1000061035156,185.5500030517578,185.7899932861328,144.6183624267578,5016100,2018-02-27,Amgen,Amgen,United States,AMGN
2018-02-28 05:00:00,185.8800048828125,187.3899993896484,183.6900024414062,183.7700042724609,143.0460052490234,4544000,2018-02-28,Amgen,Amgen,United States,AMGN
2018-03-01 05:00:00,184.2100067138672,185.5700073242188,180.3800048828125,183.2899932861328,142.6723327636719,11757800,2018-03-01,Amgen,Amgen,United States,AMGN
2018-03-02 05:00:00,181.0599975585938,185.8000030517578,181.0500030517578,185.0800018310547,144.0656585693359,19115500,2018-03-02,Amgen,Amgen,United States,AMGN
2018-03-05 05:00:00,185.0500030517578,190.6900024414062,185.0,190.1300048828125,147.9965972900391,15187800,2018-03-05,Amgen,Amgen,United States,AMGN
2018-03-06 05:00:00,188.1999969482422,191.6399993896484,186.9299926757812,190.3500061035156,148.1678771972656,18446500,2018-03-06,Amgen,Amgen,United States,AMGN
2018-03-07 05:00:00,189.7299957275391,190.2200012207031,186.4100036621094,187.5299987792969,145.9727630615234,7009900,2018-03-07,Amgen,Amgen,United States,AMGN
2018-03-08 05:00:00,187.8999938964844,188.3999938964844,185.5099945068359,187.1600036621094,145.6847686767578,9192600,2018-03-08,Amgen,Amgen,United States,AMGN
2018-03-09 05:00:00,188.0,191.3800048828125,186.3200073242188,191.1000061035156,148.7516326904297,5674100,2018-03-09,Amgen,Amgen,United States,AMGN
2018-03-12 04:00:00,189.5,190.3899993896484,188.3200073242188,189.3000030517578,147.3505096435547,6972400,2018-03-12,Amgen,Amgen,United States,AMGN
2018-03-13 04:00:00,189.6000061035156,190.8300018310547,188.6300048828125,189.75,147.7008056640625,4712900,2018-03-13,Amgen,Amgen,United States,AMGN
2018-03-14 04:00:00,191.1799926757812,192.6199951171875,189.8000030517578,190.5700073242188,148.3390502929688,3613300,2018-03-14,Amgen,Amgen,United States,AMGN
2018-03-15 04:00:00,190.0500030517578,190.8800048828125,187.9100036621094,189.75,147.7008056640625,3320500,2018-03-15,Amgen,Amgen,United States,AMGN
2018-03-16 04:00:00,189.75,190.25,187.2299957275391,188.2400054931641,146.5254364013672,16878400,2018-03-16,Amgen,Amgen,United States,AMGN
2018-03-19 04:00:00,187.2899932861328,187.9299926757812,180.6699981689453,182.5500030517578,142.0962982177734,3970400,2018-03-19,Amgen,Amgen,United States,AMGN
2018-03-20 04:00:00,183.0599975585938,184.0200042724609,181.1699981689453,182.0299987792969,141.6915740966797,2582200,2018-03-20,Amgen,Amgen,United States,AMGN
2018-03-21 04:00:00,181.4299926757812,184.0399932861328,181.3999938964844,181.5899963378906,141.3491058349609,2531100,2018-03-21,Amgen,Amgen,United States,AMGN
2018-03-22 04:00:00,179.9199981689453,180.75,176.0,176.0800018310547,137.0601348876953,3553000,2018-03-22,Amgen,Amgen,United States,AMGN
2018-03-23 04:00:00,176.5700073242188,179.1799926757812,169.3500061035156,169.4299926757812,131.8837585449219,4529600,2018-03-23,Amgen,Amgen,United States,AMGN
2018-03-26 04:00:00,172.7799987792969,175.8699951171875,170.1100006103516,175.1900024414062,136.3673706054688,4217100,2018-03-26,Amgen,Amgen,United States,AMGN
2018-03-27 04:00:00,176.1600036621094,176.3600006103516,169.8200073242188,171.1499938964844,133.2226257324219,3963100,2018-03-27,Amgen,Amgen,United States,AMGN
2018-03-28 04:00:00,171.3500061035156,172.5,168.0200042724609,170.4600067138672,132.6855621337891,4545900,2018-03-28,Amgen,Amgen,United States,AMGN
2018-03-29 04:00:00,170.9900054931641,172.2400054931641,169.6399993896484,170.4799957275391,132.7010650634766,3769800,2018-03-29,Amgen,Amgen,United States,AMGN
2018-04-02 04:00:00,169.9199981689453,170.5800018310547,163.3099975585938,166.0500030517578,129.2527923583984,4759800,2018-04-02,Amgen,Amgen,United States,AMGN
2018-04-03 04:00:00,166.9700012207031,169.2200012207031,165.0800018310547,168.2200012207031,130.9419097900391,3374000,2018-04-03,Amgen,Amgen,United States,AMGN
2018-04-04 04:00:00,166.1699981689453,174.2700042724609,165.8800048828125,173.5200042724609,135.0674285888672,3796700,2018-04-04,Amgen,Amgen,United States,AMGN
2018-04-05 04:00:00,174.0,174.4299926757812,170.9900054931641,172.0,133.8842468261719,2766600,2018-04-05,Amgen,Amgen,United States,AMGN
2018-04-06 04:00:00,170.8600006103516,171.7200012207031,166.1999969482422,168.1399993896484,130.8795776367188,3747800,2018-04-06,Amgen,Amgen,United States,AMGN
2018-04-09 04:00:00,169.1999969482422,172.9499969482422,167.9900054931641,169.6199951171875,132.0316619873047,3856800,2018-04-09,Amgen,Amgen,United States,AMGN
2018-04-10 04:00:00,170.8899993896484,173.8800048828125,170.1100006103516,173.1300048828125,134.7638244628906,2872300,2018-04-10,Amgen,Amgen,United States,AMGN
2018-04-11 04:00:00,171.8000030517578,174.0700073242188,171.6000061035156,172.4100036621094,134.2033996582031,2575900,2018-04-11,Amgen,Amgen,United States,AMGN
2018-04-12 04:00:00,172.6799926757812,174.1100006103516,170.9600067138672,171.0200042724609,133.1214447021484,3471400,2018-04-12,Amgen,Amgen,United States,AMGN
2018-04-13 04:00:00,172.1100006103516,172.4299926757812,170.7899932861328,171.4799957275391,133.4794921875,2656400,2018-04-13,Amgen,Amgen,United States,AMGN
2018-04-16 04:00:00,172.75,173.1300048828125,171.0700073242188,171.3800048828125,133.4016571044922,2656400,2018-04-16,Amgen,Amgen,United States,AMGN
2018-04-17 04:00:00,173.0,175.6300048828125,171.5800018310547,174.8800048828125,136.1260070800781,3283900,2018-04-17,Amgen,Amgen,United States,AMGN
2018-04-18 04:00:00,174.6100006103516,176.1600036621094,174.4400024414062,175.1100006103516,136.3050689697266,2205600,2018-04-18,Amgen,Amgen,United States,AMGN
2018-04-19 04:00:00,174.4700012207031,175.3999938964844,171.7899932861328,172.9299926757812,134.608154296875,2269400,2018-04-19,Amgen,Amgen,United States,AMGN
2018-04-20 04:00:00,173.1000061035156,173.4700012207031,170.5700073242188,171.5599975585938,133.5417785644531,2958600,2018-04-20,Amgen,Amgen,United States,AMGN
2018-04-23 04:00:00,171.6199951171875,176.9700012207031,171.25,174.6600036621094,135.9547729492188,3568700,2018-04-23,Amgen,Amgen,United States,AMGN
2018-04-24 04:00:00,175.5500030517578,175.7599945068359,170.5299987792969,171.9400024414062,133.8375549316406,4389400,2018-04-24,Amgen,Amgen,United States,AMGN
2018-04-25 04:00:00,173.6600036621094,175.4400024414062,170.3399963378906,174.8300018310547,136.0871276855469,4693800,2018-04-25,Amgen,Amgen,United States,AMGN
2018-04-26 04:00:00,175.4199981689453,176.6799926757812,171.7899932861328,175.3699951171875,136.5074462890625,3682400,2018-04-26,Amgen,Amgen,United States,AMGN
2018-04-27 04:00:00,174.9199981689453,177.9199981689453,174.8600006103516,177.4600067138672,138.1342620849609,2424800,2018-04-27,Amgen,Amgen,United States,AMGN
2018-04-30 04:00:00,177.9100036621094,178.7400054931641,174.3500061035156,174.4799957275391,135.8146667480469,3608700,2018-04-30,Amgen,Amgen,United States,AMGN
2018-05-01 04:00:00,172.1499938964844,173.9900054931641,167.9799957275391,169.2799987792969,131.7669525146484,4799400,2018-05-01,Amgen,Amgen,United States,AMGN
2018-05-02 04:00:00,169.3000030517578,171.0700073242188,168.3000030517578,169.4299926757812,131.8837585449219,4085700,2018-05-02,Amgen,Amgen,United States,AMGN
2018-05-03 04:00:00,169.2799987792969,170.3399963378906,166.0500030517578,166.3899993896484,129.5174407958984,4152900,2018-05-03,Amgen,Amgen,United States,AMGN
2018-05-04 04:00:00,165.9600067138672,169.5,165.2200012207031,167.9799957275391,130.7550811767578,3430000,2018-05-04,Amgen,Amgen,United States,AMGN
2018-05-07 04:00:00,168.5800018310547,169.9299926757812,167.5,168.0599975585938,130.8173675537109,3175800,2018-05-07,Amgen,Amgen,United States,AMGN
2018-05-08 04:00:00,168.8099975585938,170.5,167.5,168.4900054931641,131.152099609375,3937700,2018-05-08,Amgen,Amgen,United States,AMGN
2018-05-09 04:00:00,168.6999969482422,170.5299987792969,167.0899963378906,169.6399993896484,132.0471954345703,2861400,2018-05-09,Amgen,Amgen,United States,AMGN
2018-05-10 04:00:00,170.2599945068359,171.4900054931641,169.3600006103516,170.7700042724609,132.9268188476562,2947100,2018-05-10,Amgen,Amgen,United States,AMGN
2018-05-11 04:00:00,170.3800048828125,174.3500061035156,170.0299987792969,173.8899993896484,135.3554077148438,3740500,2018-05-11,Amgen,Amgen,United States,AMGN
2018-05-14 04:00:00,174.1000061035156,177.8000030517578,173.0399932861328,175.9600067138672,136.9666900634766,3370600,2018-05-14,Amgen,Amgen,United States,AMGN
2018-05-15 04:00:00,174.8099975585938,175.3099975585938,171.1000061035156,172.3399963378906,134.1488952636719,4491700,2018-05-15,Amgen,Amgen,United States,AMGN
2018-05-16 04:00:00,171.3500061035156,174.5800018310547,170.6199951171875,173.8000030517578,136.3295440673828,2494200,2018-05-16,Amgen,Amgen,United States,AMGN
2018-05-17 04:00:00,173.3099975585938,175.4299926757812,172.5299987792969,174.6499938964844,136.9962921142578,2268400,2018-05-17,Amgen,Amgen,United States,AMGN
2018-05-18 04:00:00,176.5099945068359,177.3399963378906,174.6900024414062,176.3000030517578,138.2905578613281,3377200,2018-05-18,Amgen,Amgen,United States,AMGN
2018-05-21 04:00:00,177.1199951171875,177.9400024414062,175.8999938964844,176.4700012207031,138.4238739013672,2557200,2018-05-21,Amgen,Amgen,United States,AMGN
2018-05-22 04:00:00,176.7100067138672,179.5700073242188,176.5099945068359,178.3600006103516,139.9064331054688,2742700,2018-05-22,Amgen,Amgen,United States,AMGN
2018-05-23 04:00:00,177.1199951171875,179.9900054931641,176.6600036621094,179.9400024414062,141.1457977294922,2242000,2018-05-23,Amgen,Amgen,United States,AMGN
2018-05-24 04:00:00,180.0,180.2599945068359,176.9900054931641,177.9600067138672,139.5926513671875,2386100,2018-05-24,Amgen,Amgen,United States,AMGN
2018-05-25 04:00:00,177.9600067138672,179.0800018310547,177.6000061035156,178.2400054931641,139.8123321533203,1812000,2018-05-25,Amgen,Amgen,United States,AMGN
2018-05-29 04:00:00,176.9900054931641,178.3800048828125,175.7700042724609,177.4400024414062,139.1847991943359,2382000,2018-05-29,Amgen,Amgen,United States,AMGN
2018-05-30 04:00:00,178.2899932861328,181.7799987792969,178.0099945068359,180.2400054931641,141.3811340332031,3419200,2018-05-30,Amgen,Amgen,United States,AMGN
2018-05-31 04:00:00,180.3099975585938,180.9499969482422,178.3800048828125,179.6199951171875,140.894775390625,5247200,2018-05-31,Amgen,Amgen,United States,AMGN
2018-06-01 04:00:00,180.75,184.7700042724609,180.3600006103516,183.5700073242188,143.9931945800781,2892800,2018-06-01,Amgen,Amgen,United States,AMGN
2018-06-04 04:00:00,183.1799926757812,185.9700012207031,182.8300018310547,185.4400024414062,145.4600524902344,2298800,2018-06-04,Amgen,Amgen,United States,AMGN
2018-06-05 04:00:00,182.8000030517578,184.7100067138672,179.7899932861328,181.7299957275391,142.5498809814453,3980800,2018-06-05,Amgen,Amgen,United States,AMGN
2018-06-06 04:00:00,182.0099945068359,184.1499938964844,180.8699951171875,183.5500030517578,143.9774932861328,2213100,2018-06-06,Amgen,Amgen,United States,AMGN
2018-06-07 04:00:00,183.4700012207031,184.0500030517578,182.5099945068359,183.3000030517578,143.7814178466797,2729600,2018-06-07,Amgen,Amgen,United States,AMGN
2018-06-08 04:00:00,183.8899993896484,185.6499938964844,183.6000061035156,184.3000030517578,144.5657806396484,2865000,2018-06-08,Amgen,Amgen,United States,AMGN
2018-06-11 04:00:00,184.1399993896484,184.8200073242188,182.9299926757812,184.6100006103516,144.8089447021484,2409400,2018-06-11,Amgen,Amgen,United States,AMGN
2018-06-12 04:00:00,184.2700042724609,185.1199951171875,183.4100036621094,185.0700073242188,145.1697998046875,2045300,2018-06-12,Amgen,Amgen,United States,AMGN
2018-06-13 04:00:00,185.3600006103516,186.5700073242188,183.4499969482422,183.6799926757812,144.0794372558594,2243900,2018-06-13,Amgen,Amgen,United States,AMGN
2018-06-14 04:00:00,184.0899963378906,186.0700073242188,182.6999969482422,185.7899932861328,145.7345733642578,2289600,2018-06-14,Amgen,Amgen,United States,AMGN
2018-06-15 04:00:00,186.4700012207031,186.7400054931641,184.0200042724609,185.0099945068359,145.1227264404297,6474500,2018-06-15,Amgen,Amgen,United States,AMGN
2018-06-18 04:00:00,184.1300048828125,184.5,182.3800048828125,183.9499969482422,144.2912750244141,2370700,2018-06-18,Amgen,Amgen,United States,AMGN
2018-06-19 04:00:00,182.8300018310547,186.3399963378906,182.8300018310547,186.1900024414062,146.0482940673828,2538500,2018-06-19,Amgen,Amgen,United States,AMGN
2018-06-20 04:00:00,186.25,187.5099945068359,184.7400054931641,186.5099945068359,146.29931640625,2415200,2018-06-20,Amgen,Amgen,United States,AMGN
2018-06-21 04:00:00,186.5099945068359,186.5099945068359,184.4199981689453,185.9900054931641,145.8914794921875,2206400,2018-06-21,Amgen,Amgen,United States,AMGN
2018-06-22 04:00:00,186.3099975585938,188.0899963378906,184.8300018310547,185.1499938964844,145.2325439453125,11153100,2018-06-22,Amgen,Amgen,United States,AMGN
2018-06-25 04:00:00,185.0099945068359,186.6900024414062,184.0700073242188,185.3600006103516,145.3972930908203,2678200,2018-06-25,Amgen,Amgen,United States,AMGN
2018-06-26 04:00:00,185.3399963378906,185.9499969482422,183.9799957275391,184.5899963378906,144.7932586669922,2070600,2018-06-26,Amgen,Amgen,United States,AMGN
2018-06-27 04:00:00,184.9199981689453,187.3600006103516,183.4700012207031,183.5299987792969,143.9618225097656,2354800,2018-06-27,Amgen,Amgen,United States,AMGN
2018-06-28 04:00:00,183.1600036621094,184.5800018310547,181.6999969482422,183.3399963378906,143.8127746582031,2286300,2018-06-28,Amgen,Amgen,United States,AMGN
2018-06-29 04:00:00,183.5899963378906,186.0500030517578,183.5899963378906,184.5899963378906,144.7932586669922,2606200,2018-06-29,Amgen,Amgen,United States,AMGN
2018-07-02 04:00:00,184.0899963378906,185.4600067138672,182.6999969482422,185.2899932861328,145.3423614501953,2069800,2018-07-02,Amgen,Amgen,United States,AMGN
2018-07-03 04:00:00,186.4499969482422,187.3999938964844,185.5700073242188,185.7100067138672,145.6717987060547,1348000,2018-07-03,Amgen,Amgen,United States,AMGN
2018-07-05 04:00:00,186.1399993896484,188.1699981689453,185.6100006103516,187.3600006103516,146.9660797119141,1801000,2018-07-05,Amgen,Amgen,United States,AMGN
2018-07-06 04:00:00,188.5700073242188,191.4900054931641,188.0099945068359,191.0099945068359,149.8291473388672,2751600,2018-07-06,Amgen,Amgen,United States,AMGN
2018-07-09 04:00:00,191.5,194.3899993896484,191.1699981689453,194.1699981689453,152.3078918457031,3065500,2018-07-09,Amgen,Amgen,United States,AMGN
2018-07-10 04:00:00,194.1699981689453,196.1499938964844,192.5399932861328,195.6900024414062,153.5001983642578,2757000,2018-07-10,Amgen,Amgen,United States,AMGN
2018-07-11 04:00:00,194.6000061035156,195.1900024414062,192.5200042724609,193.1499938964844,151.5077972412109,2431400,2018-07-11,Amgen,Amgen,United States,AMGN
2018-07-12 04:00:00,194.1900024414062,194.2599945068359,192.5599975585938,194.0800018310547,152.2373046875,2251900,2018-07-12,Amgen,Amgen,United States,AMGN
2018-07-13 04:00:00,194.9900054931641,196.75,193.3800048828125,195.9100036621094,153.6727447509766,2232000,2018-07-13,Amgen,Amgen,United States,AMGN
2018-07-16 04:00:00,195.7100067138672,196.5700073242188,194.1100006103516,194.8800048828125,152.8648071289062,1824800,2018-07-16,Amgen,Amgen,United States,AMGN
2018-07-17 04:00:00,192.3699951171875,194.8999938964844,192.1100006103516,193.9199981689453,152.1117858886719,2567300,2018-07-17,Amgen,Amgen,United States,AMGN
2018-07-18 04:00:00,193.25,194.0,192.0500030517578,192.8000030517578,151.2332000732422,2215800,2018-07-18,Amgen,Amgen,United States,AMGN
2018-07-19 04:00:00,191.8600006103516,192.8500061035156,190.2899932861328,191.7599945068359,150.4174499511719,2539200,2018-07-19,Amgen,Amgen,United States,AMGN
2018-07-20 04:00:00,191.4799957275391,191.4799957275391,189.4900054931641,190.4900054931641,149.4212799072266,2252200,2018-07-20,Amgen,Amgen,United States,AMGN
2018-07-23 04:00:00,190.1100006103516,190.9700012207031,189.1600036621094,189.9700012207031,149.0133514404297,1767000,2018-07-23,Amgen,Amgen,United States,AMGN
2018-07-24 04:00:00,191.25,193.1999969482422,190.5,191.3999938964844,150.1350708007812,2440400,2018-07-24,Amgen,Amgen,United States,AMGN
2018-07-25 04:00:00,191.6199951171875,193.4600067138672,190.7700042724609,193.0399932861328,151.4215240478516,2009300,2018-07-25,Amgen,Amgen,United States,AMGN
2018-07-26 04:00:00,195.0299987792969,195.5899963378906,192.6799926757812,194.0500030517578,152.2137298583984,2835800,2018-07-26,Amgen,Amgen,United States,AMGN
2018-07-27 04:00:00,196.0,196.2200012207031,189.5700073242188,192.4400024414062,150.9508514404297,4100200,2018-07-27,Amgen,Amgen,United States,AMGN
2018-07-30 04:00:00,191.5,192.2100067138672,189.9400024414062,190.6300048828125,149.5310668945312,2984700,2018-07-30,Amgen,Amgen,United States,AMGN
2018-07-31 04:00:00,191.0,197.4900054931641,190.8699951171875,196.5500030517578,154.1747741699219,4429300,2018-07-31,Amgen,Amgen,United States,AMGN
2018-08-01 04:00:00,196.3300018310547,196.9799957275391,194.6999969482422,195.8399963378906,153.6178588867188,2632800,2018-08-01,Amgen,Amgen,United States,AMGN
2018-08-02 04:00:00,194.6399993896484,197.4199981689453,192.7299957275391,196.3800048828125,154.0413665771484,2500400,2018-08-02,Amgen,Amgen,United States,AMGN
2018-08-03 04:00:00,196.2700042724609,198.4100036621094,196.1000061035156,197.9900054931641,155.3043212890625,2176200,2018-08-03,Amgen,Amgen,United States,AMGN
2018-08-06 04:00:00,197.4400024414062,199.8300018310547,196.5200042724609,197.6100006103516,155.0062255859375,1913800,2018-08-06,Amgen,Amgen,United States,AMGN
2018-08-07 04:00:00,197.6900024414062,200.8999938964844,197.6399993896484,200.3999938964844,157.1947326660156,2349800,2018-08-07,Amgen,Amgen,United States,AMGN
2018-08-08 04:00:00,198.5,198.5,195.0700073242188,196.1999969482422,153.9002532958984,3145900,2018-08-08,Amgen,Amgen,United States,AMGN
2018-08-09 04:00:00,195.4299926757812,196.3200073242188,193.8300018310547,193.9700012207031,152.1509857177734,2766500,2018-08-09,Amgen,Amgen,United States,AMGN
2018-08-10 04:00:00,193.3000030517578,195.1799926757812,192.2599945068359,194.4199981689453,152.5039520263672,1769100,2018-08-10,Amgen,Amgen,United States,AMGN
2018-08-13 04:00:00,194.6900024414062,196.3200073242188,193.7200012207031,195.6100006103516,153.4373931884766,1802900,2018-08-13,Amgen,Amgen,United States,AMGN
2018-08-14 04:00:00,195.9400024414062,196.9600067138672,194.8899993896484,195.7599945068359,153.5550689697266,1240200,2018-08-14,Amgen,Amgen,United States,AMGN
2018-08-15 04:00:00,194.8300018310547,195.4799957275391,192.8899993896484,195.2599945068359,153.162841796875,1900200,2018-08-15,Amgen,Amgen,United States,AMGN
2018-08-16 04:00:00,194.4600067138672,197.1300048828125,192.7299957275391,196.4400024414062,155.1372222900391,2361700,2018-08-16,Amgen,Amgen,United States,AMGN
2018-08-17 04:00:00,196.2400054931641,198.5099945068359,195.2799987792969,197.4199981689453,155.9112243652344,2183800,2018-08-17,Amgen,Amgen,United States,AMGN
2018-08-20 04:00:00,197.8899993896484,198.5,196.8699951171875,197.5599975585938,156.0217437744141,1747900,2018-08-20,Amgen,Amgen,United States,AMGN
2018-08-21 04:00:00,197.9299926757812,198.3999938964844,196.7299957275391,197.3099975585938,155.8243103027344,1666900,2018-08-21,Amgen,Amgen,United States,AMGN
2018-08-22 04:00:00,197.1499938964844,198.75,195.8300018310547,197.8399963378906,156.2428436279297,1709300,2018-08-22,Amgen,Amgen,United States,AMGN
2018-08-23 04:00:00,197.3699951171875,197.75,195.6199951171875,196.6000061035156,155.2636260986328,1351200,2018-08-23,Amgen,Amgen,United States,AMGN
2018-08-24 04:00:00,196.8800048828125,197.5,195.6000061035156,196.6399993896484,155.2951812744141,1358500,2018-08-24,Amgen,Amgen,United States,AMGN
2018-08-27 04:00:00,197.5200042724609,198.6600036621094,196.7899932861328,198.6000061035156,156.8430938720703,2034400,2018-08-27,Amgen,Amgen,United States,AMGN
2018-08-28 04:00:00,199.0200042724609,199.8300018310547,198.0,198.6199951171875,156.85888671875,1644200,2018-08-28,Amgen,Amgen,United States,AMGN
2018-08-29 04:00:00,197.7899932861328,200.0,196.9199981689453,199.75,157.7512817382812,1775100,2018-08-29,Amgen,Amgen,United States,AMGN
2018-08-30 04:00:00,199.5800018310547,200.6900024414062,198.6999969482422,200.3500061035156,158.2251281738281,1992500,2018-08-30,Amgen,Amgen,United States,AMGN
2018-08-31 04:00:00,199.8300018310547,200.4700012207031,198.3899993896484,199.8099975585938,157.7986602783203,2981400,2018-08-31,Amgen,Amgen,United States,AMGN
2018-09-04 04:00:00,199.25,199.75,195.3300018310547,196.7299957275391,155.3662414550781,2293500,2018-09-04,Amgen,Amgen,United States,AMGN
2018-09-05 04:00:00,197.1300048828125,198.6699981689453,196.8500061035156,197.75,156.1717987060547,1809000,2018-09-05,Amgen,Amgen,United States,AMGN
2018-09-06 04:00:00,197.5500030517578,198.5899963378906,195.1199951171875,196.1499938964844,154.9081878662109,1797300,2018-09-06,Amgen,Amgen,United States,AMGN
2018-09-07 04:00:00,195.4299926757812,197.5500030517578,194.75,196.3000030517578,155.0266265869141,2604100,2018-09-07,Amgen,Amgen,United States,AMGN
2018-09-10 04:00:00,197.3600006103516,203.6900024414062,196.3899993896484,202.5,159.9231109619141,4310800,2018-09-10,Amgen,Amgen,United States,AMGN
2018-09-11 04:00:00,201.0,203.0,199.2700042724609,199.4700012207031,157.5301666259766,3386000,2018-09-11,Amgen,Amgen,United States,AMGN
2018-09-12 04:00:00,199.6799926757812,201.5,198.1399993896484,199.5,157.5538940429688,2133500,2018-09-12,Amgen,Amgen,United States,AMGN
2018-09-13 04:00:00,200.2400054931641,203.0899963378906,199.4100036621094,202.9299926757812,160.2626800537109,2780200,2018-09-13,Amgen,Amgen,United States,AMGN
2018-09-14 04:00:00,203.6399993896484,204.4199981689453,200.0,200.5800018310547,158.4067687988281,2504200,2018-09-14,Amgen,Amgen,United States,AMGN
2018-09-17 04:00:00,200.2899932861328,201.4499969482422,199.5099945068359,200.8099975585938,158.5883941650391,1950100,2018-09-17,Amgen,Amgen,United States,AMGN
2018-09-18 04:00:00,200.4199981689453,203.8699951171875,199.1999969482422,202.3399963378906,159.7967071533203,1982300,2018-09-18,Amgen,Amgen,United States,AMGN
2018-09-19 04:00:00,202.6900024414062,204.3999938964844,201.5700073242188,203.1999969482422,160.4758758544922,2204600,2018-09-19,Amgen,Amgen,United States,AMGN
2018-09-20 04:00:00,203.6000061035156,205.25,203.0200042724609,205.1000061035156,161.9764251708984,2225000,2018-09-20,Amgen,Amgen,United States,AMGN
2018-09-21 04:00:00,205.6600036621094,206.6199951171875,204.1699981689453,205.1000061035156,161.9764251708984,7314000,2018-09-21,Amgen,Amgen,United States,AMGN
2018-09-24 04:00:00,204.5299987792969,207.6699981689453,204.1100006103516,207.2100067138672,163.6427764892578,2642000,2018-09-24,Amgen,Amgen,United States,AMGN
2018-09-25 04:00:00,208.2799987792969,208.8999938964844,206.2599945068359,206.4600067138672,163.0504913330078,2556200,2018-09-25,Amgen,Amgen,United States,AMGN
2018-09-26 04:00:00,206.2899932861328,208.8800048828125,206.2899932861328,206.8300018310547,163.3426666259766,2162600,2018-09-26,Amgen,Amgen,United States,AMGN
2018-09-27 04:00:00,207.4100036621094,210.1900024414062,206.8399963378906,208.8899993896484,164.9695892333984,2571200,2018-09-27,Amgen,Amgen,United States,AMGN
2018-09-28 04:00:00,208.5399932861328,208.8000030517578,206.7700042724609,207.2899932861328,163.7059326171875,3238200,2018-09-28,Amgen,Amgen,United States,AMGN
2018-10-01 04:00:00,207.7299957275391,209.3399963378906,206.6199951171875,206.9100036621094,163.4058685302734,2518100,2018-10-01,Amgen,Amgen,United States,AMGN
2018-10-02 04:00:00,206.4199981689453,208.1000061035156,206.0899963378906,207.6699981689453,164.0060729980469,2172100,2018-10-02,Amgen,Amgen,United States,AMGN
2018-10-03 04:00:00,208.25,208.25,206.6399993896484,206.8999938964844,163.39794921875,2258800,2018-10-03,Amgen,Amgen,United States,AMGN
2018-10-04 04:00:00,206.0899963378906,207.1499938964844,200.8099975585938,203.4700012207031,160.6891632080078,3219800,2018-10-04,Amgen,Amgen,United States,AMGN
2018-10-05 04:00:00,204.4499969482422,206.0899963378906,201.8300018310547,204.0200042724609,161.1235046386719,2481000,2018-10-05,Amgen,Amgen,United States,AMGN
2018-10-08 04:00:00,203.3699951171875,206.1300048828125,203.2299957275391,205.5700073242188,162.3475952148438,2878100,2018-10-08,Amgen,Amgen,United States,AMGN
2018-10-09 04:00:00,205.75,208.0800018310547,204.4900054931641,206.0,162.6872100830078,2509100,2018-10-09,Amgen,Amgen,United States,AMGN
2018-10-10 04:00:00,205.0,206.3500061035156,200.7700042724609,201.1999969482422,158.8964385986328,4148000,2018-10-10,Amgen,Amgen,United States,AMGN
2018-10-11 04:00:00,201.5500030517578,202.9600067138672,192.3800048828125,193.8500061035156,153.0918273925781,4175000,2018-10-11,Amgen,Amgen,United States,AMGN
2018-10-12 04:00:00,195.6199951171875,198.0899963378906,194.1499938964844,197.3899993896484,155.8874664306641,3231400,2018-10-12,Amgen,Amgen,United States,AMGN
2018-10-15 04:00:00,196.1999969482422,198.4100036621094,195.0,195.5899963378906,154.4659576416016,2091100,2018-10-15,Amgen,Amgen,United States,AMGN
2018-10-16 04:00:00,197.2200012207031,202.6799926757812,196.2200012207031,202.3399963378906,159.7967071533203,2261500,2018-10-16,Amgen,Amgen,United States,AMGN
2018-10-17 04:00:00,201.4100036621094,203.3099975585938,198.9400024414062,202.7700042724609,160.1363067626953,2459700,2018-10-17,Amgen,Amgen,United States,AMGN
2018-10-18 04:00:00,203.1699981689453,204.5099945068359,200.2799987792969,202.7200012207031,160.0968475341797,2433600,2018-10-18,Amgen,Amgen,United States,AMGN
2018-10-19 04:00:00,202.7400054931641,205.1199951171875,201.4499969482422,201.8000030517578,159.3702697753906,2692500,2018-10-19,Amgen,Amgen,United States,AMGN
2018-10-22 04:00:00,201.1600036621094,201.8000030517578,197.4700012207031,198.0200042724609,156.3850402832031,2717500,2018-10-22,Amgen,Amgen,United States,AMGN
2018-10-23 04:00:00,196.3000030517578,199.0899963378906,193.7200012207031,197.6399993896484,156.0849304199219,2553500,2018-10-23,Amgen,Amgen,United States,AMGN
2018-10-24 04:00:00,196.9400024414062,197.9600067138672,187.3699951171875,187.8800048828125,148.3770599365234,4288300,2018-10-24,Amgen,Amgen,United States,AMGN
2018-10-25 04:00:00,188.6600036621094,190.5,181.3099975585938,188.1000061035156,148.55078125,4983700,2018-10-25,Amgen,Amgen,United States,AMGN
2018-10-26 04:00:00,185.3999938964844,187.3300018310547,183.2799987792969,185.9799957275391,146.8765258789062,4580400,2018-10-26,Amgen,Amgen,United States,AMGN
2018-10-29 04:00:00,189.3200073242188,190.9100036621094,184.8000030517578,188.1900024414062,148.6218414306641,3829500,2018-10-29,Amgen,Amgen,United States,AMGN
2018-10-30 04:00:00,189.4299926757812,191.0,187.0299987792969,189.0800018310547,149.32470703125,4040600,2018-10-30,Amgen,Amgen,United States,AMGN
2018-10-31 04:00:00,189.0800018310547,195.3300018310547,189.0399932861328,192.7899932861328,152.2546844482422,4541000,2018-10-31,Amgen,Amgen,United States,AMGN
2018-11-01 04:00:00,192.8099975585938,194.3800048828125,190.9600067138672,192.8999938964844,152.341552734375,2827300,2018-11-01,Amgen,Amgen,United States,AMGN
2018-11-02 04:00:00,194.2899932861328,195.3500061035156,185.8300018310547,187.0599975585938,147.7294311523438,3696300,2018-11-02,Amgen,Amgen,United States,AMGN
2018-11-05 05:00:00,187.6799926757812,190.7200012207031,187.5500030517578,189.9199981689453,149.9881134033203,2713500,2018-11-05,Amgen,Amgen,United States,AMGN
2018-11-06 05:00:00,190.2100067138672,192.6999969482422,189.5200042724609,190.75,150.6436004638672,2139000,2018-11-06,Amgen,Amgen,United States,AMGN
2018-11-07 05:00:00,192.8099975585938,197.7299957275391,192.0099945068359,197.6199951171875,156.0691528320312,3077800,2018-11-07,Amgen,Amgen,United States,AMGN
2018-11-08 05:00:00,197.5399932861328,198.2799987792969,195.2799987792969,196.0200042724609,154.8055725097656,2636600,2018-11-08,Amgen,Amgen,United States,AMGN
2018-11-09 05:00:00,195.3699951171875,196.9100036621094,192.1799926757812,193.1600036621094,152.5468597412109,2344900,2018-11-09,Amgen,Amgen,United States,AMGN
2018-11-12 05:00:00,193.6499938964844,194.7200012207031,190.4799957275391,191.5599975585938,151.2833099365234,2109100,2018-11-12,Amgen,Amgen,United States,AMGN
2018-11-13 05:00:00,192.9100036621094,194.8200073242188,191.0299987792969,191.5500030517578,151.2753753662109,2232200,2018-11-13,Amgen,Amgen,United States,AMGN
2018-11-14 05:00:00,192.0299987792969,193.3999938964844,189.6600036621094,190.3600006103516,150.3356170654297,2850300,2018-11-14,Amgen,Amgen,United States,AMGN
2018-11-15 05:00:00,188.3399963378906,192.6300048828125,187.1199951171875,192.4499969482422,153.0474243164062,2607100,2018-11-15,Amgen,Amgen,United States,AMGN
2018-11-16 05:00:00,192.3600006103516,195.2400054931641,191.6900024414062,194.1799926757812,154.4232330322266,3862300,2018-11-16,Amgen,Amgen,United States,AMGN
2018-11-19 05:00:00,194.9199981689453,196.7700042724609,192.8699951171875,194.9100036621094,155.0037994384766,2629900,2018-11-19,Amgen,Amgen,United States,AMGN
2018-11-20 05:00:00,196.3200073242188,198.6799926757812,192.7599945068359,196.4400024414062,156.2205200195312,3288800,2018-11-20,Amgen,Amgen,United States,AMGN
2018-11-21 05:00:00,195.1699981689453,197.5500030517578,192.6100006103516,192.7700042724609,153.3019409179688,2173600,2018-11-21,Amgen,Amgen,United States,AMGN
2018-11-23 05:00:00,191.25,194.4799957275391,190.7700042724609,192.5700073242188,153.1428527832031,1349200,2018-11-23,Amgen,Amgen,United States,AMGN
2018-11-26 05:00:00,194.9400024414062,196.3099975585938,192.4900054931641,194.3000030517578,154.5186309814453,2194600,2018-11-26,Amgen,Amgen,United States,AMGN
2018-11-27 05:00:00,193.1600036621094,197.2299957275391,191.8699951171875,197.1000061035156,156.7453918457031,2329200,2018-11-27,Amgen,Amgen,United States,AMGN
2018-11-28 05:00:00,196.9600067138672,202.0200042724609,196.0599975585938,201.4199981689453,160.1809234619141,2617800,2018-11-28,Amgen,Amgen,United States,AMGN
2018-11-29 05:00:00,199.7799987792969,204.0,199.5299987792969,202.3699951171875,160.9363861083984,1937800,2018-11-29,Amgen,Amgen,United States,AMGN
2018-11-30 05:00:00,202.1499938964844,208.9900054931641,201.7899932861328,208.25,165.6125183105469,4537200,2018-11-30,Amgen,Amgen,United States,AMGN
2018-12-03 05:00:00,208.1000061035156,208.3000030517578,200.3800048828125,202.9299926757812,161.3817138671875,4035300,2018-12-03,Amgen,Amgen,United States,AMGN
2018-12-04 05:00:00,204.6000061035156,205.7400054931641,197.2899932861328,197.7599945068359,157.2702484130859,3881100,2018-12-04,Amgen,Amgen,United States,AMGN
2018-12-06 05:00:00,195.7200012207031,199.0099945068359,193.1999969482422,199.0099945068359,158.2642669677734,3437300,2018-12-06,Amgen,Amgen,United States,AMGN
2018-12-07 05:00:00,197.8899993896484,198.3999938964844,191.0500030517578,191.4400024414062,152.2442474365234,3152400,2018-12-07,Amgen,Amgen,United States,AMGN
2018-12-10 05:00:00,193.0299987792969,194.7899932861328,188.1900024414062,194.0899963378906,154.3516387939453,2718300,2018-12-10,Amgen,Amgen,United States,AMGN
2018-12-11 05:00:00,195.9100036621094,198.4100036621094,194.3399963378906,196.1799926757812,156.0137329101562,3047500,2018-12-11,Amgen,Amgen,United States,AMGN
2018-12-12 05:00:00,198.0899963378906,199.4400024414062,196.3000030517578,196.4100036621094,156.1966552734375,2665600,2018-12-12,Amgen,Amgen,United States,AMGN
2018-12-13 05:00:00,196.7700042724609,197.6600036621094,195.2200012207031,197.5299987792969,157.0873718261719,2129800,2018-12-13,Amgen,Amgen,United States,AMGN
2018-12-14 05:00:00,195.0399932861328,196.1499938964844,191.6600036621094,192.0700073242188,152.7452545166016,2981300,2018-12-14,Amgen,Amgen,United States,AMGN
2018-12-17 05:00:00,192.2400054931641,194.4499969482422,188.6399993896484,190.0800018310547,151.1626892089844,2919400,2018-12-17,Amgen,Amgen,United States,AMGN
2018-12-18 05:00:00,191.4400024414062,191.9400024414062,184.4100036621094,187.1000061035156,148.7928161621094,3164300,2018-12-18,Amgen,Amgen,United States,AMGN
2018-12-19 05:00:00,187.0200042724609,191.7599945068359,182.5299987792969,185.4900054931641,147.512451171875,3995400,2018-12-19,Amgen,Amgen,United States,AMGN
2018-12-20 05:00:00,185.0599975585938,186.5399932861328,182.7200012207031,184.9600067138672,147.0909423828125,3806200,2018-12-20,Amgen,Amgen,United States,AMGN
2018-12-21 05:00:00,183.8500061035156,187.6100006103516,179.2100067138672,180.2100067138672,143.3134613037109,7829800,2018-12-21,Amgen,Amgen,United States,AMGN
2018-12-24 05:00:00,179.5,182.9299926757812,178.2899932861328,178.3999938964844,141.8740234375,2205100,2018-12-24,Amgen,Amgen,United States,AMGN
2018-12-26 05:00:00,179.0399932861328,188.0299987792969,178.8800048828125,187.8600006103516,149.3972015380859,2868200,2018-12-26,Amgen,Amgen,United States,AMGN
2018-12-27 05:00:00,185.3600006103516,190.4100036621094,183.6199951171875,190.3300018310547,151.3615112304688,3137900,2018-12-27,Amgen,Amgen,United States,AMGN
2018-12-28 05:00:00,191.6300048828125,194.5899963378906,190.0599975585938,190.7299957275391,151.6795349121094,2477500,2018-12-28,Amgen,Amgen,United States,AMGN
2018-12-31 05:00:00,191.9299926757812,195.8000030517578,191.6100006103516,194.6699981689453,154.8129119873047,2764800,2018-12-31,Amgen,Amgen,United States,AMGN
2019-01-02 05:00:00,192.5200042724609,193.1999969482422,188.9499969482422,191.8999938964844,152.6100158691406,3009100,2019-01-02,Amgen,Amgen,United States,AMGN
2019-01-03 05:00:00,192.1499938964844,194.1799926757812,188.6699981689453,188.9799957275391,150.2878570556641,3973900,2019-01-03,Amgen,Amgen,United States,AMGN
2019-01-04 05:00:00,191.4600067138672,196.5200042724609,190.8399963378906,195.4400024414062,155.4252014160156,4193400,2019-01-04,Amgen,Amgen,United States,AMGN
2019-01-07 05:00:00,194.7599945068359,199.3600006103516,194.0,198.0700073242188,157.5167541503906,3032500,2019-01-07,Amgen,Amgen,United States,AMGN
2019-01-08 05:00:00,199.1999969482422,201.1199951171875,196.6799926757812,200.6100006103516,159.5367279052734,3290300,2019-01-08,Amgen,Amgen,United States,AMGN
2019-01-09 05:00:00,202.3600006103516,202.8999938964844,199.6300048828125,200.3699951171875,159.3458251953125,2869700,2019-01-09,Amgen,Amgen,United States,AMGN
2019-01-10 05:00:00,200.3699951171875,203.5200042724609,199.4700012207031,202.6799926757812,161.1829223632812,3131300,2019-01-10,Amgen,Amgen,United States,AMGN
2019-01-11 05:00:00,200.6399993896484,200.9900054931641,198.0,200.5599975585938,159.4969635009766,3379700,2019-01-11,Amgen,Amgen,United States,AMGN
2019-01-14 05:00:00,199.4900054931641,200.0,196.6600036621094,196.7799987792969,156.4909057617188,3378600,2019-01-14,Amgen,Amgen,United States,AMGN
2019-01-15 05:00:00,196.3000030517578,199.9900054931641,196.0399932861328,199.3800048828125,158.5585784912109,2859800,2019-01-15,Amgen,Amgen,United States,AMGN
2019-01-16 05:00:00,199.3000030517578,200.4400024414062,197.6000061035156,198.8899993896484,158.1688842773438,3302400,2019-01-16,Amgen,Amgen,United States,AMGN
2019-01-17 05:00:00,198.3800048828125,202.5299987792969,197.9799957275391,201.9199981689453,160.5785217285156,2440200,2019-01-17,Amgen,Amgen,United States,AMGN
2019-01-18 05:00:00,203.3300018310547,204.3300018310547,201.0399932861328,203.8800048828125,162.1371765136719,3095000,2019-01-18,Amgen,Amgen,United States,AMGN
2019-01-22 05:00:00,202.6199951171875,203.4799957275391,200.7799987792969,201.9799957275391,160.6262054443359,3173100,2019-01-22,Amgen,Amgen,United States,AMGN
2019-01-23 05:00:00,201.9900054931641,203.9499969482422,200.1300048828125,201.5599975585938,160.2921905517578,1917500,2019-01-23,Amgen,Amgen,United States,AMGN
2019-01-24 05:00:00,201.6100006103516,202.3999938964844,199.7400054931641,200.9700012207031,159.8230133056641,2390800,2019-01-24,Amgen,Amgen,United States,AMGN
2019-01-25 05:00:00,201.9499969482422,202.2299957275391,196.8800048828125,198.7700042724609,158.0734100341797,4383600,2019-01-25,Amgen,Amgen,United States,AMGN
2019-01-28 05:00:00,194.9700012207031,194.9700012207031,190.0099945068359,191.9499969482422,152.6498107910156,4186200,2019-01-28,Amgen,Amgen,United States,AMGN
2019-01-29 05:00:00,192.1799926757812,193.6699981689453,190.8000030517578,192.1100006103516,152.7770080566406,3182100,2019-01-29,Amgen,Amgen,United States,AMGN
2019-01-30 05:00:00,188.8899993896484,189.7599945068359,179.6499938964844,184.8600006103516,147.0114135742188,8089100,2019-01-30,Amgen,Amgen,United States,AMGN
2019-01-31 05:00:00,184.7799987792969,187.6000061035156,183.9100036621094,187.1100006103516,148.8007507324219,4397900,2019-01-31,Amgen,Amgen,United States,AMGN
2019-02-01 05:00:00,186.5099945068359,187.8300018310547,185.5599975585938,187.0700073242188,148.7689208984375,2488900,2019-02-01,Amgen,Amgen,United States,AMGN
2019-02-04 05:00:00,186.9600067138672,187.1399993896484,184.2899932861328,186.1799926757812,148.0611267089844,2930900,2019-02-04,Amgen,Amgen,United States,AMGN
2019-02-05 05:00:00,186.1999969482422,189.0599975585938,185.7200012207031,188.3099975585938,149.7550964355469,4933300,2019-02-05,Amgen,Amgen,United States,AMGN
2019-02-06 05:00:00,188.3099975585938,191.8699951171875,188.1100006103516,190.7599945068359,151.7034606933594,3322400,2019-02-06,Amgen,Amgen,United States,AMGN
2019-02-07 05:00:00,190.6699981689453,190.6699981689453,182.6699981689453,184.2299957275391,146.5104217529297,4188100,2019-02-07,Amgen,Amgen,United States,AMGN
2019-02-08 05:00:00,183.4100036621094,186.0500030517578,183.4100036621094,186.0,147.9179992675781,2601000,2019-02-08,Amgen,Amgen,United States,AMGN
2019-02-11 05:00:00,186.7899932861328,187.1100006103516,185.5099945068359,185.7899932861328,147.7509765625,2867300,2019-02-11,Amgen,Amgen,United States,AMGN
2019-02-12 05:00:00,187.3300018310547,188.9600067138672,186.4299926757812,188.4299926757812,149.8504943847656,2412400,2019-02-12,Amgen,Amgen,United States,AMGN
2019-02-13 05:00:00,189.2200012207031,190.1199951171875,188.3999938964844,188.9799957275391,150.2878570556641,2166000,2019-02-13,Amgen,Amgen,United States,AMGN
2019-02-14 05:00:00,187.5899963378906,187.8000030517578,185.7599945068359,186.6799926757812,149.6066436767578,2611500,2019-02-14,Amgen,Amgen,United States,AMGN
2019-02-15 05:00:00,188.0700073242188,189.1000061035156,185.9900054931641,188.3399963378906,150.93701171875,3314600,2019-02-15,Amgen,Amgen,United States,AMGN
2019-02-19 05:00:00,187.7899932861328,188.4700012207031,186.8500061035156,186.9700012207031,149.8390808105469,2267500,2019-02-19,Amgen,Amgen,United States,AMGN
2019-02-20 05:00:00,187.1900024414062,189.2200012207031,186.4799957275391,186.9199981689453,149.7990112304688,3046400,2019-02-20,Amgen,Amgen,United States,AMGN
2019-02-21 05:00:00,186.3899993896484,187.3999938964844,184.75,185.5,148.6610107421875,2947600,2019-02-21,Amgen,Amgen,United States,AMGN
2019-02-22 05:00:00,185.8899993896484,188.8600006103516,185.8099975585938,187.5,150.2638092041016,2774100,2019-02-22,Amgen,Amgen,United States,AMGN
2019-02-25 05:00:00,188.6600036621094,190.4700012207031,187.8899993896484,189.8099975585938,152.1150817871094,3182600,2019-02-25,Amgen,Amgen,United States,AMGN
2019-02-26 05:00:00,189.5599975585938,191.6499938964844,189.3600006103516,190.0800018310547,152.3314971923828,2431000,2019-02-26,Amgen,Amgen,United States,AMGN
2019-02-27 05:00:00,188.7400054931641,192.1900024414062,188.6600036621094,191.4199981689453,153.4053344726562,1886200,2019-02-27,Amgen,Amgen,United States,AMGN
2019-02-28 05:00:00,191.3800048828125,191.6300048828125,189.7299957275391,190.0800018310547,152.3314971923828,2776200,2019-02-28,Amgen,Amgen,United States,AMGN
2019-03-01 05:00:00,191.3899993896484,192.0599975585938,190.4700012207031,191.1600036621094,153.1969909667969,2409400,2019-03-01,Amgen,Amgen,United States,AMGN
2019-03-04 05:00:00,191.8200073242188,192.1199951171875,187.4100036621094,189.7799987792969,152.0910339355469,2274800,2019-03-04,Amgen,Amgen,United States,AMGN
2019-03-05 05:00:00,190.0,190.6699981689453,188.7899932861328,188.8200073242188,151.3217315673828,3445200,2019-03-05,Amgen,Amgen,United States,AMGN
2019-03-06 05:00:00,188.8800048828125,189.3699951171875,182.4299926757812,183.1499938964844,146.7776947021484,3956100,2019-03-06,Amgen,Amgen,United States,AMGN
2019-03-07 05:00:00,182.9199981689453,183.1600036621094,180.6000061035156,181.4600067138672,145.4233551025391,3421700,2019-03-07,Amgen,Amgen,United States,AMGN
2019-03-08 05:00:00,180.6000061035156,181.3099975585938,179.0099945068359,180.8699951171875,144.9505157470703,2750900,2019-03-08,Amgen,Amgen,United States,AMGN
2019-03-11 04:00:00,181.8399963378906,184.6000061035156,181.3999938964844,184.1399993896484,147.5711059570312,2816900,2019-03-11,Amgen,Amgen,United States,AMGN
2019-03-12 04:00:00,184.6100006103516,184.9499969482422,183.5200042724609,184.1799926757812,147.6031341552734,2677500,2019-03-12,Amgen,Amgen,United States,AMGN
2019-03-13 04:00:00,184.6999969482422,188.3399963378906,184.1900024414062,187.3500061035156,150.1436309814453,2719700,2019-03-13,Amgen,Amgen,United States,AMGN
2019-03-14 04:00:00,187.5299987792969,188.8600006103516,185.8899993896484,187.7599945068359,150.4721984863281,2909600,2019-03-14,Amgen,Amgen,United States,AMGN
2019-03-15 04:00:00,188.4600067138672,191.6399993896484,188.1000061035156,191.2400054931641,153.2610931396484,6865000,2019-03-15,Amgen,Amgen,United States,AMGN
2019-03-18 04:00:00,191.0800018310547,192.5200042724609,190.1900024414062,191.3099975585938,153.3172149658203,2430200,2019-03-18,Amgen,Amgen,United States,AMGN
2019-03-19 04:00:00,191.9299926757812,192.7599945068359,190.9199981689453,191.4900054931641,153.4614715576172,2268700,2019-03-19,Amgen,Amgen,United States,AMGN
2019-03-20 04:00:00,191.5,192.7700042724609,189.8699951171875,191.1199951171875,153.1649169921875,2378700,2019-03-20,Amgen,Amgen,United States,AMGN
2019-03-21 04:00:00,189.7299957275391,192.3699951171875,189.1799926757812,191.8899993896484,153.7820434570312,2292900,2019-03-21,Amgen,Amgen,United States,AMGN
2019-03-22 04:00:00,190.9600067138672,192.8699951171875,186.5500030517578,186.6999969482422,149.6227111816406,3144700,2019-03-22,Amgen,Amgen,United States,AMGN
2019-03-25 04:00:00,186.6399993896484,187.7799987792969,185.0399932861328,186.5899963378906,149.5345916748047,2523700,2019-03-25,Amgen,Amgen,United States,AMGN
2019-03-26 04:00:00,187.5500030517578,189.5899963378906,187.0299987792969,188.2700042724609,150.8809051513672,2359100,2019-03-26,Amgen,Amgen,United States,AMGN
2019-03-27 04:00:00,188.25,188.6000061035156,185.2200012207031,186.3200073242188,149.3181762695312,2022600,2019-03-27,Amgen,Amgen,United States,AMGN
2019-03-28 04:00:00,187.0800018310547,187.8899993896484,186.0,187.6499938964844,150.384033203125,1885600,2019-03-28,Amgen,Amgen,United States,AMGN
2019-03-29 04:00:00,189.3699951171875,191.0,188.5,189.9799957275391,152.2513122558594,3189700,2019-03-29,Amgen,Amgen,United States,AMGN
2019-04-01 04:00:00,191.1399993896484,192.5599975585938,190.5099945068359,191.7700042724609,153.6858825683594,2660500,2019-04-01,Amgen,Amgen,United States,AMGN
2019-04-02 04:00:00,191.8099975585938,192.8200073242188,191.1999969482422,192.4299926757812,154.2147827148438,2141800,2019-04-02,Amgen,Amgen,United States,AMGN
2019-04-03 04:00:00,193.1799926757812,193.8699951171875,191.7100067138672,192.9199981689453,154.6074523925781,1948100,2019-04-03,Amgen,Amgen,United States,AMGN
2019-04-04 04:00:00,192.8500061035156,194.4299926757812,190.9900054931641,192.3300018310547,154.1345977783203,1785900,2019-04-04,Amgen,Amgen,United States,AMGN
2019-04-05 04:00:00,193.8800048828125,196.8699951171875,193.3000030517578,195.4100036621094,156.6029815673828,2163300,2019-04-05,Amgen,Amgen,United States,AMGN
2019-04-08 04:00:00,194.5299987792969,195.3099975585938,192.5599975585938,194.8800048828125,156.1782073974609,1629800,2019-04-08,Amgen,Amgen,United States,AMGN
2019-04-09 04:00:00,193.5899963378906,194.0,192.5099945068359,192.9799957275391,154.6555633544922,1872600,2019-04-09,Amgen,Amgen,United States,AMGN
2019-04-10 04:00:00,194.1499938964844,195.0,192.3399963378906,193.8899993896484,155.3848266601562,1653200,2019-04-10,Amgen,Amgen,United States,AMGN
2019-04-11 04:00:00,194.5700073242188,194.7899932861328,190.6499938964844,192.1100006103516,153.9582977294922,2082600,2019-04-11,Amgen,Amgen,United States,AMGN
2019-04-12 04:00:00,193.0200042724609,193.4799957275391,190.7899932861328,191.4199981689453,153.4053344726562,2060800,2019-04-12,Amgen,Amgen,United States,AMGN
2019-04-15 04:00:00,191.8399963378906,193.1799926757812,189.8500061035156,191.1999969482422,153.2290496826172,2038300,2019-04-15,Amgen,Amgen,United States,AMGN
2019-04-16 04:00:00,192.2700042724609,192.5700073242188,187.4400024414062,188.0500030517578,150.7046051025391,2727300,2019-04-16,Amgen,Amgen,United States,AMGN
2019-04-17 04:00:00,188.3500061035156,188.7400054931641,181.5299987792969,182.4700012207031,146.2327728271484,5242100,2019-04-17,Amgen,Amgen,United States,AMGN
2019-04-18 04:00:00,183.2400054931641,183.4900054931641,176.8500061035156,177.4700012207031,142.2257080078125,8266600,2019-04-18,Amgen,Amgen,United States,AMGN
2019-04-22 04:00:00,177.1000061035156,177.5700073242188,174.8699951171875,176.3600006103516,141.3361663818359,3215800,2019-04-22,Amgen,Amgen,United States,AMGN
2019-04-23 04:00:00,176.9400024414062,180.6499938964844,175.75,179.7599945068359,144.0609588623047,3471700,2019-04-23,Amgen,Amgen,United States,AMGN
2019-04-24 04:00:00,180.1399993896484,180.8300018310547,178.2599945068359,178.3000030517578,142.8908996582031,2711600,2019-04-24,Amgen,Amgen,United States,AMGN
2019-04-25 04:00:00,177.0800018310547,181.0200042724609,175.9199981689453,180.4799957275391,144.6379547119141,2453700,2019-04-25,Amgen,Amgen,United States,AMGN
2019-04-26 04:00:00,180.6999969482422,181.8500061035156,180.0299987792969,181.4700012207031,145.4313507080078,2445400,2019-04-26,Amgen,Amgen,United States,AMGN
2019-04-29 04:00:00,181.4499969482422,182.4700012207031,179.5899963378906,181.1699981689453,145.1909332275391,2662500,2019-04-29,Amgen,Amgen,United States,AMGN
2019-04-30 04:00:00,181.6300048828125,182.0399932861328,177.8800048828125,179.3200073242188,143.7083129882812,3963000,2019-04-30,Amgen,Amgen,United States,AMGN
2019-05-01 04:00:00,175.3999938964844,178.5,171.25,176.1399993896484,141.1598510742188,6109100,2019-05-01,Amgen,Amgen,United States,AMGN
2019-05-02 04:00:00,176.0599975585938,178.3000030517578,174.3000030517578,176.5,141.4483642578125,3014000,2019-05-02,Amgen,Amgen,United States,AMGN
2019-05-03 04:00:00,176.9299926757812,177.7700042724609,176.4700012207031,177.3099975585938,142.0974884033203,2944500,2019-05-03,Amgen,Amgen,United States,AMGN
2019-05-06 04:00:00,175.4900054931641,177.2400054931641,173.8800048828125,177.0599975585938,141.8971405029297,2735000,2019-05-06,Amgen,Amgen,United States,AMGN
2019-05-07 04:00:00,175.1399993896484,176.4100036621094,172.5,173.8699951171875,139.3406677246094,2797000,2019-05-07,Amgen,Amgen,United States,AMGN
2019-05-08 04:00:00,173.5,175.5,171.6999969482422,172.1499938964844,137.9622650146484,3368400,2019-05-08,Amgen,Amgen,United States,AMGN
2019-05-09 04:00:00,171.2400054931641,173.1799926757812,169.4400024414062,172.8699951171875,138.5392303466797,2854400,2019-05-09,Amgen,Amgen,United States,AMGN
2019-05-10 04:00:00,172.4600067138672,172.4600067138672,168.4400024414062,171.8500061035156,137.7218322753906,2942300,2019-05-10,Amgen,Amgen,United States,AMGN
2019-05-13 04:00:00,169.2400054931641,169.6000061035156,167.1699981689453,167.6000061035156,134.3158264160156,3371800,2019-05-13,Amgen,Amgen,United States,AMGN
2019-05-14 04:00:00,167.6799926757812,169.7200012207031,167.3000030517578,167.8099975585938,134.4840850830078,2525300,2019-05-14,Amgen,Amgen,United States,AMGN
2019-05-15 04:00:00,167.2299957275391,170.6000061035156,166.3000030517578,169.8699951171875,136.1350250244141,2860200,2019-05-15,Amgen,Amgen,United States,AMGN
2019-05-16 04:00:00,169.3999938964844,172.0200042724609,169.3399963378906,169.9199981689453,137.3474884033203,2716200,2019-05-16,Amgen,Amgen,United States,AMGN
2019-05-17 04:00:00,169.2700042724609,171.2400054931641,169.1100006103516,169.9100036621094,137.3393859863281,2266600,2019-05-17,Amgen,Amgen,United States,AMGN
2019-05-20 04:00:00,168.6799926757812,170.3999938964844,168.1499938964844,168.3899993896484,136.1107635498047,2144300,2019-05-20,Amgen,Amgen,United States,AMGN
2019-05-21 04:00:00,169.7700042724609,170.0200042724609,168.5299987792969,169.6900024414062,137.1615905761719,2249300,2019-05-21,Amgen,Amgen,United States,AMGN
2019-05-22 04:00:00,169.3500061035156,172.0500030517578,168.5800018310547,171.3000030517578,138.4629821777344,2615500,2019-05-22,Amgen,Amgen,United States,AMGN
2019-05-23 04:00:00,171.3399963378906,173.0599975585938,170.4900054931641,172.1100006103516,139.1176910400391,2902500,2019-05-23,Amgen,Amgen,United States,AMGN
2019-05-24 04:00:00,172.6199951171875,173.7700042724609,171.0899963378906,171.2799987792969,138.44677734375,2417100,2019-05-24,Amgen,Amgen,United States,AMGN
2019-05-28 04:00:00,171.5599975585938,172.7700042724609,168.7599945068359,168.8500061035156,136.4826049804688,4066200,2019-05-28,Amgen,Amgen,United States,AMGN
2019-05-29 04:00:00,168.0,169.7599945068359,167.3300018310547,169.1799926757812,136.7492828369141,2671600,2019-05-29,Amgen,Amgen,United States,AMGN
2019-05-30 04:00:00,169.4400024414062,170.0500030517578,168.1999969482422,169.0399932861328,136.6361846923828,1943300,2019-05-30,Amgen,Amgen,United States,AMGN
2019-05-31 04:00:00,168.0599975585938,168.8699951171875,166.6799926757812,166.6999969482422,134.7447662353516,2808900,2019-05-31,Amgen,Amgen,United States,AMGN
2019-06-03 04:00:00,172.0,176.8099975585938,170.5599975585938,172.3600006103516,139.3197479248047,5774800,2019-06-03,Amgen,Amgen,United States,AMGN
2019-06-04 04:00:00,174.0299987792969,175.3600006103516,170.5599975585938,174.7299957275391,141.2354278564453,4553200,2019-06-04,Amgen,Amgen,United States,AMGN
2019-06-05 04:00:00,175.6799926757812,175.7700042724609,173.0899963378906,174.5500030517578,141.0899658203125,2606400,2019-06-05,Amgen,Amgen,United States,AMGN
2019-06-06 04:00:00,174.7799987792969,176.0599975585938,174.0899963378906,174.4499969482422,141.0091247558594,2396800,2019-06-06,Amgen,Amgen,United States,AMGN
2019-06-07 04:00:00,175.6300048828125,176.0,173.2799987792969,175.5099945068359,141.8659210205078,2072000,2019-06-07,Amgen,Amgen,United States,AMGN
2019-06-10 04:00:00,175.9499969482422,176.1600036621094,174.0500030517578,175.5800018310547,141.9225158691406,2091400,2019-06-10,Amgen,Amgen,United States,AMGN
2019-06-11 04:00:00,176.2700042724609,177.1499938964844,174.1999969482422,174.6199951171875,141.1465148925781,2313800,2019-06-11,Amgen,Amgen,United States,AMGN
2019-06-12 04:00:00,175.3000030517578,176.6900024414062,174.1600036621094,175.6000061035156,141.9386901855469,1888600,2019-06-12,Amgen,Amgen,United States,AMGN
2019-06-13 04:00:00,175.8300018310547,177.4499969482422,175.2299957275391,176.7100067138672,142.8359375,1675800,2019-06-13,Amgen,Amgen,United States,AMGN
2019-06-14 04:00:00,176.9700012207031,177.8999938964844,175.5500030517578,176.0800018310547,142.3266296386719,1621800,2019-06-14,Amgen,Amgen,United States,AMGN
2019-06-17 04:00:00,176.0399932861328,178.5500030517578,175.3999938964844,178.3899993896484,144.19384765625,1916800,2019-06-17,Amgen,Amgen,United States,AMGN
2019-06-18 04:00:00,179.2700042724609,182.8200073242188,179.1199951171875,181.6100006103516,146.7966461181641,3125500,2019-06-18,Amgen,Amgen,United States,AMGN
2019-06-19 04:00:00,181.4799957275391,183.1199951171875,180.6399993896484,182.7700042724609,147.7342224121094,2396500,2019-06-19,Amgen,Amgen,United States,AMGN
2019-06-20 04:00:00,184.7799987792969,185.2899932861328,182.1100006103516,184.0800018310547,148.7931060791016,2780400,2019-06-20,Amgen,Amgen,United States,AMGN
2019-06-21 04:00:00,183.8899993896484,187.1300048828125,182.9100036621094,187.1100006103516,151.2422790527344,6948100,2019-06-21,Amgen,Amgen,United States,AMGN
2019-06-24 04:00:00,186.0700073242188,187.0,184.6999969482422,184.8300018310547,149.3993225097656,2948300,2019-06-24,Amgen,Amgen,United States,AMGN
2019-06-25 04:00:00,184.6000061035156,186.7799987792969,183.1699981689453,184.4400024414062,149.0841217041016,2264700,2019-06-25,Amgen,Amgen,United States,AMGN
2019-06-26 04:00:00,184.7100067138672,184.9400024414062,182.7400054931641,183.1699981689453,148.0576019287109,2124600,2019-06-26,Amgen,Amgen,United States,AMGN
2019-06-27 04:00:00,183.3500061035156,185.4400024414062,183.0299987792969,184.0200042724609,148.74462890625,2193700,2019-06-27,Amgen,Amgen,United States,AMGN
2019-06-28 04:00:00,184.1699981689453,186.1000061035156,183.6600036621094,184.2799987792969,148.9547576904297,3753200,2019-06-28,Amgen,Amgen,United States,AMGN
2019-07-01 04:00:00,186.8800048828125,187.3000030517578,185.1000061035156,186.3500061035156,150.6279602050781,2079800,2019-07-01,Amgen,Amgen,United States,AMGN
2019-07-02 04:00:00,186.0299987792969,186.6699981689453,184.1999969482422,186.6399993896484,150.8623962402344,1796300,2019-07-02,Amgen,Amgen,United States,AMGN
2019-07-03 04:00:00,187.5800018310547,189.4199981689453,187.1999969482422,188.5800018310547,152.4304809570312,1932600,2019-07-03,Amgen,Amgen,United States,AMGN
2019-07-05 04:00:00,187.4299926757812,188.8800048828125,185.2400054931641,185.9400024414062,150.2966003417969,2225800,2019-07-05,Amgen,Amgen,United States,AMGN
2019-07-08 04:00:00,184.6600036621094,185.0099945068359,180.5200042724609,182.2400054931641,147.3058319091797,2700900,2019-07-08,Amgen,Amgen,United States,AMGN
2019-07-09 04:00:00,181.2100067138672,182.2700042724609,180.5099945068359,181.5899963378906,146.7804565429688,2273700,2019-07-09,Amgen,Amgen,United States,AMGN
2019-07-10 04:00:00,182.1699981689453,183.2899932861328,181.0299987792969,182.2700042724609,147.3301086425781,1775700,2019-07-10,Amgen,Amgen,United States,AMGN
2019-07-11 04:00:00,180.8600006103516,181.0,175.9499969482422,178.0,143.8786468505859,3621900,2019-07-11,Amgen,Amgen,United States,AMGN
2019-07-12 04:00:00,177.8200073242188,178.0899963378906,174.1900024414062,174.9299926757812,141.3971099853516,4488700,2019-07-12,Amgen,Amgen,United States,AMGN
2019-07-15 04:00:00,174.8999938964844,177.4400024414062,174.6100006103516,176.1199951171875,142.3590087890625,3256800,2019-07-15,Amgen,Amgen,United States,AMGN
2019-07-16 04:00:00,176.3399963378906,177.7700042724609,175.9100036621094,177.4700012207031,143.4501800537109,2260100,2019-07-16,Amgen,Amgen,United States,AMGN
2019-07-17 04:00:00,178.1399993896484,179.4499969482422,177.0099945068359,177.0599975585938,143.1188049316406,1945200,2019-07-17,Amgen,Amgen,United States,AMGN
2019-07-18 04:00:00,177.1300048828125,180.4299926757812,176.8000030517578,179.5399932861328,145.1233978271484,2374400,2019-07-18,Amgen,Amgen,United States,AMGN
2019-07-19 04:00:00,180.6699981689453,181.5800018310547,178.1900024414062,178.3899993896484,144.19384765625,2987200,2019-07-19,Amgen,Amgen,United States,AMGN
2019-07-22 04:00:00,177.8300018310547,178.8099975585938,175.7200012207031,175.8899993896484,142.173095703125,2556800,2019-07-22,Amgen,Amgen,United States,AMGN
2019-07-23 04:00:00,176.4299926757812,176.7700042724609,175.5200042724609,176.0099945068359,142.2700805664062,2081800,2019-07-23,Amgen,Amgen,United States,AMGN
2019-07-24 04:00:00,176.0200042724609,176.75,174.8800048828125,175.7700042724609,142.0760498046875,1898000,2019-07-24,Amgen,Amgen,United States,AMGN
2019-07-25 04:00:00,175.7799987792969,176.5,173.7700042724609,174.1100006103516,140.7343292236328,2145500,2019-07-25,Amgen,Amgen,United States,AMGN
2019-07-26 04:00:00,174.2700042724609,175.5099945068359,173.1199951171875,175.3399963378906,141.7284698486328,3070400,2019-07-26,Amgen,Amgen,United States,AMGN
2019-07-29 04:00:00,175.2700042724609,177.1600036621094,174.8399963378906,176.0800018310547,142.3266296386719,1985400,2019-07-29,Amgen,Amgen,United States,AMGN
2019-07-30 04:00:00,174.9199981689453,176.7200012207031,174.2700042724609,176.4499969482422,142.6257476806641,2005100,2019-07-30,Amgen,Amgen,United States,AMGN
2019-07-31 04:00:00,180.0,188.0,177.8999938964844,186.5800018310547,150.8138885498047,7157600,2019-07-31,Amgen,Amgen,United States,AMGN
2019-08-01 04:00:00,186.3999938964844,189.4600067138672,184.1399993896484,186.0,150.3450927734375,3484700,2019-08-01,Amgen,Amgen,United States,AMGN
2019-08-02 04:00:00,186.0,187.8600006103516,185.0099945068359,187.2200012207031,151.3312225341797,2966500,2019-08-02,Amgen,Amgen,United States,AMGN
2019-08-05 04:00:00,185.5800018310547,185.9600067138672,180.5200042724609,181.5,146.7076721191406,4060000,2019-08-05,Amgen,Amgen,United States,AMGN
2019-08-06 04:00:00,181.1000061035156,184.6000061035156,180.0299987792969,184.4600067138672,149.1002655029297,3172900,2019-08-06,Amgen,Amgen,United States,AMGN
2019-08-07 04:00:00,183.0399932861328,184.1399993896484,179.6100006103516,183.5399932861328,148.3565979003906,3308900,2019-08-07,Amgen,Amgen,United States,AMGN
2019-08-08 04:00:00,183.4700012207031,185.4199981689453,183.0500030517578,185.2299957275391,149.7226867675781,2449000,2019-08-08,Amgen,Amgen,United States,AMGN
2019-08-09 04:00:00,185.1499938964844,200.0,182.8200073242188,196.25,158.6302185058594,8417100,2019-08-09,Amgen,Amgen,United States,AMGN
2019-08-12 04:00:00,197.8999938964844,208.7799987792969,197.25,205.7799987792969,166.3333435058594,10599300,2019-08-12,Amgen,Amgen,United States,AMGN
2019-08-13 04:00:00,203.4299926757812,211.8999938964844,203.0,206.1199951171875,166.6081848144531,5586400,2019-08-13,Amgen,Amgen,United States,AMGN
2019-08-14 04:00:00,202.8099975585938,205.3999938964844,198.7200012207031,198.8699951171875,161.8867645263672,4507100,2019-08-14,Amgen,Amgen,United States,AMGN
2019-08-15 04:00:00,200.0,201.0,198.6300048828125,199.3099975585938,162.2449798583984,3065800,2019-08-15,Amgen,Amgen,United States,AMGN
2019-08-16 04:00:00,201.8300018310547,205.4600067138672,200.3600006103516,204.0200042724609,166.0790710449219,2922500,2019-08-16,Amgen,Amgen,United States,AMGN
2019-08-19 04:00:00,203.2299957275391,206.5,201.1100006103516,206.0,167.6908569335938,2974900,2019-08-19,Amgen,Amgen,United States,AMGN
2019-08-20 04:00:00,205.8999938964844,206.1199951171875,202.9499969482422,203.1699981689453,165.3871154785156,2710800,2019-08-20,Amgen,Amgen,United States,AMGN
2019-08-21 04:00:00,204.4499969482422,205.3699951171875,203.5800018310547,203.9400024414062,166.0139770507812,1755200,2019-08-21,Amgen,Amgen,United States,AMGN
2019-08-22 04:00:00,205.2700042724609,206.3500061035156,202.0,203.4199981689453,165.5906829833984,2677600,2019-08-22,Amgen,Amgen,United States,AMGN
2019-08-23 04:00:00,203.0899963378906,203.6199951171875,198.0099945068359,199.0800018310547,162.0577239990234,3416200,2019-08-23,Amgen,Amgen,United States,AMGN
2019-08-26 04:00:00,200.6000061035156,206.3999938964844,199.6699981689453,205.4100036621094,167.2105865478516,4005200,2019-08-26,Amgen,Amgen,United States,AMGN
2019-08-27 04:00:00,206.5399932861328,208.9499969482422,205.2700042724609,206.4900054931641,168.0897369384766,3394000,2019-08-27,Amgen,Amgen,United States,AMGN
2019-08-28 04:00:00,205.5099945068359,210.1399993896484,205.3300018310547,207.5200042724609,168.92822265625,3789300,2019-08-28,Amgen,Amgen,United States,AMGN
2019-08-29 04:00:00,209.0,209.8399963378906,205.2599945068359,206.9799957275391,168.4886322021484,2391600,2019-08-29,Amgen,Amgen,United States,AMGN
2019-08-30 04:00:00,208.9900054931641,210.9700012207031,206.8800048828125,208.6199951171875,169.8236541748047,2621300,2019-08-30,Amgen,Amgen,United States,AMGN
2019-09-03 04:00:00,207.3000030517578,207.8899993896484,204.6799926757812,205.5200042724609,167.3001251220703,2193000,2019-09-03,Amgen,Amgen,United States,AMGN
2019-09-04 04:00:00,206.6999969482422,207.3699951171875,203.0,206.3200073242188,167.9513702392578,1935700,2019-09-04,Amgen,Amgen,United States,AMGN
2019-09-05 04:00:00,206.6300048828125,208.4700012207031,205.9700012207031,207.6499938964844,169.0340118408203,1685300,2019-09-05,Amgen,Amgen,United States,AMGN
2019-09-06 04:00:00,208.6399993896484,209.3500061035156,206.1000061035156,207.7299957275391,169.0991363525391,2388000,2019-09-06,Amgen,Amgen,United States,AMGN
2019-09-09 04:00:00,202.5299987792969,202.9499969482422,198.7899932861328,202.3399963378906,164.7114868164062,4353200,2019-09-09,Amgen,Amgen,United States,AMGN
2019-09-10 04:00:00,200.8099975585938,201.9700012207031,195.3600006103516,196.8699951171875,160.2587738037109,4866300,2019-09-10,Amgen,Amgen,United States,AMGN
2019-09-11 04:00:00,197.1300048828125,198.4600067138672,195.1699981689453,195.8399963378906,159.4202880859375,2875300,2019-09-11,Amgen,Amgen,United States,AMGN
2019-09-12 04:00:00,196.0899963378906,196.8300018310547,193.8999938964844,194.0,157.9224700927734,4448000,2019-09-12,Amgen,Amgen,United States,AMGN
2019-09-13 04:00:00,194.4100036621094,196.6699981689453,194.3300018310547,195.4700012207031,159.1190795898438,2428800,2019-09-13,Amgen,Amgen,United States,AMGN
2019-09-16 04:00:00,196.1600036621094,196.1600036621094,193.5099945068359,194.0800018310547,157.9875793457031,1597400,2019-09-16,Amgen,Amgen,United States,AMGN
2019-09-17 04:00:00,194.0399932861328,196.7799987792969,194.0399932861328,196.7200012207031,160.1366424560547,2447400,2019-09-17,Amgen,Amgen,United States,AMGN
2019-09-18 04:00:00,196.3600006103516,196.8300018310547,193.2599945068359,195.0399932861328,158.7690582275391,1897800,2019-09-18,Amgen,Amgen,United States,AMGN
2019-09-19 04:00:00,195.7200012207031,196.3699951171875,194.5200042724609,195.6499938964844,159.2655792236328,1483400,2019-09-19,Amgen,Amgen,United States,AMGN
2019-09-20 04:00:00,196.0,199.3200073242188,195.75,196.9400024414062,160.3157196044922,6680400,2019-09-20,Amgen,Amgen,United States,AMGN
2019-09-23 04:00:00,197.75,198.8099975585938,197.3099975585938,197.7599945068359,160.9831848144531,1683900,2019-09-23,Amgen,Amgen,United States,AMGN
2019-09-24 04:00:00,198.9799957275391,199.8000030517578,195.6100006103516,196.5500030517578,159.998291015625,2322500,2019-09-24,Amgen,Amgen,United States,AMGN
2019-09-25 04:00:00,197.5800018310547,198.3300018310547,195.9199981689453,196.0599975585938,159.5993804931641,1779900,2019-09-25,Amgen,Amgen,United States,AMGN
2019-09-26 04:00:00,195.9100036621094,196.3099975585938,193.0800018310547,195.3800048828125,159.0458221435547,1877800,2019-09-26,Amgen,Amgen,United States,AMGN
2019-09-27 04:00:00,195.5599975585938,196.8500061035156,193.8399963378906,194.9400024414062,158.6876220703125,1770300,2019-09-27,Amgen,Amgen,United States,AMGN
2019-09-30 04:00:00,192.8000030517578,196.6799926757812,191.6900024414062,193.5099945068359,157.5235748291016,2492300,2019-09-30,Amgen,Amgen,United States,AMGN
2019-10-01 04:00:00,192.5800018310547,195.8800048828125,192.1000061035156,193.1900024414062,157.2630920410156,2331000,2019-10-01,Amgen,Amgen,United States,AMGN
2019-10-02 04:00:00,193.5800018310547,193.5800018310547,188.7799987792969,189.2100067138672,154.0232238769531,2250800,2019-10-02,Amgen,Amgen,United States,AMGN
2019-10-03 04:00:00,189.6000061035156,192.6699981689453,189.0,192.6199951171875,156.799072265625,1888500,2019-10-03,Amgen,Amgen,United States,AMGN
2019-10-04 04:00:00,193.1399993896484,196.0099945068359,193.1399993896484,195.5899963378906,159.2167358398438,2158200,2019-10-04,Amgen,Amgen,United States,AMGN
2019-10-07 04:00:00,194.5399932861328,198.8200073242188,194.4499969482422,197.1699981689453,160.5029144287109,2199300,2019-10-07,Amgen,Amgen,United States,AMGN
2019-10-08 04:00:00,196.5500030517578,198.0,195.0,196.0800018310547,159.6156311035156,2032600,2019-10-08,Amgen,Amgen,United States,AMGN
2019-10-09 04:00:00,198.6799926757812,198.6799926757812,195.9600067138672,196.6900024414062,160.1122131347656,1292900,2019-10-09,Amgen,Amgen,United States,AMGN
2019-10-10 04:00:00,198.0,199.3600006103516,197.0200042724609,198.6799926757812,161.7321319580078,1297500,2019-10-10,Amgen,Amgen,United States,AMGN
2019-10-11 04:00:00,200.2299957275391,203.8899993896484,199.9799957275391,200.8000030517578,163.4578704833984,2472200,2019-10-11,Amgen,Amgen,United States,AMGN
2019-10-14 04:00:00,201.25,204.8999938964844,201.2299957275391,202.8899993896484,165.1592102050781,1638200,2019-10-14,Amgen,Amgen,United States,AMGN
2019-10-15 04:00:00,203.4600067138672,204.8000030517578,202.6000061035156,204.6600036621094,166.6000823974609,1492800,2019-10-15,Amgen,Amgen,United States,AMGN
2019-10-16 04:00:00,204.1499938964844,204.9799957275391,202.1799926757812,203.2100067138672,165.4197235107422,1758500,2019-10-16,Amgen,Amgen,United States,AMGN
2019-10-17 04:00:00,201.5899963378906,204.75,201.5200042724609,203.5599975585938,165.7046203613281,1380800,2019-10-17,Amgen,Amgen,United States,AMGN
2019-10-18 04:00:00,204.1100006103516,204.1199951171875,200.8099975585938,202.7200012207031,165.0208435058594,2043400,2019-10-18,Amgen,Amgen,United States,AMGN
2019-10-21 04:00:00,203.5700073242188,203.6100006103516,200.7799987792969,202.9299926757812,165.1917724609375,1564000,2019-10-21,Amgen,Amgen,United States,AMGN
2019-10-22 04:00:00,204.6300048828125,206.0599975585938,203.2200012207031,204.8300018310547,166.7384490966797,2136700,2019-10-22,Amgen,Amgen,United States,AMGN
2019-10-23 04:00:00,204.2299957275391,205.8899993896484,203.0399932861328,203.3200073242188,165.5092315673828,1805800,2019-10-23,Amgen,Amgen,United States,AMGN
2019-10-24 04:00:00,203.9499969482422,204.3000030517578,201.6600036621094,203.0599975585938,165.2975769042969,1220800,2019-10-24,Amgen,Amgen,United States,AMGN
2019-10-25 04:00:00,202.5899963378906,203.7100067138672,201.5099945068359,203.0500030517578,165.2894287109375,1321500,2019-10-25,Amgen,Amgen,United States,AMGN
2019-10-28 04:00:00,203.1699981689453,205.9799957275391,202.6799926757812,205.0099945068359,166.8849792480469,1652800,2019-10-28,Amgen,Amgen,United States,AMGN
2019-10-29 04:00:00,205.2599945068359,211.25,204.9100036621094,208.9900054931641,170.1248321533203,4460000,2019-10-29,Amgen,Amgen,United States,AMGN
2019-10-30 04:00:00,206.3500061035156,211.0,204.1600036621094,210.8800048828125,171.663330078125,3793500,2019-10-30,Amgen,Amgen,United States,AMGN
2019-10-31 04:00:00,210.1000061035156,213.6699981689453,209.6000061035156,213.25,173.5926055908203,3255800,2019-10-31,Amgen,Amgen,United States,AMGN
2019-11-01 04:00:00,214.2599945068359,219.3800048828125,214.0,217.9499969482422,177.4185791015625,3685500,2019-11-01,Amgen,Amgen,United States,AMGN
2019-11-04 05:00:00,218.7299957275391,219.8399963378906,214.3500061035156,214.4100036621094,174.5368804931641,2646600,2019-11-04,Amgen,Amgen,United States,AMGN
2019-11-05 05:00:00,215.9199981689453,219.4900054931641,213.1900024414062,215.0800018310547,175.0822906494141,3012000,2019-11-05,Amgen,Amgen,United States,AMGN
2019-11-06 05:00:00,215.4499969482422,218.5800018310547,215.4499969482422,216.3999938964844,176.1568145751953,2540200,2019-11-06,Amgen,Amgen,United States,AMGN
2019-11-07 05:00:00,216.9100036621094,218.5099945068359,215.4600067138672,217.9900054931641,177.4511260986328,2498300,2019-11-07,Amgen,Amgen,United States,AMGN
2019-11-08 05:00:00,218.2100067138672,221.25,217.4600067138672,221.1100006103516,179.9908905029297,2069900,2019-11-08,Amgen,Amgen,United States,AMGN
2019-11-11 05:00:00,220.2400054931641,221.3800048828125,218.6999969482422,220.6999969482422,179.6571655273438,1364300,2019-11-11,Amgen,Amgen,United States,AMGN
2019-11-12 05:00:00,221.3099975585938,225.2599945068359,219.8699951171875,221.3099975585938,180.1537170410156,2704500,2019-11-12,Amgen,Amgen,United States,AMGN
2019-11-13 05:00:00,220.4299926757812,221.6900024414062,218.5399932861328,219.6699981689453,178.8186645507812,2333000,2019-11-13,Amgen,Amgen,United States,AMGN
2019-11-14 05:00:00,218.2200012207031,218.7400054931641,213.5500030517578,218.5,179.0481109619141,2749300,2019-11-14,Amgen,Amgen,United States,AMGN
2019-11-15 05:00:00,219.5899963378906,220.9299926757812,217.2100067138672,220.8600006103516,180.9819946289062,2028600,2019-11-15,Amgen,Amgen,United States,AMGN
2019-11-18 05:00:00,221.0599975585938,221.5899963378906,219.2100067138672,220.6699981689453,180.8263244628906,2239500,2019-11-18,Amgen,Amgen,United States,AMGN
2019-11-19 05:00:00,221.2400054931641,224.6799926757812,220.6999969482422,224.5,183.9647979736328,2551600,2019-11-19,Amgen,Amgen,United States,AMGN
2019-11-20 05:00:00,224.3800048828125,226.5500030517578,223.1300048828125,225.5099945068359,184.7924041748047,3524300,2019-11-20,Amgen,Amgen,United States,AMGN
2019-11-21 05:00:00,227.1199951171875,228.8000030517578,225.0200042724609,227.8200073242188,186.6853332519531,2659300,2019-11-21,Amgen,Amgen,United States,AMGN
2019-11-22 05:00:00,228.0800018310547,230.8699951171875,227.8300018310547,230.7400054931641,189.0781402587891,1975000,2019-11-22,Amgen,Amgen,United States,AMGN
2019-11-25 05:00:00,231.0800018310547,235.8000030517578,231.0800018310547,234.5399932861328,192.1920013427734,2637400,2019-11-25,Amgen,Amgen,United States,AMGN
2019-11-26 05:00:00,233.9799957275391,234.8899993896484,232.0099945068359,234.3899993896484,192.0690765380859,3300800,2019-11-26,Amgen,Amgen,United States,AMGN
2019-11-27 05:00:00,234.6499938964844,235.2799987792969,231.8500061035156,234.5399932861328,192.1920013427734,1579800,2019-11-27,Amgen,Amgen,United States,AMGN
2019-11-29 05:00:00,234.1300048828125,235.4700012207031,233.75,234.7200012207031,192.3394927978516,945600,2019-11-29,Amgen,Amgen,United States,AMGN
2019-12-02 05:00:00,234.5399932861328,235.8000030517578,232.6300048828125,233.4799957275391,191.3233947753906,1633600,2019-12-02,Amgen,Amgen,United States,AMGN
2019-12-03 05:00:00,231.4799957275391,233.1799926757812,230.7799987792969,232.7700042724609,190.7415618896484,1825400,2019-12-03,Amgen,Amgen,United States,AMGN
2019-12-04 05:00:00,232.7299957275391,234.8899993896484,232.0,233.8800048828125,191.6511688232422,1908500,2019-12-04,Amgen,Amgen,United States,AMGN
2019-12-05 05:00:00,233.6900024414062,233.7700042724609,231.4600067138672,233.4100036621094,191.2660064697266,2083600,2019-12-05,Amgen,Amgen,United States,AMGN
2019-12-06 05:00:00,234.6799926757812,235.0,233.1900024414062,233.7700042724609,191.5610198974609,1860900,2019-12-06,Amgen,Amgen,United States,AMGN
2019-12-09 05:00:00,234.9600067138672,235.0500030517578,232.6300048828125,232.8200073242188,190.7825775146484,1867900,2019-12-09,Amgen,Amgen,United States,AMGN
2019-12-10 05:00:00,231.9199981689453,235.1199951171875,231.5099945068359,233.8399963378906,191.6183471679688,1494700,2019-12-10,Amgen,Amgen,United States,AMGN
2019-12-11 05:00:00,234.0299987792969,234.9700012207031,233.0299987792969,234.0099945068359,191.7576751708984,1754100,2019-12-11,Amgen,Amgen,United States,AMGN
2019-12-12 05:00:00,234.5800018310547,237.2400054931641,234.0599975585938,235.9900054931641,193.3801879882812,1851500,2019-12-12,Amgen,Amgen,United States,AMGN
2019-12-13 05:00:00,235.6000061035156,238.1199951171875,235.1399993896484,236.7400054931641,193.9947357177734,2041200,2019-12-13,Amgen,Amgen,United States,AMGN
2019-12-16 05:00:00,239.5,244.5299987792969,239.5,243.1999969482422,199.288330078125,3047600,2019-12-16,Amgen,Amgen,United States,AMGN
2019-12-17 05:00:00,243.5800018310547,244.9900054931641,241.2799987792969,242.8399963378906,198.9933624267578,2382500,2019-12-17,Amgen,Amgen,United States,AMGN
2019-12-18 05:00:00,242.2100067138672,243.2200012207031,241.0200042724609,241.9400024414062,198.2558746337891,2956700,2019-12-18,Amgen,Amgen,United States,AMGN
2019-12-19 05:00:00,242.7799987792969,243.3000030517578,239.9299926757812,241.8399963378906,198.1739196777344,2070800,2019-12-19,Amgen,Amgen,United States,AMGN
2019-12-20 05:00:00,244.5700073242188,244.5700073242188,240.6999969482422,243.0599975585938,199.1736297607422,5091600,2019-12-20,Amgen,Amgen,United States,AMGN
2019-12-23 05:00:00,243.9799957275391,244.0,241.5899963378906,243.0299987792969,199.1490783691406,1686200,2019-12-23,Amgen,Amgen,United States,AMGN
2019-12-24 05:00:00,242.8200073242188,243.1000061035156,241.7200012207031,242.3300018310547,198.5754547119141,612800,2019-12-24,Amgen,Amgen,United States,AMGN
2019-12-26 05:00:00,242.7200012207031,243.6399993896484,241.3200073242188,241.8999938964844,198.2230987548828,1098300,2019-12-26,Amgen,Amgen,United States,AMGN
2019-12-27 05:00:00,242.2400054931641,242.9900054931641,240.1600036621094,241.5299987792969,197.9198760986328,1085000,2019-12-27,Amgen,Amgen,United States,AMGN
2019-12-30 05:00:00,241.3999938964844,242.9799957275391,239.3999938964844,240.2700042724609,196.8873901367188,1454400,2019-12-30,Amgen,Amgen,United States,AMGN
2019-12-31 05:00:00,240.2799987792969,241.4600067138672,238.5,241.0700073242188,197.5429840087891,1748300,2019-12-31,Amgen,Amgen,United States,AMGN
2020-01-02 05:00:00,243.0,243.1900024414062,238.9799957275391,240.1000061035156,196.7480773925781,2088000,2020-01-02,Amgen,Amgen,United States,AMGN
2020-01-03 05:00:00,237.1600036621094,240.2599945068359,236.2400054931641,238.4700012207031,195.4123687744141,1879000,2020-01-03,Amgen,Amgen,United States,AMGN
2020-01-06 05:00:00,237.1999969482422,240.4499969482422,236.5599975585938,240.3000030517578,196.9119567871094,1802800,2020-01-06,Amgen,Amgen,United States,AMGN
2020-01-07 05:00:00,239.3099975585938,240.0,237.5899963378906,238.0399932861328,195.0600280761719,1518900,2020-01-07,Amgen,Amgen,United States,AMGN
2020-01-08 05:00:00,237.9299926757812,239.5800018310547,236.6100006103516,238.2200012207031,195.2075805664062,2214700,2020-01-08,Amgen,Amgen,United States,AMGN
2020-01-09 05:00:00,239.6900024414062,239.6900024414062,237.9700012207031,238.9299926757812,195.7893524169922,1629000,2020-01-09,Amgen,Amgen,United States,AMGN
2020-01-10 05:00:00,238.6799926757812,240.9299926757812,237.6100006103516,238.2599945068359,195.2403106689453,1777600,2020-01-10,Amgen,Amgen,United States,AMGN
2020-01-13 05:00:00,238.2599945068359,238.3300018310547,234.7899932861328,236.9199981689453,194.1422576904297,2004400,2020-01-13,Amgen,Amgen,United States,AMGN
2020-01-14 05:00:00,235.8000030517578,240.6799926757812,235.1699981689453,240.0,196.6661529541016,2239100,2020-01-14,Amgen,Amgen,United States,AMGN
2020-01-15 05:00:00,240.6699981689453,242.6000061035156,240.0500030517578,241.6999969482422,198.0591583251953,1920700,2020-01-15,Amgen,Amgen,United States,AMGN
2020-01-16 05:00:00,242.1799926757812,243.8500061035156,239.8500061035156,240.5,197.0758972167969,2085700,2020-01-16,Amgen,Amgen,United States,AMGN
2020-01-17 05:00:00,242.1100006103516,242.1399993896484,239.2700042724609,241.4900054931641,197.8871154785156,2582800,2020-01-17,Amgen,Amgen,United States,AMGN
2020-01-21 05:00:00,240.9700012207031,242.0099945068359,237.2599945068359,237.6000061035156,194.6994781494141,3094200,2020-01-21,Amgen,Amgen,United States,AMGN
2020-01-22 05:00:00,238.75,239.6999969482422,235.7599945068359,236.75,194.0029602050781,1998200,2020-01-22,Amgen,Amgen,United States,AMGN
2020-01-23 05:00:00,237.0599975585938,237.0599975585938,233.0700073242188,235.0399932861328,192.6016998291016,2088700,2020-01-23,Amgen,Amgen,United States,AMGN
2020-01-24 05:00:00,235.8000030517578,235.8800048828125,224.5,225.5899963378906,184.8579711914062,5019900,2020-01-24,Amgen,Amgen,United States,AMGN
2020-01-27 05:00:00,223.6799926757812,224.9299926757812,221.1699981689453,222.9499969482422,182.6946258544922,2843600,2020-01-27,Amgen,Amgen,United States,AMGN
2020-01-28 05:00:00,223.5700073242188,226.6999969482422,222.8500061035156,224.8399963378906,184.243408203125,2103900,2020-01-28,Amgen,Amgen,United States,AMGN
2020-01-29 05:00:00,225.5,228.9299926757812,225.0,227.1499938964844,186.1363067626953,2001100,2020-01-29,Amgen,Amgen,United States,AMGN
2020-01-30 05:00:00,226.0,226.9700012207031,223.3099975585938,226.1499938964844,185.3168640136719,2581600,2020-01-30,Amgen,Amgen,United States,AMGN
2020-01-31 05:00:00,218.7599945068359,219.0800018310547,210.0099945068359,216.0500030517578,177.0405120849609,5968900,2020-01-31,Amgen,Amgen,United States,AMGN
2020-02-03 05:00:00,216.3899993896484,219.6199951171875,215.5599975585938,216.8800048828125,177.7206115722656,2565400,2020-02-03,Amgen,Amgen,United States,AMGN
2020-02-04 05:00:00,220.7700042724609,223.8500061035156,220.4799957275391,221.8099975585938,181.7604675292969,2765300,2020-02-04,Amgen,Amgen,United States,AMGN
2020-02-05 05:00:00,223.7400054931641,234.6399993896484,223.7400054931641,231.9400024414062,190.0614166259766,3669500,2020-02-05,Amgen,Amgen,United States,AMGN
2020-02-06 05:00:00,233.7200012207031,233.8899993896484,229.3399963378906,231.4499969482422,189.6598815917969,2007500,2020-02-06,Amgen,Amgen,United States,AMGN
2020-02-07 05:00:00,231.4100036621094,232.1799926757812,227.6699981689453,229.3300018310547,187.9227142333984,2295100,2020-02-07,Amgen,Amgen,United States,AMGN
2020-02-10 05:00:00,228.1499938964844,228.9600067138672,226.2599945068359,227.4199981689453,186.3575286865234,2144700,2020-02-10,Amgen,Amgen,United States,AMGN
2020-02-11 05:00:00,227.6999969482422,229.4700012207031,226.8000030517578,228.9600067138672,187.6194915771484,1934500,2020-02-11,Amgen,Amgen,United States,AMGN
2020-02-12 05:00:00,229.4700012207031,230.2299957275391,225.8800048828125,227.0,186.0133972167969,2501300,2020-02-12,Amgen,Amgen,United States,AMGN
2020-02-13 05:00:00,224.9900054931641,226.5200042724609,222.8200073242188,223.0399932861328,184.0657501220703,1946500,2020-02-13,Amgen,Amgen,United States,AMGN
2020-02-14 05:00:00,222.9299926757812,223.4900054931641,221.3399963378906,223.4799957275391,184.4288940429688,1611900,2020-02-14,Amgen,Amgen,United States,AMGN
2020-02-18 05:00:00,224.1499938964844,224.3500061035156,220.9199981689453,221.6900024414062,182.9516906738281,1936400,2020-02-18,Amgen,Amgen,United States,AMGN
2020-02-19 05:00:00,222.9400024414062,224.0500030517578,222.0500030517578,222.9600067138672,183.9997406005859,1322900,2020-02-19,Amgen,Amgen,United States,AMGN
2020-02-20 05:00:00,223.1999969482422,223.4799957275391,218.5099945068359,222.1399993896484,183.3230285644531,1638000,2020-02-20,Amgen,Amgen,United States,AMGN
2020-02-21 05:00:00,222.2400054931641,223.8000030517578,220.9900054931641,222.7899932861328,183.8594512939453,2047500,2020-02-21,Amgen,Amgen,United States,AMGN
2020-02-24 05:00:00,219.8800048828125,223.9900054931641,215.7599945068359,217.8800048828125,179.8074340820312,3049600,2020-02-24,Amgen,Amgen,United States,AMGN
2020-02-25 05:00:00,218.0800018310547,219.5599975585938,209.8200073242188,210.3800048828125,173.6179962158203,3915500,2020-02-25,Amgen,Amgen,United States,AMGN
2020-02-26 05:00:00,216.1799926757812,216.6999969482422,212.0200042724609,214.5399932861328,177.0510864257812,3314000,2020-02-26,Amgen,Amgen,United States,AMGN
2020-02-27 05:00:00,214.9199981689453,215.2799987792969,203.2200012207031,203.5,167.9402465820312,4071100,2020-02-27,Amgen,Amgen,United States,AMGN
2020-02-28 05:00:00,198.0500030517578,203.0,195.1799926757812,199.7299957275391,164.8289947509766,5316100,2020-02-28,Amgen,Amgen,United States,AMGN
2020-03-02 05:00:00,199.8999938964844,212.3699951171875,198.7100067138672,212.1999969482422,175.1199645996094,4245700,2020-03-02,Amgen,Amgen,United States,AMGN
2020-03-03 05:00:00,210.3399963378906,216.1600036621094,202.6600036621094,204.4199981689453,168.6994476318359,3975100,2020-03-03,Amgen,Amgen,United States,AMGN
2020-03-04 05:00:00,209.5299987792969,215.2899932861328,207.6199951171875,215.1100006103516,177.5214996337891,3880200,2020-03-04,Amgen,Amgen,United States,AMGN
2020-03-05 05:00:00,207.6600036621094,216.3899993896484,207.5800018310547,212.1199951171875,175.053955078125,3185400,2020-03-05,Amgen,Amgen,United States,AMGN
2020-03-06 05:00:00,203.9700012207031,211.6100006103516,203.8200073242188,210.6499938964844,173.8408050537109,3100500,2020-03-06,Amgen,Amgen,United States,AMGN
2020-03-09 04:00:00,197.7400054931641,203.6199951171875,190.75,198.3699951171875,163.7066497802734,4065600,2020-03-09,Amgen,Amgen,United States,AMGN
2020-03-10 04:00:00,203.3600006103516,207.1000061035156,194.6699981689453,206.8000030517578,170.6635589599609,3928700,2020-03-10,Amgen,Amgen,United States,AMGN
2020-03-11 04:00:00,201.0,203.9199981689453,195.8099975585938,198.6499938964844,163.9377136230469,3777000,2020-03-11,Amgen,Amgen,United States,AMGN
2020-03-12 04:00:00,184.6300048828125,196.2599945068359,181.7700042724609,182.2400054931641,150.3952331542969,4902600,2020-03-12,Amgen,Amgen,United States,AMGN
2020-03-13 04:00:00,189.7599945068359,203.1699981689453,188.5200042724609,202.1000061035156,166.7848663330078,6903900,2020-03-13,Amgen,Amgen,United States,AMGN
2020-03-16 04:00:00,184.6699981689453,204.7200012207031,182.9600067138672,188.6799926757812,155.7098999023438,4932400,2020-03-16,Amgen,Amgen,United States,AMGN
2020-03-17 04:00:00,192.2100067138672,210.9100036621094,191.6499938964844,207.8000030517578,171.4888458251953,5912800,2020-03-17,Amgen,Amgen,United States,AMGN
2020-03-18 04:00:00,198.5599975585938,210.8999938964844,196.7400054931641,204.8800048828125,169.0790863037109,5597900,2020-03-18,Amgen,Amgen,United States,AMGN
2020-03-19 04:00:00,201.0,208.75,195.2700042724609,198.7599945068359,164.0284576416016,4796500,2020-03-19,Amgen,Amgen,United States,AMGN
2020-03-20 04:00:00,198.8899993896484,201.9700012207031,186.0,188.25,155.3550415039062,5726800,2020-03-20,Amgen,Amgen,United States,AMGN
2020-03-23 04:00:00,188.8899993896484,191.9600067138672,177.0500030517578,185.9299926757812,153.4404144287109,4396600,2020-03-23,Amgen,Amgen,United States,AMGN
2020-03-24 04:00:00,191.4700012207031,202.8500061035156,190.0099945068359,202.3399963378906,166.9829254150391,5288200,2020-03-24,Amgen,Amgen,United States,AMGN
2020-03-25 04:00:00,197.7700042724609,201.3600006103516,190.0099945068359,193.1399993896484,159.3905639648438,5301000,2020-03-25,Amgen,Amgen,United States,AMGN
2020-03-26 04:00:00,193.1199951171875,199.7200012207031,190.5,198.4900054931641,163.8056640625,5162200,2020-03-26,Amgen,Amgen,United States,AMGN
2020-03-27 04:00:00,194.4199981689453,205.8699951171875,194.0099945068359,198.2700042724609,163.6241149902344,4119600,2020-03-27,Amgen,Amgen,United States,AMGN
2020-03-30 04:00:00,200.0500030517578,209.4499969482422,200.0500030517578,208.4799957275391,172.0499877929688,3219000,2020-03-30,Amgen,Amgen,United States,AMGN
2020-03-31 04:00:00,203.4900054931641,207.25,200.6999969482422,202.7299957275391,167.3047637939453,2929000,2020-03-31,Amgen,Amgen,United States,AMGN
2020-04-01 04:00:00,197.5599975585938,201.3800048828125,194.9900054931641,197.8099975585938,163.2445220947266,2747900,2020-04-01,Amgen,Amgen,United States,AMGN
2020-04-02 04:00:00,194.4100036621094,209.5299987792969,194.2100067138672,208.8800048828125,172.3801422119141,3867300,2020-04-02,Amgen,Amgen,United States,AMGN
2020-04-03 04:00:00,207.4299926757812,209.75,203.0299987792969,205.4100036621094,169.5164642333984,2281400,2020-04-03,Amgen,Amgen,United States,AMGN
2020-04-06 04:00:00,212.0,212.7100067138672,206.8500061035156,211.5800018310547,174.6083068847656,3702100,2020-04-06,Amgen,Amgen,United States,AMGN
2020-04-07 04:00:00,213.4499969482422,215.1799926757812,207.3300018310547,208.7799987792969,172.2975921630859,2447500,2020-04-07,Amgen,Amgen,United States,AMGN
2020-04-08 04:00:00,208.8999938964844,219.8200073242188,207.3399963378906,219.1900024414062,180.8885345458984,2861500,2020-04-08,Amgen,Amgen,United States,AMGN
2020-04-09 04:00:00,217.3999938964844,219.3500061035156,215.6999969482422,218.2100067138672,180.0797882080078,2503300,2020-04-09,Amgen,Amgen,United States,AMGN
2020-04-13 04:00:00,216.9799957275391,219.1799926757812,215.1499938964844,218.2700042724609,180.1293334960938,2168000,2020-04-13,Amgen,Amgen,United States,AMGN
2020-04-14 04:00:00,221.0099945068359,228.3200073242188,220.25,226.8000030517578,187.1687927246094,3029000,2020-04-14,Amgen,Amgen,United States,AMGN
2020-04-15 04:00:00,224.9900054931641,225.5099945068359,219.3099975585938,221.8000030517578,183.0424652099609,3107000,2020-04-15,Amgen,Amgen,United States,AMGN
2020-04-16 04:00:00,225.0,232.1000061035156,223.2200012207031,230.8999938964844,190.5523376464844,2617300,2020-04-16,Amgen,Amgen,United States,AMGN
2020-04-17 04:00:00,236.8300018310547,236.9900054931641,229.2200012207031,234.9700012207031,193.9111175537109,2864200,2020-04-17,Amgen,Amgen,United States,AMGN
2020-04-20 04:00:00,234.1999969482422,239.5599975585938,232.3899993896484,236.6000061035156,195.2563323974609,2824000,2020-04-20,Amgen,Amgen,United States,AMGN
2020-04-21 04:00:00,235.0,235.7700042724609,229.0,230.75,190.4285125732422,2672900,2020-04-21,Amgen,Amgen,United States,AMGN
2020-04-22 04:00:00,233.3500061035156,234.0,227.5899963378906,229.2899932861328,189.2236328125,2845100,2020-04-22,Amgen,Amgen,United States,AMGN
2020-04-23 04:00:00,229.0899963378906,235.6499938964844,228.8800048828125,232.4900054931641,191.8645172119141,3226400,2020-04-23,Amgen,Amgen,United States,AMGN
2020-04-24 04:00:00,234.0399932861328,236.9299926757812,230.8000030517578,236.2799987792969,194.9922027587891,1946200,2020-04-24,Amgen,Amgen,United States,AMGN
2020-04-27 04:00:00,236.6300048828125,243.0,235.0,242.4299926757812,200.0675964355469,2472600,2020-04-27,Amgen,Amgen,United States,AMGN
2020-04-28 04:00:00,243.0,244.9499969482422,236.8600006103516,237.6699981689453,196.1393127441406,2548900,2020-04-28,Amgen,Amgen,United States,AMGN
2020-04-29 04:00:00,238.8999938964844,239.3099975585938,235.2400054931641,235.6900024414062,194.5053253173828,3365100,2020-04-29,Amgen,Amgen,United States,AMGN
2020-04-30 04:00:00,236.0200042724609,240.0700073242188,231.9100036621094,239.2200012207031,197.41845703125,5704500,2020-04-30,Amgen,Amgen,United States,AMGN
2020-05-01 04:00:00,233.0,237.0500030517578,228.0,230.9799957275391,190.6183319091797,3045400,2020-05-01,Amgen,Amgen,United States,AMGN
2020-05-04 04:00:00,232.4400024414062,232.9199981689453,228.1000061035156,230.9100036621094,190.5605773925781,2035800,2020-05-04,Amgen,Amgen,United States,AMGN
2020-05-05 04:00:00,231.2799987792969,237.9799957275391,229.1699981689453,236.3600006103516,195.0582275390625,1975500,2020-05-05,Amgen,Amgen,United States,AMGN
2020-05-06 04:00:00,237.3099975585938,239.6799926757812,235.6900024414062,236.5899963378906,195.2480773925781,1980500,2020-05-06,Amgen,Amgen,United States,AMGN
2020-05-07 04:00:00,236.8999938964844,237.9700012207031,232.1000061035156,233.3300018310547,192.5576934814453,2451200,2020-05-07,Amgen,Amgen,United States,AMGN
2020-05-08 04:00:00,234.9499969482422,235.7299957275391,231.6000061035156,234.8200073242188,193.7873382568359,1534300,2020-05-08,Amgen,Amgen,United States,AMGN
2020-05-11 04:00:00,233.0700073242188,243.4900054931641,232.5099945068359,242.7400054931641,200.3234100341797,2163700,2020-05-11,Amgen,Amgen,United States,AMGN
2020-05-12 04:00:00,242.6799926757812,244.5,237.0500030517578,237.2100067138672,195.7597351074219,2241000,2020-05-12,Amgen,Amgen,United States,AMGN
2020-05-13 04:00:00,235.2200012207031,243.9400024414062,235.2200012207031,236.8300018310547,195.4460906982422,2292700,2020-05-13,Amgen,Amgen,United States,AMGN
2020-05-14 04:00:00,235.9499969482422,238.9700012207031,233.8000030517578,237.9799957275391,196.3951568603516,3322700,2020-05-14,Amgen,Amgen,United States,AMGN
2020-05-15 04:00:00,234.4299926757812,240.4299926757812,233.8899993896484,240.1999969482422,199.5689697265625,3111500,2020-05-15,Amgen,Amgen,United States,AMGN
2020-05-18 04:00:00,243.6600036621094,244.3899993896484,231.8000030517578,233.1900024414062,193.7447509765625,5631400,2020-05-18,Amgen,Amgen,United States,AMGN
2020-05-19 04:00:00,232.6399993896484,233.4400024414062,227.1699981689453,227.4299926757812,188.9590606689453,3835800,2020-05-19,Amgen,Amgen,United States,AMGN
2020-05-20 04:00:00,229.2700042724609,230.1199951171875,225.6399993896484,227.8699951171875,189.3246612548828,3714600,2020-05-20,Amgen,Amgen,United States,AMGN
2020-05-21 04:00:00,228.1100006103516,228.2400054931641,224.0,224.7799987792969,186.7573852539062,2377500,2020-05-21,Amgen,Amgen,United States,AMGN
2020-05-22 04:00:00,224.1699981689453,226.7700042724609,223.6100006103516,226.4299926757812,188.1282348632812,2334300,2020-05-22,Amgen,Amgen,United States,AMGN
2020-05-26 04:00:00,227.5299987792969,228.3500061035156,221.7299957275391,222.3999938964844,184.7799224853516,2397800,2020-05-26,Amgen,Amgen,United States,AMGN
2020-05-27 04:00:00,222.3200073242188,225.1300048828125,217.4700012207031,224.8099975585938,186.7822570800781,2932100,2020-05-27,Amgen,Amgen,United States,AMGN
2020-05-28 04:00:00,226.2599945068359,226.6199951171875,222.25,224.1300048828125,186.21728515625,2591000,2020-05-28,Amgen,Amgen,United States,AMGN
2020-05-29 04:00:00,225.0,230.5700073242188,222.0599975585938,229.6999969482422,190.8451080322266,4251200,2020-05-29,Amgen,Amgen,United States,AMGN
2020-06-01 04:00:00,228.8899993896484,230.5399932861328,225.7100067138672,226.9100036621094,188.5270538330078,1816700,2020-06-01,Amgen,Amgen,United States,AMGN
2020-06-02 04:00:00,225.8000030517578,226.3600006103516,222.5800018310547,223.7200012207031,185.8766479492188,3198900,2020-06-02,Amgen,Amgen,United States,AMGN
2020-06-03 04:00:00,223.4900054931641,224.2899932861328,218.25,221.0,183.6167297363281,3660500,2020-06-03,Amgen,Amgen,United States,AMGN
2020-06-04 04:00:00,220.7700042724609,223.4499969482422,219.2100067138672,220.8800048828125,183.5170440673828,2392800,2020-06-04,Amgen,Amgen,United States,AMGN
2020-06-05 04:00:00,219.6999969482422,225.9499969482422,218.1999969482422,225.6699981689453,187.4967956542969,3714600,2020-06-05,Amgen,Amgen,United States,AMGN
2020-06-08 04:00:00,223.2700042724609,226.25,221.75,225.75,187.5632781982422,2270500,2020-06-08,Amgen,Amgen,United States,AMGN
2020-06-09 04:00:00,226.0,228.3099975585938,224.5700073242188,224.8999938964844,186.8570251464844,2403600,2020-06-09,Amgen,Amgen,United States,AMGN
2020-06-10 04:00:00,226.6799926757812,229.4900054931641,225.5200042724609,227.1199951171875,188.7015075683594,2851300,2020-06-10,Amgen,Amgen,United States,AMGN
2020-06-11 04:00:00,228.0599975585938,229.7799987792969,218.6699981689453,218.8999938964844,181.8719940185547,3900700,2020-06-11,Amgen,Amgen,United States,AMGN
2020-06-12 04:00:00,221.1000061035156,222.3500061035156,214.1999969482422,217.8999938964844,181.0411224365234,2426600,2020-06-12,Amgen,Amgen,United States,AMGN
2020-06-15 04:00:00,215.8099975585938,221.0,213.8600006103516,219.7799987792969,182.6031341552734,2471800,2020-06-15,Amgen,Amgen,United States,AMGN
2020-06-16 04:00:00,222.8300018310547,228.8800048828125,222.6199951171875,226.8699951171875,188.4938354492188,2581600,2020-06-16,Amgen,Amgen,United States,AMGN
2020-06-17 04:00:00,228.5399932861328,228.8099975585938,224.5299987792969,225.9700012207031,187.7460632324219,2751100,2020-06-17,Amgen,Amgen,United States,AMGN
2020-06-18 04:00:00,226.8600006103516,231.4799957275391,225.6799926757812,230.3200073242188,191.3601837158203,2469800,2020-06-18,Amgen,Amgen,United States,AMGN
2020-06-19 04:00:00,233.3800048828125,239.0700073242188,231.3099975585938,238.6999969482422,198.3227081298828,5319500,2020-06-19,Amgen,Amgen,United States,AMGN
2020-06-22 04:00:00,236.3099975585938,237.6499938964844,233.0599975585938,234.1900024414062,194.5755767822266,2337000,2020-06-22,Amgen,Amgen,United States,AMGN
2020-06-23 04:00:00,234.8699951171875,239.1699981689453,233.4400024414062,235.75,195.8717193603516,2171500,2020-06-23,Amgen,Amgen,United States,AMGN
2020-06-24 04:00:00,235.2100067138672,237.0,231.3999938964844,232.5099945068359,193.1797485351562,1972900,2020-06-24,Amgen,Amgen,United States,AMGN
2020-06-25 04:00:00,231.5,235.4400024414062,230.3899993896484,235.1100006103516,195.3399810791016,2080300,2020-06-25,Amgen,Amgen,United States,AMGN
2020-06-26 04:00:00,235.3699951171875,236.8600006103516,231.8200073242188,232.8399963378906,193.4539642333984,3613300,2020-06-26,Amgen,Amgen,United States,AMGN
2020-06-29 04:00:00,233.3999938964844,234.1399993896484,229.9799957275391,231.5599975585938,192.3905029296875,1938000,2020-06-29,Amgen,Amgen,United States,AMGN
2020-06-30 04:00:00,233.3099975585938,237.3200073242188,231.8000030517578,235.8600006103516,195.9631042480469,2589000,2020-06-30,Amgen,Amgen,United States,AMGN
2020-07-01 04:00:00,235.5200042724609,256.2300109863281,232.5800018310547,255.1199951171875,211.9652404785156,6575800,2020-07-01,Amgen,Amgen,United States,AMGN
2020-07-02 04:00:00,252.8699951171875,261.4599914550781,252.8699951171875,258.239990234375,214.5574188232422,3338000,2020-07-02,Amgen,Amgen,United States,AMGN
2020-07-06 04:00:00,260.0299987792969,264.9700012207031,253.8999938964844,256.25,212.9040374755859,3460400,2020-07-06,Amgen,Amgen,United States,AMGN
2020-07-07 04:00:00,253.6000061035156,258.9100036621094,252.0899963378906,253.1499938964844,210.3283996582031,2365900,2020-07-07,Amgen,Amgen,United States,AMGN
2020-07-08 04:00:00,253.1499938964844,253.9799957275391,249.25,251.5899963378906,209.0323181152344,1993700,2020-07-08,Amgen,Amgen,United States,AMGN
2020-07-09 04:00:00,250.25,253.8300018310547,248.8399963378906,251.6600036621094,209.0904998779297,1739600,2020-07-09,Amgen,Amgen,United States,AMGN
2020-07-10 04:00:00,250.6499938964844,251.5700073242188,247.0700073242188,249.0399932861328,206.9136657714844,1326100,2020-07-10,Amgen,Amgen,United States,AMGN
2020-07-13 04:00:00,249.8300018310547,255.4299926757812,249.2799987792969,250.0399932861328,207.7444763183594,2528100,2020-07-13,Amgen,Amgen,United States,AMGN
2020-07-14 04:00:00,242.7599945068359,253.7899932861328,240.4799957275391,253.0899963378906,210.2785491943359,2368300,2020-07-14,Amgen,Amgen,United States,AMGN
2020-07-15 04:00:00,254.5700073242188,254.5700073242188,250.7700042724609,253.3099975585938,210.4613800048828,1650100,2020-07-15,Amgen,Amgen,United States,AMGN
2020-07-16 04:00:00,252.0599975585938,255.2899932861328,249.9199981689453,255.1999969482422,212.0316772460938,1530900,2020-07-16,Amgen,Amgen,United States,AMGN
2020-07-17 04:00:00,256.7000122070312,259.9500122070312,254.7599945068359,258.4599914550781,214.7402496337891,2044800,2020-07-17,Amgen,Amgen,United States,AMGN
2020-07-20 04:00:00,260.0799865722656,262.8200073242188,258.3200073242188,260.9500122070312,216.8090362548828,1497400,2020-07-20,Amgen,Amgen,United States,AMGN
2020-07-21 04:00:00,258.6199951171875,260.0299987792969,257.2799987792969,257.9100036621094,214.2832489013672,1821600,2020-07-21,Amgen,Amgen,United States,AMGN
2020-07-22 04:00:00,259.7900085449219,260.0,255.8000030517578,256.9800109863281,213.5105895996094,1598100,2020-07-22,Amgen,Amgen,United States,AMGN
2020-07-23 04:00:00,259.5400085449219,260.0,251.6000061035156,252.2400054931641,209.5723724365234,2532000,2020-07-23,Amgen,Amgen,United States,AMGN
2020-07-24 04:00:00,251.2599945068359,251.8300018310547,245.5,247.9799957275391,206.0329284667969,2187900,2020-07-24,Amgen,Amgen,United States,AMGN
2020-07-27 04:00:00,247.3000030517578,255.1000061035156,247.0299987792969,253.6499938964844,210.7438659667969,2155700,2020-07-27,Amgen,Amgen,United States,AMGN
2020-07-28 04:00:00,254.4600067138672,258.3999938964844,253.7700042724609,255.2700042724609,212.0898132324219,2266600,2020-07-28,Amgen,Amgen,United States,AMGN
2020-07-29 04:00:00,250.3999938964844,252.8500061035156,245.7400054931641,248.8500061035156,206.7557830810547,3286700,2020-07-29,Amgen,Amgen,United States,AMGN
2020-07-30 04:00:00,246.3999938964844,247.8200073242188,245.1999969482422,246.1399993896484,204.5042114257812,1967400,2020-07-30,Amgen,Amgen,United States,AMGN
2020-07-31 04:00:00,245.6300048828125,246.1000061035156,239.3899993896484,244.6699981689453,203.2828979492188,2830100,2020-07-31,Amgen,Amgen,United States,AMGN
2020-08-03 04:00:00,244.8500061035156,249.0200042724609,244.5299987792969,247.3600006103516,205.5178375244141,1853900,2020-08-03,Amgen,Amgen,United States,AMGN
2020-08-04 04:00:00,245.9700012207031,246.1699981689453,241.3399963378906,243.5899963378906,202.3855438232422,1912100,2020-08-04,Amgen,Amgen,United States,AMGN
2020-08-05 04:00:00,243.9100036621094,245.4100036621094,240.8000030517578,241.4700012207031,200.6241760253906,1736400,2020-08-05,Amgen,Amgen,United States,AMGN
2020-08-06 04:00:00,240.8500061035156,242.1999969482422,239.1100006103516,241.5500030517578,200.6906280517578,1747000,2020-08-06,Amgen,Amgen,United States,AMGN
2020-08-07 04:00:00,243.5800018310547,243.6199951171875,238.5700073242188,240.6900024414062,199.9761352539062,1352300,2020-08-07,Amgen,Amgen,United States,AMGN
2020-08-10 04:00:00,240.2599945068359,240.6699981689453,236.2100067138672,238.1699981689453,197.8823394775391,1533200,2020-08-10,Amgen,Amgen,United States,AMGN
2020-08-11 04:00:00,238.1799926757812,238.8999938964844,234.3600006103516,234.6499938964844,194.9577941894531,2296200,2020-08-11,Amgen,Amgen,United States,AMGN
2020-08-12 04:00:00,234.6900024414062,243.0,234.6900024414062,241.7200012207031,200.8318786621094,2325500,2020-08-12,Amgen,Amgen,United States,AMGN
2020-08-13 04:00:00,241.3099975585938,242.7700042724609,239.6100006103516,240.4600067138672,199.7849578857422,1362800,2020-08-13,Amgen,Amgen,United States,AMGN
2020-08-14 04:00:00,239.2100067138672,240.0599975585938,238.6199951171875,239.7100067138672,200.4959716796875,1225000,2020-08-14,Amgen,Amgen,United States,AMGN
2020-08-17 04:00:00,240.2100067138672,244.7400054931641,240.2100067138672,243.0099945068359,203.2560882568359,1697500,2020-08-17,Amgen,Amgen,United States,AMGN
2020-08-18 04:00:00,243.5200042724609,244.3099975585938,240.0200042724609,241.5,201.9930877685547,1123800,2020-08-18,Amgen,Amgen,United States,AMGN
2020-08-19 04:00:00,241.0200042724609,243.7299957275391,238.5,240.4900054931641,201.1483459472656,1900500,2020-08-19,Amgen,Amgen,United States,AMGN
2020-08-20 04:00:00,240.1300048828125,240.6900024414062,237.3000030517578,238.7299957275391,199.6762847900391,1172800,2020-08-20,Amgen,Amgen,United States,AMGN
2020-08-21 04:00:00,238.8800048828125,238.8800048828125,235.5099945068359,237.6399993896484,198.7646026611328,1959900,2020-08-21,Amgen,Amgen,United States,AMGN
2020-08-24 04:00:00,237.7299957275391,238.4400024414062,233.5599975585938,235.5700073242188,197.0332336425781,1565300,2020-08-24,Amgen,Amgen,United States,AMGN
2020-08-25 04:00:00,242.8999938964844,249.9600067138672,240.8000030517578,248.2200012207031,207.61376953125,6392100,2020-08-25,Amgen,Amgen,United States,AMGN
2020-08-26 04:00:00,248.3300018310547,251.3800048828125,245.7599945068359,250.1799926757812,209.2531433105469,3125000,2020-08-26,Amgen,Amgen,United States,AMGN
2020-08-27 04:00:00,252.2400054931641,256.9100036621094,250.4100036621094,252.8099975585938,211.4529266357422,3928300,2020-08-27,Amgen,Amgen,United States,AMGN
2020-08-28 04:00:00,253.3999938964844,254.1399993896484,247.7899932861328,253.1199951171875,211.7122192382812,12838400,2020-08-28,Amgen,Amgen,United States,AMGN
2020-08-31 04:00:00,252.9299926757812,256.0499877929688,250.1000061035156,253.3200073242188,211.8794708251953,4053900,2020-08-31,Amgen,Amgen,United States,AMGN
2020-09-01 04:00:00,250.0500030517578,252.0399932861328,248.6799926757812,250.8600006103516,209.8218841552734,2869000,2020-09-01,Amgen,Amgen,United States,AMGN
2020-09-02 04:00:00,251.2200012207031,258.7999877929688,251.2200012207031,258.1199951171875,215.8942565917969,2871600,2020-09-02,Amgen,Amgen,United States,AMGN
2020-09-03 04:00:00,259.2900085449219,260.0599975585938,246.3500061035156,247.9100036621094,207.3545379638672,3137700,2020-09-03,Amgen,Amgen,United States,AMGN
2020-09-04 04:00:00,251.3300018310547,252.2700042724609,244.5800018310547,248.3999938964844,207.7643890380859,2910200,2020-09-04,Amgen,Amgen,United States,AMGN
2020-09-08 04:00:00,246.2299957275391,246.9900054931641,239.5299987792969,241.1799926757812,201.7254486083984,3358600,2020-09-08,Amgen,Amgen,United States,AMGN
2020-09-09 04:00:00,242.6399993896484,247.4900054931641,241.8200073242188,245.5700073242188,205.3973236083984,2244300,2020-09-09,Amgen,Amgen,United States,AMGN
2020-09-10 04:00:00,244.5599975585938,246.1399993896484,238.8999938964844,240.6399993896484,201.2738037109375,2126400,2020-09-10,Amgen,Amgen,United States,AMGN
2020-09-11 04:00:00,241.6999969482422,245.4900054931641,241.0700073242188,243.2100067138672,203.4233856201172,1899400,2020-09-11,Amgen,Amgen,United States,AMGN
2020-09-14 04:00:00,244.8399963378906,247.8399963378906,244.25,246.75,206.38427734375,2086500,2020-09-14,Amgen,Amgen,United States,AMGN
2020-09-15 04:00:00,248.6999969482422,251.9199981689453,248.1000061035156,248.3500061035156,207.7225341796875,2243900,2020-09-15,Amgen,Amgen,United States,AMGN
2020-09-16 04:00:00,251.3500061035156,251.3500061035156,247.0,247.7599945068359,207.2290496826172,2325300,2020-09-16,Amgen,Amgen,United States,AMGN
2020-09-17 04:00:00,243.5299987792969,249.7200012207031,243.0200042724609,248.0800018310547,207.4967041015625,2801100,2020-09-17,Amgen,Amgen,United States,AMGN
2020-09-18 04:00:00,248.6900024414062,249.8399963378906,242.3500061035156,247.7200012207031,207.1956024169922,6042400,2020-09-18,Amgen,Amgen,United States,AMGN
2020-09-21 04:00:00,247.0399932861328,247.0399932861328,238.1999969482422,243.1900024414062,203.4066314697266,2745300,2020-09-21,Amgen,Amgen,United States,AMGN
2020-09-22 04:00:00,241.5500030517578,248.2899932861328,240.8999938964844,247.5,207.0115509033203,2172600,2020-09-22,Amgen,Amgen,United States,AMGN
2020-09-23 04:00:00,247.3000030517578,249.2299957275391,241.4799957275391,242.5899963378906,202.9048461914062,2104300,2020-09-23,Amgen,Amgen,United States,AMGN
2020-09-24 04:00:00,242.1499938964844,242.6799926757812,237.7799987792969,240.3200073242188,201.0061798095703,1827200,2020-09-24,Amgen,Amgen,United States,AMGN
2020-09-25 04:00:00,239.5099945068359,244.1799926757812,237.8099975585938,243.8200073242188,203.93359375,2635700,2020-09-25,Amgen,Amgen,United States,AMGN
2020-09-28 04:00:00,247.6799926757812,249.0399932861328,244.7700042724609,247.0299987792969,206.6185150146484,2213900,2020-09-28,Amgen,Amgen,United States,AMGN
2020-09-29 04:00:00,247.5500030517578,249.0500030517578,245.4799957275391,248.3000030517578,207.6807098388672,2008000,2020-09-29,Amgen,Amgen,United States,AMGN
2020-09-30 04:00:00,249.8099975585938,256.1199951171875,248.1000061035156,254.1600036621094,212.5821228027344,3526600,2020-09-30,Amgen,Amgen,United States,AMGN
2020-10-01 04:00:00,255.0700073242188,258.510009765625,254.0500030517578,255.3899993896484,213.61083984375,2428300,2020-10-01,Amgen,Amgen,United States,AMGN
2020-10-02 04:00:00,252.3999938964844,254.6600036621094,244.0099945068359,245.4100036621094,205.2635040283203,2514100,2020-10-02,Amgen,Amgen,United States,AMGN
2020-10-05 04:00:00,246.5200042724609,256.6499938964844,246.2400054931641,256.010009765625,214.1294250488281,2852300,2020-10-05,Amgen,Amgen,United States,AMGN
2020-10-06 04:00:00,257.3999938964844,257.3999938964844,252.1399993896484,252.6900024414062,211.3525543212891,2431400,2020-10-06,Amgen,Amgen,United States,AMGN
2020-10-07 04:00:00,253.9600067138672,258.3999938964844,253.1000061035156,257.6700134277344,215.5178985595703,1842800,2020-10-07,Amgen,Amgen,United States,AMGN
2020-10-08 04:00:00,249.2700042724609,250.0599975585938,239.0,240.0899963378906,200.8137512207031,5592300,2020-10-08,Amgen,Amgen,United States,AMGN
2020-10-09 04:00:00,238.5,239.5800018310547,234.0200042724609,236.6999969482422,197.9783477783203,4183000,2020-10-09,Amgen,Amgen,United States,AMGN
2020-10-12 04:00:00,237.7299957275391,241.9199981689453,235.7599945068359,239.5099945068359,200.3286895751953,2881600,2020-10-12,Amgen,Amgen,United States,AMGN
2020-10-13 04:00:00,239.1999969482422,241.8699951171875,238.8699951171875,239.3399963378906,200.1864776611328,2065600,2020-10-13,Amgen,Amgen,United States,AMGN
2020-10-14 04:00:00,240.3999938964844,242.2700042724609,237.1999969482422,237.6499938964844,198.7729339599609,2693600,2020-10-14,Amgen,Amgen,United States,AMGN
2020-10-15 04:00:00,236.0,236.9900054931641,232.8699951171875,235.0099945068359,196.5648193359375,2531000,2020-10-15,Amgen,Amgen,United States,AMGN
2020-10-16 04:00:00,235.3500061035156,239.1600036621094,233.8000030517578,235.7200012207031,197.1586761474609,2059300,2020-10-16,Amgen,Amgen,United States,AMGN
2020-10-19 04:00:00,236.2100067138672,237.4400024414062,230.0099945068359,230.7100067138672,192.96826171875,2749800,2020-10-19,Amgen,Amgen,United States,AMGN
2020-10-20 04:00:00,231.0599975585938,232.8999938964844,229.3600006103516,231.1000061035156,193.2944030761719,1950100,2020-10-20,Amgen,Amgen,United States,AMGN
2020-10-21 04:00:00,229.4600067138672,231.1100006103516,227.5399932861328,228.9700012207031,191.5129089355469,1978700,2020-10-21,Amgen,Amgen,United States,AMGN
2020-10-22 04:00:00,228.1000061035156,229.9299926757812,226.1600036621094,227.9799957275391,190.6848449707031,2172900,2020-10-22,Amgen,Amgen,United States,AMGN
2020-10-23 04:00:00,228.7200012207031,230.0700073242188,226.3000030517578,227.1600036621094,189.9990234375,2104200,2020-10-23,Amgen,Amgen,United States,AMGN
2020-10-26 04:00:00,226.0200042724609,228.2299957275391,221.7899932861328,224.8899993896484,188.100341796875,3087100,2020-10-26,Amgen,Amgen,United States,AMGN
2020-10-27 04:00:00,225.0599975585938,225.9499969482422,223.1399993896484,223.4600067138672,186.904296875,1934400,2020-10-27,Amgen,Amgen,United States,AMGN
2020-10-28 04:00:00,219.0200042724609,221.0599975585938,215.9299926757812,216.3800048828125,180.9825286865234,2874000,2020-10-28,Amgen,Amgen,United States,AMGN
2020-10-29 04:00:00,213.6300048828125,220.3300018310547,210.2799987792969,217.8200073242188,182.1869201660156,2994100,2020-10-29,Amgen,Amgen,United States,AMGN
2020-10-30 04:00:00,216.2200012207031,217.2700042724609,213.9600067138672,216.9400024414062,181.4508666992188,3262500,2020-10-30,Amgen,Amgen,United States,AMGN
2020-11-02 05:00:00,221.5599975585938,222.3699951171875,217.1999969482422,220.2100067138672,184.1859283447266,2029000,2020-11-02,Amgen,Amgen,United States,AMGN
2020-11-03 05:00:00,221.7599945068359,223.0800018310547,218.4600067138672,220.0599975585938,184.0604553222656,2533600,2020-11-03,Amgen,Amgen,United States,AMGN
2020-11-04 05:00:00,226.2899932861328,235.9799957275391,225.1000061035156,230.3300018310547,192.6504516601562,3810000,2020-11-04,Amgen,Amgen,United States,AMGN
2020-11-05 05:00:00,233.7700042724609,233.8300018310547,230.0,231.9700012207031,194.0221252441406,2070300,2020-11-05,Amgen,Amgen,United States,AMGN
2020-11-06 05:00:00,232.6600036621094,233.2100067138672,230.0399932861328,231.6699981689453,193.7712249755859,2028500,2020-11-06,Amgen,Amgen,United States,AMGN
2020-11-09 05:00:00,242.9400024414062,244.8000030517578,234.0,235.0,196.5564575195312,2996200,2020-11-09,Amgen,Amgen,United States,AMGN
2020-11-10 05:00:00,244.0,245.8399963378906,239.4700012207031,241.6000061035156,202.0767822265625,3742800,2020-11-10,Amgen,Amgen,United States,AMGN
2020-11-11 05:00:00,242.5200042724609,245.6699981689453,238.5,240.6900024414062,201.3156433105469,2244800,2020-11-11,Amgen,Amgen,United States,AMGN
2020-11-12 05:00:00,240.5500030517578,240.8899993896484,235.6399993896484,237.1399993896484,198.3463592529297,2438200,2020-11-12,Amgen,Amgen,United States,AMGN
2020-11-13 05:00:00,236.8899993896484,238.5899963378906,235.0,237.3600006103516,199.8790130615234,1767100,2020-11-13,Amgen,Amgen,United States,AMGN
2020-11-16 05:00:00,237.4199981689453,239.8200073242188,235.2599945068359,236.6600036621094,199.2895050048828,2069200,2020-11-16,Amgen,Amgen,United States,AMGN
2020-11-17 05:00:00,235.0099945068359,236.9299926757812,232.1199951171875,232.4400024414062,195.7359008789062,1935100,2020-11-17,Amgen,Amgen,United States,AMGN
2020-11-18 05:00:00,234.0500030517578,234.3699951171875,227.6399993896484,227.7599945068359,191.7949066162109,2466200,2020-11-18,Amgen,Amgen,United States,AMGN
2020-11-19 05:00:00,226.9700012207031,226.9700012207031,223.5899963378906,224.6699981689453,189.1928253173828,2595700,2020-11-19,Amgen,Amgen,United States,AMGN
2020-11-20 05:00:00,223.2200012207031,225.0899963378906,221.4799957275391,223.1699981689453,187.9297027587891,2956200,2020-11-20,Amgen,Amgen,United States,AMGN
2020-11-23 05:00:00,222.0599975585938,223.1699981689453,220.3399963378906,222.2200012207031,187.1296844482422,2032600,2020-11-23,Amgen,Amgen,United States,AMGN
2020-11-24 05:00:00,222.4499969482422,223.0500030517578,219.8200073242188,220.4600067138672,185.6476440429688,3198300,2020-11-24,Amgen,Amgen,United States,AMGN
2020-11-25 05:00:00,221.1000061035156,223.7700042724609,218.9199981689453,220.3099975585938,185.5213012695312,2550300,2020-11-25,Amgen,Amgen,United States,AMGN
2020-11-27 05:00:00,221.4100036621094,226.2100067138672,221.3899993896484,224.8099975585938,189.3106842041016,1698300,2020-11-27,Amgen,Amgen,United States,AMGN
2020-11-30 05:00:00,224.3300018310547,225.2799987792969,219.4499969482422,222.0399932861328,186.9781188964844,4857700,2020-11-30,Amgen,Amgen,United States,AMGN
2020-12-01 05:00:00,224.8800048828125,225.7799987792969,222.7200012207031,225.0800018310547,189.5380859375,3050600,2020-12-01,Amgen,Amgen,United States,AMGN
2020-12-02 05:00:00,225.0800018310547,230.0800018310547,224.6100006103516,226.5599975585938,190.7843933105469,2641200,2020-12-02,Amgen,Amgen,United States,AMGN
2020-12-03 05:00:00,226.0,228.4499969482422,225.5200042724609,226.9100036621094,191.0790863037109,2167800,2020-12-03,Amgen,Amgen,United States,AMGN
2020-12-04 05:00:00,225.75,230.3300018310547,225.75,229.2100067138672,193.0159606933594,2008800,2020-12-04,Amgen,Amgen,United States,AMGN
2020-12-07 05:00:00,229.0,229.2100067138672,225.1100006103516,226.4499969482422,190.6917724609375,2250300,2020-12-07,Amgen,Amgen,United States,AMGN
2020-12-08 05:00:00,229.0099945068359,229.1000061035156,226.3500061035156,228.9400024414062,192.7885589599609,2124500,2020-12-08,Amgen,Amgen,United States,AMGN
2020-12-09 05:00:00,229.7799987792969,231.5899963378906,227.8800048828125,229.8500061035156,193.5548400878906,2210000,2020-12-09,Amgen,Amgen,United States,AMGN
2020-12-10 05:00:00,229.6199951171875,230.0,227.5200042724609,228.1600036621094,192.1317443847656,1558100,2020-12-10,Amgen,Amgen,United States,AMGN
2020-12-11 05:00:00,226.4700012207031,227.8000030517578,225.5,227.3999938964844,191.4917297363281,2019300,2020-12-11,Amgen,Amgen,United States,AMGN
2020-12-14 05:00:00,229.4799957275391,232.1900024414062,227.5800018310547,229.4600067138672,193.2264862060547,2904700,2020-12-14,Amgen,Amgen,United States,AMGN
2020-12-15 05:00:00,229.0099945068359,231.2799987792969,227.0,230.5299987792969,194.1274871826172,2566600,2020-12-15,Amgen,Amgen,United States,AMGN
2020-12-16 05:00:00,229.9900054931641,231.2799987792969,228.1100006103516,228.4400024414062,192.3674926757812,2589100,2020-12-16,Amgen,Amgen,United States,AMGN
2020-12-17 05:00:00,229.1199951171875,231.3800048828125,228.8300018310547,231.2400054931641,194.7253875732422,2510400,2020-12-17,Amgen,Amgen,United States,AMGN
2020-12-18 05:00:00,232.0399932861328,232.0399932861328,227.25,228.4900054931641,192.4095764160156,5888900,2020-12-18,Amgen,Amgen,United States,AMGN
2020-12-21 05:00:00,225.6799926757812,227.9400024414062,221.5800018310547,227.3099975585938,191.4159393310547,2311400,2020-12-21,Amgen,Amgen,United States,AMGN
2020-12-22 05:00:00,225.7200012207031,226.4799957275391,220.0800018310547,220.9900054931641,186.0939178466797,3571600,2020-12-22,Amgen,Amgen,United States,AMGN
2020-12-23 05:00:00,221.4799957275391,223.5800018310547,220.6600036621094,222.9400024414062,187.7360534667969,1763500,2020-12-23,Amgen,Amgen,United States,AMGN
2020-12-24 05:00:00,223.2400054931641,224.5800018310547,222.2899932861328,222.9299926757812,187.7275543212891,955400,2020-12-24,Amgen,Amgen,United States,AMGN
2020-12-28 05:00:00,223.0299987792969,226.8999938964844,223.0299987792969,223.6499938964844,188.3339080810547,1495100,2020-12-28,Amgen,Amgen,United States,AMGN
2020-12-29 05:00:00,225.8800048828125,229.4700012207031,225.2700042724609,226.8699951171875,191.0454406738281,1564400,2020-12-29,Amgen,Amgen,United States,AMGN
2020-12-30 05:00:00,227.9799957275391,229.0299987792969,226.5800018310547,227.1699981689453,191.2980499267578,1891400,2020-12-30,Amgen,Amgen,United States,AMGN
2020-12-31 05:00:00,227.3099975585938,230.25,225.8899993896484,229.9199981689453,193.6138153076172,1821000,2020-12-31,Amgen,Amgen,United States,AMGN
2021-01-04 05:00:00,231.25,231.25,223.6699981689453,226.6600036621094,190.8685913085938,3088200,2021-01-04,Amgen,Amgen,United States,AMGN
2021-01-05 05:00:00,226.9400024414062,228.8999938964844,224.3500061035156,227.7599945068359,191.7949066162109,2494000,2021-01-05,Amgen,Amgen,United States,AMGN
2021-01-06 05:00:00,225.0,233.5299987792969,225.0,233.25,196.4179382324219,3754800,2021-01-06,Amgen,Amgen,United States,AMGN
2021-01-07 05:00:00,231.8600006103516,235.3699951171875,231.4700012207031,234.0200042724609,197.0663909912109,2647800,2021-01-07,Amgen,Amgen,United States,AMGN
2021-01-08 05:00:00,235.5299987792969,238.8600006103516,235.1000061035156,238.4900054931641,200.8305511474609,2511100,2021-01-08,Amgen,Amgen,United States,AMGN
2021-01-11 05:00:00,240.0,240.3500061035156,234.4299926757812,237.5700073242188,200.0558471679688,2600500,2021-01-11,Amgen,Amgen,United States,AMGN
2021-01-12 05:00:00,237.1199951171875,238.7799987792969,235.3500061035156,236.5899963378906,199.2305603027344,1771500,2021-01-12,Amgen,Amgen,United States,AMGN
2021-01-13 05:00:00,235.9900054931641,238.5,235.2200012207031,237.7400054931641,200.198974609375,1412300,2021-01-13,Amgen,Amgen,United States,AMGN
2021-01-14 05:00:00,236.5,243.4900054931641,235.6799926757812,241.6600036621094,203.5,2594000,2021-01-14,Amgen,Amgen,United States,AMGN
2021-01-15 05:00:00,241.1799926757812,246.8399963378906,240.0200042724609,245.4900054931641,206.7251739501953,2855200,2021-01-15,Amgen,Amgen,United States,AMGN
2021-01-19 05:00:00,246.5,249.0,246.3800048828125,248.2700042724609,209.0661926269531,2172900,2021-01-19,Amgen,Amgen,United States,AMGN
2021-01-20 05:00:00,247.4199981689453,253.3500061035156,246.1199951171875,252.3600006103516,212.5103607177734,2768200,2021-01-20,Amgen,Amgen,United States,AMGN
2021-01-21 05:00:00,252.0,252.7299957275391,249.5200042724609,252.0299987792969,212.2324523925781,2215900,2021-01-21,Amgen,Amgen,United States,AMGN
2021-01-22 05:00:00,252.2599945068359,255.2299957275391,250.5599975585938,253.5,213.4703826904297,1866600,2021-01-22,Amgen,Amgen,United States,AMGN
2021-01-25 05:00:00,252.0500030517578,257.1099853515625,251.8500061035156,257.1000061035156,216.5019073486328,1830700,2021-01-25,Amgen,Amgen,United States,AMGN
2021-01-26 05:00:00,256.5899963378906,259.0700073242188,254.8600006103516,258.6000061035156,217.7650146484375,2008900,2021-01-26,Amgen,Amgen,United States,AMGN
2021-01-27 05:00:00,255.4700012207031,259.4400024414062,250.3200073242188,251.0599975585938,211.4156341552734,3237900,2021-01-27,Amgen,Amgen,United States,AMGN
2021-01-28 05:00:00,252.4799957275391,276.6900024414062,243.4499969482422,247.75,208.6282958984375,5205600,2021-01-28,Amgen,Amgen,United States,AMGN
2021-01-29 05:00:00,244.9299926757812,246.4700012207031,240.25,241.4299926757812,203.3062896728516,3792800,2021-01-29,Amgen,Amgen,United States,AMGN
2021-02-01 05:00:00,244.3000030517578,245.4799957275391,239.5800018310547,240.4299926757812,202.4641876220703,2173500,2021-02-01,Amgen,Amgen,United States,AMGN
2021-02-02 05:00:00,240.0,241.9499969482422,236.8000030517578,240.4900054931641,202.5147094726562,2444200,2021-02-02,Amgen,Amgen,United States,AMGN
2021-02-03 05:00:00,231.5599975585938,239.8699951171875,231.3899993896484,237.0800018310547,199.6431884765625,4479200,2021-02-03,Amgen,Amgen,United States,AMGN
2021-02-04 05:00:00,236.2799987792969,237.8600006103516,233.75,237.2200012207031,199.7610778808594,2819700,2021-02-04,Amgen,Amgen,United States,AMGN
2021-02-05 05:00:00,238.3099975585938,238.8800048828125,235.3800048828125,236.3200073242188,199.0031890869141,2421800,2021-02-05,Amgen,Amgen,United States,AMGN
2021-02-08 05:00:00,237.9900054931641,239.6300048828125,235.8500061035156,237.5700073242188,200.0558471679688,2258200,2021-02-08,Amgen,Amgen,United States,AMGN
2021-02-09 05:00:00,237.2799987792969,237.6699981689453,234.7899932861328,236.6499938964844,199.2810974121094,1996500,2021-02-09,Amgen,Amgen,United States,AMGN
2021-02-10 05:00:00,238.3999938964844,240.3000030517578,236.6999969482422,238.4600067138672,200.8052520751953,2964400,2021-02-10,Amgen,Amgen,United States,AMGN
2021-02-11 05:00:00,238.6399993896484,239.1300048828125,233.9900054931641,235.0399932861328,199.3970184326172,1633900,2021-02-11,Amgen,Amgen,United States,AMGN
2021-02-12 05:00:00,235.0399932861328,237.3500061035156,233.4900054931641,237.2100067138672,201.2379455566406,1460300,2021-02-12,Amgen,Amgen,United States,AMGN
2021-02-16 05:00:00,236.0099945068359,237.6900024414062,232.5299987792969,232.8399963378906,197.5306243896484,2018100,2021-02-16,Amgen,Amgen,United States,AMGN
2021-02-17 05:00:00,232.3300018310547,235.8399963378906,231.2400054931641,235.6100006103516,199.8805694580078,1575400,2021-02-17,Amgen,Amgen,United States,AMGN
2021-02-18 05:00:00,235.4299926757812,235.4299926757812,232.3000030517578,232.5299987792969,197.2676391601562,1945300,2021-02-18,Amgen,Amgen,United States,AMGN
2021-02-19 05:00:00,232.0099945068359,233.1499938964844,230.8500061035156,231.6900024414062,196.5550689697266,2471500,2021-02-19,Amgen,Amgen,United States,AMGN
2021-02-22 05:00:00,230.3300018310547,233.8000030517578,230.1199951171875,231.4700012207031,196.3684234619141,2334800,2021-02-22,Amgen,Amgen,United States,AMGN
2021-02-23 05:00:00,232.6499938964844,238.0,230.9700012207031,232.4600067138672,197.208251953125,2919200,2021-02-23,Amgen,Amgen,United States,AMGN
2021-02-24 05:00:00,229.8699951171875,230.7899932861328,227.7100067138672,229.9900054931641,195.1128082275391,2690500,2021-02-24,Amgen,Amgen,United States,AMGN
2021-02-25 05:00:00,229.9900054931641,230.5,226.8999938964844,227.5200042724609,193.0174255371094,2769200,2021-02-25,Amgen,Amgen,United States,AMGN
2021-02-26 05:00:00,230.3099975585938,230.3099975585938,223.6199951171875,224.9199981689453,190.8116760253906,3453500,2021-02-26,Amgen,Amgen,United States,AMGN
2021-03-01 05:00:00,225.8800048828125,227.9299926757812,225.2299957275391,227.0399932861328,192.6101684570312,2178100,2021-03-01,Amgen,Amgen,United States,AMGN
2021-03-02 05:00:00,227.0,227.8899993896484,225.2799987792969,225.6900024414062,191.4649200439453,2407500,2021-03-02,Amgen,Amgen,United States,AMGN
2021-03-03 05:00:00,223.5200042724609,225.6900024414062,221.3099975585938,223.9400024414062,189.9803161621094,2610600,2021-03-03,Amgen,Amgen,United States,AMGN
2021-03-04 05:00:00,227.8200073242188,227.8699951171875,220.25,221.9100036621094,188.2581176757812,3577000,2021-03-04,Amgen,Amgen,United States,AMGN
2021-03-05 05:00:00,222.4499969482422,228.1499938964844,221.4499969482422,227.7299957275391,193.195556640625,3021300,2021-03-05,Amgen,Amgen,United States,AMGN
2021-03-08 05:00:00,228.0800018310547,232.1999969482422,226.6999969482422,227.8099975585938,193.2633819580078,3101000,2021-03-08,Amgen,Amgen,United States,AMGN
2021-03-09 05:00:00,230.0,233.1199951171875,228.7799987792969,228.9900054931641,194.2645111083984,3057300,2021-03-09,Amgen,Amgen,United States,AMGN
2021-03-10 05:00:00,231.4600067138672,233.4900054931641,229.0200042724609,229.9600067138672,195.0873718261719,2309800,2021-03-10,Amgen,Amgen,United States,AMGN
2021-03-11 05:00:00,230.6600036621094,233.9600067138672,228.7799987792969,231.1699981689453,196.1138916015625,2244000,2021-03-11,Amgen,Amgen,United States,AMGN
2021-03-12 05:00:00,230.2400054931641,230.7599945068359,228.6900024414062,230.3600006103516,195.4266967773438,1752600,2021-03-12,Amgen,Amgen,United States,AMGN
2021-03-15 04:00:00,230.0,236.1600036621094,229.8000030517578,235.9600067138672,200.1775360107422,2911000,2021-03-15,Amgen,Amgen,United States,AMGN
2021-03-16 04:00:00,238.1199951171875,242.0200042724609,236.6199951171875,240.3200073242188,203.8763275146484,3386300,2021-03-16,Amgen,Amgen,United States,AMGN
2021-03-17 04:00:00,240.3099975585938,245.8999938964844,239.2200012207031,244.2700042724609,207.2273406982422,3255500,2021-03-17,Amgen,Amgen,United States,AMGN
2021-03-18 04:00:00,240.5,247.1399993896484,240.5,244.4199981689453,207.3545532226562,3063100,2021-03-18,Amgen,Amgen,United States,AMGN
2021-03-19 04:00:00,245.7400054931641,247.3999938964844,241.6300048828125,245.9400024414062,208.6440582275391,12589900,2021-03-19,Amgen,Amgen,United States,AMGN
2021-03-22 04:00:00,242.3600006103516,249.7700042724609,242.3600006103516,249.6900024414062,211.8253784179688,2059800,2021-03-22,Amgen,Amgen,United States,AMGN
2021-03-23 04:00:00,249.9900054931641,250.0,244.8999938964844,245.0399932861328,207.8805694580078,2604700,2021-03-23,Amgen,Amgen,United States,AMGN
2021-03-24 04:00:00,245.0,247.3899993896484,243.8200073242188,245.4700012207031,208.2453155517578,2237500,2021-03-24,Amgen,Amgen,United States,AMGN
2021-03-25 04:00:00,247.0399932861328,247.5399932861328,244.9799957275391,246.25,208.9070434570312,2707600,2021-03-25,Amgen,Amgen,United States,AMGN
2021-03-26 04:00:00,245.9700012207031,253.2799987792969,245.5399932861328,252.8600006103516,214.5146636962891,2638900,2021-03-26,Amgen,Amgen,United States,AMGN
2021-03-29 04:00:00,251.5299987792969,256.6000061035156,251.4499969482422,254.9600067138672,216.2962188720703,2488100,2021-03-29,Amgen,Amgen,United States,AMGN
2021-03-30 04:00:00,253.1799926757812,254.0099945068359,248.8300018310547,249.75,211.8763122558594,1979000,2021-03-30,Amgen,Amgen,United States,AMGN
2021-03-31 04:00:00,249.2299957275391,249.9499969482422,247.3600006103516,248.8099975585938,211.0788116455078,3571900,2021-03-31,Amgen,Amgen,United States,AMGN
2021-04-01 04:00:00,249.7299957275391,250.0,246.4100036621094,249.1699981689453,211.3842620849609,2176900,2021-04-01,Amgen,Amgen,United States,AMGN
2021-04-05 04:00:00,249.0599975585938,252.6300048828125,249.0599975585938,252.0200042724609,213.8020629882812,2230500,2021-04-05,Amgen,Amgen,United States,AMGN
2021-04-06 04:00:00,251.7400054931641,252.5399932861328,248.2400054931641,249.1000061035156,211.3248901367188,2040100,2021-04-06,Amgen,Amgen,United States,AMGN
2021-04-07 04:00:00,248.1699981689453,250.2200012207031,247.1000061035156,248.1199951171875,210.4934997558594,1583500,2021-04-07,Amgen,Amgen,United States,AMGN
2021-04-08 04:00:00,249.1000061035156,249.4799957275391,245.9799957275391,246.8800048828125,209.4414978027344,1633600,2021-04-08,Amgen,Amgen,United States,AMGN
2021-04-09 04:00:00,247.7100067138672,249.1000061035156,245.8099975585938,248.9499969482422,211.1975860595703,1368600,2021-04-09,Amgen,Amgen,United States,AMGN
2021-04-12 04:00:00,248.5200042724609,250.0,247.7899932861328,248.9400024414062,211.1891326904297,1722000,2021-04-12,Amgen,Amgen,United States,AMGN
2021-04-13 04:00:00,249.1499938964844,250.3500061035156,247.0899963378906,249.9499969482422,212.0459442138672,1766000,2021-04-13,Amgen,Amgen,United States,AMGN
2021-04-14 04:00:00,249.9799957275391,251.5,249.0,249.6199951171875,211.7660064697266,1753800,2021-04-14,Amgen,Amgen,United States,AMGN
2021-04-15 04:00:00,251.1000061035156,257.0,250.5,255.1300048828125,216.4404296875,2366300,2021-04-15,Amgen,Amgen,United States,AMGN
2021-04-16 04:00:00,256.4400024414062,258.8200073242188,254.6699981689453,255.7100067138672,216.9324645996094,2768700,2021-04-16,Amgen,Amgen,United States,AMGN
2021-04-19 04:00:00,252.8500061035156,256.1099853515625,252.6399993896484,255.9700012207031,217.1530456542969,2345100,2021-04-19,Amgen,Amgen,United States,AMGN
2021-04-20 04:00:00,254.8399963378906,260.3599853515625,254.8399963378906,259.1400146484375,219.8423309326172,1579300,2021-04-20,Amgen,Amgen,United States,AMGN
2021-04-21 04:00:00,260.4100036621094,261.0,257.75,258.7799987792969,219.5369567871094,2173600,2021-04-21,Amgen,Amgen,United States,AMGN
2021-04-22 04:00:00,257.5400085449219,258.4800109863281,253.6600036621094,255.0500030517578,216.3725280761719,3370700,2021-04-22,Amgen,Amgen,United States,AMGN
2021-04-23 04:00:00,254.9799957275391,258.1400146484375,253.6699981689453,257.0299987792969,218.0523071289062,2426900,2021-04-23,Amgen,Amgen,United States,AMGN
2021-04-26 04:00:00,256.6499938964844,256.75,254.4199981689453,255.5200042724609,216.7712554931641,1782700,2021-04-26,Amgen,Amgen,United States,AMGN
2021-04-27 04:00:00,255.1900024414062,256.5299987792969,253.7599945068359,255.1300048828125,216.4404296875,2184900,2021-04-27,Amgen,Amgen,United States,AMGN
2021-04-28 04:00:00,241.5200042724609,243.9700012207031,233.7599945068359,236.7100067138672,200.8137817382812,7550800,2021-04-28,Amgen,Amgen,United States,AMGN
2021-04-29 04:00:00,235.0700073242188,236.0,231.0299987792969,234.7100067138672,199.1170349121094,4053400,2021-04-29,Amgen,Amgen,United States,AMGN
2021-04-30 04:00:00,234.2700042724609,240.6600036621094,234.1999969482422,239.6399993896484,203.2994384765625,3420900,2021-04-30,Amgen,Amgen,United States,AMGN
2021-05-03 04:00:00,240.6699981689453,247.0200042724609,240.5500030517578,245.3800048828125,208.1689758300781,3587700,2021-05-03,Amgen,Amgen,United States,AMGN
2021-05-04 04:00:00,247.2700042724609,247.5800018310547,242.8699951171875,247.3600006103516,209.8487091064453,3555900,2021-05-04,Amgen,Amgen,United States,AMGN
2021-05-05 04:00:00,246.2899932861328,249.9799957275391,245.9100036621094,249.3500061035156,211.5369110107422,2765100,2021-05-05,Amgen,Amgen,United States,AMGN
2021-05-06 04:00:00,249.2799987792969,251.4799957275391,246.9600067138672,251.3000030517578,213.1912231445312,2790800,2021-05-06,Amgen,Amgen,United States,AMGN
2021-05-07 04:00:00,251.7799987792969,255.7299957275391,251.7799987792969,254.2100067138672,215.6599578857422,2512700,2021-05-07,Amgen,Amgen,United States,AMGN
2021-05-10 04:00:00,256.0,258.8099975585938,252.0599975585938,252.6199951171875,214.3110809326172,4079900,2021-05-10,Amgen,Amgen,United States,AMGN
2021-05-11 04:00:00,253.1600036621094,255.9600067138672,251.6199951171875,252.3000030517578,214.0395965576172,2307100,2021-05-11,Amgen,Amgen,United States,AMGN
2021-05-12 04:00:00,251.4100036621094,253.7200012207031,249.6799926757812,250.8300018310547,212.7925109863281,2431900,2021-05-12,Amgen,Amgen,United States,AMGN
2021-05-13 04:00:00,250.1699981689453,254.0899963378906,249.7899932861328,252.0700073242188,213.844482421875,3275300,2021-05-13,Amgen,Amgen,United States,AMGN
2021-05-14 04:00:00,252.8899993896484,254.5899963378906,251.1499938964844,251.3800048828125,214.7586059570312,2286800,2021-05-14,Amgen,Amgen,United States,AMGN
2021-05-17 04:00:00,252.2899932861328,254.6600036621094,250.6399993896484,252.3800048828125,215.6128997802734,1922200,2021-05-17,Amgen,Amgen,United States,AMGN
2021-05-18 04:00:00,252.0800018310547,253.1000061035156,250.3200073242188,250.8600006103516,214.3143310546875,1729400,2021-05-18,Amgen,Amgen,United States,AMGN
2021-05-19 04:00:00,248.3899993896484,249.0899963378906,246.75,248.6300048828125,212.4092407226562,2652500,2021-05-19,Amgen,Amgen,United States,AMGN
2021-05-20 04:00:00,248.0099945068359,254.3899993896484,247.9100036621094,251.9299926757812,215.2284698486328,2227400,2021-05-20,Amgen,Amgen,United States,AMGN
2021-05-21 04:00:00,253.7100067138672,254.0599975585938,250.7400054931641,251.0099945068359,214.4424896240234,2177900,2021-05-21,Amgen,Amgen,United States,AMGN
2021-05-24 04:00:00,250.5599975585938,253.4799957275391,247.5700073242188,247.75,211.6574096679688,2552000,2021-05-24,Amgen,Amgen,United States,AMGN
2021-05-25 04:00:00,246.6600036621094,247.75,241.7799987792969,242.0,206.7451019287109,3210600,2021-05-25,Amgen,Amgen,United States,AMGN
2021-05-26 04:00:00,241.8399963378906,242.4799957275391,238.3300018310547,238.5500030517578,203.7976684570312,3812100,2021-05-26,Amgen,Amgen,United States,AMGN
2021-05-27 04:00:00,238.9100036621094,239.4600067138672,234.5800018310547,235.3099975585938,201.0297088623047,3701100,2021-05-27,Amgen,Amgen,United States,AMGN
2021-05-28 04:00:00,236.2100067138672,240.8699951171875,236.1300048828125,237.9400024414062,203.2765655517578,3239300,2021-05-28,Amgen,Amgen,United States,AMGN
2021-06-01 04:00:00,242.1999969482422,242.2799987792969,232.9400024414062,233.5800018310547,199.5517272949219,3799600,2021-06-01,Amgen,Amgen,United States,AMGN
2021-06-02 04:00:00,234.8999938964844,236.6900024414062,233.8899993896484,235.1600036621094,200.9015502929688,2266800,2021-06-02,Amgen,Amgen,United States,AMGN
2021-06-03 04:00:00,233.6699981689453,236.5800018310547,233.3600006103516,235.7400054931641,201.3970489501953,2010600,2021-06-03,Amgen,Amgen,United States,AMGN
2021-06-04 04:00:00,236.7400054931641,239.2799987792969,235.75,236.8500061035156,202.3453674316406,1875700,2021-06-04,Amgen,Amgen,United States,AMGN
2021-06-07 04:00:00,236.9199981689453,240.5700073242188,235.1999969482422,237.1900024414062,202.6358184814453,2153800,2021-06-07,Amgen,Amgen,United States,AMGN
2021-06-08 04:00:00,238.9299926757812,239.1199951171875,235.25,236.8200073242188,202.3197326660156,1638000,2021-06-08,Amgen,Amgen,United States,AMGN
2021-06-09 04:00:00,237.9199981689453,241.3099975585938,236.7299957275391,239.5200042724609,204.6263885498047,3047700,2021-06-09,Amgen,Amgen,United States,AMGN
2021-06-10 04:00:00,239.5700073242188,245.3300018310547,239.2200012207031,244.6399993896484,209.0004730224609,2655900,2021-06-10,Amgen,Amgen,United States,AMGN
2021-06-11 04:00:00,244.8800048828125,245.5,241.9799957275391,242.7700042724609,207.4028930664062,2002300,2021-06-11,Amgen,Amgen,United States,AMGN
2021-06-14 04:00:00,242.5599975585938,242.7200012207031,239.2899932861328,241.1900024414062,206.0531005859375,2083200,2021-06-14,Amgen,Amgen,United States,AMGN
2021-06-15 04:00:00,241.7400054931641,241.9799957275391,239.0500030517578,239.8500061035156,204.9083404541016,2508800,2021-06-15,Amgen,Amgen,United States,AMGN
2021-06-16 04:00:00,240.8699951171875,244.5099945068359,238.0,239.5800018310547,204.6776275634766,3185600,2021-06-16,Amgen,Amgen,United States,AMGN
2021-06-17 04:00:00,239.5399932861328,242.4299926757812,238.3399963378906,240.7599945068359,205.6857147216797,2142800,2021-06-17,Amgen,Amgen,United States,AMGN
2021-06-18 04:00:00,239.5800018310547,241.0,236.4700012207031,238.6799926757812,203.9087371826172,5560400,2021-06-18,Amgen,Amgen,United States,AMGN
2021-06-21 04:00:00,239.6399993896484,240.9100036621094,237.6499938964844,240.2400054931641,205.2414855957031,2149000,2021-06-21,Amgen,Amgen,United States,AMGN
2021-06-22 04:00:00,239.7100067138672,240.75,238.2899932861328,239.9100036621094,204.9595947265625,1780400,2021-06-22,Amgen,Amgen,United States,AMGN
2021-06-23 04:00:00,239.6499938964844,239.75,236.9299926757812,238.7100067138672,203.9343719482422,1654300,2021-06-23,Amgen,Amgen,United States,AMGN
2021-06-24 04:00:00,240.4100036621094,243.0299987792969,239.2899932861328,240.9499969482422,205.8480377197266,1943000,2021-06-24,Amgen,Amgen,United States,AMGN
2021-06-25 04:00:00,241.6399993896484,243.6499938964844,240.1100006103516,242.6799926757812,207.3260345458984,4309900,2021-06-25,Amgen,Amgen,United States,AMGN
2021-06-28 04:00:00,244.0299987792969,245.5099945068359,242.6600036621094,242.8399963378906,207.4626922607422,1680700,2021-06-28,Amgen,Amgen,United States,AMGN
2021-06-29 04:00:00,243.2200012207031,243.9400024414062,242.0599975585938,242.4600067138672,207.1381072998047,1337200,2021-06-29,Amgen,Amgen,United States,AMGN
2021-06-30 04:00:00,242.7200012207031,244.2700042724609,242.0599975585938,243.75,208.2401580810547,2325100,2021-06-30,Amgen,Amgen,United States,AMGN
2021-07-01 04:00:00,243.7400054931641,247.1000061035156,243.5500030517578,246.8999938964844,210.9312286376953,2091600,2021-07-01,Amgen,Amgen,United States,AMGN
2021-07-02 04:00:00,247.3300018310547,249.8999938964844,246.25,248.6999969482422,212.4690399169922,1943600,2021-07-02,Amgen,Amgen,United States,AMGN
2021-07-06 04:00:00,247.2599945068359,248.1199951171875,243.1699981689453,243.6499938964844,208.1546936035156,2792300,2021-07-06,Amgen,Amgen,United States,AMGN
2021-07-07 04:00:00,244.0700073242188,244.2799987792969,241.3399963378906,243.2200012207031,207.7873687744141,2381700,2021-07-07,Amgen,Amgen,United States,AMGN
2021-07-08 04:00:00,244.2400054931641,246.6999969482422,242.4499969482422,244.2799987792969,208.6929321289062,1994300,2021-07-08,Amgen,Amgen,United States,AMGN
2021-07-09 04:00:00,243.0899963378906,245.9299926757812,241.7100067138672,245.1999969482422,209.4789123535156,1609900,2021-07-09,Amgen,Amgen,United States,AMGN
2021-07-12 04:00:00,244.4900054931641,247.8999938964844,243.5399932861328,244.3699951171875,208.7697906494141,2149400,2021-07-12,Amgen,Amgen,United States,AMGN
2021-07-13 04:00:00,245.3899993896484,246.75,242.9799957275391,244.8300018310547,209.1628112792969,1618200,2021-07-13,Amgen,Amgen,United States,AMGN
2021-07-14 04:00:00,244.2200012207031,245.3300018310547,241.4900054931641,244.6999969482422,209.0517730712891,2185200,2021-07-14,Amgen,Amgen,United States,AMGN
2021-07-15 04:00:00,244.3300018310547,247.5700073242188,242.1399993896484,246.6300048828125,210.7006225585938,2106700,2021-07-15,Amgen,Amgen,United States,AMGN
2021-07-16 04:00:00,248.0800018310547,249.5299987792969,246.5399932861328,247.9600067138672,211.8368377685547,3141400,2021-07-16,Amgen,Amgen,United States,AMGN
2021-07-19 04:00:00,247.8000030517578,249.9499969482422,244.8500061035156,246.7299957275391,210.7860107421875,2529900,2021-07-19,Amgen,Amgen,United States,AMGN
2021-07-20 04:00:00,247.2700042724609,250.3899993896484,245.7100067138672,246.8899993896484,210.9226989746094,3035200,2021-07-20,Amgen,Amgen,United States,AMGN
2021-07-21 04:00:00,246.9100036621094,246.9600067138672,242.6900024414062,244.8500061035156,209.1799163818359,1901900,2021-07-21,Amgen,Amgen,United States,AMGN
2021-07-22 04:00:00,243.9799957275391,246.2200012207031,243.1300048828125,244.7400054931641,209.0859222412109,1379800,2021-07-22,Amgen,Amgen,United States,AMGN
2021-07-23 04:00:00,246.2700042724609,248.5599975585938,244.8699951171875,247.7200012207031,211.6318054199219,1747300,2021-07-23,Amgen,Amgen,United States,AMGN
2021-07-26 04:00:00,247.7200012207031,248.3899993896484,244.8099975585938,245.0800018310547,209.3763732910156,1518500,2021-07-26,Amgen,Amgen,United States,AMGN
2021-07-27 04:00:00,244.1199951171875,245.6100006103516,243.3800048828125,244.6799926757812,209.03466796875,2166400,2021-07-27,Amgen,Amgen,United States,AMGN
2021-07-28 04:00:00,244.5500030517578,247.6999969482422,243.5200042724609,244.25,208.6672668457031,1649100,2021-07-28,Amgen,Amgen,United States,AMGN
2021-07-29 04:00:00,244.4600067138672,245.1600036621094,242.2100067138672,242.4600067138672,207.1381072998047,1498900,2021-07-29,Amgen,Amgen,United States,AMGN
2021-07-30 04:00:00,242.6199951171875,243.1000061035156,240.6300048828125,241.5399932861328,206.3521118164062,2284100,2021-07-30,Amgen,Amgen,United States,AMGN
2021-08-02 04:00:00,242.1199951171875,242.4799957275391,238.3699951171875,239.7899932861328,204.8570251464844,1849400,2021-08-02,Amgen,Amgen,United States,AMGN
2021-08-03 04:00:00,240.7599945068359,244.3899993896484,239.4100036621094,244.0800018310547,208.5220947265625,2320400,2021-08-03,Amgen,Amgen,United States,AMGN
2021-08-04 04:00:00,238.3699951171875,239.4199981689453,227.1000061035156,228.3099975585938,195.0494537353516,6952800,2021-08-04,Amgen,Amgen,United States,AMGN
2021-08-05 04:00:00,228.75,234.0399932861328,228.0599975585938,233.9900054931641,199.9019927978516,3294100,2021-08-05,Amgen,Amgen,United States,AMGN
2021-08-06 04:00:00,231.8500061035156,233.25,228.7700042724609,230.1499938964844,196.6214141845703,2363800,2021-08-06,Amgen,Amgen,United States,AMGN
2021-08-09 04:00:00,230.5200042724609,231.3999938964844,227.2200012207031,227.8899993896484,194.6906433105469,2250300,2021-08-09,Amgen,Amgen,United States,AMGN
2021-08-10 04:00:00,228.1999969482422,228.1999969482422,223.9400024414062,227.9600067138672,194.7504425048828,2860200,2021-08-10,Amgen,Amgen,United States,AMGN
2021-08-11 04:00:00,229.1399993896484,230.0,227.4900054931641,228.1300048828125,194.8956909179688,2104900,2021-08-11,Amgen,Amgen,United States,AMGN
2021-08-12 04:00:00,228.1999969482422,229.4799957275391,225.8099975585938,228.1499938964844,194.9127655029297,1798600,2021-08-12,Amgen,Amgen,United States,AMGN
2021-08-13 04:00:00,229.1100006103516,231.8899993896484,228.7599945068359,229.6799926757812,196.2198944091797,1797300,2021-08-13,Amgen,Amgen,United States,AMGN
2021-08-16 04:00:00,228.2599945068359,231.2899932861328,227.9199981689453,231.0700073242188,198.9317626953125,2434500,2021-08-16,Amgen,Amgen,United States,AMGN
2021-08-17 04:00:00,229.6600036621094,231.2799987792969,229.5200042724609,231.1999969482422,199.0436553955078,2666500,2021-08-17,Amgen,Amgen,United States,AMGN
2021-08-18 04:00:00,230.5200042724609,231.3300018310547,226.6000061035156,226.8399963378906,195.2901000976562,2988100,2021-08-18,Amgen,Amgen,United States,AMGN
2021-08-19 04:00:00,225.6900024414062,227.6999969482422,223.3000030517578,224.3899993896484,193.1808471679688,2669000,2021-08-19,Amgen,Amgen,United States,AMGN
2021-08-20 04:00:00,224.3899993896484,226.2400054931641,222.0099945068359,223.5299987792969,192.4404602050781,2811600,2021-08-20,Amgen,Amgen,United States,AMGN
2021-08-23 04:00:00,224.1799926757812,227.4400024414062,223.7700042724609,225.6399993896484,194.2570037841797,1932600,2021-08-23,Amgen,Amgen,United States,AMGN
2021-08-24 04:00:00,225.5200042724609,225.6799926757812,223.5599975585938,224.3800048828125,193.1722412109375,1790400,2021-08-24,Amgen,Amgen,United States,AMGN
2021-08-25 04:00:00,224.3099975585938,224.8300018310547,221.1799926757812,221.5899963378906,190.7702789306641,2173200,2021-08-25,Amgen,Amgen,United States,AMGN
2021-08-26 04:00:00,222.0599975585938,222.0599975585938,220.1600036621094,221.4700012207031,190.6669921875,2844500,2021-08-26,Amgen,Amgen,United States,AMGN
2021-08-27 04:00:00,222.2200012207031,225.3600006103516,220.2200012207031,222.7799987792969,191.7947998046875,2660900,2021-08-27,Amgen,Amgen,United States,AMGN
2021-08-30 04:00:00,222.2799987792969,225.3099975585938,222.1000061035156,224.1300048828125,192.95703125,1881800,2021-08-30,Amgen,Amgen,United States,AMGN
2021-08-31 04:00:00,224.9400024414062,225.6499938964844,223.3399963378906,225.5299987792969,194.1622772216797,2904700,2021-08-31,Amgen,Amgen,United States,AMGN
2021-09-01 04:00:00,225.5500030517578,226.1199951171875,221.8800048828125,223.3500061035156,192.2854919433594,2699000,2021-09-01,Amgen,Amgen,United States,AMGN
2021-09-02 04:00:00,223.6399993896484,226.0299987792969,223.4299926757812,225.9600067138672,194.5324859619141,1817800,2021-09-02,Amgen,Amgen,United States,AMGN
2021-09-03 04:00:00,225.7599945068359,227.1900024414062,224.1999969482422,226.3699951171875,194.8854370117188,1664100,2021-09-03,Amgen,Amgen,United States,AMGN
2021-09-07 04:00:00,223.0,224.9400024414062,219.5200042724609,221.3399963378906,190.5550384521484,3281800,2021-09-07,Amgen,Amgen,United States,AMGN
2021-09-08 04:00:00,221.3300018310547,222.2899932861328,220.1000061035156,220.8699951171875,190.1504364013672,2140400,2021-09-08,Amgen,Amgen,United States,AMGN
2021-09-09 04:00:00,220.5,220.6499938964844,215.4100036621094,215.5800018310547,185.5961761474609,3273600,2021-09-09,Amgen,Amgen,United States,AMGN
2021-09-10 04:00:00,216.5,216.9900054931641,213.5500030517578,213.75,184.0207214355469,2217800,2021-09-10,Amgen,Amgen,United States,AMGN
2021-09-13 04:00:00,217.0599975585938,219.0500030517578,215.0700073242188,216.7200012207031,186.5776062011719,2553400,2021-09-13,Amgen,Amgen,United States,AMGN
2021-09-14 04:00:00,217.6000061035156,217.9199981689453,215.1199951171875,216.0399932861328,185.9922180175781,1999300,2021-09-14,Amgen,Amgen,United States,AMGN
2021-09-15 04:00:00,216.7700042724609,219.9199981689453,215.8600006103516,218.1300048828125,187.79150390625,2555600,2021-09-15,Amgen,Amgen,United States,AMGN
2021-09-16 04:00:00,218.0200042724609,218.6499938964844,214.0,217.3600006103516,187.1286163330078,2695600,2021-09-16,Amgen,Amgen,United States,AMGN
2021-09-17 04:00:00,217.2299957275391,219.8800048828125,215.8699951171875,219.3800048828125,188.8676910400391,5659900,2021-09-17,Amgen,Amgen,United States,AMGN
2021-09-20 04:00:00,218.3800048828125,219.8500061035156,214.2799987792969,215.1100006103516,185.1915588378906,3293000,2021-09-20,Amgen,Amgen,United States,AMGN
2021-09-21 04:00:00,215.7100067138672,218.1000061035156,214.3600006103516,215.3600006103516,185.4067687988281,2112100,2021-09-21,Amgen,Amgen,United States,AMGN
2021-09-22 04:00:00,216.5599975585938,216.5599975585938,213.4600067138672,213.6399993896484,183.9260406494141,2542800,2021-09-22,Amgen,Amgen,United States,AMGN
2021-09-23 04:00:00,212.5099945068359,215.5599975585938,212.3000030517578,215.0500030517578,185.1399078369141,2181500,2021-09-23,Amgen,Amgen,United States,AMGN
2021-09-24 04:00:00,214.75,215.5299987792969,213.1999969482422,213.6100006103516,183.9001770019531,1908600,2021-09-24,Amgen,Amgen,United States,AMGN
2021-09-27 04:00:00,213.25,214.9499969482422,212.6999969482422,213.1100006103516,183.4697113037109,1943000,2021-09-27,Amgen,Amgen,United States,AMGN
2021-09-28 04:00:00,212.3000030517578,214.7599945068359,211.6499938964844,212.2700042724609,182.7465667724609,2919000,2021-09-28,Amgen,Amgen,United States,AMGN
2021-09-29 04:00:00,212.5,216.8000030517578,211.8500061035156,214.8999938964844,185.0107879638672,1900800,2021-09-29,Amgen,Amgen,United States,AMGN
2021-09-30 04:00:00,215.7899932861328,216.6699981689453,212.5200042724609,212.6499938964844,183.07373046875,2491900,2021-09-30,Amgen,Amgen,United States,AMGN
2021-10-01 04:00:00,213.5899963378906,214.6100006103516,210.8000030517578,213.9199981689453,184.1670532226562,2629400,2021-10-01,Amgen,Amgen,United States,AMGN
2021-10-04 04:00:00,214.1000061035156,215.6399993896484,210.7700042724609,211.4400024414062,182.0319976806641,2856300,2021-10-04,Amgen,Amgen,United States,AMGN
2021-10-05 04:00:00,211.2100067138672,213.9900054931641,211.0800018310547,211.8600006103516,182.3935852050781,2481900,2021-10-05,Amgen,Amgen,United States,AMGN
2021-10-06 04:00:00,211.3200073242188,212.0800018310547,208.9700012207031,209.9799957275391,180.7750396728516,2928200,2021-10-06,Amgen,Amgen,United States,AMGN
2021-10-07 04:00:00,208.5299987792969,212.4499969482422,208.5299987792969,209.1199951171875,180.0346984863281,3331700,2021-10-07,Amgen,Amgen,United States,AMGN
2021-10-08 04:00:00,210.1300048828125,210.1799926757812,207.6499938964844,208.9499969482422,179.8882904052734,2349800,2021-10-08,Amgen,Amgen,United States,AMGN
2021-10-11 04:00:00,209.0599975585938,209.8899993896484,206.5899963378906,206.6999969482422,177.9512481689453,1982200,2021-10-11,Amgen,Amgen,United States,AMGN
2021-10-12 04:00:00,207.4299926757812,207.5599975585938,200.4700012207031,201.8899993896484,173.8102569580078,3544000,2021-10-12,Amgen,Amgen,United States,AMGN
2021-10-13 04:00:00,202.8200073242188,204.8899993896484,202.1000061035156,203.6100006103516,175.291015625,3303300,2021-10-13,Amgen,Amgen,United States,AMGN
2021-10-14 04:00:00,204.4900054931641,207.5,204.4900054931641,206.7799987792969,178.0201110839844,3015100,2021-10-14,Amgen,Amgen,United States,AMGN
2021-10-15 04:00:00,208.4900054931641,209.0200042724609,206.2299957275391,207.8399963378906,178.9326629638672,3684600,2021-10-15,Amgen,Amgen,United States,AMGN
2021-10-18 04:00:00,206.3600006103516,207.0,202.4499969482422,203.1300048828125,174.8777923583984,2812500,2021-10-18,Amgen,Amgen,United States,AMGN
2021-10-19 04:00:00,204.4900054931641,206.8999938964844,203.0800018310547,206.7799987792969,178.0201110839844,2480500,2021-10-19,Amgen,Amgen,United States,AMGN
2021-10-20 04:00:00,207.3999938964844,211.5899963378906,206.25,209.6600036621094,180.4995727539062,2308600,2021-10-20,Amgen,Amgen,United States,AMGN
2021-10-21 04:00:00,210.1499938964844,210.2599945068359,207.6699981689453,208.9900054931641,179.9227600097656,1921100,2021-10-21,Amgen,Amgen,United States,AMGN
2021-10-22 04:00:00,209.6999969482422,210.5,208.5,209.2400054931641,180.1380004882812,1349300,2021-10-22,Amgen,Amgen,United States,AMGN
2021-10-25 04:00:00,209.5,209.8200073242188,206.9700012207031,207.6300048828125,178.7519073486328,1916500,2021-10-25,Amgen,Amgen,United States,AMGN
2021-10-26 04:00:00,208.1999969482422,209.9799957275391,207.6300048828125,208.6799926757812,179.6558532714844,1664400,2021-10-26,Amgen,Amgen,United States,AMGN
2021-10-27 04:00:00,209.8699951171875,210.3999938964844,205.8099975585938,206.5800018310547,177.8479614257812,2003300,2021-10-27,Amgen,Amgen,United States,AMGN
2021-10-28 04:00:00,207.0899963378906,209.4900054931641,205.6100006103516,207.1699981689453,178.3558807373047,2166500,2021-10-28,Amgen,Amgen,United States,AMGN
2021-10-29 04:00:00,206.3500061035156,207.6999969482422,204.1999969482422,206.9700012207031,178.1837005615234,2592300,2021-10-29,Amgen,Amgen,United States,AMGN
2021-11-01 04:00:00,208.0,212.0899963378906,207.7700042724609,209.7899932861328,180.6114654541016,3105300,2021-11-01,Amgen,Amgen,United States,AMGN
2021-11-02 04:00:00,210.5099945068359,214.7200012207031,208.1399993896484,214.2599945068359,184.4597778320312,3329300,2021-11-02,Amgen,Amgen,United States,AMGN
2021-11-03 04:00:00,210.9100036621094,219.25,209.8000030517578,218.1300048828125,187.79150390625,3775600,2021-11-03,Amgen,Amgen,United States,AMGN
2021-11-04 04:00:00,218.3000030517578,218.4499969482422,211.7200012207031,214.9299926757812,185.0365905761719,2781300,2021-11-04,Amgen,Amgen,United States,AMGN
2021-11-05 04:00:00,215.6100006103516,217.4199981689453,212.7299957275391,213.7700042724609,184.0379333496094,2300100,2021-11-05,Amgen,Amgen,United States,AMGN
2021-11-08 05:00:00,214.0599975585938,214.4400024414062,210.9299926757812,211.3699951171875,181.9717254638672,2532900,2021-11-08,Amgen,Amgen,United States,AMGN
2021-11-09 05:00:00,211.0200042724609,213.6999969482422,210.4700012207031,211.7100067138672,182.2644805908203,2296300,2021-11-09,Amgen,Amgen,United States,AMGN
2021-11-10 05:00:00,213.2799987792969,215.5,212.5299987792969,213.2100067138672,183.5558166503906,2360400,2021-11-10,Amgen,Amgen,United States,AMGN
2021-11-11 05:00:00,214.0800018310547,214.0800018310547,210.5599975585938,211.5599975585938,182.1353149414062,2615700,2021-11-11,Amgen,Amgen,United States,AMGN
2021-11-12 05:00:00,212.3000030517578,212.8800048828125,210.3800048828125,211.3899993896484,181.9889678955078,4614100,2021-11-12,Amgen,Amgen,United States,AMGN
2021-11-15 05:00:00,210.6900024414062,210.8899993896484,207.0800018310547,207.3999938964844,180.0529327392578,3129200,2021-11-15,Amgen,Amgen,United States,AMGN
2021-11-16 05:00:00,208.0299987792969,209.0399932861328,205.2700042724609,205.3899993896484,178.3080444335938,2942500,2021-11-16,Amgen,Amgen,United States,AMGN
2021-11-17 05:00:00,205.2100067138672,207.3500061035156,203.6000061035156,205.8200073242188,178.6813049316406,3329300,2021-11-17,Amgen,Amgen,United States,AMGN
2021-11-18 05:00:00,205.6300048828125,206.2299957275391,203.7299957275391,204.0200042724609,177.1186370849609,4261500,2021-11-18,Amgen,Amgen,United States,AMGN
2021-11-19 05:00:00,205.2700042724609,206.1999969482422,203.6699981689453,206.0800018310547,178.9070587158203,3217100,2021-11-19,Amgen,Amgen,United States,AMGN
2021-11-22 05:00:00,205.4499969482422,206.3000030517578,200.75,202.7299957275391,175.998779296875,2835100,2021-11-22,Amgen,Amgen,United States,AMGN
2021-11-23 05:00:00,202.2299957275391,205.4799957275391,201.2700042724609,204.5299987792969,177.5614013671875,2149300,2021-11-23,Amgen,Amgen,United States,AMGN
2021-11-24 05:00:00,204.3000030517578,205.2799987792969,202.9499969482422,203.9700012207031,177.0752563476562,1699800,2021-11-24,Amgen,Amgen,United States,AMGN
2021-11-26 05:00:00,204.7400054931641,206.0,200.5200042724609,201.0899963378906,174.5749969482422,3197900,2021-11-26,Amgen,Amgen,United States,AMGN
2021-11-29 05:00:00,202.4799957275391,204.8300018310547,201.5899963378906,203.4700012207031,176.6411743164062,2519900,2021-11-29,Amgen,Amgen,United States,AMGN
2021-11-30 05:00:00,202.7299957275391,203.8699951171875,198.7299957275391,198.8800048828125,172.6564025878906,5400100,2021-11-30,Amgen,Amgen,United States,AMGN
2021-12-01 05:00:00,200.4400024414062,205.6399993896484,198.6399993896484,200.8000030517578,174.3232269287109,3057700,2021-12-01,Amgen,Amgen,United States,AMGN
2021-12-02 05:00:00,200.7299957275391,203.1000061035156,199.3099975585938,201.1699981689453,174.6444244384766,2858200,2021-12-02,Amgen,Amgen,United States,AMGN
2021-12-03 05:00:00,201.3800048828125,203.8000030517578,200.8399963378906,202.4400024414062,175.7469787597656,3591900,2021-12-03,Amgen,Amgen,United States,AMGN
2021-12-06 05:00:00,206.3800048828125,211.7899932861328,205.9700012207031,208.7899932861328,181.2597198486328,3998600,2021-12-06,Amgen,Amgen,United States,AMGN
2021-12-07 05:00:00,209.1499938964844,212.4400024414062,207.3600006103516,211.3200073242188,183.4560699462891,3309500,2021-12-07,Amgen,Amgen,United States,AMGN
2021-12-08 05:00:00,212.8899993896484,213.9100036621094,210.4299926757812,213.5299987792969,185.3747253417969,2624400,2021-12-08,Amgen,Amgen,United States,AMGN
2021-12-09 05:00:00,213.5299987792969,213.9799957275391,209.5,212.5700073242188,184.5412902832031,2699800,2021-12-09,Amgen,Amgen,United States,AMGN
2021-12-10 05:00:00,213.3000030517578,214.4499969482422,210.0099945068359,210.8899993896484,183.0828094482422,2812200,2021-12-10,Amgen,Amgen,United States,AMGN
2021-12-13 05:00:00,210.4299926757812,213.1900024414062,209.0,211.3899993896484,183.5168914794922,2721300,2021-12-13,Amgen,Amgen,United States,AMGN
2021-12-14 05:00:00,211.3200073242188,214.8099975585938,210.2299957275391,213.7400054931641,185.5569915771484,2602600,2021-12-14,Amgen,Amgen,United States,AMGN
2021-12-15 05:00:00,214.0,219.5,213.1199951171875,219.25,190.3404693603516,3924500,2021-12-15,Amgen,Amgen,United States,AMGN
2021-12-16 05:00:00,220.0,231.0399932861328,220.0,222.5800018310547,193.2313995361328,6027200,2021-12-16,Amgen,Amgen,United States,AMGN
2021-12-17 05:00:00,222.6900024414062,224.1600036621094,219.3200073242188,222.5,193.1620025634766,6424000,2021-12-17,Amgen,Amgen,United States,AMGN
2021-12-20 05:00:00,222.25,222.4900054931641,218.6900024414062,219.9900054931641,190.9829406738281,2922200,2021-12-20,Amgen,Amgen,United States,AMGN
2021-12-21 05:00:00,220.5500030517578,223.25,219.9600067138672,220.9199981689453,191.7902679443359,2987500,2021-12-21,Amgen,Amgen,United States,AMGN
2021-12-22 05:00:00,220.0,221.8999938964844,217.7599945068359,221.5299987792969,192.3198547363281,2677700,2021-12-22,Amgen,Amgen,United States,AMGN
2021-12-23 05:00:00,222.3699951171875,224.4799957275391,221.5,223.7899932861328,194.2818450927734,1668800,2021-12-23,Amgen,Amgen,United States,AMGN
2021-12-27 05:00:00,223.8099975585938,225.4600067138672,222.6699981689453,225.1699981689453,195.4798889160156,1763200,2021-12-27,Amgen,Amgen,United States,AMGN
2021-12-28 05:00:00,225.1699981689453,226.9799957275391,225.0500030517578,225.7700042724609,196.0007934570312,1304500,2021-12-28,Amgen,Amgen,United States,AMGN
2021-12-29 05:00:00,225.5800018310547,228.2100067138672,224.9900054931641,227.6000061035156,197.5894775390625,1389400,2021-12-29,Amgen,Amgen,United States,AMGN
2021-12-30 05:00:00,227.6000061035156,229.5500030517578,226.1399993896484,226.4700012207031,196.6084747314453,1507400,2021-12-30,Amgen,Amgen,United States,AMGN
2021-12-31 05:00:00,226.2599945068359,227.7400054931641,224.8000030517578,224.9700012207031,195.3062591552734,1668400,2021-12-31,Amgen,Amgen,United States,AMGN
2022-01-03 05:00:00,223.6300048828125,226.9700012207031,222.0299987792969,226.6900024414062,196.7994689941406,2742800,2022-01-03,Amgen,Amgen,United States,AMGN
2022-01-04 05:00:00,225.7599945068359,228.8000030517578,224.25,227.8399963378906,197.7978668212891,2491700,2022-01-04,Amgen,Amgen,United States,AMGN
2022-01-05 05:00:00,227.0399932861328,229.8699951171875,224.5200042724609,225.1399993896484,195.4538421630859,2806000,2022-01-05,Amgen,Amgen,United States,AMGN
2022-01-06 05:00:00,225.1399993896484,226.6600036621094,223.6900024414062,225.1699981689453,195.4798889160156,2198300,2022-01-06,Amgen,Amgen,United States,AMGN
2022-01-07 05:00:00,223.5399932861328,228.1900024414062,223.5399932861328,227.2899932861328,197.3203430175781,2343000,2022-01-07,Amgen,Amgen,United States,AMGN
2022-01-10 05:00:00,229.25,230.6399993896484,226.0,230.3699951171875,199.9942321777344,3191900,2022-01-10,Amgen,Amgen,United States,AMGN
2022-01-11 05:00:00,230.4700012207031,232.5099945068359,228.1100006103516,232.3800048828125,201.7391815185547,2317900,2022-01-11,Amgen,Amgen,United States,AMGN
2022-01-12 05:00:00,232.3800048828125,232.6100006103516,228.5200042724609,231.7599945068359,201.2009735107422,1885800,2022-01-12,Amgen,Amgen,United States,AMGN
2022-01-13 05:00:00,232.0500030517578,233.2299957275391,230.3300018310547,230.8500061035156,200.4109344482422,2152900,2022-01-13,Amgen,Amgen,United States,AMGN
2022-01-14 05:00:00,230.6900024414062,235.8000030517578,229.9900054931641,235.3600006103516,204.3262786865234,3012000,2022-01-14,Amgen,Amgen,United States,AMGN
2022-01-18 05:00:00,233.5200042724609,234.7700042724609,231.6999969482422,233.8300018310547,202.9980621337891,3720400,2022-01-18,Amgen,Amgen,United States,AMGN
2022-01-19 05:00:00,233.8000030517578,234.3300018310547,230.6999969482422,231.3000030517578,200.8016204833984,2061200,2022-01-19,Amgen,Amgen,United States,AMGN
2022-01-20 05:00:00,233.7299957275391,233.7299957275391,228.8099975585938,228.8999938964844,198.7180480957031,2093700,2022-01-20,Amgen,Amgen,United States,AMGN
2022-01-21 05:00:00,230.6000061035156,231.4600067138672,227.3099975585938,227.7200012207031,197.6936798095703,3534800,2022-01-21,Amgen,Amgen,United States,AMGN
2022-01-24 05:00:00,227.4799957275391,229.1399993896484,219.9799957275391,226.0800018310547,196.2698974609375,4419100,2022-01-24,Amgen,Amgen,United States,AMGN
2022-01-25 05:00:00,223.6799926757812,227.5,222.2700042724609,225.0399932861328,195.3670501708984,2769900,2022-01-25,Amgen,Amgen,United States,AMGN
2022-01-26 05:00:00,221.6199951171875,226.9299926757812,221.1199951171875,222.5399932861328,193.1966552734375,2861600,2022-01-26,Amgen,Amgen,United States,AMGN
2022-01-27 05:00:00,222.3999938964844,228.0399932861328,222.3099975585938,224.0,194.4641418457031,2744000,2022-01-27,Amgen,Amgen,United States,AMGN
2022-01-28 05:00:00,224.0500030517578,229.1499938964844,222.25,229.1399993896484,198.9263916015625,2502100,2022-01-28,Amgen,Amgen,United States,AMGN
2022-01-31 05:00:00,226.9799957275391,227.9400024414062,225.5200042724609,227.1399993896484,197.1901702880859,4504300,2022-01-31,Amgen,Amgen,United States,AMGN
2022-02-01 05:00:00,227.1399993896484,229.1999969482422,225.5200042724609,228.6799926757812,198.5270690917969,2498200,2022-02-01,Amgen,Amgen,United States,AMGN
2022-02-02 05:00:00,228.1399993896484,229.1399993896484,225.7400054931641,228.9299926757812,198.7440795898438,2397800,2022-02-02,Amgen,Amgen,United States,AMGN
2022-02-03 05:00:00,228.6600036621094,229.0,223.75,224.0399932861328,194.4988861083984,3002400,2022-02-03,Amgen,Amgen,United States,AMGN
2022-02-04 05:00:00,222.1199951171875,224.7599945068359,220.9700012207031,222.1100006103516,192.8233947753906,3162000,2022-02-04,Amgen,Amgen,United States,AMGN
2022-02-07 05:00:00,222.0899963378906,224.7599945068359,220.6300048828125,223.5299987792969,194.05615234375,3596400,2022-02-07,Amgen,Amgen,United States,AMGN
2022-02-08 05:00:00,232.9400024414062,244.7100067138672,232.2100067138672,241.0099945068359,209.2312774658203,8394800,2022-02-08,Amgen,Amgen,United States,AMGN
2022-02-09 05:00:00,241.0399932861328,241.0399932861328,235.3200073242188,237.1900024414062,205.9150238037109,5075200,2022-02-09,Amgen,Amgen,United States,AMGN
2022-02-10 05:00:00,235.0,236.1399993896484,227.7100067138672,228.8200073242188,198.6486358642578,5035000,2022-02-10,Amgen,Amgen,United States,AMGN
2022-02-11 05:00:00,228.5200042724609,231.4700012207031,228.1499938964844,228.1999969482422,198.1103515625,3557700,2022-02-11,Amgen,Amgen,United States,AMGN
2022-02-14 05:00:00,226.6100006103516,226.9299926757812,220.8600006103516,224.2700042724609,196.367919921875,3931500,2022-02-14,Amgen,Amgen,United States,AMGN
2022-02-15 05:00:00,225.0,226.1600036621094,221.2200012207031,223.9400024414062,196.0789947509766,2474500,2022-02-15,Amgen,Amgen,United States,AMGN
2022-02-16 05:00:00,223.4700012207031,225.1000061035156,221.0399932861328,222.6600036621094,194.9582214355469,2369000,2022-02-16,Amgen,Amgen,United States,AMGN
2022-02-17 05:00:00,221.4799957275391,223.2899932861328,219.4299926757812,221.6799926757812,194.1001586914062,2157000,2022-02-17,Amgen,Amgen,United States,AMGN
2022-02-18 05:00:00,220.9700012207031,223.9799957275391,219.7899932861328,220.7700042724609,193.3033905029297,2795800,2022-02-18,Amgen,Amgen,United States,AMGN
2022-02-22 05:00:00,220.7599945068359,222.8999938964844,219.3000030517578,221.4100036621094,193.8637847900391,2835900,2022-02-22,Amgen,Amgen,United States,AMGN
2022-02-23 05:00:00,222.6799926757812,223.75,220.6199951171875,221.0,193.5047760009766,2994800,2022-02-23,Amgen,Amgen,United States,AMGN
2022-02-24 05:00:00,218.9299926757812,219.8999938964844,214.3899993896484,219.2700042724609,191.9900054931641,3746700,2022-02-24,Amgen,Amgen,United States,AMGN
2022-02-25 05:00:00,222.4900054931641,228.1399993896484,221.9600067138672,227.0299987792969,198.7845458984375,3557100,2022-02-25,Amgen,Amgen,United States,AMGN
2022-02-28 05:00:00,224.0299987792969,226.75,222.5299987792969,226.4799957275391,198.3029937744141,4738100,2022-02-28,Amgen,Amgen,United States,AMGN
2022-03-01 05:00:00,225.2799987792969,227.7899932861328,223.7400054931641,225.2100067138672,197.1909942626953,4573500,2022-03-01,Amgen,Amgen,United States,AMGN
2022-03-02 05:00:00,225.0399932861328,230.3999938964844,224.6499938964844,228.5899963378906,200.1504974365234,3387200,2022-03-02,Amgen,Amgen,United States,AMGN
2022-03-03 05:00:00,230.8800048828125,234.2700042724609,230.0099945068359,232.6399993896484,203.6966247558594,3638400,2022-03-03,Amgen,Amgen,United States,AMGN
2022-03-04 05:00:00,230.6999969482422,235.7400054931641,230.1399993896484,232.9100036621094,203.9329986572266,3764400,2022-03-04,Amgen,Amgen,United States,AMGN
2022-03-07 05:00:00,231.2899932861328,239.6600036621094,231.2299957275391,234.3600006103516,205.2026214599609,3713200,2022-03-07,Amgen,Amgen,United States,AMGN
2022-03-08 05:00:00,233.8600006103516,236.8800048828125,230.5599975585938,231.1000061035156,202.3482208251953,2974900,2022-03-08,Amgen,Amgen,United States,AMGN
2022-03-09 05:00:00,234.2299957275391,234.5299987792969,230.4299926757812,231.4600067138672,202.6634521484375,2640900,2022-03-09,Amgen,Amgen,United States,AMGN
2022-03-10 05:00:00,229.6600036621094,230.4199981689453,226.0800018310547,226.9499969482422,198.7145233154297,3957200,2022-03-10,Amgen,Amgen,United States,AMGN
2022-03-11 05:00:00,228.1100006103516,230.0299987792969,226.7700042724609,228.8500061035156,200.3781280517578,2667000,2022-03-11,Amgen,Amgen,United States,AMGN
2022-03-14 04:00:00,231.0800018310547,232.4499969482422,228.9199981689453,229.2100067138672,200.6933746337891,2902700,2022-03-14,Amgen,Amgen,United States,AMGN
2022-03-15 04:00:00,231.3800048828125,233.0599975585938,228.1100006103516,231.5599975585938,202.7509918212891,3178200,2022-03-15,Amgen,Amgen,United States,AMGN
2022-03-16 04:00:00,232.5200042724609,232.5200042724609,228.4499969482422,231.6699981689453,202.8473052978516,4220300,2022-03-16,Amgen,Amgen,United States,AMGN
2022-03-17 04:00:00,231.7200012207031,236.5700073242188,231.2200012207031,235.8600006103516,206.5160064697266,3262300,2022-03-17,Amgen,Amgen,United States,AMGN
2022-03-18 04:00:00,234.9100036621094,236.3999938964844,232.75,236.25,206.8574676513672,7617100,2022-03-18,Amgen,Amgen,United States,AMGN
2022-03-21 04:00:00,237.0700073242188,240.3200073242188,234.7299957275391,236.3200073242188,206.9187469482422,2385200,2022-03-21,Amgen,Amgen,United States,AMGN
2022-03-22 04:00:00,236.3200073242188,237.5200042724609,234.5399932861328,236.4700012207031,207.0501251220703,2212200,2022-03-22,Amgen,Amgen,United States,AMGN
2022-03-23 04:00:00,237.2899932861328,239.3800048828125,234.0399932861328,234.1799926757812,205.0449981689453,2533100,2022-03-23,Amgen,Amgen,United States,AMGN
2022-03-24 04:00:00,235.8000030517578,237.8500061035156,234.0,236.8699951171875,207.4003448486328,2349000,2022-03-24,Amgen,Amgen,United States,AMGN
2022-03-25 04:00:00,236.8699951171875,239.4900054931641,236.2100067138672,238.7899932861328,209.0814666748047,1424500,2022-03-25,Amgen,Amgen,United States,AMGN
2022-03-28 04:00:00,238.8200073242188,240.5700073242188,237.9799957275391,240.4700012207031,210.5524597167969,2045300,2022-03-28,Amgen,Amgen,United States,AMGN
2022-03-29 04:00:00,241.6600036621094,242.6100006103516,238.6100006103516,241.5399932861328,211.4893341064453,2230600,2022-03-29,Amgen,Amgen,United States,AMGN
2022-03-30 04:00:00,243.5700073242188,244.7299957275391,242.0200042724609,242.5700073242188,212.3912200927734,2593300,2022-03-30,Amgen,Amgen,United States,AMGN
2022-03-31 04:00:00,244.1799926757812,245.4799957275391,241.6799926757812,241.8200073242188,211.7345275878906,3102800,2022-03-31,Amgen,Amgen,United States,AMGN
2022-04-01 04:00:00,243.0299987792969,243.9499969482422,240.7299957275391,243.1199951171875,212.8727416992188,1883900,2022-04-01,Amgen,Amgen,United States,AMGN
2022-04-04 04:00:00,242.8399963378906,246.4499969482422,242.6499938964844,244.8699951171875,214.4050140380859,3518800,2022-04-04,Amgen,Amgen,United States,AMGN
2022-04-05 04:00:00,243.7400054931641,248.75,243.7400054931641,244.5599975585938,214.1336059570312,2180800,2022-04-05,Amgen,Amgen,United States,AMGN
2022-04-06 04:00:00,244.8500061035156,251.4600067138672,244.8500061035156,249.9299926757812,218.8355102539062,3869000,2022-04-06,Amgen,Amgen,United States,AMGN
2022-04-07 04:00:00,249.1999969482422,252.7299957275391,249.0200042724609,251.6399993896484,220.3327789306641,2674400,2022-04-07,Amgen,Amgen,United States,AMGN
2022-04-08 04:00:00,251.5299987792969,253.8899993896484,250.5399932861328,252.0200042724609,220.6654968261719,2745800,2022-04-08,Amgen,Amgen,United States,AMGN
2022-04-11 04:00:00,253.6000061035156,258.4500122070312,250.1499938964844,250.8699951171875,219.6585693359375,2975200,2022-04-11,Amgen,Amgen,United States,AMGN
2022-04-12 04:00:00,250.9700012207031,252.5500030517578,246.7700042724609,250.0399932861328,218.9318084716797,2261100,2022-04-12,Amgen,Amgen,United States,AMGN
2022-04-13 04:00:00,251.1399993896484,253.9700012207031,249.7700042724609,253.5099945068359,221.9701080322266,2402800,2022-04-13,Amgen,Amgen,United States,AMGN
2022-04-14 04:00:00,254.3999938964844,257.5700073242188,253.6499938964844,254.0200042724609,222.4166870117188,2861800,2022-04-14,Amgen,Amgen,United States,AMGN
2022-04-18 04:00:00,252.4900054931641,255.3899993896484,251.1499938964844,251.9299926757812,220.5866546630859,3615500,2022-04-18,Amgen,Amgen,United States,AMGN
2022-04-19 04:00:00,252.4900054931641,255.7299957275391,250.3500061035156,253.3699951171875,221.8475341796875,2355100,2022-04-19,Amgen,Amgen,United States,AMGN
2022-04-20 04:00:00,254.0700073242188,256.8999938964844,253.5,255.3800048828125,223.6074523925781,1888100,2022-04-20,Amgen,Amgen,United States,AMGN
2022-04-21 04:00:00,256.4100036621094,258.3900146484375,254.9499969482422,255.4600067138672,223.6775360107422,2117300,2022-04-21,Amgen,Amgen,United States,AMGN
2022-04-22 04:00:00,254.1000061035156,255.8999938964844,250.0599975585938,250.3500061035156,219.2032318115234,2617800,2022-04-22,Amgen,Amgen,United States,AMGN
2022-04-25 04:00:00,251.0099945068359,252.6499938964844,247.9100036621094,252.1699981689453,220.7968292236328,2271000,2022-04-25,Amgen,Amgen,United States,AMGN
2022-04-26 04:00:00,250.3000030517578,253.0,249.7200012207031,249.8699951171875,218.7829742431641,3306000,2022-04-26,Amgen,Amgen,United States,AMGN
2022-04-27 04:00:00,249.0399932861328,252.0200042724609,246.4400024414062,248.7899932861328,217.8373413085938,2973500,2022-04-27,Amgen,Amgen,United States,AMGN
2022-04-28 04:00:00,235.7299957275391,242.9100036621094,231.1499938964844,238.1300048828125,208.5035858154297,6609500,2022-04-28,Amgen,Amgen,United States,AMGN
2022-04-29 04:00:00,236.5,240.4799957275391,232.7400054931641,233.1900024414062,204.1781768798828,4029300,2022-04-29,Amgen,Amgen,United States,AMGN
2022-05-02 04:00:00,233.3699951171875,234.0500030517578,227.3200073242188,230.9199981689453,202.1906280517578,4154800,2022-05-02,Amgen,Amgen,United States,AMGN
2022-05-03 04:00:00,233.75,234.1900024414062,229.6000061035156,232.1900024414062,203.3025970458984,2443800,2022-05-03,Amgen,Amgen,United States,AMGN
2022-05-04 04:00:00,232.5700073242188,237.1100006103516,231.3999938964844,236.1000061035156,206.7261505126953,2494900,2022-05-04,Amgen,Amgen,United States,AMGN
2022-05-05 04:00:00,235.5,238.8399963378906,232.2400054931641,234.3500061035156,205.19384765625,3357100,2022-05-05,Amgen,Amgen,United States,AMGN
2022-05-06 04:00:00,231.7599945068359,237.4600067138672,231.75,236.5,207.0763702392578,4682100,2022-05-06,Amgen,Amgen,United States,AMGN
2022-05-09 04:00:00,236.5800018310547,242.7799987792969,234.5399932861328,239.2400054931641,209.4754943847656,4376300,2022-05-09,Amgen,Amgen,United States,AMGN
2022-05-10 04:00:00,242.2100067138672,244.4100036621094,240.4700012207031,240.7100067138672,210.7625885009766,4234800,2022-05-10,Amgen,Amgen,United States,AMGN
2022-05-11 04:00:00,240.3600006103516,243.3800048828125,239.2100067138672,240.6399993896484,210.7012786865234,3411700,2022-05-11,Amgen,Amgen,United States,AMGN
2022-05-12 04:00:00,240.0599975585938,244.8399963378906,239.0500030517578,244.7200012207031,214.2736968994141,3733300,2022-05-12,Amgen,Amgen,United States,AMGN
2022-05-13 04:00:00,244.6399993896484,245.0,241.2899932861328,243.3999938964844,213.1179351806641,2631900,2022-05-13,Amgen,Amgen,United States,AMGN
2022-05-16 04:00:00,241.2400054931641,245.1100006103516,241.1600036621094,243.8699951171875,215.2450256347656,2414500,2022-05-16,Amgen,Amgen,United States,AMGN
2022-05-17 04:00:00,245.1399993896484,246.2200012207031,239.2599945068359,245.3500061035156,216.5513458251953,2344100,2022-05-17,Amgen,Amgen,United States,AMGN
2022-05-18 04:00:00,246.4900054931641,247.2899932861328,243.0,243.9600067138672,215.3245239257812,3376800,2022-05-18,Amgen,Amgen,United States,AMGN
2022-05-19 04:00:00,242.3500061035156,245.8600006103516,241.8600006103516,244.7700042724609,216.0393829345703,2414200,2022-05-19,Amgen,Amgen,United States,AMGN
2022-05-20 04:00:00,244.0599975585938,247.6600036621094,242.9600067138672,247.5,218.4489440917969,3860500,2022-05-20,Amgen,Amgen,United States,AMGN
2022-05-23 04:00:00,249.6799926757812,251.0500030517578,247.8800048828125,249.0399932861328,219.8082122802734,2272600,2022-05-23,Amgen,Amgen,United States,AMGN
2022-05-24 04:00:00,248.6699981689453,252.3999938964844,248.3300018310547,251.8899993896484,222.3236541748047,2667300,2022-05-24,Amgen,Amgen,United States,AMGN
2022-05-25 04:00:00,253.0,254.8099975585938,250.0299987792969,253.0099945068359,223.3122100830078,3538400,2022-05-25,Amgen,Amgen,United States,AMGN
2022-05-26 04:00:00,253.3899993896484,255.6100006103516,252.0800018310547,253.0500030517578,223.3475189208984,2222300,2022-05-26,Amgen,Amgen,United States,AMGN
2022-05-27 04:00:00,253.5,256.2300109863281,250.9199981689453,255.2599945068359,225.2980804443359,2678900,2022-05-27,Amgen,Amgen,United States,AMGN
2022-05-31 04:00:00,255.0,257.260009765625,251.0099945068359,256.739990234375,226.6044158935547,6737500,2022-05-31,Amgen,Amgen,United States,AMGN
2022-06-01 04:00:00,257.8800048828125,257.9700012207031,251.3500061035156,253.4199981689453,223.6740264892578,2664600,2022-06-01,Amgen,Amgen,United States,AMGN
2022-06-02 04:00:00,252.6199951171875,252.7299957275391,243.8500061035156,248.2799987792969,219.1373901367188,3916200,2022-06-02,Amgen,Amgen,United States,AMGN
2022-06-03 04:00:00,248.3000030517578,250.6900024414062,247.7200012207031,248.4499969482422,219.2874450683594,2086500,2022-06-03,Amgen,Amgen,United States,AMGN
2022-06-06 04:00:00,248.3300018310547,248.8300018310547,243.6100006103516,245.4400024414062,216.6307678222656,2413700,2022-06-06,Amgen,Amgen,United States,AMGN
2022-06-07 04:00:00,244.6499938964844,246.8000030517578,243.3699951171875,246.4100036621094,217.4868927001953,2693800,2022-06-07,Amgen,Amgen,United States,AMGN
2022-06-08 04:00:00,246.6600036621094,246.8800048828125,243.5800018310547,245.4799957275391,216.6660461425781,2353900,2022-06-08,Amgen,Amgen,United States,AMGN
2022-06-09 04:00:00,244.7200012207031,246.7200012207031,241.4400024414062,241.75,213.3738708496094,2695200,2022-06-09,Amgen,Amgen,United States,AMGN
2022-06-10 04:00:00,240.0200042724609,242.0800018310547,237.3999938964844,240.0099945068359,211.8381195068359,2910900,2022-06-10,Amgen,Amgen,United States,AMGN
2022-06-13 04:00:00,237.9400024414062,239.0500030517578,235.9900054931641,236.7700042724609,208.9784240722656,4462300,2022-06-13,Amgen,Amgen,United States,AMGN
2022-06-14 04:00:00,236.9700012207031,238.6999969482422,233.4400024414062,235.6999969482422,208.0340576171875,3020800,2022-06-14,Amgen,Amgen,United States,AMGN
2022-06-15 04:00:00,236.5299987792969,237.2599945068359,231.9799957275391,235.5800018310547,207.9281005859375,3076700,2022-06-15,Amgen,Amgen,United States,AMGN
2022-06-16 04:00:00,233.6000061035156,234.5399932861328,229.5899963378906,230.7100067138672,203.6297607421875,4102700,2022-06-16,Amgen,Amgen,United States,AMGN
2022-06-17 04:00:00,230.1300048828125,238.25,229.4900054931641,234.7200012207031,207.1690521240234,13114500,2022-06-17,Amgen,Amgen,United States,AMGN
2022-06-21 04:00:00,236.8399963378906,238.8600006103516,233.9299926757812,238.4100036621094,210.4259185791016,3882200,2022-06-21,Amgen,Amgen,United States,AMGN
2022-06-22 04:00:00,237.1699981689453,242.3399963378906,236.8999938964844,240.1399993896484,211.9528503417969,4172900,2022-06-22,Amgen,Amgen,United States,AMGN
2022-06-23 04:00:00,241.7200012207031,244.0200042724609,240.9100036621094,243.0899963378906,214.5566253662109,3229600,2022-06-23,Amgen,Amgen,United States,AMGN
2022-06-24 04:00:00,244.0,246.0,242.8800048828125,245.3699951171875,216.5689544677734,4527700,2022-06-24,Amgen,Amgen,United States,AMGN
2022-06-27 04:00:00,245.1699981689453,246.2899932861328,244.0299987792969,244.8500061035156,216.1100463867188,2767500,2022-06-27,Amgen,Amgen,United States,AMGN
2022-06-28 04:00:00,245.9299926757812,247.5800018310547,243.3899993896484,243.5099945068359,214.9273071289062,2430100,2022-06-28,Amgen,Amgen,United States,AMGN
2022-06-29 04:00:00,246.2599945068359,247.1000061035156,243.7200012207031,245.4299926757812,216.6219024658203,2610400,2022-06-29,Amgen,Amgen,United States,AMGN
2022-06-30 04:00:00,244.1699981689453,245.0,240.7299957275391,243.3000030517578,214.7419586181641,3033800,2022-06-30,Amgen,Amgen,United States,AMGN
2022-07-01 04:00:00,243.25,246.0,240.7200012207031,245.5500030517578,216.7278747558594,2745500,2022-07-01,Amgen,Amgen,United States,AMGN
2022-07-05 04:00:00,245.1900024414062,246.7400054931641,242.3200073242188,246.7299957275391,217.7693328857422,2483600,2022-07-05,Amgen,Amgen,United States,AMGN
2022-07-06 04:00:00,246.6199951171875,248.0800018310547,244.5399932861328,245.25,216.4630584716797,4320500,2022-07-06,Amgen,Amgen,United States,AMGN
2022-07-07 04:00:00,244.5,248.0299987792969,244.2899932861328,247.4199981689453,218.3783569335938,3068200,2022-07-07,Amgen,Amgen,United States,AMGN
2022-07-08 04:00:00,248.1499938964844,250.2400054931641,247.1999969482422,248.4799957275391,219.3139343261719,2215400,2022-07-08,Amgen,Amgen,United States,AMGN
2022-07-11 04:00:00,249.2799987792969,250.1100006103516,246.9900054931641,247.7799987792969,218.6960906982422,1805000,2022-07-11,Amgen,Amgen,United States,AMGN
2022-07-12 04:00:00,247.7799987792969,250.0899963378906,245.6799926757812,246.9700012207031,217.9811401367188,2699300,2022-07-12,Amgen,Amgen,United States,AMGN
2022-07-13 04:00:00,246.3699951171875,248.75,245.1600036621094,247.0899963378906,218.0870819091797,2498000,2022-07-13,Amgen,Amgen,United States,AMGN
2022-07-14 04:00:00,245.0200042724609,246.8200073242188,242.9499969482422,245.5899963378906,216.7631530761719,2886400,2022-07-14,Amgen,Amgen,United States,AMGN
2022-07-15 04:00:00,247.3899993896484,249.1300048828125,245.4400024414062,248.6900024414062,219.4992828369141,2805500,2022-07-15,Amgen,Amgen,United States,AMGN
2022-07-18 04:00:00,248.5500030517578,249.4499969482422,242.9199981689453,243.8399963378906,215.2185668945312,2231400,2022-07-18,Amgen,Amgen,United States,AMGN
2022-07-19 04:00:00,246.9600067138672,247.7799987792969,245.0399932861328,247.3200073242188,218.2900695800781,3375000,2022-07-19,Amgen,Amgen,United States,AMGN
2022-07-20 04:00:00,246.6999969482422,248.4600067138672,244.6499938964844,246.6300048828125,217.6810455322266,2664600,2022-07-20,Amgen,Amgen,United States,AMGN
2022-07-21 04:00:00,245.7400054931641,246.8000030517578,243.6100006103516,245.7799987792969,216.9308471679688,2009500,2022-07-21,Amgen,Amgen,United States,AMGN
2022-07-22 04:00:00,246.8000030517578,249.1300048828125,245.2200012207031,245.9499969482422,217.0808868408203,1843600,2022-07-22,Amgen,Amgen,United States,AMGN
2022-07-25 04:00:00,246.8600006103516,249.0899963378906,246.5599975585938,248.7200012207031,219.5257415771484,1771100,2022-07-25,Amgen,Amgen,United States,AMGN
2022-07-26 04:00:00,249.6300048828125,253.7700042724609,248.75,251.1399993896484,221.6616973876953,2528600,2022-07-26,Amgen,Amgen,United States,AMGN
2022-07-27 04:00:00,249.1600036621094,252.75,248.0899963378906,251.7200012207031,222.1736297607422,2180900,2022-07-27,Amgen,Amgen,United States,AMGN
2022-07-28 04:00:00,251.7200012207031,251.7200012207031,245.7299957275391,249.75,220.4348907470703,2214400,2022-07-28,Amgen,Amgen,United States,AMGN
2022-07-29 04:00:00,248.4600067138672,249.5700073242188,245.7400054931641,247.4700012207031,218.4224700927734,3289700,2022-07-29,Amgen,Amgen,United States,AMGN
2022-08-01 04:00:00,247.3399963378906,248.1600036621094,244.6499938964844,245.6399993896484,216.8072814941406,1960500,2022-08-01,Amgen,Amgen,United States,AMGN
2022-08-02 04:00:00,246.6900024414062,247.8500061035156,243.7799987792969,243.9100036621094,215.2803344726562,2295100,2022-08-02,Amgen,Amgen,United States,AMGN
2022-08-03 04:00:00,245.9400024414062,249.3300018310547,245.1799926757812,247.1399993896484,218.1312408447266,2061400,2022-08-03,Amgen,Amgen,United States,AMGN
2022-08-04 04:00:00,247.0,249.0,246.1999969482422,246.9799957275391,217.9899749755859,2650600,2022-08-04,Amgen,Amgen,United States,AMGN
2022-08-05 04:00:00,246.4600067138672,247.0800018310547,241.7899932861328,246.25,217.3456878662109,2723900,2022-08-05,Amgen,Amgen,United States,AMGN
2022-08-08 04:00:00,245.0,247.7400054931641,244.3099975585938,247.2899932861328,218.2635955810547,2784400,2022-08-08,Amgen,Amgen,United States,AMGN
2022-08-09 04:00:00,247.2100067138672,249.7200012207031,247.2100067138672,248.3600006103516,219.2080230712891,2061600,2022-08-09,Amgen,Amgen,United States,AMGN
2022-08-10 04:00:00,249.8099975585938,252.4600067138672,248.5299987792969,252.0899963378906,222.5001831054688,2628600,2022-08-10,Amgen,Amgen,United States,AMGN
2022-08-11 04:00:00,252.0399932861328,253.3600006103516,247.9900054931641,248.3500061035156,219.1992034912109,2686900,2022-08-11,Amgen,Amgen,United States,AMGN
2022-08-12 04:00:00,248.5200042724609,249.8500061035156,246.3000030517578,248.3899993896484,219.2344665527344,3461100,2022-08-12,Amgen,Amgen,United States,AMGN
2022-08-15 04:00:00,249.0700073242188,251.5299987792969,247.8800048828125,251.0800018310547,221.6087493896484,2659100,2022-08-15,Amgen,Amgen,United States,AMGN
2022-08-16 04:00:00,251.8600006103516,254.1600036621094,251.6600036621094,253.1499938964844,223.435791015625,2206100,2022-08-16,Amgen,Amgen,United States,AMGN
2022-08-17 04:00:00,251.1900024414062,252.6499938964844,249.75,250.5800018310547,222.8754272460938,1882200,2022-08-17,Amgen,Amgen,United States,AMGN
2022-08-18 04:00:00,250.9299926757812,251.0399932861328,247.9499969482422,249.6999969482422,222.0927429199219,1888800,2022-08-18,Amgen,Amgen,United States,AMGN
2022-08-19 04:00:00,247.6300048828125,252.0099945068359,247.6300048828125,250.8600006103516,223.1244812011719,2207500,2022-08-19,Amgen,Amgen,United States,AMGN
2022-08-22 04:00:00,249.9799957275391,251.2299957275391,246.5399932861328,246.8999938964844,219.602294921875,3078300,2022-08-22,Amgen,Amgen,United States,AMGN
2022-08-23 04:00:00,246.6900024414062,246.6900024414062,242.8500061035156,244.4700012207031,217.4409332275391,2659700,2022-08-23,Amgen,Amgen,United States,AMGN
2022-08-24 04:00:00,243.5700073242188,244.9799957275391,242.6100006103516,244.4900054931641,217.4587554931641,2329200,2022-08-24,Amgen,Amgen,United States,AMGN
2022-08-25 04:00:00,246.0099945068359,246.0599975585938,243.8099975585938,245.6799926757812,218.5171661376953,1725400,2022-08-25,Amgen,Amgen,United States,AMGN
2022-08-26 04:00:00,244.0500030517578,246.3600006103516,240.4499969482422,240.6499938964844,214.0433044433594,2969400,2022-08-26,Amgen,Amgen,United States,AMGN
2022-08-29 04:00:00,238.8399963378906,241.0299987792969,238.0099945068359,239.3800048828125,212.9136962890625,2113000,2022-08-29,Amgen,Amgen,United States,AMGN
2022-08-30 04:00:00,239.8800048828125,240.3099975585938,238.2899932861328,239.1199951171875,212.6824798583984,3673000,2022-08-30,Amgen,Amgen,United States,AMGN
2022-08-31 04:00:00,241.5899963378906,243.8899993896484,239.8500061035156,240.3000030517578,213.7320098876953,4303900,2022-08-31,Amgen,Amgen,United States,AMGN
2022-09-01 04:00:00,241.1199951171875,245.7400054931641,240.7400054931641,245.5,218.3571166992188,2488200,2022-09-01,Amgen,Amgen,United States,AMGN
2022-09-02 04:00:00,246.4799957275391,247.7799987792969,241.3399963378906,242.3699951171875,215.5731506347656,2325100,2022-09-02,Amgen,Amgen,United States,AMGN
2022-09-06 04:00:00,243.7400054931641,244.5899963378906,241.5399932861328,242.2200012207031,215.4397583007812,2102600,2022-09-06,Amgen,Amgen,United States,AMGN
2022-09-07 04:00:00,242.8000030517578,245.3200073242188,242.2700042724609,244.7899932861328,217.7256011962891,2127300,2022-09-07,Amgen,Amgen,United States,AMGN
2022-09-08 04:00:00,244.8000030517578,246.0,242.9100036621094,245.4499969482422,218.3125915527344,2895800,2022-09-08,Amgen,Amgen,United States,AMGN
2022-09-09 04:00:00,245.4499969482422,249.2299957275391,245.0299987792969,247.6900024414062,220.3049468994141,2318000,2022-09-09,Amgen,Amgen,United States,AMGN
2022-09-12 04:00:00,238.0,241.6999969482422,235.1100006103516,237.6199951171875,211.3482971191406,6294600,2022-09-12,Amgen,Amgen,United States,AMGN
2022-09-13 04:00:00,237.0299987792969,237.1399993896484,226.6199951171875,226.8600006103516,201.7779388427734,4447200,2022-09-13,Amgen,Amgen,United States,AMGN
2022-09-14 04:00:00,227.5299987792969,228.7799987792969,226.1300048828125,228.1199951171875,202.8986511230469,2715600,2022-09-14,Amgen,Amgen,United States,AMGN
2022-09-15 04:00:00,228.1000061035156,229.0099945068359,225.8600006103516,227.6600036621094,202.4895172119141,2206100,2022-09-15,Amgen,Amgen,United States,AMGN
2022-09-16 04:00:00,226.8899993896484,232.2200012207031,226.6100006103516,231.1399993896484,205.5847320556641,4604100,2022-09-16,Amgen,Amgen,United States,AMGN
2022-09-19 04:00:00,230.6399993896484,230.8600006103516,227.1000061035156,230.7599945068359,205.2467498779297,1981400,2022-09-19,Amgen,Amgen,United States,AMGN
2022-09-20 04:00:00,228.5,229.9900054931641,226.5299987792969,227.7100067138672,202.5339813232422,1745900,2022-09-20,Amgen,Amgen,United States,AMGN
2022-09-21 04:00:00,229.1300048828125,230.6199951171875,224.3600006103516,224.4600067138672,199.6432952880859,2186300,2022-09-21,Amgen,Amgen,United States,AMGN
2022-09-22 04:00:00,223.5500030517578,229.3699951171875,223.3000030517578,227.75,202.5695343017578,2081200,2022-09-22,Amgen,Amgen,United States,AMGN
2022-09-23 04:00:00,227.9900054931641,228.6100006103516,224.5599975585938,226.9700012207031,201.8757934570312,2148600,2022-09-23,Amgen,Amgen,United States,AMGN
2022-09-26 04:00:00,226.7700042724609,228.6399993896484,225.3800048828125,226.8699951171875,201.7868499755859,2454000,2022-09-26,Amgen,Amgen,United States,AMGN
2022-09-27 04:00:00,226.9700012207031,229.9600067138672,225.0200042724609,225.9900054931641,201.0041351318359,2009800,2022-09-27,Amgen,Amgen,United States,AMGN
2022-09-28 04:00:00,229.9600067138672,231.8699951171875,227.7400054931641,230.9799957275391,205.4424285888672,2782400,2022-09-28,Amgen,Amgen,United States,AMGN
2022-09-29 04:00:00,231.5500030517578,231.5500030517578,226.9700012207031,228.4100036621094,203.1565856933594,2335700,2022-09-29,Amgen,Amgen,United States,AMGN
2022-09-30 04:00:00,228.4199981689453,230.0,225.1699981689453,225.3999938964844,200.4793548583984,2543400,2022-09-30,Amgen,Amgen,United States,AMGN
2022-10-03 04:00:00,228.2700042724609,230.9499969482422,226.4199981689453,230.4400024414062,204.9621276855469,2521700,2022-10-03,Amgen,Amgen,United States,AMGN
2022-10-04 04:00:00,230.9799957275391,234.0899963378906,229.8000030517578,233.0200042724609,207.2569122314453,2331000,2022-10-04,Amgen,Amgen,United States,AMGN
2022-10-05 04:00:00,232.6300048828125,235.4199981689453,230.9600067138672,233.8200073242188,207.9684448242188,2060400,2022-10-05,Amgen,Amgen,United States,AMGN
2022-10-06 04:00:00,232.5200042724609,233.1399993896484,230.2299957275391,230.9400024414062,205.4068603515625,1523800,2022-10-06,Amgen,Amgen,United States,AMGN
2022-10-07 04:00:00,230.0,231.5200042724609,228.5700073242188,229.0299987792969,203.7080078125,2060000,2022-10-07,Amgen,Amgen,United States,AMGN
2022-10-10 04:00:00,231.0800018310547,234.1399993896484,229.8899993896484,232.1499938964844,206.4830932617188,1630100,2022-10-10,Amgen,Amgen,United States,AMGN
2022-10-11 04:00:00,239.4900054931641,250.4799957275391,237.8399963378906,245.4400024414062,218.3037261962891,6256000,2022-10-11,Amgen,Amgen,United States,AMGN
2022-10-12 04:00:00,244.3600006103516,248.7299957275391,243.4100036621094,246.4400024414062,219.1931457519531,2639800,2022-10-12,Amgen,Amgen,United States,AMGN
2022-10-13 04:00:00,244.7700042724609,252.3699951171875,242.8399963378906,251.6600036621094,223.8359985351562,3288900,2022-10-13,Amgen,Amgen,United States,AMGN
2022-10-14 04:00:00,252.0,253.1100006103516,250.2299957275391,251.3399963378906,223.5513916015625,2864400,2022-10-14,Amgen,Amgen,United States,AMGN
2022-10-17 04:00:00,251.4199981689453,253.4199981689453,249.4900054931641,252.9299926757812,224.9656219482422,2577100,2022-10-17,Amgen,Amgen,United States,AMGN
2022-10-18 04:00:00,253.8600006103516,254.6999969482422,251.0299987792969,252.1199951171875,224.2451477050781,2060000,2022-10-18,Amgen,Amgen,United States,AMGN
2022-10-19 04:00:00,251.3099975585938,252.3500061035156,246.9400024414062,248.1900024414062,220.7496643066406,1883000,2022-10-19,Amgen,Amgen,United States,AMGN
2022-10-20 04:00:00,247.5500030517578,249.0599975585938,246.0099945068359,247.4499969482422,220.0914611816406,2058000,2022-10-20,Amgen,Amgen,United States,AMGN
2022-10-21 04:00:00,247.5200042724609,252.3899993896484,247.0099945068359,251.9400024414062,224.0850524902344,3531200,2022-10-21,Amgen,Amgen,United States,AMGN
2022-10-24 04:00:00,254.9499969482422,261.5899963378906,254.8999938964844,261.3200073242188,232.427978515625,2883200,2022-10-24,Amgen,Amgen,United States,AMGN
2022-10-25 04:00:00,260.489990234375,261.7900085449219,257.1900024414062,259.989990234375,231.2450408935547,2548900,2022-10-25,Amgen,Amgen,United States,AMGN
2022-10-26 04:00:00,262.989990234375,267.9800109863281,261.510009765625,266.6600036621094,237.1775665283203,3008900,2022-10-26,Amgen,Amgen,United States,AMGN
2022-10-27 04:00:00,268.0,269.3099975585938,265.8800048828125,267.2300109863281,237.6845855712891,2260900,2022-10-27,Amgen,Amgen,United States,AMGN
2022-10-28 04:00:00,269.6799926757812,274.5400085449219,269.1199951171875,273.8099975585938,243.5370483398438,2924100,2022-10-28,Amgen,Amgen,United States,AMGN
2022-10-31 04:00:00,269.2000122070312,271.8099975585938,268.0,270.3500061035156,240.4596099853516,3033600,2022-10-31,Amgen,Amgen,United States,AMGN
2022-11-01 04:00:00,269.6000061035156,272.8699951171875,268.3800048828125,272.0599975585938,241.9805297851562,2062600,2022-11-01,Amgen,Amgen,United States,AMGN
2022-11-02 04:00:00,271.6400146484375,274.8800048828125,268.9500122070312,269.010009765625,239.2677764892578,2637300,2022-11-02,Amgen,Amgen,United States,AMGN
2022-11-03 04:00:00,268.5299987792969,268.6000061035156,265.0199890136719,265.8800048828125,236.4838104248047,2779500,2022-11-03,Amgen,Amgen,United States,AMGN
2022-11-04 04:00:00,261.9400024414062,269.2999877929688,259.8399963378906,269.0400085449219,239.2944488525391,3402000,2022-11-04,Amgen,Amgen,United States,AMGN
2022-11-07 05:00:00,268.1499938964844,277.4800109863281,267.75,277.0199890136719,246.3921661376953,2926700,2022-11-07,Amgen,Amgen,United States,AMGN
2022-11-08 05:00:00,282.5700073242188,296.6700134277344,282.2200012207031,292.3900146484375,260.0628356933594,6911300,2022-11-08,Amgen,Amgen,United States,AMGN
2022-11-09 05:00:00,290.0,296.2200012207031,289.260009765625,289.6499938964844,257.625732421875,3469100,2022-11-09,Amgen,Amgen,United States,AMGN
2022-11-10 05:00:00,294.0799865722656,294.4800109863281,285.3500061035156,291.010009765625,258.83544921875,4083200,2022-11-10,Amgen,Amgen,United States,AMGN
2022-11-11 05:00:00,288.5499877929688,289.3599853515625,279.6199951171875,285.0199890136719,253.5076599121094,3255100,2022-11-11,Amgen,Amgen,United States,AMGN
2022-11-14 05:00:00,284.7000122070312,290.8999938964844,284.7000122070312,285.2999877929688,253.7566986083984,2812800,2022-11-14,Amgen,Amgen,United States,AMGN
2022-11-15 05:00:00,286.0199890136719,289.4299926757812,280.2200012207031,283.6000061035156,252.2446441650391,2763200,2022-11-15,Amgen,Amgen,United States,AMGN
2022-11-16 05:00:00,284.0199890136719,286.989990234375,282.5599975585938,283.7699890136719,254.13427734375,2443500,2022-11-16,Amgen,Amgen,United States,AMGN
2022-11-17 05:00:00,282.9200134277344,288.7999877929688,282.6600036621094,287.2999877929688,257.295654296875,2172000,2022-11-17,Amgen,Amgen,United States,AMGN
2022-11-18 05:00:00,284.4299926757812,288.739990234375,284.4299926757812,287.2900085449219,257.2867126464844,2371700,2022-11-18,Amgen,Amgen,United States,AMGN
2022-11-21 05:00:00,289.0899963378906,291.6000061035156,287.8999938964844,288.1600036621094,258.0658874511719,2795100,2022-11-21,Amgen,Amgen,United States,AMGN
2022-11-22 05:00:00,288.010009765625,289.3999938964844,283.5199890136719,287.0499877929688,257.0717468261719,3636000,2022-11-22,Amgen,Amgen,United States,AMGN
2022-11-23 05:00:00,287.4400024414062,289.5400085449219,281.6000061035156,283.3999938964844,253.802978515625,2875600,2022-11-23,Amgen,Amgen,United States,AMGN
2022-11-25 05:00:00,281.9500122070312,285.5700073242188,281.4100036621094,283.739990234375,254.1074371337891,1220700,2022-11-25,Amgen,Amgen,United States,AMGN
2022-11-28 05:00:00,285.0,288.2799987792969,282.1900024414062,282.6199951171875,253.1044769287109,2375900,2022-11-28,Amgen,Amgen,United States,AMGN
2022-11-29 05:00:00,283.3800048828125,283.3800048828125,279.6799926757812,281.989990234375,252.5402374267578,2135300,2022-11-29,Amgen,Amgen,United States,AMGN
2022-11-30 05:00:00,282.5599975585938,287.9599914550781,278.9299926757812,286.3999938964844,256.4896545410156,5776200,2022-11-30,Amgen,Amgen,United States,AMGN
2022-12-01 05:00:00,288.0,288.0899963378906,279.8800048828125,285.9400024414062,256.0776977539062,2914600,2022-12-01,Amgen,Amgen,United States,AMGN
2022-12-02 05:00:00,284.0599975585938,286.1199951171875,283.1900024414062,285.510009765625,255.6926422119141,2267000,2022-12-02,Amgen,Amgen,United States,AMGN
2022-12-05 05:00:00,283.7900085449219,286.7799987792969,283.0,284.9100036621094,255.1553039550781,3274700,2022-12-05,Amgen,Amgen,United States,AMGN
2022-12-06 05:00:00,285.8399963378906,287.4400024414062,281.6900024414062,283.2900085449219,253.7044372558594,2608800,2022-12-06,Amgen,Amgen,United States,AMGN
2022-12-07 05:00:00,283.4100036621094,285.9299926757812,281.8099975585938,285.760009765625,255.91650390625,2492600,2022-12-07,Amgen,Amgen,United States,AMGN
2022-12-08 05:00:00,286.510009765625,286.5899963378906,283.739990234375,285.5700073242188,255.7463073730469,1769800,2022-12-08,Amgen,Amgen,United States,AMGN
2022-12-09 05:00:00,284.1900024414062,285.1700134277344,278.3399963378906,278.6499938964844,249.5490112304688,2205700,2022-12-09,Amgen,Amgen,United States,AMGN
2022-12-12 05:00:00,272.8200073242188,279.4800109863281,272.6300048828125,276.7799987792969,247.8742828369141,3427400,2022-12-12,Amgen,Amgen,United States,AMGN
2022-12-13 05:00:00,282.0199890136719,282.6700134277344,271.6199951171875,272.260009765625,243.8263397216797,3871300,2022-12-13,Amgen,Amgen,United States,AMGN
2022-12-14 05:00:00,271.9700012207031,273.3699951171875,267.2900085449219,271.1300048828125,242.8144226074219,3795000,2022-12-14,Amgen,Amgen,United States,AMGN
2022-12-15 05:00:00,270.4400024414062,271.1199951171875,263.4500122070312,266.1400146484375,238.3455047607422,3200400,2022-12-15,Amgen,Amgen,United States,AMGN
2022-12-16 05:00:00,264.9500122070312,267.9800109863281,264.3099975585938,267.4100036621094,239.4828796386719,8789000,2022-12-16,Amgen,Amgen,United States,AMGN
2022-12-19 05:00:00,266.8200073242188,268.9100036621094,263.8099975585938,265.7000122070312,237.9514617919922,2679800,2022-12-19,Amgen,Amgen,United States,AMGN
2022-12-20 05:00:00,266.6900024414062,267.6799926757812,262.8200073242188,264.75,237.1006927490234,1609100,2022-12-20,Amgen,Amgen,United States,AMGN
2022-12-21 05:00:00,264.8800048828125,267.3999938964844,264.25,266.260009765625,238.4529876708984,2057000,2022-12-21,Amgen,Amgen,United States,AMGN
2022-12-22 05:00:00,265.7999877929688,266.1700134277344,263.1900024414062,265.260009765625,237.557373046875,1979100,2022-12-22,Amgen,Amgen,United States,AMGN
2022-12-23 05:00:00,264.8800048828125,265.2900085449219,262.8999938964844,263.9200134277344,236.3573760986328,1465500,2022-12-23,Amgen,Amgen,United States,AMGN
2022-12-27 05:00:00,265.6900024414062,266.6099853515625,262.8800048828125,263.3900146484375,235.8827514648438,1604700,2022-12-27,Amgen,Amgen,United States,AMGN
2022-12-28 05:00:00,264.4200134277344,265.6199951171875,261.1400146484375,261.4200134277344,234.1184387207031,1349500,2022-12-28,Amgen,Amgen,United States,AMGN
2022-12-29 05:00:00,262.4700012207031,264.8800048828125,262.1400146484375,263.1600036621094,235.6767120361328,1446400,2022-12-29,Amgen,Amgen,United States,AMGN
2022-12-30 05:00:00,262.7300109863281,263.2300109863281,259.510009765625,262.6400146484375,235.2110443115234,1622000,2022-12-30,Amgen,Amgen,United States,AMGN
2023-01-03 05:00:00,260.8699951171875,262.6000061035156,258.8699951171875,261.6499938964844,234.3244476318359,2594800,2023-01-03,Amgen,Amgen,United States,AMGN
2023-01-04 05:00:00,263.010009765625,265.010009765625,261.0,264.3900146484375,236.7782897949219,1773800,2023-01-04,Amgen,Amgen,United States,AMGN
2023-01-05 05:00:00,264.0700073242188,268.0,262.5199890136719,266.8599853515625,238.9902801513672,2056000,2023-01-05,Amgen,Amgen,United States,AMGN
2023-01-06 05:00:00,270.0400085449219,276.8200073242188,269.0299987792969,275.2000122070312,246.4593200683594,2887800,2023-01-06,Amgen,Amgen,United States,AMGN
2023-01-09 05:00:00,275.5799865722656,275.5799865722656,268.6600036621094,270.1199951171875,241.9098663330078,2160700,2023-01-09,Amgen,Amgen,United States,AMGN
2023-01-10 05:00:00,271.9500122070312,274.6099853515625,270.1099853515625,273.8800048828125,245.2771453857422,1783400,2023-01-10,Amgen,Amgen,United States,AMGN
2023-01-11 05:00:00,275.9700012207031,276.8399963378906,270.1799926757812,272.9100036621094,244.4084930419922,2044400,2023-01-11,Amgen,Amgen,United States,AMGN
2023-01-12 05:00:00,271.9200134277344,272.6499938964844,268.8900146484375,270.9200134277344,242.6263580322266,1454100,2023-01-12,Amgen,Amgen,United States,AMGN
2023-01-13 05:00:00,270.9400024414062,272.2300109863281,270.2000122070312,271.7300109863281,243.3516998291016,1696800,2023-01-13,Amgen,Amgen,United States,AMGN
2023-01-17 05:00:00,272.2000122070312,273.8299865722656,268.8299865722656,269.4200134277344,241.2830047607422,2472800,2023-01-17,Amgen,Amgen,United States,AMGN
2023-01-18 05:00:00,269.4200134277344,270.5199890136719,263.6499938964844,264.3900146484375,236.7782897949219,2218100,2023-01-18,Amgen,Amgen,United States,AMGN
2023-01-19 05:00:00,262.0,263.5199890136719,260.9299926757812,262.0299987792969,234.6647491455078,2090500,2023-01-19,Amgen,Amgen,United States,AMGN
2023-01-20 05:00:00,262.0299987792969,263.8399963378906,259.8699951171875,263.239990234375,235.7483520507812,2574100,2023-01-20,Amgen,Amgen,United States,AMGN
2023-01-23 05:00:00,264.0,264.7300109863281,259.8099975585938,260.9700012207031,233.7154998779297,2025000,2023-01-23,Amgen,Amgen,United States,AMGN
2023-01-24 05:00:00,261.8500061035156,262.0,257.5199890136719,259.7000122070312,232.5780639648438,1596900,2023-01-24,Amgen,Amgen,United States,AMGN
2023-01-25 05:00:00,260.0899963378906,261.5499877929688,256.0199890136719,256.5400085449219,229.7481231689453,1910600,2023-01-25,Amgen,Amgen,United States,AMGN
2023-01-26 05:00:00,256.5400085449219,256.6900024414062,253.0099945068359,254.8800048828125,228.2614898681641,2522100,2023-01-26,Amgen,Amgen,United States,AMGN
2023-01-27 05:00:00,254.8699951171875,255.5,252.5399932861328,253.6499938964844,227.1598968505859,2109900,2023-01-27,Amgen,Amgen,United States,AMGN
2023-01-30 05:00:00,253.4600067138672,254.1600036621094,250.6000061035156,251.5899963378906,225.3150482177734,2042800,2023-01-30,Amgen,Amgen,United States,AMGN
2023-01-31 05:00:00,253.8600006103516,253.8600006103516,249.8899993896484,252.3999938964844,226.0404815673828,3418300,2023-01-31,Amgen,Amgen,United States,AMGN
2023-02-01 05:00:00,249.1600036621094,249.5500030517578,240.0,246.4100036621094,220.676025390625,5344700,2023-02-01,Amgen,Amgen,United States,AMGN
2023-02-02 05:00:00,243.7799987792969,246.5700073242188,236.3699951171875,246.5299987792969,220.7834930419922,5489100,2023-02-02,Amgen,Amgen,United States,AMGN
2023-02-03 05:00:00,249.9600067138672,249.9600067138672,242.2100067138672,245.1699981689453,219.5655364990234,3073000,2023-02-03,Amgen,Amgen,United States,AMGN
2023-02-06 05:00:00,245.3600006103516,246.8000030517578,243.4499969482422,243.8500061035156,218.3833770751953,2196900,2023-02-06,Amgen,Amgen,United States,AMGN
2023-02-07 05:00:00,243.0200042724609,244.9400024414062,241.4199981689453,244.0,218.5177307128906,2408000,2023-02-07,Amgen,Amgen,United States,AMGN
2023-02-08 05:00:00,242.9900054931641,243.5599975585938,239.6000061035156,240.1999969482422,215.1145935058594,2761200,2023-02-08,Amgen,Amgen,United States,AMGN
2023-02-09 05:00:00,241.1199951171875,243.4600067138672,238.9900054931641,240.0,214.9354553222656,3056200,2023-02-09,Amgen,Amgen,United States,AMGN
2023-02-10 05:00:00,241.9199981689453,244.1399993896484,240.4100036621094,242.5,217.1743927001953,2687200,2023-02-10,Amgen,Amgen,United States,AMGN
2023-02-13 05:00:00,243.1999969482422,243.8300018310547,241.3000030517578,243.6600036621094,218.2132568359375,2321900,2023-02-13,Amgen,Amgen,United States,AMGN
2023-02-14 05:00:00,242.6999969482422,243.0,239.1100006103516,241.0299987792969,217.7615203857422,2015900,2023-02-14,Amgen,Amgen,United States,AMGN
2023-02-15 05:00:00,240.2100067138672,240.5399932861328,238.7299957275391,240.0700073242188,216.8941650390625,1783300,2023-02-15,Amgen,Amgen,United States,AMGN
2023-02-16 05:00:00,238.4600067138672,239.0099945068359,234.0399932861328,234.2200012207031,211.6089019775391,3291800,2023-02-16,Amgen,Amgen,United States,AMGN
2023-02-17 05:00:00,235.3399963378906,241.7200012207031,233.7100067138672,240.5299987792969,217.3097534179688,2978100,2023-02-17,Amgen,Amgen,United States,AMGN
2023-02-21 05:00:00,240.7899932861328,241.9199981689453,238.1999969482422,238.2400054931641,215.2408294677734,2524100,2023-02-21,Amgen,Amgen,United States,AMGN
2023-02-22 05:00:00,240.3000030517578,240.9900054931641,235.75,236.1600036621094,213.3616333007812,2187600,2023-02-22,Amgen,Amgen,United States,AMGN
2023-02-23 05:00:00,236.6999969482422,237.8600006103516,234.75,237.6199951171875,214.6806793212891,2211600,2023-02-23,Amgen,Amgen,United States,AMGN
2023-02-24 05:00:00,236.8300018310547,237.0599975585938,233.1199951171875,233.6600036621094,211.1029663085938,1853900,2023-02-24,Amgen,Amgen,United States,AMGN
2023-02-27 05:00:00,235.2200012207031,235.2200012207031,232.8899993896484,234.4499969482422,211.8167266845703,1723000,2023-02-27,Amgen,Amgen,United States,AMGN
2023-02-28 05:00:00,233.6300048828125,234.4700012207031,231.6000061035156,231.6600036621094,209.2960662841797,2615700,2023-02-28,Amgen,Amgen,United States,AMGN
2023-03-01 05:00:00,230.3699951171875,236.4400024414062,230.1399993896484,236.1900024414062,213.3887481689453,2441300,2023-03-01,Amgen,Amgen,United States,AMGN
2023-03-02 05:00:00,236.1199951171875,236.3699951171875,233.8999938964844,234.7400054931641,212.0787353515625,1777100,2023-03-02,Amgen,Amgen,United States,AMGN
2023-03-03 05:00:00,235.0,235.8899993896484,233.6000061035156,234.8099975585938,212.1419525146484,2214500,2023-03-03,Amgen,Amgen,United States,AMGN
2023-03-06 05:00:00,235.0,235.6300048828125,233.6399993896484,235.1100006103516,212.4129943847656,2591000,2023-03-06,Amgen,Amgen,United States,AMGN
2023-03-07 05:00:00,235.1100006103516,235.1999969482422,228.3500061035156,228.7200012207031,206.6398773193359,2362200,2023-03-07,Amgen,Amgen,United States,AMGN
2023-03-08 05:00:00,230.1600036621094,231.8000030517578,227.3699951171875,228.4299926757812,206.3778991699219,1842200,2023-03-08,Amgen,Amgen,United States,AMGN
2023-03-09 05:00:00,229.4900054931641,229.8300018310547,225.3999938964844,225.7899932861328,203.9927215576172,1736900,2023-03-09,Amgen,Amgen,United States,AMGN
2023-03-10 05:00:00,226.7700042724609,230.2799987792969,225.6300048828125,227.8699951171875,205.8719329833984,2661800,2023-03-10,Amgen,Amgen,United States,AMGN
2023-03-13 04:00:00,231.1799926757812,237.2700042724609,230.5,233.1799926757812,210.6693267822266,3146000,2023-03-13,Amgen,Amgen,United States,AMGN
2023-03-14 04:00:00,233.4600067138672,233.4600067138672,229.4100036621094,230.5800018310547,208.3202972412109,3227100,2023-03-14,Amgen,Amgen,United States,AMGN
2023-03-15 04:00:00,230.3999938964844,235.5700073242188,228.5500030517578,234.8999938964844,212.2232666015625,3092300,2023-03-15,Amgen,Amgen,United States,AMGN
2023-03-16 04:00:00,233.7400054931641,234.6600036621094,230.0599975585938,234.5700073242188,211.9251556396484,2326000,2023-03-16,Amgen,Amgen,United States,AMGN
2023-03-17 04:00:00,233.5700073242188,233.8099975585938,228.5200042724609,229.7899932861328,207.6065826416016,7817000,2023-03-17,Amgen,Amgen,United States,AMGN
2023-03-20 04:00:00,230.5800018310547,235.1600036621094,230.1399993896484,234.7200012207031,212.0606384277344,2020800,2023-03-20,Amgen,Amgen,United States,AMGN
2023-03-21 04:00:00,234.7200012207031,235.2799987792969,231.0399932861328,232.9499969482422,210.4615325927734,2128600,2023-03-21,Amgen,Amgen,United States,AMGN
2023-03-22 04:00:00,233.4499969482422,233.9499969482422,229.5899963378906,229.8300018310547,207.6427459716797,1725100,2023-03-22,Amgen,Amgen,United States,AMGN
2023-03-23 04:00:00,230.0399932861328,234.1000061035156,229.8899993896484,233.1000061035156,210.5970458984375,2175700,2023-03-23,Amgen,Amgen,United States,AMGN
2023-03-24 04:00:00,234.2200012207031,238.5,233.0099945068359,238.0299987792969,215.0511169433594,2547300,2023-03-24,Amgen,Amgen,United States,AMGN
2023-03-27 04:00:00,239.6100006103516,239.9499969482422,235.0700073242188,236.7599945068359,213.9037170410156,2129100,2023-03-27,Amgen,Amgen,United States,AMGN
2023-03-28 04:00:00,237.0,238.6799926757812,236.9100036621094,238.4799957275391,215.4576873779297,1887800,2023-03-28,Amgen,Amgen,United States,AMGN
2023-03-29 04:00:00,239.7100067138672,241.5899963378906,238.3300018310547,241.0299987792969,217.7615203857422,2744000,2023-03-29,Amgen,Amgen,United States,AMGN
2023-03-30 04:00:00,242.5299987792969,242.8099975585938,240.1100006103516,241.5,218.1861267089844,2577000,2023-03-30,Amgen,Amgen,United States,AMGN
2023-03-31 04:00:00,241.4299926757812,242.3999938964844,239.1499938964844,241.75,218.4119720458984,2762500,2023-03-31,Amgen,Amgen,United States,AMGN
2023-04-03 04:00:00,242.0,244.75,241.3600006103516,244.4400024414062,220.8423156738281,2478700,2023-04-03,Amgen,Amgen,United States,AMGN
2023-04-04 04:00:00,244.5200042724609,248.1100006103516,243.8000030517578,247.5299987792969,223.6340179443359,2942800,2023-04-04,Amgen,Amgen,United States,AMGN
2023-04-05 04:00:00,248.5700073242188,253.7100067138672,248.2299957275391,253.3699951171875,228.9102020263672,2468000,2023-04-05,Amgen,Amgen,United States,AMGN
2023-04-06 04:00:00,254.3600006103516,255.4299926757812,252.9299926757812,253.3200073242188,228.8650360107422,2047800,2023-04-06,Amgen,Amgen,United States,AMGN
2023-04-10 04:00:00,256.4400024414062,256.4400024414062,250.0500030517578,250.8999938964844,226.6786651611328,1595600,2023-04-10,Amgen,Amgen,United States,AMGN
2023-04-11 04:00:00,251.4199981689453,253.0800018310547,250.9799957275391,251.4299926757812,227.1575012207031,1272800,2023-04-11,Amgen,Amgen,United States,AMGN
2023-04-12 04:00:00,252.5,252.7100067138672,248.8800048828125,249.5,225.4138336181641,2268900,2023-04-12,Amgen,Amgen,United States,AMGN
2023-04-13 04:00:00,248.6000061035156,251.8999938964844,248.2700042724609,251.4400024414062,227.1665496826172,2020900,2023-04-13,Amgen,Amgen,United States,AMGN
2023-04-14 04:00:00,250.6199951171875,251.7599945068359,248.9600067138672,250.0,225.8655395507812,1866200,2023-04-14,Amgen,Amgen,United States,AMGN
2023-04-17 04:00:00,250.8899993896484,251.5,247.5800018310547,248.0700073242188,224.1218719482422,1784800,2023-04-17,Amgen,Amgen,United States,AMGN
2023-04-18 04:00:00,248.3699951171875,249.0099945068359,244.6499938964844,246.0899963378906,222.3330230712891,1638800,2023-04-18,Amgen,Amgen,United States,AMGN
2023-04-19 04:00:00,245.25,246.7599945068359,244.3699951171875,246.2100067138672,222.4414367675781,1246500,2023-04-19,Amgen,Amgen,United States,AMGN
2023-04-20 04:00:00,246.1199951171875,246.3999938964844,243.0500030517578,243.4600067138672,219.9569091796875,1691300,2023-04-20,Amgen,Amgen,United States,AMGN
2023-04-21 04:00:00,243.4600067138672,243.9199981689453,242.6499938964844,243.8600006103516,220.3182983398438,1721300,2023-04-21,Amgen,Amgen,United States,AMGN
2023-04-24 04:00:00,243.1999969482422,245.3699951171875,242.3300018310547,244.4499969482422,220.8513488769531,1232100,2023-04-24,Amgen,Amgen,United States,AMGN
2023-04-25 04:00:00,245.1199951171875,246.5299987792969,244.3099975585938,244.8699951171875,221.2307891845703,1509700,2023-04-25,Amgen,Amgen,United States,AMGN
2023-04-26 04:00:00,242.0800018310547,243.5500030517578,238.5800018310547,238.8000030517578,215.7467651367188,2002900,2023-04-26,Amgen,Amgen,United States,AMGN
2023-04-27 04:00:00,239.2400054931641,240.7100067138672,235.3999938964844,240.3399963378906,217.1380920410156,2533900,2023-04-27,Amgen,Amgen,United States,AMGN
2023-04-28 04:00:00,236.8200073242188,240.1000061035156,233.1699981689453,239.7400054931641,216.5960388183594,2721400,2023-04-28,Amgen,Amgen,United States,AMGN
2023-05-01 04:00:00,240.0299987792969,241.3000030517578,238.0899963378906,238.8999938964844,215.8371276855469,1920500,2023-05-01,Amgen,Amgen,United States,AMGN
2023-05-02 04:00:00,238.0800018310547,239.0,235.3899993896484,235.9700012207031,213.1899719238281,2127200,2023-05-02,Amgen,Amgen,United States,AMGN
2023-05-03 04:00:00,235.9700012207031,236.3000030517578,228.9799957275391,229.3099975585938,207.1729125976562,2998000,2023-05-03,Amgen,Amgen,United States,AMGN
2023-05-04 04:00:00,230.3099975585938,232.0299987792969,229.1499938964844,231.8899993896484,209.5038604736328,2228500,2023-05-04,Amgen,Amgen,United States,AMGN
2023-05-05 04:00:00,232.6600036621094,237.0399932861328,232.0700073242188,236.5299987792969,213.6958923339844,2806800,2023-05-05,Amgen,Amgen,United States,AMGN
2023-05-08 04:00:00,235.3399963378906,235.7400054931641,232.1999969482422,234.6199951171875,211.9703063964844,1667800,2023-05-08,Amgen,Amgen,United States,AMGN
2023-05-09 04:00:00,234.6399993896484,235.4400024414062,233.2200012207031,234.4299926757812,211.7986297607422,1468900,2023-05-09,Amgen,Amgen,United States,AMGN
2023-05-10 04:00:00,234.8899993896484,235.0,231.3500061035156,234.1100006103516,211.5095367431641,1530800,2023-05-10,Amgen,Amgen,United States,AMGN
2023-05-11 04:00:00,234.6499938964844,234.9900054931641,230.4100036621094,232.2899932861328,209.8652496337891,1612400,2023-05-11,Amgen,Amgen,United States,AMGN
2023-05-12 04:00:00,233.0299987792969,233.5500030517578,231.2100067138672,232.9499969482422,210.4615325927734,1295600,2023-05-12,Amgen,Amgen,United States,AMGN
2023-05-15 04:00:00,233.2700042724609,233.9199981689453,232.1199951171875,233.5299987792969,210.9855346679688,1551300,2023-05-15,Amgen,Amgen,United States,AMGN
2023-05-16 04:00:00,234.2100067138672,234.5099945068359,227.7400054931641,227.8800048828125,205.8809661865234,2646500,2023-05-16,Amgen,Amgen,United States,AMGN
2023-05-17 04:00:00,226.0200042724609,226.0899963378906,220.4400024414062,225.0200042724609,205.2152404785156,3352900,2023-05-17,Amgen,Amgen,United States,AMGN
2023-05-18 04:00:00,224.75,224.75,221.9199981689453,224.2299957275391,204.4947357177734,2245300,2023-05-18,Amgen,Amgen,United States,AMGN
2023-05-19 04:00:00,224.4400024414062,225.8800048828125,222.7799987792969,223.4199981689453,203.7560577392578,2395700,2023-05-19,Amgen,Amgen,United States,AMGN
2023-05-22 04:00:00,224.8500061035156,226.8200073242188,222.8200073242188,223.9900054931641,204.27587890625,1848600,2023-05-22,Amgen,Amgen,United States,AMGN
2023-05-23 04:00:00,224.2100067138672,226.8200073242188,222.8000030517578,224.4400024414062,204.6862640380859,2296600,2023-05-23,Amgen,Amgen,United States,AMGN
2023-05-24 04:00:00,225.6399993896484,225.9600067138672,221.0399932861328,221.3200073242188,201.8408966064453,1765000,2023-05-24,Amgen,Amgen,United States,AMGN
2023-05-25 04:00:00,220.1000061035156,220.1000061035156,214.9299926757812,217.4600067138672,198.3206176757812,2968200,2023-05-25,Amgen,Amgen,United States,AMGN
2023-05-26 04:00:00,215.9600067138672,218.4799957275391,214.4799957275391,216.9299926757812,197.8372497558594,3081000,2023-05-26,Amgen,Amgen,United States,AMGN
2023-05-30 04:00:00,215.0299987792969,219.0,214.7200012207031,218.5299987792969,199.2964172363281,3125900,2023-05-30,Amgen,Amgen,United States,AMGN
2023-05-31 04:00:00,219.5800018310547,221.8500061035156,217.1900024414062,220.6499938964844,201.2298431396484,3884700,2023-05-31,Amgen,Amgen,United States,AMGN
2023-06-01 04:00:00,219.9600067138672,220.6000061035156,211.7100067138672,214.2700042724609,195.411376953125,4831400,2023-06-01,Amgen,Amgen,United States,AMGN
2023-06-02 04:00:00,213.75,218.7599945068359,212.0200042724609,218.0700073242188,198.8769073486328,3687200,2023-06-02,Amgen,Amgen,United States,AMGN
2023-06-05 04:00:00,219.6699981689453,223.0399932861328,218.4700012207031,221.8800048828125,202.3515625,2498700,2023-06-05,Amgen,Amgen,United States,AMGN
2023-06-06 04:00:00,223.0800018310547,223.1699981689453,219.2799987792969,221.2200012207031,201.7496795654297,1736100,2023-06-06,Amgen,Amgen,United States,AMGN
2023-06-07 04:00:00,220.7599945068359,221.8699951171875,219.7299957275391,221.25,201.7770385742188,2555400,2023-06-07,Amgen,Amgen,United States,AMGN
2023-06-08 04:00:00,221.2599945068359,221.8899993896484,219.3600006103516,220.7599945068359,201.3301391601562,1877300,2023-06-08,Amgen,Amgen,United States,AMGN
2023-06-09 04:00:00,219.3399963378906,220.9400024414062,217.7700042724609,218.7599945068359,199.5061798095703,1707900,2023-06-09,Amgen,Amgen,United States,AMGN
2023-06-12 04:00:00,219.25,219.25,215.3200073242188,217.3600006103516,198.2294158935547,2704300,2023-06-12,Amgen,Amgen,United States,AMGN
2023-06-13 04:00:00,217.4299926757812,222.3399963378906,216.9299926757812,221.9900054931641,202.4519195556641,2318500,2023-06-13,Amgen,Amgen,United States,AMGN
2023-06-14 04:00:00,223.2599945068359,223.6900024414062,221.1000061035156,222.2799987792969,202.7164001464844,2453000,2023-06-14,Amgen,Amgen,United States,AMGN
2023-06-15 04:00:00,223.0099945068359,228.8500061035156,222.9700012207031,228.4400024414062,208.334228515625,2633900,2023-06-15,Amgen,Amgen,United States,AMGN
2023-06-16 04:00:00,230.0399932861328,231.9499969482422,227.75,229.6600036621094,209.4468536376953,6765000,2023-06-16,Amgen,Amgen,United States,AMGN
2023-06-20 04:00:00,229.0299987792969,230.8399963378906,227.1900024414062,228.5899963378906,208.4709930419922,2492700,2023-06-20,Amgen,Amgen,United States,AMGN
2023-06-21 04:00:00,228.1799926757812,230.0,225.5899963378906,227.0399932861328,207.0574188232422,2282600,2023-06-21,Amgen,Amgen,United States,AMGN
2023-06-22 04:00:00,227.3099975585938,229.8800048828125,226.7599945068359,229.6600036621094,209.4468536376953,1607200,2023-06-22,Amgen,Amgen,United States,AMGN
2023-06-23 04:00:00,229.8699951171875,230.5399932861328,226.4100036621094,227.1100006103516,207.1212921142578,4130700,2023-06-23,Amgen,Amgen,United States,AMGN
2023-06-26 04:00:00,226.8000030517578,226.8000030517578,220.1199951171875,224.7299957275391,204.9507141113281,2565500,2023-06-26,Amgen,Amgen,United States,AMGN
2023-06-27 04:00:00,224.1600036621094,224.6399993896484,221.1300048828125,222.6100006103516,203.0173492431641,2705900,2023-06-27,Amgen,Amgen,United States,AMGN
2023-06-28 04:00:00,222.2400054931641,222.3500061035156,218.6499938964844,221.3099975585938,201.8317565917969,2263400,2023-06-28,Amgen,Amgen,United States,AMGN
2023-06-29 04:00:00,219.6199951171875,221.6600036621094,218.8800048828125,221.1600036621094,201.6949615478516,1860300,2023-06-29,Amgen,Amgen,United States,AMGN
2023-06-30 04:00:00,222.0,223.1100006103516,221.0099945068359,222.0200042724609,202.4792633056641,2843300,2023-06-30,Amgen,Amgen,United States,AMGN
2023-07-03 04:00:00,221.2100067138672,225.5700073242188,219.8399963378906,225.0099945068359,205.2060699462891,1479200,2023-07-03,Amgen,Amgen,United States,AMGN
2023-07-05 04:00:00,224.6600036621094,227.3200073242188,222.4100036621094,225.8800048828125,205.9995422363281,2440400,2023-07-05,Amgen,Amgen,United States,AMGN
2023-07-06 04:00:00,224.9199981689453,225.9900054931641,221.6999969482422,222.9799957275391,203.3547668457031,2457800,2023-07-06,Amgen,Amgen,United States,AMGN
2023-07-07 04:00:00,221.8600006103516,222.1600036621094,218.4400024414062,218.6499938964844,199.4058380126953,2841500,2023-07-07,Amgen,Amgen,United States,AMGN
2023-07-10 04:00:00,219.1600036621094,224.8999938964844,218.6100006103516,224.7299957275391,204.9507141113281,2501700,2023-07-10,Amgen,Amgen,United States,AMGN
2023-07-11 04:00:00,223.8300018310547,225.5800018310547,222.2700042724609,223.8600006103516,204.1573333740234,2021500,2023-07-11,Amgen,Amgen,United States,AMGN
2023-07-12 04:00:00,225.1699981689453,227.3200073242188,224.0899963378906,225.6799926757812,205.8171234130859,2619500,2023-07-12,Amgen,Amgen,United States,AMGN
2023-07-13 04:00:00,225.8500061035156,228.1199951171875,225.0,227.6600036621094,207.6228485107422,1803600,2023-07-13,Amgen,Amgen,United States,AMGN
2023-07-14 04:00:00,227.8399963378906,228.6600036621094,225.9600067138672,227.4299926757812,207.4131011962891,2044700,2023-07-14,Amgen,Amgen,United States,AMGN
2023-07-17 04:00:00,226.8699951171875,228.6000061035156,224.3399963378906,227.8399963378906,207.7869873046875,2049200,2023-07-17,Amgen,Amgen,United States,AMGN
2023-07-18 04:00:00,227.7899932861328,234.0700073242188,227.3999938964844,232.5700073242188,212.1007080078125,2621200,2023-07-18,Amgen,Amgen,United States,AMGN
2023-07-19 04:00:00,232.9799957275391,234.5500030517578,231.9900054931641,232.0500030517578,211.6265106201172,2047200,2023-07-19,Amgen,Amgen,United States,AMGN
2023-07-20 04:00:00,233.8099975585938,238.4799957275391,232.9100036621094,233.2299957275391,212.7026062011719,3741300,2023-07-20,Amgen,Amgen,United States,AMGN
2023-07-21 04:00:00,233.7700042724609,236.3800048828125,232.7799987792969,234.8200073242188,214.1526947021484,9381100,2023-07-21,Amgen,Amgen,United States,AMGN
2023-07-24 04:00:00,235.0,236.1300048828125,233.9199981689453,235.4199981689453,214.6998748779297,1771300,2023-07-24,Amgen,Amgen,United States,AMGN
2023-07-25 04:00:00,234.3600006103516,236.5700073242188,234.2799987792969,235.3099975585938,214.5995635986328,1325600,2023-07-25,Amgen,Amgen,United States,AMGN
2023-07-26 04:00:00,233.9499969482422,235.7400054931641,232.4400024414062,235.2100067138672,214.5083923339844,1576800,2023-07-26,Amgen,Amgen,United States,AMGN
2023-07-27 04:00:00,234.4799957275391,238.4799957275391,234.3099975585938,236.0500030517578,215.2744445800781,2439600,2023-07-27,Amgen,Amgen,United States,AMGN
2023-07-28 04:00:00,236.8200073242188,238.1799926757812,235.0899963378906,236.3699951171875,215.5662841796875,1889500,2023-07-28,Amgen,Amgen,United States,AMGN
2023-07-31 04:00:00,236.4799957275391,236.4799957275391,233.0200042724609,234.1499938964844,213.5416259765625,2826600,2023-07-31,Amgen,Amgen,United States,AMGN
2023-08-01 04:00:00,234.9299926757812,235.3800048828125,230.5899963378906,232.1199951171875,211.6902770996094,1843400,2023-08-01,Amgen,Amgen,United States,AMGN
2023-08-02 04:00:00,232.7200012207031,233.0299987792969,228.6999969482422,230.4100036621094,210.1308135986328,2593500,2023-08-02,Amgen,Amgen,United States,AMGN
2023-08-03 04:00:00,230.7899932861328,231.1000061035156,228.2100067138672,230.6999969482422,210.3952941894531,2322200,2023-08-03,Amgen,Amgen,United States,AMGN
2023-08-04 04:00:00,237.9100036621094,246.4199981689453,237.0,243.2799987792969,221.8680877685547,5181200,2023-08-04,Amgen,Amgen,United States,AMGN
2023-08-07 04:00:00,244.25,253.8200073242188,243.4600067138672,252.9400024414062,230.6778869628906,4076600,2023-08-07,Amgen,Amgen,United States,AMGN
2023-08-08 04:00:00,257.5199890136719,263.7900085449219,256.5,260.7999877929688,237.8460693359375,5321600,2023-08-08,Amgen,Amgen,United States,AMGN
2023-08-09 04:00:00,259.9200134277344,263.7699890136719,259.1199951171875,259.3200073242188,236.4963531494141,2428100,2023-08-09,Amgen,Amgen,United States,AMGN
2023-08-10 04:00:00,261.5400085449219,264.7799987792969,260.4599914550781,262.0599975585938,238.9952087402344,1919200,2023-08-10,Amgen,Amgen,United States,AMGN
2023-08-11 04:00:00,261.7000122070312,264.1099853515625,260.8299865722656,262.510009765625,239.4056091308594,1560600,2023-08-11,Amgen,Amgen,United States,AMGN
2023-08-14 04:00:00,262.2200012207031,263.4700012207031,259.8500061035156,260.9700012207031,238.0011444091797,1966100,2023-08-14,Amgen,Amgen,United States,AMGN
2023-08-15 04:00:00,261.3200073242188,266.6300048828125,259.9599914550781,266.010009765625,242.5975341796875,2781200,2023-08-15,Amgen,Amgen,United States,AMGN
2023-08-16 04:00:00,266.3299865722656,268.239990234375,264.5799865722656,265.0199890136719,241.6946716308594,2244000,2023-08-16,Amgen,Amgen,United States,AMGN
2023-08-17 04:00:00,263.8699951171875,266.5799865722656,263.2699890136719,263.8500061035156,242.5772857666016,2256100,2023-08-17,Amgen,Amgen,United States,AMGN
2023-08-18 04:00:00,262.6099853515625,262.989990234375,261.0700073242188,261.8200073242188,240.7109527587891,2814500,2023-08-18,Amgen,Amgen,United States,AMGN
2023-08-21 04:00:00,261.5799865722656,262.4700012207031,259.010009765625,260.7000122070312,239.6812438964844,2324100,2023-08-21,Amgen,Amgen,United States,AMGN
2023-08-22 04:00:00,260.239990234375,260.3999938964844,257.3500061035156,257.6199951171875,236.8495788574219,1720300,2023-08-22,Amgen,Amgen,United States,AMGN
2023-08-23 04:00:00,259.5,259.8500061035156,255.9799957275391,257.3599853515625,236.6105194091797,2256800,2023-08-23,Amgen,Amgen,United States,AMGN
2023-08-24 04:00:00,256.7300109863281,260.1900024414062,256.1700134277344,256.6199951171875,235.9301910400391,1888900,2023-08-24,Amgen,Amgen,United States,AMGN
2023-08-25 04:00:00,257.1099853515625,257.739990234375,254.8099975585938,256.3800048828125,235.7095489501953,1786600,2023-08-25,Amgen,Amgen,United States,AMGN
2023-08-28 04:00:00,256.9599914550781,258.1199951171875,255.1399993896484,256.5499877929688,235.8658447265625,1661300,2023-08-28,Amgen,Amgen,United States,AMGN
2023-08-29 04:00:00,257.3599853515625,259.8500061035156,256.8200073242188,259.6400146484375,238.7067565917969,2216600,2023-08-29,Amgen,Amgen,United States,AMGN
2023-08-30 04:00:00,260.0,260.8699951171875,256.9500122070312,257.8800048828125,237.0886077880859,1694300,2023-08-30,Amgen,Amgen,United States,AMGN
2023-08-31 04:00:00,258.2200012207031,259.0,256.2900085449219,256.3399963378906,235.6727905273438,2065000,2023-08-31,Amgen,Amgen,United States,AMGN
2023-09-01 04:00:00,258.6799926757812,259.0299987792969,256.1000061035156,256.7099914550781,236.0129241943359,1350200,2023-09-01,Amgen,Amgen,United States,AMGN
2023-09-05 04:00:00,256.7099914550781,257.3900146484375,253.9199981689453,254.0099945068359,233.5306091308594,1763600,2023-09-05,Amgen,Amgen,United States,AMGN
2023-09-06 04:00:00,254.4400024414062,254.4400024414062,248.3800048828125,249.0099945068359,228.9337463378906,1988900,2023-09-06,Amgen,Amgen,United States,AMGN
2023-09-07 04:00:00,250.5399932861328,254.6999969482422,250.3999938964844,254.3899993896484,233.8799743652344,2228300,2023-09-07,Amgen,Amgen,United States,AMGN
2023-09-08 04:00:00,255.75,260.3399963378906,254.9700012207031,259.4299926757812,238.5136260986328,2449000,2023-09-08,Amgen,Amgen,United States,AMGN
2023-09-11 04:00:00,258.2099914550781,262.8099975585938,257.4100036621094,261.7200012207031,240.6190185546875,2135100,2023-09-11,Amgen,Amgen,United States,AMGN
2023-09-12 04:00:00,262.6799926757812,263.0199890136719,257.8599853515625,260.3099975585938,239.3226928710938,1574000,2023-09-12,Amgen,Amgen,United States,AMGN
2023-09-13 04:00:00,259.3399963378906,260.2200012207031,257.0199890136719,257.2300109863281,236.4910430908203,2182800,2023-09-13,Amgen,Amgen,United States,AMGN
2023-09-14 04:00:00,258.8999938964844,263.1400146484375,258.5400085449219,262.2999877929688,241.1522216796875,3072400,2023-09-14,Amgen,Amgen,United States,AMGN
2023-09-15 04:00:00,263.760009765625,263.9299926757812,259.8200073242188,260.7200012207031,239.6996459960938,6161100,2023-09-15,Amgen,Amgen,United States,AMGN
2023-09-18 04:00:00,263.3800048828125,265.2200012207031,261.9299926757812,263.1499938964844,241.9337158203125,1770100,2023-09-18,Amgen,Amgen,United States,AMGN
2023-09-19 04:00:00,263.1400146484375,265.7699890136719,262.4400024414062,264.3099975585938,243.0001831054688,1528200,2023-09-19,Amgen,Amgen,United States,AMGN
2023-09-20 04:00:00,265.0,273.0799865722656,263.9700012207031,271.4599914550781,249.5737609863281,3575300,2023-09-20,Amgen,Amgen,United States,AMGN
2023-09-21 04:00:00,272.0700073242188,272.4800109863281,267.7000122070312,269.4100036621094,247.6890411376953,2437100,2023-09-21,Amgen,Amgen,United States,AMGN
2023-09-22 04:00:00,267.6700134277344,269.5,266.5199890136719,267.7000122070312,246.1168975830078,1894100,2023-09-22,Amgen,Amgen,United States,AMGN
2023-09-25 04:00:00,267.5400085449219,267.8099975585938,265.010009765625,266.8599853515625,245.3446197509766,1705300,2023-09-25,Amgen,Amgen,United States,AMGN
2023-09-26 04:00:00,266.6799926757812,269.8900146484375,265.6700134277344,269.0400085449219,247.3488464355469,2367600,2023-09-26,Amgen,Amgen,United States,AMGN
2023-09-27 04:00:00,271.7300109863281,273.6099853515625,266.760009765625,268.9800109863281,247.293701171875,2331900,2023-09-27,Amgen,Amgen,United States,AMGN
2023-09-28 04:00:00,267.7900085449219,271.3800048828125,266.5400085449219,270.8200073242188,248.9853057861328,2430700,2023-09-28,Amgen,Amgen,United States,AMGN
2023-09-29 04:00:00,271.0,271.0,267.2200012207031,268.760009765625,247.0914154052734,2118100,2023-09-29,Amgen,Amgen,United States,AMGN
2023-10-02 04:00:00,267.7099914550781,268.489990234375,264.3800048828125,266.3099975585938,244.8389587402344,1912300,2023-10-02,Amgen,Amgen,United States,AMGN
2023-10-03 04:00:00,264.0400085449219,266.0199890136719,259.6700134277344,261.010009765625,239.9662628173828,2797900,2023-10-03,Amgen,Amgen,United States,AMGN
2023-10-04 04:00:00,262.1000061035156,266.1400146484375,260.9100036621094,265.4400024414062,244.0390930175781,2526400,2023-10-04,Amgen,Amgen,United States,AMGN
2023-10-05 04:00:00,266.1900024414062,267.9200134277344,262.5400085449219,265.0799865722656,243.7080993652344,2883700,2023-10-05,Amgen,Amgen,United States,AMGN
2023-10-06 04:00:00,263.1499938964844,268.5899963378906,262.2300109863281,267.4700012207031,245.9054412841797,2838000,2023-10-06,Amgen,Amgen,United States,AMGN
2023-10-09 04:00:00,271.0400085449219,272.6000061035156,268.5799865722656,271.5400085449219,249.6472778320312,2284300,2023-10-09,Amgen,Amgen,United States,AMGN
2023-10-10 04:00:00,270.8900146484375,272.0899963378906,268.1199951171875,271.25,249.3806762695312,1808700,2023-10-10,Amgen,Amgen,United States,AMGN
2023-10-11 04:00:00,274.8599853515625,284.3299865722656,274.1499938964844,283.6000061035156,260.7348937988281,4523100,2023-10-11,Amgen,Amgen,United States,AMGN
2023-10-12 04:00:00,283.9800109863281,287.8500061035156,283.6000061035156,285.0400085449219,262.0588989257812,3052600,2023-10-12,Amgen,Amgen,United States,AMGN
2023-10-13 04:00:00,287.7000122070312,288.4599914550781,280.0,284.1000061035156,261.1946411132812,3473200,2023-10-13,Amgen,Amgen,United States,AMGN
2023-10-16 04:00:00,284.5,287.8099975585938,283.8099975585938,286.8800048828125,263.7505493164062,2459400,2023-10-16,Amgen,Amgen,United States,AMGN
2023-10-17 04:00:00,285.1900024414062,287.3399963378906,282.5,284.4200134277344,261.4888305664062,2863200,2023-10-17,Amgen,Amgen,United States,AMGN
2023-10-18 04:00:00,283.2999877929688,285.25,280.989990234375,283.5799865722656,260.716552734375,2789100,2023-10-18,Amgen,Amgen,United States,AMGN
2023-10-19 04:00:00,282.0899963378906,283.2099914550781,278.1000061035156,280.6000061035156,257.9767761230469,2536400,2023-10-19,Amgen,Amgen,United States,AMGN
2023-10-20 04:00:00,280.6000061035156,281.0599975585938,275.75,278.8099975585938,256.3311462402344,2455000,2023-10-20,Amgen,Amgen,United States,AMGN
2023-10-23 04:00:00,280.1199951171875,280.1199951171875,272.7000122070312,273.0599975585938,251.0447235107422,2433500,2023-10-23,Amgen,Amgen,United States,AMGN
2023-10-24 04:00:00,272.0899963378906,277.0599975585938,271.1300048828125,276.1199951171875,253.8579864501953,2253000,2023-10-24,Amgen,Amgen,United States,AMGN
2023-10-25 04:00:00,275.0899963378906,276.6900024414062,272.0899963378906,272.1600036621094,250.2173614501953,2302300,2023-10-25,Amgen,Amgen,United States,AMGN
2023-10-26 04:00:00,271.5,273.4400024414062,269.1400146484375,269.7099914550781,247.9648132324219,2269900,2023-10-26,Amgen,Amgen,United States,AMGN
2023-10-27 04:00:00,268.9500122070312,269.3599853515625,260.1600036621094,261.5700073242188,240.4811248779297,2874900,2023-10-27,Amgen,Amgen,United States,AMGN
2023-10-30 04:00:00,265.0,266.3500061035156,262.5,263.1900024414062,241.9704742431641,2974600,2023-10-30,Amgen,Amgen,United States,AMGN
2023-10-31 04:00:00,255.8899993896484,257.4200134277344,249.6999969482422,255.6999969482422,235.0843505859375,4885100,2023-10-31,Amgen,Amgen,United States,AMGN
2023-11-01 04:00:00,256.2699890136719,261.1900024414062,255.0899963378906,260.8399963378906,239.8099365234375,2509600,2023-11-01,Amgen,Amgen,United States,AMGN
2023-11-02 04:00:00,263.2999877929688,268.1000061035156,262.4599914550781,266.5899963378906,245.0963592529297,2470400,2023-11-02,Amgen,Amgen,United States,AMGN
2023-11-03 04:00:00,268.5199890136719,270.5499877929688,265.5,269.8599853515625,248.1027069091797,2509800,2023-11-03,Amgen,Amgen,United States,AMGN
2023-11-06 05:00:00,270.7699890136719,274.9500122070312,270.75,272.8299865722656,250.8332366943359,2768100,2023-11-06,Amgen,Amgen,United States,AMGN
2023-11-07 05:00:00,272.9700012207031,274.0,269.3800048828125,271.1099853515625,249.2519683837891,2526500,2023-11-07,Amgen,Amgen,United States,AMGN
2023-11-08 05:00:00,272.4200134277344,274.7699890136719,270.75,273.260009765625,251.2286224365234,1916800,2023-11-08,Amgen,Amgen,United States,AMGN
2023-11-09 05:00:00,272.1300048828125,273.2300109863281,263.7000122070312,264.0599975585938,242.7703552246094,2266000,2023-11-09,Amgen,Amgen,United States,AMGN
2023-11-10 05:00:00,266.6400146484375,267.9400024414062,262.510009765625,267.3099975585938,245.7583465576172,2070600,2023-11-10,Amgen,Amgen,United States,AMGN
2023-11-13 05:00:00,265.6799926757812,267.2200012207031,263.5199890136719,266.6900024414062,245.1883392333984,1579800,2023-11-13,Amgen,Amgen,United States,AMGN
2023-11-14 05:00:00,269.2200012207031,272.9500122070312,268.3599853515625,270.0199890136719,248.2498168945312,2060000,2023-11-14,Amgen,Amgen,United States,AMGN
2023-11-15 05:00:00,270.2799987792969,274.6099853515625,270.0199890136719,273.0299987792969,251.0171508789062,2795100,2023-11-15,Amgen,Amgen,United States,AMGN
2023-11-16 05:00:00,272.6099853515625,274.4400024414062,267.8699951171875,269.0,249.2566070556641,2366200,2023-11-16,Amgen,Amgen,United States,AMGN
2023-11-17 05:00:00,269.4100036621094,269.4100036621094,264.6000061035156,265.3900146484375,245.9115753173828,2642900,2023-11-17,Amgen,Amgen,United States,AMGN
2023-11-20 05:00:00,262.5899963378906,266.7000122070312,261.4500122070312,265.3500061035156,245.8744964599609,2213900,2023-11-20,Amgen,Amgen,United States,AMGN
2023-11-21 05:00:00,265.3399963378906,266.0400085449219,260.5199890136719,262.8200073242188,243.5302124023438,2636600,2023-11-21,Amgen,Amgen,United States,AMGN
2023-11-22 05:00:00,264.7900085449219,266.4700012207031,262.260009765625,264.5899963378906,245.1703033447266,1649100,2023-11-22,Amgen,Amgen,United States,AMGN
2023-11-24 05:00:00,265.1199951171875,266.1000061035156,264.8900146484375,265.4599914550781,245.9764099121094,930800,2023-11-24,Amgen,Amgen,United States,AMGN
2023-11-27 05:00:00,265.4299926757812,265.5700073242188,261.6600036621094,264.2699890136719,244.873779296875,1846400,2023-11-27,Amgen,Amgen,United States,AMGN
2023-11-28 05:00:00,264.3599853515625,266.6000061035156,263.6499938964844,265.5199890136719,246.0320129394531,1753400,2023-11-28,Amgen,Amgen,United States,AMGN
2023-11-29 05:00:00,264.739990234375,268.1099853515625,263.5,266.6000061035156,247.0327758789062,2005200,2023-11-29,Amgen,Amgen,United States,AMGN
2023-11-30 05:00:00,267.7099914550781,270.5599975585938,267.3399963378906,269.6400146484375,249.8497009277344,2686400,2023-11-30,Amgen,Amgen,United States,AMGN
2023-12-01 05:00:00,269.9599914550781,272.5899963378906,267.6199951171875,272.4500122070312,252.4534454345703,2303900,2023-12-01,Amgen,Amgen,United States,AMGN
2023-12-04 05:00:00,270.8800048828125,273.4299926757812,270.1000061035156,272.5400085449219,252.5367584228516,2357400,2023-12-04,Amgen,Amgen,United States,AMGN
2023-12-05 05:00:00,271.8699951171875,272.0,268.4700012207031,270.8699951171875,250.9893951416016,1853600,2023-12-05,Amgen,Amgen,United States,AMGN
2023-12-06 05:00:00,271.4100036621094,271.9599914550781,269.1300048828125,269.3500061035156,249.5809326171875,1765900,2023-12-06,Amgen,Amgen,United States,AMGN
2023-12-07 05:00:00,270.5,273.4100036621094,266.6300048828125,271.3099975585938,251.3970489501953,2081300,2023-12-07,Amgen,Amgen,United States,AMGN
2023-12-08 05:00:00,271.1700134277344,271.9700012207031,268.8200073242188,269.1199951171875,249.3677978515625,2608200,2023-12-08,Amgen,Amgen,United States,AMGN
2023-12-11 05:00:00,271.9599914550781,275.8999938964844,270.4200134277344,272.1400146484375,252.1661529541016,2838600,2023-12-11,Amgen,Amgen,United States,AMGN
2023-12-12 05:00:00,277.1300048828125,277.25,273.260009765625,273.989990234375,253.88037109375,2556900,2023-12-12,Amgen,Amgen,United States,AMGN
2023-12-13 05:00:00,274.1600036621094,281.8500061035156,273.3099975585938,281.6199951171875,260.9503784179688,2380000,2023-12-13,Amgen,Amgen,United States,AMGN
2023-12-14 05:00:00,281.3200073242188,282.7300109863281,274.0799865722656,276.3200073242188,256.0393676757812,2935200,2023-12-14,Amgen,Amgen,United States,AMGN
2023-12-15 05:00:00,276.2699890136719,279.2699890136719,273.3299865722656,275.4500122070312,255.2332305908203,8731000,2023-12-15,Amgen,Amgen,United States,AMGN
2023-12-18 05:00:00,277.0,277.1000061035156,274.3500061035156,275.4800109863281,255.260986328125,2227600,2023-12-18,Amgen,Amgen,United States,AMGN
2023-12-19 05:00:00,278.6900024414062,280.5700073242188,276.5899963378906,278.4400024414062,258.0037841796875,2484100,2023-12-19,Amgen,Amgen,United States,AMGN
2023-12-20 05:00:00,277.8299865722656,278.7999877929688,275.010009765625,275.1799926757812,254.9830169677734,2561200,2023-12-20,Amgen,Amgen,United States,AMGN
2023-12-21 05:00:00,276.5499877929688,279.8200073242188,276.3999938964844,279.3299865722656,258.8283996582031,1850000,2023-12-21,Amgen,Amgen,United States,AMGN
2023-12-22 05:00:00,280.0,285.6799926757812,280.0,284.1600036621094,263.303955078125,1814200,2023-12-22,Amgen,Amgen,United States,AMGN
2023-12-26 05:00:00,284.1199951171875,284.7200012207031,281.6700134277344,283.8999938964844,263.0630187988281,1330400,2023-12-26,Amgen,Amgen,United States,AMGN
2023-12-27 05:00:00,284.5,287.2900085449219,283.3500061035156,286.5299987792969,265.5000305175781,1866800,2023-12-27,Amgen,Amgen,United States,AMGN
2023-12-28 05:00:00,287.8800048828125,289.0400085449219,287.6300048828125,288.4599914550781,267.288330078125,1228400,2023-12-28,Amgen,Amgen,United States,AMGN
2023-12-29 05:00:00,287.8599853515625,288.489990234375,286.3900146484375,288.0199890136719,266.8806457519531,1766600,2023-12-29,Amgen,Amgen,United States,AMGN
2024-01-02 05:00:00,287.2799987792969,300.6499938964844,287.2799987792969,297.3900146484375,275.5629272460938,3374900,2024-01-02,Amgen,Amgen,United States,AMGN
2024-01-03 05:00:00,300.0499877929688,303.25,297.0499877929688,300.6900024414062,278.6206970214844,2771500,2024-01-03,Amgen,Amgen,United States,AMGN
2024-01-04 05:00:00,301.5,305.0899963378906,298.5899963378906,303.1700134277344,280.918701171875,3357900,2024-01-04,Amgen,Amgen,United States,AMGN
2024-01-05 05:00:00,302.2000122070312,303.5299987792969,299.760009765625,303.0,280.7611694335938,1874400,2024-01-05,Amgen,Amgen,United States,AMGN
2024-01-08 05:00:00,301.4700012207031,311.0499877929688,300.3500061035156,310.8800048828125,288.0628051757812,3467700,2024-01-08,Amgen,Amgen,United States,AMGN
2024-01-09 05:00:00,308.0199890136719,309.9700012207031,305.9400024414062,307.260009765625,284.7085266113281,2603700,2024-01-09,Amgen,Amgen,United States,AMGN
2024-01-10 05:00:00,307.1600036621094,307.6400146484375,304.2699890136719,304.5700073242188,282.2159118652344,2210900,2024-01-10,Amgen,Amgen,United States,AMGN
2024-01-11 05:00:00,303.4299926757812,304.6099853515625,300.0,303.1000061035156,280.8538208007812,2137100,2024-01-11,Amgen,Amgen,United States,AMGN
2024-01-12 05:00:00,305.239990234375,306.9500122070312,303.3999938964844,306.510009765625,284.0135498046875,1567900,2024-01-12,Amgen,Amgen,United States,AMGN
2024-01-16 05:00:00,306.510009765625,308.0,301.1799926757812,303.4800109863281,281.2059631347656,1996300,2024-01-16,Amgen,Amgen,United States,AMGN
2024-01-17 05:00:00,302.4599914550781,304.6300048828125,301.1000061035156,304.0799865722656,281.7618713378906,2210400,2024-01-17,Amgen,Amgen,United States,AMGN
2024-01-18 05:00:00,302.25,305.6499938964844,299.5499877929688,304.489990234375,282.1418151855469,2357000,2024-01-18,Amgen,Amgen,United States,AMGN
2024-01-19 05:00:00,304.7300109863281,309.0899963378906,301.1099853515625,307.8099975585938,285.2181091308594,2566500,2024-01-19,Amgen,Amgen,United States,AMGN
2024-01-22 05:00:00,308.7000122070312,312.1600036621094,306.6000061035156,310.1600036621094,287.3956298828125,2599900,2024-01-22,Amgen,Amgen,United States,AMGN
2024-01-23 05:00:00,309.5299987792969,311.2999877929688,309.1000061035156,309.9100036621094,287.1640625,1775400,2024-01-23,Amgen,Amgen,United States,AMGN
2024-01-24 05:00:00,309.9200134277344,312.4500122070312,305.239990234375,305.5,283.0776977539062,1954200,2024-01-24,Amgen,Amgen,United States,AMGN
2024-01-25 05:00:00,308.7200012207031,310.3200073242188,305.7000122070312,310.260009765625,287.4883422851562,2005400,2024-01-25,Amgen,Amgen,United States,AMGN
2024-01-26 05:00:00,310.5700073242188,312.0199890136719,309.8599853515625,311.7699890136719,288.887451171875,2035800,2024-01-26,Amgen,Amgen,United States,AMGN
2024-01-29 05:00:00,311.4400024414062,313.6199951171875,309.8900146484375,313.4500122070312,290.4441833496094,2447600,2024-01-29,Amgen,Amgen,United States,AMGN
2024-01-30 05:00:00,312.5299987792969,314.9200134277344,310.5199890136719,314.6199951171875,291.5282897949219,2637000,2024-01-30,Amgen,Amgen,United States,AMGN
2024-01-31 05:00:00,316.0,316.6400146484375,312.6199951171875,314.260009765625,291.1947631835938,3456700,2024-01-31,Amgen,Amgen,United States,AMGN
2024-02-01 05:00:00,314.5,324.8200073242188,313.7000122070312,324.5599975585938,300.7387390136719,3883200,2024-02-01,Amgen,Amgen,United States,AMGN
2024-02-02 05:00:00,323.6400146484375,325.7699890136719,320.75,323.1900024414062,299.4693603515625,2585900,2024-02-02,Amgen,Amgen,United States,AMGN
2024-02-05 05:00:00,323.5299987792969,329.7200012207031,317.7099914550781,321.9700012207031,298.3388061523438,3563300,2024-02-05,Amgen,Amgen,United States,AMGN
2024-02-06 05:00:00,325.3999938964844,326.9599914550781,314.75,316.0700073242188,292.8719482421875,5767400,2024-02-06,Amgen,Amgen,United States,AMGN
2024-02-07 05:00:00,315.510009765625,315.510009765625,295.2699890136719,295.8699951171875,274.1545104980469,8411300,2024-02-07,Amgen,Amgen,United States,AMGN
2024-02-08 05:00:00,297.0,298.0,288.7799987792969,294.8500061035156,273.2093505859375,5946100,2024-02-08,Amgen,Amgen,United States,AMGN
2024-02-09 05:00:00,294.8500061035156,295.0,289.7099914550781,291.1199951171875,269.7530822753906,3341100,2024-02-09,Amgen,Amgen,United States,AMGN
2024-02-12 05:00:00,289.9700012207031,294.6000061035156,288.8599853515625,294.4299926757812,272.8201293945312,3298500,2024-02-12,Amgen,Amgen,United States,AMGN
2024-02-13 05:00:00,294.6099853515625,295.5199890136719,286.8900146484375,290.4800109863281,269.1600646972656,3610100,2024-02-13,Amgen,Amgen,United States,AMGN
2024-02-14 05:00:00,289.8800048828125,290.8699951171875,287.5499877929688,290.0700073242188,268.7801818847656,2617300,2024-02-14,Amgen,Amgen,United States,AMGN
2024-02-15 05:00:00,287.8800048828125,290.3500061035156,285.6000061035156,289.0700073242188,269.9474792480469,2902000,2024-02-15,Amgen,Amgen,United States,AMGN
2024-02-16 05:00:00,287.7099914550781,287.7099914550781,283.2699890136719,283.7000122070312,264.9327697753906,3596800,2024-02-16,Amgen,Amgen,United States,AMGN
2024-02-20 05:00:00,283.8500061035156,285.2999877929688,280.5499877929688,283.510009765625,264.7553405761719,3402000,2024-02-20,Amgen,Amgen,United States,AMGN
2024-02-21 05:00:00,284.8399963378906,285.7799987792969,280.7999877929688,283.4599914550781,264.7086181640625,1934300,2024-02-21,Amgen,Amgen,United States,AMGN
2024-02-22 05:00:00,282.4800109863281,285.7200012207031,281.2999877929688,285.1799926757812,266.3148193359375,2992700,2024-02-22,Amgen,Amgen,United States,AMGN
2024-02-23 05:00:00,286.5199890136719,292.239990234375,286.010009765625,289.1799926757812,270.0502014160156,2462400,2024-02-23,Amgen,Amgen,United States,AMGN
2024-02-26 05:00:00,288.2799987792969,289.8699951171875,285.4299926757812,286.3699951171875,267.4261169433594,2448900,2024-02-26,Amgen,Amgen,United States,AMGN
2024-02-27 05:00:00,279.1000061035156,281.2200012207031,277.0899963378906,278.489990234375,260.0673828125,3353700,2024-02-27,Amgen,Amgen,United States,AMGN
2024-02-28 05:00:00,278.989990234375,280.4299926757812,277.0899963378906,277.4599914550781,259.10546875,3027000,2024-02-28,Amgen,Amgen,United States,AMGN
2024-02-29 05:00:00,278.5199890136719,279.8299865722656,273.4299926757812,273.8299865722656,255.7156219482422,5863400,2024-02-29,Amgen,Amgen,United States,AMGN
2024-03-01 05:00:00,276.5,281.9299926757812,274.8800048828125,280.3299865722656,261.78564453125,3772700,2024-03-01,Amgen,Amgen,United States,AMGN
2024-03-04 05:00:00,283.260009765625,285.8900146484375,277.6499938964844,279.3900146484375,260.9078369140625,2470300,2024-03-04,Amgen,Amgen,United States,AMGN
2024-03-05 05:00:00,279.6199951171875,279.75,275.0199890136719,276.6499938964844,258.3490905761719,3064000,2024-03-05,Amgen,Amgen,United States,AMGN
2024-03-06 05:00:00,275.3800048828125,278.9700012207031,274.5499877929688,276.5899963378906,258.2930603027344,2240200,2024-03-06,Amgen,Amgen,United States,AMGN
2024-03-07 05:00:00,276.2999877929688,276.8099975585938,269.5799865722656,272.8599853515625,254.8097991943359,4066300,2024-03-07,Amgen,Amgen,United States,AMGN
2024-03-08 05:00:00,272.8099975585938,276.5599975585938,272.010009765625,273.75,255.6409149169922,2251100,2024-03-08,Amgen,Amgen,United States,AMGN
2024-03-11 04:00:00,274.510009765625,278.1900024414062,272.989990234375,275.3599853515625,257.1443786621094,1851000,2024-03-11,Amgen,Amgen,United States,AMGN
2024-03-12 04:00:00,276.8500061035156,278.1499938964844,274.1400146484375,276.5400085449219,258.2463989257812,1738700,2024-03-12,Amgen,Amgen,United States,AMGN
2024-03-13 04:00:00,278.1799926757812,278.5599975585938,275.2099914550781,275.989990234375,257.7327270507812,1641000,2024-03-13,Amgen,Amgen,United States,AMGN
2024-03-14 04:00:00,276.8399963378906,277.2300109863281,270.4500122070312,271.5400085449219,253.5771331787109,2370500,2024-03-14,Amgen,Amgen,United States,AMGN
2024-03-15 04:00:00,272.0899963378906,275.1799926757812,268.1700134277344,268.8699951171875,251.0837707519531,8795800,2024-03-15,Amgen,Amgen,United States,AMGN
2024-03-18 04:00:00,270.0,273.5799865722656,269.2099914550781,270.8999938964844,252.9794616699219,3608300,2024-03-18,Amgen,Amgen,United States,AMGN
2024-03-19 04:00:00,270.1799926757812,273.1600036621094,269.510009765625,271.7300109863281,253.7545623779297,3037500,2024-03-19,Amgen,Amgen,United States,AMGN
2024-03-20 04:00:00,271.2099914550781,273.0799865722656,269.239990234375,273.0499877929688,254.9872283935547,2564500,2024-03-20,Amgen,Amgen,United States,AMGN
2024-03-21 04:00:00,274.6300048828125,277.9200134277344,274.3900146484375,276.9500122070312,258.6292419433594,2489400,2024-03-21,Amgen,Amgen,United States,AMGN
2024-03-22 04:00:00,277.3900146484375,278.2900085449219,275.1000061035156,276.1700134277344,257.9008178710938,2303100,2024-03-22,Amgen,Amgen,United States,AMGN
2024-03-25 04:00:00,276.4299926757812,281.3299865722656,275.4100036621094,280.8200073242188,262.2432250976562,2954400,2024-03-25,Amgen,Amgen,United States,AMGN
2024-03-26 04:00:00,282.1499938964844,284.5,280.7000122070312,281.7699890136719,263.1304321289062,3343000,2024-03-26,Amgen,Amgen,United States,AMGN
2024-03-27 04:00:00,284.2200012207031,286.8200073242188,282.5499877929688,286.2999877929688,267.3607177734375,2256300,2024-03-27,Amgen,Amgen,United States,AMGN
2024-03-28 04:00:00,287.8599853515625,288.5700073242188,284.2099914550781,284.3200073242188,265.5116882324219,2289900,2024-03-28,Amgen,Amgen,United States,AMGN
2024-04-01 04:00:00,282.1099853515625,283.8299865722656,279.0,283.0400085449219,264.3163757324219,1868600,2024-04-01,Amgen,Amgen,United States,AMGN
2024-04-02 04:00:00,283.3399963378906,283.9100036621094,276.0400085449219,276.2099914550781,257.9381713867188,2220500,2024-04-02,Amgen,Amgen,United States,AMGN
2024-04-03 04:00:00,275.6900024414062,276.4700012207031,273.6799926757812,274.4200134277344,256.2666320800781,1669200,2024-04-03,Amgen,Amgen,United States,AMGN
2024-04-04 04:00:00,276.0499877929688,276.7300109863281,267.75,268.0899963378906,250.3553161621094,2451200,2024-04-04,Amgen,Amgen,United States,AMGN
2024-04-05 04:00:00,265.8999938964844,273.0700073242188,265.0799865722656,269.9500122070312,252.0923004150391,2293800,2024-04-05,Amgen,Amgen,United States,AMGN
2024-04-08 04:00:00,269.4800109863281,270.2099914550781,267.5599975585938,269.2000122070312,251.3919677734375,1830800,2024-04-08,Amgen,Amgen,United States,AMGN
2024-04-09 04:00:00,270.1900024414062,271.2900085449219,268.5799865722656,270.3599853515625,252.4751892089844,1792600,2024-04-09,Amgen,Amgen,United States,AMGN
2024-04-10 04:00:00,267.9599914550781,268.3800048828125,264.6300048828125,266.4500122070312,248.8238677978516,1949500,2024-04-10,Amgen,Amgen,United States,AMGN
2024-04-11 04:00:00,270.2200012207031,273.0,268.4500122070312,270.0,252.1390075683594,2169600,2024-04-11,Amgen,Amgen,United States,AMGN
2024-04-12 04:00:00,268.7699890136719,269.2999877929688,266.1700134277344,267.2799987792969,249.5989074707031,2140100,2024-04-12,Amgen,Amgen,United States,AMGN
2024-04-15 04:00:00,269.9299926757812,270.9299926757812,264.3500061035156,265.510009765625,247.9460296630859,1740000,2024-04-15,Amgen,Amgen,United States,AMGN
2024-04-16 04:00:00,266.8299865722656,267.510009765625,263.8099975585938,265.6400146484375,248.0674438476562,2017600,2024-04-16,Amgen,Amgen,United States,AMGN
2024-04-17 04:00:00,267.5400085449219,268.7699890136719,263.3900146484375,264.0700073242188,246.6012878417969,2175100,2024-04-17,Amgen,Amgen,United States,AMGN
2024-04-18 04:00:00,265.6400146484375,265.9200134277344,262.5799865722656,262.75,245.3686218261719,2082700,2024-04-18,Amgen,Amgen,United States,AMGN
2024-04-19 04:00:00,264.6300048828125,269.3800048828125,260.6799926757812,268.9299926757812,251.1397705078125,3380100,2024-04-19,Amgen,Amgen,United States,AMGN
2024-04-22 04:00:00,269.8399963378906,273.1400146484375,269.8399963378906,271.9100036621094,253.9226226806641,2165800,2024-04-22,Amgen,Amgen,United States,AMGN
2024-04-23 04:00:00,272.1400146484375,274.4800109863281,271.0499877929688,273.5400085449219,255.4448089599609,2493300,2024-04-23,Amgen,Amgen,United States,AMGN
2024-04-24 04:00:00,270.6300048828125,274.8599853515625,269.6499938964844,273.010009765625,254.9499053955078,2467100,2024-04-24,Amgen,Amgen,United States,AMGN
2024-04-25 04:00:00,273.4500122070312,274.3500061035156,267.239990234375,269.3800048828125,251.5600280761719,1794000,2024-04-25,Amgen,Amgen,United States,AMGN
2024-04-26 04:00:00,265.7200012207031,271.6799926757812,265.7200012207031,269.9800109863281,252.1203460693359,2436900,2024-04-26,Amgen,Amgen,United States,AMGN
2024-04-29 04:00:00,269.1799926757812,276.8599853515625,268.989990234375,276.3800048828125,258.096923828125,2678900,2024-04-29,Amgen,Amgen,United States,AMGN
2024-04-30 04:00:00,276.1099853515625,276.1199951171875,272.3500061035156,273.9400024414062,255.8184051513672,2477300,2024-04-30,Amgen,Amgen,United States,AMGN
2024-05-01 04:00:00,274.1799926757812,279.8399963378906,273.3800048828125,277.3699951171875,259.021484375,2323700,2024-05-01,Amgen,Amgen,United States,AMGN
2024-05-02 04:00:00,277.6900024414062,278.6300048828125,274.8999938964844,278.3900146484375,259.9739990234375,3177500,2024-05-02,Amgen,Amgen,United States,AMGN
2024-05-03 04:00:00,313.3900146484375,322.6000061035156,308.6799926757812,311.2900085449219,290.6976013183594,9644700,2024-05-03,Amgen,Amgen,United States,AMGN
2024-05-06 04:00:00,310.8800048828125,312.7300109863281,297.5199890136719,299.4800109863281,279.6688232421875,4717600,2024-05-06,Amgen,Amgen,United States,AMGN
2024-05-07 04:00:00,301.75,302.9100036621094,298.510009765625,300.2999877929688,280.4345703125,2452100,2024-05-07,Amgen,Amgen,United States,AMGN
2024-05-08 04:00:00,300.1199951171875,307.5700073242188,298.8900146484375,307.3099975585938,286.9808654785156,2859600,2024-05-08,Amgen,Amgen,United States,AMGN
2024-05-09 04:00:00,309.5299987792969,314.6000061035156,306.3200073242188,312.8599853515625,292.1636962890625,2921300,2024-05-09,Amgen,Amgen,United States,AMGN
2024-05-10 04:00:00,312.8900146484375,314.8900146484375,309.8200073242188,310.1499938964844,289.6330261230469,2611800,2024-05-10,Amgen,Amgen,United States,AMGN
2024-05-13 04:00:00,312.1499938964844,312.1499938964844,307.0599975585938,308.4500122070312,288.0454406738281,1558500,2024-05-13,Amgen,Amgen,United States,AMGN
2024-05-14 04:00:00,308.7300109863281,312.3999938964844,307.4700012207031,311.4100036621094,290.8096618652344,1631100,2024-05-14,Amgen,Amgen,United States,AMGN
2024-05-15 04:00:00,314.8200073242188,321.4400024414062,312.8699951171875,319.0400085449219,297.9349365234375,3466000,2024-05-15,Amgen,Amgen,United States,AMGN
2024-05-16 04:00:00,314.6300048828125,316.1400146484375,310.760009765625,314.7200012207031,295.9881286621094,2367800,2024-05-16,Amgen,Amgen,United States,AMGN
2024-05-17 04:00:00,315.2799987792969,315.2799987792969,310.3699951171875,312.4700012207031,293.8720703125,1974200,2024-05-17,Amgen,Amgen,United States,AMGN
2024-05-20 04:00:00,314.4100036621094,315.8099975585938,312.6199951171875,314.5400085449219,295.8188781738281,1394600,2024-05-20,Amgen,Amgen,United States,AMGN
2024-05-21 04:00:00,314.1099853515625,316.6700134277344,311.8999938964844,314.8500061035156,296.1104125976562,1705900,2024-05-21,Amgen,Amgen,United States,AMGN
2024-05-22 04:00:00,314.7000122070312,315.0,308.5199890136719,309.4100036621094,290.9941101074219,2849100,2024-05-22,Amgen,Amgen,United States,AMGN
2024-05-23 04:00:00,308.4700012207031,311.989990234375,304.3800048828125,306.5,288.2573852539062,2139700,2024-05-23,Amgen,Amgen,United States,AMGN
2024-05-24 04:00:00,306.4200134277344,307.5,303.8999938964844,305.8399963378906,287.6366577148438,2425800,2024-05-24,Amgen,Amgen,United States,AMGN
2024-05-28 04:00:00,303.1099853515625,303.510009765625,298.3099975585938,300.1900024414062,282.3229675292969,2636700,2024-05-28,Amgen,Amgen,United States,AMGN
2024-05-29 04:00:00,299.0400085449219,299.0599975585938,295.8099975585938,296.3699951171875,278.7303161621094,2475900,2024-05-29,Amgen,Amgen,United States,AMGN
2024-05-30 04:00:00,297.1799926757812,303.5700073242188,295.489990234375,301.0,283.0847473144531,2727100,2024-05-30,Amgen,Amgen,United States,AMGN
2024-05-31 04:00:00,302.010009765625,305.8999938964844,299.5,305.8500061035156,287.6460876464844,4488900,2024-05-31,Amgen,Amgen,United States,AMGN
2024-06-03 04:00:00,306.7900085449219,311.4800109863281,303.8500061035156,307.4200134277344,289.1226196289062,2447400,2024-06-03,Amgen,Amgen,United States,AMGN
2024-06-04 04:00:00,308.0,310.9200134277344,307.0499877929688,307.3699951171875,289.0755920410156,1830200,2024-06-04,Amgen,Amgen,United States,AMGN
2024-06-05 04:00:00,307.7999877929688,310.3099975585938,306.3999938964844,307.3800048828125,289.0850219726562,1748600,2024-06-05,Amgen,Amgen,United States,AMGN
2024-06-06 04:00:00,306.9200134277344,310.010009765625,304.3099975585938,305.6900024414062,287.4955444335938,1927900,2024-06-06,Amgen,Amgen,United States,AMGN
2024-06-07 04:00:00,306.7200012207031,307.9599914550781,304.4800109863281,305.0199890136719,286.8654479980469,1925000,2024-06-07,Amgen,Amgen,United States,AMGN
2024-06-10 04:00:00,304.5499877929688,305.5299987792969,300.8900146484375,304.7200012207031,286.5833129882812,1992800,2024-06-10,Amgen,Amgen,United States,AMGN
2024-06-11 04:00:00,302.2900085449219,302.5799865722656,299.7999877929688,300.7000122070312,282.8026123046875,1740200,2024-06-11,Amgen,Amgen,United States,AMGN
2024-06-12 04:00:00,301.2900085449219,303.5400085449219,299.4299926757812,301.0799865722656,283.1599426269531,1640100,2024-06-12,Amgen,Amgen,United States,AMGN
2024-06-13 04:00:00,296.9599914550781,299.3399963378906,295.2999877929688,298.5,280.7335510253906,1732700,2024-06-13,Amgen,Amgen,United States,AMGN
2024-06-14 04:00:00,297.6099853515625,299.739990234375,295.8999938964844,298.6199951171875,280.8463745117188,1713600,2024-06-14,Amgen,Amgen,United States,AMGN
2024-06-17 04:00:00,298.489990234375,303.9700012207031,296.5599975585938,303.2799987792969,285.22900390625,1875900,2024-06-17,Amgen,Amgen,United States,AMGN
2024-06-18 04:00:00,302.75,306.5499877929688,302.0199890136719,305.989990234375,287.7777099609375,2166200,2024-06-18,Amgen,Amgen,United States,AMGN
2024-06-20 04:00:00,304.8299865722656,310.2999877929688,303.5499877929688,309.8900146484375,291.4456787109375,2890200,2024-06-20,Amgen,Amgen,United States,AMGN
2024-06-21 04:00:00,313.1300048828125,313.4400024414062,307.2900085449219,308.1600036621094,289.8185729980469,6596800,2024-06-21,Amgen,Amgen,United States,AMGN
2024-06-24 04:00:00,310.0,318.3399963378906,307.9200134277344,318.1499938964844,299.2139892578125,3389300,2024-06-24,Amgen,Amgen,United States,AMGN
2024-06-25 04:00:00,319.2300109863281,326.1199951171875,318.3999938964844,319.3099975585938,300.304931640625,3150600,2024-06-25,Amgen,Amgen,United States,AMGN
2024-06-26 04:00:00,317.1799926757812,317.489990234375,311.7200012207031,312.8200073242188,294.2012023925781,2800200,2024-06-26,Amgen,Amgen,United States,AMGN
2024-06-27 04:00:00,311.7300109863281,316.7900085449219,310.7200012207031,313.6900024414062,295.0194396972656,2082200,2024-06-27,Amgen,Amgen,United States,AMGN
2024-06-28 04:00:00,313.7000122070312,316.6799926757812,310.5899963378906,312.4500122070312,293.8532104492188,3518100,2024-06-28,Amgen,Amgen,United States,AMGN
2024-07-01 04:00:00,313.3399963378906,319.0,310.2300109863281,311.010009765625,292.4989624023438,1769400,2024-07-01,Amgen,Amgen,United States,AMGN
2024-07-02 04:00:00,310.25,312.4299926757812,307.6400146484375,310.7699890136719,292.2732238769531,1542700,2024-07-02,Amgen,Amgen,United States,AMGN
2024-07-03 04:00:00,311.489990234375,312.5400085449219,306.1099853515625,309.3800048828125,290.9659729003906,1000700,2024-07-03,Amgen,Amgen,United States,AMGN
2024-07-05 04:00:00,311.0299987792969,313.4100036621094,308.5700073242188,310.8800048828125,292.3766784667969,1274400,2024-07-05,Amgen,Amgen,United States,AMGN
2024-07-08 04:00:00,311.3599853515625,315.4800109863281,310.6099853515625,311.4599914550781,292.922119140625,1167200,2024-07-08,Amgen,Amgen,United States,AMGN
2024-07-09 04:00:00,311.6199951171875,316.0799865722656,307.6300048828125,315.9100036621094,297.1072998046875,1852500,2024-07-09,Amgen,Amgen,United States,AMGN
2024-07-10 04:00:00,317.0599975585938,322.8800048828125,314.6400146484375,321.6700134277344,302.5244445800781,2192100,2024-07-10,Amgen,Amgen,United States,AMGN
2024-07-11 04:00:00,322.0,327.989990234375,320.1799926757812,325.0899963378906,305.7409057617188,2254000,2024-07-11,Amgen,Amgen,United States,AMGN
2024-07-12 04:00:00,327.8200073242188,333.8500061035156,326.010009765625,330.8299865722656,311.1392517089844,2191300,2024-07-12,Amgen,Amgen,United States,AMGN
2024-07-15 04:00:00,331.8800048828125,332.8099975585938,327.8699951171875,330.1499938964844,310.499755859375,1688800,2024-07-15,Amgen,Amgen,United States,AMGN
2024-07-16 04:00:00,330.4599914550781,335.9100036621094,328.0,333.1400146484375,313.3118286132812,1879400,2024-07-16,Amgen,Amgen,United States,AMGN
2024-07-17 04:00:00,330.0,336.6099853515625,328.6000061035156,335.6700134277344,315.6911926269531,1933200,2024-07-17,Amgen,Amgen,United States,AMGN
2024-07-18 04:00:00,334.2000122070312,338.9800109863281,330.6700134277344,330.9700012207031,311.2709045410156,2228400,2024-07-18,Amgen,Amgen,United States,AMGN
2024-07-19 04:00:00,333.6499938964844,333.9800109863281,328.4299926757812,331.2900085449219,311.5719299316406,1848700,2024-07-19,Amgen,Amgen,United States,AMGN
2024-07-22 04:00:00,333.2300109863281,337.0899963378906,332.4700012207031,335.9700012207031,315.9733276367188,1733700,2024-07-22,Amgen,Amgen,United States,AMGN
2024-07-23 04:00:00,334.3599853515625,337.0400085449219,331.3099975585938,333.239990234375,313.4058227539062,1458200,2024-07-23,Amgen,Amgen,United States,AMGN
2024-07-24 04:00:00,333.25,337.1799926757812,330.3399963378906,335.6099853515625,315.6347351074219,2459300,2024-07-24,Amgen,Amgen,United States,AMGN
2024-07-25 04:00:00,335.989990234375,346.8500061035156,333.0199890136719,334.2999877929688,314.4027404785156,2435700,2024-07-25,Amgen,Amgen,United States,AMGN
2024-07-26 04:00:00,334.5599975585938,338.9400024414062,333.2799987792969,334.8500061035156,314.9200134277344,1515500,2024-07-26,Amgen,Amgen,United States,AMGN
2024-07-29 04:00:00,334.0799865722656,334.8399963378906,331.2999877929688,332.510009765625,312.71923828125,1611200,2024-07-29,Amgen,Amgen,United States,AMGN
2024-07-30 04:00:00,333.0,338.5700073242188,331.6700134277344,333.2799987792969,313.4434509277344,1584000,2024-07-30,Amgen,Amgen,United States,AMGN
2024-07-31 04:00:00,331.5499877929688,336.4100036621094,330.5700073242188,332.4700012207031,312.6816711425781,2120500,2024-07-31,Amgen,Amgen,United States,AMGN
2024-08-01 04:00:00,336.0899963378906,340.8900146484375,333.4599914550781,335.5299987792969,315.5595397949219,2387700,2024-08-01,Amgen,Amgen,United States,AMGN
2024-08-02 04:00:00,337.4200134277344,338.3500061035156,325.7300109863281,333.989990234375,314.1111755371094,2106200,2024-08-02,Amgen,Amgen,United States,AMGN
2024-08-05 04:00:00,332.7200012207031,333.3399963378906,321.4100036621094,325.2200012207031,305.8631896972656,2974900,2024-08-05,Amgen,Amgen,United States,AMGN
2024-08-06 04:00:00,325.2300109863281,332.9800109863281,323.5199890136719,328.9500122070312,309.3711853027344,2436500,2024-08-06,Amgen,Amgen,United States,AMGN
2024-08-07 04:00:00,320.989990234375,323.0,306.5899963378906,312.5,293.9002685546875,4618400,2024-08-07,Amgen,Amgen,United States,AMGN
2024-08-08 04:00:00,314.0,325.1199951171875,312.7900085449219,324.6900024414062,305.3647155761719,2746700,2024-08-08,Amgen,Amgen,United States,AMGN
2024-08-09 04:00:00,323.75,325.0400085449219,319.3299865722656,322.489990234375,303.2956848144531,1786400,2024-08-09,Amgen,Amgen,United States,AMGN
2024-08-12 04:00:00,323.8999938964844,323.8999938964844,317.9299926757812,320.0,300.953857421875,1828700,2024-08-12,Amgen,Amgen,United States,AMGN
2024-08-13 04:00:00,321.7799987792969,324.0,319.1700134277344,323.4500122070312,304.1985473632812,1632800,2024-08-13,Amgen,Amgen,United States,AMGN
2024-08-14 04:00:00,320.4299926757812,324.3599853515625,319.5599975585938,322.7300109863281,303.5213928222656,1656100,2024-08-14,Amgen,Amgen,United States,AMGN
2024-08-15 04:00:00,323.8800048828125,327.1600036621094,321.9400024414062,325.3900146484375,306.0231018066406,1886800,2024-08-15,Amgen,Amgen,United States,AMGN
2024-08-16 04:00:00,323.6499938964844,324.8200073242188,320.5,321.4400024414062,304.4131469726562,1442500,2024-08-16,Amgen,Amgen,United States,AMGN
2024-08-19 04:00:00,321.4599914550781,328.1799926757812,321.4100036621094,327.9700012207031,310.5972290039062,1214200,2024-08-19,Amgen,Amgen,United States,AMGN
2024-08-20 04:00:00,328.1199951171875,330.5,326.6199951171875,328.5499877929688,311.1464538574219,1352600,2024-08-20,Amgen,Amgen,United States,AMGN
2024-08-21 04:00:00,329.5499877929688,330.989990234375,327.9100036621094,329.1499938964844,311.7146911621094,1138200,2024-08-21,Amgen,Amgen,United States,AMGN
2024-08-22 04:00:00,329.5,329.5,323.1199951171875,324.5299987792969,307.3394470214844,2172000,2024-08-22,Amgen,Amgen,United States,AMGN
2024-08-23 04:00:00,326.2699890136719,331.2900085449219,325.3800048828125,328.7999877929688,311.3832092285156,1771100,2024-08-23,Amgen,Amgen,United States,AMGN
2024-08-26 04:00:00,328.4100036621094,330.260009765625,325.5,326.7799987792969,309.4702758789062,1769900,2024-08-26,Amgen,Amgen,United States,AMGN
2024-08-27 04:00:00,328.4200134277344,329.8299865722656,325.5799865722656,326.9299926757812,309.6122741699219,1444300,2024-08-27,Amgen,Amgen,United States,AMGN
2024-08-28 04:00:00,325.9400024414062,330.510009765625,325.3900146484375,329.489990234375,312.0367126464844,1444200,2024-08-28,Amgen,Amgen,United States,AMGN
2024-08-29 04:00:00,331.6700134277344,334.2699890136719,329.25,331.010009765625,313.4762268066406,1294300,2024-08-29,Amgen,Amgen,United States,AMGN
2024-08-30 04:00:00,331.9500122070312,335.6600036621094,330.3099975585938,333.8299865722656,316.1467895507812,2173400,2024-08-30,Amgen,Amgen,United States,AMGN
2024-09-03 04:00:00,331.8900146484375,333.1400146484375,329.1000061035156,330.510009765625,313.0026550292969,2120500,2024-09-03,Amgen,Amgen,United States,AMGN
2024-09-04 04:00:00,329.9299926757812,331.1000061035156,327.6000061035156,330.6400146484375,313.1257934570312,1622100,2024-09-04,Amgen,Amgen,United States,AMGN
2024-09-05 04:00:00,330.8999938964844,331.8599853515625,321.9100036621094,324.3599853515625,307.1784362792969,1977400,2024-09-05,Amgen,Amgen,United States,AMGN
2024-09-06 04:00:00,324.7000122070312,326.9700012207031,319.0,320.5599975585938,303.5797119140625,2242400,2024-09-06,Amgen,Amgen,United States,AMGN
2024-09-09 04:00:00,322.5199890136719,327.8099975585938,320.1000061035156,325.9200134277344,308.6558532714844,1707800,2024-09-09,Amgen,Amgen,United States,AMGN
2024-09-10 04:00:00,327.0,329.2300109863281,322.3900146484375,328.9299926757812,311.5063171386719,1408400,2024-09-10,Amgen,Amgen,United States,AMGN
2024-09-11 04:00:00,327.8099975585938,330.6499938964844,320.2999877929688,329.9800109863281,312.5007629394531,1711000,2024-09-11,Amgen,Amgen,United States,AMGN
2024-09-12 04:00:00,330.2200012207031,332.3800048828125,326.4100036621094,330.0599975585938,312.5765075683594,1590000,2024-09-12,Amgen,Amgen,United States,AMGN
2024-09-13 04:00:00,327.9599914550781,334.4500122070312,327.1499938964844,332.4500122070312,314.8399047851562,1397000,2024-09-13,Amgen,Amgen,United States,AMGN
2024-09-16 04:00:00,335.8399963378906,337.5599975585938,332.9200134277344,335.260009765625,317.5010681152344,2360600,2024-09-16,Amgen,Amgen,United States,AMGN
2024-09-17 04:00:00,334.5799865722656,334.5799865722656,331.0799865722656,332.7999877929688,315.17138671875,2014000,2024-09-17,Amgen,Amgen,United States,AMGN
2024-09-18 04:00:00,333.9299926757812,339.0,331.0,332.9200134277344,315.2850952148438,1366600,2024-09-18,Amgen,Amgen,United States,AMGN
2024-09-19 04:00:00,337.0299987792969,338.7000122070312,334.6099853515625,335.9500122070312,318.1545104980469,1626100,2024-09-19,Amgen,Amgen,United States,AMGN
2024-09-20 04:00:00,335.1499938964844,338.9700012207031,334.2699890136719,337.3800048828125,319.5087585449219,4068200,2024-09-20,Amgen,Amgen,United States,AMGN
2024-09-23 04:00:00,339.0,339.1700134277344,333.3599853515625,335.6099853515625,317.83251953125,1677500,2024-09-23,Amgen,Amgen,United States,AMGN
2024-09-24 04:00:00,333.1499938964844,335.4100036621094,330.5,330.9200134277344,313.3909606933594,2101000,2024-09-24,Amgen,Amgen,United States,AMGN
2024-09-25 04:00:00,329.0,329.5,312.1600036621094,312.8599853515625,296.2876281738281,4249500,2024-09-25,Amgen,Amgen,United States,AMGN
2024-09-26 04:00:00,313.6799926757812,319.7799987792969,313.3699951171875,319.1000061035156,302.1970520019531,2555700,2024-09-26,Amgen,Amgen,United States,AMGN
2024-09-27 04:00:00,322.7000122070312,327.9800109863281,320.5199890136719,322.6700134277344,305.5779724121094,2432600,2024-09-27,Amgen,Amgen,United States,AMGN
2024-09-30 04:00:00,321.3200073242188,323.2300109863281,318.7900085449219,322.2099914550781,305.142333984375,1966900,2024-09-30,Amgen,Amgen,United States,AMGN
2024-10-01 04:00:00,322.0499877929688,322.2000122070312,316.9200134277344,320.3200073242188,303.3524475097656,2097400,2024-10-01,Amgen,Amgen,United States,AMGN
2024-10-02 04:00:00,317.6300048828125,320.6700134277344,316.1799926757812,319.7300109863281,302.793701171875,2614400,2024-10-02,Amgen,Amgen,United States,AMGN
2024-10-03 04:00:00,317.1099853515625,319.7300109863281,315.4599914550781,317.4800109863281,300.6629028320312,1525300,2024-10-03,Amgen,Amgen,United States,AMGN
2024-10-04 04:00:00,318.7200012207031,320.739990234375,316.4299926757812,319.6600036621094,302.7273864746094,1467800,2024-10-04,Amgen,Amgen,United States,AMGN
2024-10-07 04:00:00,320.0799865722656,320.2099914550781,315.9200134277344,317.4500122070312,300.6344909667969,1262300,2024-10-07,Amgen,Amgen,United States,AMGN
2024-10-08 04:00:00,319.1700134277344,319.9500122070312,316.4800109863281,317.6799926757812,300.8522338867188,1453300,2024-10-08,Amgen,Amgen,United States,AMGN
2024-10-09 04:00:00,316.6600036621094,322.989990234375,314.7000122070312,322.4100036621094,305.3317565917969,1379400,2024-10-09,Amgen,Amgen,United States,AMGN
2024-10-10 04:00:00,320.9500122070312,322.5700073242188,318.75,321.010009765625,304.0059204101562,1254600,2024-10-10,Amgen,Amgen,United States,AMGN
2024-10-11 04:00:00,322.2000122070312,329.1700134277344,320.1000061035156,328.3500061035156,310.9570922851562,1567200,2024-10-11,Amgen,Amgen,United States,AMGN
2024-10-14 04:00:00,325.5899963378906,326.9500122070312,322.5899963378906,324.6199951171875,307.4246826171875,1613300,2024-10-14,Amgen,Amgen,United States,AMGN
2024-10-15 04:00:00,326.0299987792969,327.3299865722656,324.0299987792969,325.0899963378906,307.8697204589844,1956200,2024-10-15,Amgen,Amgen,United States,AMGN
2024-10-16 04:00:00,326.2000122070312,326.7300109863281,321.3200073242188,321.6300048828125,304.593017578125,1776700,2024-10-16,Amgen,Amgen,United States,AMGN
2024-10-17 04:00:00,325.9200134277344,325.9200134277344,320.5,321.3299865722656,304.3089294433594,1635600,2024-10-17,Amgen,Amgen,United States,AMGN
2024-10-18 04:00:00,320.6099853515625,322.5599975585938,319.1799926757812,321.6600036621094,304.6214904785156,1552100,2024-10-18,Amgen,Amgen,United States,AMGN
2024-10-21 04:00:00,320.1600036621094,321.7999877929688,315.8699951171875,316.739990234375,299.9620361328125,1533200,2024-10-21,Amgen,Amgen,United States,AMGN
2024-10-22 04:00:00,315.239990234375,321.0799865722656,313.9800109863281,319.6600036621094,302.7273864746094,2106500,2024-10-22,Amgen,Amgen,United States,AMGN
2024-10-23 04:00:00,316.010009765625,318.5499877929688,313.7000122070312,314.8999938964844,298.2195129394531,1526300,2024-10-23,Amgen,Amgen,United States,AMGN
2024-10-24 04:00:00,314.4299926757812,317.239990234375,313.6300048828125,315.6900024414062,298.9676513671875,1326600,2024-10-24,Amgen,Amgen,United States,AMGN
2024-10-25 04:00:00,318.489990234375,319.2000122070312,314.8800048828125,316.9800109863281,300.1893310546875,1604400,2024-10-25,Amgen,Amgen,United States,AMGN
2024-10-28 04:00:00,318.0599975585938,320.1400146484375,315.8999938964844,317.1700134277344,300.3693237304688,1816000,2024-10-28,Amgen,Amgen,United States,AMGN
2024-10-29 04:00:00,317.010009765625,319.2099914550781,314.8200073242188,316.0,299.2612915039062,1466500,2024-10-29,Amgen,Amgen,United States,AMGN
2024-10-30 04:00:00,311.9500122070312,317.8999938964844,310.6300048828125,315.5400085449219,298.8256530761719,2223600,2024-10-30,Amgen,Amgen,United States,AMGN
2024-10-31 04:00:00,317.6900024414062,323.3999938964844,315.6499938964844,320.1600036621094,303.200927734375,2713500,2024-10-31,Amgen,Amgen,United States,AMGN
2024-11-01 04:00:00,318.6900024414062,321.7000122070312,316.9100036621094,319.2200012207031,302.3106994628906,1826700,2024-11-01,Amgen,Amgen,United States,AMGN
2024-11-04 05:00:00,320.5799865722656,320.5799865722656,314.6099853515625,316.9100036621094,300.1231079101562,2090100,2024-11-04,Amgen,Amgen,United States,AMGN
2024-11-05 05:00:00,316.1600036621094,319.5199890136719,313.0199890136719,319.2900085449219,302.3770141601562,1472300,2024-11-05,Amgen,Amgen,United States,AMGN
2024-11-06 05:00:00,325.0,325.3900146484375,318.1700134277344,321.7900085449219,304.7445678710938,2208600,2024-11-06,Amgen,Amgen,United States,AMGN
2024-11-07 05:00:00,322.0,322.9700012207031,318.5400085449219,321.9100036621094,304.8582153320312,2654700,2024-11-07,Amgen,Amgen,United States,AMGN
2024-11-08 05:00:00,322.4800109863281,328.25,321.2799987792969,325.2799987792969,308.0497131347656,1978100,2024-11-08,Amgen,Amgen,United States,AMGN
2024-11-11 05:00:00,325.9100036621094,327.5799865722656,321.6099853515625,321.8099975585938,304.7634887695312,2457000,2024-11-11,Amgen,Amgen,United States,AMGN
2024-11-12 05:00:00,319.5899963378906,321.2200012207031,293.7999877929688,298.8399963378906,283.0102233886719,6680300,2024-11-12,Amgen,Amgen,United States,AMGN
2024-11-13 05:00:00,306.0,307.4299926757812,298.9100036621094,301.4400024414062,285.4725341796875,3725600,2024-11-13,Amgen,Amgen,United States,AMGN
2024-11-14 05:00:00,297.9100036621094,298.4800109863281,292.3299865722656,295.9299926757812,280.2543640136719,3515600,2024-11-14,Amgen,Amgen,United States,AMGN
2024-11-15 05:00:00,291.5,291.5,279.6199951171875,283.6099853515625,268.5869750976562,5324700,2024-11-15,Amgen,Amgen,United States,AMGN
2024-11-18 05:00:00,279.3800048828125,281.3599853515625,276.5599975585938,278.760009765625,266.1050415039062,3174600,2024-11-18,Amgen,Amgen,United States,AMGN
2024-11-19 05:00:00,277.6700134277344,281.6000061035156,275.5599975585938,279.9500122070312,267.2409973144531,3210300,2024-11-19,Amgen,Amgen,United States,AMGN
2024-11-20 05:00:00,281.1000061035156,288.4800109863281,278.5599975585938,287.8699951171875,274.8014526367188,4759200,2024-11-20,Amgen,Amgen,United States,AMGN
2024-11-21 05:00:00,288.1799926757812,291.1099853515625,284.1400146484375,289.8999938964844,276.7392883300781,3553200,2024-11-21,Amgen,Amgen,United States,AMGN
2024-11-22 05:00:00,290.8399963378906,295.4800109863281,288.7799987792969,294.5299987792969,281.1591186523438,3053200,2024-11-22,Amgen,Amgen,United States,AMGN
2024-11-25 05:00:00,293.5499877929688,297.3200073242188,293.5,294.0,280.6531982421875,4695700,2024-11-25,Amgen,Amgen,United States,AMGN
2024-11-26 05:00:00,264.2200012207031,280.3399963378906,257.7999877929688,280.010009765625,267.2982482910156,17010300,2024-11-26,Amgen,Amgen,United States,AMGN
2024-11-27 05:00:00,279.0,282.6900024414062,278.0,280.0700073242188,267.3555603027344,6622800,2024-11-27,Amgen,Amgen,United States,AMGN
2024-11-29 05:00:00,279.4599914550781,283.6400146484375,277.6400146484375,282.8699951171875,270.0284118652344,2232800,2024-11-29,Amgen,Amgen,United States,AMGN
2024-12-02 05:00:00,282.0799865722656,282.3900146484375,276.8900146484375,278.1000061035156,265.4750061035156,4677800,2024-12-02,Amgen,Amgen,United States,AMGN
2024-12-03 05:00:00,277.0,281.3800048828125,276.5,278.3200073242188,265.6849975585938,5468800,2024-12-03,Amgen,Amgen,United States,AMGN
2024-12-04 05:00:00,275.8099975585938,279.4100036621094,273.8599853515625,278.260009765625,265.6277770996094,4173900,2024-12-04,Amgen,Amgen,United States,AMGN
2024-12-05 05:00:00,277.0,279.0400085449219,273.1499938964844,274.3299865722656,261.8761291503906,3187000,2024-12-05,Amgen,Amgen,United States,AMGN
2024-12-06 05:00:00,275.010009765625,275.3599853515625,271.4800109863281,272.5799865722656,260.2055969238281,3970200,2024-12-06,Amgen,Amgen,United States,AMGN
2024-12-09 05:00:00,273.1600036621094,280.0,272.2799987792969,277.6300048828125,265.0263061523438,3222100,2024-12-09,Amgen,Amgen,United States,AMGN
2024-12-10 05:00:00,277.8599853515625,277.8999938964844,272.3599853515625,275.75,263.2316589355469,2791400,2024-12-10,Amgen,Amgen,United States,AMGN
2024-12-11 05:00:00,276.0,276.2799987792969,270.5799865722656,273.4100036621094,260.9978942871094,4493500,2024-12-11,Amgen,Amgen,United States,AMGN
2024-12-12 05:00:00,273.8099975585938,275.8800048828125,272.1499938964844,274.0599975585938,261.618408203125,3749200,2024-12-12,Amgen,Amgen,United States,AMGN
2024-12-13 05:00:00,272.9599914550781,274.0700073242188,270.0199890136719,270.6199951171875,258.3345642089844,2906300,2024-12-13,Amgen,Amgen,United States,AMGN
2024-12-16 05:00:00,270.6199951171875,272.6900024414062,266.2200012207031,266.5,254.4015960693359,3711100,2024-12-16,Amgen,Amgen,United States,AMGN
2024-12-17 05:00:00,265.4599914550781,270.260009765625,264.8099975585938,265.9500122070312,253.8765869140625,4742500,2024-12-17,Amgen,Amgen,United States,AMGN
2024-12-18 05:00:00,265.1799926757812,267.1900024414062,258.6799926757812,258.7799987792969,247.0320587158203,4093600,2024-12-18,Amgen,Amgen,United States,AMGN
2024-12-19 05:00:00,258.0,261.8099975585938,253.3000030517578,261.1900024414062,249.3326721191406,4725800,2024-12-19,Amgen,Amgen,United States,AMGN
2024-12-20 05:00:00,269.0,269.6099853515625,262.2099914550781,263.3800048828125,251.4232330322266,13687600,2024-12-20,Amgen,Amgen,United States,AMGN
2024-12-23 05:00:00,263.1099853515625,264.7999877929688,260.8699951171875,264.0,252.0151062011719,3025700,2024-12-23,Amgen,Amgen,United States,AMGN
2024-12-24 05:00:00,262.4800109863281,264.5499877929688,261.3599853515625,264.489990234375,252.4828186035156,1520600,2024-12-24,Amgen,Amgen,United States,AMGN
2024-12-26 05:00:00,262.2099914550781,264.7300109863281,261.760009765625,263.1799926757812,251.2322998046875,1637300,2024-12-26,Amgen,Amgen,United States,AMGN
2024-12-27 05:00:00,261.1000061035156,263.5,260.510009765625,262.6499938964844,250.7263641357422,2157400,2024-12-27,Amgen,Amgen,United States,AMGN
2024-12-30 05:00:00,260.8299865722656,261.5599975585938,258.5,259.2999877929688,247.5284423828125,3039300,2024-12-30,Amgen,Amgen,United States,AMGN
2024-12-31 05:00:00,260.75,261.5400085449219,258.8500061035156,260.6400146484375,248.8076477050781,1966200,2024-12-31,Amgen,Amgen,United States,AMGN
2025-01-02 05:00:00,262.1799926757812,263.5799865722656,258.3099975585938,259.2799987792969,247.5093841552734,2357400,2025-01-02,Amgen,Amgen,United States,AMGN
2025-01-03 05:00:00,260.0,262.0799865722656,259.7900085449219,261.2200012207031,249.361328125,2979700,2025-01-03,Amgen,Amgen,United States,AMGN
2025-01-06 05:00:00,259.0499877929688,261.1900024414062,257.0499877929688,258.5899963378906,246.8506774902344,4668200,2025-01-06,Amgen,Amgen,United States,AMGN
2025-01-07 05:00:00,260.2200012207031,265.2099914550781,259.3500061035156,262.0599975585938,250.1631317138672,3173700,2025-01-07,Amgen,Amgen,United States,AMGN
2025-01-08 05:00:00,261.9700012207031,264.25,259.8200073242188,264.2099914550781,252.2155303955078,2421500,2025-01-08,Amgen,Amgen,United States,AMGN
2025-01-10 05:00:00,260.7900085449219,264.7900085449219,260.5499877929688,262.2300109863281,250.325439453125,2721800,2025-01-10,Amgen,Amgen,United States,AMGN
2025-01-13 05:00:00,262.1099853515625,270.489990234375,261.2799987792969,270.1900024414062,257.9241027832031,3365900,2025-01-13,Amgen,Amgen,United States,AMGN
2025-01-14 05:00:00,271.6099853515625,271.6099853515625,264.9100036621094,267.1000061035156,254.974365234375,2942300,2025-01-14,Amgen,Amgen,United States,AMGN
2025-01-15 05:00:00,269.3299865722656,272.8200073242188,268.5799865722656,268.9400024414062,256.7308654785156,3737500,2025-01-15,Amgen,Amgen,United States,AMGN
2025-01-16 05:00:00,268.9200134277344,270.3099975585938,267.1499938964844,269.4299926757812,257.1985778808594,2684500,2025-01-16,Amgen,Amgen,United States,AMGN
2025-01-17 05:00:00,276.9700012207031,276.9700012207031,269.7799987792969,272.1099853515625,259.7568969726562,3244000,2025-01-17,Amgen,Amgen,United States,AMGN
2025-01-21 05:00:00,272.1400146484375,276.5,270.2799987792969,274.8099975585938,262.3343505859375,3928500,2025-01-21,Amgen,Amgen,United States,AMGN
2025-01-22 05:00:00,272.6600036621094,275.0199890136719,272.0700073242188,273.4400024414062,261.0265197753906,3518300,2025-01-22,Amgen,Amgen,United States,AMGN
2025-01-23 05:00:00,273.4400024414062,278.0,272.3200073242188,277.8800048828125,265.2650146484375,2496000,2025-01-23,Amgen,Amgen,United States,AMGN
2025-01-24 05:00:00,276.260009765625,277.3599853515625,273.5,275.4200134277344,262.9166259765625,2008600,2025-01-24,Amgen,Amgen,United States,AMGN
2025-01-27 05:00:00,277.3699951171875,283.2300109863281,276.1799926757812,282.9500122070312,270.1048278808594,3493200,2025-01-27,Amgen,Amgen,United States,AMGN
2025-01-28 05:00:00,280.1300048828125,283.5,279.9700012207031,280.2999877929688,267.5751037597656,2735500,2025-01-28,Amgen,Amgen,United States,AMGN
2025-01-29 05:00:00,280.0299987792969,283.0400085449219,279.3099975585938,281.6799926757812,268.8924560546875,2454900,2025-01-29,Amgen,Amgen,United States,AMGN
2025-01-30 05:00:00,285.0,285.6900024414062,281.6400146484375,284.0199890136719,271.126220703125,2556100,2025-01-30,Amgen,Amgen,United States,AMGN
2025-01-31 05:00:00,282.1799926757812,286.6900024414062,281.9800109863281,285.4200134277344,272.4626770019531,3799900,2025-01-31,Amgen,Amgen,United States,AMGN
2025-02-03 05:00:00,286.9100036621094,289.5799865722656,283.3999938964844,288.8699951171875,275.7560119628906,4473500,2025-02-03,Amgen,Amgen,United States,AMGN
2025-02-04 05:00:00,285.5799865722656,290.4800109863281,284.5199890136719,289.0199890136719,275.8992309570312,3262400,2025-02-04,Amgen,Amgen,United States,AMGN
2025-02-05 05:00:00,290.6900024414062,308.2200012207031,289.5199890136719,307.8099975585938,293.836181640625,5890600,2025-02-05,Amgen,Amgen,United States,AMGN
2025-02-06 05:00:00,309.489990234375,309.489990234375,297.1199951171875,297.7799987792969,284.2615966796875,4624500,2025-02-06,Amgen,Amgen,United States,AMGN
2025-02-07 05:00:00,299.1600036621094,299.6099853515625,292.5799865722656,293.5400085449219,280.2140502929688,3388300,2025-02-07,Amgen,Amgen,United States,AMGN
2025-02-10 05:00:00,296.8800048828125,296.8800048828125,290.6700134277344,294.7900085449219,281.4073181152344,2375600,2025-02-10,Amgen,Amgen,United States,AMGN
2025-02-11 05:00:00,290.5599975585938,297.9500122070312,288.3599853515625,296.6600036621094,283.1924133300781,3506900,2025-02-11,Amgen,Amgen,United States,AMGN
2025-02-12 05:00:00,293.8200073242188,296.2000122070312,292.6300048828125,295.0599975585938,281.6650695800781,2629900,2025-02-12,Amgen,Amgen,United States,AMGN
2025-02-13 05:00:00,297.5499877929688,298.3500061035156,293.5499877929688,296.9700012207031,283.4883728027344,2061700,2025-02-13,Amgen,Amgen,United States,AMGN
2025-02-14 05:00:00,294.75,295.1600036621094,290.4500122070312,291.1600036621094,280.1875915527344,2189300,2025-02-14,Amgen,Amgen,United States,AMGN
2025-02-18 05:00:00,291.760009765625,293.3299865722656,289.0,292.7999877929688,281.7658081054688,2162200,2025-02-18,Amgen,Amgen,United States,AMGN
2025-02-19 05:00:00,292.0,295.9700012207031,291.7999877929688,294.2699890136719,283.180419921875,2806900,2025-02-19,Amgen,Amgen,United States,AMGN
2025-02-20 05:00:00,294.6700134277344,298.1300048828125,293.9299926757812,297.9299926757812,286.7024536132812,2319000,2025-02-20,Amgen,Amgen,United States,AMGN
2025-02-21 05:00:00,299.2300109863281,305.3299865722656,297.1900024414062,303.010009765625,291.5910339355469,3261400,2025-02-21,Amgen,Amgen,United States,AMGN
2025-02-24 05:00:00,305.2799987792969,313.75,304.3999938964844,309.7200012207031,298.0481262207031,4286600,2025-02-24,Amgen,Amgen,United States,AMGN
2025-02-25 05:00:00,311.7999877929688,318.2999877929688,310.2999877929688,315.6300048828125,303.7354125976562,4365700,2025-02-25,Amgen,Amgen,United States,AMGN
2025-02-26 05:00:00,311.9500122070312,313.6300048828125,305.5499877929688,306.3800048828125,294.8340759277344,2786900,2025-02-26,Amgen,Amgen,United States,AMGN
2025-02-27 05:00:00,305.2999877929688,311.0,303.1000061035156,305.8200073242188,294.2951354980469,3249100,2025-02-27,Amgen,Amgen,United States,AMGN
2025-02-28 05:00:00,308.510009765625,308.6199951171875,303.5199890136719,308.0599975585938,296.45068359375,3173000,2025-02-28,Amgen,Amgen,United States,AMGN
2025-03-03 05:00:00,307.3399963378906,312.4800109863281,307.3399963378906,310.7799987792969,299.0681762695312,2970700,2025-03-03,Amgen,Amgen,United States,AMGN
2025-03-04 05:00:00,316.5299987792969,319.8200073242188,312.1000061035156,312.1900024414062,300.425048828125,3820000,2025-03-04,Amgen,Amgen,United States,AMGN
2025-03-05 05:00:00,310.6300048828125,318.9400024414062,310.1400146484375,316.5700073242188,304.6400451660156,2629000,2025-03-05,Amgen,Amgen,United States,AMGN
2025-03-06 05:00:00,316.4200134277344,318.6799926757812,312.5,317.8200073242188,305.8429260253906,3076500,2025-03-06,Amgen,Amgen,United States,AMGN
2025-03-07 05:00:00,318.9500122070312,328.1900024414062,317.7799987792969,324.8599853515625,312.6176147460938,3944900,2025-03-07,Amgen,Amgen,United States,AMGN
2025-03-10 04:00:00,324.1300048828125,335.8800048828125,322.7699890136719,327.3599853515625,315.0233764648438,4120700,2025-03-10,Amgen,Amgen,United States,AMGN
2025-03-11 04:00:00,328.7999877929688,329.1000061035156,318.4200134277344,318.8900146484375,306.8725891113281,3080100,2025-03-11,Amgen,Amgen,United States,AMGN
2025-03-12 04:00:00,311.3900146484375,316.0199890136719,308.6400146484375,312.5,300.723388671875,3182200,2025-03-12,Amgen,Amgen,United States,AMGN
2025-03-13 04:00:00,313.6600036621094,316.75,311.989990234375,312.6400146484375,300.8581237792969,2062700,2025-03-13,Amgen,Amgen,United States,AMGN
2025-03-14 04:00:00,312.2300109863281,314.510009765625,310.2999877929688,313.7099914550781,301.8877563476562,2396800,2025-03-14,Amgen,Amgen,United States,AMGN
2025-03-17 04:00:00,314.6400146484375,318.6600036621094,311.7900085449219,317.1700134277344,305.2174377441406,2292900,2025-03-17,Amgen,Amgen,United States,AMGN
2025-03-18 04:00:00,317.5599975585938,319.3099975585938,315.1799926757812,318.6499938964844,306.6416320800781,2549300,2025-03-18,Amgen,Amgen,United States,AMGN
2025-03-19 04:00:00,317.510009765625,318.9200134277344,313.3999938964844,315.75,303.8508911132812,1834300,2025-03-19,Amgen,Amgen,United States,AMGN
2025-03-20 04:00:00,314.1799926757812,315.989990234375,312.239990234375,315.0400085449219,303.1676940917969,2049700,2025-03-20,Amgen,Amgen,United States,AMGN
2025-03-21 04:00:00,311.8200073242188,316.489990234375,311.1600036621094,316.0400085449219,304.1300354003906,9995000,2025-03-21,Amgen,Amgen,United States,AMGN
2025-03-24 04:00:00,315.0,317.5799865722656,313.4299926757812,314.3800048828125,302.5325622558594,2439400,2025-03-24,Amgen,Amgen,United States,AMGN
2025-03-25 04:00:00,313.9800109863281,314.2200012207031,303.510009765625,306.8599853515625,295.2959289550781,2565300,2025-03-25,Amgen,Amgen,United States,AMGN
2025-03-26 04:00:00,306.4400024414062,309.0899963378906,304.3500061035156,305.7099914550781,294.1892700195312,2375200,2025-03-26,Amgen,Amgen,United States,AMGN
2025-03-27 04:00:00,306.2200012207031,307.5700073242188,304.2900085449219,305.7699890136719,294.2470092773438,1736900,2025-03-27,Amgen,Amgen,United States,AMGN
2025-03-28 04:00:00,307.4400024414062,308.1700134277344,304.7099914550781,306.9500122070312,295.382568359375,1768400,2025-03-28,Amgen,Amgen,United States,AMGN
2025-03-31 04:00:00,307.5799865722656,315.0,305.5499877929688,311.5499877929688,299.8092041015625,3336200,2025-03-31,Amgen,Amgen,United States,AMGN
2025-04-01 04:00:00,310.5799865722656,312.6199951171875,305.0,306.9200134277344,295.3537292480469,3042300,2025-04-01,Amgen,Amgen,United States,AMGN
2025-04-02 04:00:00,305.4100036621094,306.760009765625,300.1000061035156,305.7000122070312,294.1796569824219,1912500,2025-04-02,Amgen,Amgen,United States,AMGN
2025-04-03 04:00:00,311.1799926757812,314.8999938964844,306.7000122070312,309.8500061035156,298.1732482910156,3280300,2025-04-03,Amgen,Amgen,United States,AMGN
2025-04-04 04:00:00,312.1099853515625,312.1099853515625,293.7200012207031,294.3900146484375,283.2958679199219,5253100,2025-04-04,Amgen,Amgen,United States,AMGN
2025-04-07 04:00:00,287.6900024414062,296.9400024414062,281.7000122070312,289.6900024414062,278.7730102539062,4923000,2025-04-07,Amgen,Amgen,United States,AMGN
2025-04-08 04:00:00,289.25,294.010009765625,277.510009765625,280.260009765625,269.6983642578125,4097200,2025-04-08,Amgen,Amgen,United States,AMGN
2025-04-09 04:00:00,268.9100036621094,291.5,267.3999938964844,291.0899963378906,280.1202392578125,6055700,2025-04-09,Amgen,Amgen,United States,AMGN
2025-04-10 04:00:00,287.9800109863281,288.5199890136719,269.6700134277344,281.4100036621094,270.8050537109375,4679100,2025-04-10,Amgen,Amgen,United States,AMGN
2025-04-11 04:00:00,282.5,287.8999938964844,277.1000061035156,285.9800109863281,275.2028198242188,3467100,2025-04-11,Amgen,Amgen,United States,AMGN
2025-04-14 04:00:00,286.7699890136719,295.1799926757812,285.2099914550781,293.9200134277344,282.8436279296875,2492700,2025-04-14,Amgen,Amgen,United States,AMGN
2025-04-15 04:00:00,294.3099975585938,296.1700134277344,292.1400146484375,295.2999877929688,284.1715698242188,2593600,2025-04-15,Amgen,Amgen,United States,AMGN
2025-04-16 04:00:00,294.739990234375,294.75,281.0299987792969,282.6400146484375,271.9887084960938,2656300,2025-04-16,Amgen,Amgen,United States,AMGN
2025-04-17 04:00:00,277.0400085449219,278.6799926757812,268.5,277.2900085449219,266.8403015136719,4371800,2025-04-17,Amgen,Amgen,United States,AMGN
2025-04-21 04:00:00,277.2900085449219,278.25,270.3599853515625,273.6799926757812,263.3663024902344,1803600,2025-04-21,Amgen,Amgen,United States,AMGN
2025-04-22 04:00:00,275.7000122070312,278.7300109863281,274.489990234375,278.3999938964844,267.908447265625,2081000,2025-04-22,Amgen,Amgen,United States,AMGN
2025-04-23 04:00:00,279.9100036621094,283.6000061035156,276.4200134277344,277.8999938964844,267.4273071289062,2679500,2025-04-23,Amgen,Amgen,United States,AMGN
2025-04-24 04:00:00,278.4700012207031,282.260009765625,274.4200134277344,279.8399963378906,269.294189453125,2260500,2025-04-24,Amgen,Amgen,United States,AMGN
2025-04-25 04:00:00,279.4700012207031,282.1900024414062,276.4400024414062,280.8399963378906,270.2565002441406,1994600,2025-04-25,Amgen,Amgen,United States,AMGN
2025-04-28 04:00:00,280.6300048828125,284.1000061035156,280.0,283.0899963378906,272.4216918945312,2082400,2025-04-28,Amgen,Amgen,United States,AMGN
2025-04-29 04:00:00,281.1199951171875,289.8999938964844,279.0599975585938,288.5599975585938,277.6855773925781,2147700,2025-04-29,Amgen,Amgen,United States,AMGN
2025-04-30 04:00:00,289.4400024414062,292.0,286.0899963378906,290.9200134277344,279.9566345214844,2612300,2025-04-30,Amgen,Amgen,United States,AMGN
2025-05-01 04:00:00,287.0400085449219,287.8800048828125,282.0700073242188,283.7799987792969,273.0857238769531,2942700,2025-05-01,Amgen,Amgen,United States,AMGN
2025-05-02 04:00:00,291.5,291.6099853515625,275.2000122070312,281.2200012207031,270.6221923828125,4537000,2025-05-02,Amgen,Amgen,United States,AMGN
2025-05-05 04:00:00,281.5700073242188,281.9700012207031,276.0899963378906,280.0599975585938,269.5058898925781,2781400,2025-05-05,Amgen,Amgen,United States,AMGN
2025-05-06 04:00:00,277.0899963378906,277.6099853515625,268.8099975585938,270.4400024414062,260.2484130859375,3253400,2025-05-06,Amgen,Amgen,United States,AMGN
2025-05-07 04:00:00,272.0299987792969,276.6799926757812,270.4400024414062,275.8399963378906,265.4448852539062,2363400,2025-05-07,Amgen,Amgen,United States,AMGN
2025-05-08 04:00:00,269.4500122070312,274.7799987792969,266.0199890136719,272.0499877929688,261.7977600097656,3618000,2025-05-08,Amgen,Amgen,United States,AMGN
2025-05-09 04:00:00,270.6600036621094,273.4800109863281,265.6600036621094,265.8599853515625,255.8410339355469,3328900,2025-05-09,Amgen,Amgen,United States,AMGN
2025-05-12 04:00:00,266.4700012207031,276.0899963378906,262.989990234375,274.760009765625,264.4056091308594,4216800,2025-05-12,Amgen,Amgen,United States,AMGN
2025-05-13 04:00:00,273.8299865722656,273.9200134277344,268.5299987792969,270.4500122070312,260.2580871582031,2660700,2025-05-13,Amgen,Amgen,United States,AMGN
2025-05-14 04:00:00,269.8399963378906,270.3399963378906,261.4299926757812,262.2799987792969,252.3959503173828,3933000,2025-05-14,Amgen,Amgen,United States,AMGN
2025-05-15 04:00:00,265.2999877929688,271.6900024414062,264.1499938964844,271.6900024414062,261.4513244628906,3995100,2025-05-15,Amgen,Amgen,United States,AMGN
2025-05-16 04:00:00,270.6600036621094,272.5400085449219,267.7300109863281,272.4100036621094,264.4608764648438,2589300,2025-05-16,Amgen,Amgen,United States,AMGN
2025-05-19 04:00:00,272.5799865722656,276.0,272.0,275.8500061035156,267.8005065917969,2189400,2025-05-19,Amgen,Amgen,United States,AMGN
2025-05-20 04:00:00,275.9100036621094,276.8999938964844,274.2799987792969,275.010009765625,266.9850158691406,2188300,2025-05-20,Amgen,Amgen,United States,AMGN
2025-05-21 04:00:00,274.1799926757812,275.5899963378906,270.510009765625,271.3399963378906,263.4220886230469,2559700,2025-05-21,Amgen,Amgen,United States,AMGN
2025-05-22 04:00:00,271.3399963378906,272.4400024414062,269.1000061035156,271.8999938964844,263.9657287597656,1919800,2025-05-22,Amgen,Amgen,United States,AMGN
2025-05-23 04:00:00,269.4800109863281,272.5199890136719,269.1300048828125,271.6600036621094,263.7327575683594,2532000,2025-05-23,Amgen,Amgen,United States,AMGN
2025-05-27 04:00:00,273.7000122070312,279.6300048828125,273.1199951171875,279.4500122070312,271.29541015625,2917100,2025-05-27,Amgen,Amgen,United States,AMGN
2025-05-28 04:00:00,279.0199890136719,281.3399963378906,276.6199951171875,278.3999938964844,270.2760620117188,3863800,2025-05-28,Amgen,Amgen,United States,AMGN
2025-05-29 04:00:00,279.2200012207031,283.8200073242188,278.3999938964844,283.5400085449219,275.2660827636719,2801900,2025-05-29,Amgen,Amgen,United States,AMGN
2025-05-30 04:00:00,282.6099853515625,288.8099975585938,281.0400085449219,288.1799926757812,279.7706909179688,5439200,2025-05-30,Amgen,Amgen,United States,AMGN
2025-06-02 04:00:00,285.6400146484375,289.4500122070312,284.7699890136719,288.4700012207031,280.0522155761719,2394000,2025-06-02,Amgen,Amgen,United States,AMGN
2025-06-03 04:00:00,285.5199890136719,291.760009765625,283.0400085449219,289.5700073242188,281.1201171875,2320400,2025-06-03,Amgen,Amgen,United States,AMGN
2025-06-04 04:00:00,290.1900024414062,293.2099914550781,286.8900146484375,287.010009765625,278.6348571777344,2338300,2025-06-04,Amgen,Amgen,United States,AMGN
2025-06-05 04:00:00,286.3299865722656,291.3599853515625,284.989990234375,287.1000061035156,278.7221984863281,2522400,2025-06-05,Amgen,Amgen,United States,AMGN
2025-06-06 04:00:00,289.7999877929688,293.5700073242188,289.010009765625,290.3299865722656,281.85791015625,1996100,2025-06-06,Amgen,Amgen,United States,AMGN
2025-06-09 04:00:00,290.4700012207031,291.6600036621094,287.5400085449219,289.9800109863281,281.5181579589844,1967100,2025-06-09,Amgen,Amgen,United States,AMGN
2025-06-10 04:00:00,290.0,295.6400146484375,289.7900085449219,293.4299926757812,284.8674621582031,2441500,2025-06-10,Amgen,Amgen,United States,AMGN
2025-06-11 04:00:00,293.2099914550781,294.6700134277344,291.1499938964844,291.8099975585938,283.2947692871094,1828300,2025-06-11,Amgen,Amgen,United States,AMGN
2025-06-12 04:00:00,294.2099914550781,297.4400024414062,292.6799926757812,297.2900085449219,288.6148376464844,2159700,2025-06-12,Amgen,Amgen,United States,AMGN
2025-06-13 04:00:00,294.7300109863281,299.489990234375,294.0700073242188,295.2200012207031,286.605224609375,2191200,2025-06-13,Amgen,Amgen,United States,AMGN
2025-06-16 04:00:00,296.3099975585938,298.7699890136719,292.4599914550781,295.5599975585938,286.9353332519531,2047600,2025-06-16,Amgen,Amgen,United States,AMGN
2025-06-17 04:00:00,294.4100036621094,295.7999877929688,289.6300048828125,290.0499877929688,281.5861206054688,2515100,2025-06-17,Amgen,Amgen,United States,AMGN
2025-06-18 04:00:00,290.7900085449219,291.8699951171875,286.6000061035156,289.6300048828125,281.1783752441406,2026800,2025-06-18,Amgen,Amgen,United States,AMGN
2025-06-20 04:00:00,292.1700134277344,294.5499877929688,288.5400085449219,289.3299865722656,280.8871154785156,6801300,2025-06-20,Amgen,Amgen,United States,AMGN
2025-06-23 04:00:00,290.0799865722656,290.6600036621094,267.8299865722656,272.4400024414062,264.489990234375,5764900,2025-06-23,Amgen,Amgen,United States,AMGN
2025-06-24 04:00:00,273.1300048828125,280.010009765625,269.010009765625,277.489990234375,269.3926391601562,3686900,2025-06-24,Amgen,Amgen,United States,AMGN
2025-06-25 04:00:00,275.7999877929688,280.5400085449219,273.1300048828125,280.3500061035156,272.1691589355469,2740300,2025-06-25,Amgen,Amgen,United States,AMGN
2025-06-26 04:00:00,280.0,286.1700134277344,277.75,279.1099853515625,270.9653625488281,2998200,2025-06-26,Amgen,Amgen,United States,AMGN
2025-06-27 04:00:00,278.5700073242188,281.3200073242188,275.7000122070312,277.1300048828125,269.0431518554688,2894500,2025-06-27,Amgen,Amgen,United States,AMGN
2025-06-30 04:00:00,278.8500061035156,280.0400085449219,276.5799865722656,279.2099914550781,271.0624389648438,2963500,2025-06-30,Amgen,Amgen,United States,AMGN
2025-07-01 04:00:00,280.010009765625,293.9800109863281,278.9800109863281,290.5199890136719,282.0424194335938,3502700,2025-07-01,Amgen,Amgen,United States,AMGN
2025-07-02 04:00:00,291.0299987792969,297.9100036621094,289.5,296.8500061035156,288.1877136230469,2287000,2025-07-02,Amgen,Amgen,United States,AMGN
2025-07-03 04:00:00,297.0,298.989990234375,295.510009765625,298.239990234375,289.5371398925781,1518500,2025-07-03,Amgen,Amgen,United States,AMGN
2025-07-07 04:00:00,297.8800048828125,298.0,291.3800048828125,292.9500122070312,284.4014892578125,2144500,2025-07-07,Amgen,Amgen,United States,AMGN
2025-07-08 04:00:00,291.9599914550781,298.6799926757812,291.25,297.0,288.3333129882812,1534100,2025-07-08,Amgen,Amgen,United States,AMGN
2025-07-09 04:00:00,298.510009765625,301.6600036621094,291.7699890136719,296.5199890136719,287.8673095703125,2098000,2025-07-09,Amgen,Amgen,United States,AMGN
2025-07-10 04:00:00,296.1900024414062,302.3800048828125,295.1700134277344,300.3699951171875,291.60498046875,1925800,2025-07-10,Amgen,Amgen,United States,AMGN
2025-07-11 04:00:00,298.2300109863281,299.9100036621094,294.0,295.2699890136719,286.6537780761719,1619800,2025-07-11,Amgen,Amgen,United States,AMGN
2025-07-14 04:00:00,293.8599853515625,297.1400146484375,292.8399963378906,297.0299987792969,288.3624267578125,1202300,2025-07-14,Amgen,Amgen,United States,AMGN
2025-07-15 04:00:00,297.1900024414062,297.5299987792969,291.9400024414062,292.510009765625,283.9743347167969,1592700,2025-07-15,Amgen,Amgen,United States,AMGN
2025-07-16 04:00:00,292.510009765625,299.3399963378906,292.3299865722656,299.0199890136719,290.2943420410156,1881000,2025-07-16,Amgen,Amgen,United States,AMGN
2025-07-17 04:00:00,297.5899963378906,299.9500122070312,296.2799987792969,298.25,289.5468139648438,1725600,2025-07-17,Amgen,Amgen,United States,AMGN
2025-07-18 04:00:00,300.9299926757812,301.0,293.75,294.760009765625,286.1586608886719,1967700,2025-07-18,Amgen,Amgen,United States,AMGN
2025-07-21 04:00:00,294.75,297.0899963378906,293.6000061035156,295.8699951171875,287.2362670898438,2025100,2025-07-21,Amgen,Amgen,United States,AMGN
2025-07-22 04:00:00,296.4599914550781,306.7999877929688,295.8599853515625,305.6900024414062,296.7697448730469,2520800,2025-07-22,Amgen,Amgen,United States,AMGN
2025-07-23 04:00:00,307.8099975585938,309.489990234375,305.989990234375,309.2200012207031,300.1967163085938,1782700,2025-07-23,Amgen,Amgen,United States,AMGN
2025-07-24 04:00:00,309.2300109863281,311.2799987792969,307.3500061035156,308.5499877929688,299.5462646484375,1531200,2025-07-24,Amgen,Amgen,United States,AMGN
2025-07-25 04:00:00,308.5799865722656,309.0299987792969,304.4500122070312,306.5799865722656,297.6337280273438,1451300,2025-07-25,Amgen,Amgen,United States,AMGN
2025-07-28 04:00:00,305.8200073242188,306.0,300.1000061035156,301.2900085449219,292.4981384277344,1948000,2025-07-28,Amgen,Amgen,United States,AMGN
2025-07-29 04:00:00,301.1199951171875,304.0700073242188,297.7799987792969,303.5599975585938,294.7018737792969,1406500,2025-07-29,Amgen,Amgen,United States,AMGN
2025-07-30 04:00:00,304.3299865722656,305.5700073242188,299.6600036621094,301.3699951171875,292.5757751464844,1550400,2025-07-30,Amgen,Amgen,United States,AMGN
2025-07-31 04:00:00,298.4400024414062,302.9599914550781,293.6300048828125,295.1000061035156,286.48876953125,2252700,2025-07-31,Amgen,Amgen,United States,AMGN
2025-08-01 04:00:00,297.0599975585938,298.5199890136719,292.5899963378906,296.8800048828125,288.2168273925781,2410900,2025-08-01,Amgen,Amgen,United States,AMGN
2025-08-04 04:00:00,297.2999877929688,302.3299865722656,296.2999877929688,301.9400024414062,293.129150390625,2316200,2025-08-04,Amgen,Amgen,United States,AMGN
2025-08-05 04:00:00,300.7300109863281,302.1000061035156,297.0199890136719,300.0799865722656,291.3234252929688,2664100,2025-08-05,Amgen,Amgen,United States,AMGN
2025-08-06 04:00:00,295.510009765625,298.5400085449219,281.6499938964844,284.6700134277344,276.3630981445312,4576000,2025-08-06,Amgen,Amgen,United States,AMGN
2025-08-07 04:00:00,287.3500061035156,289.25,281.6900024414062,284.7000122070312,276.3922424316406,2588800,2025-08-07,Amgen,Amgen,United States,AMGN
2025-08-08 04:00:00,283.489990234375,288.489990234375,283.489990234375,288.2300109863281,279.8192443847656,1803300,2025-08-08,Amgen,Amgen,United States,AMGN
2025-08-11 04:00:00,289.739990234375,291.739990234375,284.7200012207031,285.0899963378906,276.7708435058594,1856800,2025-08-11,Amgen,Amgen,United States,AMGN
2025-08-12 04:00:00,285.4800109863281,286.260009765625,282.6000061035156,284.9800109863281,276.6640625,2200300,2025-08-12,Amgen,Amgen,United States,AMGN
2025-08-13 04:00:00,285.3200073242188,289.5799865722656,284.6900024414062,289.3299865722656,280.8871154785156,1784900,2025-08-13,Amgen,Amgen,United States,AMGN
2025-08-14 04:00:00,288.8800048828125,291.5400085449219,287.4100036621094,290.2900085449219,281.8191223144531,1932300,2025-08-14,Amgen,Amgen,United States,AMGN
2025-08-15 04:00:00,292.0299987792969,296.989990234375,290.5799865722656,296.4700012207031,287.8187561035156,2168300,2025-08-15,Amgen,Amgen,United States,AMGN
2025-08-18 04:00:00,296.9299926757812,298.1400146484375,292.2999877929688,292.6199951171875,284.0811157226562,1743800,2025-08-18,Amgen,Amgen,United States,AMGN
2025-08-19 04:00:00,292.4100036621094,296.989990234375,292.1099853515625,295.5499877929688,286.9255981445312,1858500,2025-08-19,Amgen,Amgen,United States,AMGN
2025-08-20 04:00:00,296.25,301.4700012207031,295.7999877929688,296.4500122070312,287.7993774414062,1723700,2025-08-20,Amgen,Amgen,United States,AMGN
2025-08-21 04:00:00,295.8999938964844,299.8999938964844,294.489990234375,295.760009765625,287.1295166015625,1843700,2025-08-21,Amgen,Amgen,United States,AMGN
2025-08-22 04:00:00,295.489990234375,297.8900146484375,293.3500061035156,293.7200012207031,287.4622497558594,1644000,2025-08-22,Amgen,Amgen,United States,AMGN
2025-08-25 04:00:00,292.6099853515625,294.6000061035156,287.5599975585938,288.4700012207031,282.3240966796875,1734300,2025-08-25,Amgen,Amgen,United States,AMGN
2025-08-26 04:00:00,287.7699890136719,289.8900146484375,286.5299987792969,289.5799865722656,283.4104309082031,1750400,2025-08-26,Amgen,Amgen,United States,AMGN
2025-08-27 04:00:00,288.8399963378906,290.25,286.6499938964844,287.9700012207031,281.8347473144531,1400800,2025-08-27,Amgen,Amgen,United States,AMGN
2025-08-28 04:00:00,287.2300109863281,287.2300109863281,284.8699951171875,285.6099853515625,279.5250244140625,1886700,2025-08-28,Amgen,Amgen,United States,AMGN
2025-08-29 04:00:00,285.7999877929688,288.2999877929688,285.1600036621094,287.7099914550781,281.5802917480469,1302700,2025-08-29,Amgen,Amgen,United States,AMGN
2025-09-02 04:00:00,287.489990234375,288.739990234375,284.7099914550781,286.9200134277344,280.80712890625,1948200,2025-09-02,Amgen,Amgen,United States,AMGN
2025-09-03 04:00:00,284.0799865722656,286.9299926757812,280.3800048828125,283.8500061035156,277.8025512695312,2604100,2025-09-03,Amgen,Amgen,United States,AMGN
2025-09-04 04:00:00,284.760009765625,284.760009765625,278.75,280.1000061035156,274.1324462890625,2622000,2025-09-04,Amgen,Amgen,United States,AMGN
2025-09-05 04:00:00,279.7999877929688,285.2900085449219,279.0,283.6400146484375,277.5969848632812,2299400,2025-09-05,Amgen,Amgen,United States,AMGN
2025-09-08 04:00:00,281.0499877929688,282.4299926757812,277.3200073242188,280.1900024414062,274.2205200195312,2452900,2025-09-08,Amgen,Amgen,United States,AMGN
2025-09-09 04:00:00,279.5,282.0799865722656,278.7799987792969,279.9700012207031,274.0051879882812,1733000,2025-09-09,Amgen,Amgen,United States,AMGN
2025-09-10 04:00:00,280.0,280.3099975585938,275.1600036621094,278.510009765625,272.5762939453125,2150700,2025-09-10,Amgen,Amgen,United States,AMGN
2025-09-11 04:00:00,278.5199890136719,282.8999938964844,278.0,282.7300109863281,276.7064208984375,2233100,2025-09-11,Amgen,Amgen,United States,AMGN
2025-09-12 04:00:00,281.0400085449219,282.9400024414062,276.0700073242188,276.3900146484375,270.50146484375,2143700,2025-09-12,Amgen,Amgen,United States,AMGN
2025-09-15 04:00:00,276.0700073242188,277.239990234375,271.6099853515625,274.3999938964844,268.5538635253906,2563100,2025-09-15,Amgen,Amgen,United States,AMGN
2025-09-16 04:00:00,275.8900146484375,277.5899963378906,271.7300109863281,273.0799865722656,267.261962890625,2157400,2025-09-16,Amgen,Amgen,United States,AMGN
2025-09-17 04:00:00,274.1400146484375,277.7999877929688,273.0,274.7099914550781,268.8572387695312,1748800,2025-09-17,Amgen,Amgen,United States,AMGN
2025-09-18 04:00:00,274.7000122070312,276.5,273.9700012207031,275.8299865722656,269.953369140625,3322500,2025-09-18,Amgen,Amgen,United States,AMGN
2025-09-19 04:00:00,278.6400146484375,286.1499938964844,277.3699951171875,285.4100036621094,279.3293151855469,8735100,2025-09-19,Amgen,Amgen,United States,AMGN
2025-09-22 04:00:00,284.1300048828125,287.2000122070312,281.7099914550781,286.0,279.90673828125,3050500,2025-09-22,Amgen,Amgen,United States,AMGN
2025-09-23 04:00:00,283.9599914550781,287.260009765625,283.9599914550781,286.8099975585938,280.699462890625,2342000,2025-09-23,Amgen,Amgen,United States,AMGN
2025-09-24 04:00:00,285.4700012207031,286.7000122070312,278.0,279.2200012207031,273.2711791992188,2374200,2025-09-24,Amgen,Amgen,United States,AMGN
2025-09-25 04:00:00,279.0,281.0499877929688,270.6400146484375,271.1799926757812,265.4024353027344,2802700,2025-09-25,Amgen,Amgen,United States,AMGN
2025-09-26 04:00:00,274.3399963378906,275.5,269.7699890136719,272.9800109863281,267.1640930175781,1812200,2025-09-26,Amgen,Amgen,United States,AMGN
2025-09-29 04:00:00,273.1000061035156,274.5199890136719,270.6700134277344,273.9700012207031,268.1329956054688,1769100,2025-09-29,Amgen,Amgen,United States,AMGN
2025-09-30 04:00:00,274.1400146484375,284.8200073242188,274.0199890136719,282.2000122070312,276.1876831054688,3508700,2025-09-30,Amgen,Amgen,United States,AMGN
2025-10-01 04:00:00,284.4500122070312,301.6600036621094,283.0,298.5,292.1404113769531,4835400,2025-10-01,Amgen,Amgen,United States,AMGN
2025-10-02 04:00:00,298.3099975585938,300.5,295.4599914550781,297.3999938964844,291.0638427734375,2123200,2025-10-02,Amgen,Amgen,United States,AMGN
2025-10-03 04:00:00,297.7200012207031,301.5400085449219,295.6300048828125,297.8900146484375,291.5434265136719,2518500,2025-10-03,Amgen,Amgen,United States,AMGN
2025-10-06 04:00:00,297.6199951171875,297.6199951171875,293.0299987792969,294.1199951171875,287.8536987304688,1957300,2025-10-06,Amgen,Amgen,United States,AMGN
2025-10-07 04:00:00,293.2699890136719,295.8500061035156,290.2099914550781,295.5400085449219,289.2434692382812,1504300,2025-10-07,Amgen,Amgen,United States,AMGN
2025-10-08 04:00:00,295.7900085449219,297.6300048828125,292.2900085449219,294.6199951171875,288.3430480957031,2940600,2025-10-08,Amgen,Amgen,United States,AMGN
2025-10-09 04:00:00,294.1300048828125,296.6300048828125,293.7000122070312,295.4299926757812,289.1358032226562,1369000,2025-10-09,Amgen,Amgen,United States,AMGN
2025-10-10 04:00:00,296.1600036621094,297.0899963378906,289.5799865722656,290.1300048828125,283.9486999511719,2660500,2025-10-10,Amgen,Amgen,United States,AMGN
2025-10-13 04:00:00,291.75,296.1300048828125,289.4400024414062,292.3999938964844,286.1703796386719,1838400,2025-10-13,Amgen,Amgen,United States,AMGN
2025-10-14 04:00:00,291.75,296.8699951171875,290.9700012207031,293.8500061035156,287.5894775390625,1975900,2025-10-14,Amgen,Amgen,United States,AMGN
2025-10-15 04:00:00,292.8200073242188,298.2099914550781,292.4299926757812,297.3200073242188,290.9855346679688,2502100,2025-10-15,Amgen,Amgen,United States,AMGN
2025-10-16 04:00:00,298.0700073242188,302.2699890136719,294.4400024414062,295.8099975585938,289.5076904296875,1715000,2025-10-16,Amgen,Amgen,United States,AMGN
2025-10-17 04:00:00,295.239990234375,299.3699951171875,293.1400146484375,298.8099975585938,292.4437866210938,1959400,2025-10-17,Amgen,Amgen,United States,AMGN
2025-10-20 04:00:00,299.4800109863281,303.6600036621094,297.75,303.3299865722656,296.8674926757812,1613400,2025-10-20,Amgen,Amgen,United States,AMGN
2025-10-21 04:00:00,302.6000061035156,303.8500061035156,298.0299987792969,301.1400146484375,294.7241821289062,1533400,2025-10-21,Amgen,Amgen,United States,AMGN
2025-10-22 04:00:00,301.2900085449219,302.8200073242188,295.6000061035156,295.9800109863281,289.6741027832031,1698500,2025-10-22,Amgen,Amgen,United States,AMGN
2025-10-23 04:00:00,296.010009765625,296.4599914550781,291.9100036621094,292.8900146484375,286.6499633789062,1496800,2025-10-23,Amgen,Amgen,United States,AMGN
2025-10-24 04:00:00,292.8900146484375,293.9400024414062,290.6600036621094,291.760009765625,285.5440063476562,1376300,2025-10-24,Amgen,Amgen,United States,AMGN
2025-10-27 04:00:00,291.2099914550781,292.0,288.260009765625,291.1600036621094,284.9567565917969,1794300,2025-10-27,Amgen,Amgen,United States,AMGN
2025-10-28 04:00:00,288.9299926757812,292.6300048828125,288.260009765625,292.0899963378906,285.8669738769531,2217200,2025-10-28,Amgen,Amgen,United States,AMGN
2025-10-29 04:00:00,291.760009765625,294.8099975585938,289.4400024414062,291.7699890136719,285.5538024902344,2824300,2025-10-29,Amgen,Amgen,United States,AMGN
2025-10-30 04:00:00,290.5799865722656,294.5599975585938,289.0,292.0,285.7789001464844,2058200,2025-10-30,Amgen,Amgen,United States,AMGN
2025-10-31 04:00:00,288.4599914550781,298.8800048828125,288.0,298.4299926757812,292.0718994140625,2687100,2025-10-31,Amgen,Amgen,United States,AMGN
2025-11-03 05:00:00,298.4299926757812,301.0,292.1199951171875,296.2999877929688,289.9872436523438,2753300,2025-11-03,Amgen,Amgen,United States,AMGN
2025-11-04 05:00:00,298.7099914550781,299.0599975585938,294.4800109863281,296.7000122070312,290.3787536621094,3412500,2025-11-04,Amgen,Amgen,United States,AMGN
2025-11-05 05:00:00,303.1300048828125,322.9800109863281,302.1300048828125,319.8599853515625,313.0453186035156,5486200,2025-11-05,Amgen,Amgen,United States,AMGN
2025-11-06 05:00:00,319.1000061035156,321.3099975585938,312.5199890136719,315.5899963378906,308.8663024902344,3330300,2025-11-06,Amgen,Amgen,United States,AMGN
2025-11-07 05:00:00,316.0799865722656,321.4200134277344,314.0,320.2000122070312,313.3781127929688,2665200,2025-11-07,Amgen,Amgen,United States,AMGN
2025-11-10 05:00:00,320.6000061035156,326.1799926757812,319.5400085449219,323.6600036621094,316.7643737792969,2518600,2025-11-10,Amgen,Amgen,United States,AMGN
2025-11-11 05:00:00,323.4200134277344,338.5499877929688,323.4200134277344,338.4500122070312,331.2392578125,3136500,2025-11-11,Amgen,Amgen,United States,AMGN
2025-11-12 05:00:00,338.6400146484375,342.3999938964844,335.8200073242188,336.2799987792969,329.115478515625,2941000,2025-11-12,Amgen,Amgen,United States,AMGN
2025-11-13 05:00:00,337.8999938964844,345.8399963378906,335.1199951171875,336.0,328.8414611816406,3413500,2025-11-13,Amgen,Amgen,United States,AMGN
2025-11-14 05:00:00,336.739990234375,339.7999877929688,330.3500061035156,336.739990234375,329.565673828125,3310300,2025-11-14,Amgen,Amgen,United States,AMGN
2025-11-17 05:00:00,337.6400146484375,344.0599975585938,336.8299865722656,341.7099914550781,334.4298095703125,2996600,2025-11-17,Amgen,Amgen,United States,AMGN
2025-11-18 05:00:00,343.7300109863281,345.489990234375,339.2999877929688,343.989990234375,336.6612243652344,2966600,2025-11-18,Amgen,Amgen,United States,AMGN
2025-11-19 05:00:00,343.4700012207031,345.2900085449219,340.0199890136719,342.3999938964844,335.1051025390625,2129800,2025-11-19,Amgen,Amgen,United States,AMGN
2025-11-20 05:00:00,344.5199890136719,345.0899963378906,335.0,336.0700073242188,328.9099731445312,3183700,2025-11-20,Amgen,Amgen,United States,AMGN
2025-11-21 05:00:00,334.8699951171875,342.8399963378906,334.739990234375,337.5400085449219,332.704833984375,4128600,2025-11-21,Amgen,Amgen,United States,AMGN
2025-11-24 05:00:00,335.8399963378906,338.6600036621094,331.7099914550781,334.2999877929688,329.51123046875,3551600,2025-11-24,Amgen,Amgen,United States,AMGN
2025-11-25 05:00:00,335.4100036621094,341.7300109863281,335.4100036621094,341.1099853515625,336.2236633300781,2868600,2025-11-25,Amgen,Amgen,United States,AMGN
2025-11-26 05:00:00,341.5299987792969,345.0299987792969,340.0,344.5700073242188,339.6340942382812,2333100,2025-11-26,Amgen,Amgen,United States,AMGN
2025-11-28 05:00:00,344.0,345.6600036621094,342.260009765625,345.4599914550781,340.5113525390625,1268800,2025-11-28,Amgen,Amgen,United States,AMGN
2025-12-01 05:00:00,343.0700073242188,343.9800109863281,336.25,337.489990234375,332.655517578125,2383800,2025-12-01,Amgen,Amgen,United States,AMGN
2025-12-02 05:00:00,338.8599853515625,342.5,336.3299865722656,338.3599853515625,333.5130615234375,2446500,2025-12-02,Amgen,Amgen,United States,AMGN
2025-12-03 05:00:00,340.5400085449219,346.3800048828125,338.8500061035156,345.4200134277344,340.4719543457031,2839100,2025-12-03,Amgen,Amgen,United States,AMGN
2025-12-04 05:00:00,344.2300109863281,346.3299865722656,338.9400024414062,340.1600036621094,335.2872619628906,3695700,2025-12-04,Amgen,Amgen,United States,AMGN
2025-12-05 05:00:00,340.3599853515625,340.8800048828125,328.6300048828125,329.8900146484375,325.1644287109375,2897700,2025-12-05,Amgen,Amgen,United States,AMGN
2025-12-08 05:00:00,329.0899963378906,329.6700134277344,320.1700134277344,321.2300109863281,316.6284790039062,3510700,2025-12-08,Amgen,Amgen,United States,AMGN
2025-12-09 05:00:00,321.8200073242188,323.0,313.1799926757812,313.8500061035156,309.3541870117188,2924900,2025-12-09,Amgen,Amgen,United States,AMGN
2025-12-10 05:00:00,316.25,317.4700012207031,313.0,315.3800048828125,310.8622436523438,3071500,2025-12-10,Amgen,Amgen,United States,AMGN
2025-12-11 05:00:00,317.8900146484375,320.1900024414062,312.3900146484375,317.3800048828125,312.8336181640625,2454800,2025-12-11,Amgen,Amgen,United States,AMGN
2025-12-12 05:00:00,317.2999877929688,319.4599914550781,315.1900024414062,317.739990234375,313.1884460449219,2247200,2025-12-12,Amgen,Amgen,United States,AMGN
2025-12-15 05:00:00,321.2099914550781,325.7699890136719,319.0599975585938,325.3099975585938,320.6500244140625,4049500,2025-12-15,Amgen,Amgen,United States,AMGN
2025-12-16 05:00:00,324.8200073242188,327.3399963378906,323.0199890136719,326.739990234375,322.0595092773438,2642500,2025-12-16,Amgen,Amgen,United States,AMGN
2025-12-17 05:00:00,327.5199890136719,330.0400085449219,325.4299926757812,326.010009765625,321.3399963378906,2517300,2025-12-17,Amgen,Amgen,United States,AMGN
2025-12-18 05:00:00,326.2699890136719,328.239990234375,321.9100036621094,324.4200134277344,319.7727661132812,2669000,2025-12-18,Amgen,Amgen,United States,AMGN
2025-12-19 05:00:00,325.5599975585938,331.5,324.7300109863281,327.3800048828125,322.6903686523438,13465700,2025-12-19,Amgen,Amgen,United States,AMGN
2025-12-22 05:00:00,327.010009765625,331.8800048828125,326.0799865722656,331.3900146484375,326.6429138183594,2400400,2025-12-22,Amgen,Amgen,United States,AMGN
2025-12-23 05:00:00,328.0899963378906,333.6700134277344,328.0700073242188,331.489990234375,326.7414855957031,1552800,2025-12-23,Amgen,Amgen,United States,AMGN
2025-12-24 05:00:00,330.7200012207031,334.3800048828125,330.7200012207031,333.9599914550781,329.1760864257812,833700,2025-12-24,Amgen,Amgen,United States,AMGN
2025-12-26 05:00:00,333.6499938964844,333.9800109863281,330.8500061035156,332.9299926757812,328.1608581542969,792600,2025-12-26,Amgen,Amgen,United States,AMGN
2025-12-29 05:00:00,332.4599914550781,333.5,329.4700012207031,329.6300048828125,324.9081420898438,2181000,2025-12-29,Amgen,Amgen,United States,AMGN
2025-12-30 05:00:00,328.6499938964844,329.7699890136719,325.8299865722656,328.6900024414062,323.9815673828125,1255900,2025-12-30,Amgen,Amgen,United States,AMGN
2025-12-31 05:00:00,328.6900024414062,329.5,327.0599975585938,327.3099975585938,322.621337890625,1417300,2025-12-31,Amgen,Amgen,United States,AMGN
2026-01-02 05:00:00,328.7699890136719,329.1900024414062,325.010009765625,327.6400146484375,322.9466247558594,1539700,2026-01-02,Amgen,Amgen,United States,AMGN
2026-01-05 05:00:00,324.9200134277344,326.5199890136719,318.2099914550781,320.7200012207031,316.1257629394531,2268700,2026-01-05,Amgen,Amgen,United States,AMGN
2026-01-06 05:00:00,319.489990234375,330.9400024414062,318.8299865722656,330.1700134277344,325.4403991699219,2722500,2026-01-06,Amgen,Amgen,United States,AMGN
2026-01-07 05:00:00,332.1000061035156,343.0499877929688,332.1000061035156,341.6400146484375,336.74609375,3599200,2026-01-07,Amgen,Amgen,United States,AMGN
2026-01-08 05:00:00,337.760009765625,341.4599914550781,328.2099914550781,330.1099853515625,325.3812561035156,2799300,2026-01-08,Amgen,Amgen,United States,AMGN
2026-01-09 05:00:00,328.8099975585938,332.0799865722656,323.8900146484375,326.1000061035156,321.4287109375,2118400,2026-01-09,Amgen,Amgen,United States,AMGN
2026-01-12 05:00:00,328.4700012207031,328.4700012207031,322.739990234375,325.5400085449219,320.876708984375,2460600,2026-01-12,Amgen,Amgen,United States,AMGN
2026-01-13 05:00:00,327.4200134277344,327.75,319.7900085449219,324.2999877929688,319.6544799804688,2382200,2026-01-13,Amgen,Amgen,United States,AMGN
2026-01-14 05:00:00,324.0899963378906,329.2000122070312,323.5499877929688,328.9700012207031,324.2575988769531,1897400,2026-01-14,Amgen,Amgen,United States,AMGN
2026-01-15 05:00:00,328.9700012207031,332.5,325.1900024414062,330.0299987792969,325.3023986816406,2591900,2026-01-15,Amgen,Amgen,United States,AMGN
2026-01-16 05:00:00,328.7000122070312,333.0299987792969,326.8999938964844,330.4100036621094,325.6769714355469,4033700,2026-01-16,Amgen,Amgen,United States,AMGN
2026-01-20 05:00:00,325.5799865722656,331.3399963378906,321.7099914550781,331.0,326.2584838867188,2947500,2026-01-20,Amgen,Amgen,United States,AMGN
2026-01-21 05:00:00,329.9500122070312,343.9800109863281,329.3200073242188,343.6000061035156,338.6780395507812,4148600,2026-01-21,Amgen,Amgen,United States,AMGN
2026-01-22 05:00:00,344.1499938964844,349.9800109863281,342.1400146484375,347.0700073242188,342.0982971191406,3025100,2026-01-22,Amgen,Amgen,United States,AMGN
2026-01-23 05:00:00,346.1799926757812,349.2300109863281,341.8200073242188,344.75,339.8115234375,2024900,2026-01-23,Amgen,Amgen,United States,AMGN
2026-01-26 05:00:00,344.7000122070312,350.4299926757812,343.6199951171875,349.6900024414062,344.6807861328125,3116100,2026-01-26,Amgen,Amgen,United States,AMGN
2026-01-27 05:00:00,348.5700073242188,353.25,346.9299926757812,351.3200073242188,346.2874450683594,3269600,2026-01-27,Amgen,Amgen,United States,AMGN
2026-01-28 05:00:00,349.0,351.9500122070312,340.0,342.2200012207031,337.3177795410156,2347800,2026-01-28,Amgen,Amgen,United States,AMGN
2026-01-29 05:00:00,341.6600036621094,347.2699890136719,338.75,342.9400024414062,338.0274658203125,3153100,2026-01-29,Amgen,Amgen,United States,AMGN
2026-01-30 05:00:00,340.8099975585938,345.5,338.0700073242188,341.8800048828125,336.982666015625,2522400,2026-01-30,Amgen,Amgen,United States,AMGN
2026-02-02 05:00:00,339.4700012207031,345.9800109863281,339.4100036621094,344.6799926757812,339.7425231933594,1899900,2026-02-02,Amgen,Amgen,United States,AMGN
2026-02-03 05:00:00,341.239990234375,349.5,338.5899963378906,338.5899963378906,333.7397766113281,4040000,2026-02-03,Amgen,Amgen,United States,AMGN
2026-02-04 05:00:00,352.0299987792969,368.75,342.3800048828125,366.2000122070312,360.9542846679688,5899600,2026-02-04,Amgen,Amgen,United States,AMGN
2026-02-05 05:00:00,365.7300109863281,374.8999938964844,365.0,367.7999877929688,362.5313415527344,4007300,2026-02-05,Amgen,Amgen,United States,AMGN
2026-02-06 05:00:00,369.989990234375,385.1199951171875,368.8999938964844,384.3200073242188,378.814697265625,3840300,2026-02-06,Amgen,Amgen,United States,AMGN
2026-02-09 05:00:00,380.7000122070312,384.6199951171875,372.3399963378906,375.8200073242188,370.4364929199219,2843700,2026-02-09,Amgen,Amgen,United States,AMGN
2026-02-10 05:00:00,377.0400085449219,377.3599853515625,363.6499938964844,364.6499938964844,359.4264831542969,3526400,2026-02-10,Amgen,Amgen,United States,AMGN
2026-02-11 05:00:00,365.1400146484375,368.510009765625,361.0,366.5799865722656,361.3288269042969,2826000,2026-02-11,Amgen,Amgen,United States,AMGN
2026-02-12 05:00:00,366.6600036621094,370.8800048828125,365.0599975585938,366.2000122070312,360.9542846679688,2374500,2026-02-12,Amgen,Amgen,United States,AMGN
2026-02-13 05:00:00,362.6600036621094,370.4200134277344,361.7099914550781,369.1900024414062,366.4229736328125,2414200,2026-02-13,Amgen,Amgen,United States,AMGN
2026-02-17 05:00:00,370.8800048828125,374.7699890136719,369.0,373.3599853515625,370.5617065429688,2255400,2026-02-17,Amgen,Amgen,United States,AMGN
2026-02-18 05:00:00,373.5,380.5799865722656,370.4400024414062,379.7300109863281,376.8839721679688,2731900,2026-02-18,Amgen,Amgen,United States,AMGN
2026-02-19 05:00:00,377.9100036621094,379.9299926757812,374.1300048828125,375.5,372.6856689453125,2427000,2026-02-19,Amgen,Amgen,United States,AMGN
2026-02-20 05:00:00,372.010009765625,377.0,371.3900146484375,374.75,371.9412841796875,2911700,2026-02-20,Amgen,Amgen,United States,AMGN
2026-02-23 05:00:00,375.260009765625,381.7799987792969,374.739990234375,379.4200134277344,376.5763244628906,2951400,2026-02-23,Amgen,Amgen,United States,AMGN
2026-02-24 05:00:00,380.0199890136719,383.2000122070312,378.8200073242188,382.8699951171875,380.0004272460938,2454700,2026-02-24,Amgen,Amgen,United States,AMGN
2026-02-25 05:00:00,381.5,387.489990234375,380.5400085449219,384.3299865722656,381.4494934082031,2459500,2026-02-25,Amgen,Amgen,United States,AMGN
2026-02-26 05:00:00,385.1400146484375,385.1400146484375,374.25,379.3299865722656,376.4869689941406,2589400,2026-02-26,Amgen,Amgen,United States,AMGN
2026-02-27 05:00:00,379.2900085449219,390.1400146484375,378.75,388.1600036621094,385.2507934570312,3441000,2026-02-27,Amgen,Amgen,United States,AMGN
2026-03-02 05:00:00,388.0,391.2900085449219,381.8900146484375,385.7000122070312,382.8092346191406,2837900,2026-03-02,Amgen,Amgen,United States,AMGN
2026-03-03 05:00:00,377.9700012207031,381.739990234375,372.7099914550781,377.0,374.1744384765625,2710400,2026-03-03,Amgen,Amgen,United States,AMGN
2026-03-04 05:00:00,380.0,380.0899963378906,370.8200073242188,379.2699890136719,376.4273986816406,2028300,2026-03-04,Amgen,Amgen,United States,AMGN
2026-03-05 05:00:00,375.1799926757812,377.0899963378906,361.3999938964844,367.6000061035156,364.8448791503906,2868400,2026-03-05,Amgen,Amgen,United States,AMGN
2026-03-06 05:00:00,364.2000122070312,369.760009765625,361.7099914550781,369.5299987792969,366.7604064941406,2443000,2026-03-06,Amgen,Amgen,United States,AMGN
2026-03-09 04:00:00,368.2699890136719,378.8200073242188,366.5299987792969,376.9700012207031,374.1446533203125,2719900,2026-03-09,Amgen,Amgen,United States,AMGN
2026-03-10 04:00:00,376.1700134277344,379.260009765625,372.739990234375,375.4299926757812,372.6161804199219,2284500,2026-03-10,Amgen,Amgen,United States,AMGN
2026-03-11 04:00:00,375.0499877929688,380.1400146484375,373.0,377.6400146484375,374.8096618652344,2299200,2026-03-11,Amgen,Amgen,United States,AMGN
2026-03-12 04:00:00,373.510009765625,375.0,367.760009765625,367.7900085449219,365.0334777832031,1990500,2026-03-12,Amgen,Amgen,United States,AMGN
2026-03-13 04:00:00,370.6799926757812,372.9800109863281,365.9299926757812,366.2099914550781,363.4653015136719,1500300,2026-03-13,Amgen,Amgen,United States,AMGN
2026-03-16 04:00:00,369.3800048828125,370.8900146484375,364.7200012207031,366.25,363.5050048828125,2099100,2026-03-16,Amgen,Amgen,United States,AMGN
2026-03-17 04:00:00,368.239990234375,368.7799987792969,359.7999877929688,361.1300048828125,358.4233703613281,2334300,2026-03-17,Amgen,Amgen,United States,AMGN
2026-03-18 04:00:00,359.8200073242188,360.6900024414062,350.8099975585938,351.4800109863281,348.845703125,2895100,2026-03-18,Amgen,Amgen,United States,AMGN
2026-03-19 04:00:00,353.2999877929688,356.3200073242188,347.8500061035156,349.9200134277344,347.2974243164062,2168700,2026-03-19,Amgen,Amgen,United States,AMGN
2026-03-20 04:00:00,348.010009765625,351.25,344.9500122070312,347.7999877929688,345.1932678222656,9168800,2026-03-20,Amgen,Amgen,United States,AMGN
2026-03-23 04:00:00,351.7999877929688,353.4200134277344,348.6099853515625,349.7699890136719,347.1484985351562,2368700,2026-03-23,Amgen,Amgen,United States,AMGN
2026-03-24 04:00:00,346.5599975585938,352.5799865722656,345.7999877929688,348.4299926757812,345.8185424804688,2336700,2026-03-24,Amgen,Amgen,United States,AMGN
2026-03-25 04:00:00,350.760009765625,358.0,350.760009765625,353.9299926757812,351.27734375,1831900,2026-03-25,Amgen,Amgen,United States,AMGN
2026-03-26 04:00:00,350.3299865722656,354.8099975585938,348.5199890136719,353.1600036621094,350.5131225585938,2044800,2026-03-26,Amgen,Amgen,United States,AMGN
2026-03-27 04:00:00,355.6600036621094,355.6600036621094,347.7999877929688,348.7699890136719,346.156005859375,2274800,2026-03-27,Amgen,Amgen,United States,AMGN
2026-03-30 04:00:00,351.8299865722656,351.8299865722656,348.1300048828125,349.0,346.38427734375,2589900,2026-03-30,Amgen,Amgen,United States,AMGN
2026-03-31 04:00:00,350.7300109863281,355.489990234375,347.1099853515625,351.8500061035156,349.2129516601562,3747100,2026-03-31,Amgen,Amgen,United States,AMGN
2026-04-01 04:00:00,354.8999938964844,357.0,351.6600036621094,353.2799987792969,350.6322021484375,2726600,2026-04-01,Amgen,Amgen,United States,AMGN
2026-04-02 04:00:00,352.7200012207031,354.1600036621094,345.8699951171875,347.9400024414062,345.3322448730469,1604300,2026-04-02,Amgen,Amgen,United States,AMGN
2026-04-06 04:00:00,345.4500122070312,348.1700134277344,340.6400146484375,342.5700073242188,340.0025024414062,2143700,2026-04-06,Amgen,Amgen,United States,AMGN
2026-04-07 04:00:00,340.989990234375,341.8699951171875,335.0599975585938,340.0,337.4517517089844,3162200,2026-04-07,Amgen,Amgen,United States,AMGN
2026-04-08 04:00:00,345.6099853515625,351.3299865722656,342.3500061035156,349.8099975585938,347.188232421875,2666400,2026-04-08,Amgen,Amgen,United States,AMGN
2026-04-09 04:00:00,347.4599914550781,359.4500122070312,346.4200134277344,355.6000061035156,352.9348449707031,2940700,2026-04-09,Amgen,Amgen,United States,AMGN
2026-04-10 04:00:00,357.4599914550781,357.4599914550781,349.75,351.0199890136719,348.3891296386719,2258100,2026-04-10,Amgen,Amgen,United States,AMGN
2026-04-13 04:00:00,352.0899963378906,352.6199951171875,345.489990234375,349.8200073242188,347.1981506347656,2547700,2026-04-13,Amgen,Amgen,United States,AMGN
2026-04-14 04:00:00,346.1799926757812,351.7200012207031,345.4100036621094,350.9500122070312,348.3197021484375,2106800,2026-04-14,Amgen,Amgen,United States,AMGN
2026-04-15 04:00:00,351.7000122070312,352.6000061035156,344.2099914550781,348.2200012207031,345.6101379394531,2140000,2026-04-15,Amgen,Amgen,United States,AMGN
2026-04-16 04:00:00,346.6300048828125,351.25,346.6000061035156,349.3900146484375,346.7713928222656,1981600,2026-04-16,Amgen,Amgen,United States,AMGN
2026-04-17 04:00:00,351.8999938964844,356.6900024414062,349.4200134277344,355.2999877929688,352.6370544433594,3685900,2026-04-17,Amgen,Amgen,United States,AMGN
2026-04-20 04:00:00,354.25,356.8999938964844,350.0199890136719,350.1600036621094,347.5356140136719,2107600,2026-04-20,Amgen,Amgen,United States,AMGN
2026-04-21 04:00:00,350.2300109863281,350.2300109863281,340.0599975585938,344.8599853515625,342.2752990722656,2066600,2026-04-21,Amgen,Amgen,United States,AMGN
2026-04-22 04:00:00,344.0899963378906,347.6799926757812,342.9700012207031,345.9200134277344,343.327392578125,2136100,2026-04-22,Amgen,Amgen,United States,AMGN
2026-04-23 04:00:00,345.5199890136719,350.6900024414062,345.5,348.6199951171875,346.0071411132812,2033400,2026-04-23,Amgen,Amgen,United States,AMGN
2026-04-24 04:00:00,346.0,347.6600036621094,342.5199890136719,344.5499877929688,341.9676208496094,2201200,2026-04-24,Amgen,Amgen,United States,AMGN
2026-04-27 04:00:00,342.3500061035156,348.0400085449219,339.9800109863281,340.1799926757812,337.6304016113281,2653800,2026-04-27,Amgen,Amgen,United States,AMGN
2026-04-28 04:00:00,344.5,346.0199890136719,337.8200073242188,339.5700073242188,337.0249633789062,2376400,2026-04-28,Amgen,Amgen,United States,AMGN
2026-04-29 04:00:00,335.010009765625,339.1199951171875,333.5499877929688,338.0199890136719,335.486572265625,2516500,2026-04-29,Amgen,Amgen,United States,AMGN
2026-04-30 04:00:00,340.75,349.5400085449219,340.0499877929688,346.25,343.6549072265625,3592600,2026-04-30,Amgen,Amgen,United States,AMGN
2026-05-01 04:00:00,332.5199890136719,337.0,324.6300048828125,329.8200073242188,327.3480529785156,3821100,2026-05-01,Amgen,Amgen,United States,AMGN
2026-05-04 04:00:00,326.0299987792969,326.7900085449219,321.9200134277344,323.8500061035156,321.4227905273438,3481000,2026-05-04,Amgen,Amgen,United States,AMGN
2026-05-05 04:00:00,321.9100036621094,329.6600036621094,320.5199890136719,329.5899963378906,327.1197509765625,3321400,2026-05-05,Amgen,Amgen,United States,AMGN
2026-05-06 04:00:00,329.1300048828125,332.9800109863281,329.0499877929688,331.1099853515625,328.6283569335938,2874400,2026-05-06,Amgen,Amgen,United States,AMGN
2026-05-07 04:00:00,330.3900146484375,331.2799987792969,327.2200012207031,329.0899963378906,326.6235046386719,3296900,2026-05-07,Amgen,Amgen,United States,AMGN
2026-05-08 04:00:00,329.4800109863281,332.3299865722656,328.0,331.7000122070312,329.2139587402344,2443200,2026-05-08,Amgen,Amgen,United States,AMGN
2026-05-11 04:00:00,332.989990234375,334.1900024414062,327.6199951171875,329.5899963378906,327.1197509765625,1918800,2026-05-11,Amgen,Amgen,United States,AMGN
2026-05-12 04:00:00,331.9500122070312,338.489990234375,329.7999877929688,336.2900085449219,333.7695617675781,3119100,2026-05-12,Amgen,Amgen,United States,AMGN
2026-05-13 04:00:00,332.3200073242188,338.0,330.0599975585938,336.4500122070312,333.9283752441406,2183800,2026-05-13,Amgen,Amgen,United States,AMGN
2026-05-14 04:00:00,336.260009765625,337.9400024414062,333.4700012207031,336.2300109863281,333.7100219726562,2041600,2026-05-14,Amgen,Amgen,United States,AMGN
2026-05-15 04:00:00,336.2300109863281,336.2300109863281,325.1600036621094,326.3099975585938,326.3099975585938,3447700,2026-05-15,Amgen,Amgen,United States,AMGN
2026-05-18 04:00:00,325.5499877929688,325.7699890136719,321.2099914550781,324.3900146484375,324.3900146484375,2030100,2026-05-18,Amgen,Amgen,United States,AMGN
2026-05-19 04:00:00,323.25,332.3399963378906,320.9700012207031,330.75,330.75,3040400,2026-05-19,Amgen,Amgen,United States,AMGN
2026-05-20 04:00:00,330.75,333.5299987792969,326.7999877929688,331.5700073242188,331.5700073242188,4074400,2026-05-20,Amgen,Amgen,United States,AMGN
2026-05-21 04:00:00,330.0,337.6300048828125,329.0899963378906,337.4200134277344,337.4200134277344,2001000,2026-05-21,Amgen,Amgen,United States,AMGN
2026-05-22 04:00:00,340.260009765625,343.7999877929688,338.3999938964844,339.2999877929688,339.2999877929688,1566200,2026-05-22,Amgen,Amgen,United States,AMGN
2026-05-26 04:00:00,340.5599975585938,342.489990234375,335.2000122070312,335.9400024414062,335.9400024414062,1860200,2026-05-26,Amgen,Amgen,United States,AMGN
2026-05-27 04:00:00,339.5199890136719,341.3900146484375,335.989990234375,336.0599975585938,336.0599975585938,1929500,2026-05-27,Amgen,Amgen,United States,AMGN
2026-05-28 04:00:00,336.4400024414062,337.9500122070312,334.1600036621094,336.4800109863281,336.4800109863281,2159000,2026-05-28,Amgen,Amgen,United States,AMGN
2026-05-29 04:00:00,336.2200012207031,337.510009765625,333.0599975585938,336.7900085449219,336.7900085449219,2953800,2026-05-29,Amgen,Amgen,United States,AMGN
2026-06-01 04:00:00,333.3800048828125,333.8299865722656,326.3500061035156,329.1300048828125,329.1300048828125,2120500,2026-06-01,Amgen,Amgen,United States,AMGN
2026-06-02 04:00:00,326.1700134277344,329.4599914550781,322.2999877929688,328.260009765625,328.260009765625,1558800,2026-06-02,Amgen,Amgen,United States,AMGN
2026-06-03 04:00:00,327.9800109863281,338.7000122070312,325.9800109863281,338.2200012207031,338.2200012207031,2289300,2026-06-03,Amgen,Amgen,United States,AMGN
2026-06-04 04:00:00,345.8699951171875,349.1799926757812,342.25,345.6000061035156,345.6000061035156,2907100,2026-06-04,Amgen,Amgen,United States,AMGN
2026-06-05 04:00:00,348.760009765625,356.5,347.6600036621094,349.5799865722656,349.5799865722656,3450800,2026-06-05,Amgen,Amgen,United States,AMGN
2026-06-08 04:00:00,349.3399963378906,352.1700134277344,344.239990234375,345.7300109863281,345.7300109863281,2488200,2026-06-08,Amgen,Amgen,United States,AMGN
2026-06-09 04:00:00,348.239990234375,349.6400146484375,342.6199951171875,344.5700073242188,344.5700073242188,3388200,2026-06-09,Amgen,Amgen,United States,AMGN
2026-06-10 04:00:00,346.8599853515625,348.5899963378906,337.489990234375,337.7300109863281,337.7300109863281,3000400,2026-06-10,Amgen,Amgen,United States,AMGN
2026-06-11 04:00:00,342.9100036621094,358.4599914550781,341.4599914550781,354.0599975585938,354.0599975585938,4727100,2026-06-11,Amgen,Amgen,United States,AMGN
2026-06-12 04:00:00,357.3999938964844,358.1700134277344,351.9599914550781,355.2000122070312,355.2000122070312,2730100,2026-06-12,Amgen,Amgen,United States,AMGN
2026-06-15 04:00:00,355.5,358.2999877929688,349.5599975585938,350.5299987792969,350.5299987792969,4371400,2026-06-15,Amgen,Amgen,United States,AMGN
2026-06-16 04:00:00,352.0,353.6600036621094,345.8699951171875,347.8399963378906,347.8399963378906,3516400,2026-06-16,Amgen,Amgen,United States,AMGN
2026-06-17 04:00:00,347.0799865722656,349.3999938964844,338.8999938964844,341.6600036621094,341.6600036621094,3470300,2026-06-17,Amgen,Amgen,United States,AMGN
2026-06-18 04:00:00,344.3800048828125,345.0,334.0499877929688,337.6000061035156,337.6000061035156,8151100,2026-06-18,Amgen,Amgen,United States,AMGN
2026-06-22 04:00:00,337.6499938964844,345.1099853515625,337.6000061035156,344.7200012207031,344.7200012207031,2521000,2026-06-22,Amgen,Amgen,United States,AMGN
2026-06-23 04:00:00,348.3099975585938,349.3999938964844,345.489990234375,347.010009765625,347.010009765625,2304600,2026-06-23,Amgen,Amgen,United States,AMGN
2026-06-24 04:00:00,348.0,354.4200134277344,346.0,351.4299926757812,351.4299926757812,2391900,2026-06-24,Amgen,Amgen,United States,AMGN
2026-06-25 04:00:00,350.0599975585938,359.1000061035156,350.0599975585938,352.8200073242188,352.8200073242188,2340900,2026-06-25,Amgen,Amgen,United States,AMGN
2026-06-26 04:00:00,354.6900024414062,362.2699890136719,354.1600036621094,358.3299865722656,358.3299865722656,3610300,2026-06-26,Amgen,Amgen,United States,AMGN
2026-06-29 04:00:00,361.9500122070312,363.1099853515625,358.4599914550781,360.5499877929688,360.5499877929688,2461900,2026-06-29,Amgen,Amgen,United States,AMGN
2026-06-30 04:00:00,362.1499938964844,362.7799987792969,356.8699951171875,362.1199951171875,362.1199951171875,2246900,2026-06-30,Amgen,Amgen,United States,AMGN
2026-07-01 04:00:00,362.6300048828125,364.0,357.8900146484375,361.3299865722656,361.3299865722656,2244800,2026-07-01,Amgen,Amgen,United States,AMGN
2026-07-02 04:00:00,364.739990234375,375.1499938964844,363.3900146484375,374.1499938964844,374.1499938964844,2487600,2026-07-02,Amgen,Amgen,United States,AMGN
2026-07-06 04:00:00,371.7000122070312,373.9800109863281,359.4700012207031,366.4400024414062,366.4400024414062,2838000,2026-07-06,Amgen,Amgen,United States,AMGN
2026-07-07 04:00:00,374.2799987792969,375.25,366.3599853515625,368.1000061035156,368.1000061035156,1983700,2026-07-07,Amgen,Amgen,United States,AMGN
2026-07-08 04:00:00,366.1900024414062,371.4200134277344,363.0,367.989990234375,367.989990234375,1758800,2026-07-08,Amgen,Amgen,United States,AMGN
2026-07-09 04:00:00,367.8200073242188,368.75,361.0299987792969,363.6199951171875,363.6199951171875,1728200,2026-07-09,Amgen,Amgen,United States,AMGN
2026-07-10 04:00:00,363.0799865722656,364.8999938964844,361.1400146484375,363.3900146484375,363.3900146484375,1632600,2026-07-10,Amgen,Amgen,United States,AMGN
2026-07-13 04:00:00,363.0400085449219,363.2900085449219,355.7300109863281,360.4500122070312,360.4500122070312,2064700,2026-07-13,Amgen,Amgen,United States,AMGN
2026-07-14 04:00:00,358.1799926757812,358.8599853515625,354.7099914550781,355.25,355.25,1862900,2026-07-14,Amgen,Amgen,United States,AMGN
2026-07-15 04:00:00,354.6600036621094,359.8999938964844,353.9500122070312,358.3200073242188,358.3200073242188,1837800,2026-07-15,Amgen,Amgen,United States,AMGN
2026-07-16 04:00:00,358.25,372.1400146484375,357.739990234375,371.5799865722656,371.5799865722656,2355700,2026-07-16,Amgen,Amgen,United States,AMGN
2026-07-17 04:00:00,373.9700012207031,378.5400085449219,361.7200012207031,366.2900085449219,366.2900085449219,2861300,2026-07-17,Amgen,Amgen,United States,AMGN
2026-07-20 04:00:00,367.9500122070312,370.2900085449219,363.6499938964844,364.1700134277344,364.1700134277344,1922000,2026-07-20,Amgen,Amgen,United States,AMGN
2026-07-21 04:00:00,365.0899963378906,368.9100036621094,362.1400146484375,366.239990234375,366.239990234375,2881800,2026-07-21,Amgen,Amgen,United States,AMGN
2026-07-22 04:00:00,369.2300109863281,371.0,364.8599853515625,366.0499877929688,366.0499877929688,1548500,2026-07-22,Amgen,Amgen,United States,AMGN
2026-07-23 04:00:00,359.9800109863281,371.8399963378906,359.2099914550781,371.5,371.5,2931900,2026-07-23,Amgen,Amgen,United States,AMGN
2026-07-24 04:00:00,372.7300109863281,379.4100036621094,372.1600036621094,376.0400085449219,376.0400085449219,2493800,2026-07-24,Amgen,Amgen,United States,AMGN
2026-07-27 04:00:00,378.5499877929688,382.2799987792969,374.3999938964844,376.260009765625,376.260009765625,2902200,2026-07-27,Amgen,Amgen,United States,AMGN
2026-07-28 04:00:00,383.25,398.0,382.2099914550781,393.1000061035156,393.1000061035156,3413000,2026-07-28,Amgen,Amgen,United States,AMGN
2026-07-29 04:00:00,395.0299987792969,397.8800048828125,386.5799865722656,387.6400146484375,387.6400146484375,3003700,2026-07-29,Amgen,Amgen,United States,AMGN
2026-07-30 04:00:00,379.75,388.4100036621094,378.2200012207031,387.6400146484375,387.6400146484375,3004900,2026-07-30,Amgen,Amgen,United States,AMGN
2026-07-31 04:00:00,382.0,386.8200073242188,379.3399963378906,385.1600036621094,385.1600036621094,1954600,2026-07-31,Amgen,Amgen,United States,AMGN
2026-08-03 04:00:00,388.5,391.0299987792969,375.9599914550781,378.8699951171875,378.8699951171875,3443100,2026-08-03,Amgen,Amgen,United States,AMGN
2026-08-04 04:00:00,380.760009765625,390.9200134277344,376.0199890136719,390.0199890136719,390.0199890136719,3622700,2026-08-04,Amgen,Amgen,United States,AMGN
2026-08-05 04:00:00,393.3599853515625,416.239990234375,391.0,407.8299865722656,407.8299865722656,5750700,2026-08-05,Amgen,Amgen,United States,AMGN
2026-08-06 04:00:00,413.7200012207031,418.3999938964844,401.2000122070312,404.8500061035156,404.8500061035156,2609000,2026-08-06,Amgen,Amgen,United States,AMGN
2026-08-07 04:00:00,404.0899963378906,411.6000061035156,401.0700073242188,410.9500122070312,410.9500122070312,1821500,2026-08-07,Amgen,Amgen,United States,AMGN
2026-08-10 04:00:00,408.4599914550781,417.3599853515625,406.4200134277344,417.2000122070312,417.2000122070312,1959700,2026-08-10,Amgen,Amgen,United States,AMGN
2026-08-11 04:00:00,415.5199890136719,421.7900085449219,412.2000122070312,414.2999877929688,414.2999877929688,2029700,2026-08-11,Amgen,Amgen,United States,AMGN
2026-08-12 04:00:00,413.3099975585938,418.1900024414062,409.0,416.1799926757812,416.1799926757812,2065500,2026-08-12,Amgen,Amgen,United States,AMGN
2026-08-13 04:00:00,419.9200134277344,420.260009765625,415.7799987792969,417.8399963378906,417.8399963378906,2777900,2026-08-13,Amgen,Amgen,United States,AMGN
2026-08-14 04:00:00,413.760009765625,416.0299987792969,410.5,415.2099914550781,415.2099914550781,2036800,2026-08-14,Amgen,Amgen,United States,AMGN
2026-08-17 04:00:00,412.9800109863281,419.6000061035156,410.3999938964844,419.3800048828125,419.3800048828125,2880500,2026-08-17,Amgen,Amgen,United States,AMGN
2026-08-18 04:00:00,421.6400146484375,427.3900146484375,420.7200012207031,425.2799987792969,425.2799987792969,2591400,2026-08-18,Amgen,Amgen,United States,AMGN
2026-08-19 04:00:00,430.239990234375,443.2000122070312,429.3800048828125,442.3599853515625,442.3599853515625,2543400,2026-08-19,Amgen,Amgen,United States,AMGN
2026-08-20 04:00:00,435.8399963378906,441.0199890136719,431.4609985351562,433.375,433.375,1317696,2026-08-20,Amgen,Amgen,United States,AMGN
