Date,Open,High,Low,Close,Adj_Close,Volume,Company,Country,Ticker
2013-12-31 18:30:00,916.5,925.9000244140625,911.0,916.5,851.1141967773438,520076,Lupin,India,LUPIN.NS
2014-01-01 18:30:00,918.5,921.8499755859375,901.0999755859375,906.0,841.36328125,278407,Lupin,India,LUPIN.NS
2014-01-02 18:30:00,905.0,940.75,896.0999755859375,932.9000244140625,866.3441772460938,745502,Lupin,India,LUPIN.NS
2014-01-05 18:30:00,935.5999755859375,950.9500122070312,934.1500244140625,938.0,871.0802612304688,718304,Lupin,India,LUPIN.NS
2014-01-06 18:30:00,943.0,949.7000122070312,927.0,932.9000244140625,866.3441772460938,476144,Lupin,India,LUPIN.NS
2014-01-07 18:30:00,936.2000122070312,947.5,931.4000244140625,938.3499755859375,871.4053344726562,346294,Lupin,India,LUPIN.NS
2014-01-08 18:30:00,940.0,945.0,930.5,934.0,867.3657836914062,676550,Lupin,India,LUPIN.NS
2014-01-09 18:30:00,935.9500122070312,949.5999755859375,933.5499877929688,936.75,869.9194946289062,488575,Lupin,India,LUPIN.NS
2014-01-12 18:30:00,936.75,947.5499877929688,891.7000122070312,919.9500122070312,854.3179931640625,914950,Lupin,India,LUPIN.NS
2014-01-13 18:30:00,926.4000244140625,939.0,915.2999877929688,934.3499755859375,867.6907348632812,251163,Lupin,India,LUPIN.NS
2014-01-14 18:30:00,935.4000244140625,936.8499755859375,923.0,925.25,859.239990234375,269325,Lupin,India,LUPIN.NS
2014-01-15 18:30:00,934.7000122070312,934.7000122070312,912.2999877929688,916.0,850.6499633789062,310138,Lupin,India,LUPIN.NS
2014-01-16 18:30:00,916.0,924.4500122070312,905.1500244140625,909.3499755859375,844.4743041992188,251215,Lupin,India,LUPIN.NS
2014-01-19 18:30:00,911.3499755859375,917.4500122070312,901.75,909.8499755859375,844.9385986328125,257266,Lupin,India,LUPIN.NS
2014-01-20 18:30:00,910.25,915.9000244140625,905.3499755859375,907.5,842.7562866210938,321629,Lupin,India,LUPIN.NS
2014-01-21 18:30:00,910.0499877929688,932.0,902.4000244140625,926.9500122070312,860.8186645507812,562966,Lupin,India,LUPIN.NS
2014-01-22 18:30:00,927.0999755859375,937.6500244140625,915.25,921.9000244140625,856.1289672851562,317591,Lupin,India,LUPIN.NS
2014-01-23 18:30:00,920.0,927.7999877929688,908.0999755859375,913.75,848.5603637695312,252879,Lupin,India,LUPIN.NS
2014-01-26 18:30:00,908.0,917.9000244140625,892.0,896.4000244140625,832.4483032226562,445043,Lupin,India,LUPIN.NS
2014-01-27 18:30:00,900.0,901.0499877929688,871.75,876.25,813.7357788085938,527276,Lupin,India,LUPIN.NS
2014-01-28 18:30:00,879.2999877929688,888.5,862.0,866.25,804.4492797851562,697874,Lupin,India,LUPIN.NS
2014-01-29 18:30:00,871.0,883.9000244140625,855.4000244140625,869.8499755859375,807.79248046875,1528982,Lupin,India,LUPIN.NS
2014-01-30 18:30:00,874.0,891.4000244140625,865.5499877929688,881.9000244140625,818.9826049804688,498201,Lupin,India,LUPIN.NS
2014-02-02 18:30:00,882.0,925.0,882.0,921.7999877929688,856.0360717773438,2556001,Lupin,India,LUPIN.NS
2014-02-03 18:30:00,925.0,932.1500244140625,906.5499877929688,912.0499877929688,846.9817504882812,1509197,Lupin,India,LUPIN.NS
2014-02-04 18:30:00,915.0,923.0,908.2999877929688,915.4500122070312,850.1392211914062,437272,Lupin,India,LUPIN.NS
2014-02-05 18:30:00,916.0,922.7000122070312,902.6500244140625,908.9500122070312,844.1027221679688,367874,Lupin,India,LUPIN.NS
2014-02-06 18:30:00,912.9500122070312,923.5499877929688,911.1500244140625,919.2999877929688,853.7144775390625,457267,Lupin,India,LUPIN.NS
2014-02-09 18:30:00,923.0999755859375,930.9000244140625,917.7999877929688,924.5499877929688,858.5899658203125,330829,Lupin,India,LUPIN.NS
2014-02-10 18:30:00,926.2000122070312,926.25,910.2000122070312,913.2000122070312,848.0496215820312,244057,Lupin,India,LUPIN.NS
2014-02-11 18:30:00,915.2999877929688,920.9000244140625,907.75,910.0,845.077880859375,193919,Lupin,India,LUPIN.NS
2014-02-12 18:30:00,904.5,908.5,889.0499877929688,894.0499877929688,833.0120849609375,832679,Lupin,India,LUPIN.NS
2014-02-13 18:30:00,895.9500122070312,907.0,892.6500244140625,901.3499755859375,839.813720703125,293287,Lupin,India,LUPIN.NS
2014-02-16 18:30:00,900.0,917.6500244140625,899.25,914.2999877929688,851.8795166015625,286071,Lupin,India,LUPIN.NS
2014-02-17 18:30:00,920.0,931.0,915.4500122070312,922.75,859.752685546875,378643,Lupin,India,LUPIN.NS
2014-02-18 18:30:00,920.7000122070312,944.4500122070312,920.0999755859375,942.1500244140625,877.8282470703125,459407,Lupin,India,LUPIN.NS
2014-02-19 18:30:00,944.0,948.4000244140625,935.2000122070312,937.4500122070312,873.4490966796875,392575,Lupin,India,LUPIN.NS
2014-02-20 18:30:00,943.0,950.75,933.25,935.7999877929688,871.9118041992188,472259,Lupin,India,LUPIN.NS
2014-02-23 18:30:00,937.0,958.4000244140625,931.2999877929688,956.2000122070312,890.9190673828125,551076,Lupin,India,LUPIN.NS
2014-02-24 18:30:00,959.7999877929688,968.4000244140625,951.2000122070312,953.5499877929688,888.4500122070312,462199,Lupin,India,LUPIN.NS
2014-02-25 18:30:00,958.5999755859375,967.0999755859375,948.0,960.1500244140625,894.599365234375,651964,Lupin,India,LUPIN.NS
2014-02-27 18:30:00,951.5,1002.400024414062,951.0,995.4500122070312,927.4893798828125,1048807,Lupin,India,LUPIN.NS
2014-03-02 18:30:00,998.0,1002.0,976.5499877929688,982.75,915.656494140625,382069,Lupin,India,LUPIN.NS
2014-03-03 18:30:00,982.1500244140625,1003.700012207031,980.0,988.9500122070312,921.43310546875,572393,Lupin,India,LUPIN.NS
2014-03-04 18:30:00,994.5999755859375,999.6500244140625,983.0,988.8499755859375,921.3399658203125,346674,Lupin,India,LUPIN.NS
2014-03-05 18:30:00,990.0,993.9500122070312,974.6500244140625,982.7999877929688,915.7029418945312,423931,Lupin,India,LUPIN.NS
2014-03-06 18:30:00,988.0,993.2999877929688,952.4000244140625,966.2999877929688,900.3294677734375,682576,Lupin,India,LUPIN.NS
2014-03-09 18:30:00,974.0,979.75,954.0,958.25,892.8290405273438,520690,Lupin,India,LUPIN.NS
2014-03-10 18:30:00,960.9000244140625,972.7000122070312,953.1500244140625,963.3499755859375,897.5808715820312,371977,Lupin,India,LUPIN.NS
2014-03-11 18:30:00,963.0,974.9000244140625,959.0999755859375,961.0499877929688,895.4379272460938,272280,Lupin,India,LUPIN.NS
2014-03-12 18:30:00,965.0,970.0,946.0,948.7000122070312,883.9310913085938,423351,Lupin,India,LUPIN.NS
2014-03-13 18:30:00,948.75,958.5,942.2000122070312,944.5499877929688,880.064453125,259043,Lupin,India,LUPIN.NS
2014-03-17 18:30:00,948.0,951.3499755859375,927.0,930.0499877929688,866.5543212890625,483624,Lupin,India,LUPIN.NS
2014-03-18 18:30:00,934.9000244140625,949.6500244140625,932.0,944.6500244140625,880.157470703125,389030,Lupin,India,LUPIN.NS
2014-03-19 18:30:00,945.0,958.75,937.25,940.7999877929688,876.5704345703125,442705,Lupin,India,LUPIN.NS
2014-03-20 18:30:00,944.7000122070312,952.4000244140625,940.0,944.6500244140625,880.157470703125,402387,Lupin,India,LUPIN.NS
2014-03-23 18:30:00,952.0999755859375,959.3499755859375,947.5999755859375,953.5,888.4033203125,312312,Lupin,India,LUPIN.NS
2014-03-24 18:30:00,956.7000122070312,967.0,952.7999877929688,963.75,897.95361328125,458888,Lupin,India,LUPIN.NS
2014-03-25 18:30:00,968.0,970.0,929.0999755859375,936.75,872.7967529296875,742483,Lupin,India,LUPIN.NS
2014-03-26 18:30:00,942.0,946.0,923.0,933.9500122070312,870.18798828125,1469119,Lupin,India,LUPIN.NS
2014-03-27 18:30:00,939.0,955.0,930.2999877929688,947.25,882.5799560546875,457335,Lupin,India,LUPIN.NS
2014-03-30 18:30:00,956.2000122070312,956.2000122070312,920.0,933.1500244140625,869.4426879882812,491008,Lupin,India,LUPIN.NS
2014-03-31 18:30:00,939.7999877929688,949.2000122070312,933.2000122070312,945.0999755859375,880.576904296875,352819,Lupin,India,LUPIN.NS
2014-04-01 18:30:00,949.75,969.7000122070312,943.0,958.7999877929688,893.341552734375,584853,Lupin,India,LUPIN.NS
2014-04-02 18:30:00,965.0,983.7000122070312,954.0,978.3499755859375,911.5567016601562,526534,Lupin,India,LUPIN.NS
2014-04-03 18:30:00,980.9000244140625,992.7000122070312,970.5499877929688,977.0999755859375,910.3920288085938,587034,Lupin,India,LUPIN.NS
2014-04-06 18:30:00,978.0,986.7999877929688,958.0,960.75,895.1583862304688,415541,Lupin,India,LUPIN.NS
2014-04-08 18:30:00,967.9000244140625,983.0,960.75,973.4000244140625,906.94482421875,473382,Lupin,India,LUPIN.NS
2014-04-09 18:30:00,985.0,985.0,950.0,954.0,888.8690795898438,506174,Lupin,India,LUPIN.NS
2014-04-10 18:30:00,954.0,964.4500122070312,945.2999877929688,948.25,883.51171875,441236,Lupin,India,LUPIN.NS
2014-04-14 18:30:00,950.0,955.0,938.7000122070312,942.25,877.9214477539062,427727,Lupin,India,LUPIN.NS
2014-04-15 18:30:00,945.0499877929688,957.0,940.0999755859375,952.7000122070312,887.6578979492188,496943,Lupin,India,LUPIN.NS
2014-04-16 18:30:00,946.7000122070312,963.7999877929688,946.7000122070312,955.6500244140625,890.4066162109375,469473,Lupin,India,LUPIN.NS
2014-04-20 18:30:00,959.7999877929688,964.0,950.0999755859375,956.9000244140625,891.5711669921875,262571,Lupin,India,LUPIN.NS
2014-04-21 18:30:00,960.0,985.0,955.0,982.5999755859375,915.5166625976562,601636,Lupin,India,LUPIN.NS
2014-04-22 18:30:00,982.0,1001.700012207031,976.0499877929688,986.7000122070312,919.3367309570312,1468425,Lupin,India,LUPIN.NS
2014-04-23 18:30:00,986.7000122070312,986.7000122070312,986.7000122070312,986.7000122070312,919.3367309570312,0,Lupin,India,LUPIN.NS
2014-04-24 18:30:00,990.0,995.7999877929688,978.0,992.2999877929688,924.5543212890625,339271,Lupin,India,LUPIN.NS
2014-04-27 18:30:00,990.25,1014.0,990.25,999.3499755859375,931.1231079101562,749021,Lupin,India,LUPIN.NS
2014-04-28 18:30:00,1006.0,1007.900024414062,981.1500244140625,991.2000122070312,923.5294799804688,305959,Lupin,India,LUPIN.NS
2014-04-29 18:30:00,997.2000122070312,1010.0,982.2999877929688,989.5999755859375,922.0386962890625,321901,Lupin,India,LUPIN.NS
2014-05-01 18:30:00,994.0,1019.900024414062,988.0999755859375,1010.099975585938,941.1392211914062,598129,Lupin,India,LUPIN.NS
2014-05-04 18:30:00,1011.150024414062,1020.0,993.25,997.9000244140625,929.772216796875,362209,Lupin,India,LUPIN.NS
2014-05-05 18:30:00,1000.599975585938,1009.0,991.0,1002.349975585938,933.9182739257812,482621,Lupin,India,LUPIN.NS
2014-05-06 18:30:00,1008.0,1023.0,985.5,990.0,922.4114379882812,1665717,Lupin,India,LUPIN.NS
2014-05-07 18:30:00,995.0,999.0,964.5999755859375,979.2999877929688,912.44189453125,909150,Lupin,India,LUPIN.NS
2014-05-08 18:30:00,980.0,987.0,964.0499877929688,966.0,900.050048828125,578999,Lupin,India,LUPIN.NS
2014-05-11 18:30:00,974.7999877929688,977.1500244140625,951.25,959.0499877929688,893.5744018554688,557974,Lupin,India,LUPIN.NS
2014-05-12 18:30:00,968.0,969.9000244140625,955.0,965.0999755859375,899.2113647460938,509209,Lupin,India,LUPIN.NS
2014-05-13 18:30:00,966.0,983.4500122070312,964.75,965.9000244140625,899.9567260742188,476141,Lupin,India,LUPIN.NS
2014-05-14 18:30:00,967.25,973.7000122070312,938.7000122070312,953.3499755859375,888.2635498046875,612557,Lupin,India,LUPIN.NS
2014-05-15 18:30:00,951.2000122070312,981.9000244140625,945.0,958.6500244140625,893.2015991210938,877158,Lupin,India,LUPIN.NS
2014-05-18 18:30:00,960.0,967.0999755859375,905.0,914.2999877929688,851.8795166015625,1005532,Lupin,India,LUPIN.NS
2014-05-19 18:30:00,915.0,947.5999755859375,915.0,929.7999877929688,866.3214111328125,549852,Lupin,India,LUPIN.NS
2014-05-20 18:30:00,934.0,939.0,925.0,928.7000122070312,865.2965087890625,438104,Lupin,India,LUPIN.NS
2014-05-21 18:30:00,929.0,938.0,916.25,927.5,864.1784057617188,380200,Lupin,India,LUPIN.NS
2014-05-22 18:30:00,927.3499755859375,932.0,920.7000122070312,923.8499755859375,860.7776489257812,456261,Lupin,India,LUPIN.NS
2014-05-25 18:30:00,924.0,925.0499877929688,902.5999755859375,909.4000244140625,847.3140869140625,721571,Lupin,India,LUPIN.NS
2014-05-26 18:30:00,905.0,929.4500122070312,905.0,919.4500122070312,856.6780395507812,647189,Lupin,India,LUPIN.NS
2014-05-27 18:30:00,921.9000244140625,935.0,921.0,929.7000122070312,866.2282104492188,611134,Lupin,India,LUPIN.NS
2014-05-28 18:30:00,933.9000244140625,939.8499755859375,915.0999755859375,920.9000244140625,858.0289916992188,726439,Lupin,India,LUPIN.NS
2014-05-29 18:30:00,918.5,939.0499877929688,916.5499877929688,935.9500122070312,872.0514526367188,428295,Lupin,India,LUPIN.NS
2014-06-01 18:30:00,937.5,941.9500122070312,919.0,921.9500122070312,859.00732421875,327804,Lupin,India,LUPIN.NS
2014-06-02 18:30:00,930.0,930.0,913.7000122070312,915.7000122070312,853.1839599609375,305188,Lupin,India,LUPIN.NS
2014-06-03 18:30:00,917.1500244140625,927.2999877929688,913.0499877929688,924.6500244140625,861.5231323242188,266076,Lupin,India,LUPIN.NS
2014-06-04 18:30:00,925.0,934.0,920.1500244140625,926.8499755859375,863.57275390625,366156,Lupin,India,LUPIN.NS
2014-06-05 18:30:00,928.5,952.2000122070312,927.4500122070312,947.7000122070312,882.999267578125,636357,Lupin,India,LUPIN.NS
2014-06-08 18:30:00,955.0,969.4500122070312,954.0,957.5999755859375,892.2233276367188,632464,Lupin,India,LUPIN.NS
2014-06-09 18:30:00,963.5999755859375,981.4500122070312,960.0,976.2000122070312,909.553466796875,801246,Lupin,India,LUPIN.NS
2014-06-10 18:30:00,983.2999877929688,992.7999877929688,970.3499755859375,980.4000244140625,913.466796875,677391,Lupin,India,LUPIN.NS
2014-06-11 18:30:00,984.0,993.9000244140625,968.0,988.6500244140625,921.153564453125,445715,Lupin,India,LUPIN.NS
2014-06-12 18:30:00,990.0,994.5,974.6500244140625,983.4000244140625,916.261962890625,289493,Lupin,India,LUPIN.NS
2014-06-15 18:30:00,985.0,990.0,967.75,971.8499755859375,905.5005493164062,472113,Lupin,India,LUPIN.NS
2014-06-16 18:30:00,972.0999755859375,984.0,972.0999755859375,976.3499755859375,909.6932373046875,305720,Lupin,India,LUPIN.NS
2014-06-17 18:30:00,979.0,1006.0,974.0,999.1500244140625,930.9368286132812,696408,Lupin,India,LUPIN.NS
2014-06-18 18:30:00,1007.0,1019.0,998.0,1011.299987792969,942.2572631835938,756707,Lupin,India,LUPIN.NS
2014-06-19 18:30:00,1013.0,1015.549987792969,991.0,999.4500122070312,931.2163696289062,331860,Lupin,India,LUPIN.NS
2014-06-22 18:30:00,1004.0,1017.150024414062,1000.599975585938,1011.049987792969,942.0243530273438,399255,Lupin,India,LUPIN.NS
2014-06-23 18:30:00,1014.0,1016.049987792969,1004.0,1009.200012207031,940.3007202148438,342175,Lupin,India,LUPIN.NS
2014-06-24 18:30:00,1005.5,1032.5,1005.0,1023.799987792969,953.9038696289062,704156,Lupin,India,LUPIN.NS
2014-06-25 18:30:00,1030.0,1037.449951171875,1015.25,1028.599975585938,958.3761596679688,692943,Lupin,India,LUPIN.NS
2014-06-26 18:30:00,1029.0,1053.800048828125,1029.0,1048.349975585938,976.7777709960938,540528,Lupin,India,LUPIN.NS
2014-06-29 18:30:00,1050.0,1058.900024414062,1041.599975585938,1048.050048828125,976.4984741210938,377580,Lupin,India,LUPIN.NS
2014-06-30 18:30:00,1051.0,1062.900024414062,1038.0,1049.550048828125,977.8958740234375,347061,Lupin,India,LUPIN.NS
2014-07-01 18:30:00,1051.25,1079.199951171875,1045.5,1074.199951171875,1000.862854003906,457145,Lupin,India,LUPIN.NS
2014-07-02 18:30:00,1075.0,1091.900024414062,1070.550048828125,1082.050048828125,1008.177124023438,395486,Lupin,India,LUPIN.NS
2014-07-03 18:30:00,1082.050048828125,1104.0,1082.050048828125,1088.449951171875,1014.139892578125,486465,Lupin,India,LUPIN.NS
2014-07-06 18:30:00,1095.0,1095.199951171875,1072.800048828125,1078.099975585938,1004.496948242188,306694,Lupin,India,LUPIN.NS
2014-07-07 18:30:00,1075.0,1094.300048828125,1040.849975585938,1058.699951171875,986.4210815429688,357539,Lupin,India,LUPIN.NS
2014-07-08 18:30:00,1058.699951171875,1068.949951171875,1021.099975585938,1038.400024414062,967.507080078125,415780,Lupin,India,LUPIN.NS
2014-07-09 18:30:00,1028.349975585938,1054.900024414062,1014.0,1039.449951171875,968.4852905273438,490532,Lupin,India,LUPIN.NS
2014-07-10 18:30:00,1029.300048828125,1071.0,1025.0,1053.25,981.34326171875,516788,Lupin,India,LUPIN.NS
2014-07-13 18:30:00,1045.0,1065.949951171875,1042.449951171875,1057.900024414062,985.6757202148438,305994,Lupin,India,LUPIN.NS
2014-07-14 18:30:00,1060.0,1062.349975585938,1046.5,1056.25,984.1383666992188,481715,Lupin,India,LUPIN.NS
2014-07-15 18:30:00,1052.150024414062,1072.449951171875,1050.5,1064.449951171875,991.7786865234375,456972,Lupin,India,LUPIN.NS
2014-07-16 18:30:00,1060.0,1095.0,1060.0,1091.650024414062,1017.121704101562,441512,Lupin,India,LUPIN.NS
2014-07-17 18:30:00,1092.0,1094.900024414062,1078.900024414062,1088.0,1013.720886230469,264738,Lupin,India,LUPIN.NS
2014-07-20 18:30:00,1088.0,1093.699951171875,1076.099975585938,1082.199951171875,1011.104675292969,270451,Lupin,India,LUPIN.NS
2014-07-21 18:30:00,1082.5,1105.0,1081.0,1097.300048828125,1025.212768554688,599752,Lupin,India,LUPIN.NS
2014-07-22 18:30:00,1104.099975585938,1110.5,1085.5,1091.150024414062,1019.466613769531,402682,Lupin,India,LUPIN.NS
2014-07-23 18:30:00,1093.5,1107.0,1077.300048828125,1094.400024414062,1022.503173828125,343726,Lupin,India,LUPIN.NS
2014-07-24 18:30:00,1095.900024414062,1134.599975585938,1095.900024414062,1129.900024414062,1055.671142578125,676670,Lupin,India,LUPIN.NS
2014-07-27 18:30:00,1129.900024414062,1139.0,1110.099975585938,1118.650024414062,1045.160278320312,334086,Lupin,India,LUPIN.NS
2014-07-29 18:30:00,1128.400024414062,1192.449951171875,1112.599975585938,1173.5,1096.406860351562,2127298,Lupin,India,LUPIN.NS
2014-07-30 18:30:00,1184.800048828125,1210.5,1157.199951171875,1181.75,1104.11474609375,1779924,Lupin,India,LUPIN.NS
2014-07-31 18:30:00,1173.25,1200.0,1157.050048828125,1165.400024414062,1088.83935546875,755393,Lupin,India,LUPIN.NS
2014-08-03 18:30:00,1168.0,1184.900024414062,1168.0,1177.599975585938,1100.237548828125,280532,Lupin,India,LUPIN.NS
2014-08-04 18:30:00,1183.449951171875,1189.900024414062,1168.050048828125,1176.5,1099.209716796875,297603,Lupin,India,LUPIN.NS
2014-08-05 18:30:00,1168.25,1184.449951171875,1164.0,1166.199951171875,1089.58642578125,370998,Lupin,India,LUPIN.NS
2014-08-06 18:30:00,1170.0,1176.349975585938,1150.550048828125,1161.650024414062,1085.335327148438,431903,Lupin,India,LUPIN.NS
2014-08-07 18:30:00,1153.0,1171.800048828125,1107.300048828125,1160.449951171875,1084.21435546875,482120,Lupin,India,LUPIN.NS
2014-08-10 18:30:00,1167.0,1171.699951171875,1155.0,1158.849975585938,1082.71923828125,330990,Lupin,India,LUPIN.NS
2014-08-11 18:30:00,1155.150024414062,1171.0,1152.050048828125,1164.699951171875,1088.18505859375,543600,Lupin,India,LUPIN.NS
2014-08-12 18:30:00,1164.0,1175.0,1156.900024414062,1164.75,1088.231689453125,312261,Lupin,India,LUPIN.NS
2014-08-13 18:30:00,1169.75,1191.800048828125,1165.5,1183.400024414062,1105.656372070312,525027,Lupin,India,LUPIN.NS
2014-08-17 18:30:00,1184.550048828125,1205.5,1182.349975585938,1201.300048828125,1122.380615234375,401204,Lupin,India,LUPIN.NS
2014-08-18 18:30:00,1200.5,1220.400024414062,1194.599975585938,1218.0,1137.983276367188,394599,Lupin,India,LUPIN.NS
2014-08-19 18:30:00,1218.0,1251.599975585938,1212.0,1246.050048828125,1164.190795898438,625778,Lupin,India,LUPIN.NS
2014-08-20 18:30:00,1235.150024414062,1247.300048828125,1230.050048828125,1237.699951171875,1156.389282226562,293502,Lupin,India,LUPIN.NS
2014-08-21 18:30:00,1246.900024414062,1256.849975585938,1231.099975585938,1250.550048828125,1168.394897460938,343719,Lupin,India,LUPIN.NS
2014-08-24 18:30:00,1250.599975585938,1267.0,1245.699951171875,1263.349975585938,1180.354125976562,294421,Lupin,India,LUPIN.NS
2014-08-25 18:30:00,1266.800048828125,1292.0,1258.400024414062,1288.0,1203.384887695312,397132,Lupin,India,LUPIN.NS
2014-08-26 18:30:00,1290.900024414062,1308.0,1286.300048828125,1289.650024414062,1204.926147460938,484774,Lupin,India,LUPIN.NS
2014-08-27 18:30:00,1294.449951171875,1300.0,1280.0,1285.400024414062,1200.955688476562,588523,Lupin,India,LUPIN.NS
2014-08-31 18:30:00,1290.0,1299.0,1280.199951171875,1289.849975585938,1205.113403320312,450416,Lupin,India,LUPIN.NS
2014-09-01 18:30:00,1285.0,1322.800048828125,1284.0,1308.599975585938,1222.631591796875,512749,Lupin,India,LUPIN.NS
2014-09-02 18:30:00,1308.0,1320.0,1296.050048828125,1312.599975585938,1226.36865234375,454741,Lupin,India,LUPIN.NS
2014-09-03 18:30:00,1315.0,1332.900024414062,1308.550048828125,1325.699951171875,1238.608276367188,426180,Lupin,India,LUPIN.NS
2014-09-04 18:30:00,1323.0,1331.449951171875,1315.0,1328.25,1240.990600585938,285747,Lupin,India,LUPIN.NS
2014-09-07 18:30:00,1335.050048828125,1346.400024414062,1329.449951171875,1338.449951171875,1250.5205078125,418635,Lupin,India,LUPIN.NS
2014-09-08 18:30:00,1338.0,1354.0,1329.849975585938,1348.099975585938,1259.536743164062,226047,Lupin,India,LUPIN.NS
2014-09-09 18:30:00,1354.0,1360.0,1337.300048828125,1343.300048828125,1255.052001953125,249973,Lupin,India,LUPIN.NS
2014-09-10 18:30:00,1350.0,1351.849975585938,1315.599975585938,1319.050048828125,1232.39501953125,341216,Lupin,India,LUPIN.NS
2014-09-11 18:30:00,1315.099975585938,1365.0,1306.800048828125,1359.0,1269.720581054688,434514,Lupin,India,LUPIN.NS
2014-09-14 18:30:00,1359.0,1424.0,1351.800048828125,1415.900024414062,1322.882202148438,800761,Lupin,India,LUPIN.NS
2014-09-15 18:30:00,1427.0,1442.150024414062,1350.0,1360.900024414062,1271.49560546875,1175412,Lupin,India,LUPIN.NS
2014-09-16 18:30:00,1380.0,1394.400024414062,1340.550048828125,1364.699951171875,1275.0458984375,588363,Lupin,India,LUPIN.NS
2014-09-17 18:30:00,1375.5,1390.400024414062,1360.0,1377.5,1287.005004882812,437574,Lupin,India,LUPIN.NS
2014-09-18 18:30:00,1380.0,1411.900024414062,1365.550048828125,1400.849975585938,1308.821166992188,615969,Lupin,India,LUPIN.NS
2014-09-21 18:30:00,1399.949951171875,1414.0,1376.099975585938,1390.300048828125,1298.964233398438,423206,Lupin,India,LUPIN.NS
2014-09-22 18:30:00,1398.0,1398.0,1351.0,1357.150024414062,1267.991943359375,577525,Lupin,India,LUPIN.NS
2014-09-23 18:30:00,1354.5,1375.0,1343.0,1367.25,1277.428466796875,571982,Lupin,India,LUPIN.NS
2014-09-24 18:30:00,1358.0,1391.800048828125,1350.900024414062,1361.699951171875,1272.243041992188,884330,Lupin,India,LUPIN.NS
2014-09-25 18:30:00,1355.050048828125,1389.900024414062,1355.050048828125,1379.550048828125,1288.920288085938,355127,Lupin,India,LUPIN.NS
2014-09-28 18:30:00,1376.099975585938,1401.650024414062,1374.400024414062,1395.949951171875,1304.242797851562,270522,Lupin,India,LUPIN.NS
2014-09-29 18:30:00,1398.0,1405.0,1384.0,1395.650024414062,1303.962646484375,275329,Lupin,India,LUPIN.NS
2014-09-30 18:30:00,1389.0,1402.0,1379.900024414062,1386.800048828125,1295.694213867188,336948,Lupin,India,LUPIN.NS
2014-10-06 18:30:00,1381.150024414062,1392.849975585938,1364.900024414062,1368.050048828125,1278.17578125,290648,Lupin,India,LUPIN.NS
2014-10-07 18:30:00,1368.0,1375.800048828125,1320.050048828125,1331.25,1243.793579101562,602530,Lupin,India,LUPIN.NS
2014-10-08 18:30:00,1330.0,1356.300048828125,1327.0,1338.300048828125,1250.380493164062,612969,Lupin,India,LUPIN.NS
2014-10-09 18:30:00,1332.099975585938,1340.0,1320.0,1328.050048828125,1240.803833007812,460552,Lupin,India,LUPIN.NS
2014-10-12 18:30:00,1335.0,1366.0,1317.800048828125,1327.25,1240.05615234375,824107,Lupin,India,LUPIN.NS
2014-10-13 18:30:00,1333.099975585938,1347.900024414062,1321.699951171875,1330.449951171875,1243.0458984375,626935,Lupin,India,LUPIN.NS
2014-10-14 18:30:00,1330.449951171875,1330.449951171875,1330.449951171875,1330.449951171875,1243.0458984375,0,Lupin,India,LUPIN.NS
2014-10-15 18:30:00,1320.0,1345.0,1307.650024414062,1318.900024414062,1232.2548828125,366995,Lupin,India,LUPIN.NS
2014-10-16 18:30:00,1318.0,1352.5,1307.199951171875,1347.150024414062,1258.648803710938,441684,Lupin,India,LUPIN.NS
2014-10-19 18:30:00,1359.0,1392.300048828125,1346.400024414062,1386.800048828125,1295.694213867188,503806,Lupin,India,LUPIN.NS
2014-10-20 18:30:00,1387.900024414062,1399.199951171875,1350.099975585938,1367.75,1277.895629882812,501834,Lupin,India,LUPIN.NS
2014-10-21 18:30:00,1374.849975585938,1390.050048828125,1361.650024414062,1388.900024414062,1297.65625,380637,Lupin,India,LUPIN.NS
2014-10-26 18:30:00,1395.0,1398.0,1380.099975585938,1393.25,1301.720458984375,312500,Lupin,India,LUPIN.NS
2014-10-27 18:30:00,1400.0,1408.800048828125,1320.0,1357.550048828125,1268.365356445312,2807638,Lupin,India,LUPIN.NS
2014-10-28 18:30:00,1365.0,1375.0,1346.75,1356.400024414062,1267.291137695312,817502,Lupin,India,LUPIN.NS
2014-10-29 18:30:00,1361.0,1369.050048828125,1341.5,1345.300048828125,1256.920532226562,691683,Lupin,India,LUPIN.NS
2014-10-30 18:30:00,1351.0,1375.0,1351.0,1369.050048828125,1279.109985351562,556462,Lupin,India,LUPIN.NS
2014-11-02 18:30:00,1371.0,1377.849975585938,1356.050048828125,1359.349975585938,1270.047241210938,474333,Lupin,India,LUPIN.NS
2014-11-04 18:30:00,1364.0,1390.0,1359.0,1381.300048828125,1290.555541992188,553093,Lupin,India,LUPIN.NS
2014-11-06 18:30:00,1388.25,1426.300048828125,1377.349975585938,1419.349975585938,1326.105590820312,750476,Lupin,India,LUPIN.NS
2014-11-09 18:30:00,1426.900024414062,1444.900024414062,1409.599975585938,1430.949951171875,1336.943481445312,786465,Lupin,India,LUPIN.NS
2014-11-10 18:30:00,1439.0,1441.800048828125,1421.25,1430.400024414062,1336.429809570312,396272,Lupin,India,LUPIN.NS
2014-11-11 18:30:00,1437.349975585938,1438.400024414062,1417.800048828125,1422.900024414062,1329.4228515625,320608,Lupin,India,LUPIN.NS
2014-11-12 18:30:00,1425.0,1458.75,1425.0,1438.199951171875,1343.717163085938,762149,Lupin,India,LUPIN.NS
2014-11-13 18:30:00,1439.0,1455.0,1431.25,1443.949951171875,1349.089721679688,406294,Lupin,India,LUPIN.NS
2014-11-16 18:30:00,1442.099975585938,1456.0,1429.0,1446.449951171875,1351.42529296875,441497,Lupin,India,LUPIN.NS
2014-11-17 18:30:00,1448.0,1468.699951171875,1438.699951171875,1447.650024414062,1352.546752929688,372850,Lupin,India,LUPIN.NS
2014-11-18 18:30:00,1450.0,1462.900024414062,1441.0,1449.349975585938,1354.134765625,260270,Lupin,India,LUPIN.NS
2014-11-19 18:30:00,1451.900024414062,1472.0,1451.0,1468.599975585938,1372.120239257812,409909,Lupin,India,LUPIN.NS
2014-11-20 18:30:00,1475.0,1479.5,1452.150024414062,1463.25,1367.121704101562,348256,Lupin,India,LUPIN.NS
2014-11-23 18:30:00,1490.150024414062,1495.0,1458.75,1473.300048828125,1376.511352539062,734419,Lupin,India,LUPIN.NS
2014-11-24 18:30:00,1470.0,1474.5,1430.300048828125,1456.099975585938,1360.44140625,387006,Lupin,India,LUPIN.NS
2014-11-25 18:30:00,1461.449951171875,1467.0,1436.5,1440.400024414062,1345.77294921875,469285,Lupin,India,LUPIN.NS
2014-11-26 18:30:00,1444.0,1456.400024414062,1431.0,1448.900024414062,1353.714477539062,713124,Lupin,India,LUPIN.NS
2014-11-27 18:30:00,1460.0,1484.5,1450.0,1480.449951171875,1383.191650390625,435077,Lupin,India,LUPIN.NS
2014-11-30 18:30:00,1480.449951171875,1497.5,1456.550048828125,1460.849975585938,1364.879150390625,494358,Lupin,India,LUPIN.NS
2014-12-01 18:30:00,1461.099975585938,1480.849975585938,1454.599975585938,1477.900024414062,1380.809326171875,281374,Lupin,India,LUPIN.NS
2014-12-02 18:30:00,1480.0,1483.0,1465.0,1470.099975585938,1373.521606445312,354695,Lupin,India,LUPIN.NS
2014-12-03 18:30:00,1475.0,1493.0,1468.5,1481.900024414062,1384.54638671875,450303,Lupin,India,LUPIN.NS
2014-12-04 18:30:00,1489.900024414062,1494.75,1470.75,1474.25,1377.399047851562,173494,Lupin,India,LUPIN.NS
2014-12-07 18:30:00,1475.099975585938,1478.75,1452.0,1456.300048828125,1360.628540039062,164032,Lupin,India,LUPIN.NS
2014-12-08 18:30:00,1457.099975585938,1466.949951171875,1419.900024414062,1432.5,1338.391723632812,507221,Lupin,India,LUPIN.NS
2014-12-09 18:30:00,1422.0,1450.0,1422.0,1431.150024414062,1337.13037109375,458687,Lupin,India,LUPIN.NS
2014-12-10 18:30:00,1431.150024414062,1446.5,1417.849975585938,1437.050048828125,1342.642944335938,409155,Lupin,India,LUPIN.NS
2014-12-11 18:30:00,1460.0,1464.900024414062,1444.0,1449.849975585938,1354.601928710938,456844,Lupin,India,LUPIN.NS
2014-12-14 18:30:00,1452.0,1458.650024414062,1437.5,1445.900024414062,1350.911499023438,279748,Lupin,India,LUPIN.NS
2014-12-15 18:30:00,1436.050048828125,1447.0,1418.0,1425.25,1331.6181640625,376895,Lupin,India,LUPIN.NS
2014-12-16 18:30:00,1416.800048828125,1424.949951171875,1342.400024414062,1392.550048828125,1301.06640625,853528,Lupin,India,LUPIN.NS
2014-12-17 18:30:00,1400.0,1429.75,1393.0,1425.550048828125,1331.898559570312,332980,Lupin,India,LUPIN.NS
2014-12-18 18:30:00,1430.349975585938,1439.800048828125,1413.199951171875,1418.050048828125,1324.89111328125,282663,Lupin,India,LUPIN.NS
2014-12-21 18:30:00,1420.099975585938,1444.900024414062,1411.75,1441.199951171875,1346.520141601562,395409,Lupin,India,LUPIN.NS
2014-12-22 18:30:00,1445.0,1462.599975585938,1431.199951171875,1437.800048828125,1343.343505859375,390376,Lupin,India,LUPIN.NS
2014-12-23 18:30:00,1442.400024414062,1445.0,1394.300048828125,1401.099975585938,1309.0546875,1224810,Lupin,India,LUPIN.NS
2014-12-25 18:30:00,1407.0,1416.0,1392.050048828125,1406.949951171875,1314.520263671875,229737,Lupin,India,LUPIN.NS
2014-12-28 18:30:00,1424.900024414062,1436.949951171875,1414.599975585938,1432.5,1338.391723632812,292338,Lupin,India,LUPIN.NS
2014-12-29 18:30:00,1434.050048828125,1440.900024414062,1408.349975585938,1427.800048828125,1334.000610351562,251311,Lupin,India,LUPIN.NS
2014-12-30 18:30:00,1440.0,1441.25,1422.0,1427.949951171875,1334.140747070312,271892,Lupin,India,LUPIN.NS
2014-12-31 18:30:00,1428.400024414062,1435.800048828125,1424.099975585938,1429.199951171875,1335.308471679688,119605,Lupin,India,LUPIN.NS
2015-01-01 18:30:00,1435.0,1442.5,1428.050048828125,1432.300048828125,1338.205078125,247162,Lupin,India,LUPIN.NS
2015-01-04 18:30:00,1434.150024414062,1441.650024414062,1425.25,1430.300048828125,1336.33642578125,211101,Lupin,India,LUPIN.NS
2015-01-05 18:30:00,1425.0,1428.949951171875,1386.300048828125,1395.849975585938,1304.149536132812,405597,Lupin,India,LUPIN.NS
2015-01-06 18:30:00,1395.849975585938,1401.599975585938,1365.349975585938,1377.599975585938,1287.098510742188,483850,Lupin,India,LUPIN.NS
2015-01-07 18:30:00,1385.0,1412.849975585938,1380.0,1407.949951171875,1315.45458984375,340287,Lupin,India,LUPIN.NS
2015-01-08 18:30:00,1411.0,1425.5,1405.5,1420.699951171875,1327.367065429688,317299,Lupin,India,LUPIN.NS
2015-01-11 18:30:00,1422.650024414062,1435.0,1415.699951171875,1431.0,1336.990356445312,218007,Lupin,India,LUPIN.NS
2015-01-12 18:30:00,1432.199951171875,1451.0,1421.0,1433.050048828125,1338.90576171875,340354,Lupin,India,LUPIN.NS
2015-01-13 18:30:00,1431.0,1438.0,1410.0,1423.349975585938,1329.842895507812,184846,Lupin,India,LUPIN.NS
2015-01-14 18:30:00,1438.0,1459.5,1395.800048828125,1437.150024414062,1342.736450195312,433511,Lupin,India,LUPIN.NS
2015-01-15 18:30:00,1433.0,1448.0,1426.0,1428.050048828125,1334.234130859375,236647,Lupin,India,LUPIN.NS
2015-01-18 18:30:00,1431.0,1467.5,1430.0,1463.5,1367.355224609375,390371,Lupin,India,LUPIN.NS
2015-01-19 18:30:00,1473.599975585938,1479.800048828125,1454.0,1475.699951171875,1378.753784179688,370117,Lupin,India,LUPIN.NS
2015-01-20 18:30:00,1479.0,1488.400024414062,1461.5,1484.800048828125,1387.256103515625,388480,Lupin,India,LUPIN.NS
2015-01-21 18:30:00,1495.0,1519.75,1483.0,1503.449951171875,1404.680786132812,800501,Lupin,India,LUPIN.NS
2015-01-22 18:30:00,1524.449951171875,1524.449951171875,1470.0,1489.449951171875,1391.600341796875,617287,Lupin,India,LUPIN.NS
2015-01-26 18:30:00,1489.0,1529.400024414062,1475.550048828125,1524.25,1424.114624023438,641940,Lupin,India,LUPIN.NS
2015-01-27 18:30:00,1521.900024414062,1533.5,1501.800048828125,1515.5,1415.939208984375,643871,Lupin,India,LUPIN.NS
2015-01-28 18:30:00,1535.699951171875,1562.949951171875,1521.0,1554.550048828125,1452.423706054688,1189408,Lupin,India,LUPIN.NS
2015-01-29 18:30:00,1555.0,1591.150024414062,1545.0,1585.300048828125,1481.153930664062,648933,Lupin,India,LUPIN.NS
2015-02-01 18:30:00,1587.0,1606.0,1545.150024414062,1554.699951171875,1452.56396484375,541843,Lupin,India,LUPIN.NS
2015-02-02 18:30:00,1562.75,1577.0,1523.0,1546.349975585938,1444.762329101562,808855,Lupin,India,LUPIN.NS
2015-02-03 18:30:00,1558.900024414062,1600.0,1550.050048828125,1579.650024414062,1475.874877929688,450821,Lupin,India,LUPIN.NS
2015-02-04 18:30:00,1580.0,1610.0,1559.150024414062,1578.300048828125,1474.61376953125,497609,Lupin,India,LUPIN.NS
2015-02-05 18:30:00,1578.099975585938,1588.0,1552.800048828125,1567.699951171875,1464.7099609375,234610,Lupin,India,LUPIN.NS
2015-02-08 18:30:00,1560.0,1572.25,1540.25,1546.150024414062,1444.575561523438,283211,Lupin,India,LUPIN.NS
2015-02-09 18:30:00,1546.949951171875,1570.75,1542.050048828125,1562.949951171875,1460.271850585938,318035,Lupin,India,LUPIN.NS
2015-02-10 18:30:00,1568.0,1599.949951171875,1556.400024414062,1590.5,1486.012084960938,400919,Lupin,India,LUPIN.NS
2015-02-11 18:30:00,1600.0,1633.849975585938,1586.099975585938,1617.699951171875,1511.425048828125,348159,Lupin,India,LUPIN.NS
2015-02-12 18:30:00,1683.0,1692.150024414062,1644.150024414062,1679.449951171875,1569.118408203125,1764074,Lupin,India,LUPIN.NS
2015-02-15 18:30:00,1688.0,1689.800048828125,1657.800048828125,1662.25,1553.048583984375,830177,Lupin,India,LUPIN.NS
2015-02-17 18:30:00,1684.949951171875,1687.199951171875,1664.0,1681.849975585938,1571.360717773438,664131,Lupin,India,LUPIN.NS
2015-02-18 18:30:00,1687.0,1705.5,1674.400024414062,1686.5,1575.705322265625,905398,Lupin,India,LUPIN.NS
2015-02-19 18:30:00,1688.0,1698.599975585938,1676.050048828125,1691.349975585938,1580.236694335938,611265,Lupin,India,LUPIN.NS
2015-02-22 18:30:00,1685.0,1703.0,1601.199951171875,1648.900024414062,1540.575439453125,2661139,Lupin,India,LUPIN.NS
2015-02-23 18:30:00,1650.099975585938,1668.0,1624.0,1661.800048828125,1552.627807617188,713170,Lupin,India,LUPIN.NS
2015-02-24 18:30:00,1667.0,1670.0,1648.449951171875,1664.300048828125,1554.963745117188,1030353,Lupin,India,LUPIN.NS
2015-02-25 18:30:00,1665.0,1716.0,1648.0,1697.550048828125,1586.029418945312,4295665,Lupin,India,LUPIN.NS
2015-02-26 18:30:00,1700.0,1745.150024414062,1700.0,1737.5,1623.35498046875,1319802,Lupin,India,LUPIN.NS
2015-03-01 18:30:00,1749.0,1808.800048828125,1743.0,1796.949951171875,1678.899169921875,727102,Lupin,India,LUPIN.NS
2015-03-02 18:30:00,1795.0,1826.0,1785.0,1802.349975585938,1683.944458007812,764844,Lupin,India,LUPIN.NS
2015-03-03 18:30:00,1815.949951171875,1833.900024414062,1769.300048828125,1787.25,1669.836547851562,812954,Lupin,India,LUPIN.NS
2015-03-04 18:30:00,1781.099975585938,1843.400024414062,1776.050048828125,1838.150024414062,1717.392700195312,990561,Lupin,India,LUPIN.NS
2015-03-08 18:30:00,1836.699951171875,1879.800048828125,1830.0,1869.5,1746.682861328125,1055203,Lupin,India,LUPIN.NS
2015-03-09 18:30:00,1884.400024414062,1917.300048828125,1870.0,1898.400024414062,1773.684692382812,1443134,Lupin,India,LUPIN.NS
2015-03-10 18:30:00,1904.400024414062,1905.0,1859.900024414062,1872.0,1749.018920898438,939918,Lupin,India,LUPIN.NS
2015-03-11 18:30:00,1875.0,1889.849975585938,1860.0,1883.349975585938,1759.623168945312,980143,Lupin,India,LUPIN.NS
2015-03-12 18:30:00,1888.0,1905.949951171875,1865.5,1877.349975585938,1754.017456054688,927786,Lupin,India,LUPIN.NS
2015-03-15 18:30:00,1880.0,1894.0,1861.0,1864.550048828125,1742.058227539062,817248,Lupin,India,LUPIN.NS
2015-03-16 18:30:00,1874.800048828125,1894.0,1865.150024414062,1876.650024414062,1753.363647460938,631130,Lupin,India,LUPIN.NS
2015-03-17 18:30:00,1884.900024414062,1898.0,1866.300048828125,1873.400024414062,1750.327026367188,694160,Lupin,India,LUPIN.NS
2015-03-18 18:30:00,1900.099975585938,1959.349975585938,1882.599975585938,1921.650024414062,1795.407104492188,1675344,Lupin,India,LUPIN.NS
2015-03-19 18:30:00,1934.0,1955.849975585938,1884.900024414062,1906.300048828125,1781.0654296875,2981480,Lupin,India,LUPIN.NS
2015-03-22 18:30:00,1912.0,1936.900024414062,1895.0,1921.5,1795.266967773438,790809,Lupin,India,LUPIN.NS
2015-03-23 18:30:00,1931.0,2025.0,1923.349975585938,2007.900024414062,1875.991088867188,1531299,Lupin,India,LUPIN.NS
2015-03-24 18:30:00,2031.300048828125,2036.949951171875,1987.0,2008.900024414062,1876.92529296875,1903474,Lupin,India,LUPIN.NS
2015-03-25 18:30:00,1990.0,2013.5,1953.25,1972.949951171875,1843.3369140625,1844899,Lupin,India,LUPIN.NS
2015-03-26 18:30:00,1975.0,1988.5,1948.0,1954.800048828125,1826.37939453125,1491483,Lupin,India,LUPIN.NS
2015-03-29 18:30:00,1979.0,2012.599975585938,1960.0,1999.0,1867.675537109375,1045647,Lupin,India,LUPIN.NS
2015-03-30 18:30:00,2010.75,2028.800048828125,1994.449951171875,2008.400024414062,1876.4580078125,872470,Lupin,India,LUPIN.NS
2015-03-31 18:30:00,2008.0,2044.900024414062,2004.050048828125,2037.5,1903.646118164062,765868,Lupin,India,LUPIN.NS
2015-04-05 18:30:00,2039.650024414062,2095.0,2039.0,2088.25,1951.062133789062,876067,Lupin,India,LUPIN.NS
2015-04-06 18:30:00,2100.0,2109.60009765625,2059.75,2091.60009765625,1954.192138671875,907918,Lupin,India,LUPIN.NS
2015-04-07 18:30:00,2114.89990234375,2115.0,2066.89990234375,2082.10009765625,1945.316528320312,1004484,Lupin,India,LUPIN.NS
2015-04-08 18:30:00,2090.0,2090.0,2004.449951171875,2015.75,1883.325439453125,1552419,Lupin,India,LUPIN.NS
2015-04-09 18:30:00,2025.099975585938,2025.800048828125,1958.300048828125,1964.199951171875,1835.16162109375,2428315,Lupin,India,LUPIN.NS
2015-04-12 18:30:00,1973.900024414062,1992.800048828125,1965.0,1981.5,1851.3251953125,1082692,Lupin,India,LUPIN.NS
2015-04-14 18:30:00,1994.5,1998.0,1929.0,1951.449951171875,1823.24951171875,1848462,Lupin,India,LUPIN.NS
2015-04-15 18:30:00,1944.0,1944.0,1862.849975585938,1900.5,1775.646606445312,1899659,Lupin,India,LUPIN.NS
2015-04-16 18:30:00,1898.199951171875,1898.199951171875,1739.550048828125,1770.050048828125,1653.7666015625,4494033,Lupin,India,LUPIN.NS
2015-04-19 18:30:00,1776.599975585938,1819.5,1750.0,1786.949951171875,1669.55615234375,2341241,Lupin,India,LUPIN.NS
2015-04-20 18:30:00,1774.0,1802.0,1721.0,1759.650024414062,1644.0498046875,1529639,Lupin,India,LUPIN.NS
2015-04-21 18:30:00,1768.0,1777.0,1734.0,1750.5,1635.500854492188,1854083,Lupin,India,LUPIN.NS
2015-04-22 18:30:00,1760.300048828125,1779.949951171875,1721.550048828125,1725.849975585938,1612.469970703125,1467466,Lupin,India,LUPIN.NS
2015-04-23 18:30:00,1735.0,1777.0,1712.150024414062,1757.150024414062,1641.713989257812,1336141,Lupin,India,LUPIN.NS
2015-04-26 18:30:00,1768.900024414062,1769.0,1683.050048828125,1723.150024414062,1609.94775390625,1130545,Lupin,India,LUPIN.NS
2015-04-27 18:30:00,1716.5,1740.0,1687.650024414062,1721.75,1608.6396484375,1110899,Lupin,India,LUPIN.NS
2015-04-28 18:30:00,1707.150024414062,1768.0,1707.150024414062,1744.099975585938,1629.521118164062,977628,Lupin,India,LUPIN.NS
2015-04-29 18:30:00,1749.800048828125,1785.0,1730.0,1772.550048828125,1656.102416992188,1877832,Lupin,India,LUPIN.NS
2015-05-03 18:30:00,1781.400024414062,1823.900024414062,1777.0,1814.849975585938,1695.623046875,1013954,Lupin,India,LUPIN.NS
2015-05-04 18:30:00,1810.0,1829.699951171875,1795.300048828125,1811.75,1692.72705078125,742863,Lupin,India,LUPIN.NS
2015-05-05 18:30:00,1808.0,1818.0,1738.300048828125,1754.849975585938,1639.565063476562,1454710,Lupin,India,LUPIN.NS
2015-05-06 18:30:00,1760.0,1760.0,1691.099975585938,1741.0,1626.624877929688,1339758,Lupin,India,LUPIN.NS
2015-05-07 18:30:00,1747.0,1786.900024414062,1741.0,1770.349975585938,1654.046752929688,879493,Lupin,India,LUPIN.NS
2015-05-10 18:30:00,1764.949951171875,1788.900024414062,1730.0,1769.900024414062,1653.626342773438,1358706,Lupin,India,LUPIN.NS
2015-05-11 18:30:00,1770.0,1771.900024414062,1736.0,1748.25,1633.398559570312,986165,Lupin,India,LUPIN.NS
2015-05-12 18:30:00,1770.0,1804.949951171875,1678.5,1689.5,1578.50830078125,5146183,Lupin,India,LUPIN.NS
2015-05-13 18:30:00,1654.0,1654.0,1588.25,1631.949951171875,1524.738891601562,4569440,Lupin,India,LUPIN.NS
2015-05-14 18:30:00,1644.5,1695.800048828125,1636.0,1684.25,1573.603149414062,2643591,Lupin,India,LUPIN.NS
2015-05-17 18:30:00,1699.400024414062,1746.0,1696.0,1732.550048828125,1618.730102539062,1973158,Lupin,India,LUPIN.NS
2015-05-18 18:30:00,1739.0,1741.0,1696.099975585938,1723.300048828125,1610.087890625,1741536,Lupin,India,LUPIN.NS
2015-05-19 18:30:00,1734.0,1746.900024414062,1706.099975585938,1721.150024414062,1608.079345703125,1702941,Lupin,India,LUPIN.NS
2015-05-20 18:30:00,1727.400024414062,1731.150024414062,1699.0,1709.099975585938,1596.820434570312,1313406,Lupin,India,LUPIN.NS
2015-05-21 18:30:00,1718.550048828125,1743.949951171875,1701.449951171875,1735.199951171875,1621.205688476562,1284351,Lupin,India,LUPIN.NS
2015-05-24 18:30:00,1749.599975585938,1780.0,1735.099975585938,1753.0,1637.836669921875,2194758,Lupin,India,LUPIN.NS
2015-05-25 18:30:00,1769.949951171875,1797.800048828125,1742.099975585938,1751.800048828125,1636.715698242188,3313608,Lupin,India,LUPIN.NS
2015-05-26 18:30:00,1748.800048828125,1773.0,1730.0,1752.099975585938,1636.99560546875,1980405,Lupin,India,LUPIN.NS
2015-05-27 18:30:00,1759.400024414062,1766.599975585938,1712.0,1744.75,1630.12841796875,2680677,Lupin,India,LUPIN.NS
2015-05-28 18:30:00,1749.900024414062,1854.900024414062,1727.300048828125,1833.25,1712.814697265625,24029112,Lupin,India,LUPIN.NS
2015-05-31 18:30:00,1778.0,1815.75,1771.099975585938,1792.050048828125,1674.321411132812,1574696,Lupin,India,LUPIN.NS
2015-06-01 18:30:00,1799.949951171875,1826.400024414062,1794.0,1800.75,1682.449462890625,1714073,Lupin,India,LUPIN.NS
2015-06-02 18:30:00,1800.75,1819.400024414062,1767.099975585938,1794.900024414062,1676.984008789062,906416,Lupin,India,LUPIN.NS
2015-06-03 18:30:00,1804.0,1813.75,1728.0,1749.699951171875,1634.753295898438,1238375,Lupin,India,LUPIN.NS
2015-06-04 18:30:00,1759.5,1784.449951171875,1750.199951171875,1776.599975585938,1659.886352539062,886478,Lupin,India,LUPIN.NS
2015-06-07 18:30:00,1790.0,1793.099975585938,1764.099975585938,1779.199951171875,1662.315063476562,602880,Lupin,India,LUPIN.NS
2015-06-08 18:30:00,1770.0,1782.400024414062,1741.0,1770.050048828125,1653.7666015625,1242611,Lupin,India,LUPIN.NS
2015-06-09 18:30:00,1773.75,1789.599975585938,1751.800048828125,1756.0,1640.639404296875,589749,Lupin,India,LUPIN.NS
2015-06-10 18:30:00,1762.0,1771.0,1698.300048828125,1705.650024414062,1593.597412109375,1078216,Lupin,India,LUPIN.NS
2015-06-11 18:30:00,1714.0,1728.5,1692.099975585938,1721.599975585938,1608.49951171875,676602,Lupin,India,LUPIN.NS
2015-06-14 18:30:00,1732.0,1734.400024414062,1701.0,1711.849975585938,1599.389770507812,582427,Lupin,India,LUPIN.NS
2015-06-15 18:30:00,1715.0,1727.900024414062,1675.0,1691.650024414062,1580.517211914062,872551,Lupin,India,LUPIN.NS
2015-06-16 18:30:00,1707.949951171875,1744.0,1695.0,1731.699951171875,1617.935668945312,1108511,Lupin,India,LUPIN.NS
2015-06-17 18:30:00,1730.099975585938,1811.0,1727.150024414062,1794.849975585938,1676.937377929688,1016241,Lupin,India,LUPIN.NS
2015-06-18 18:30:00,1808.75,1822.5,1777.099975585938,1816.800048828125,1697.445190429688,898473,Lupin,India,LUPIN.NS
2015-06-21 18:30:00,1830.949951171875,1850.75,1801.5,1806.199951171875,1687.54150390625,905124,Lupin,India,LUPIN.NS
2015-06-22 18:30:00,1810.800048828125,1815.949951171875,1765.099975585938,1771.25,1654.8876953125,742138,Lupin,India,LUPIN.NS
2015-06-23 18:30:00,1775.0,1816.0,1771.25,1805.199951171875,1686.607055664062,1146311,Lupin,India,LUPIN.NS
2015-06-24 18:30:00,1810.900024414062,1845.0,1805.099975585938,1832.0,1711.646728515625,1148288,Lupin,India,LUPIN.NS
2015-06-25 18:30:00,1825.0,1852.0,1820.0,1841.599975585938,1720.615966796875,585292,Lupin,India,LUPIN.NS
2015-06-28 18:30:00,1821.400024414062,1844.849975585938,1800.300048828125,1832.25,1711.880249023438,600991,Lupin,India,LUPIN.NS
2015-06-29 18:30:00,1837.0,1898.0,1830.099975585938,1886.050048828125,1762.145751953125,1120131,Lupin,India,LUPIN.NS
2015-06-30 18:30:00,1893.0,1918.550048828125,1870.0,1874.599975585938,1751.448120117188,871195,Lupin,India,LUPIN.NS
2015-07-01 18:30:00,1894.0,1899.0,1861.300048828125,1870.150024414062,1747.290283203125,872219,Lupin,India,LUPIN.NS
2015-07-02 18:30:00,1898.0,1917.0,1892.349975585938,1900.949951171875,1776.067138671875,877924,Lupin,India,LUPIN.NS
2015-07-05 18:30:00,1800.0,1923.300048828125,1800.0,1918.5,1792.4638671875,790815,Lupin,India,LUPIN.NS
2015-07-06 18:30:00,1924.0,1926.0,1886.5,1908.400024414062,1783.027709960938,807610,Lupin,India,LUPIN.NS
2015-07-07 18:30:00,1875.050048828125,1908.75,1862.599975585938,1877.650024414062,1754.297729492188,964138,Lupin,India,LUPIN.NS
2015-07-08 18:30:00,1880.0,1905.349975585938,1880.0,1886.150024414062,1762.239135742188,379705,Lupin,India,LUPIN.NS
2015-07-09 18:30:00,1888.099975585938,1894.949951171875,1852.699951171875,1871.150024414062,1748.224609375,803852,Lupin,India,LUPIN.NS
2015-07-12 18:30:00,1890.0,1895.0,1865.150024414062,1889.300048828125,1765.182373046875,696911,Lupin,India,LUPIN.NS
2015-07-13 18:30:00,1885.0,1920.550048828125,1880.050048828125,1916.300048828125,1797.544311523438,795631,Lupin,India,LUPIN.NS
2015-07-14 18:30:00,1928.0,1948.0,1920.0,1942.949951171875,1822.542724609375,639158,Lupin,India,LUPIN.NS
2015-07-15 18:30:00,1951.0,1960.0,1937.599975585938,1954.800048828125,1833.658325195312,598434,Lupin,India,LUPIN.NS
2015-07-16 18:30:00,1967.0,1983.0,1960.0,1973.0,1850.73046875,630710,Lupin,India,LUPIN.NS
2015-07-19 18:30:00,1973.5,1983.5,1963.900024414062,1978.25,1855.655151367188,467407,Lupin,India,LUPIN.NS
2015-07-20 18:30:00,1970.0,1970.0,1875.800048828125,1885.300048828125,1768.46533203125,993409,Lupin,India,LUPIN.NS
2015-07-21 18:30:00,1885.0,1911.5,1817.0,1823.949951171875,1710.917358398438,1701329,Lupin,India,LUPIN.NS
2015-07-22 18:30:00,1835.699951171875,1835.699951171875,1711.150024414062,1728.25,1621.147827148438,4976913,Lupin,India,LUPIN.NS
2015-07-23 18:30:00,1735.0,1750.75,1657.0,1672.099975585938,1568.477783203125,3491061,Lupin,India,LUPIN.NS
2015-07-26 18:30:00,1684.900024414062,1689.949951171875,1602.75,1617.550048828125,1517.308349609375,3030464,Lupin,India,LUPIN.NS
2015-07-27 18:30:00,1636.0,1642.0,1597.199951171875,1609.349975585938,1509.616577148438,2565568,Lupin,India,LUPIN.NS
2015-07-28 18:30:00,1613.0,1644.800048828125,1590.050048828125,1640.099975585938,1538.460815429688,1992583,Lupin,India,LUPIN.NS
2015-07-29 18:30:00,1649.949951171875,1657.849975585938,1621.0,1626.849975585938,1526.031982421875,1562925,Lupin,India,LUPIN.NS
2015-07-30 18:30:00,1636.949951171875,1707.699951171875,1628.800048828125,1696.699951171875,1591.55322265625,1663420,Lupin,India,LUPIN.NS
2015-08-02 18:30:00,1700.0,1711.0,1658.650024414062,1664.0,1560.879638671875,738391,Lupin,India,LUPIN.NS
2015-08-03 18:30:00,1670.0,1675.349975585938,1634.099975585938,1640.5,1538.8359375,1327419,Lupin,India,LUPIN.NS
2015-08-04 18:30:00,1651.0,1685.0,1645.150024414062,1680.400024414062,1576.263305664062,1020643,Lupin,India,LUPIN.NS
2015-08-05 18:30:00,1690.0,1716.900024414062,1683.449951171875,1705.599975585938,1599.90185546875,1080101,Lupin,India,LUPIN.NS
2015-08-06 18:30:00,1710.0,1710.0,1682.5,1694.400024414062,1589.395751953125,630482,Lupin,India,LUPIN.NS
2015-08-09 18:30:00,1704.949951171875,1725.0,1685.0,1695.949951171875,1590.849609375,678486,Lupin,India,LUPIN.NS
2015-08-10 18:30:00,1699.900024414062,1710.0,1680.449951171875,1698.150024414062,1592.913452148438,586987,Lupin,India,LUPIN.NS
2015-08-11 18:30:00,1698.0,1734.949951171875,1682.599975585938,1722.150024414062,1615.426147460938,1272336,Lupin,India,LUPIN.NS
2015-08-12 18:30:00,1730.0,1773.800048828125,1716.400024414062,1758.099975585938,1649.148071289062,1226673,Lupin,India,LUPIN.NS
2015-08-13 18:30:00,1777.0,1798.0,1768.949951171875,1793.449951171875,1682.307495117188,1634036,Lupin,India,LUPIN.NS
2015-08-16 18:30:00,1804.949951171875,1807.800048828125,1761.0,1796.900024414062,1685.543823242188,797037,Lupin,India,LUPIN.NS
2015-08-17 18:30:00,1806.5,1811.0,1746.550048828125,1751.050048828125,1642.535034179688,1178580,Lupin,India,LUPIN.NS
2015-08-18 18:30:00,1758.5,1807.150024414062,1753.150024414062,1795.400024414062,1684.136840820312,770194,Lupin,India,LUPIN.NS
2015-08-19 18:30:00,1813.0,1942.599975585938,1813.0,1890.550048828125,1773.390014648438,3332613,Lupin,India,LUPIN.NS
2015-08-20 18:30:00,1888.900024414062,1919.349975585938,1852.650024414062,1877.800048828125,1761.430419921875,1366891,Lupin,India,LUPIN.NS
2015-08-23 18:30:00,1810.0,1863.0,1783.099975585938,1803.650024414062,1691.875366210938,1468467,Lupin,India,LUPIN.NS
2015-08-24 18:30:00,1802.300048828125,1857.599975585938,1715.099975585938,1828.550048828125,1715.232299804688,1993449,Lupin,India,LUPIN.NS
2015-08-25 18:30:00,1838.0,1895.0,1800.0,1810.400024414062,1698.207153320312,1920778,Lupin,India,LUPIN.NS
2015-08-26 18:30:00,1860.0,1911.449951171875,1835.0,1899.849975585938,1782.11376953125,1631204,Lupin,India,LUPIN.NS
2015-08-27 18:30:00,1925.0,1935.25,1838.0,1860.849975585938,1745.530517578125,1513446,Lupin,India,LUPIN.NS
2015-08-30 18:30:00,1875.0,1945.0,1862.0,1935.550048828125,1815.601440429688,1830506,Lupin,India,LUPIN.NS
2015-08-31 18:30:00,1910.0,1924.949951171875,1851.0,1860.5,1745.202392578125,1202890,Lupin,India,LUPIN.NS
2015-09-01 18:30:00,1884.900024414062,1908.800048828125,1870.0,1880.400024414062,1763.869140625,1207023,Lupin,India,LUPIN.NS
2015-09-02 18:30:00,1893.0,1894.5,1850.0,1862.349975585938,1746.9375,1015991,Lupin,India,LUPIN.NS
2015-09-03 18:30:00,1876.0,1894.449951171875,1840.300048828125,1859.599975585938,1744.358276367188,1962214,Lupin,India,LUPIN.NS
2015-09-06 18:30:00,1876.0,1877.0,1798.550048828125,1804.900024414062,1693.047973632812,718432,Lupin,India,LUPIN.NS
2015-09-07 18:30:00,1810.099975585938,1839.400024414062,1755.75,1820.699951171875,1707.868896484375,905108,Lupin,India,LUPIN.NS
2015-09-08 18:30:00,1845.050048828125,1875.0,1817.0,1836.099975585938,1722.314331054688,744403,Lupin,India,LUPIN.NS
2015-09-09 18:30:00,1817.199951171875,1829.900024414062,1785.099975585938,1818.199951171875,1705.523559570312,712219,Lupin,India,LUPIN.NS
2015-09-10 18:30:00,1825.0,1839.849975585938,1800.599975585938,1810.0,1697.831909179688,514651,Lupin,India,LUPIN.NS
2015-09-13 18:30:00,1820.0,1845.900024414062,1785.0,1840.25,1726.207153320312,552865,Lupin,India,LUPIN.NS
2015-09-14 18:30:00,1840.0,1857.650024414062,1824.300048828125,1836.0,1722.220703125,490311,Lupin,India,LUPIN.NS
2015-09-15 18:30:00,1846.0,1863.400024414062,1833.150024414062,1845.75,1731.366333007812,465186,Lupin,India,LUPIN.NS
2015-09-17 18:30:00,1875.0,1910.0,1866.0,1898.849975585938,1781.175659179688,1522927,Lupin,India,LUPIN.NS
2015-09-20 18:30:00,1876.5,1903.0,1870.349975585938,1880.400024414062,1763.869140625,637352,Lupin,India,LUPIN.NS
2015-09-21 18:30:00,1891.0,1899.0,1862.849975585938,1871.599975585938,1755.614379882812,650048,Lupin,India,LUPIN.NS
2015-09-22 18:30:00,1856.099975585938,1933.300048828125,1827.349975585938,1922.050048828125,1802.937866210938,1124486,Lupin,India,LUPIN.NS
2015-09-23 18:30:00,1945.0,2002.800048828125,1941.150024414062,1990.349975585938,1867.005493164062,2633607,Lupin,India,LUPIN.NS
2015-09-27 18:30:00,2000.0,2067.75,1986.650024414062,2034.150024414062,1908.091064453125,1832418,Lupin,India,LUPIN.NS
2015-09-28 18:30:00,2000.699951171875,2038.300048828125,1963.300048828125,2015.25,1890.362182617188,1770861,Lupin,India,LUPIN.NS
2015-09-29 18:30:00,2046.949951171875,2055.0,2020.0,2034.0,1907.950439453125,1267574,Lupin,India,LUPIN.NS
2015-09-30 18:30:00,2059.949951171875,2128.0,2034.0,2108.85009765625,1978.161987304688,2749646,Lupin,India,LUPIN.NS
2015-10-04 18:30:00,2113.5,2123.800048828125,2077.300048828125,2082.64990234375,1953.585327148438,897220,Lupin,India,LUPIN.NS
2015-10-05 18:30:00,2092.0,2129.0,2063.550048828125,2073.39990234375,1944.908569335938,887118,Lupin,India,LUPIN.NS
2015-10-06 18:30:00,2078.0,2102.0,2056.800048828125,2065.64990234375,1937.638916015625,734381,Lupin,India,LUPIN.NS
2015-10-07 18:30:00,2080.0,2080.64990234375,2027.099975585938,2044.400024414062,1917.7060546875,891794,Lupin,India,LUPIN.NS
2015-10-08 18:30:00,2050.89990234375,2070.0,2050.89990234375,2055.60009765625,1928.212036132812,783715,Lupin,India,LUPIN.NS
2015-10-11 18:30:00,2064.64990234375,2072.0,2001.699951171875,2009.800048828125,1885.25,670625,Lupin,India,LUPIN.NS
2015-10-12 18:30:00,2006.0,2042.0,2005.0,2028.25,1902.556640625,974159,Lupin,India,LUPIN.NS
2015-10-13 18:30:00,2028.25,2077.89990234375,2025.849975585938,2066.85009765625,1938.764526367188,968369,Lupin,India,LUPIN.NS
2015-10-14 18:30:00,2070.0,2112.0,2068.64990234375,2099.10009765625,1969.015991210938,1115230,Lupin,India,LUPIN.NS
2015-10-15 18:30:00,2095.0,2097.64990234375,2035.199951171875,2052.949951171875,1925.725830078125,850628,Lupin,India,LUPIN.NS
2015-10-18 18:30:00,2060.0,2099.0,2056.10009765625,2073.0,1944.533569335938,669471,Lupin,India,LUPIN.NS
2015-10-19 18:30:00,2100.0,2104.0,2058.0,2075.60009765625,1946.972412109375,1709316,Lupin,India,LUPIN.NS
2015-10-20 18:30:00,2079.949951171875,2084.449951171875,2060.0,2063.39990234375,1935.528442382812,495424,Lupin,India,LUPIN.NS
2015-10-22 18:30:00,2086.0,2097.449951171875,2071.60009765625,2079.300048828125,1950.442993164062,700151,Lupin,India,LUPIN.NS
2015-10-25 18:30:00,2082.300048828125,2096.85009765625,2031.800048828125,2051.60009765625,1924.459716796875,1418942,Lupin,India,LUPIN.NS
2015-10-26 18:30:00,1990.0,2025.0,1932.0,1945.650024414062,1825.075439453125,3070580,Lupin,India,LUPIN.NS
2015-10-27 18:30:00,1933.75,1948.0,1885.0,1910.400024414062,1792.009887695312,2460613,Lupin,India,LUPIN.NS
2015-10-28 18:30:00,1919.300048828125,1935.75,1906.400024414062,1920.25,1801.249755859375,1290089,Lupin,India,LUPIN.NS
2015-10-29 18:30:00,1924.0,1944.449951171875,1911.099975585938,1928.900024414062,1809.363525390625,692739,Lupin,India,LUPIN.NS
2015-11-01 18:30:00,1928.900024414062,1935.199951171875,1868.0,1899.599975585938,1781.879150390625,777056,Lupin,India,LUPIN.NS
2015-11-02 18:30:00,1910.0,1910.949951171875,1865.0,1874.550048828125,1758.381713867188,1430773,Lupin,India,LUPIN.NS
2015-11-03 18:30:00,1894.0,1894.0,1851.0,1857.150024414062,1742.059936523438,1364087,Lupin,India,LUPIN.NS
2015-11-04 18:30:00,1856.400024414062,1856.400024414062,1833.5,1838.25,1724.3310546875,660862,Lupin,India,LUPIN.NS
2015-11-05 18:30:00,1834.0,1870.0,1812.050048828125,1857.849975585938,1742.716552734375,815336,Lupin,India,LUPIN.NS
2015-11-08 18:30:00,1829.0,1883.699951171875,1811.099975585938,1868.699951171875,1752.894165039062,732452,Lupin,India,LUPIN.NS
2015-11-09 18:30:00,1860.0,1870.900024414062,1774.949951171875,1790.400024414062,1679.446411132812,782457,Lupin,India,LUPIN.NS
2015-11-12 18:30:00,1774.849975585938,1796.400024414062,1760.0,1777.800048828125,1667.627685546875,1358843,Lupin,India,LUPIN.NS
2015-11-15 18:30:00,1788.0,1826.900024414062,1761.0,1809.099975585938,1696.987548828125,765419,Lupin,India,LUPIN.NS
2015-11-16 18:30:00,1825.0,1833.75,1790.849975585938,1799.5,1687.982421875,712453,Lupin,India,LUPIN.NS
2015-11-17 18:30:00,1793.0,1815.25,1772.5,1783.050048828125,1672.552001953125,647838,Lupin,India,LUPIN.NS
2015-11-18 18:30:00,1790.099975585938,1820.0,1759.599975585938,1807.550048828125,1695.53369140625,633380,Lupin,India,LUPIN.NS
2015-11-19 18:30:00,1807.0,1827.5,1790.5,1814.5,1702.052856445312,430279,Lupin,India,LUPIN.NS
2015-11-22 18:30:00,1817.0,1845.0,1810.099975585938,1842.599975585938,1728.41162109375,477851,Lupin,India,LUPIN.NS
2015-11-23 18:30:00,1842.599975585938,1868.0,1828.349975585938,1860.900024414062,1745.577514648438,834864,Lupin,India,LUPIN.NS
2015-11-25 18:30:00,1863.099975585938,1864.400024414062,1831.800048828125,1836.150024414062,1722.361328125,858019,Lupin,India,LUPIN.NS
2015-11-26 18:30:00,1850.150024414062,1852.900024414062,1805.300048828125,1812.699951171875,1700.36474609375,699849,Lupin,India,LUPIN.NS
2015-11-29 18:30:00,1807.0,1819.949951171875,1783.0,1795.0,1683.761596679688,1461767,Lupin,India,LUPIN.NS
2015-11-30 18:30:00,1800.0,1817.900024414062,1792.800048828125,1811.550048828125,1699.285888671875,477542,Lupin,India,LUPIN.NS
2015-12-01 18:30:00,1819.949951171875,1879.0,1812.849975585938,1870.800048828125,1754.864379882812,878243,Lupin,India,LUPIN.NS
2015-12-02 18:30:00,1870.0,1870.0,1817.25,1821.650024414062,1708.760009765625,860554,Lupin,India,LUPIN.NS
2015-12-03 18:30:00,1815.0,1836.0,1796.5,1804.75,1692.907470703125,953977,Lupin,India,LUPIN.NS
2015-12-06 18:30:00,1822.0,1836.0,1808.0,1831.650024414062,1718.14013671875,511541,Lupin,India,LUPIN.NS
2015-12-07 18:30:00,1825.0,1827.900024414062,1800.0,1804.349975585938,1692.531860351562,584132,Lupin,India,LUPIN.NS
2015-12-08 18:30:00,1804.349975585938,1815.0,1747.75,1759.949951171875,1650.883544921875,916636,Lupin,India,LUPIN.NS
2015-12-09 18:30:00,1763.5,1763.5,1688.5,1733.800048828125,1626.354125976562,1715942,Lupin,India,LUPIN.NS
2015-12-10 18:30:00,1727.0,1770.0,1726.050048828125,1740.150024414062,1632.310546875,1067350,Lupin,India,LUPIN.NS
2015-12-13 18:30:00,1730.0,1758.449951171875,1722.5,1747.849975585938,1639.533203125,565502,Lupin,India,LUPIN.NS
2015-12-14 18:30:00,1742.099975585938,1797.699951171875,1742.099975585938,1792.900024414062,1681.791381835938,665220,Lupin,India,LUPIN.NS
2015-12-15 18:30:00,1801.0,1835.0,1794.0,1828.800048828125,1715.466552734375,987172,Lupin,India,LUPIN.NS
2015-12-16 18:30:00,1835.0,1846.599975585938,1796.0,1822.5,1709.557373046875,1319749,Lupin,India,LUPIN.NS
2015-12-17 18:30:00,1805.599975585938,1835.0,1780.0,1784.400024414062,1673.818359375,1127533,Lupin,India,LUPIN.NS
2015-12-20 18:30:00,1784.0,1813.0,1782.099975585938,1801.699951171875,1690.046142578125,423456,Lupin,India,LUPIN.NS
2015-12-21 18:30:00,1800.0,1807.949951171875,1781.0,1785.199951171875,1674.568725585938,393457,Lupin,India,LUPIN.NS
2015-12-22 18:30:00,1801.099975585938,1813.0,1792.0,1804.800048828125,1692.9541015625,472162,Lupin,India,LUPIN.NS
2015-12-23 18:30:00,1822.050048828125,1822.050048828125,1800.199951171875,1803.900024414062,1692.109985351562,295092,Lupin,India,LUPIN.NS
2015-12-27 18:30:00,1805.0,1848.0,1805.0,1840.949951171875,1726.86376953125,680000,Lupin,India,LUPIN.NS
2015-12-28 18:30:00,1860.0,1865.0,1835.550048828125,1846.75,1732.304443359375,636219,Lupin,India,LUPIN.NS
2015-12-29 18:30:00,1848.599975585938,1850.0,1831.0,1836.5,1722.689575195312,335431,Lupin,India,LUPIN.NS
2015-12-30 18:30:00,1837.0,1845.199951171875,1818.0,1837.25,1723.393310546875,446622,Lupin,India,LUPIN.NS
2015-12-31 18:30:00,1836.099975585938,1859.0,1832.199951171875,1845.25,1730.897216796875,238463,Lupin,India,LUPIN.NS
2016-01-03 18:30:00,1830.0,1837.849975585938,1786.400024414062,1795.150024414062,1683.90234375,649115,Lupin,India,LUPIN.NS
2016-01-04 18:30:00,1813.300048828125,1813.300048828125,1773.0,1783.050048828125,1672.552001953125,873308,Lupin,India,LUPIN.NS
2016-01-05 18:30:00,1775.0,1786.550048828125,1741.5,1753.199951171875,1644.551879882812,628135,Lupin,India,LUPIN.NS
2016-01-06 18:30:00,1749.949951171875,1769.900024414062,1708.400024414062,1717.5,1611.064331054688,780329,Lupin,India,LUPIN.NS
2016-01-07 18:30:00,1722.400024414062,1746.349975585938,1702.75,1712.849975585938,1606.702392578125,752161,Lupin,India,LUPIN.NS
2016-01-10 18:30:00,1707.800048828125,1715.0,1690.050048828125,1700.949951171875,1595.5400390625,597256,Lupin,India,LUPIN.NS
2016-01-11 18:30:00,1704.0,1718.5,1692.0,1700.099975585938,1594.742553710938,1323629,Lupin,India,LUPIN.NS
2016-01-12 18:30:00,1715.0,1721.050048828125,1646.199951171875,1666.150024414062,1562.896484375,979010,Lupin,India,LUPIN.NS
2016-01-13 18:30:00,1650.0,1725.0,1636.0,1717.5,1611.064331054688,1433275,Lupin,India,LUPIN.NS
2016-01-14 18:30:00,1718.0,1725.0,1695.0,1701.099975585938,1595.680541992188,732532,Lupin,India,LUPIN.NS
2016-01-17 18:30:00,1695.050048828125,1734.599975585938,1680.0,1702.550048828125,1597.040649414062,955512,Lupin,India,LUPIN.NS
2016-01-18 18:30:00,1706.0,1724.900024414062,1695.0,1699.75,1594.414306640625,505883,Lupin,India,LUPIN.NS
2016-01-19 18:30:00,1687.0,1720.0,1680.0,1691.050048828125,1586.253662109375,783776,Lupin,India,LUPIN.NS
2016-01-20 18:30:00,1703.0,1705.0,1679.0,1685.900024414062,1581.422607421875,960734,Lupin,India,LUPIN.NS
2016-01-21 18:30:00,1695.0,1728.0,1691.449951171875,1721.25,1614.581909179688,420067,Lupin,India,LUPIN.NS
2016-01-24 18:30:00,1731.0,1737.400024414062,1697.0,1699.050048828125,1593.757568359375,473393,Lupin,India,LUPIN.NS
2016-01-26 18:30:00,1714.949951171875,1725.0,1660.0,1689.150024414062,1584.471069335938,845275,Lupin,India,LUPIN.NS
2016-01-27 18:30:00,1681.050048828125,1720.0,1680.0,1706.349975585938,1600.605102539062,1004150,Lupin,India,LUPIN.NS
2016-01-28 18:30:00,1696.25,1721.150024414062,1691.400024414062,1710.75,1604.732543945312,1027807,Lupin,India,LUPIN.NS
2016-01-31 18:30:00,1750.0,1756.449951171875,1698.0,1702.550048828125,1597.040649414062,1223746,Lupin,India,LUPIN.NS
2016-02-01 18:30:00,1703.0,1734.599975585938,1700.0,1705.800048828125,1600.089477539062,958341,Lupin,India,LUPIN.NS
2016-02-02 18:30:00,1700.0,1713.75,1682.150024414062,1698.849975585938,1593.569946289062,557219,Lupin,India,LUPIN.NS
2016-02-03 18:30:00,1700.0,1719.900024414062,1617.099975585938,1652.800048828125,1550.373779296875,1417537,Lupin,India,LUPIN.NS
2016-02-04 18:30:00,1652.0,1817.0,1603.0,1802.849975585938,1691.124877929688,4292391,Lupin,India,LUPIN.NS
2016-02-07 18:30:00,1815.0,1849.0,1781.050048828125,1820.900024414062,1708.056396484375,1698987,Lupin,India,LUPIN.NS
2016-02-08 18:30:00,1791.0,1911.900024414062,1791.0,1905.650024414062,1787.554321289062,2477694,Lupin,India,LUPIN.NS
2016-02-09 18:30:00,1886.300048828125,1905.0,1842.5,1852.949951171875,1738.1201171875,1958089,Lupin,India,LUPIN.NS
2016-02-10 18:30:00,1845.0,1874.800048828125,1784.0,1791.150024414062,1680.150268554688,1234514,Lupin,India,LUPIN.NS
2016-02-11 18:30:00,1810.0,1810.0,1725.150024414062,1756.300048828125,1647.460083007812,970447,Lupin,India,LUPIN.NS
2016-02-14 18:30:00,1780.0,1837.300048828125,1775.75,1798.449951171875,1686.997436523438,1038639,Lupin,India,LUPIN.NS
2016-02-15 18:30:00,1795.099975585938,1813.0,1746.400024414062,1750.449951171875,1641.97216796875,1086368,Lupin,India,LUPIN.NS
2016-02-16 18:30:00,1762.0,1767.099975585938,1693.199951171875,1730.400024414062,1623.164794921875,1581559,Lupin,India,LUPIN.NS
2016-02-17 18:30:00,1745.0,1784.699951171875,1732.0,1776.75,1666.642456054688,827772,Lupin,India,LUPIN.NS
2016-02-18 18:30:00,1773.5,1803.0,1741.599975585938,1788.949951171875,1678.086303710938,869657,Lupin,India,LUPIN.NS
2016-02-21 18:30:00,1785.0,1817.550048828125,1781.0,1810.550048828125,1698.347778320312,699778,Lupin,India,LUPIN.NS
2016-02-22 18:30:00,1820.0,1820.099975585938,1764.0,1778.199951171875,1668.002685546875,589204,Lupin,India,LUPIN.NS
2016-02-23 18:30:00,1773.699951171875,1780.0,1737.900024414062,1761.400024414062,1652.24365234375,622081,Lupin,India,LUPIN.NS
2016-02-24 18:30:00,1766.0,1798.199951171875,1741.5,1760.099975585938,1651.0244140625,963494,Lupin,India,LUPIN.NS
2016-02-25 18:30:00,1775.099975585938,1786.0,1718.050048828125,1726.75,1619.741088867188,858284,Lupin,India,LUPIN.NS
2016-02-28 18:30:00,1742.800048828125,1775.0,1695.0,1754.550048828125,1645.818359375,837151,Lupin,India,LUPIN.NS
2016-02-29 18:30:00,1760.0,1782.0,1735.099975585938,1761.5,1652.337524414062,728941,Lupin,India,LUPIN.NS
2016-03-01 18:30:00,1776.0,1819.0,1760.0,1781.900024414062,1671.473388671875,947824,Lupin,India,LUPIN.NS
2016-03-02 18:30:00,1796.0,1812.0,1765.550048828125,1784.0,1673.443115234375,781299,Lupin,India,LUPIN.NS
2016-03-03 18:30:00,1793.75,1795.0,1770.0,1780.199951171875,1669.878662109375,563192,Lupin,India,LUPIN.NS
2016-03-07 18:30:00,1782.099975585938,1835.0,1760.5,1824.699951171875,1711.620971679688,1428776,Lupin,India,LUPIN.NS
2016-03-08 18:30:00,1828.949951171875,1845.0,1816.5,1823.5,1710.495239257812,1022875,Lupin,India,LUPIN.NS
2016-03-09 18:30:00,1830.0,1832.0,1797.5,1820.949951171875,1708.103271484375,787040,Lupin,India,LUPIN.NS
2016-03-10 18:30:00,1830.0,1863.0,1812.0,1856.150024414062,1741.121948242188,1157688,Lupin,India,LUPIN.NS
2016-03-13 18:30:00,1860.0,1874.599975585938,1851.150024414062,1869.199951171875,1753.36328125,516821,Lupin,India,LUPIN.NS
2016-03-14 18:30:00,1799.0,1799.0,1716.0,1722.900024414062,1616.129516601562,3200644,Lupin,India,LUPIN.NS
2016-03-15 18:30:00,1732.0,1753.900024414062,1696.300048828125,1750.199951171875,1641.737670898438,2061285,Lupin,India,LUPIN.NS
2016-03-16 18:30:00,1762.699951171875,1766.300048828125,1665.099975585938,1674.300048828125,1570.541381835938,3308895,Lupin,India,LUPIN.NS
2016-03-17 18:30:00,1668.0,1668.800048828125,1535.0,1554.400024414062,1458.072021484375,7863541,Lupin,India,LUPIN.NS
2016-03-20 18:30:00,1572.0,1572.0,1501.099975585938,1535.199951171875,1440.0615234375,6606156,Lupin,India,LUPIN.NS
2016-03-21 18:30:00,1540.800048828125,1564.800048828125,1536.0,1549.050048828125,1453.053588867188,3118852,Lupin,India,LUPIN.NS
2016-03-22 18:30:00,1558.949951171875,1558.949951171875,1518.0,1524.150024414062,1429.696411132812,1764210,Lupin,India,LUPIN.NS
2016-03-27 18:30:00,1548.0,1548.0,1490.0,1495.099975585938,1402.446411132812,3046721,Lupin,India,LUPIN.NS
2016-03-28 18:30:00,1490.0,1491.949951171875,1280.0,1401.550048828125,1314.694091796875,18885690,Lupin,India,LUPIN.NS
2016-03-29 18:30:00,1445.0,1490.0,1418.75,1475.300048828125,1383.873779296875,6901864,Lupin,India,LUPIN.NS
2016-03-30 18:30:00,1492.0,1502.449951171875,1471.0,1479.25,1387.5791015625,3507744,Lupin,India,LUPIN.NS
2016-03-31 18:30:00,1475.900024414062,1484.0,1451.25,1464.849975585938,1374.071411132812,2301141,Lupin,India,LUPIN.NS
2016-04-03 18:30:00,1475.0,1475.0,1435.0,1461.150024414062,1370.600463867188,1786402,Lupin,India,LUPIN.NS
2016-04-04 18:30:00,1465.0,1478.949951171875,1446.150024414062,1463.699951171875,1372.992553710938,2776014,Lupin,India,LUPIN.NS
2016-04-05 18:30:00,1466.599975585938,1493.0,1464.0,1485.099975585938,1393.066284179688,1248298,Lupin,India,LUPIN.NS
2016-04-06 18:30:00,1496.0,1522.300048828125,1487.349975585938,1509.75,1416.188842773438,3338512,Lupin,India,LUPIN.NS
2016-04-07 18:30:00,1500.0,1554.800048828125,1500.0,1540.099975585938,1444.657836914062,2848397,Lupin,India,LUPIN.NS
2016-04-10 18:30:00,1548.25,1549.0,1501.0,1518.75,1424.631103515625,977906,Lupin,India,LUPIN.NS
2016-04-11 18:30:00,1523.0,1544.400024414062,1523.0,1535.949951171875,1440.76513671875,937807,Lupin,India,LUPIN.NS
2016-04-12 18:30:00,1541.050048828125,1568.699951171875,1536.849975585938,1548.900024414062,1452.912475585938,1661309,Lupin,India,LUPIN.NS
2016-04-17 18:30:00,1543.699951171875,1598.699951171875,1543.699951171875,1575.0,1477.395141601562,2312824,Lupin,India,LUPIN.NS
2016-04-19 18:30:00,1589.0,1590.0,1555.400024414062,1572.599975585938,1475.143920898438,1762008,Lupin,India,LUPIN.NS
2016-04-20 18:30:00,1580.0,1580.650024414062,1552.349975585938,1561.0,1464.2626953125,616382,Lupin,India,LUPIN.NS
2016-04-21 18:30:00,1550.0,1569.0,1540.300048828125,1558.0,1461.448852539062,614108,Lupin,India,LUPIN.NS
2016-04-24 18:30:00,1556.300048828125,1557.0,1535.5,1542.699951171875,1447.0966796875,500655,Lupin,India,LUPIN.NS
2016-04-25 18:30:00,1539.0,1585.0,1526.5,1579.150024414062,1481.287963867188,933431,Lupin,India,LUPIN.NS
2016-04-26 18:30:00,1566.199951171875,1580.0,1553.0,1569.900024414062,1472.611206054688,717219,Lupin,India,LUPIN.NS
2016-04-27 18:30:00,1566.050048828125,1585.0,1560.199951171875,1576.300048828125,1478.61474609375,1791123,Lupin,India,LUPIN.NS
2016-04-28 18:30:00,1580.900024414062,1617.849975585938,1568.599975585938,1607.25,1507.646484375,1849743,Lupin,India,LUPIN.NS
2016-05-01 18:30:00,1616.0,1626.5,1603.050048828125,1619.050048828125,1518.71533203125,748702,Lupin,India,LUPIN.NS
2016-05-02 18:30:00,1620.099975585938,1632.0,1565.349975585938,1575.599975585938,1477.9580078125,1270045,Lupin,India,LUPIN.NS
2016-05-03 18:30:00,1564.25,1591.0,1560.0,1577.75,1479.974609375,577618,Lupin,India,LUPIN.NS
2016-05-04 18:30:00,1594.75,1613.5,1586.25,1603.599975585938,1504.222778320312,693119,Lupin,India,LUPIN.NS
2016-05-05 18:30:00,1609.300048828125,1609.300048828125,1578.5,1586.849975585938,1488.510498046875,399928,Lupin,India,LUPIN.NS
2016-05-08 18:30:00,1599.0,1610.0,1592.599975585938,1605.400024414062,1505.9111328125,345726,Lupin,India,LUPIN.NS
2016-05-09 18:30:00,1608.949951171875,1620.0,1598.0,1614.699951171875,1514.634887695312,466392,Lupin,India,LUPIN.NS
2016-05-10 18:30:00,1600.0,1611.5,1591.0,1593.550048828125,1494.795654296875,752825,Lupin,India,LUPIN.NS
2016-05-11 18:30:00,1601.0,1623.849975585938,1596.050048828125,1616.449951171875,1516.276611328125,333710,Lupin,India,LUPIN.NS
2016-05-12 18:30:00,1606.0,1616.949951171875,1585.0,1588.699951171875,1490.24609375,633055,Lupin,India,LUPIN.NS
2016-05-15 18:30:00,1595.0,1611.199951171875,1571.300048828125,1603.849975585938,1504.457275390625,809752,Lupin,India,LUPIN.NS
2016-05-16 18:30:00,1614.0,1624.849975585938,1602.449951171875,1613.0,1513.040161132812,539135,Lupin,India,LUPIN.NS
2016-05-17 18:30:00,1609.5,1646.0,1602.050048828125,1638.150024414062,1536.631469726562,892492,Lupin,India,LUPIN.NS
2016-05-18 18:30:00,1654.0,1689.0,1636.349975585938,1655.449951171875,1552.859497070312,3518163,Lupin,India,LUPIN.NS
2016-05-19 18:30:00,1618.0,1618.0,1497.5,1504.800048828125,1411.545532226562,4490960,Lupin,India,LUPIN.NS
2016-05-22 18:30:00,1521.5,1526.5,1451.0,1465.050048828125,1374.259033203125,2351450,Lupin,India,LUPIN.NS
2016-05-23 18:30:00,1460.0,1504.25,1443.300048828125,1465.150024414062,1374.352661132812,2421523,Lupin,India,LUPIN.NS
2016-05-24 18:30:00,1481.0,1495.0,1468.25,1472.349975585938,1381.106323242188,862728,Lupin,India,LUPIN.NS
2016-05-25 18:30:00,1487.800048828125,1487.800048828125,1462.0,1469.949951171875,1378.855102539062,1573541,Lupin,India,LUPIN.NS
2016-05-26 18:30:00,1489.0,1535.449951171875,1475.050048828125,1480.099975585938,1388.3759765625,3122857,Lupin,India,LUPIN.NS
2016-05-29 18:30:00,1489.949951171875,1493.699951171875,1454.099975585938,1467.849975585938,1376.885375976562,1365114,Lupin,India,LUPIN.NS
2016-05-30 18:30:00,1470.900024414062,1495.0,1463.449951171875,1474.75,1383.357666015625,2522011,Lupin,India,LUPIN.NS
2016-05-31 18:30:00,1479.650024414062,1500.0,1478.0,1490.25,1397.897216796875,1880118,Lupin,India,LUPIN.NS
2016-06-01 18:30:00,1480.0,1494.900024414062,1465.0,1475.349975585938,1383.920532226562,1736436,Lupin,India,LUPIN.NS
2016-06-02 18:30:00,1475.349975585938,1482.849975585938,1446.0,1450.099975585938,1360.2353515625,1691266,Lupin,India,LUPIN.NS
2016-06-05 18:30:00,1465.0,1465.0,1414.349975585938,1419.349975585938,1331.390747070312,1899200,Lupin,India,LUPIN.NS
2016-06-06 18:30:00,1406.0,1443.949951171875,1395.0,1434.849975585938,1345.930541992188,2157157,Lupin,India,LUPIN.NS
2016-06-07 18:30:00,1436.25,1442.0,1419.650024414062,1430.800048828125,1342.131591796875,1084830,Lupin,India,LUPIN.NS
2016-06-08 18:30:00,1411.099975585938,1440.0,1397.400024414062,1427.199951171875,1338.754638671875,2025083,Lupin,India,LUPIN.NS
2016-06-09 18:30:00,1423.449951171875,1455.0,1423.449951171875,1437.449951171875,1348.369384765625,1096107,Lupin,India,LUPIN.NS
2016-06-12 18:30:00,1437.0,1463.75,1430.199951171875,1452.550048828125,1362.53369140625,1073088,Lupin,India,LUPIN.NS
2016-06-13 18:30:00,1460.0,1462.25,1445.099975585938,1450.900024414062,1360.985717773438,498431,Lupin,India,LUPIN.NS
2016-06-14 18:30:00,1465.699951171875,1465.699951171875,1445.400024414062,1463.0,1372.3359375,560727,Lupin,India,LUPIN.NS
2016-06-15 18:30:00,1467.0,1473.0,1450.949951171875,1466.199951171875,1375.337646484375,747330,Lupin,India,LUPIN.NS
2016-06-16 18:30:00,1477.0,1477.0,1456.0,1464.0,1373.274047851562,549107,Lupin,India,LUPIN.NS
2016-06-19 18:30:00,1461.0,1475.849975585938,1445.550048828125,1462.0,1371.39794921875,646439,Lupin,India,LUPIN.NS
2016-06-20 18:30:00,1475.0,1475.0,1445.0,1449.650024414062,1359.813110351562,546544,Lupin,India,LUPIN.NS
2016-06-21 18:30:00,1452.300048828125,1467.0,1446.0,1461.900024414062,1371.30419921875,999040,Lupin,India,LUPIN.NS
2016-06-22 18:30:00,1469.800048828125,1494.800048828125,1467.25,1485.699951171875,1393.629028320312,1524774,Lupin,India,LUPIN.NS
2016-06-23 18:30:00,1460.300048828125,1470.650024414062,1435.0,1462.900024414062,1372.242065429688,969412,Lupin,India,LUPIN.NS
2016-06-26 18:30:00,1470.0,1488.800048828125,1461.0,1479.150024414062,1387.484985351562,857039,Lupin,India,LUPIN.NS
2016-06-27 18:30:00,1475.0,1548.550048828125,1475.0,1544.699951171875,1448.973022460938,1927170,Lupin,India,LUPIN.NS
2016-06-28 18:30:00,1555.0,1558.699951171875,1524.349975585938,1532.900024414062,1437.904296875,910521,Lupin,India,LUPIN.NS
2016-06-29 18:30:00,1548.0,1554.0,1532.0,1539.699951171875,1444.282958984375,1024791,Lupin,India,LUPIN.NS
2016-06-30 18:30:00,1545.0,1558.949951171875,1542.050048828125,1552.849975585938,1456.617797851562,514431,Lupin,India,LUPIN.NS
2016-07-03 18:30:00,1564.199951171875,1575.0,1555.099975585938,1568.949951171875,1471.719848632812,757648,Lupin,India,LUPIN.NS
2016-07-04 18:30:00,1570.099975585938,1571.449951171875,1548.5,1562.900024414062,1466.045043945312,412780,Lupin,India,LUPIN.NS
2016-07-06 18:30:00,1557.0,1698.0,1550.599975585938,1655.75,1553.140991210938,1941050,Lupin,India,LUPIN.NS
2016-07-07 18:30:00,1701.0,1712.300048828125,1622.75,1639.150024414062,1537.56982421875,3341870,Lupin,India,LUPIN.NS
2016-07-10 18:30:00,1654.800048828125,1673.900024414062,1650.0,1669.099975585938,1565.66357421875,800532,Lupin,India,LUPIN.NS
2016-07-11 18:30:00,1668.5,1684.0,1661.849975585938,1673.75,1570.025512695312,717944,Lupin,India,LUPIN.NS
2016-07-12 18:30:00,1680.0,1685.0,1643.0,1648.449951171875,1546.293212890625,848201,Lupin,India,LUPIN.NS
2016-07-13 18:30:00,1650.0,1664.0,1640.300048828125,1661.050048828125,1558.112670898438,482010,Lupin,India,LUPIN.NS
2016-07-14 18:30:00,1658.550048828125,1687.949951171875,1650.5,1670.150024414062,1566.648559570312,822563,Lupin,India,LUPIN.NS
2016-07-17 18:30:00,1670.150024414062,1689.5,1660.449951171875,1665.199951171875,1562.005249023438,627514,Lupin,India,LUPIN.NS
2016-07-18 18:30:00,1664.900024414062,1701.800048828125,1662.0,1693.900024414062,1588.926879882812,810759,Lupin,India,LUPIN.NS
2016-07-19 18:30:00,1705.0,1724.0,1693.550048828125,1715.150024414062,1608.859985351562,1228199,Lupin,India,LUPIN.NS
2016-07-20 18:30:00,1729.800048828125,1736.699951171875,1681.900024414062,1686.550048828125,1582.032348632812,1531978,Lupin,India,LUPIN.NS
2016-07-21 18:30:00,1691.75,1704.900024414062,1678.25,1701.25,1595.8212890625,520314,Lupin,India,LUPIN.NS
2016-07-24 18:30:00,1708.699951171875,1724.5,1699.5,1722.199951171875,1622.62646484375,730291,Lupin,India,LUPIN.NS
2016-07-25 18:30:00,1712.199951171875,1715.150024414062,1694.050048828125,1699.849975585938,1601.568603515625,1442774,Lupin,India,LUPIN.NS
2016-07-26 18:30:00,1696.300048828125,1740.0,1668.800048828125,1719.400024414062,1619.98828125,1857306,Lupin,India,LUPIN.NS
2016-07-27 18:30:00,1735.0,1743.0,1696.800048828125,1704.949951171875,1606.373657226562,840430,Lupin,India,LUPIN.NS
2016-07-28 18:30:00,1706.0,1750.0,1703.800048828125,1739.849975585938,1639.256103515625,689102,Lupin,India,LUPIN.NS
2016-07-31 18:30:00,1743.0,1747.900024414062,1705.75,1724.349975585938,1624.652099609375,987009,Lupin,India,LUPIN.NS
2016-08-01 18:30:00,1741.0,1745.0,1697.0,1701.949951171875,1603.547241210938,620695,Lupin,India,LUPIN.NS
2016-08-02 18:30:00,1713.949951171875,1718.400024414062,1673.599975585938,1679.849975585938,1582.72509765625,820971,Lupin,India,LUPIN.NS
2016-08-03 18:30:00,1670.0,1678.650024414062,1642.0,1657.650024414062,1561.808471679688,947868,Lupin,India,LUPIN.NS
2016-08-04 18:30:00,1665.5,1694.0,1661.550048828125,1674.650024414062,1577.825561523438,589782,Lupin,India,LUPIN.NS
2016-08-07 18:30:00,1687.0,1712.0,1673.400024414062,1693.300048828125,1595.397216796875,648977,Lupin,India,LUPIN.NS
2016-08-08 18:30:00,1708.949951171875,1728.25,1598.0,1607.25,1514.322509765625,7455908,Lupin,India,LUPIN.NS
2016-08-09 18:30:00,1600.0,1606.949951171875,1540.0,1544.400024414062,1455.106567382812,3599720,Lupin,India,LUPIN.NS
2016-08-10 18:30:00,1560.400024414062,1585.699951171875,1551.050048828125,1580.5,1489.119262695312,2287754,Lupin,India,LUPIN.NS
2016-08-11 18:30:00,1590.5,1595.0,1572.0,1581.949951171875,1490.4853515625,996548,Lupin,India,LUPIN.NS
2016-08-15 18:30:00,1597.0,1599.900024414062,1577.050048828125,1591.050048828125,1499.059204101562,890909,Lupin,India,LUPIN.NS
2016-08-16 18:30:00,1592.0,1605.0,1572.050048828125,1594.5,1502.309692382812,783772,Lupin,India,LUPIN.NS
2016-08-17 18:30:00,1600.0,1607.949951171875,1585.199951171875,1588.400024414062,1496.5625,605628,Lupin,India,LUPIN.NS
2016-08-18 18:30:00,1599.900024414062,1602.0,1569.0,1576.050048828125,1484.926391601562,445050,Lupin,India,LUPIN.NS
2016-08-21 18:30:00,1564.0,1567.949951171875,1540.0,1544.449951171875,1455.153442382812,920241,Lupin,India,LUPIN.NS
2016-08-22 18:30:00,1535.0,1558.599975585938,1530.0,1555.900024414062,1465.941162109375,1191811,Lupin,India,LUPIN.NS
2016-08-23 18:30:00,1545.0,1551.150024414062,1506.0,1521.699951171875,1433.718627929688,1483246,Lupin,India,LUPIN.NS
2016-08-24 18:30:00,1529.0,1534.5,1507.050048828125,1522.150024414062,1434.14306640625,1912866,Lupin,India,LUPIN.NS
2016-08-25 18:30:00,1535.0,1540.050048828125,1510.0,1512.099975585938,1424.673828125,927460,Lupin,India,LUPIN.NS
2016-08-28 18:30:00,1512.0,1512.0,1470.699951171875,1479.849975585938,1394.288696289062,1262694,Lupin,India,LUPIN.NS
2016-08-29 18:30:00,1480.0,1512.0,1480.0,1508.699951171875,1421.470458984375,835375,Lupin,India,LUPIN.NS
2016-08-30 18:30:00,1508.699951171875,1531.0,1478.550048828125,1482.199951171875,1396.502807617188,1489112,Lupin,India,LUPIN.NS
2016-08-31 18:30:00,1482.199951171875,1511.300048828125,1481.199951171875,1501.75,1414.92236328125,849359,Lupin,India,LUPIN.NS
2016-09-01 18:30:00,1509.900024414062,1525.0,1504.5,1518.050048828125,1430.27978515625,1028961,Lupin,India,LUPIN.NS
2016-09-05 18:30:00,1525.0,1539.0,1515.0,1535.449951171875,1446.673583984375,894622,Lupin,India,LUPIN.NS
2016-09-06 18:30:00,1550.0,1552.0,1537.900024414062,1543.400024414062,1454.164428710938,595016,Lupin,India,LUPIN.NS
2016-09-07 18:30:00,1545.0,1588.400024414062,1538.150024414062,1582.050048828125,1490.579467773438,1029854,Lupin,India,LUPIN.NS
2016-09-08 18:30:00,1583.75,1587.900024414062,1564.199951171875,1569.550048828125,1478.80224609375,874115,Lupin,India,LUPIN.NS
2016-09-11 18:30:00,1555.0,1561.800048828125,1527.5,1533.400024414062,1444.7421875,492173,Lupin,India,LUPIN.NS
2016-09-13 18:30:00,1543.0,1549.449951171875,1523.0,1532.199951171875,1443.611694335938,560365,Lupin,India,LUPIN.NS
2016-09-14 18:30:00,1532.0,1555.5,1530.0,1546.650024414062,1457.226318359375,558667,Lupin,India,LUPIN.NS
2016-09-15 18:30:00,1543.949951171875,1555.199951171875,1528.0,1537.349975585938,1448.463989257812,935307,Lupin,India,LUPIN.NS
2016-09-18 18:30:00,1531.400024414062,1557.900024414062,1530.0,1547.400024414062,1457.932983398438,652749,Lupin,India,LUPIN.NS
2016-09-19 18:30:00,1535.800048828125,1561.800048828125,1535.099975585938,1548.25,1458.733764648438,668059,Lupin,India,LUPIN.NS
2016-09-20 18:30:00,1553.0,1559.800048828125,1538.699951171875,1545.75,1456.378295898438,623879,Lupin,India,LUPIN.NS
2016-09-21 18:30:00,1560.0,1560.199951171875,1515.75,1528.650024414062,1440.266845703125,1230280,Lupin,India,LUPIN.NS
2016-09-22 18:30:00,1528.949951171875,1529.800048828125,1484.0,1489.449951171875,1403.33349609375,1883166,Lupin,India,LUPIN.NS
2016-09-25 18:30:00,1497.0,1502.900024414062,1465.099975585938,1494.5,1408.091430664062,1632257,Lupin,India,LUPIN.NS
2016-09-26 18:30:00,1503.0,1519.0,1495.300048828125,1512.199951171875,1424.767944335938,1096606,Lupin,India,LUPIN.NS
2016-09-27 18:30:00,1512.199951171875,1528.75,1509.050048828125,1517.650024414062,1429.902954101562,976298,Lupin,India,LUPIN.NS
2016-09-28 18:30:00,1531.800048828125,1531.800048828125,1455.0,1468.300048828125,1383.406372070312,1473552,Lupin,India,LUPIN.NS
2016-09-29 18:30:00,1468.699951171875,1489.5,1458.800048828125,1486.25,1400.318603515625,860417,Lupin,India,LUPIN.NS
2016-10-02 18:30:00,1486.25,1506.599975585938,1484.550048828125,1493.550048828125,1407.1962890625,573882,Lupin,India,LUPIN.NS
2016-10-03 18:30:00,1504.0,1508.0,1481.099975585938,1488.449951171875,1402.39111328125,516358,Lupin,India,LUPIN.NS
2016-10-04 18:30:00,1489.099975585938,1502.900024414062,1484.5,1492.400024414062,1406.112915039062,393733,Lupin,India,LUPIN.NS
2016-10-05 18:30:00,1504.0,1504.0,1479.0,1486.900024414062,1400.930908203125,551910,Lupin,India,LUPIN.NS
2016-10-06 18:30:00,1487.349975585938,1505.0,1485.0,1500.150024414062,1413.414794921875,1410496,Lupin,India,LUPIN.NS
2016-10-09 18:30:00,1505.050048828125,1524.900024414062,1499.550048828125,1520.199951171875,1432.305786132812,509938,Lupin,India,LUPIN.NS
2016-10-12 18:30:00,1509.199951171875,1516.5,1474.599975585938,1479.25,1393.723388671875,1120826,Lupin,India,LUPIN.NS
2016-10-13 18:30:00,1489.949951171875,1489.949951171875,1450.199951171875,1464.699951171875,1380.014404296875,1162063,Lupin,India,LUPIN.NS
2016-10-16 18:30:00,1468.699951171875,1475.0,1442.099975585938,1446.050048828125,1362.442626953125,497091,Lupin,India,LUPIN.NS
2016-10-17 18:30:00,1450.0,1488.0,1450.0,1481.150024414062,1395.513549804688,1488996,Lupin,India,LUPIN.NS
2016-10-18 18:30:00,1488.0,1518.5,1486.199951171875,1512.699951171875,1425.239135742188,762863,Lupin,India,LUPIN.NS
2016-10-19 18:30:00,1518.0,1521.449951171875,1501.0,1505.849975585938,1418.78515625,460284,Lupin,India,LUPIN.NS
2016-10-20 18:30:00,1507.5,1518.449951171875,1492.25,1500.099975585938,1413.367797851562,345777,Lupin,India,LUPIN.NS
2016-10-23 18:30:00,1512.650024414062,1539.599975585938,1499.150024414062,1528.400024414062,1440.031494140625,905293,Lupin,India,LUPIN.NS
2016-10-24 18:30:00,1532.0,1544.0,1520.550048828125,1526.25,1438.005859375,574243,Lupin,India,LUPIN.NS
2016-10-25 18:30:00,1525.5,1538.900024414062,1500.0,1507.300048828125,1420.1513671875,483604,Lupin,India,LUPIN.NS
2016-10-26 18:30:00,1508.0,1508.0,1472.0,1480.349975585938,1394.759765625,591055,Lupin,India,LUPIN.NS
2016-10-27 18:30:00,1487.0,1504.949951171875,1482.949951171875,1488.349975585938,1402.297119140625,531996,Lupin,India,LUPIN.NS
2016-10-31 18:30:00,1532.0,1544.0,1503.550048828125,1508.349975585938,1421.140747070312,800647,Lupin,India,LUPIN.NS
2016-11-01 18:30:00,1510.0,1524.449951171875,1488.150024414062,1492.550048828125,1406.254150390625,633638,Lupin,India,LUPIN.NS
2016-11-02 18:30:00,1488.599975585938,1501.0,1464.699951171875,1470.400024414062,1385.384765625,829710,Lupin,India,LUPIN.NS
2016-11-03 18:30:00,1453.150024414062,1472.0,1393.0,1420.900024414062,1338.746826171875,2119494,Lupin,India,LUPIN.NS
2016-11-06 18:30:00,1523.0,1535.0,1488.900024414062,1518.599975585938,1430.797973632812,4220594,Lupin,India,LUPIN.NS
2016-11-07 18:30:00,1530.0,1547.199951171875,1495.0,1507.599975585938,1420.43408203125,1318755,Lupin,India,LUPIN.NS
2016-11-08 18:30:00,1432.0,1565.0,1382.599975585938,1529.650024414062,1441.208984375,3320746,Lupin,India,LUPIN.NS
2016-11-09 18:30:00,1546.900024414062,1550.0,1490.0,1493.900024414062,1407.526123046875,2567989,Lupin,India,LUPIN.NS
2016-11-10 18:30:00,1496.849975585938,1496.849975585938,1452.349975585938,1458.800048828125,1374.455444335938,834760,Lupin,India,LUPIN.NS
2016-11-14 18:30:00,1460.0,1466.150024414062,1428.650024414062,1440.949951171875,1357.637329101562,1037950,Lupin,India,LUPIN.NS
2016-11-15 18:30:00,1450.699951171875,1454.849975585938,1390.650024414062,1407.050048828125,1325.69775390625,1493431,Lupin,India,LUPIN.NS
2016-11-16 18:30:00,1406.599975585938,1438.0,1402.650024414062,1413.5,1331.774536132812,907967,Lupin,India,LUPIN.NS
2016-11-17 18:30:00,1414.0,1425.5,1408.099975585938,1417.75,1335.778686523438,649572,Lupin,India,LUPIN.NS
2016-11-20 18:30:00,1434.25,1435.0,1390.849975585938,1398.25,1317.406494140625,921267,Lupin,India,LUPIN.NS
2016-11-21 18:30:00,1408.0,1417.0,1402.550048828125,1412.849975585938,1331.162231445312,949507,Lupin,India,LUPIN.NS
2016-11-22 18:30:00,1424.0,1496.0,1415.050048828125,1486.900024414062,1400.930908203125,2141284,Lupin,India,LUPIN.NS
2016-11-23 18:30:00,1470.0,1494.25,1452.400024414062,1458.5,1374.172973632812,1575834,Lupin,India,LUPIN.NS
2016-11-24 18:30:00,1470.0,1518.800048828125,1445.599975585938,1508.650024414062,1421.423461914062,1241157,Lupin,India,LUPIN.NS
2016-11-27 18:30:00,1515.0,1517.900024414062,1484.0,1509.199951171875,1421.941528320312,811169,Lupin,India,LUPIN.NS
2016-11-28 18:30:00,1499.900024414062,1523.0,1486.449951171875,1518.150024414062,1430.374145507812,768031,Lupin,India,LUPIN.NS
2016-11-29 18:30:00,1530.0,1547.099975585938,1497.400024414062,1504.849975585938,1417.843017578125,1689417,Lupin,India,LUPIN.NS
2016-11-30 18:30:00,1505.0,1538.0,1499.0,1512.699951171875,1425.239135742188,1016348,Lupin,India,LUPIN.NS
2016-12-01 18:30:00,1512.699951171875,1514.0,1485.75,1489.099975585938,1403.003784179688,602938,Lupin,India,LUPIN.NS
2016-12-04 18:30:00,1500.0,1540.0,1495.199951171875,1535.849975585938,1447.050537109375,1257617,Lupin,India,LUPIN.NS
2016-12-05 18:30:00,1546.900024414062,1548.0,1523.050048828125,1527.099975585938,1438.806518554688,656919,Lupin,India,LUPIN.NS
2016-12-06 18:30:00,1535.0,1545.0,1501.25,1504.75,1417.748779296875,777319,Lupin,India,LUPIN.NS
2016-12-07 18:30:00,1516.400024414062,1527.800048828125,1505.0,1524.5,1436.35693359375,516109,Lupin,India,LUPIN.NS
2016-12-08 18:30:00,1526.0,1527.949951171875,1501.5,1511.550048828125,1424.155883789062,444998,Lupin,India,LUPIN.NS
2016-12-11 18:30:00,1506.0,1524.75,1498.550048828125,1503.5,1416.5712890625,396052,Lupin,India,LUPIN.NS
2016-12-12 18:30:00,1507.0,1508.800048828125,1476.25,1494.300048828125,1407.902954101562,660269,Lupin,India,LUPIN.NS
2016-12-13 18:30:00,1497.949951171875,1503.949951171875,1482.0,1486.949951171875,1400.978149414062,363044,Lupin,India,LUPIN.NS
2016-12-14 18:30:00,1479.0,1489.949951171875,1470.0,1480.400024414062,1394.806640625,626694,Lupin,India,LUPIN.NS
2016-12-15 18:30:00,1484.0,1485.0,1461.0,1469.400024414062,1384.442504882812,625008,Lupin,India,LUPIN.NS
2016-12-18 18:30:00,1467.400024414062,1494.0,1460.800048828125,1474.300048828125,1389.059326171875,569313,Lupin,India,LUPIN.NS
2016-12-19 18:30:00,1485.0,1487.650024414062,1446.0,1449.25,1365.457763671875,685374,Lupin,India,LUPIN.NS
2016-12-20 18:30:00,1459.0,1476.0,1445.0,1465.150024414062,1380.438598632812,595663,Lupin,India,LUPIN.NS
2016-12-21 18:30:00,1465.099975585938,1469.800048828125,1442.0,1447.400024414062,1363.714599609375,542888,Lupin,India,LUPIN.NS
2016-12-22 18:30:00,1447.949951171875,1460.0,1440.0,1445.800048828125,1362.207153320312,488669,Lupin,India,LUPIN.NS
2016-12-25 18:30:00,1445.0,1463.349975585938,1397.300048828125,1402.949951171875,1321.834716796875,877985,Lupin,India,LUPIN.NS
2016-12-26 18:30:00,1404.949951171875,1452.5,1404.0,1446.099975585938,1362.489990234375,841430,Lupin,India,LUPIN.NS
2016-12-27 18:30:00,1450.0,1468.599975585938,1447.300048828125,1454.349975585938,1370.262817382812,582828,Lupin,India,LUPIN.NS
2016-12-28 18:30:00,1464.0,1470.300048828125,1451.050048828125,1467.849975585938,1382.982177734375,487712,Lupin,India,LUPIN.NS
2016-12-29 18:30:00,1470.0,1489.949951171875,1470.0,1486.949951171875,1400.978149414062,427683,Lupin,India,LUPIN.NS
2017-01-01 18:30:00,1488.0,1510.0,1476.199951171875,1505.75,1418.691284179688,432507,Lupin,India,LUPIN.NS
2017-01-02 18:30:00,1514.949951171875,1514.949951171875,1492.099975585938,1505.5,1418.455444335938,575773,Lupin,India,LUPIN.NS
2017-01-03 18:30:00,1505.900024414062,1510.75,1485.0,1489.0,1402.909545898438,650696,Lupin,India,LUPIN.NS
2017-01-04 18:30:00,1499.900024414062,1518.0,1486.699951171875,1512.099975585938,1424.673828125,663374,Lupin,India,LUPIN.NS
2017-01-05 18:30:00,1513.25,1527.800048828125,1506.0,1512.050048828125,1424.626953125,442853,Lupin,India,LUPIN.NS
2017-01-08 18:30:00,1511.0,1520.099975585938,1486.5,1489.5,1403.380615234375,443260,Lupin,India,LUPIN.NS
2017-01-09 18:30:00,1490.0,1501.900024414062,1483.400024414062,1488.5,1402.4384765625,633637,Lupin,India,LUPIN.NS
2017-01-10 18:30:00,1492.5,1525.5,1492.5,1521.75,1433.765869140625,747080,Lupin,India,LUPIN.NS
2017-01-11 18:30:00,1495.0,1521.0,1485.099975585938,1491.0,1404.793701171875,859263,Lupin,India,LUPIN.NS
2017-01-12 18:30:00,1500.0,1507.949951171875,1487.099975585938,1496.25,1409.740112304688,397553,Lupin,India,LUPIN.NS
2017-01-15 18:30:00,1498.949951171875,1513.0,1493.050048828125,1509.150024414062,1421.894287109375,372811,Lupin,India,LUPIN.NS
2017-01-16 18:30:00,1503.0,1509.150024414062,1490.050048828125,1494.0,1407.62060546875,427552,Lupin,India,LUPIN.NS
2017-01-17 18:30:00,1492.099975585938,1510.75,1490.5,1496.900024414062,1410.352783203125,451242,Lupin,India,LUPIN.NS
2017-01-18 18:30:00,1493.0,1505.0,1470.550048828125,1479.150024414062,1393.628784179688,444368,Lupin,India,LUPIN.NS
2017-01-19 18:30:00,1483.0,1488.449951171875,1455.25,1465.349975585938,1380.626831054688,573900,Lupin,India,LUPIN.NS
2017-01-22 18:30:00,1460.0,1496.0,1450.050048828125,1483.25,1397.491943359375,812744,Lupin,India,LUPIN.NS
2017-01-23 18:30:00,1477.5,1509.800048828125,1477.5,1504.699951171875,1417.70166015625,432795,Lupin,India,LUPIN.NS
2017-01-24 18:30:00,1515.0,1529.800048828125,1502.300048828125,1519.25,1431.41064453125,846726,Lupin,India,LUPIN.NS
2017-01-26 18:30:00,1518.0,1518.699951171875,1488.150024414062,1492.300048828125,1406.018798828125,727852,Lupin,India,LUPIN.NS
2017-01-29 18:30:00,1494.099975585938,1508.849975585938,1487.0,1499.699951171875,1412.990844726562,452570,Lupin,India,LUPIN.NS
2017-01-30 18:30:00,1510.0,1510.050048828125,1466.349975585938,1470.699951171875,1385.66748046875,688000,Lupin,India,LUPIN.NS
2017-01-31 18:30:00,1471.0,1484.800048828125,1435.699951171875,1474.099975585938,1388.870727539062,894488,Lupin,India,LUPIN.NS
2017-02-01 18:30:00,1482.699951171875,1492.400024414062,1450.0,1481.449951171875,1395.796020507812,1006697,Lupin,India,LUPIN.NS
2017-02-02 18:30:00,1478.0,1505.949951171875,1478.0,1492.0,1405.736083984375,472175,Lupin,India,LUPIN.NS
2017-02-05 18:30:00,1501.0,1573.599975585938,1484.800048828125,1496.150024414062,1409.64599609375,2848834,Lupin,India,LUPIN.NS
2017-02-06 18:30:00,1495.0,1511.800048828125,1461.0,1466.150024414062,1381.380615234375,1101632,Lupin,India,LUPIN.NS
2017-02-07 18:30:00,1474.0,1491.0,1467.0,1486.75,1400.789428710938,955712,Lupin,India,LUPIN.NS
2017-02-08 18:30:00,1498.949951171875,1520.0,1475.75,1491.349975585938,1405.12353515625,3701844,Lupin,India,LUPIN.NS
2017-02-09 18:30:00,1509.0,1509.0,1461.0,1466.050048828125,1381.286376953125,1510360,Lupin,India,LUPIN.NS
2017-02-12 18:30:00,1479.0,1479.0,1445.0,1447.599975585938,1363.902954101562,863549,Lupin,India,LUPIN.NS
2017-02-13 18:30:00,1448.300048828125,1455.949951171875,1425.550048828125,1431.449951171875,1348.686645507812,797448,Lupin,India,LUPIN.NS
2017-02-14 18:30:00,1432.050048828125,1442.0,1428.5,1432.900024414062,1350.052978515625,1298433,Lupin,India,LUPIN.NS
2017-02-15 18:30:00,1433.0,1449.0,1424.699951171875,1440.949951171875,1357.637329101562,1169195,Lupin,India,LUPIN.NS
2017-02-16 18:30:00,1456.949951171875,1464.949951171875,1445.050048828125,1458.699951171875,1374.361206054688,1093407,Lupin,India,LUPIN.NS
2017-02-19 18:30:00,1460.0,1467.0,1448.599975585938,1464.550048828125,1379.873168945312,2218830,Lupin,India,LUPIN.NS
2017-02-20 18:30:00,1468.0,1473.0,1457.949951171875,1471.0,1385.9501953125,1196203,Lupin,India,LUPIN.NS
2017-02-21 18:30:00,1471.0,1476.0,1446.25,1452.800048828125,1368.802490234375,680057,Lupin,India,LUPIN.NS
2017-02-22 18:30:00,1450.0,1465.650024414062,1444.849975585938,1450.0,1366.164306640625,1225360,Lupin,India,LUPIN.NS
2017-02-26 18:30:00,1452.099975585938,1469.0,1450.300048828125,1464.099975585938,1379.449096679688,867741,Lupin,India,LUPIN.NS
2017-02-27 18:30:00,1466.949951171875,1478.0,1461.25,1474.099975585938,1388.870727539062,1456387,Lupin,India,LUPIN.NS
2017-02-28 18:30:00,1479.400024414062,1479.400024414062,1466.349975585938,1469.800048828125,1384.819580078125,1381676,Lupin,India,LUPIN.NS
2017-03-01 18:30:00,1478.0,1483.449951171875,1454.050048828125,1460.900024414062,1376.434326171875,1559024,Lupin,India,LUPIN.NS
2017-03-02 18:30:00,1462.400024414062,1479.0,1457.550048828125,1476.099975585938,1390.755249023438,465086,Lupin,India,LUPIN.NS
2017-03-05 18:30:00,1474.949951171875,1482.449951171875,1470.0,1477.25,1391.838745117188,457610,Lupin,India,LUPIN.NS
2017-03-06 18:30:00,1479.949951171875,1480.0,1440.050048828125,1457.300048828125,1373.042358398438,966032,Lupin,India,LUPIN.NS
2017-03-07 18:30:00,1460.0,1463.300048828125,1442.0,1449.650024414062,1365.834716796875,766037,Lupin,India,LUPIN.NS
2017-03-08 18:30:00,1450.349975585938,1458.400024414062,1443.0,1453.449951171875,1369.414672851562,703101,Lupin,India,LUPIN.NS
2017-03-09 18:30:00,1456.0,1457.349975585938,1440.0,1447.099975585938,1363.432006835938,369219,Lupin,India,LUPIN.NS
2017-03-13 18:30:00,1463.0,1463.050048828125,1440.0,1446.949951171875,1363.290771484375,683469,Lupin,India,LUPIN.NS
2017-03-14 18:30:00,1449.0,1455.75,1443.550048828125,1449.849975585938,1366.022827148438,413467,Lupin,India,LUPIN.NS
2017-03-15 18:30:00,1452.949951171875,1459.300048828125,1450.0,1455.400024414062,1371.251953125,1092308,Lupin,India,LUPIN.NS
2017-03-16 18:30:00,1467.900024414062,1475.449951171875,1452.150024414062,1456.550048828125,1372.335815429688,1149979,Lupin,India,LUPIN.NS
2017-03-19 18:30:00,1467.0,1469.0,1457.599975585938,1464.699951171875,1380.014404296875,469478,Lupin,India,LUPIN.NS
2017-03-20 18:30:00,1464.0,1465.0,1448.0,1454.400024414062,1370.31005859375,481477,Lupin,India,LUPIN.NS
2017-03-21 18:30:00,1450.050048828125,1475.0,1443.0,1468.150024414062,1383.265014648438,808660,Lupin,India,LUPIN.NS
2017-03-22 18:30:00,1479.0,1495.349975585938,1466.550048828125,1490.25,1404.087158203125,927873,Lupin,India,LUPIN.NS
2017-03-23 18:30:00,1494.900024414062,1498.0,1475.0,1487.800048828125,1401.77880859375,423331,Lupin,India,LUPIN.NS
2017-03-26 18:30:00,1486.900024414062,1486.900024414062,1455.0,1457.75,1373.466186523438,714403,Lupin,India,LUPIN.NS
2017-03-27 18:30:00,1473.900024414062,1473.900024414062,1451.550048828125,1455.699951171875,1371.534790039062,337687,Lupin,India,LUPIN.NS
2017-03-28 18:30:00,1460.800048828125,1463.400024414062,1447.5,1454.349975585938,1370.262817382812,616204,Lupin,India,LUPIN.NS
2017-03-29 18:30:00,1457.0,1457.0,1445.0,1446.949951171875,1363.290771484375,1258490,Lupin,India,LUPIN.NS
2017-03-30 18:30:00,1453.0,1455.0,1441.050048828125,1445.199951171875,1361.641845703125,538488,Lupin,India,LUPIN.NS
2017-04-02 18:30:00,1450.0,1454.0,1430.050048828125,1434.599975585938,1351.65478515625,968565,Lupin,India,LUPIN.NS
2017-04-04 18:30:00,1444.0,1457.050048828125,1440.0,1454.949951171875,1370.828369140625,614057,Lupin,India,LUPIN.NS
2017-04-05 18:30:00,1457.0,1457.0,1439.349975585938,1448.400024414062,1364.656982421875,468167,Lupin,India,LUPIN.NS
2017-04-06 18:30:00,1445.650024414062,1448.0,1406.099975585938,1410.050048828125,1328.524169921875,1036712,Lupin,India,LUPIN.NS
2017-04-09 18:30:00,1405.0,1419.5,1397.0,1415.349975585938,1333.517822265625,1263154,Lupin,India,LUPIN.NS
2017-04-10 18:30:00,1422.449951171875,1433.449951171875,1416.0,1429.449951171875,1346.802368164062,728077,Lupin,India,LUPIN.NS
2017-04-11 18:30:00,1428.0,1444.449951171875,1408.050048828125,1439.449951171875,1356.224487304688,782828,Lupin,India,LUPIN.NS
2017-04-12 18:30:00,1447.5,1454.900024414062,1430.0,1434.650024414062,1351.701782226562,747073,Lupin,India,LUPIN.NS
2017-04-16 18:30:00,1434.800048828125,1442.449951171875,1411.150024414062,1416.949951171875,1335.025268554688,539429,Lupin,India,LUPIN.NS
2017-04-17 18:30:00,1420.0,1428.949951171875,1411.550048828125,1414.949951171875,1333.140747070312,387950,Lupin,India,LUPIN.NS
2017-04-18 18:30:00,1422.849975585938,1422.849975585938,1408.050048828125,1410.25,1328.712768554688,345971,Lupin,India,LUPIN.NS
2017-04-19 18:30:00,1411.0,1430.150024414062,1410.0,1427.449951171875,1344.918090820312,479647,Lupin,India,LUPIN.NS
2017-04-20 18:30:00,1427.449951171875,1431.400024414062,1406.199951171875,1407.849975585938,1326.451293945312,402801,Lupin,India,LUPIN.NS
2017-04-23 18:30:00,1405.0,1405.0,1356.0,1361.5,1282.781005859375,1326184,Lupin,India,LUPIN.NS
2017-04-24 18:30:00,1366.050048828125,1381.099975585938,1361.5,1377.349975585938,1297.71484375,937866,Lupin,India,LUPIN.NS
2017-04-25 18:30:00,1377.349975585938,1382.0,1366.849975585938,1371.050048828125,1291.779052734375,470446,Lupin,India,LUPIN.NS
2017-04-26 18:30:00,1369.0,1369.900024414062,1332.0,1336.199951171875,1258.943969726562,1850221,Lupin,India,LUPIN.NS
2017-04-27 18:30:00,1340.0,1372.0,1318.699951171875,1338.349975585938,1260.969604492188,2257402,Lupin,India,LUPIN.NS
2017-05-01 18:30:00,1354.0,1354.0,1301.0,1303.800048828125,1228.417358398438,1289019,Lupin,India,LUPIN.NS
2017-05-02 18:30:00,1308.0,1312.349975585938,1261.400024414062,1264.900024414062,1191.766479492188,1825156,Lupin,India,LUPIN.NS
2017-05-03 18:30:00,1270.0,1284.449951171875,1259.0,1261.75,1188.798461914062,1359127,Lupin,India,LUPIN.NS
2017-05-04 18:30:00,1265.0,1272.5,1249.949951171875,1252.349975585938,1179.942016601562,779255,Lupin,India,LUPIN.NS
2017-05-07 18:30:00,1254.800048828125,1285.0,1248.150024414062,1279.800048828125,1205.804931640625,1359954,Lupin,India,LUPIN.NS
2017-05-08 18:30:00,1283.5,1283.849975585938,1243.099975585938,1250.150024414062,1177.869262695312,1761286,Lupin,India,LUPIN.NS
2017-05-09 18:30:00,1255.0,1272.949951171875,1251.699951171875,1258.900024414062,1186.113525390625,1092939,Lupin,India,LUPIN.NS
2017-05-10 18:30:00,1263.0,1273.900024414062,1256.699951171875,1259.699951171875,1186.866943359375,575036,Lupin,India,LUPIN.NS
2017-05-11 18:30:00,1263.0,1265.199951171875,1245.0,1253.949951171875,1181.449462890625,900384,Lupin,India,LUPIN.NS
2017-05-14 18:30:00,1253.949951171875,1292.949951171875,1252.0,1284.5,1210.233276367188,951808,Lupin,India,LUPIN.NS
2017-05-15 18:30:00,1277.599975585938,1299.949951171875,1277.599975585938,1292.900024414062,1218.147705078125,863382,Lupin,India,LUPIN.NS
2017-05-16 18:30:00,1299.0,1306.099975585938,1287.0,1299.25,1224.13037109375,1423295,Lupin,India,LUPIN.NS
2017-05-17 18:30:00,1290.0,1322.349975585938,1284.25,1305.849975585938,1230.3486328125,1137197,Lupin,India,LUPIN.NS
2017-05-18 18:30:00,1318.0,1321.949951171875,1304.949951171875,1318.199951171875,1241.98486328125,954830,Lupin,India,LUPIN.NS
2017-05-21 18:30:00,1320.099975585938,1327.0,1258.0,1265.949951171875,1192.755615234375,2143969,Lupin,India,LUPIN.NS
2017-05-22 18:30:00,1265.0,1265.0,1231.400024414062,1250.599975585938,1178.293212890625,2071339,Lupin,India,LUPIN.NS
2017-05-23 18:30:00,1232.199951171875,1274.949951171875,1167.599975585938,1228.5,1157.470947265625,4063564,Lupin,India,LUPIN.NS
2017-05-24 18:30:00,1172.050048828125,1180.0,1107.0,1140.199951171875,1074.276245117188,8375080,Lupin,India,LUPIN.NS
2017-05-25 18:30:00,1131.0,1163.0,1100.0,1112.550048828125,1048.224975585938,3585744,Lupin,India,LUPIN.NS
2017-05-28 18:30:00,1113.949951171875,1128.400024414062,1080.099975585938,1110.199951171875,1046.010986328125,2573360,Lupin,India,LUPIN.NS
2017-05-29 18:30:00,1110.199951171875,1142.25,1110.199951171875,1129.900024414062,1064.571899414062,1442595,Lupin,India,LUPIN.NS
2017-05-30 18:30:00,1145.0,1185.0,1137.5,1161.0,1093.87353515625,2459672,Lupin,India,LUPIN.NS
2017-05-31 18:30:00,1150.0,1188.900024414062,1142.5,1146.300048828125,1080.023559570312,1498211,Lupin,India,LUPIN.NS
2017-06-01 18:30:00,1158.900024414062,1173.0,1152.0,1167.099975585938,1099.62109375,1059875,Lupin,India,LUPIN.NS
2017-06-04 18:30:00,1160.0,1170.0,1148.0,1156.199951171875,1089.35107421875,1345701,Lupin,India,LUPIN.NS
2017-06-05 18:30:00,1162.900024414062,1165.0,1141.75,1151.0,1084.451904296875,1352183,Lupin,India,LUPIN.NS
2017-06-06 18:30:00,1152.150024414062,1165.949951171875,1145.0,1154.449951171875,1087.702270507812,928260,Lupin,India,LUPIN.NS
2017-06-07 18:30:00,1159.75,1178.400024414062,1151.75,1167.699951171875,1100.186279296875,1599054,Lupin,India,LUPIN.NS
2017-06-08 18:30:00,1173.0,1176.0,1152.300048828125,1160.099975585938,1093.025634765625,769777,Lupin,India,LUPIN.NS
2017-06-11 18:30:00,1150.0,1167.0,1150.0,1160.199951171875,1093.119873046875,608687,Lupin,India,LUPIN.NS
2017-06-12 18:30:00,1163.0,1182.949951171875,1163.0,1179.699951171875,1111.492431640625,953734,Lupin,India,LUPIN.NS
2017-06-13 18:30:00,1182.949951171875,1193.5,1175.5,1181.0,1112.717407226562,970978,Lupin,India,LUPIN.NS
2017-06-14 18:30:00,1178.900024414062,1194.0,1174.050048828125,1182.349975585938,1113.989135742188,1034068,Lupin,India,LUPIN.NS
2017-06-15 18:30:00,1186.0,1189.449951171875,1104.550048828125,1131.050048828125,1065.655395507812,3285283,Lupin,India,LUPIN.NS
2017-06-18 18:30:00,1136.0,1141.5,1113.199951171875,1131.699951171875,1066.267822265625,1172788,Lupin,India,LUPIN.NS
2017-06-19 18:30:00,1129.900024414062,1129.900024414062,1110.0,1112.849975585938,1048.507446289062,1777105,Lupin,India,LUPIN.NS
2017-06-20 18:30:00,1111.0,1112.0,1089.0,1095.0,1031.689575195312,2025842,Lupin,India,LUPIN.NS
2017-06-21 18:30:00,1085.099975585938,1088.949951171875,1064.0,1066.949951171875,1005.261352539062,3041268,Lupin,India,LUPIN.NS
2017-06-22 18:30:00,1066.0,1085.0,1058.050048828125,1060.0,998.7133178710938,2050708,Lupin,India,LUPIN.NS
2017-06-26 18:30:00,1060.0,1068.199951171875,1047.599975585938,1062.349975585938,1000.927490234375,2630627,Lupin,India,LUPIN.NS
2017-06-27 18:30:00,1062.0,1069.400024414062,1051.099975585938,1064.699951171875,1003.141479492188,1667010,Lupin,India,LUPIN.NS
2017-06-28 18:30:00,1068.75,1069.800048828125,1053.0,1055.599975585938,994.5678100585938,4352668,Lupin,India,LUPIN.NS
2017-06-29 18:30:00,1059.900024414062,1069.550048828125,1051.5,1059.849975585938,998.5718994140625,1555017,Lupin,India,LUPIN.NS
2017-07-02 18:30:00,1064.0,1065.0,1051.400024414062,1054.5,993.5311279296875,1001764,Lupin,India,LUPIN.NS
2017-07-03 18:30:00,1059.800048828125,1061.0,1040.0,1043.900024414062,983.5440673828125,1052402,Lupin,India,LUPIN.NS
2017-07-04 18:30:00,1040.5,1096.0,1036.199951171875,1084.0,1021.325744628906,5148183,Lupin,India,LUPIN.NS
2017-07-05 18:30:00,1099.0,1108.800048828125,1076.550048828125,1081.300048828125,1018.781799316406,2336293,Lupin,India,LUPIN.NS
2017-07-06 18:30:00,1082.900024414062,1137.0,1082.900024414062,1117.300048828125,1052.700439453125,4984299,Lupin,India,LUPIN.NS
2017-07-09 18:30:00,1135.0,1170.0,1135.0,1148.849975585938,1082.426147460938,511108,Lupin,India,LUPIN.NS
2017-07-10 18:30:00,1157.0,1166.75,1136.050048828125,1139.949951171875,1074.040649414062,1914881,Lupin,India,LUPIN.NS
2017-07-11 18:30:00,1145.0,1152.800048828125,1136.75,1140.599975585938,1074.653198242188,768916,Lupin,India,LUPIN.NS
2017-07-12 18:30:00,1152.0,1152.0,1138.5,1142.050048828125,1076.019409179688,1249863,Lupin,India,LUPIN.NS
2017-07-13 18:30:00,1143.0,1156.099975585938,1135.300048828125,1139.150024414062,1073.287109375,855906,Lupin,India,LUPIN.NS
2017-07-16 18:30:00,1145.0,1150.449951171875,1137.0,1146.75,1080.447631835938,523872,Lupin,India,LUPIN.NS
2017-07-17 18:30:00,1148.0,1164.75,1147.300048828125,1156.349975585938,1089.492553710938,1073451,Lupin,India,LUPIN.NS
2017-07-18 18:30:00,1168.900024414062,1177.449951171875,1164.099975585938,1172.300048828125,1104.520385742188,794526,Lupin,India,LUPIN.NS
2017-07-19 18:30:00,1172.0,1175.949951171875,1162.550048828125,1166.050048828125,1098.631713867188,406805,Lupin,India,LUPIN.NS
2017-07-20 18:30:00,1157.150024414062,1157.150024414062,1131.25,1142.900024414062,1076.820068359375,1439189,Lupin,India,LUPIN.NS
2017-07-23 18:30:00,1165.75,1175.199951171875,1138.0,1141.5,1082.605346679688,1549104,Lupin,India,LUPIN.NS
2017-07-24 18:30:00,1140.0,1141.949951171875,1114.150024414062,1120.449951171875,1062.641357421875,1757281,Lupin,India,LUPIN.NS
2017-07-25 18:30:00,1121.599975585938,1128.650024414062,1115.5,1123.599975585938,1065.62890625,1114455,Lupin,India,LUPIN.NS
2017-07-26 18:30:00,1132.199951171875,1132.25,1105.0,1110.050048828125,1052.778198242188,1625717,Lupin,India,LUPIN.NS
2017-07-27 18:30:00,1110.400024414062,1111.050048828125,1055.349975585938,1063.900024414062,1009.00927734375,2321289,Lupin,India,LUPIN.NS
2017-07-30 18:30:00,1089.900024414062,1089.900024414062,1030.0,1032.0,978.7550048828125,4692583,Lupin,India,LUPIN.NS
2017-07-31 18:30:00,1038.0,1038.800048828125,1016.099975585938,1017.900024414062,965.3824462890625,2668911,Lupin,India,LUPIN.NS
2017-08-01 18:30:00,1026.099975585938,1055.0,1020.0,1034.949951171875,981.552734375,7625546,Lupin,India,LUPIN.NS
2017-08-02 18:30:00,1032.0,1060.0,985.0,993.4000244140625,942.1465454101562,7852897,Lupin,India,LUPIN.NS
2017-08-03 18:30:00,989.5,997.7999877929688,963.0,992.7999877929688,941.577392578125,4195398,Lupin,India,LUPIN.NS
2017-08-06 18:30:00,993.7999877929688,1004.0,980.5499877929688,985.0499877929688,934.2273559570312,1416550,Lupin,India,LUPIN.NS
2017-08-07 18:30:00,988.7999877929688,992.4500122070312,970.4000244140625,974.5,924.2215576171875,1097894,Lupin,India,LUPIN.NS
2017-08-08 18:30:00,974.0,977.7999877929688,950.0,952.9500122070312,903.7835083007812,1347325,Lupin,India,LUPIN.NS
2017-08-09 18:30:00,950.7999877929688,971.8499755859375,917.5499877929688,936.7000122070312,888.3718872070312,2148029,Lupin,India,LUPIN.NS
2017-08-10 18:30:00,930.0,954.8499755859375,920.0,940.9000244140625,892.355224609375,1617852,Lupin,India,LUPIN.NS
2017-08-13 18:30:00,943.5,969.7999877929688,943.0499877929688,966.8499755859375,916.9662475585938,1380569,Lupin,India,LUPIN.NS
2017-08-15 18:30:00,974.0,974.0499877929688,950.5,961.0,911.4181518554688,1973545,Lupin,India,LUPIN.NS
2017-08-16 18:30:00,964.0,968.4500122070312,951.0,953.9500122070312,904.73193359375,1127740,Lupin,India,LUPIN.NS
2017-08-17 18:30:00,951.0,951.0,934.4000244140625,938.3499755859375,889.9367065429688,1834424,Lupin,India,LUPIN.NS
2017-08-20 18:30:00,943.9000244140625,944.0,920.0,923.4000244140625,875.7581176757812,1160593,Lupin,India,LUPIN.NS
2017-08-21 18:30:00,948.0,950.9500122070312,935.0,944.4000244140625,895.6746826171875,2324978,Lupin,India,LUPIN.NS
2017-08-22 18:30:00,948.0,959.7000122070312,941.0,955.8499755859375,906.5338134765625,1452649,Lupin,India,LUPIN.NS
2017-08-23 18:30:00,958.5,999.7999877929688,955.0,992.5,941.2929077148438,2451008,Lupin,India,LUPIN.NS
2017-08-27 18:30:00,1003.0,1008.0,986.0,991.2000122070312,940.0599975585938,1659832,Lupin,India,LUPIN.NS
2017-08-28 18:30:00,987.7000122070312,998.9500122070312,983.0499877929688,989.2999877929688,938.2579956054688,1024339,Lupin,India,LUPIN.NS
2017-08-29 18:30:00,995.0,998.4000244140625,985.8499755859375,988.0,937.025146484375,700248,Lupin,India,LUPIN.NS
2017-08-30 18:30:00,979.0,995.75,974.5999755859375,979.4500122070312,928.9163208007812,1957294,Lupin,India,LUPIN.NS
2017-08-31 18:30:00,985.0,1009.400024414062,982.0,995.5499877929688,944.1856079101562,1558803,Lupin,India,LUPIN.NS
2017-09-03 18:30:00,995.0,1006.450012207031,985.0499877929688,997.5499877929688,946.0823364257812,907385,Lupin,India,LUPIN.NS
2017-09-04 18:30:00,1005.0,1005.049987792969,986.0499877929688,992.6500244140625,941.4351806640625,713041,Lupin,India,LUPIN.NS
2017-09-05 18:30:00,987.0,991.3499755859375,967.0,971.3499755859375,921.234130859375,1338780,Lupin,India,LUPIN.NS
2017-09-06 18:30:00,975.9000244140625,981.7000122070312,970.3499755859375,978.5,928.0152587890625,936915,Lupin,India,LUPIN.NS
2017-09-07 18:30:00,978.5,986.5,960.2000122070312,969.9500122070312,919.9063720703125,714426,Lupin,India,LUPIN.NS
2017-09-10 18:30:00,975.0,982.9500122070312,968.1500244140625,977.2999877929688,926.8771362304688,799559,Lupin,India,LUPIN.NS
2017-09-11 18:30:00,979.0,988.0,976.1500244140625,981.8499755859375,931.1923217773438,1076841,Lupin,India,LUPIN.NS
2017-09-12 18:30:00,985.7000122070312,1009.0,974.0,992.4000244140625,941.1981201171875,2392504,Lupin,India,LUPIN.NS
2017-09-13 18:30:00,997.9000244140625,1017.75,995.5499877929688,1004.200012207031,952.3892822265625,2388352,Lupin,India,LUPIN.NS
2017-09-14 18:30:00,991.75,1015.0,990.0499877929688,1009.549987792969,957.4631958007812,2254311,Lupin,India,LUPIN.NS
2017-09-17 18:30:00,1015.950012207031,1016.0,1000.099975585938,1010.099975585938,957.9847412109375,1321720,Lupin,India,LUPIN.NS
2017-09-18 18:30:00,1010.0,1021.700012207031,1001.5,1005.200012207031,953.337646484375,1593299,Lupin,India,LUPIN.NS
2017-09-19 18:30:00,1009.900024414062,1009.900024414062,997.0,1002.25,950.5399169921875,1900325,Lupin,India,LUPIN.NS
2017-09-20 18:30:00,1006.0,1039.900024414062,1004.450012207031,1030.400024414062,977.237548828125,4073455,Lupin,India,LUPIN.NS
2017-09-21 18:30:00,1030.0,1044.699951171875,1006.099975585938,1014.400024414062,962.0631103515625,2128564,Lupin,India,LUPIN.NS
2017-09-24 18:30:00,1014.5,1016.450012207031,982.2000122070312,991.7000122070312,940.5343017578125,1824414,Lupin,India,LUPIN.NS
2017-09-25 18:30:00,995.0,1012.400024414062,993.0,1006.0,954.0964965820312,1967659,Lupin,India,LUPIN.NS
2017-09-26 18:30:00,1010.0,1011.799987792969,995.5,1000.349975585938,948.7379760742188,2086318,Lupin,India,LUPIN.NS
2017-09-27 18:30:00,1001.900024414062,1008.900024414062,996.0,1004.849975585938,953.0057983398438,2447775,Lupin,India,LUPIN.NS
2017-09-28 18:30:00,1013.700012207031,1017.799987792969,1006.799987792969,1014.0,961.68359375,1198488,Lupin,India,LUPIN.NS
2017-10-02 18:30:00,1020.0,1024.800048828125,1014.5,1021.349975585938,968.6544799804688,1499941,Lupin,India,LUPIN.NS
2017-10-03 18:30:00,1024.699951171875,1037.400024414062,1018.650024414062,1027.5,974.4871826171875,1012019,Lupin,India,LUPIN.NS
2017-10-04 18:30:00,1031.0,1038.5,1023.049987792969,1029.199951171875,976.099365234375,491692,Lupin,India,LUPIN.NS
2017-10-05 18:30:00,1036.0,1044.900024414062,1025.099975585938,1038.900024414062,985.2990112304688,1107877,Lupin,India,LUPIN.NS
2017-10-08 18:30:00,1047.849975585938,1047.849975585938,1033.800048828125,1039.949951171875,986.294677734375,388342,Lupin,India,LUPIN.NS
2017-10-09 18:30:00,1054.400024414062,1071.0,1041.699951171875,1062.0,1007.207153320312,2413682,Lupin,India,LUPIN.NS
2017-10-10 18:30:00,1067.0,1069.449951171875,1038.5,1046.050048828125,992.0801391601562,1432162,Lupin,India,LUPIN.NS
2017-10-11 18:30:00,1057.0,1064.0,1052.449951171875,1061.25,1006.495849609375,851033,Lupin,India,LUPIN.NS
2017-10-12 18:30:00,1055.0,1068.599975585938,1055.0,1062.099975585938,1007.301940917969,625422,Lupin,India,LUPIN.NS
2017-10-15 18:30:00,1067.099975585938,1075.0,1063.75,1070.300048828125,1015.079040527344,686446,Lupin,India,LUPIN.NS
2017-10-16 18:30:00,1065.0,1069.550048828125,1060.800048828125,1066.199951171875,1011.190368652344,602214,Lupin,India,LUPIN.NS
2017-10-17 18:30:00,1068.699951171875,1068.699951171875,1046.550048828125,1049.199951171875,995.0675659179688,599551,Lupin,India,LUPIN.NS
2017-10-18 18:30:00,1055.0,1057.0,1046.300048828125,1051.199951171875,996.9641723632812,94104,Lupin,India,LUPIN.NS
2017-10-22 18:30:00,1058.0,1058.300048828125,1028.0,1038.449951171875,984.8721313476562,545519,Lupin,India,LUPIN.NS
2017-10-23 18:30:00,1036.0,1043.699951171875,1023.299987792969,1026.349975585938,973.3964233398438,370317,Lupin,India,LUPIN.NS
2017-10-24 18:30:00,1035.099975585938,1036.849975585938,999.0999755859375,1003.150024414062,951.3934326171875,1086901,Lupin,India,LUPIN.NS
2017-10-25 18:30:00,1010.0,1011.849975585938,990.2999877929688,993.0,941.76708984375,2312486,Lupin,India,LUPIN.NS
2017-10-26 18:30:00,1002.0,1021.450012207031,999.0,1001.099975585938,949.4492797851562,1163414,Lupin,India,LUPIN.NS
2017-10-29 18:30:00,1009.200012207031,1090.0,992.5,1025.949951171875,973.01708984375,8196443,Lupin,India,LUPIN.NS
2017-10-30 18:30:00,1025.0,1037.900024414062,1010.0,1028.050048828125,975.0087280273438,2036136,Lupin,India,LUPIN.NS
2017-10-31 18:30:00,1028.050048828125,1039.0,1025.25,1028.150024414062,975.1035766601562,591994,Lupin,India,LUPIN.NS
2017-11-01 18:30:00,1031.699951171875,1064.699951171875,1031.699951171875,1061.300048828125,1006.543212890625,1711143,Lupin,India,LUPIN.NS
2017-11-02 18:30:00,1065.0,1069.599975585938,1041.150024414062,1047.699951171875,993.6448364257812,780125,Lupin,India,LUPIN.NS
2017-11-05 18:30:00,1044.5,1055.699951171875,1031.25,1034.550048828125,981.1735229492188,470881,Lupin,India,LUPIN.NS
2017-11-06 18:30:00,1037.0,1041.550048828125,845.4500122070312,859.9000244140625,815.5343017578125,25028579,Lupin,India,LUPIN.NS
2017-11-07 18:30:00,862.5,882.0,836.7000122070312,841.25,797.8465576171875,12540687,Lupin,India,LUPIN.NS
2017-11-08 18:30:00,851.0,854.0,827.6500244140625,830.4500122070312,787.6038208007812,5008246,Lupin,India,LUPIN.NS
2017-11-09 18:30:00,835.0,845.9000244140625,830.5999755859375,833.2999877929688,790.306640625,2761475,Lupin,India,LUPIN.NS
2017-11-12 18:30:00,840.2000122070312,841.0,823.5,827.1500244140625,784.4739990234375,2045817,Lupin,India,LUPIN.NS
2017-11-13 18:30:00,829.9000244140625,845.0,829.0,835.0,791.9190063476562,2956627,Lupin,India,LUPIN.NS
2017-11-14 18:30:00,825.0,834.3499755859375,818.5,823.6500244140625,781.1546630859375,1762158,Lupin,India,LUPIN.NS
2017-11-15 18:30:00,825.7000122070312,834.7000122070312,820.0,829.0,786.2285766601562,2007600,Lupin,India,LUPIN.NS
2017-11-16 18:30:00,834.0,839.9000244140625,827.0999755859375,829.5499877929688,786.7501831054688,1582945,Lupin,India,LUPIN.NS
2017-11-19 18:30:00,830.0,832.0,822.6500244140625,826.1500244140625,783.525634765625,2005483,Lupin,India,LUPIN.NS
2017-11-20 18:30:00,830.0,849.5,829.0,837.4500122070312,794.24267578125,2340880,Lupin,India,LUPIN.NS
2017-11-21 18:30:00,838.5999755859375,841.75,825.2000122070312,827.4000244140625,784.7109985351562,1577310,Lupin,India,LUPIN.NS
2017-11-22 18:30:00,832.0,835.8499755859375,825.3499755859375,827.3499755859375,784.6636352539062,1680075,Lupin,India,LUPIN.NS
2017-11-23 18:30:00,830.0,835.5,828.0,829.3499755859375,786.5604858398438,1257977,Lupin,India,LUPIN.NS
2017-11-26 18:30:00,829.0,834.8499755859375,828.0,831.4500122070312,788.55224609375,1052203,Lupin,India,LUPIN.NS
2017-11-27 18:30:00,831.4500122070312,839.9000244140625,831.0,832.2999877929688,789.3582763671875,1044438,Lupin,India,LUPIN.NS
2017-11-28 18:30:00,833.0999755859375,839.4500122070312,832.5,834.6500244140625,791.5870361328125,788695,Lupin,India,LUPIN.NS
2017-11-29 18:30:00,832.7999877929688,833.9000244140625,815.0,817.7000122070312,775.5115966796875,3637833,Lupin,India,LUPIN.NS
2017-11-30 18:30:00,822.0999755859375,823.25,811.0999755859375,814.2000122070312,772.192138671875,1747415,Lupin,India,LUPIN.NS
2017-12-03 18:30:00,819.7000122070312,819.9000244140625,809.0499877929688,814.4500122070312,772.4293212890625,1037841,Lupin,India,LUPIN.NS
2017-12-04 18:30:00,812.7999877929688,819.0,807.0,808.9500122070312,767.2130737304688,1034003,Lupin,India,LUPIN.NS
2017-12-05 18:30:00,808.7999877929688,813.4000244140625,806.25,809.3499755859375,767.59228515625,833724,Lupin,India,LUPIN.NS
2017-12-06 18:30:00,811.0,824.0,810.4000244140625,818.9000244140625,776.6497802734375,1536602,Lupin,India,LUPIN.NS
2017-12-07 18:30:00,814.5,829.0,811.0,822.8499755859375,780.3958740234375,1754006,Lupin,India,LUPIN.NS
2017-12-10 18:30:00,828.0,842.0,825.0499877929688,839.1500244140625,795.85498046875,1633544,Lupin,India,LUPIN.NS
2017-12-11 18:30:00,841.5999755859375,853.4500122070312,840.0,846.7999877929688,803.1101684570312,2487565,Lupin,India,LUPIN.NS
2017-12-12 18:30:00,848.75,856.0,841.0499877929688,845.25,801.6401977539062,2061866,Lupin,India,LUPIN.NS
2017-12-13 18:30:00,845.6500244140625,855.9500122070312,843.5999755859375,852.7999877929688,808.8006591796875,1607943,Lupin,India,LUPIN.NS
2017-12-14 18:30:00,858.5,869.0,855.0,860.2999877929688,815.9136352539062,3114671,Lupin,India,LUPIN.NS
2017-12-17 18:30:00,865.0,875.0,843.0999755859375,867.1500244140625,822.4102783203125,1539705,Lupin,India,LUPIN.NS
2017-12-18 18:30:00,869.7000122070312,872.0,860.0999755859375,867.0499877929688,822.3153076171875,984692,Lupin,India,LUPIN.NS
2017-12-19 18:30:00,867.0,888.7999877929688,863.0999755859375,874.2999877929688,829.19140625,2218529,Lupin,India,LUPIN.NS
2017-12-20 18:30:00,878.4500122070312,885.5999755859375,876.0,878.8499755859375,833.5065307617188,1039753,Lupin,India,LUPIN.NS
2017-12-21 18:30:00,880.0,883.0,868.0,871.6500244140625,826.6781005859375,1536820,Lupin,India,LUPIN.NS
2017-12-25 18:30:00,872.0,876.4000244140625,864.3499755859375,872.2000122070312,827.1997680664062,1383753,Lupin,India,LUPIN.NS
2017-12-26 18:30:00,872.9500122070312,885.2000122070312,870.0,875.0999755859375,829.949951171875,3710542,Lupin,India,LUPIN.NS
2017-12-27 18:30:00,877.9000244140625,889.0,875.1500244140625,880.5499877929688,835.1188354492188,2380146,Lupin,India,LUPIN.NS
2017-12-28 18:30:00,895.0,899.9000244140625,881.5499877929688,885.0999755859375,839.4340209960938,2616172,Lupin,India,LUPIN.NS
2017-12-31 18:30:00,889.5,892.0,880.2000122070312,883.25,837.6796264648438,1032734,Lupin,India,LUPIN.NS
2018-01-01 18:30:00,887.9000244140625,888.0,871.25,875.1500244140625,829.9976196289062,1199522,Lupin,India,LUPIN.NS
2018-01-02 18:30:00,878.7000122070312,884.8499755859375,872.8499755859375,878.9500122070312,833.6014404296875,3960088,Lupin,India,LUPIN.NS
2018-01-03 18:30:00,880.25,882.7000122070312,870.0499877929688,878.1500244140625,832.8427124023438,1924978,Lupin,India,LUPIN.NS
2018-01-04 18:30:00,880.0,904.4000244140625,876.0,900.1500244140625,853.7076416015625,2694063,Lupin,India,LUPIN.NS
2018-01-07 18:30:00,906.4000244140625,927.0,905.0,923.2999877929688,875.6632690429688,3798830,Lupin,India,LUPIN.NS
2018-01-08 18:30:00,924.4500122070312,932.5,915.1500244140625,923.25,875.6157836914062,1729594,Lupin,India,LUPIN.NS
2018-01-09 18:30:00,923.25,933.0,915.0499877929688,925.7999877929688,878.0342407226562,1583387,Lupin,India,LUPIN.NS
2018-01-10 18:30:00,929.6500244140625,934.9500122070312,925.6500244140625,929.2000122070312,881.2588500976562,915497,Lupin,India,LUPIN.NS
2018-01-11 18:30:00,931.0,937.0,908.25,919.0999755859375,871.679931640625,1291426,Lupin,India,LUPIN.NS
2018-01-14 18:30:00,919.9000244140625,924.7000122070312,914.0,916.5499877929688,869.261474609375,614597,Lupin,India,LUPIN.NS
2018-01-15 18:30:00,920.0,924.0999755859375,905.0,906.75,859.9671630859375,963028,Lupin,India,LUPIN.NS
2018-01-16 18:30:00,908.0,920.5,894.4500122070312,919.3499755859375,871.9169921875,1479797,Lupin,India,LUPIN.NS
2018-01-17 18:30:00,923.8499755859375,927.0,915.3499755859375,921.0499877929688,873.5293579101562,2318124,Lupin,India,LUPIN.NS
2018-01-18 18:30:00,925.0,926.0,906.4000244140625,924.0999755859375,876.4219360351562,1343268,Lupin,India,LUPIN.NS
2018-01-21 18:30:00,925.0,933.0,918.5499877929688,930.0499877929688,882.0650024414062,1132432,Lupin,India,LUPIN.NS
2018-01-22 18:30:00,930.0999755859375,941.4000244140625,926.0999755859375,937.3499755859375,888.9882202148438,1507345,Lupin,India,LUPIN.NS
2018-01-23 18:30:00,937.0,962.0,933.3499755859375,959.0499877929688,909.5687866210938,1976531,Lupin,India,LUPIN.NS
2018-01-24 18:30:00,966.0,970.0,945.1500244140625,949.6500244140625,900.65380859375,2611485,Lupin,India,LUPIN.NS
2018-01-28 18:30:00,949.6500244140625,954.0,908.0,912.2000122070312,865.1359252929688,1520775,Lupin,India,LUPIN.NS
2018-01-29 18:30:00,911.4000244140625,913.5499877929688,897.6500244140625,902.75,856.1734619140625,941196,Lupin,India,LUPIN.NS
2018-01-30 18:30:00,900.0,901.7000122070312,876.0,883.75,838.15380859375,1590192,Lupin,India,LUPIN.NS
2018-01-31 18:30:00,883.9500122070312,886.25,852.2000122070312,860.4000244140625,816.008544921875,1834018,Lupin,India,LUPIN.NS
2018-02-01 18:30:00,860.7999877929688,878.5,845.0,847.0,803.2998657226562,2532888,Lupin,India,LUPIN.NS
2018-02-04 18:30:00,843.0,857.5,834.0,849.0999755859375,805.2914428710938,1407031,Lupin,India,LUPIN.NS
2018-02-05 18:30:00,824.0,834.9000244140625,789.4000244140625,800.9000244140625,759.5783081054688,4675402,Lupin,India,LUPIN.NS
2018-02-06 18:30:00,796.0,813.5,781.7999877929688,806.0499877929688,764.462646484375,5037897,Lupin,India,LUPIN.NS
2018-02-07 18:30:00,809.9000244140625,816.0,800.0,812.4500122070312,770.5325317382812,2057573,Lupin,India,LUPIN.NS
2018-02-08 18:30:00,804.0,829.2999877929688,799.0,822.1500244140625,779.7320556640625,2767071,Lupin,India,LUPIN.NS
2018-02-11 18:30:00,828.7999877929688,847.0,825.5,840.4500122070312,797.0877685546875,1781070,Lupin,India,LUPIN.NS
2018-02-13 18:30:00,847.6500244140625,847.6500244140625,825.0,827.5999755859375,784.9007568359375,1135323,Lupin,India,LUPIN.NS
2018-02-14 18:30:00,830.0,832.2999877929688,819.0,822.2999877929688,779.8742065429688,872676,Lupin,India,LUPIN.NS
2018-02-15 18:30:00,823.5,829.7999877929688,821.2000122070312,825.0999755859375,782.5298461914062,589728,Lupin,India,LUPIN.NS
2018-02-18 18:30:00,825.9000244140625,835.0,807.0,814.4000244140625,772.3819580078125,1260233,Lupin,India,LUPIN.NS
2018-02-19 18:30:00,812.0,822.4000244140625,810.0,815.7999877929688,773.7095947265625,740252,Lupin,India,LUPIN.NS
2018-02-20 18:30:00,816.7999877929688,827.9500122070312,811.5,813.9500122070312,771.9550170898438,1184810,Lupin,India,LUPIN.NS
2018-02-21 18:30:00,813.0,815.5,796.25,800.0499877929688,758.7721557617188,1669008,Lupin,India,LUPIN.NS
2018-02-22 18:30:00,803.0999755859375,814.7999877929688,803.0999755859375,807.5,765.8378295898438,1754473,Lupin,India,LUPIN.NS
2018-02-25 18:30:00,813.0,824.5,810.1500244140625,821.2999877929688,778.9258422851562,1034951,Lupin,India,LUPIN.NS
2018-02-26 18:30:00,824.7000122070312,831.4500122070312,819.1500244140625,826.2999877929688,783.6678466796875,976292,Lupin,India,LUPIN.NS
2018-02-27 18:30:00,823.9000244140625,828.9000244140625,815.0999755859375,819.9500122070312,777.6456298828125,882036,Lupin,India,LUPIN.NS
2018-02-28 18:30:00,820.0,824.25,802.2999877929688,803.9000244140625,762.4237060546875,1311644,Lupin,India,LUPIN.NS
2018-03-04 18:30:00,804.0,806.0,789.0,790.1500244140625,749.383056640625,1944252,Lupin,India,LUPIN.NS
2018-03-05 18:30:00,792.0,795.0,768.4000244140625,773.4000244140625,733.4972534179688,2526715,Lupin,India,LUPIN.NS
2018-03-06 18:30:00,772.0,773.4000244140625,756.0,761.75,722.4481811523438,1288034,Lupin,India,LUPIN.NS
2018-03-07 18:30:00,765.0,774.4000244140625,750.1500244140625,771.1500244140625,731.36328125,1345222,Lupin,India,LUPIN.NS
2018-03-08 18:30:00,775.0,781.0,762.0,764.5,725.0564575195312,813679,Lupin,India,LUPIN.NS
2018-03-11 18:30:00,768.0,773.7000122070312,761.2000122070312,769.7999877929688,730.0828857421875,1174238,Lupin,India,LUPIN.NS
2018-03-12 18:30:00,770.0,784.9000244140625,768.5999755859375,780.5999755859375,740.32568359375,881387,Lupin,India,LUPIN.NS
2018-03-13 18:30:00,779.9000244140625,786.7999877929688,777.5499877929688,781.5499877929688,741.2267456054688,698211,Lupin,India,LUPIN.NS
2018-03-14 18:30:00,781.0,792.0,773.7999877929688,776.6500244140625,736.57958984375,834688,Lupin,India,LUPIN.NS
2018-03-15 18:30:00,776.5,783.9000244140625,760.0,761.8499755859375,722.5430297851562,1419793,Lupin,India,LUPIN.NS
2018-03-18 18:30:00,766.4000244140625,772.5999755859375,759.2999877929688,766.5999755859375,727.0480346679688,1196025,Lupin,India,LUPIN.NS
2018-03-19 18:30:00,760.0,774.0,757.25,771.75,731.9323120117188,975082,Lupin,India,LUPIN.NS
2018-03-20 18:30:00,771.7000122070312,780.0,765.0,767.8499755859375,728.2335205078125,758910,Lupin,India,LUPIN.NS
2018-03-21 18:30:00,769.0,775.0,757.0,758.5,719.3659057617188,729009,Lupin,India,LUPIN.NS
2018-03-22 18:30:00,751.0,752.9500122070312,731.4500122070312,734.5,696.6041259765625,1701513,Lupin,India,LUPIN.NS
2018-03-25 18:30:00,734.5,744.0,727.0999755859375,740.1500244140625,701.9627685546875,1276440,Lupin,India,LUPIN.NS
2018-03-26 18:30:00,740.7999877929688,752.7999877929688,740.7999877929688,748.75,710.1190185546875,949924,Lupin,India,LUPIN.NS
2018-03-27 18:30:00,749.2000122070312,755.7000122070312,732.8499755859375,735.8499755859375,697.884521484375,2223129,Lupin,India,LUPIN.NS
2018-04-01 18:30:00,742.7999877929688,779.9000244140625,740.0,777.0999755859375,737.0062255859375,2124403,Lupin,India,LUPIN.NS
2018-04-02 18:30:00,773.0,799.0,766.3499755859375,788.5,747.8180541992188,2357152,Lupin,India,LUPIN.NS
2018-04-03 18:30:00,792.0,796.2999877929688,771.0999755859375,775.2000122070312,735.204345703125,1480947,Lupin,India,LUPIN.NS
2018-04-04 18:30:00,783.0,790.0,779.5499877929688,786.7000122070312,746.1109619140625,660905,Lupin,India,LUPIN.NS
2018-04-05 18:30:00,788.0,842.7999877929688,785.2999877929688,809.0499877929688,767.307861328125,5616503,Lupin,India,LUPIN.NS
2018-04-08 18:30:00,809.7999877929688,818.2000122070312,791.0,793.8499755859375,752.8920288085938,1897323,Lupin,India,LUPIN.NS
2018-04-09 18:30:00,799.0,805.0,785.6500244140625,789.7000122070312,748.9562377929688,1135605,Lupin,India,LUPIN.NS
2018-04-10 18:30:00,792.0,798.9000244140625,781.0999755859375,789.6500244140625,748.9088745117188,1208659,Lupin,India,LUPIN.NS
2018-04-11 18:30:00,785.3499755859375,788.75,772.0,773.3499755859375,733.44970703125,1138426,Lupin,India,LUPIN.NS
2018-04-12 18:30:00,774.0,782.75,773.9500122070312,779.8499755859375,739.6143798828125,1070284,Lupin,India,LUPIN.NS
2018-04-15 18:30:00,771.0,797.5,770.7999877929688,794.4000244140625,753.4137573242188,1703440,Lupin,India,LUPIN.NS
2018-04-16 18:30:00,795.0999755859375,809.0,795.0999755859375,805.0499877929688,763.5142211914062,2205548,Lupin,India,LUPIN.NS
2018-04-17 18:30:00,810.0,813.0499877929688,787.5,790.5499877929688,749.7623901367188,1273598,Lupin,India,LUPIN.NS
2018-04-18 18:30:00,792.1500244140625,795.0,783.0,790.3499755859375,749.5726928710938,892965,Lupin,India,LUPIN.NS
2018-04-19 18:30:00,790.0,801.5999755859375,785.0999755859375,799.9000244140625,758.6300048828125,1414151,Lupin,India,LUPIN.NS
2018-04-22 18:30:00,799.0,817.9000244140625,797.4000244140625,811.8499755859375,769.9634399414062,2168704,Lupin,India,LUPIN.NS
2018-04-23 18:30:00,815.8499755859375,832.9500122070312,814.0,819.75,777.455810546875,2164708,Lupin,India,LUPIN.NS
2018-04-24 18:30:00,814.2000122070312,825.0,811.5,814.7000122070312,772.666259765625,739684,Lupin,India,LUPIN.NS
2018-04-25 18:30:00,813.0,819.9500122070312,789.7000122070312,792.7000122070312,751.8014526367188,2498590,Lupin,India,LUPIN.NS
2018-04-26 18:30:00,794.0,805.7999877929688,787.0999755859375,801.4500122070312,760.1000366210938,1357939,Lupin,India,LUPIN.NS
2018-04-29 18:30:00,805.0,819.9000244140625,803.0,811.5499877929688,769.678955078125,990926,Lupin,India,LUPIN.NS
2018-05-01 18:30:00,814.0,819.4500122070312,796.0,800.5499877929688,759.246337890625,685644,Lupin,India,LUPIN.NS
2018-05-02 18:30:00,800.0,801.4500122070312,785.25,797.9500122070312,756.7805786132812,641614,Lupin,India,LUPIN.NS
2018-05-03 18:30:00,799.0,805.25,788.5999755859375,795.5999755859375,754.5517578125,870956,Lupin,India,LUPIN.NS
2018-05-06 18:30:00,785.0,787.0,763.0,773.9000244140625,733.971435546875,1945747,Lupin,India,LUPIN.NS
2018-05-07 18:30:00,782.7999877929688,786.7999877929688,772.5,774.8499755859375,734.8723754882812,1360778,Lupin,India,LUPIN.NS
2018-05-08 18:30:00,775.0,779.5,759.0999755859375,762.1500244140625,722.8275756835938,1058888,Lupin,India,LUPIN.NS
2018-05-09 18:30:00,765.5999755859375,773.5,751.1500244140625,755.5499877929688,716.5681762695312,1388309,Lupin,India,LUPIN.NS
2018-05-10 18:30:00,761.5,761.5,743.5499877929688,752.4500122070312,713.6280517578125,1188722,Lupin,India,LUPIN.NS
2018-05-13 18:30:00,752.5,777.0,750.0,754.2000122070312,715.2877807617188,1709787,Lupin,India,LUPIN.NS
2018-05-14 18:30:00,755.0,773.0,723.6500244140625,750.7999877929688,712.063232421875,5816366,Lupin,India,LUPIN.NS
2018-05-15 18:30:00,751.5,772.0,750.0999755859375,766.5,726.9531860351562,3129549,Lupin,India,LUPIN.NS
2018-05-16 18:30:00,767.75,771.7999877929688,754.5,762.9500122070312,723.5864868164062,1404732,Lupin,India,LUPIN.NS
2018-05-17 18:30:00,764.0,768.0499877929688,741.7999877929688,743.7000122070312,705.3295288085938,1185047,Lupin,India,LUPIN.NS
2018-05-20 18:30:00,744.4000244140625,745.2999877929688,735.0,736.25,698.263916015625,984687,Lupin,India,LUPIN.NS
2018-05-21 18:30:00,735.0,745.4500122070312,725.2000122070312,740.0999755859375,701.9152221679688,1078032,Lupin,India,LUPIN.NS
2018-05-22 18:30:00,745.2000122070312,749.9000244140625,733.0999755859375,734.9000244140625,696.9835205078125,744439,Lupin,India,LUPIN.NS
2018-05-23 18:30:00,738.0,747.0,729.9000244140625,742.3499755859375,704.0491333007812,1013294,Lupin,India,LUPIN.NS
2018-05-24 18:30:00,743.0499877929688,747.3499755859375,733.0999755859375,745.5999755859375,707.1314697265625,1431158,Lupin,India,LUPIN.NS
2018-05-27 18:30:00,747.5,785.9500122070312,747.5,782.5,742.1277465820312,2532534,Lupin,India,LUPIN.NS
2018-05-28 18:30:00,782.5,798.9000244140625,768.9500122070312,781.0499877929688,740.75244140625,2602320,Lupin,India,LUPIN.NS
2018-05-29 18:30:00,770.0,790.4000244140625,770.0,779.2000122070312,738.9979248046875,1236513,Lupin,India,LUPIN.NS
2018-05-30 18:30:00,784.9500122070312,784.9500122070312,765.6500244140625,770.3499755859375,730.6044921875,1994980,Lupin,India,LUPIN.NS
2018-05-31 18:30:00,770.75,781.9000244140625,761.5999755859375,764.4500122070312,725.0089721679688,1297715,Lupin,India,LUPIN.NS
2018-06-03 18:30:00,766.7000122070312,780.0,753.4000244140625,773.9500122070312,734.018798828125,1801475,Lupin,India,LUPIN.NS
2018-06-04 18:30:00,775.4500122070312,778.4000244140625,745.0999755859375,760.25,721.025634765625,1363084,Lupin,India,LUPIN.NS
2018-06-05 18:30:00,760.0,776.8499755859375,756.25,770.0499877929688,730.3200073242188,1131792,Lupin,India,LUPIN.NS
2018-06-06 18:30:00,771.5999755859375,776.0,761.5999755859375,767.3499755859375,727.7593383789062,957228,Lupin,India,LUPIN.NS
2018-06-07 18:30:00,764.7999877929688,824.0,763.0499877929688,810.0499877929688,768.2562866210938,4904878,Lupin,India,LUPIN.NS
2018-06-10 18:30:00,811.0,829.9000244140625,804.2999877929688,809.5,767.7346801757812,3448600,Lupin,India,LUPIN.NS
2018-06-11 18:30:00,815.0,861.9000244140625,811.0,855.0,810.88720703125,8989742,Lupin,India,LUPIN.NS
2018-06-12 18:30:00,865.0,882.0,862.0,871.9000244140625,826.9151611328125,6576519,Lupin,India,LUPIN.NS
2018-06-13 18:30:00,877.9500122070312,904.5,863.2000122070312,899.5999755859375,853.18603515625,6617748,Lupin,India,LUPIN.NS
2018-06-14 18:30:00,910.0,924.5,901.25,913.2000122070312,866.0844116210938,8180351,Lupin,India,LUPIN.NS
2018-06-17 18:30:00,910.7999877929688,917.0,887.2000122070312,902.2000122070312,855.6519165039062,3507092,Lupin,India,LUPIN.NS
2018-06-18 18:30:00,902.0,921.0,894.0499877929688,897.8499755859375,851.5263061523438,4731384,Lupin,India,LUPIN.NS
2018-06-19 18:30:00,905.9500122070312,912.9500122070312,896.0,899.8499755859375,853.423095703125,2626824,Lupin,India,LUPIN.NS
2018-06-20 18:30:00,907.5999755859375,907.5999755859375,891.0,899.6500244140625,853.2335815429688,2196762,Lupin,India,LUPIN.NS
2018-06-21 18:30:00,898.0,909.2999877929688,881.6500244140625,902.9000244140625,856.3158569335938,3661231,Lupin,India,LUPIN.NS
2018-06-24 18:30:00,904.5999755859375,920.0,904.1500244140625,913.4500122070312,866.3214721679688,3544163,Lupin,India,LUPIN.NS
2018-06-25 18:30:00,916.9000244140625,921.5999755859375,899.5499877929688,902.3499755859375,855.7940673828125,2312136,Lupin,India,LUPIN.NS
2018-06-26 18:30:00,902.5999755859375,907.4000244140625,877.5999755859375,893.5999755859375,847.49560546875,2802734,Lupin,India,LUPIN.NS
2018-06-27 18:30:00,893.5999755859375,909.7999877929688,881.4000244140625,897.75,851.4315185546875,4162515,Lupin,India,LUPIN.NS
2018-06-28 18:30:00,903.7999877929688,913.7999877929688,893.5999755859375,903.7999877929688,857.1692504882812,2418127,Lupin,India,LUPIN.NS
2018-07-01 18:30:00,904.5,906.0,884.0,889.4500122070312,843.5596923828125,1483033,Lupin,India,LUPIN.NS
2018-07-02 18:30:00,890.0,907.0,881.0,903.0999755859375,856.5054321289062,2304392,Lupin,India,LUPIN.NS
2018-07-03 18:30:00,907.9500122070312,939.0,907.6500244140625,934.2000122070312,886.0008544921875,5674097,Lupin,India,LUPIN.NS
2018-07-04 18:30:00,940.0,946.2000122070312,920.0,922.6500244140625,875.0467529296875,3051351,Lupin,India,LUPIN.NS
2018-07-05 18:30:00,921.7999877929688,939.4500122070312,910.9500122070312,915.7999877929688,868.5501708984375,2783374,Lupin,India,LUPIN.NS
2018-07-08 18:30:00,922.4500122070312,929.9000244140625,908.5499877929688,911.5,864.4720458984375,1890208,Lupin,India,LUPIN.NS
2018-07-09 18:30:00,919.9000244140625,921.0,900.0,902.8499755859375,856.2683715820312,1846761,Lupin,India,LUPIN.NS
2018-07-10 18:30:00,903.0,914.4000244140625,895.5,900.4500122070312,853.9921875,2598037,Lupin,India,LUPIN.NS
2018-07-11 18:30:00,903.9000244140625,906.4000244140625,881.7000122070312,884.5,838.8650512695312,1816416,Lupin,India,LUPIN.NS
2018-07-12 18:30:00,887.0,892.6500244140625,862.7999877929688,865.5999755859375,820.9402465820312,1884162,Lupin,India,LUPIN.NS
2018-07-15 18:30:00,867.0,867.0,814.2999877929688,818.1500244140625,775.9384155273438,2929578,Lupin,India,LUPIN.NS
2018-07-16 18:30:00,821.0,831.5,810.3499755859375,827.4000244140625,784.7109985351562,2386757,Lupin,India,LUPIN.NS
2018-07-17 18:30:00,820.0,827.0,800.0,811.0,769.1572875976562,5728347,Lupin,India,LUPIN.NS
2018-07-18 18:30:00,813.75,814.7000122070312,787.1500244140625,794.5499877929688,753.5559692382812,2616898,Lupin,India,LUPIN.NS
2018-07-19 18:30:00,798.9500122070312,802.4000244140625,792.5,800.6500244140625,759.3412475585938,3233608,Lupin,India,LUPIN.NS
2018-07-22 18:30:00,803.0,806.0,793.5,800.0999755859375,758.8196411132812,2280600,Lupin,India,LUPIN.NS
2018-07-23 18:30:00,802.0,826.0,799.0,820.9500122070312,778.5938720703125,2200804,Lupin,India,LUPIN.NS
2018-07-24 18:30:00,822.9000244140625,823.0499877929688,790.0,796.9500122070312,755.8320922851562,1812670,Lupin,India,LUPIN.NS
2018-07-25 18:30:00,797.0499877929688,815.7999877929688,793.0,812.8499755859375,770.9118041992188,3883354,Lupin,India,LUPIN.NS
2018-07-26 18:30:00,818.0,825.7000122070312,810.5,815.25,773.1878662109375,1673216,Lupin,India,LUPIN.NS
2018-07-29 18:30:00,815.4000244140625,836.0,810.0,820.0999755859375,782.5873413085938,2759758,Lupin,India,LUPIN.NS
2018-07-30 18:30:00,825.0,830.0,815.0,824.4000244140625,786.6907348632812,2219822,Lupin,India,LUPIN.NS
2018-07-31 18:30:00,825.0499877929688,847.7000122070312,824.9500122070312,844.2000122070312,805.5850830078125,3182314,Lupin,India,LUPIN.NS
2018-08-01 18:30:00,845.4000244140625,867.0,844.25,864.8499755859375,825.2904663085938,3951505,Lupin,India,LUPIN.NS
2018-08-02 18:30:00,870.0,895.7999877929688,863.4000244140625,886.0,845.4729614257812,4137701,Lupin,India,LUPIN.NS
2018-08-05 18:30:00,896.5999755859375,897.3499755859375,864.5,873.1500244140625,833.2108764648438,2530276,Lupin,India,LUPIN.NS
2018-08-06 18:30:00,877.4000244140625,890.0,856.5999755859375,866.5999755859375,826.96044921875,2701941,Lupin,India,LUPIN.NS
2018-08-07 18:30:00,868.0999755859375,884.7999877929688,818.5499877929688,825.5499877929688,787.7880249023438,13275336,Lupin,India,LUPIN.NS
2018-08-08 18:30:00,812.0999755859375,844.0,804.4500122070312,822.8499755859375,785.2116088867188,9891077,Lupin,India,LUPIN.NS
2018-08-09 18:30:00,825.2999877929688,827.9000244140625,806.0,809.4500122070312,772.4244995117188,4015679,Lupin,India,LUPIN.NS
2018-08-12 18:30:00,804.5,819.0,801.0,811.9500122070312,774.8101806640625,1985586,Lupin,India,LUPIN.NS
2018-08-13 18:30:00,815.0,840.0,807.5499877929688,836.75,798.4757080078125,3243237,Lupin,India,LUPIN.NS
2018-08-15 18:30:00,833.9000244140625,851.7000122070312,826.0,849.75,810.8811645507812,2434628,Lupin,India,LUPIN.NS
2018-08-16 18:30:00,853.7000122070312,884.75,850.5,881.25,840.9403076171875,4311564,Lupin,India,LUPIN.NS
2018-08-19 18:30:00,882.0,892.0,867.0,869.25,829.4891967773438,2288649,Lupin,India,LUPIN.NS
2018-08-20 18:30:00,872.0,891.9000244140625,865.0,888.5999755859375,847.9540405273438,3430538,Lupin,India,LUPIN.NS
2018-08-22 18:30:00,902.0,917.7999877929688,890.0,903.2999877929688,861.9817504882812,5023344,Lupin,India,LUPIN.NS
2018-08-23 18:30:00,904.7999877929688,914.7000122070312,885.5,907.2000122070312,865.703369140625,3452744,Lupin,India,LUPIN.NS
2018-08-26 18:30:00,914.7999877929688,919.0,906.0,910.7999877929688,869.1386108398438,1908650,Lupin,India,LUPIN.NS
2018-08-27 18:30:00,913.0,918.7000122070312,898.0,901.75,860.5025634765625,1776205,Lupin,India,LUPIN.NS
2018-08-28 18:30:00,897.0,905.4500122070312,883.0,887.0999755859375,846.522705078125,2692725,Lupin,India,LUPIN.NS
2018-08-29 18:30:00,885.0,900.0,880.0,893.6500244140625,852.7730712890625,2421826,Lupin,India,LUPIN.NS
2018-08-30 18:30:00,896.7999877929688,939.7999877929688,895.75,931.4500122070312,888.8441162109375,6888252,Lupin,India,LUPIN.NS
2018-09-02 18:30:00,936.5,957.9000244140625,931.5499877929688,936.0999755859375,893.2813110351562,4911304,Lupin,India,LUPIN.NS
2018-09-03 18:30:00,941.0,944.5999755859375,908.0,916.7999877929688,874.8641357421875,3294233,Lupin,India,LUPIN.NS
2018-09-04 18:30:00,915.4000244140625,926.5,895.2000122070312,902.8499755859375,861.5523681640625,3295519,Lupin,India,LUPIN.NS
2018-09-05 18:30:00,909.5999755859375,922.5,903.25,917.9500122070312,875.9616088867188,3319935,Lupin,India,LUPIN.NS
2018-09-06 18:30:00,920.0,962.7000122070312,906.7999877929688,959.4000244140625,915.5156860351562,8389509,Lupin,India,LUPIN.NS
2018-09-09 18:30:00,965.0,986.0999755859375,940.2000122070312,944.4000244140625,901.2018432617188,7326442,Lupin,India,LUPIN.NS
2018-09-10 18:30:00,953.6500244140625,959.5,933.25,940.2999877929688,897.2892456054688,4039123,Lupin,India,LUPIN.NS
2018-09-11 18:30:00,939.0,963.1500244140625,922.0,959.3499755859375,915.4679565429688,4140290,Lupin,India,LUPIN.NS
2018-09-13 18:30:00,973.9000244140625,981.5,962.0499877929688,968.75,924.43798828125,4037498,Lupin,India,LUPIN.NS
2018-09-16 18:30:00,958.4500122070312,978.0,945.5499877929688,950.2000122070312,906.7365112304688,2575256,Lupin,India,LUPIN.NS
2018-09-17 18:30:00,953.5,963.1500244140625,926.4000244140625,929.3499755859375,886.840087890625,2383441,Lupin,India,LUPIN.NS
2018-09-18 18:30:00,937.9500122070312,939.5999755859375,901.5999755859375,909.3499755859375,867.7550048828125,3617661,Lupin,India,LUPIN.NS
2018-09-20 18:30:00,919.7999877929688,931.5,853.5999755859375,890.25,849.5287475585938,4484082,Lupin,India,LUPIN.NS
2018-09-23 18:30:00,896.0,903.0,851.5999755859375,860.75,821.3779907226562,2679422,Lupin,India,LUPIN.NS
2018-09-24 18:30:00,860.7000122070312,887.75,857.5,882.5499877929688,842.1808471679688,2487594,Lupin,India,LUPIN.NS
2018-09-25 18:30:00,891.0,910.0,885.9000244140625,891.75,850.9600219726562,2762045,Lupin,India,LUPIN.NS
2018-09-26 18:30:00,892.0,904.0,873.0,896.3499755859375,855.3496704101562,6167183,Lupin,India,LUPIN.NS
2018-09-27 18:30:00,898.3499755859375,918.0,882.0,900.9500122070312,859.7392578125,4432773,Lupin,India,LUPIN.NS
2018-09-30 18:30:00,905.5499877929688,905.5499877929688,879.5,895.9000244140625,854.920166015625,2129770,Lupin,India,LUPIN.NS
2018-10-02 18:30:00,897.0,913.9000244140625,892.5499877929688,898.0499877929688,856.971923828125,2085452,Lupin,India,LUPIN.NS
2018-10-03 18:30:00,890.0,894.9000244140625,842.0999755859375,854.75,815.6525268554688,2757822,Lupin,India,LUPIN.NS
2018-10-04 18:30:00,851.0,866.5499877929688,830.0,838.75,800.3843383789062,2351664,Lupin,India,LUPIN.NS
2018-10-07 18:30:00,835.0,855.0,818.0499877929688,850.0,811.119873046875,2049160,Lupin,India,LUPIN.NS
2018-10-08 18:30:00,859.0,882.5,846.0,868.9000244140625,829.1552734375,2676148,Lupin,India,LUPIN.NS
2018-10-09 18:30:00,874.9500122070312,885.0,855.0,858.0999755859375,818.8491821289062,2151667,Lupin,India,LUPIN.NS
2018-10-10 18:30:00,840.0,862.4000244140625,831.5999755859375,836.5499877929688,798.284912109375,1733915,Lupin,India,LUPIN.NS
2018-10-11 18:30:00,841.0,853.0,836.0499877929688,846.25,807.541259765625,1554768,Lupin,India,LUPIN.NS
2018-10-14 18:30:00,849.0,892.4500122070312,849.0,886.7999877929688,846.2364501953125,2996361,Lupin,India,LUPIN.NS
2018-10-15 18:30:00,889.0,911.0499877929688,889.0,896.4500122070312,855.4450073242188,2574095,Lupin,India,LUPIN.NS
2018-10-16 18:30:00,900.0,909.3499755859375,885.0,896.6500244140625,855.6359252929688,1609068,Lupin,India,LUPIN.NS
2018-10-18 18:30:00,888.0,905.7999877929688,859.2000122070312,880.25,839.9860229492188,2574321,Lupin,India,LUPIN.NS
2018-10-21 18:30:00,885.0,893.4500122070312,876.2000122070312,882.4500122070312,842.0853881835938,1526383,Lupin,India,LUPIN.NS
2018-10-22 18:30:00,880.9500122070312,880.9500122070312,848.0499877929688,851.0,812.0740356445312,1655570,Lupin,India,LUPIN.NS
2018-10-23 18:30:00,855.0999755859375,865.9500122070312,842.0,860.9500122070312,821.56884765625,1447748,Lupin,India,LUPIN.NS
2018-10-24 18:30:00,853.5499877929688,874.7000122070312,847.0499877929688,851.2999877929688,812.3602905273438,2299649,Lupin,India,LUPIN.NS
2018-10-25 18:30:00,850.0999755859375,862.5,838.5999755859375,855.1500244140625,816.0341796875,1517769,Lupin,India,LUPIN.NS
2018-10-28 18:30:00,853.0,894.8499755859375,853.0,888.3499755859375,847.715576171875,2001176,Lupin,India,LUPIN.NS
2018-10-29 18:30:00,889.0,889.3499755859375,871.7999877929688,876.6500244140625,836.5507202148438,1182970,Lupin,India,LUPIN.NS
2018-10-30 18:30:00,879.5999755859375,914.9000244140625,867.5499877929688,885.4500122070312,844.9483032226562,4917307,Lupin,India,LUPIN.NS
2018-10-31 18:30:00,875.0,880.25,848.0999755859375,852.0499877929688,813.0758666992188,2610053,Lupin,India,LUPIN.NS
2018-11-01 18:30:00,858.0,864.0,845.0999755859375,849.9000244140625,811.0243530273438,1361060,Lupin,India,LUPIN.NS
2018-11-04 18:30:00,849.7000122070312,860.6500244140625,843.0,853.7000122070312,814.6505126953125,1225002,Lupin,India,LUPIN.NS
2018-11-05 18:30:00,839.9500122070312,856.4000244140625,839.0,850.9500122070312,812.0262451171875,1369770,Lupin,India,LUPIN.NS
2018-11-06 18:30:00,855.0,855.0,850.25,852.0499877929688,813.0758666992188,97306,Lupin,India,LUPIN.NS
2018-11-08 18:30:00,850.0,861.0,848.5,854.9000244140625,815.7955932617188,1443200,Lupin,India,LUPIN.NS
2018-11-11 18:30:00,858.0,876.7999877929688,853.0999755859375,859.9000244140625,820.56689453125,1952831,Lupin,India,LUPIN.NS
2018-11-12 18:30:00,859.75,865.5999755859375,847.0,853.7000122070312,814.6505126953125,1001954,Lupin,India,LUPIN.NS
2018-11-13 18:30:00,858.0,860.2999877929688,831.0999755859375,840.25,801.815673828125,1465487,Lupin,India,LUPIN.NS
2018-11-14 18:30:00,841.0,855.0,840.2000122070312,853.75,814.6981811523438,829607,Lupin,India,LUPIN.NS
2018-11-15 18:30:00,857.9000244140625,869.9000244140625,855.4500122070312,864.7000122070312,825.1473388671875,1154745,Lupin,India,LUPIN.NS
2018-11-18 18:30:00,868.0,875.0,851.7000122070312,855.5,816.3681640625,1287405,Lupin,India,LUPIN.NS
2018-11-19 18:30:00,854.5499877929688,861.4500122070312,843.0,848.5999755859375,809.78369140625,875924,Lupin,India,LUPIN.NS
2018-11-20 18:30:00,852.5,857.5499877929688,845.5,849.5499877929688,810.6903076171875,1226962,Lupin,India,LUPIN.NS
2018-11-21 18:30:00,852.0,855.9000244140625,844.5,850.7000122070312,811.7877197265625,961754,Lupin,India,LUPIN.NS
2018-11-25 18:30:00,851.0,854.7999877929688,833.6500244140625,844.9000244140625,806.2530517578125,1522060,Lupin,India,LUPIN.NS
2018-11-26 18:30:00,849.0,857.7000122070312,842.0,851.0,812.0740356445312,1956636,Lupin,India,LUPIN.NS
2018-11-27 18:30:00,832.0,870.0,830.0,866.5999755859375,826.96044921875,4459561,Lupin,India,LUPIN.NS
2018-11-28 18:30:00,867.0,894.0,861.2999877929688,868.25,828.534912109375,4806533,Lupin,India,LUPIN.NS
2018-11-29 18:30:00,870.0,891.5999755859375,866.0,886.75,846.1887817382812,2419585,Lupin,India,LUPIN.NS
2018-12-02 18:30:00,886.5499877929688,905.0,870.25,901.2999877929688,860.0731811523438,2378359,Lupin,India,LUPIN.NS
2018-12-03 18:30:00,901.0,906.0,878.2999877929688,887.6500244140625,847.0475463867188,1450362,Lupin,India,LUPIN.NS
2018-12-04 18:30:00,888.0,889.7999877929688,848.0,859.3499755859375,820.0419921875,3255984,Lupin,India,LUPIN.NS
2018-12-05 18:30:00,852.0,869.0,845.4000244140625,847.0,808.2569580078125,1720427,Lupin,India,LUPIN.NS
2018-12-06 18:30:00,853.0,859.0,832.2000122070312,841.2999877929688,802.817626953125,2335261,Lupin,India,LUPIN.NS
2018-12-09 18:30:00,834.0,840.0,808.9000244140625,812.75,775.5736694335938,2738848,Lupin,India,LUPIN.NS
2018-12-10 18:30:00,803.0,842.0,802.2999877929688,835.0,796.805908203125,2004151,Lupin,India,LUPIN.NS
2018-12-11 18:30:00,837.0,847.7000122070312,813.0,821.6500244140625,784.0665893554688,2342740,Lupin,India,LUPIN.NS
2018-12-12 18:30:00,815.0,855.0,806.2000122070312,847.2999877929688,808.5431518554688,4847312,Lupin,India,LUPIN.NS
2018-12-13 18:30:00,850.9000244140625,857.0,830.5,843.8499755859375,805.2509765625,2701885,Lupin,India,LUPIN.NS
2018-12-16 18:30:00,848.0,855.5,840.5,847.4500122070312,808.6864624023438,1213014,Lupin,India,LUPIN.NS
2018-12-17 18:30:00,846.3499755859375,848.5,836.7999877929688,845.0,806.3484497070312,892197,Lupin,India,LUPIN.NS
2018-12-18 18:30:00,848.0,850.6500244140625,838.0999755859375,842.0,803.4857177734375,1037755,Lupin,India,LUPIN.NS
2018-12-19 18:30:00,840.0,859.7000122070312,839.5,855.0499877929688,815.9387817382812,1520946,Lupin,India,LUPIN.NS
2018-12-20 18:30:00,855.1500244140625,868.7000122070312,853.0499877929688,858.4500122070312,819.1832885742188,1800180,Lupin,India,LUPIN.NS
2018-12-23 18:30:00,874.0,876.8499755859375,832.2000122070312,838.25,799.9072265625,3541535,Lupin,India,LUPIN.NS
2018-12-25 18:30:00,828.0,840.4000244140625,817.0499877929688,833.2000122070312,795.088134765625,1441827,Lupin,India,LUPIN.NS
2018-12-26 18:30:00,837.0,841.9000244140625,830.0999755859375,838.7000122070312,800.336669921875,1217908,Lupin,India,LUPIN.NS
2018-12-27 18:30:00,841.0,852.0,836.7999877929688,840.2999877929688,801.8634643554688,1133640,Lupin,India,LUPIN.NS
2018-12-30 18:30:00,846.0,850.7999877929688,836.6500244140625,844.2999877929688,805.6804809570312,1149648,Lupin,India,LUPIN.NS
2018-12-31 18:30:00,848.7000122070312,852.7000122070312,839.0,841.4500122070312,802.9608154296875,1122895,Lupin,India,LUPIN.NS
2019-01-01 18:30:00,842.0,847.0,826.0499877929688,832.7999877929688,794.7064208984375,1115202,Lupin,India,LUPIN.NS
2019-01-02 18:30:00,836.0,840.75,818.2999877929688,821.0499877929688,783.493896484375,987539,Lupin,India,LUPIN.NS
2019-01-03 18:30:00,824.0,832.0,820.2999877929688,828.9000244140625,790.98486328125,1279403,Lupin,India,LUPIN.NS
2019-01-06 18:30:00,834.0499877929688,835.0,818.5,820.4500122070312,782.92138671875,948727,Lupin,India,LUPIN.NS
2019-01-07 18:30:00,823.7999877929688,843.75,821.1500244140625,841.7000122070312,803.199462890625,1404676,Lupin,India,LUPIN.NS
2019-01-08 18:30:00,844.0,844.9000244140625,830.0499877929688,838.1500244140625,799.811767578125,928337,Lupin,India,LUPIN.NS
2019-01-09 18:30:00,836.5999755859375,842.9000244140625,833.5,838.0,799.6686401367188,737445,Lupin,India,LUPIN.NS
2019-01-10 18:30:00,838.5,842.0,828.0999755859375,839.3499755859375,800.9568481445312,824260,Lupin,India,LUPIN.NS
2019-01-13 18:30:00,837.7999877929688,840.9500122070312,828.5,834.75,796.5672607421875,922667,Lupin,India,LUPIN.NS
2019-01-14 18:30:00,836.5,853.0,833.0499877929688,849.7000122070312,810.83349609375,1071980,Lupin,India,LUPIN.NS
2019-01-15 18:30:00,850.4000244140625,865.5,845.0999755859375,863.2000122070312,823.7159423828125,1681645,Lupin,India,LUPIN.NS
2019-01-16 18:30:00,863.6500244140625,875.0,860.0999755859375,868.75,829.0120849609375,1995674,Lupin,India,LUPIN.NS
2019-01-17 18:30:00,861.0999755859375,867.3499755859375,851.8499755859375,862.2999877929688,822.8571166992188,1824696,Lupin,India,LUPIN.NS
2019-01-20 18:30:00,857.0,879.7000122070312,857.0,866.6500244140625,827.0081787109375,1712240,Lupin,India,LUPIN.NS
2019-01-21 18:30:00,866.0,872.4000244140625,851.0,865.4500122070312,825.8630981445312,1258723,Lupin,India,LUPIN.NS
2019-01-22 18:30:00,866.0,873.5999755859375,859.25,864.5999755859375,825.0518798828125,837289,Lupin,India,LUPIN.NS
2019-01-23 18:30:00,866.0,870.9500122070312,858.2000122070312,868.4000244140625,828.6781616210938,701634,Lupin,India,LUPIN.NS
2019-01-24 18:30:00,870.0,879.4000244140625,855.0999755859375,865.0499877929688,825.4812622070312,1345215,Lupin,India,LUPIN.NS
2019-01-27 18:30:00,849.1500244140625,870.6500244140625,844.2999877929688,865.25,825.6721801757812,2416180,Lupin,India,LUPIN.NS
2019-01-28 18:30:00,863.7000122070312,875.0,855.0,860.6500244140625,821.2826538085938,1468995,Lupin,India,LUPIN.NS
2019-01-29 18:30:00,861.0,872.5,861.0,866.9000244140625,827.246826171875,930968,Lupin,India,LUPIN.NS
2019-01-30 18:30:00,868.1500244140625,885.9500122070312,866.0,875.7000122070312,835.6441650390625,2347389,Lupin,India,LUPIN.NS
2019-01-31 18:30:00,879.7000122070312,888.0,870.2999877929688,883.0999755859375,842.7056274414062,1032450,Lupin,India,LUPIN.NS
2019-02-03 18:30:00,882.9500122070312,888.6500244140625,848.5499877929688,855.9000244140625,816.7499389648438,1352120,Lupin,India,LUPIN.NS
2019-02-04 18:30:00,855.5,855.5,830.3499755859375,837.7000122070312,799.38232421875,1344930,Lupin,India,LUPIN.NS
2019-02-05 18:30:00,838.0,851.5,805.0,842.0999755859375,803.5811157226562,6429178,Lupin,India,LUPIN.NS
2019-02-06 18:30:00,832.0,844.5499877929688,810.4000244140625,822.7999877929688,785.1640014648438,3613894,Lupin,India,LUPIN.NS
2019-02-07 18:30:00,822.0,836.2999877929688,805.0999755859375,830.75,792.750244140625,2050927,Lupin,India,LUPIN.NS
2019-02-10 18:30:00,821.5,829.75,808.0,820.5,782.9690551757812,1689390,Lupin,India,LUPIN.NS
2019-02-11 18:30:00,822.5499877929688,824.75,806.25,810.9500122070312,773.8560180664062,1711425,Lupin,India,LUPIN.NS
2019-02-13 18:30:00,793.0499877929688,812.0,790.5,810.2000122070312,773.1402587890625,1848763,Lupin,India,LUPIN.NS
2019-02-14 18:30:00,809.0,809.9500122070312,767.0999755859375,774.75,739.3118286132812,2939666,Lupin,India,LUPIN.NS
2019-02-17 18:30:00,778.0999755859375,785.0,760.5,770.9000244140625,735.6378784179688,2332485,Lupin,India,LUPIN.NS
2019-02-18 18:30:00,776.0,776.0,761.0999755859375,763.0999755859375,728.1947021484375,1382541,Lupin,India,LUPIN.NS
2019-02-19 18:30:00,766.0,768.4500122070312,752.5999755859375,762.6500244140625,727.7653198242188,1452620,Lupin,India,LUPIN.NS
2019-02-20 18:30:00,760.5499877929688,772.0,755.0,769.7999877929688,734.5881958007812,1554032,Lupin,India,LUPIN.NS
2019-02-21 18:30:00,771.9500122070312,782.6500244140625,767.0499877929688,777.7000122070312,742.1268310546875,1503832,Lupin,India,LUPIN.NS
2019-02-24 18:30:00,778.0,784.7999877929688,770.5,777.4500122070312,741.8882446289062,1069147,Lupin,India,LUPIN.NS
2019-02-25 18:30:00,777.0,781.0,764.0999755859375,776.0999755859375,740.6000366210938,1303086,Lupin,India,LUPIN.NS
2019-02-26 18:30:00,778.0,787.0,765.0,768.0,732.87060546875,1370928,Lupin,India,LUPIN.NS
2019-02-27 18:30:00,765.0499877929688,773.5,761.0499877929688,763.75,728.81494140625,2419997,Lupin,India,LUPIN.NS
2019-02-28 18:30:00,771.2000122070312,790.5499877929688,768.4500122070312,786.5999755859375,750.61962890625,2349879,Lupin,India,LUPIN.NS
2019-03-04 18:30:00,791.5499877929688,791.5999755859375,778.0999755859375,784.5999755859375,748.7111206054688,1220769,Lupin,India,LUPIN.NS
2019-03-05 18:30:00,786.0,794.5999755859375,781.0499877929688,789.0499877929688,752.9576416015625,1395812,Lupin,India,LUPIN.NS
2019-03-06 18:30:00,788.0,803.5,785.2999877929688,792.0,755.772705078125,1852651,Lupin,India,LUPIN.NS
2019-03-07 18:30:00,797.9000244140625,799.7999877929688,775.3499755859375,779.1500244140625,743.5104370117188,1971916,Lupin,India,LUPIN.NS
2019-03-10 18:30:00,780.7999877929688,797.0,779.25,795.2999877929688,758.9217529296875,1413263,Lupin,India,LUPIN.NS
2019-03-11 18:30:00,794.5499877929688,810.7999877929688,794.5499877929688,800.5999755859375,763.9793090820312,2029769,Lupin,India,LUPIN.NS
2019-03-12 18:30:00,802.0,805.4500122070312,757.0,763.2999877929688,728.385498046875,3638081,Lupin,India,LUPIN.NS
2019-03-13 18:30:00,757.5999755859375,782.0,755.5,764.2000122070312,729.244384765625,3897827,Lupin,India,LUPIN.NS
2019-03-14 18:30:00,767.0,789.5999755859375,767.0,785.1500244140625,749.2361450195312,3651344,Lupin,India,LUPIN.NS
2019-03-17 18:30:00,762.2000122070312,762.8499755859375,740.0,751.5499877929688,717.1729736328125,4242821,Lupin,India,LUPIN.NS
2019-03-18 18:30:00,753.9000244140625,765.7999877929688,751.5,755.0499877929688,720.5128173828125,1909056,Lupin,India,LUPIN.NS
2019-03-19 18:30:00,758.0,759.9000244140625,747.0499877929688,753.4000244140625,718.9383544921875,1204781,Lupin,India,LUPIN.NS
2019-03-21 18:30:00,755.0,758.0,740.25,743.2000122070312,709.2049560546875,1414802,Lupin,India,LUPIN.NS
2019-03-24 18:30:00,743.7999877929688,745.9500122070312,727.0,729.0499877929688,695.7022094726562,2523406,Lupin,India,LUPIN.NS
2019-03-25 18:30:00,733.0,738.6500244140625,731.1500244140625,734.7999877929688,701.1890869140625,1444465,Lupin,India,LUPIN.NS
2019-03-26 18:30:00,735.5,740.8499755859375,722.2999877929688,723.7000122070312,690.5968627929688,1881343,Lupin,India,LUPIN.NS
2019-03-27 18:30:00,728.7999877929688,733.0,719.7999877929688,724.8499755859375,691.6941528320312,2916948,Lupin,India,LUPIN.NS
2019-03-31 18:30:00,740.0,771.0,740.0,766.2000122070312,731.1529541015625,3236300,Lupin,India,LUPIN.NS
2019-04-01 18:30:00,767.0,783.6500244140625,759.0499877929688,777.75,742.1744995117188,2666766,Lupin,India,LUPIN.NS
2019-04-02 18:30:00,776.5,789.7999877929688,769.8499755859375,773.5999755859375,738.2144775390625,2585485,Lupin,India,LUPIN.NS
2019-04-03 18:30:00,775.9000244140625,792.5,771.0,789.0499877929688,752.9576416015625,1267750,Lupin,India,LUPIN.NS
2019-04-04 18:30:00,793.75,798.1500244140625,782.0499877929688,788.3499755859375,752.2897338867188,1350218,Lupin,India,LUPIN.NS
2019-04-07 18:30:00,788.0,802.0,785.3499755859375,792.6500244140625,756.3930053710938,1883664,Lupin,India,LUPIN.NS
2019-04-08 18:30:00,795.0,813.4000244140625,790.2000122070312,810.75,773.6650390625,2248850,Lupin,India,LUPIN.NS
2019-04-09 18:30:00,810.5,817.5,799.0499877929688,804.75,767.9396362304688,1951096,Lupin,India,LUPIN.NS
2019-04-10 18:30:00,805.0,812.7000122070312,802.5,809.3499755859375,772.3290405273438,877285,Lupin,India,LUPIN.NS
2019-04-11 18:30:00,811.9500122070312,836.0,811.0,832.75,794.6587524414062,4350085,Lupin,India,LUPIN.NS
2019-04-14 18:30:00,830.0,834.2000122070312,825.2999877929688,831.5999755859375,793.5613403320312,776744,Lupin,India,LUPIN.NS
2019-04-15 18:30:00,834.0999755859375,844.5,826.4000244140625,832.9500122070312,794.8496704101562,1338479,Lupin,India,LUPIN.NS
2019-04-17 18:30:00,833.0,837.5999755859375,820.9500122070312,835.7999877929688,797.5693359375,1120493,Lupin,India,LUPIN.NS
2019-04-21 18:30:00,831.5999755859375,837.9000244140625,826.8499755859375,831.6500244140625,793.6090698242188,1088049,Lupin,India,LUPIN.NS
2019-04-22 18:30:00,836.0,871.0,836.0,867.5999755859375,827.9146118164062,4467214,Lupin,India,LUPIN.NS
2019-04-23 18:30:00,838.5,867.5999755859375,835.0,864.25,824.7179565429688,2961143,Lupin,India,LUPIN.NS
2019-04-24 18:30:00,860.0,874.9000244140625,853.0999755859375,869.2000122070312,829.4415283203125,2087687,Lupin,India,LUPIN.NS
2019-04-25 18:30:00,869.2000122070312,881.3499755859375,861.25,868.3499755859375,828.63037109375,1756524,Lupin,India,LUPIN.NS
2019-04-29 18:30:00,868.3499755859375,875.1500244140625,863.0,872.0499877929688,832.1611938476562,884555,Lupin,India,LUPIN.NS
2019-05-01 18:30:00,870.0,884.0,867.0,877.2000122070312,837.0756225585938,936068,Lupin,India,LUPIN.NS
2019-05-02 18:30:00,880.0,880.7999877929688,864.7999877929688,870.7999877929688,830.9683227539062,848496,Lupin,India,LUPIN.NS
2019-05-05 18:30:00,852.0499877929688,870.4500122070312,852.0499877929688,867.4500122070312,827.7716064453125,849572,Lupin,India,LUPIN.NS
2019-05-06 18:30:00,869.0,870.7999877929688,851.5499877929688,854.7000122070312,815.6046752929688,793964,Lupin,India,LUPIN.NS
2019-05-07 18:30:00,850.0,858.7999877929688,844.0,850.9500122070312,812.0262451171875,926036,Lupin,India,LUPIN.NS
2019-05-08 18:30:00,847.0,868.0,835.0,865.0,825.4335327148438,1349553,Lupin,India,LUPIN.NS
2019-05-09 18:30:00,867.0,867.0,831.4500122070312,835.9000244140625,797.6647338867188,1590833,Lupin,India,LUPIN.NS
2019-05-12 18:30:00,833.0,835.0,783.0999755859375,800.25,763.6454467773438,1594702,Lupin,India,LUPIN.NS
2019-05-13 18:30:00,796.5,817.75,794.5,810.4000244140625,773.3311767578125,1569711,Lupin,India,LUPIN.NS
2019-05-14 18:30:00,810.0,819.4500122070312,768.2000122070312,782.1500244140625,746.3734130859375,4169535,Lupin,India,LUPIN.NS
2019-05-15 18:30:00,766.0499877929688,788.75,736.4000244140625,782.5999755859375,746.802734375,10072198,Lupin,India,LUPIN.NS
2019-05-16 18:30:00,771.0,773.0,746.2999877929688,753.1500244140625,718.6997680664062,2931867,Lupin,India,LUPIN.NS
2019-05-19 18:30:00,770.0,770.7999877929688,746.0499877929688,759.5499877929688,724.8070678710938,1925792,Lupin,India,LUPIN.NS
2019-05-20 18:30:00,756.0,776.5,745.0,747.4000244140625,713.212890625,1976172,Lupin,India,LUPIN.NS
2019-05-21 18:30:00,748.0,760.9500122070312,741.6500244140625,757.2000122070312,722.5646362304688,1557588,Lupin,India,LUPIN.NS
2019-05-22 18:30:00,763.5499877929688,768.0,747.0,749.9500122070312,715.6463012695312,1332580,Lupin,India,LUPIN.NS
2019-05-23 18:30:00,747.0,766.1500244140625,747.0,763.2999877929688,728.385498046875,762430,Lupin,India,LUPIN.NS
2019-05-26 18:30:00,742.5499877929688,755.9000244140625,720.0,743.2999877929688,709.3003540039062,3299637,Lupin,India,LUPIN.NS
2019-05-27 18:30:00,749.0,754.6500244140625,742.0499877929688,743.7000122070312,709.6820678710938,1658011,Lupin,India,LUPIN.NS
2019-05-28 18:30:00,741.0,748.9500122070312,730.0,732.5499877929688,699.0421142578125,2456808,Lupin,India,LUPIN.NS
2019-05-29 18:30:00,735.0,745.7999877929688,734.0,744.0,709.9683837890625,1478014,Lupin,India,LUPIN.NS
2019-05-30 18:30:00,746.5,749.0,737.5499877929688,745.5499877929688,711.4474487304688,1198282,Lupin,India,LUPIN.NS
2019-06-02 18:30:00,748.4000244140625,749.6500244140625,741.2000122070312,745.25,711.1611938476562,987180,Lupin,India,LUPIN.NS
2019-06-03 18:30:00,746.7000122070312,755.0,738.2999877929688,740.0999755859375,706.2467041015625,811822,Lupin,India,LUPIN.NS
2019-06-05 18:30:00,747.8499755859375,751.0,730.0,732.2999877929688,698.8035888671875,1094898,Lupin,India,LUPIN.NS
2019-06-06 18:30:00,728.0,737.0,713.0499877929688,730.2000122070312,696.799560546875,1378460,Lupin,India,LUPIN.NS
2019-06-09 18:30:00,730.0999755859375,734.5,721.7999877929688,727.5499877929688,694.2708129882812,1022190,Lupin,India,LUPIN.NS
2019-06-10 18:30:00,729.9000244140625,730.9000244140625,722.0,728.5999755859375,695.2727661132812,921515,Lupin,India,LUPIN.NS
2019-06-11 18:30:00,728.0,730.0,722.1500244140625,726.2999877929688,693.0779418945312,914347,Lupin,India,LUPIN.NS
2019-06-12 18:30:00,725.0,729.5,705.0499877929688,720.7999877929688,687.82958984375,1483612,Lupin,India,LUPIN.NS
2019-06-13 18:30:00,723.0,725.9000244140625,710.0,723.2000122070312,690.1197509765625,1364037,Lupin,India,LUPIN.NS
2019-06-16 18:30:00,720.0,720.0,705.0,706.9500122070312,674.613037109375,1427590,Lupin,India,LUPIN.NS
2019-06-17 18:30:00,708.7000122070312,714.0,705.0999755859375,709.0,676.5692749023438,976987,Lupin,India,LUPIN.NS
2019-06-18 18:30:00,710.9000244140625,712.0,697.2000122070312,703.7999877929688,671.607177734375,1393451,Lupin,India,LUPIN.NS
2019-06-19 18:30:00,705.0,715.5,702.9000244140625,713.9500122070312,681.2929077148438,1044962,Lupin,India,LUPIN.NS
2019-06-20 18:30:00,715.0,726.5,707.7999877929688,712.7999877929688,680.1954956054688,1844959,Lupin,India,LUPIN.NS
2019-06-23 18:30:00,731.0,742.5,725.0,732.7999877929688,699.2806396484375,2572927,Lupin,India,LUPIN.NS
2019-06-24 18:30:00,731.0,758.0,730.5499877929688,754.4500122070312,719.9403686523438,2389911,Lupin,India,LUPIN.NS
2019-06-25 18:30:00,754.0,773.5499877929688,750.9500122070312,768.7000122070312,733.5384521484375,2059502,Lupin,India,LUPIN.NS
2019-06-26 18:30:00,767.25,774.75,754.1500244140625,765.7000122070312,730.6757202148438,2342429,Lupin,India,LUPIN.NS
2019-06-27 18:30:00,770.0,790.0,751.0499877929688,754.75,720.2266235351562,3642873,Lupin,India,LUPIN.NS
2019-06-30 18:30:00,758.0,774.0,758.0,772.1500244140625,736.8306884765625,1233570,Lupin,India,LUPIN.NS
2019-07-01 18:30:00,773.0,776.0,754.6500244140625,761.0,726.1907348632812,981115,Lupin,India,LUPIN.NS
2019-07-02 18:30:00,764.0,764.75,746.9500122070312,752.7000122070312,718.2704467773438,1312925,Lupin,India,LUPIN.NS
2019-07-03 18:30:00,754.7000122070312,759.75,748.1500244140625,754.3499755859375,719.8449096679688,1594101,Lupin,India,LUPIN.NS
2019-07-04 18:30:00,754.5,762.5,733.2999877929688,735.7000122070312,702.0480346679688,764023,Lupin,India,LUPIN.NS
2019-07-07 18:30:00,725.0,740.6500244140625,725.0,734.0999755859375,700.5211791992188,964123,Lupin,India,LUPIN.NS
2019-07-08 18:30:00,732.9000244140625,753.9500122070312,730.2999877929688,751.0499877929688,716.6958618164062,985434,Lupin,India,LUPIN.NS
2019-07-09 18:30:00,755.25,762.0,748.0,760.1500244140625,725.379638671875,1594455,Lupin,India,LUPIN.NS
2019-07-10 18:30:00,765.0,769.2999877929688,747.4000244140625,753.6500244140625,719.1769409179688,1589107,Lupin,India,LUPIN.NS
2019-07-11 18:30:00,757.0,764.7000122070312,752.0,761.75,726.9063720703125,1166462,Lupin,India,LUPIN.NS
2019-07-14 18:30:00,765.0,767.9500122070312,750.5,765.0,730.0076904296875,861865,Lupin,India,LUPIN.NS
2019-07-15 18:30:00,763.9500122070312,782.0,760.5999755859375,779.5499877929688,743.8921508789062,1130950,Lupin,India,LUPIN.NS
2019-07-16 18:30:00,779.9500122070312,782.6500244140625,768.0,771.9500122070312,736.639892578125,783581,Lupin,India,LUPIN.NS
2019-07-17 18:30:00,772.4000244140625,775.0,752.7000122070312,756.1500244140625,721.5626831054688,687673,Lupin,India,LUPIN.NS
2019-07-18 18:30:00,758.0,763.0,742.1500244140625,747.3499755859375,713.1650390625,796473,Lupin,India,LUPIN.NS
2019-07-21 18:30:00,743.5499877929688,765.5999755859375,741.2999877929688,756.5,721.8966064453125,781442,Lupin,India,LUPIN.NS
2019-07-22 18:30:00,760.0,765.9000244140625,751.2000122070312,756.4500122070312,721.848876953125,1286784,Lupin,India,LUPIN.NS
2019-07-23 18:30:00,756.4500122070312,757.7999877929688,733.5499877929688,738.0999755859375,704.3381958007812,970269,Lupin,India,LUPIN.NS
2019-07-24 18:30:00,741.7999877929688,777.7000122070312,736.5499877929688,773.0499877929688,737.689453125,2578623,Lupin,India,LUPIN.NS
2019-07-25 18:30:00,770.0,780.0,761.0,777.2999877929688,741.7452392578125,1097292,Lupin,India,LUPIN.NS
2019-07-28 18:30:00,772.0,775.5499877929688,753.0,762.25,732.0927734375,1032123,Lupin,India,LUPIN.NS
2019-07-29 18:30:00,763.0999755859375,795.0,748.0499877929688,752.5999755859375,722.8245849609375,3265104,Lupin,India,LUPIN.NS
2019-07-30 18:30:00,753.9000244140625,772.4500122070312,751.0,764.7999877929688,734.5418090820312,1314423,Lupin,India,LUPIN.NS
2019-07-31 18:30:00,764.0,773.0,746.6500244140625,759.0499877929688,729.0193481445312,1016301,Lupin,India,LUPIN.NS
2019-08-01 18:30:00,756.5499877929688,775.7000122070312,749.0999755859375,767.2999877929688,736.9429931640625,1160643,Lupin,India,LUPIN.NS
2019-08-04 18:30:00,760.4000244140625,771.1500244140625,741.0999755859375,756.7000122070312,726.7623901367188,1237328,Lupin,India,LUPIN.NS
2019-08-05 18:30:00,756.0,771.0,742.5,750.8499755859375,721.1437377929688,1258835,Lupin,India,LUPIN.NS
2019-08-06 18:30:00,750.5999755859375,786.4000244140625,748.0499877929688,781.9000244140625,750.9654541015625,3018916,Lupin,India,LUPIN.NS
2019-08-07 18:30:00,785.7999877929688,791.4000244140625,750.4000244140625,760.9500122070312,730.8441772460938,3240635,Lupin,India,LUPIN.NS
2019-08-08 18:30:00,769.5999755859375,771.9000244140625,755.0499877929688,758.7000122070312,728.6832275390625,1615690,Lupin,India,LUPIN.NS
2019-08-12 18:30:00,758.0,762.0,746.0,748.25,718.6466674804688,1188441,Lupin,India,LUPIN.NS
2019-08-13 18:30:00,747.0,749.7999877929688,722.0499877929688,734.2999877929688,705.2485961914062,1745944,Lupin,India,LUPIN.NS
2019-08-15 18:30:00,734.0,734.5999755859375,722.25,729.2999877929688,700.4464111328125,1076059,Lupin,India,LUPIN.NS
2019-08-18 18:30:00,729.2999877929688,749.4000244140625,727.5,732.0,703.03955078125,1153038,Lupin,India,LUPIN.NS
2019-08-19 18:30:00,736.5499877929688,742.25,728.25,736.1500244140625,707.0253295898438,923789,Lupin,India,LUPIN.NS
2019-08-20 18:30:00,739.0,741.5,730.8499755859375,735.2000122070312,706.1128540039062,935198,Lupin,India,LUPIN.NS
2019-08-21 18:30:00,735.2999877929688,746.0,730.5499877929688,737.3499755859375,708.1778564453125,1029795,Lupin,India,LUPIN.NS
2019-08-22 18:30:00,736.0,745.0,711.5499877929688,738.6500244140625,709.426513671875,1197914,Lupin,India,LUPIN.NS
2019-08-25 18:30:00,745.0,757.7999877929688,735.0,747.2000122070312,717.63818359375,1501240,Lupin,India,LUPIN.NS
2019-08-26 18:30:00,750.9500122070312,755.9000244140625,735.8499755859375,738.8499755859375,709.6185302734375,1040863,Lupin,India,LUPIN.NS
2019-08-27 18:30:00,742.0,751.2999877929688,725.25,732.0999755859375,703.1356201171875,823769,Lupin,India,LUPIN.NS
2019-08-28 18:30:00,739.0,740.4500122070312,728.5499877929688,735.0499877929688,705.9689331054688,775980,Lupin,India,LUPIN.NS
2019-08-29 18:30:00,735.9000244140625,744.5499877929688,720.0499877929688,741.0,711.6834106445312,1509463,Lupin,India,LUPIN.NS
2019-09-02 18:30:00,735.0,746.0,730.25,735.5,706.401123046875,893057,Lupin,India,LUPIN.NS
2019-09-03 18:30:00,738.0,744.7999877929688,728.2999877929688,741.9500122070312,712.5958862304688,1105451,Lupin,India,LUPIN.NS
2019-09-04 18:30:00,745.8499755859375,769.9000244140625,741.0,765.3499755859375,735.070068359375,2637041,Lupin,India,LUPIN.NS
2019-09-05 18:30:00,769.2000122070312,774.6500244140625,757.0,773.0,742.4174194335938,1349319,Lupin,India,LUPIN.NS
2019-09-08 18:30:00,772.0,778.6500244140625,764.5,766.7000122070312,736.3666381835938,929898,Lupin,India,LUPIN.NS
2019-09-10 18:30:00,767.0,769.0,756.0,759.5499877929688,729.4995727539062,1101660,Lupin,India,LUPIN.NS
2019-09-11 18:30:00,762.7999877929688,767.9000244140625,754.75,759.0499877929688,729.0193481445312,880238,Lupin,India,LUPIN.NS
2019-09-12 18:30:00,762.4000244140625,766.0,753.5999755859375,764.0999755859375,733.86962890625,519219,Lupin,India,LUPIN.NS
2019-09-15 18:30:00,764.0999755859375,780.0,760.7000122070312,769.1500244140625,738.7197875976562,1522424,Lupin,India,LUPIN.NS
2019-09-16 18:30:00,770.0,773.0,754.5999755859375,757.8499755859375,727.8668212890625,1174682,Lupin,India,LUPIN.NS
2019-09-17 18:30:00,761.0,762.0,753.0,759.0999755859375,729.0673828125,468504,Lupin,India,LUPIN.NS
2019-09-18 18:30:00,760.25,762.75,733.75,741.25,711.923583984375,2245346,Lupin,India,LUPIN.NS
2019-09-19 18:30:00,747.7000122070312,758.8499755859375,734.1500244140625,756.2999877929688,726.3782348632812,2689710,Lupin,India,LUPIN.NS
2019-09-22 18:30:00,762.0,765.2999877929688,723.4000244140625,732.0499877929688,703.0875244140625,2252984,Lupin,India,LUPIN.NS
2019-09-23 18:30:00,735.0,746.4000244140625,731.0499877929688,739.25,710.0028076171875,1203386,Lupin,India,LUPIN.NS
2019-09-24 18:30:00,738.9000244140625,740.0,727.2999877929688,731.4000244140625,702.4633178710938,610227,Lupin,India,LUPIN.NS
2019-09-25 18:30:00,733.0,735.9000244140625,725.4500122070312,729.25,700.3983764648438,959289,Lupin,India,LUPIN.NS
2019-09-26 18:30:00,726.0999755859375,734.2000122070312,714.6500244140625,717.25,688.8731079101562,1283523,Lupin,India,LUPIN.NS
2019-09-29 18:30:00,720.0,720.0,702.0499877929688,715.7000122070312,687.3844604492188,1487570,Lupin,India,LUPIN.NS
2019-09-30 18:30:00,716.0,726.25,700.5,703.0999755859375,675.2828979492188,1161131,Lupin,India,LUPIN.NS
2019-10-02 18:30:00,693.0,707.0,676.8499755859375,701.2000122070312,673.4580688476562,2504322,Lupin,India,LUPIN.NS
2019-10-03 18:30:00,702.0,708.5,684.0999755859375,686.5,659.3397216796875,1105641,Lupin,India,LUPIN.NS
2019-10-06 18:30:00,689.0499877929688,690.8499755859375,646.2999877929688,667.5999755859375,641.1874389648438,2576192,Lupin,India,LUPIN.NS
2019-10-08 18:30:00,664.9000244140625,685.0,660.0,682.0999755859375,655.1137084960938,1500671,Lupin,India,LUPIN.NS
2019-10-09 18:30:00,680.0,698.7999877929688,676.8499755859375,690.9500122070312,663.6136474609375,1507716,Lupin,India,LUPIN.NS
2019-10-10 18:30:00,692.6500244140625,704.0,683.0,701.6500244140625,673.8903198242188,1131255,Lupin,India,LUPIN.NS
2019-10-13 18:30:00,704.0,720.4000244140625,697.2999877929688,716.4000244140625,688.0567626953125,1302216,Lupin,India,LUPIN.NS
2019-10-14 18:30:00,718.0,726.9000244140625,711.5,721.1500244140625,692.6187744140625,1438966,Lupin,India,LUPIN.NS
2019-10-15 18:30:00,723.0,735.0,716.7999877929688,732.8499755859375,703.85595703125,1140985,Lupin,India,LUPIN.NS
2019-10-16 18:30:00,731.5,732.0,719.0,726.5,697.7572021484375,744122,Lupin,India,LUPIN.NS
2019-10-17 18:30:00,726.5,746.1500244140625,722.8499755859375,739.0999755859375,709.858642578125,1813831,Lupin,India,LUPIN.NS
2019-10-21 18:30:00,738.9000244140625,748.3499755859375,733.9500122070312,745.8499755859375,716.3416137695312,712225,Lupin,India,LUPIN.NS
2019-10-22 18:30:00,749.5,749.5,730.7000122070312,736.1500244140625,707.0253295898438,1362052,Lupin,India,LUPIN.NS
2019-10-23 18:30:00,736.5,741.7000122070312,723.6500244140625,730.25,701.3588256835938,1003393,Lupin,India,LUPIN.NS
2019-10-24 18:30:00,730.2999877929688,737.1500244140625,725.0,734.0999755859375,705.0564575195312,971238,Lupin,India,LUPIN.NS
2019-10-26 18:30:00,735.0,739.2999877929688,728.8499755859375,734.3499755859375,705.2965087890625,82202,Lupin,India,LUPIN.NS
2019-10-28 18:30:00,733.5,740.9000244140625,728.0,734.1500244140625,705.1044921875,1708254,Lupin,India,LUPIN.NS
2019-10-29 18:30:00,740.9000244140625,740.9000244140625,726.0,729.9500122070312,701.0706787109375,647084,Lupin,India,LUPIN.NS
2019-10-30 18:30:00,729.9000244140625,748.2000122070312,728.0,745.0999755859375,715.621337890625,1070150,Lupin,India,LUPIN.NS
2019-10-31 18:30:00,754.0,775.0,751.75,766.2999877929688,735.9825439453125,2369230,Lupin,India,LUPIN.NS
2019-11-03 18:30:00,768.2000122070312,769.5999755859375,756.0,759.9500122070312,729.8837280273438,737810,Lupin,India,LUPIN.NS
2019-11-04 18:30:00,762.5,764.9000244140625,748.3499755859375,754.9500122070312,725.0816040039062,851794,Lupin,India,LUPIN.NS
2019-11-05 18:30:00,757.75,787.5999755859375,740.2000122070312,771.4500122070312,740.9287719726562,4844748,Lupin,India,LUPIN.NS
2019-11-06 18:30:00,745.0,754.1500244140625,735.25,737.4500122070312,708.2739868164062,6219780,Lupin,India,LUPIN.NS
2019-11-07 18:30:00,741.0,743.0,715.25,718.75,690.313720703125,1523794,Lupin,India,LUPIN.NS
2019-11-10 18:30:00,723.0,739.8499755859375,721.0499877929688,735.75,706.6412353515625,1502173,Lupin,India,LUPIN.NS
2019-11-12 18:30:00,754.0,758.7999877929688,727.0,730.3499755859375,701.454833984375,3036458,Lupin,India,LUPIN.NS
2019-11-13 18:30:00,732.9000244140625,739.7999877929688,720.9000244140625,738.3499755859375,709.1383056640625,932902,Lupin,India,LUPIN.NS
2019-11-14 18:30:00,739.8499755859375,747.7999877929688,731.5499877929688,742.25,712.8840942382812,1106828,Lupin,India,LUPIN.NS
2019-11-17 18:30:00,742.2999877929688,759.2000122070312,742.25,746.5499877929688,717.013916015625,1357203,Lupin,India,LUPIN.NS
2019-11-18 18:30:00,746.7999877929688,754.8499755859375,740.7000122070312,747.7000122070312,718.118408203125,888623,Lupin,India,LUPIN.NS
2019-11-19 18:30:00,752.2000122070312,781.0,749.0999755859375,777.8499755859375,747.0755004882812,2881427,Lupin,India,LUPIN.NS
2019-11-20 18:30:00,783.9500122070312,787.9500122070312,768.7000122070312,771.0,740.4965209960938,1846584,Lupin,India,LUPIN.NS
2019-11-21 18:30:00,775.2000122070312,781.9500122070312,767.2000122070312,772.4000244140625,741.8412475585938,1323663,Lupin,India,LUPIN.NS
2019-11-24 18:30:00,774.7999877929688,784.4000244140625,772.0,781.7000122070312,750.7732543945312,874049,Lupin,India,LUPIN.NS
2019-11-25 18:30:00,785.5999755859375,809.0,782.2999877929688,787.8499755859375,756.679931640625,6429321,Lupin,India,LUPIN.NS
2019-11-26 18:30:00,789.0,797.7000122070312,782.1500244140625,792.5499877929688,761.1940307617188,1435468,Lupin,India,LUPIN.NS
2019-11-27 18:30:00,788.0,806.0,788.0,804.3499755859375,772.527099609375,1589978,Lupin,India,LUPIN.NS
2019-11-28 18:30:00,803.5,815.0,796.2999877929688,800.6500244140625,768.9735717773438,3319942,Lupin,India,LUPIN.NS
2019-12-01 18:30:00,802.6500244140625,803.4500122070312,790.0,796.0499877929688,764.5555419921875,1387965,Lupin,India,LUPIN.NS
2019-12-02 18:30:00,796.0499877929688,798.6500244140625,783.5999755859375,786.0499877929688,754.9511108398438,628007,Lupin,India,LUPIN.NS
2019-12-03 18:30:00,782.0,793.1500244140625,775.0,791.9000244140625,760.5696411132812,1552634,Lupin,India,LUPIN.NS
2019-12-04 18:30:00,790.0,791.6500244140625,778.0499877929688,779.6500244140625,748.8043212890625,829792,Lupin,India,LUPIN.NS
2019-12-05 18:30:00,783.0,786.0,759.0,761.8499755859375,731.7086181640625,1137044,Lupin,India,LUPIN.NS
2019-12-08 18:30:00,762.4000244140625,764.9500122070312,753.0,755.9500122070312,726.0420532226562,1084786,Lupin,India,LUPIN.NS
2019-12-09 18:30:00,758.1500244140625,759.4000244140625,747.2999877929688,752.7999877929688,723.0167236328125,1178653,Lupin,India,LUPIN.NS
2019-12-10 18:30:00,750.4500122070312,755.0,737.25,744.2000122070312,714.7568359375,1029223,Lupin,India,LUPIN.NS
2019-12-11 18:30:00,748.5,751.9500122070312,741.25,748.75,719.1268920898438,778792,Lupin,India,LUPIN.NS
2019-12-12 18:30:00,753.5499877929688,758.5,748.1500244140625,756.25,726.3301391601562,662206,Lupin,India,LUPIN.NS
2019-12-15 18:30:00,753.5,761.8499755859375,745.7999877929688,747.4500122070312,717.8782348632812,907081,Lupin,India,LUPIN.NS
2019-12-16 18:30:00,749.5999755859375,756.5499877929688,745.75,754.3499755859375,724.5053100585938,1328747,Lupin,India,LUPIN.NS
2019-12-17 18:30:00,755.5,767.9000244140625,753.7999877929688,766.3499755859375,736.0305786132812,1247090,Lupin,India,LUPIN.NS
2019-12-18 18:30:00,767.0,774.9500122070312,762.0499877929688,770.5999755859375,740.1124267578125,1447972,Lupin,India,LUPIN.NS
2019-12-19 18:30:00,775.0,778.0,767.0999755859375,770.9500122070312,740.4485473632812,1141306,Lupin,India,LUPIN.NS
2019-12-22 18:30:00,768.9500122070312,777.2999877929688,756.7000122070312,767.7000122070312,737.3271484375,799611,Lupin,India,LUPIN.NS
2019-12-23 18:30:00,770.0,770.9000244140625,762.6500244140625,765.1500244140625,734.8780517578125,425524,Lupin,India,LUPIN.NS
2019-12-25 18:30:00,767.0,771.0,755.0499877929688,757.5,727.5307006835938,549975,Lupin,India,LUPIN.NS
2019-12-26 18:30:00,759.7000122070312,772.9500122070312,758.7000122070312,770.9500122070312,740.4485473632812,543702,Lupin,India,LUPIN.NS
2019-12-29 18:30:00,770.0,774.75,766.0,769.9000244140625,739.440185546875,650533,Lupin,India,LUPIN.NS
2019-12-30 18:30:00,766.5,773.9000244140625,760.3499755859375,763.4500122070312,733.2453002929688,842865,Lupin,India,LUPIN.NS
2019-12-31 18:30:00,765.2999877929688,773.25,765.2999877929688,771.1500244140625,740.640625,465429,Lupin,India,LUPIN.NS
2020-01-01 18:30:00,773.0,780.3499755859375,764.2000122070312,775.5999755859375,744.9146118164062,867603,Lupin,India,LUPIN.NS
2020-01-02 18:30:00,775.9000244140625,786.5,770.0,776.9000244140625,746.1631469726562,1110452,Lupin,India,LUPIN.NS
2020-01-05 18:30:00,771.0,774.4500122070312,756.0,762.1500244140625,731.9967651367188,522118,Lupin,India,LUPIN.NS
2020-01-06 18:30:00,764.0,772.5999755859375,752.5499877929688,757.5499877929688,727.5787353515625,824059,Lupin,India,LUPIN.NS
2020-01-07 18:30:00,752.0,760.6500244140625,750.0999755859375,757.0999755859375,727.1465454101562,641773,Lupin,India,LUPIN.NS
2020-01-08 18:30:00,762.0,767.2999877929688,757.0999755859375,758.9000244140625,728.8753662109375,778130,Lupin,India,LUPIN.NS
2020-01-09 18:30:00,763.1500244140625,778.5,757.5,758.9500122070312,728.92333984375,1820102,Lupin,India,LUPIN.NS
2020-01-12 18:30:00,756.5,763.0,740.5,748.5999755859375,718.9828491210938,2327854,Lupin,India,LUPIN.NS
2020-01-13 18:30:00,752.7000122070312,758.9000244140625,750.4500122070312,752.7999877929688,723.0167236328125,1213631,Lupin,India,LUPIN.NS
2020-01-14 18:30:00,752.0,756.7999877929688,746.7000122070312,751.0499877929688,721.3358154296875,1220738,Lupin,India,LUPIN.NS
2020-01-15 18:30:00,751.5,760.6500244140625,751.5,753.9500122070312,724.1211547851562,1284812,Lupin,India,LUPIN.NS
2020-01-16 18:30:00,753.0,770.0,751.4500122070312,766.6500244140625,736.3186645507812,1336060,Lupin,India,LUPIN.NS
2020-01-19 18:30:00,760.0,760.25,730.0999755859375,732.7000122070312,703.7119140625,3214043,Lupin,India,LUPIN.NS
2020-01-20 18:30:00,733.0,744.25,727.25,741.1500244140625,711.82763671875,1619921,Lupin,India,LUPIN.NS
2020-01-21 18:30:00,743.25,746.9500122070312,734.6500244140625,738.4000244140625,709.1863403320312,904533,Lupin,India,LUPIN.NS
2020-01-22 18:30:00,738.4000244140625,743.9500122070312,736.0,737.8499755859375,708.6580810546875,718365,Lupin,India,LUPIN.NS
2020-01-23 18:30:00,737.2999877929688,744.5,735.7000122070312,740.1500244140625,710.8671875,507047,Lupin,India,LUPIN.NS
2020-01-26 18:30:00,738.0,759.9000244140625,734.0999755859375,751.9000244140625,722.1522827148438,1492976,Lupin,India,LUPIN.NS
2020-01-27 18:30:00,755.0,756.7000122070312,745.0999755859375,747.4000244140625,717.830322265625,1322275,Lupin,India,LUPIN.NS
2020-01-28 18:30:00,750.0,752.75,743.5499877929688,744.8499755859375,715.3811645507812,867074,Lupin,India,LUPIN.NS
2020-01-29 18:30:00,745.9000244140625,745.9000244140625,725.5499877929688,728.3499755859375,699.5338745117188,1153471,Lupin,India,LUPIN.NS
2020-01-30 18:30:00,734.0,734.7000122070312,716.0,718.25,689.8335571289062,1117946,Lupin,India,LUPIN.NS
2020-02-02 18:30:00,708.3499755859375,723.25,698.7999877929688,708.6500244140625,680.6134643554688,1106940,Lupin,India,LUPIN.NS
2020-02-03 18:30:00,717.6500244140625,728.8499755859375,711.0,721.5999755859375,693.051025390625,1129876,Lupin,India,LUPIN.NS
2020-02-04 18:30:00,721.0999755859375,726.8499755859375,716.5,722.5,693.9153442382812,1189761,Lupin,India,LUPIN.NS
2020-02-05 18:30:00,731.5,738.75,706.0,721.9000244140625,693.3391723632812,5687405,Lupin,India,LUPIN.NS
2020-02-06 18:30:00,708.0,714.25,695.0,707.5999755859375,679.6048583984375,7357814,Lupin,India,LUPIN.NS
2020-02-09 18:30:00,705.9500122070312,710.0,696.2999877929688,701.9500122070312,674.1784057617188,1841499,Lupin,India,LUPIN.NS
2020-02-10 18:30:00,713.7999877929688,713.7999877929688,698.5499877929688,705.0499877929688,677.1557006835938,1862531,Lupin,India,LUPIN.NS
2020-02-11 18:30:00,708.0,712.0,698.5,703.2000122070312,675.3790283203125,2266491,Lupin,India,LUPIN.NS
2020-02-12 18:30:00,706.4000244140625,708.5999755859375,699.5499877929688,703.4000244140625,675.571044921875,2356429,Lupin,India,LUPIN.NS
2020-02-13 18:30:00,704.5,721.4500122070312,704.5,717.6500244140625,689.25732421875,1845960,Lupin,India,LUPIN.NS
2020-02-16 18:30:00,718.5,731.25,710.5999755859375,712.5499877929688,684.359130859375,1402215,Lupin,India,LUPIN.NS
2020-02-17 18:30:00,710.7999877929688,710.9500122070312,694.0,706.0499877929688,678.1162109375,1225756,Lupin,India,LUPIN.NS
2020-02-18 18:30:00,705.0,716.5,704.4000244140625,709.0499877929688,680.9974975585938,894396,Lupin,India,LUPIN.NS
2020-02-19 18:30:00,706.1500244140625,708.0999755859375,698.0,699.5999755859375,671.92138671875,1883153,Lupin,India,LUPIN.NS
2020-02-23 18:30:00,695.0,697.0,669.0,672.8499755859375,646.2296752929688,1771815,Lupin,India,LUPIN.NS
2020-02-24 18:30:00,680.0,680.0,667.4000244140625,669.1500244140625,642.6761474609375,2838451,Lupin,India,LUPIN.NS
2020-02-25 18:30:00,668.0999755859375,676.0,664.5499877929688,669.7999877929688,643.3004150390625,2122196,Lupin,India,LUPIN.NS
2020-02-26 18:30:00,669.0999755859375,671.2999877929688,654.5999755859375,662.7999877929688,636.5773315429688,1302115,Lupin,India,LUPIN.NS
2020-02-27 18:30:00,656.1500244140625,659.4000244140625,635.2000122070312,640.0,614.679443359375,2408425,Lupin,India,LUPIN.NS
2020-03-01 18:30:00,645.0,652.2999877929688,620.5,629.7999877929688,604.883056640625,2408228,Lupin,India,LUPIN.NS
2020-03-02 18:30:00,637.0,660.5499877929688,635.2999877929688,649.5999755859375,623.8995361328125,2135990,Lupin,India,LUPIN.NS
2020-03-03 18:30:00,653.2000122070312,667.25,643.2999877929688,664.4000244140625,638.1141357421875,2723269,Lupin,India,LUPIN.NS
2020-03-04 18:30:00,668.0,686.6500244140625,666.0,676.5499877929688,649.7833862304688,2089837,Lupin,India,LUPIN.NS
2020-03-05 18:30:00,665.0,673.7999877929688,657.2000122070312,663.5,637.2496948242188,3466958,Lupin,India,LUPIN.NS
2020-03-08 18:30:00,645.0,664.5499877929688,643.5,651.1500244140625,625.3883056640625,1461377,Lupin,India,LUPIN.NS
2020-03-10 18:30:00,652.0999755859375,659.5999755859375,635.4500122070312,638.7999877929688,613.52685546875,1987343,Lupin,India,LUPIN.NS
2020-03-11 18:30:00,629.0,629.0,583.6500244140625,593.7999877929688,570.3071899414062,4991398,Lupin,India,LUPIN.NS
2020-03-12 18:30:00,550.0,615.9500122070312,504.75,605.8499755859375,581.8804931640625,1820676,Lupin,India,LUPIN.NS
2020-03-15 18:30:00,595.8499755859375,632.8499755859375,576.0,599.0,575.3015747070312,2477918,Lupin,India,LUPIN.NS
2020-03-16 18:30:00,605.25,646.25,596.3499755859375,616.0999755859375,591.7249145507812,2067269,Lupin,India,LUPIN.NS
2020-03-17 18:30:00,626.0,637.3499755859375,605.7000122070312,612.9000244140625,588.651611328125,2352295,Lupin,India,LUPIN.NS
2020-03-18 18:30:00,594.5,654.0,578.0499877929688,635.0,609.8772583007812,2680525,Lupin,India,LUPIN.NS
2020-03-19 18:30:00,640.7000122070312,665.0999755859375,631.25,641.9500122070312,616.5523071289062,2708797,Lupin,India,LUPIN.NS
2020-03-22 18:30:00,610.0,631.9500122070312,586.0999755859375,592.1500244140625,568.7225952148438,1677165,Lupin,India,LUPIN.NS
2020-03-23 18:30:00,586.25,628.0,585.5499877929688,592.2000122070312,568.7705688476562,1545462,Lupin,India,LUPIN.NS
2020-03-24 18:30:00,581.0,599.25,558.0999755859375,566.5,544.0873413085938,3016481,Lupin,India,LUPIN.NS
2020-03-25 18:30:00,566.5,569.0999755859375,542.4000244140625,558.6500244140625,536.5479125976562,3907851,Lupin,India,LUPIN.NS
2020-03-26 18:30:00,565.0499877929688,591.5999755859375,542.3499755859375,548.0999755859375,526.4153442382812,4900000,Lupin,India,LUPIN.NS
2020-03-29 18:30:00,551.5,573.5,535.25,560.5999755859375,538.420654296875,2777231,Lupin,India,LUPIN.NS
2020-03-30 18:30:00,573.0,594.4000244140625,568.25,589.6500244140625,566.3214111328125,3151209,Lupin,India,LUPIN.NS
2020-03-31 18:30:00,589.8499755859375,590.7999877929688,575.4500122070312,579.0499877929688,556.1408081054688,1298954,Lupin,India,LUPIN.NS
2020-04-02 18:30:00,582.4500122070312,665.9000244140625,578.0,655.8499755859375,629.9022827148438,6492775,Lupin,India,LUPIN.NS
2020-04-06 18:30:00,690.0,738.6500244140625,670.25,700.0499877929688,672.3535766601562,8165523,Lupin,India,LUPIN.NS
2020-04-07 18:30:00,701.0,734.4500122070312,698.5499877929688,705.5999755859375,677.68408203125,6927854,Lupin,India,LUPIN.NS
2020-04-08 18:30:00,733.4000244140625,798.0,733.4000244140625,790.1500244140625,758.8889770507812,13732376,Lupin,India,LUPIN.NS
2020-04-12 18:30:00,804.0,848.7999877929688,799.0,826.0499877929688,793.36865234375,10064797,Lupin,India,LUPIN.NS
2020-04-14 18:30:00,847.9500122070312,854.0,791.3499755859375,810.4000244140625,778.3377685546875,7000858,Lupin,India,LUPIN.NS
2020-04-15 18:30:00,805.0,832.5,787.0499877929688,825.9000244140625,793.2245483398438,3963315,Lupin,India,LUPIN.NS
2020-04-16 18:30:00,841.0,845.0,817.5999755859375,822.25,789.718994140625,3328045,Lupin,India,LUPIN.NS
2020-04-19 18:30:00,822.0,822.0,795.3499755859375,809.75,777.7135009765625,2294941,Lupin,India,LUPIN.NS
2020-04-20 18:30:00,795.5,845.5,792.0,812.5,780.354736328125,5837165,Lupin,India,LUPIN.NS
2020-04-21 18:30:00,805.0,829.5999755859375,802.9000244140625,806.5999755859375,774.6881103515625,3630813,Lupin,India,LUPIN.NS
2020-04-22 18:30:00,811.0,837.2999877929688,811.0,822.3499755859375,789.8150024414062,3411965,Lupin,India,LUPIN.NS
2020-04-23 18:30:00,824.7000122070312,891.0,820.7000122070312,877.3499755859375,842.6389770507812,14719795,Lupin,India,LUPIN.NS
2020-04-26 18:30:00,899.9500122070312,906.0,875.7000122070312,896.7999877929688,861.3194580078125,6448879,Lupin,India,LUPIN.NS
2020-04-27 18:30:00,900.0,901.0,848.25,854.3499755859375,820.5490112304688,4121427,Lupin,India,LUPIN.NS
2020-04-28 18:30:00,860.0,872.7000122070312,848.75,854.4000244140625,820.5969848632812,3285831,Lupin,India,LUPIN.NS
2020-04-29 18:30:00,874.9000244140625,878.2000122070312,811.5499877929688,835.2999877929688,802.2526245117188,7643181,Lupin,India,LUPIN.NS
2020-05-03 18:30:00,826.0,865.7999877929688,815.0,841.6500244140625,808.3514404296875,5482297,Lupin,India,LUPIN.NS
2020-05-04 18:30:00,867.9500122070312,867.9500122070312,821.0,826.7999877929688,794.0889282226562,3485068,Lupin,India,LUPIN.NS
2020-05-05 18:30:00,834.9500122070312,840.6500244140625,817.0499877929688,827.2000122070312,794.47314453125,2243112,Lupin,India,LUPIN.NS
2020-05-06 18:30:00,820.0,836.5999755859375,808.75,813.2999877929688,781.123046875,2230759,Lupin,India,LUPIN.NS
2020-05-07 18:30:00,820.0,839.6500244140625,817.2999877929688,835.0,801.9645385742188,2635460,Lupin,India,LUPIN.NS
2020-05-10 18:30:00,843.9500122070312,857.7000122070312,832.0499877929688,849.2999877929688,815.6987915039062,3945910,Lupin,India,LUPIN.NS
2020-05-11 18:30:00,850.0,860.5999755859375,845.0,851.8499755859375,818.1478881835938,2001722,Lupin,India,LUPIN.NS
2020-05-12 18:30:00,861.0,863.0,835.2000122070312,839.25,806.0464477539062,2253401,Lupin,India,LUPIN.NS
2020-05-13 18:30:00,840.0,866.4000244140625,828.7000122070312,863.0499877929688,828.9046630859375,3474044,Lupin,India,LUPIN.NS
2020-05-14 18:30:00,863.0499877929688,863.0499877929688,836.0999755859375,841.7999877929688,808.4954833984375,1984358,Lupin,India,LUPIN.NS
2020-05-17 18:30:00,838.0,862.9500122070312,837.3499755859375,856.8499755859375,822.9500732421875,2661106,Lupin,India,LUPIN.NS
2020-05-18 18:30:00,863.5,870.0,833.3499755859375,840.3499755859375,807.102783203125,3414397,Lupin,India,LUPIN.NS
2020-05-19 18:30:00,844.5999755859375,878.0,841.0,873.2000122070312,838.6532592773438,3952756,Lupin,India,LUPIN.NS
2020-05-20 18:30:00,870.0,889.9500122070312,863.1500244140625,885.75,850.7066650390625,2666556,Lupin,India,LUPIN.NS
2020-05-21 18:30:00,881.0,898.0,875.3499755859375,892.75,857.4298095703125,2372742,Lupin,India,LUPIN.NS
2020-05-25 18:30:00,893.0,919.2000122070312,893.0,905.9500122070312,870.1074829101562,5437014,Lupin,India,LUPIN.NS
2020-05-26 18:30:00,906.0,909.9500122070312,888.0,894.5499877929688,859.1585693359375,2493163,Lupin,India,LUPIN.NS
2020-05-27 18:30:00,887.5,890.7999877929688,868.25,881.1500244140625,846.2886962890625,3226522,Lupin,India,LUPIN.NS
2020-05-28 18:30:00,870.0,881.7999877929688,840.5,869.7999877929688,835.3876953125,9473461,Lupin,India,LUPIN.NS
2020-05-31 18:30:00,875.0,876.0,846.0999755859375,849.7000122070312,816.0829467773438,5213799,Lupin,India,LUPIN.NS
2020-06-01 18:30:00,853.9000244140625,873.9500122070312,851.5499877929688,871.25,836.7803955078125,4740216,Lupin,India,LUPIN.NS
2020-06-02 18:30:00,880.0,885.8499755859375,861.1500244140625,867.4500122070312,833.1307983398438,3866831,Lupin,India,LUPIN.NS
2020-06-03 18:30:00,870.0,913.0,868.8499755859375,907.5999755859375,871.6920776367188,6242195,Lupin,India,LUPIN.NS
2020-06-04 18:30:00,919.9000244140625,923.9000244140625,898.0999755859375,902.3499755859375,866.64990234375,3694033,Lupin,India,LUPIN.NS
2020-06-07 18:30:00,905.0,911.9000244140625,880.75,900.2999877929688,864.6809692382812,2880744,Lupin,India,LUPIN.NS
2020-06-08 18:30:00,899.9000244140625,930.7999877929688,895.5,919.4000244140625,883.0254516601562,4737507,Lupin,India,LUPIN.NS
2020-06-09 18:30:00,924.4000244140625,936.9500122070312,918.0,928.3499755859375,891.621337890625,3077038,Lupin,India,LUPIN.NS
2020-06-10 18:30:00,924.0,931.7999877929688,912.0499877929688,918.2999877929688,881.9688720703125,1944883,Lupin,India,LUPIN.NS
2020-06-11 18:30:00,904.2999877929688,920.5,901.0499877929688,911.9000244140625,875.8222045898438,2105897,Lupin,India,LUPIN.NS
2020-06-14 18:30:00,917.0,956.0,914.0,943.9500122070312,906.6041259765625,6159384,Lupin,India,LUPIN.NS
2020-06-15 18:30:00,943.5999755859375,948.0999755859375,918.0499877929688,925.75,889.1241455078125,2459099,Lupin,India,LUPIN.NS
2020-06-16 18:30:00,929.2000122070312,938.9500122070312,917.2000122070312,928.9500122070312,892.197509765625,1903488,Lupin,India,LUPIN.NS
2020-06-17 18:30:00,931.9000244140625,937.0,915.0999755859375,919.3499755859375,882.9774169921875,1745711,Lupin,India,LUPIN.NS
2020-06-18 18:30:00,919.5499877929688,926.9000244140625,912.2999877929688,914.4500122070312,878.2711181640625,2295673,Lupin,India,LUPIN.NS
2020-06-21 18:30:00,922.4500122070312,950.0,916.25,935.25,898.248291015625,2542504,Lupin,India,LUPIN.NS
2020-06-22 18:30:00,935.25,943.5499877929688,924.0499877929688,937.9000244140625,900.7935180664062,1869848,Lupin,India,LUPIN.NS
2020-06-23 18:30:00,940.0,944.7000122070312,916.2999877929688,921.4000244140625,884.9462890625,1642404,Lupin,India,LUPIN.NS
2020-06-24 18:30:00,924.8499755859375,946.2999877929688,921.4000244140625,935.25,898.248291015625,2393857,Lupin,India,LUPIN.NS
2020-06-25 18:30:00,936.0,943.7000122070312,922.0,926.75,890.0845947265625,1226064,Lupin,India,LUPIN.NS
2020-06-28 18:30:00,926.75,935.9500122070312,919.0,924.5999755859375,888.0196533203125,1254935,Lupin,India,LUPIN.NS
2020-06-29 18:30:00,935.0,935.0,907.2999877929688,911.7999877929688,875.7259521484375,1890864,Lupin,India,LUPIN.NS
2020-06-30 18:30:00,910.0499877929688,910.9500122070312,891.5499877929688,903.4000244140625,867.6583862304688,2184216,Lupin,India,LUPIN.NS
2020-07-01 18:30:00,905.5,913.25,892.5499877929688,895.0,859.5907592773438,2144667,Lupin,India,LUPIN.NS
2020-07-02 18:30:00,898.7999877929688,904.2000122070312,890.0,900.0499877929688,864.44091796875,2103089,Lupin,India,LUPIN.NS
2020-07-05 18:30:00,896.0,899.4500122070312,873.0,875.5499877929688,840.91015625,2750613,Lupin,India,LUPIN.NS
2020-07-06 18:30:00,875.5499877929688,884.4000244140625,867.2000122070312,870.5,836.0599975585938,2421820,Lupin,India,LUPIN.NS
2020-07-07 18:30:00,874.0,889.6500244140625,862.0,865.4000244140625,831.1618041992188,3517313,Lupin,India,LUPIN.NS
2020-07-08 18:30:00,871.4000244140625,882.0,862.5,867.0499877929688,832.7464599609375,2105983,Lupin,India,LUPIN.NS
2020-07-09 18:30:00,870.0,874.9000244140625,858.0,861.0999755859375,827.0318603515625,1826593,Lupin,India,LUPIN.NS
2020-07-12 18:30:00,868.8499755859375,877.0,858.3499755859375,869.7999877929688,835.3876953125,1910103,Lupin,India,LUPIN.NS
2020-07-13 18:30:00,871.0,883.2999877929688,868.5499877929688,873.0,838.4611206054688,2542417,Lupin,India,LUPIN.NS
2020-07-14 18:30:00,875.0999755859375,878.9000244140625,855.0999755859375,857.1500244140625,823.23828125,1623972,Lupin,India,LUPIN.NS
2020-07-15 18:30:00,861.7999877929688,881.0,856.0499877929688,879.5499877929688,844.7520141601562,1862973,Lupin,India,LUPIN.NS
2020-07-16 18:30:00,884.8499755859375,903.75,870.0,897.4000244140625,861.8958129882812,3563919,Lupin,India,LUPIN.NS
2020-07-19 18:30:00,897.4000244140625,900.7000122070312,862.25,864.25,830.0573120117188,2390319,Lupin,India,LUPIN.NS
2020-07-20 18:30:00,872.0,872.4500122070312,846.0,851.7000122070312,818.0038452148438,2209965,Lupin,India,LUPIN.NS
2020-07-21 18:30:00,852.0499877929688,869.7999877929688,846.0,850.75,817.0914306640625,1982870,Lupin,India,LUPIN.NS
2020-07-22 18:30:00,852.1500244140625,864.9000244140625,851.2999877929688,863.0,828.8568115234375,1590020,Lupin,India,LUPIN.NS
2020-07-23 18:30:00,867.0,873.4000244140625,848.2000122070312,853.7999877929688,820.0206909179688,2150236,Lupin,India,LUPIN.NS
2020-07-26 18:30:00,851.0,853.4500122070312,828.4000244140625,845.4000244140625,811.9530639648438,1904586,Lupin,India,LUPIN.NS
2020-07-27 18:30:00,848.0,854.4500122070312,839.0,841.2000122070312,807.9193115234375,1232300,Lupin,India,LUPIN.NS
2020-07-28 18:30:00,845.0,862.75,843.1500244140625,859.2999877929688,825.3031005859375,2037689,Lupin,India,LUPIN.NS
2020-07-29 18:30:00,864.2999877929688,894.4500122070312,863.0499877929688,890.4000244140625,855.1727294921875,4113177,Lupin,India,LUPIN.NS
2020-07-30 18:30:00,894.75,931.0,878.7000122070312,926.5499877929688,889.892578125,5233499,Lupin,India,LUPIN.NS
2020-08-02 18:30:00,915.0,946.5,913.0499877929688,927.6500244140625,896.7560424804688,3944365,Lupin,India,LUPIN.NS
2020-08-03 18:30:00,932.9500122070312,947.5,912.0,940.7999877929688,909.4680786132812,2870818,Lupin,India,LUPIN.NS
2020-08-04 18:30:00,941.0,954.5999755859375,924.0,928.0,897.0943603515625,3672601,Lupin,India,LUPIN.NS
2020-08-05 18:30:00,932.7999877929688,945.7999877929688,925.5,936.25,905.069580078125,3300867,Lupin,India,LUPIN.NS
2020-08-06 18:30:00,906.6500244140625,918.4000244140625,874.0999755859375,879.8499755859375,850.5479125976562,12143243,Lupin,India,LUPIN.NS
2020-08-09 18:30:00,886.9000244140625,999.4000244140625,886.0499877929688,957.9500122070312,926.0469970703125,14698270,Lupin,India,LUPIN.NS
2020-08-10 18:30:00,964.7000122070312,969.5499877929688,945.0,957.5,925.6119384765625,6022988,Lupin,India,LUPIN.NS
2020-08-11 18:30:00,952.9500122070312,952.9500122070312,925.0,940.2000122070312,908.8880615234375,2723715,Lupin,India,LUPIN.NS
2020-08-12 18:30:00,940.2000122070312,946.0,926.9000244140625,930.5,899.5111083984375,2432952,Lupin,India,LUPIN.NS
2020-08-13 18:30:00,932.2000122070312,1023.549987792969,932.2000122070312,1018.200012207031,984.2904663085938,26833773,Lupin,India,LUPIN.NS
2020-08-16 18:30:00,1028.400024414062,1035.0,994.5,1003.650024414062,970.2249755859375,7593651,Lupin,India,LUPIN.NS
2020-08-17 18:30:00,998.0,1022.900024414062,978.2999877929688,981.7000122070312,949.0059204101562,6244582,Lupin,India,LUPIN.NS
2020-08-18 18:30:00,985.0,1008.799987792969,975.2000122070312,980.9500122070312,948.2809448242188,6124085,Lupin,India,LUPIN.NS
2020-08-19 18:30:00,984.0,999.9000244140625,978.2999877929688,982.25,949.5376586914062,4884459,Lupin,India,LUPIN.NS
2020-08-20 18:30:00,998.7000122070312,1004.0,978.0,981.4000244140625,948.7160034179688,4143775,Lupin,India,LUPIN.NS
2020-08-23 18:30:00,987.0,992.5,960.5,970.0999755859375,937.7922973632812,4373228,Lupin,India,LUPIN.NS
2020-08-24 18:30:00,1000.0,1017.150024414062,968.7000122070312,972.1500244140625,939.7740478515625,7286500,Lupin,India,LUPIN.NS
2020-08-25 18:30:00,979.0999755859375,986.2000122070312,964.0,978.75,946.1542358398438,3859285,Lupin,India,LUPIN.NS
2020-08-26 18:30:00,978.75,994.5,975.25,983.2000122070312,950.4560546875,3902056,Lupin,India,LUPIN.NS
2020-08-27 18:30:00,984.5,991.75,972.0,976.0999755859375,943.5924682617188,2531186,Lupin,India,LUPIN.NS
2020-08-30 18:30:00,982.0,990.0,921.7000122070312,927.5499877929688,896.6593017578125,5062616,Lupin,India,LUPIN.NS
2020-08-31 18:30:00,932.2000122070312,954.9000244140625,918.0999755859375,949.9000244140625,918.2650146484375,3982915,Lupin,India,LUPIN.NS
2020-09-01 18:30:00,950.3499755859375,970.0,940.3499755859375,962.0,929.9620971679688,3758078,Lupin,India,LUPIN.NS
2020-09-02 18:30:00,969.8499755859375,972.5,954.0,961.7000122070312,929.6720581054688,2224188,Lupin,India,LUPIN.NS
2020-09-03 18:30:00,957.0,966.5999755859375,935.5499877929688,945.0,913.5281982421875,2972431,Lupin,India,LUPIN.NS
2020-09-06 18:30:00,949.0,953.2999877929688,921.75,925.2999877929688,894.4843139648438,2220516,Lupin,India,LUPIN.NS
2020-09-07 18:30:00,930.2999877929688,937.75,911.7999877929688,919.5499877929688,888.9257202148438,1923221,Lupin,India,LUPIN.NS
2020-09-08 18:30:00,918.9500122070312,947.4000244140625,915.25,941.0999755859375,909.758056640625,3719749,Lupin,India,LUPIN.NS
2020-09-09 18:30:00,942.5,966.0,935.5499877929688,962.5,930.4453125,3696881,Lupin,India,LUPIN.NS
2020-09-10 18:30:00,959.9500122070312,973.0,952.4000244140625,967.6500244140625,935.423828125,2154611,Lupin,India,LUPIN.NS
2020-09-13 18:30:00,972.9500122070312,972.9500122070312,958.0,968.0,935.7622680664062,1836317,Lupin,India,LUPIN.NS
2020-09-14 18:30:00,972.8499755859375,1005.0,967.0,1000.849975585938,967.5182495117188,6025028,Lupin,India,LUPIN.NS
2020-09-15 18:30:00,1005.900024414062,1033.0,995.8499755859375,1028.650024414062,994.3924560546875,5342544,Lupin,India,LUPIN.NS
2020-09-16 18:30:00,1018.849975585938,1045.900024414062,1010.099975585938,1037.099975585938,1002.560852050781,3069437,Lupin,India,LUPIN.NS
2020-09-17 18:30:00,1075.0,1122.300048828125,1070.400024414062,1085.900024414062,1049.73583984375,15274487,Lupin,India,LUPIN.NS
2020-09-20 18:30:00,1085.849975585938,1097.849975585938,1030.300048828125,1040.550048828125,1005.896179199219,4118958,Lupin,India,LUPIN.NS
2020-09-21 18:30:00,1040.550048828125,1053.550048828125,1017.799987792969,1039.75,1005.122741699219,5220254,Lupin,India,LUPIN.NS
2020-09-22 18:30:00,1053.699951171875,1053.699951171875,1002.0,1016.549987792969,982.6953735351562,3211053,Lupin,India,LUPIN.NS
2020-09-23 18:30:00,1009.0,1019.0,971.25,979.5999755859375,946.9759521484375,2899900,Lupin,India,LUPIN.NS
2020-09-24 18:30:00,987.0,1022.849975585938,978.0,998.9000244140625,965.6331787109375,3803230,Lupin,India,LUPIN.NS
2020-09-27 18:30:00,1008.599975585938,1014.900024414062,981.0,1008.950012207031,975.3485107421875,4089142,Lupin,India,LUPIN.NS
2020-09-28 18:30:00,1014.0,1014.0,994.0,998.1500244140625,964.9081420898438,2642123,Lupin,India,LUPIN.NS
2020-09-29 18:30:00,1000.0,1025.0,992.25,1007.400024414062,973.8501586914062,5227238,Lupin,India,LUPIN.NS
2020-09-30 18:30:00,1031.0,1032.0,1007.0,1027.849975585938,993.6190185546875,4893786,Lupin,India,LUPIN.NS
2020-10-04 18:30:00,1028.349975585938,1048.0,1012.650024414062,1038.199951171875,1003.624389648438,2928369,Lupin,India,LUPIN.NS
2020-10-05 18:30:00,1045.599975585938,1053.849975585938,1021.700012207031,1026.349975585938,992.1689453125,2631466,Lupin,India,LUPIN.NS
2020-10-06 18:30:00,1031.599975585938,1038.949951171875,1018.400024414062,1025.900024414062,991.7340698242188,1833860,Lupin,India,LUPIN.NS
2020-10-07 18:30:00,1030.900024414062,1050.0,1013.299987792969,1043.25,1008.506225585938,2859013,Lupin,India,LUPIN.NS
2020-10-08 18:30:00,1048.650024414062,1055.849975585938,1025.0,1029.199951171875,994.924072265625,2443002,Lupin,India,LUPIN.NS
2020-10-11 18:30:00,1030.0,1049.0,1025.0,1046.5,1011.647827148438,2276510,Lupin,India,LUPIN.NS
2020-10-12 18:30:00,1050.0,1087.800048828125,1045.300048828125,1055.199951171875,1020.058166503906,9418725,Lupin,India,LUPIN.NS
2020-10-13 18:30:00,1061.0,1061.449951171875,1022.549987792969,1036.199951171875,1001.69091796875,3491057,Lupin,India,LUPIN.NS
2020-10-14 18:30:00,1036.199951171875,1042.0,996.1500244140625,1003.549987792969,970.1282958984375,2854331,Lupin,India,LUPIN.NS
2020-10-15 18:30:00,1003.549987792969,1045.900024414062,998.0,1040.400024414062,1005.751098632812,4437148,Lupin,India,LUPIN.NS
2020-10-18 18:30:00,1044.900024414062,1046.0,1010.0,1014.200012207031,980.4236450195312,2712791,Lupin,India,LUPIN.NS
2020-10-19 18:30:00,1015.0,1029.75,1003.200012207031,1008.700012207031,975.1068115234375,2666057,Lupin,India,LUPIN.NS
2020-10-20 18:30:00,1012.0,1014.900024414062,988.0,1002.549987792969,969.16162109375,3132940,Lupin,India,LUPIN.NS
2020-10-21 18:30:00,1007.599975585938,1007.599975585938,977.5999755859375,993.3499755859375,960.2680053710938,2891815,Lupin,India,LUPIN.NS
2020-10-22 18:30:00,994.0,1010.0,986.4000244140625,991.4500122070312,958.4313354492188,2799672,Lupin,India,LUPIN.NS
2020-10-25 18:30:00,992.9500122070312,997.6500244140625,957.4500122070312,962.9000244140625,930.8320922851562,2858748,Lupin,India,LUPIN.NS
2020-10-26 18:30:00,964.0,975.9000244140625,950.0499877929688,957.25,925.3703002929688,2668443,Lupin,India,LUPIN.NS
2020-10-27 18:30:00,958.0,972.5999755859375,935.1500244140625,941.8499755859375,910.483154296875,2746403,Lupin,India,LUPIN.NS
2020-10-28 18:30:00,937.5,946.5499877929688,921.0,924.75,893.95263671875,2504089,Lupin,India,LUPIN.NS
2020-10-29 18:30:00,925.0,929.0,905.4000244140625,909.25,878.9688110351562,3532104,Lupin,India,LUPIN.NS
2020-11-01 18:30:00,912.0,917.9000244140625,900.0499877929688,912.5,882.1105346679688,3207153,Lupin,India,LUPIN.NS
2020-11-02 18:30:00,917.0,941.9500122070312,916.0,937.2999877929688,906.084716796875,4071127,Lupin,India,LUPIN.NS
2020-11-03 18:30:00,945.0,962.7000122070312,939.7999877929688,944.6500244140625,913.1898803710938,4826211,Lupin,India,LUPIN.NS
2020-11-04 18:30:00,939.0,953.7999877929688,921.7999877929688,936.0,904.8279418945312,5867246,Lupin,India,LUPIN.NS
2020-11-05 18:30:00,940.0,944.4500122070312,913.1500244140625,916.9000244140625,886.3640747070312,3841154,Lupin,India,LUPIN.NS
2020-11-08 18:30:00,924.7999877929688,926.9500122070312,905.7000122070312,917.9500122070312,887.3790893554688,4269584,Lupin,India,LUPIN.NS
2020-11-09 18:30:00,920.0,920.0,855.3499755859375,858.7000122070312,830.102294921875,7111012,Lupin,India,LUPIN.NS
2020-11-10 18:30:00,870.0,913.4000244140625,865.0,911.0999755859375,880.7572631835938,7548412,Lupin,India,LUPIN.NS
2020-11-11 18:30:00,908.0,937.2000122070312,888.5499877929688,895.5,865.6767578125,7637696,Lupin,India,LUPIN.NS
2020-11-12 18:30:00,900.0,907.1500244140625,890.6500244140625,901.3499755859375,871.3319091796875,3823102,Lupin,India,LUPIN.NS
2020-11-13 18:30:00,905.0,911.4000244140625,902.5499877929688,906.25,876.0687255859375,429333,Lupin,India,LUPIN.NS
2020-11-16 18:30:00,915.25,915.2999877929688,885.5,887.5999755859375,858.0398559570312,2899346,Lupin,India,LUPIN.NS
2020-11-17 18:30:00,885.0,886.5,872.0,884.2999877929688,854.8496704101562,3051034,Lupin,India,LUPIN.NS
2020-11-18 18:30:00,876.0999755859375,891.4500122070312,876.0999755859375,884.4000244140625,854.9464111328125,2173512,Lupin,India,LUPIN.NS
2020-11-19 18:30:00,887.0,891.7999877929688,873.5499877929688,878.7000122070312,849.4362182617188,1879772,Lupin,India,LUPIN.NS
2020-11-22 18:30:00,886.0,900.8499755859375,877.5,884.2999877929688,854.8496704101562,3600764,Lupin,India,LUPIN.NS
2020-11-23 18:30:00,887.75,899.0,879.0,895.3499755859375,865.5316772460938,3064711,Lupin,India,LUPIN.NS
2020-11-24 18:30:00,903.0,907.2999877929688,888.2999877929688,894.5499877929688,864.7584228515625,4855946,Lupin,India,LUPIN.NS
2020-11-25 18:30:00,897.0,906.9500122070312,893.2999877929688,899.5499877929688,869.5918579101562,2330965,Lupin,India,LUPIN.NS
2020-11-26 18:30:00,903.0,914.2999877929688,889.5,891.7999877929688,862.0999755859375,5128752,Lupin,India,LUPIN.NS
2020-11-30 18:30:00,894.0,914.3499755859375,892.1500244140625,909.7999877929688,879.50048828125,2915660,Lupin,India,LUPIN.NS
2020-12-01 18:30:00,912.0,920.9000244140625,902.5999755859375,914.2999877929688,883.8505859375,3054564,Lupin,India,LUPIN.NS
2020-12-02 18:30:00,921.9000244140625,922.2999877929688,910.0,915.4500122070312,884.96240234375,1692094,Lupin,India,LUPIN.NS
2020-12-03 18:30:00,918.0,936.5499877929688,914.0999755859375,933.2999877929688,902.2178955078125,4166124,Lupin,India,LUPIN.NS
2020-12-06 18:30:00,939.0,969.2999877929688,933.0,967.4500122070312,935.2305297851562,5629129,Lupin,India,LUPIN.NS
2020-12-07 18:30:00,971.0,975.4500122070312,940.0,948.25,916.669921875,4416314,Lupin,India,LUPIN.NS
2020-12-08 18:30:00,954.0,960.75,944.0999755859375,950.5999755859375,918.9417114257812,2446522,Lupin,India,LUPIN.NS
2020-12-09 18:30:00,954.0,959.0499877929688,935.5499877929688,943.0999755859375,911.69140625,1931940,Lupin,India,LUPIN.NS
2020-12-10 18:30:00,945.0,950.0,928.5499877929688,939.4000244140625,908.11474609375,1775654,Lupin,India,LUPIN.NS
2020-12-13 18:30:00,945.0,949.7000122070312,937.0999755859375,941.4500122070312,910.0964965820312,1434903,Lupin,India,LUPIN.NS
2020-12-14 18:30:00,949.5,966.0,941.25,944.4000244140625,912.9481811523438,6027383,Lupin,India,LUPIN.NS
2020-12-15 18:30:00,953.25,963.9000244140625,942.2999877929688,960.3499755859375,928.366943359375,3019484,Lupin,India,LUPIN.NS
2020-12-16 18:30:00,966.0,984.5,960.5,970.5,938.178955078125,5264719,Lupin,India,LUPIN.NS
2020-12-17 18:30:00,972.9500122070312,977.0,955.5499877929688,972.0999755859375,939.7257080078125,2190840,Lupin,India,LUPIN.NS
2020-12-20 18:30:00,983.0,991.7999877929688,875.0,931.7000122070312,900.671142578125,7855180,Lupin,India,LUPIN.NS
2020-12-21 18:30:00,945.0,962.0499877929688,913.9000244140625,954.5499877929688,922.7601318359375,4802339,Lupin,India,LUPIN.NS
2020-12-22 18:30:00,957.4000244140625,969.7000122070312,948.0,963.3499755859375,931.26708984375,2054965,Lupin,India,LUPIN.NS
2020-12-23 18:30:00,969.0,981.5,961.8499755859375,976.2000122070312,943.689208984375,2227518,Lupin,India,LUPIN.NS
2020-12-27 18:30:00,990.0,990.0,975.2000122070312,983.75,950.9876708984375,2513101,Lupin,India,LUPIN.NS
2020-12-28 18:30:00,984.0,992.7999877929688,970.5,977.25,944.7041625976562,2122259,Lupin,India,LUPIN.NS
2020-12-29 18:30:00,982.0,982.0,964.5,977.5999755859375,945.04248046875,1911823,Lupin,India,LUPIN.NS
2020-12-30 18:30:00,976.2000122070312,994.7000122070312,973.5,976.8499755859375,944.3175048828125,3463094,Lupin,India,LUPIN.NS
2020-12-31 18:30:00,977.9500122070312,1009.950012207031,975.0999755859375,1000.900024414062,967.5665893554688,4697860,Lupin,India,LUPIN.NS
2021-01-03 18:30:00,1009.799987792969,1030.349975585938,1000.650024414062,1026.949951171875,992.7490234375,3868020,Lupin,India,LUPIN.NS
2021-01-04 18:30:00,1024.949951171875,1047.5,1016.049987792969,1039.949951171875,1005.315979003906,3524333,Lupin,India,LUPIN.NS
2021-01-05 18:30:00,1039.949951171875,1039.949951171875,991.0,1000.599975585938,967.2764892578125,5558602,Lupin,India,LUPIN.NS
2021-01-06 18:30:00,1015.0,1029.699951171875,993.1500244140625,1022.25,988.20556640625,4840991,Lupin,India,LUPIN.NS
2021-01-07 18:30:00,1023.5,1047.349975585938,1022.599975585938,1038.800048828125,1004.204345703125,3927080,Lupin,India,LUPIN.NS
2021-01-10 18:30:00,1040.0,1081.550048828125,1040.0,1075.5,1039.682006835938,4505994,Lupin,India,LUPIN.NS
2021-01-11 18:30:00,1078.900024414062,1084.0,1055.199951171875,1060.300048828125,1024.988403320312,2300671,Lupin,India,LUPIN.NS
2021-01-12 18:30:00,1060.300048828125,1089.0,1046.650024414062,1067.400024414062,1031.851806640625,2804177,Lupin,India,LUPIN.NS
2021-01-13 18:30:00,1069.0,1113.300048828125,1062.650024414062,1105.800048828125,1068.972900390625,4717547,Lupin,India,LUPIN.NS
2021-01-14 18:30:00,1112.849975585938,1112.849975585938,1077.050048828125,1093.150024414062,1056.744384765625,2772449,Lupin,India,LUPIN.NS
2021-01-17 18:30:00,1090.0,1090.0,1030.0,1063.0,1027.598388671875,3370552,Lupin,India,LUPIN.NS
2021-01-18 18:30:00,1070.0,1098.900024414062,1070.0,1089.199951171875,1052.92578125,2381709,Lupin,India,LUPIN.NS
2021-01-19 18:30:00,1093.949951171875,1102.050048828125,1082.849975585938,1088.5,1052.2490234375,2083820,Lupin,India,LUPIN.NS
2021-01-20 18:30:00,1099.400024414062,1099.400024414062,1065.400024414062,1068.199951171875,1032.625,2507526,Lupin,India,LUPIN.NS
2021-01-21 18:30:00,1071.0,1089.0,1056.650024414062,1079.25,1043.307373046875,2540352,Lupin,India,LUPIN.NS
2021-01-24 18:30:00,1092.0,1103.699951171875,1049.25,1081.900024414062,1045.869140625,3538003,Lupin,India,LUPIN.NS
2021-01-26 18:30:00,1089.0,1092.0,1061.300048828125,1072.300048828125,1036.588745117188,2616239,Lupin,India,LUPIN.NS
2021-01-27 18:30:00,1061.949951171875,1077.449951171875,1037.5,1049.349975585938,1014.402954101562,2264954,Lupin,India,LUPIN.NS
2021-01-28 18:30:00,1059.0,1059.0,995.0999755859375,1007.599975585938,974.0433959960938,6117719,Lupin,India,LUPIN.NS
2021-01-31 18:30:00,1008.0,1010.0,978.0,988.4000244140625,955.48291015625,3169169,Lupin,India,LUPIN.NS
2021-02-01 18:30:00,1000.0,1036.449951171875,995.5499877929688,1032.5,998.1141967773438,3466440,Lupin,India,LUPIN.NS
2021-02-02 18:30:00,1037.699951171875,1068.300048828125,1026.599975585938,1038.849975585938,1004.252624511719,3785742,Lupin,India,LUPIN.NS
2021-02-03 18:30:00,1040.5,1061.699951171875,1032.0,1051.300048828125,1016.288024902344,1934623,Lupin,India,LUPIN.NS
2021-02-04 18:30:00,1059.400024414062,1081.900024414062,1042.849975585938,1069.849975585938,1034.220092773438,3230271,Lupin,India,LUPIN.NS
2021-02-07 18:30:00,1079.900024414062,1087.0,1061.5,1072.599975585938,1036.878662109375,2040758,Lupin,India,LUPIN.NS
2021-02-08 18:30:00,1072.599975585938,1080.0,1053.0,1058.300048828125,1023.054870605469,1392375,Lupin,India,LUPIN.NS
2021-02-09 18:30:00,1058.300048828125,1073.699951171875,1048.699951171875,1069.099975585938,1033.495239257812,1281670,Lupin,India,LUPIN.NS
2021-02-10 18:30:00,1063.599975585938,1070.0,1053.0,1060.150024414062,1024.843383789062,1439978,Lupin,India,LUPIN.NS
2021-02-11 18:30:00,1068.0,1068.0,1048.0,1053.0,1017.931335449219,962147,Lupin,India,LUPIN.NS
2021-02-14 18:30:00,1055.0,1073.900024414062,1051.400024414062,1058.550048828125,1023.296813964844,2120192,Lupin,India,LUPIN.NS
2021-02-15 18:30:00,1064.949951171875,1101.449951171875,1050.0,1096.800048828125,1060.272827148438,3822108,Lupin,India,LUPIN.NS
2021-02-16 18:30:00,1100.0,1109.0,1060.0,1063.400024414062,1027.985107421875,3952229,Lupin,India,LUPIN.NS
2021-02-17 18:30:00,1072.0,1072.5,1046.199951171875,1049.199951171875,1014.257995605469,2770894,Lupin,India,LUPIN.NS
2021-02-18 18:30:00,1045.0,1056.150024414062,1016.0,1021.700012207031,987.673828125,2810229,Lupin,India,LUPIN.NS
2021-02-21 18:30:00,1027.0,1029.5,985.0499877929688,995.5,962.3464965820312,3455281,Lupin,India,LUPIN.NS
2021-02-22 18:30:00,997.75,1014.900024414062,985.6500244140625,1010.5,976.8468017578125,2348666,Lupin,India,LUPIN.NS
2021-02-23 18:30:00,1016.0,1019.549987792969,990.0999755859375,1008.299987792969,974.7200927734375,947886,Lupin,India,LUPIN.NS
2021-02-24 18:30:00,1021.950012207031,1040.5,1015.0,1024.599975585938,990.4772338867188,3311836,Lupin,India,LUPIN.NS
2021-02-25 18:30:00,1011.049987792969,1059.949951171875,1003.25,1018.349975585938,984.4353637695312,5624216,Lupin,India,LUPIN.NS
2021-02-28 18:30:00,1023.450012207031,1034.900024414062,1011.0,1023.150024414062,989.0755615234375,1824557,Lupin,India,LUPIN.NS
2021-03-01 18:30:00,1026.800048828125,1057.599975585938,1026.800048828125,1054.599975585938,1019.47802734375,2072406,Lupin,India,LUPIN.NS
2021-03-02 18:30:00,1062.0,1064.699951171875,1046.099975585938,1060.949951171875,1025.616577148438,1746036,Lupin,India,LUPIN.NS
2021-03-03 18:30:00,1051.0,1067.800048828125,1041.099975585938,1048.400024414062,1013.484680175781,1614429,Lupin,India,LUPIN.NS
2021-03-04 18:30:00,1048.0,1053.449951171875,1029.949951171875,1033.25,998.8392333984375,1716704,Lupin,India,LUPIN.NS
2021-03-07 18:30:00,1035.949951171875,1064.25,1032.900024414062,1050.449951171875,1015.466369628906,1409325,Lupin,India,LUPIN.NS
2021-03-08 18:30:00,1054.449951171875,1058.949951171875,1013.5,1031.849975585938,997.4857788085938,1655727,Lupin,India,LUPIN.NS
2021-03-09 18:30:00,1041.0,1061.5,1035.099975585938,1057.75,1022.523193359375,1598764,Lupin,India,LUPIN.NS
2021-03-11 18:30:00,1064.0,1064.0,1042.900024414062,1049.5,1014.547973632812,1759310,Lupin,India,LUPIN.NS
2021-03-14 18:30:00,1043.5,1067.650024414062,1026.0,1062.699951171875,1027.308349609375,1473111,Lupin,India,LUPIN.NS
2021-03-15 18:30:00,1065.050048828125,1066.949951171875,1041.800048828125,1053.650024414062,1018.559875488281,1459172,Lupin,India,LUPIN.NS
2021-03-16 18:30:00,1050.699951171875,1052.949951171875,1015.0,1020.900024414062,986.9005737304688,1559383,Lupin,India,LUPIN.NS
2021-03-17 18:30:00,1026.0,1027.650024414062,988.0,999.8499755859375,966.5514526367188,1717139,Lupin,India,LUPIN.NS
2021-03-18 18:30:00,993.8499755859375,1017.25,978.2999877929688,1005.099975585938,971.6266479492188,1723946,Lupin,India,LUPIN.NS
2021-03-21 18:30:00,1005.099975585938,1019.599975585938,1000.0,1015.700012207031,981.8736572265625,1736883,Lupin,India,LUPIN.NS
2021-03-22 18:30:00,1015.0,1019.049987792969,1002.0,1014.849975585938,981.0518798828125,1438957,Lupin,India,LUPIN.NS
2021-03-23 18:30:00,1008.849975585938,1027.449951171875,1004.75,1012.400024414062,978.6835327148438,1513475,Lupin,India,LUPIN.NS
2021-03-24 18:30:00,1011.400024414062,1020.950012207031,983.6500244140625,992.25,959.2046508789062,1449925,Lupin,India,LUPIN.NS
2021-03-25 18:30:00,1004.0,1004.0,975.0,978.9500122070312,946.3475341796875,4302151,Lupin,India,LUPIN.NS
2021-03-29 18:30:00,989.9000244140625,1009.849975585938,985.0,1005.900024414062,972.4000854492188,1875760,Lupin,India,LUPIN.NS
2021-03-30 18:30:00,1014.900024414062,1024.199951171875,1004.75,1020.450012207031,986.465576171875,1332484,Lupin,India,LUPIN.NS
2021-03-31 18:30:00,1033.0,1034.949951171875,1019.099975585938,1027.0,992.7973022460938,1089119,Lupin,India,LUPIN.NS
2021-04-04 18:30:00,1027.0,1031.400024414062,1007.25,1028.949951171875,994.682373046875,754402,Lupin,India,LUPIN.NS
2021-04-05 18:30:00,1029.25,1047.150024414062,1029.25,1041.900024414062,1007.201171875,1688797,Lupin,India,LUPIN.NS
2021-04-06 18:30:00,1045.0,1051.050048828125,1032.0,1034.199951171875,999.757568359375,1891891,Lupin,India,LUPIN.NS
2021-04-07 18:30:00,1034.199951171875,1056.949951171875,1034.0,1049.300048828125,1014.354736328125,1219057,Lupin,India,LUPIN.NS
2021-04-08 18:30:00,1049.0,1087.0,1045.75,1079.449951171875,1043.500610351562,3350515,Lupin,India,LUPIN.NS
2021-04-11 18:30:00,1078.0,1099.949951171875,1036.0,1045.150024414062,1010.342895507812,3872497,Lupin,India,LUPIN.NS
2021-04-12 18:30:00,1050.0,1058.699951171875,1022.099975585938,1036.0,1001.49755859375,1528367,Lupin,India,LUPIN.NS
2021-04-14 18:30:00,1020.25,1056.75,1020.049987792969,1050.050048828125,1015.079772949219,1780723,Lupin,India,LUPIN.NS
2021-04-15 18:30:00,1054.0,1069.150024414062,1043.5,1055.849975585938,1020.686462402344,1745500,Lupin,India,LUPIN.NS
2021-04-18 18:30:00,1045.0,1072.75,1028.699951171875,1064.650024414062,1029.193603515625,2241444,Lupin,India,LUPIN.NS
2021-04-19 18:30:00,1076.0,1099.0,1063.150024414062,1089.800048828125,1053.505981445312,3814733,Lupin,India,LUPIN.NS
2021-04-21 18:30:00,1100.0,1106.900024414062,1057.0,1060.75,1025.42333984375,5134587,Lupin,India,LUPIN.NS
2021-04-22 18:30:00,1046.0,1083.599975585938,1036.599975585938,1076.25,1040.407348632812,4659292,Lupin,India,LUPIN.NS
2021-04-25 18:30:00,1074.949951171875,1080.900024414062,1056.650024414062,1062.550048828125,1027.163452148438,2024621,Lupin,India,LUPIN.NS
2021-04-26 18:30:00,1068.0,1072.949951171875,1051.099975585938,1066.550048828125,1031.030151367188,1349263,Lupin,India,LUPIN.NS
2021-04-27 18:30:00,1070.0,1074.550048828125,1051.099975585938,1054.75,1019.623352050781,1483859,Lupin,India,LUPIN.NS
2021-04-28 18:30:00,1060.0,1064.900024414062,1049.199951171875,1055.5,1020.348205566406,1468236,Lupin,India,LUPIN.NS
2021-04-29 18:30:00,1045.0,1082.900024414062,1045.0,1069.5,1033.881958007812,1822879,Lupin,India,LUPIN.NS
2021-05-02 18:30:00,1068.0,1082.900024414062,1060.349975585938,1072.849975585938,1037.120361328125,1472210,Lupin,India,LUPIN.NS
2021-05-03 18:30:00,1077.849975585938,1077.849975585938,1049.5,1057.949951171875,1022.716430664062,1639164,Lupin,India,LUPIN.NS
2021-05-04 18:30:00,1078.099975585938,1209.0,1068.949951171875,1200.5,1160.519287109375,26466899,Lupin,India,LUPIN.NS
2021-05-05 18:30:00,1209.900024414062,1219.199951171875,1170.5,1198.300048828125,1158.392456054688,9044946,Lupin,India,LUPIN.NS
2021-05-06 18:30:00,1194.900024414062,1241.0,1190.0,1196.550048828125,1156.700805664062,6631281,Lupin,India,LUPIN.NS
2021-05-09 18:30:00,1229.0,1241.550048828125,1205.5,1222.550048828125,1181.834838867188,4876282,Lupin,India,LUPIN.NS
2021-05-10 18:30:00,1219.900024414062,1246.800048828125,1193.0,1197.349975585938,1157.473999023438,3814186,Lupin,India,LUPIN.NS
2021-05-11 18:30:00,1211.949951171875,1226.599975585938,1193.400024414062,1212.25,1171.8779296875,3613876,Lupin,India,LUPIN.NS
2021-05-13 18:30:00,1210.0,1233.800048828125,1166.0,1178.449951171875,1139.203491210938,5406128,Lupin,India,LUPIN.NS
2021-05-16 18:30:00,1194.0,1194.0,1170.0,1189.150024414062,1149.547241210938,2610218,Lupin,India,LUPIN.NS
2021-05-17 18:30:00,1196.0,1201.0,1182.050048828125,1186.900024414062,1147.372192382812,1888387,Lupin,India,LUPIN.NS
2021-05-18 18:30:00,1189.900024414062,1219.349975585938,1185.5,1206.849975585938,1166.65771484375,2944046,Lupin,India,LUPIN.NS
2021-05-19 18:30:00,1217.699951171875,1220.0,1197.449951171875,1204.300048828125,1164.192749023438,1837382,Lupin,India,LUPIN.NS
2021-05-20 18:30:00,1210.599975585938,1217.900024414062,1205.5,1214.550048828125,1174.101440429688,1248152,Lupin,India,LUPIN.NS
2021-05-23 18:30:00,1214.599975585938,1237.599975585938,1195.599975585938,1198.800048828125,1158.875854492188,3053876,Lupin,India,LUPIN.NS
2021-05-24 18:30:00,1209.699951171875,1217.900024414062,1191.099975585938,1211.050048828125,1170.717895507812,1714228,Lupin,India,LUPIN.NS
2021-05-25 18:30:00,1218.599975585938,1219.349975585938,1193.300048828125,1195.949951171875,1156.120727539062,1187994,Lupin,India,LUPIN.NS
2021-05-26 18:30:00,1203.900024414062,1206.949951171875,1188.0,1203.349975585938,1163.274291992188,2727038,Lupin,India,LUPIN.NS
2021-05-27 18:30:00,1203.349975585938,1211.699951171875,1190.550048828125,1208.900024414062,1168.639526367188,1128334,Lupin,India,LUPIN.NS
2021-05-30 18:30:00,1208.0,1224.900024414062,1194.550048828125,1219.5,1178.886474609375,1983470,Lupin,India,LUPIN.NS
2021-05-31 18:30:00,1221.0,1224.900024414062,1200.0,1209.199951171875,1168.929443359375,1062305,Lupin,India,LUPIN.NS
2021-06-01 18:30:00,1211.800048828125,1267.650024414062,1211.0,1247.25,1205.712280273438,7160455,Lupin,India,LUPIN.NS
2021-06-02 18:30:00,1254.849975585938,1254.849975585938,1226.5,1232.400024414062,1191.35693359375,1723616,Lupin,India,LUPIN.NS
2021-06-03 18:30:00,1243.5,1244.0,1223.0,1231.5,1190.48681640625,1507257,Lupin,India,LUPIN.NS
2021-06-06 18:30:00,1231.949951171875,1237.699951171875,1223.150024414062,1233.550048828125,1192.468627929688,1039414,Lupin,India,LUPIN.NS
2021-06-07 18:30:00,1234.900024414062,1242.699951171875,1218.400024414062,1236.400024414062,1195.223754882812,1034753,Lupin,India,LUPIN.NS
2021-06-08 18:30:00,1237.0,1258.800048828125,1214.300048828125,1219.849975585938,1179.224853515625,2217064,Lupin,India,LUPIN.NS
2021-06-09 18:30:00,1221.0,1243.0,1221.0,1228.800048828125,1187.876831054688,1049039,Lupin,India,LUPIN.NS
2021-06-10 18:30:00,1230.0,1239.900024414062,1225.0,1230.349975585938,1189.375,1161116,Lupin,India,LUPIN.NS
2021-06-13 18:30:00,1190.0,1205.5,1173.099975585938,1192.650024414062,1152.930541992188,2902671,Lupin,India,LUPIN.NS
2021-06-14 18:30:00,1192.650024414062,1199.849975585938,1183.099975585938,1186.449951171875,1146.937133789062,1221666,Lupin,India,LUPIN.NS
2021-06-15 18:30:00,1190.0,1193.199951171875,1173.300048828125,1176.849975585938,1137.65673828125,940258,Lupin,India,LUPIN.NS
2021-06-16 18:30:00,1171.0,1181.550048828125,1153.0,1162.75,1124.0263671875,1287180,Lupin,India,LUPIN.NS
2021-06-17 18:30:00,1165.0,1172.900024414062,1141.099975585938,1155.599975585938,1117.114379882812,1379262,Lupin,India,LUPIN.NS
2021-06-20 18:30:00,1150.0,1163.550048828125,1137.599975585938,1156.550048828125,1118.032836914062,954168,Lupin,India,LUPIN.NS
2021-06-21 18:30:00,1162.099975585938,1165.900024414062,1152.849975585938,1158.949951171875,1120.352783203125,889616,Lupin,India,LUPIN.NS
2021-06-22 18:30:00,1161.0,1173.800048828125,1151.5,1154.449951171875,1116.002685546875,1244350,Lupin,India,LUPIN.NS
2021-06-23 18:30:00,1154.449951171875,1158.599975585938,1131.349975585938,1139.699951171875,1101.744018554688,1157636,Lupin,India,LUPIN.NS
2021-06-24 18:30:00,1148.400024414062,1160.650024414062,1134.0,1152.349975585938,1113.972534179688,855782,Lupin,India,LUPIN.NS
2021-06-27 18:30:00,1158.099975585938,1169.349975585938,1155.150024414062,1164.25,1125.476318359375,1302737,Lupin,India,LUPIN.NS
2021-06-28 18:30:00,1156.050048828125,1174.25,1155.349975585938,1161.199951171875,1122.52783203125,833000,Lupin,India,LUPIN.NS
2021-06-29 18:30:00,1159.900024414062,1165.0,1145.599975585938,1149.099975585938,1110.830932617188,1016310,Lupin,India,LUPIN.NS
2021-06-30 18:30:00,1148.0,1153.949951171875,1139.5,1146.199951171875,1108.027465820312,821431,Lupin,India,LUPIN.NS
2021-07-01 18:30:00,1151.949951171875,1167.0,1149.050048828125,1160.5,1121.851196289062,1226125,Lupin,India,LUPIN.NS
2021-07-04 18:30:00,1163.949951171875,1166.0,1150.0,1157.900024414062,1119.338012695312,744320,Lupin,India,LUPIN.NS
2021-07-05 18:30:00,1155.0,1155.849975585938,1138.0,1140.550048828125,1102.56591796875,826502,Lupin,India,LUPIN.NS
2021-07-06 18:30:00,1139.699951171875,1153.949951171875,1133.0,1148.0,1109.767700195312,1093022,Lupin,India,LUPIN.NS
2021-07-07 18:30:00,1150.0,1157.400024414062,1136.0,1140.099975585938,1102.130859375,772404,Lupin,India,LUPIN.NS
2021-07-08 18:30:00,1140.099975585938,1150.5,1137.800048828125,1147.849975585938,1109.622436523438,619863,Lupin,India,LUPIN.NS
2021-07-11 18:30:00,1148.0,1155.900024414062,1146.0,1150.75,1112.425903320312,461720,Lupin,India,LUPIN.NS
2021-07-12 18:30:00,1156.0,1170.0,1150.900024414062,1165.099975585938,1126.297973632812,1269535,Lupin,India,LUPIN.NS
2021-07-13 18:30:00,1167.5,1174.900024414062,1158.199951171875,1171.800048828125,1132.775024414062,722071,Lupin,India,LUPIN.NS
2021-07-14 18:30:00,1176.0,1177.900024414062,1159.599975585938,1161.800048828125,1123.108032226562,852834,Lupin,India,LUPIN.NS
2021-07-15 18:30:00,1161.800048828125,1181.949951171875,1161.349975585938,1179.75,1140.460205078125,989827,Lupin,India,LUPIN.NS
2021-07-18 18:30:00,1176.900024414062,1191.550048828125,1170.0,1186.650024414062,1147.130493164062,804486,Lupin,India,LUPIN.NS
2021-07-19 18:30:00,1191.0,1191.550048828125,1166.5,1174.0,1134.901733398438,941996,Lupin,India,LUPIN.NS
2021-07-21 18:30:00,1177.0,1184.5,1171.0,1179.449951171875,1140.170288085938,874999,Lupin,India,LUPIN.NS
2021-07-22 18:30:00,1179.449951171875,1186.0,1176.050048828125,1181.199951171875,1141.861938476562,828212,Lupin,India,LUPIN.NS
2021-07-25 18:30:00,1178.0,1191.5,1168.400024414062,1171.75,1132.726684570312,756766,Lupin,India,LUPIN.NS
2021-07-26 18:30:00,1169.5,1172.949951171875,1095.199951171875,1111.599975585938,1080.574096679688,2687649,Lupin,India,LUPIN.NS
2021-07-27 18:30:00,1111.599975585938,1117.949951171875,1088.400024414062,1102.949951171875,1072.165405273438,1356732,Lupin,India,LUPIN.NS
2021-07-28 18:30:00,1103.5,1110.0,1077.550048828125,1085.900024414062,1055.591552734375,1395326,Lupin,India,LUPIN.NS
2021-07-29 18:30:00,1090.0,1127.599975585938,1080.900024414062,1107.400024414062,1076.491333007812,1455348,Lupin,India,LUPIN.NS
2021-08-01 18:30:00,1114.800048828125,1127.0,1111.0,1124.25,1092.870849609375,1133501,Lupin,India,LUPIN.NS
2021-08-02 18:30:00,1132.0,1149.5,1126.150024414062,1144.199951171875,1112.26416015625,1528382,Lupin,India,LUPIN.NS
2021-08-03 18:30:00,1154.949951171875,1158.849975585938,1140.650024414062,1152.199951171875,1120.040893554688,1152007,Lupin,India,LUPIN.NS
2021-08-04 18:30:00,1152.199951171875,1159.300048828125,1137.849975585938,1145.300048828125,1113.333618164062,775351,Lupin,India,LUPIN.NS
2021-08-05 18:30:00,1147.050048828125,1155.599975585938,1142.550048828125,1150.849975585938,1118.728637695312,417014,Lupin,India,LUPIN.NS
2021-08-08 18:30:00,1154.449951171875,1156.400024414062,1118.0,1133.699951171875,1102.05712890625,1073469,Lupin,India,LUPIN.NS
2021-08-09 18:30:00,1138.949951171875,1151.5,1110.050048828125,1119.900024414062,1088.642578125,1482725,Lupin,India,LUPIN.NS
2021-08-10 18:30:00,1079.949951171875,1091.0,1035.400024414062,1050.75,1021.422607421875,6367364,Lupin,India,LUPIN.NS
2021-08-11 18:30:00,1030.0,1033.0,973.0999755859375,975.9500122070312,948.7102661132812,9765212,Lupin,India,LUPIN.NS
2021-08-12 18:30:00,988.0,989.9500122070312,953.7999877929688,976.8499755859375,949.5850830078125,5364503,Lupin,India,LUPIN.NS
2021-08-15 18:30:00,976.8499755859375,984.9000244140625,958.5,967.5999755859375,940.59326171875,2287661,Lupin,India,LUPIN.NS
2021-08-16 18:30:00,975.0,984.2999877929688,969.7000122070312,974.3499755859375,947.1549682617188,3133363,Lupin,India,LUPIN.NS
2021-08-17 18:30:00,979.5499877929688,980.0,965.0,972.7999877929688,945.6481323242188,1850713,Lupin,India,LUPIN.NS
2021-08-19 18:30:00,963.9500122070312,967.75,921.0,926.5999755859375,900.737548828125,3344255,Lupin,India,LUPIN.NS
2021-08-22 18:30:00,936.0,940.5999755859375,914.9500122070312,925.5999755859375,899.7655639648438,2703012,Lupin,India,LUPIN.NS
2021-08-23 18:30:00,932.0,943.2000122070312,915.75,939.7999877929688,913.5692138671875,3109401,Lupin,India,LUPIN.NS
2021-08-24 18:30:00,943.7999877929688,946.0,933.2000122070312,940.7999877929688,914.5413208007812,1502010,Lupin,India,LUPIN.NS
2021-08-25 18:30:00,944.75,944.75,934.0499877929688,937.4500122070312,911.2847900390625,1356807,Lupin,India,LUPIN.NS
2021-08-26 18:30:00,937.4500122070312,947.5,932.5999755859375,940.0999755859375,913.8607788085938,2000385,Lupin,India,LUPIN.NS
2021-08-29 18:30:00,942.0,956.0,942.0,952.5,925.914794921875,885514,Lupin,India,LUPIN.NS
2021-08-30 18:30:00,954.4000244140625,959.9000244140625,947.3499755859375,957.8499755859375,931.1154174804688,1286167,Lupin,India,LUPIN.NS
2021-08-31 18:30:00,961.0,965.4500122070312,950.0,962.25,935.3926391601562,1069926,Lupin,India,LUPIN.NS
2021-09-01 18:30:00,963.9000244140625,973.9000244140625,963.2999877929688,967.7999877929688,940.7876586914062,1376857,Lupin,India,LUPIN.NS
2021-09-02 18:30:00,972.9000244140625,972.9000244140625,964.0,969.4500122070312,942.3916625976562,497046,Lupin,India,LUPIN.NS
2021-09-05 18:30:00,975.0,994.7999877929688,967.8499755859375,981.9500122070312,954.5427856445312,1827279,Lupin,India,LUPIN.NS
2021-09-06 18:30:00,986.0,991.5,978.0999755859375,989.5999755859375,961.9791870117188,679480,Lupin,India,LUPIN.NS
2021-09-07 18:30:00,990.0,990.0499877929688,973.25,982.1500244140625,954.7372436523438,1616070,Lupin,India,LUPIN.NS
2021-09-08 18:30:00,980.0,984.0,974.0999755859375,981.7999877929688,954.3969116210938,1039035,Lupin,India,LUPIN.NS
2021-09-12 18:30:00,981.5,986.9000244140625,976.0499877929688,984.0999755859375,956.6328125,694262,Lupin,India,LUPIN.NS
2021-09-13 18:30:00,984.5,990.0999755859375,979.0499877929688,982.6500244140625,955.2232055664062,660129,Lupin,India,LUPIN.NS
2021-09-14 18:30:00,987.5499877929688,995.0,983.0,989.3499755859375,961.7362670898438,1189843,Lupin,India,LUPIN.NS
2021-09-15 18:30:00,980.0,985.0,957.4500122070312,968.0999755859375,941.079345703125,2960830,Lupin,India,LUPIN.NS
2021-09-16 18:30:00,968.0,968.0,943.8499755859375,950.9500122070312,924.4081420898438,2486651,Lupin,India,LUPIN.NS
2021-09-19 18:30:00,921.0,941.9000244140625,912.0,933.75,907.6880493164062,3490753,Lupin,India,LUPIN.NS
2021-09-20 18:30:00,930.0,936.9500122070312,914.2999877929688,930.0999755859375,904.1400146484375,1707370,Lupin,India,LUPIN.NS
2021-09-21 18:30:00,930.0999755859375,944.0,929.7000122070312,940.0,913.7636108398438,1577549,Lupin,India,LUPIN.NS
2021-09-22 18:30:00,948.0,948.0,930.0,940.3499755859375,914.1038818359375,1054360,Lupin,India,LUPIN.NS
2021-09-23 18:30:00,943.0,947.0,922.7999877929688,926.2000122070312,900.348876953125,1085830,Lupin,India,LUPIN.NS
2021-09-26 18:30:00,927.6500244140625,940.7999877929688,915.0499877929688,936.1500244140625,910.0211181640625,1699656,Lupin,India,LUPIN.NS
2021-09-27 18:30:00,940.0,953.6500244140625,928.0,948.9000244140625,922.415283203125,2237837,Lupin,India,LUPIN.NS
2021-09-28 18:30:00,955.0,964.0499877929688,945.0,947.5499877929688,921.1029663085938,3389317,Lupin,India,LUPIN.NS
2021-09-29 18:30:00,950.9000244140625,960.9000244140625,946.2000122070312,951.5999755859375,925.039794921875,1396059,Lupin,India,LUPIN.NS
2021-09-30 18:30:00,946.0,968.0,943.0,966.4000244140625,939.4267578125,1266634,Lupin,India,LUPIN.NS
2021-10-03 18:30:00,969.9000244140625,978.7999877929688,958.6500244140625,961.3499755859375,934.5177001953125,1600549,Lupin,India,LUPIN.NS
2021-10-04 18:30:00,963.9000244140625,967.0,955.0,963.75,936.8507690429688,723349,Lupin,India,LUPIN.NS
2021-10-05 18:30:00,965.5,967.0499877929688,941.2000122070312,947.1500244140625,920.7141723632812,1112147,Lupin,India,LUPIN.NS
2021-10-06 18:30:00,960.0,961.9500122070312,951.0,956.0499877929688,929.3656005859375,693444,Lupin,India,LUPIN.NS
2021-10-07 18:30:00,960.0,965.75,945.5499877929688,947.2999877929688,920.85986328125,902738,Lupin,India,LUPIN.NS
2021-10-10 18:30:00,952.0,962.0,945.2999877929688,958.5,931.747314453125,625803,Lupin,India,LUPIN.NS
2021-10-11 18:30:00,961.0,976.0,958.2000122070312,966.2999877929688,939.3295288085938,1103519,Lupin,India,LUPIN.NS
2021-10-12 18:30:00,967.0999755859375,979.9000244140625,959.6500244140625,963.2999877929688,936.413330078125,1254976,Lupin,India,LUPIN.NS
2021-10-13 18:30:00,963.2999877929688,968.1500244140625,945.0,946.4500122070312,920.0335693359375,938940,Lupin,India,LUPIN.NS
2021-10-17 18:30:00,939.0,946.4500122070312,928.2999877929688,936.4500122070312,910.312744140625,1494605,Lupin,India,LUPIN.NS
2021-10-18 18:30:00,941.7999877929688,945.5,933.2999877929688,938.4000244140625,912.2083129882812,1702179,Lupin,India,LUPIN.NS
2021-10-19 18:30:00,938.4000244140625,939.2000122070312,918.4000244140625,929.6500244140625,903.7025146484375,1305385,Lupin,India,LUPIN.NS
2021-10-20 18:30:00,937.9000244140625,937.9000244140625,908.0499877929688,924.2999877929688,898.5018310546875,1337084,Lupin,India,LUPIN.NS
2021-10-21 18:30:00,924.2999877929688,939.8499755859375,914.0,919.2999877929688,893.641357421875,1490587,Lupin,India,LUPIN.NS
2021-10-24 18:30:00,920.5499877929688,934.0,900.0499877929688,928.1500244140625,902.2445068359375,1886771,Lupin,India,LUPIN.NS
2021-10-25 18:30:00,930.0999755859375,939.8499755859375,924.0,929.7999877929688,903.848388671875,1053103,Lupin,India,LUPIN.NS
2021-10-26 18:30:00,934.7000122070312,945.3499755859375,930.5999755859375,936.8499755859375,910.7015380859375,833917,Lupin,India,LUPIN.NS
2021-10-27 18:30:00,902.5499877929688,929.9500122070312,878.0,881.75,857.1394653320312,3498287,Lupin,India,LUPIN.NS
2021-10-28 18:30:00,896.0,955.0,881.25,922.9000244140625,897.1409301757812,7118661,Lupin,India,LUPIN.NS
2021-10-31 18:30:00,926.0,947.8499755859375,920.5999755859375,944.3499755859375,917.9921264648438,1016327,Lupin,India,LUPIN.NS
2021-11-01 18:30:00,947.6500244140625,949.0,928.7000122070312,930.75,904.7718505859375,675353,Lupin,India,LUPIN.NS
2021-11-02 18:30:00,935.7999877929688,939.5999755859375,922.5999755859375,935.9000244140625,909.778076171875,881906,Lupin,India,LUPIN.NS
2021-11-03 18:30:00,940.0,941.0,932.0,934.25,908.1741333007812,63428,Lupin,India,LUPIN.NS
2021-11-07 18:30:00,935.0,935.9500122070312,912.0,929.2999877929688,903.3623046875,602828,Lupin,India,LUPIN.NS
2021-11-08 18:30:00,932.7000122070312,942.5499877929688,926.5,937.3499755859375,911.1875610351562,673669,Lupin,India,LUPIN.NS
2021-11-09 18:30:00,937.9000244140625,949.5999755859375,934.9500122070312,942.0499877929688,915.7564086914062,864332,Lupin,India,LUPIN.NS
2021-11-10 18:30:00,942.0499877929688,943.9000244140625,927.0,935.6500244140625,909.5350952148438,436182,Lupin,India,LUPIN.NS
2021-11-11 18:30:00,941.0,950.0,929.8499755859375,948.25,921.7833251953125,731054,Lupin,India,LUPIN.NS
2021-11-14 18:30:00,943.1500244140625,959.9000244140625,943.0,944.75,918.3810424804688,1010685,Lupin,India,LUPIN.NS
2021-11-15 18:30:00,950.7000122070312,950.7000122070312,928.7999877929688,931.5,905.5009155273438,787318,Lupin,India,LUPIN.NS
2021-11-16 18:30:00,931.5,931.5,908.25,910.1500244140625,884.746826171875,910638,Lupin,India,LUPIN.NS
2021-11-17 18:30:00,907.0,907.0,891.0,898.7000122070312,873.6163940429688,1054094,Lupin,India,LUPIN.NS
2021-11-21 18:30:00,902.4500122070312,902.4500122070312,868.4500122070312,871.2999877929688,846.9811401367188,1154119,Lupin,India,LUPIN.NS
2021-11-22 18:30:00,869.0,888.5999755859375,863.1500244140625,883.0,858.3546142578125,805986,Lupin,India,LUPIN.NS
2021-11-23 18:30:00,889.7999877929688,901.0,885.25,894.7000122070312,869.72802734375,841679,Lupin,India,LUPIN.NS
2021-11-24 18:30:00,896.7999877929688,902.0,887.2000122070312,899.25,874.1510009765625,697779,Lupin,India,LUPIN.NS
2021-11-25 18:30:00,894.0,931.0,891.6500244140625,915.3499755859375,889.8016357421875,2236599,Lupin,India,LUPIN.NS
2021-11-28 18:30:00,930.0999755859375,930.5499877929688,886.0,893.0,868.075439453125,1471865,Lupin,India,LUPIN.NS
2021-11-29 18:30:00,893.9000244140625,898.75,877.1500244140625,884.4000244140625,859.7155151367188,1886499,Lupin,India,LUPIN.NS
2021-11-30 18:30:00,889.9000244140625,895.0,864.0499877929688,871.4000244140625,847.0784301757812,1072115,Lupin,India,LUPIN.NS
2021-12-01 18:30:00,878.0,883.5999755859375,867.7000122070312,875.5999755859375,851.1611328125,1015336,Lupin,India,LUPIN.NS
2021-12-02 18:30:00,877.7999877929688,884.0,871.0499877929688,873.0,848.6336669921875,836962,Lupin,India,LUPIN.NS
2021-12-05 18:30:00,879.9500122070312,882.8499755859375,856.0499877929688,858.25,834.29541015625,789195,Lupin,India,LUPIN.NS
2021-12-06 18:30:00,863.7999877929688,875.9000244140625,853.5,866.1500244140625,841.9749145507812,817829,Lupin,India,LUPIN.NS
2021-12-07 18:30:00,871.7999877929688,891.8499755859375,869.4500122070312,889.25,864.4301147460938,1787822,Lupin,India,LUPIN.NS
2021-12-08 18:30:00,897.4500122070312,897.4500122070312,882.9500122070312,887.5499877929688,862.7775268554688,897841,Lupin,India,LUPIN.NS
2021-12-09 18:30:00,885.0,894.4500122070312,880.5999755859375,883.9000244140625,859.2295532226562,656745,Lupin,India,LUPIN.NS
2021-12-12 18:30:00,895.5,896.3499755859375,877.7000122070312,884.0,859.32666015625,1374176,Lupin,India,LUPIN.NS
2021-12-13 18:30:00,885.75,972.4000244140625,882.5999755859375,943.0499877929688,916.7284545898438,10436546,Lupin,India,LUPIN.NS
2021-12-14 18:30:00,944.7999877929688,944.7999877929688,915.5499877929688,918.8499755859375,893.2039794921875,1634938,Lupin,India,LUPIN.NS
2021-12-15 18:30:00,924.0,924.9000244140625,897.5,903.4000244140625,878.1852416992188,804247,Lupin,India,LUPIN.NS
2021-12-16 18:30:00,904.5,907.2000122070312,870.25,874.8499755859375,850.4320068359375,1280895,Lupin,India,LUPIN.NS
2021-12-19 18:30:00,872.0,878.4000244140625,853.5499877929688,875.1500244140625,850.7236938476562,1025474,Lupin,India,LUPIN.NS
2021-12-20 18:30:00,880.0,885.5,873.0499877929688,875.75,851.3069458007812,691188,Lupin,India,LUPIN.NS
2021-12-21 18:30:00,877.0,908.2000122070312,875.5499877929688,902.3499755859375,877.1644897460938,1276547,Lupin,India,LUPIN.NS
2021-12-22 18:30:00,908.0,914.0999755859375,898.75,912.4500122070312,886.9825439453125,1038358,Lupin,India,LUPIN.NS
2021-12-23 18:30:00,913.9500122070312,925.7000122070312,895.5999755859375,897.75,872.69287109375,1353165,Lupin,India,LUPIN.NS
2021-12-26 18:30:00,903.7999877929688,918.0,900.0,916.4500122070312,890.8709716796875,1580113,Lupin,India,LUPIN.NS
2021-12-27 18:30:00,918.0,924.0,913.75,916.5999755859375,891.0167236328125,595298,Lupin,India,LUPIN.NS
2021-12-28 18:30:00,918.0,934.9000244140625,918.0,929.5999755859375,903.6539306640625,1206098,Lupin,India,LUPIN.NS
2021-12-29 18:30:00,925.0,941.25,925.0,937.8499755859375,911.6736450195312,1055476,Lupin,India,LUPIN.NS
2021-12-30 18:30:00,941.0,956.7999877929688,936.0999755859375,950.75,924.2135620117188,1433403,Lupin,India,LUPIN.NS
2022-01-02 18:30:00,951.0,957.0,942.0999755859375,945.25,918.8671264648438,773806,Lupin,India,LUPIN.NS
2022-01-03 18:30:00,945.2999877929688,951.1500244140625,930.0,932.3499755859375,906.3270874023438,382536,Lupin,India,LUPIN.NS
2022-01-04 18:30:00,934.0,939.5999755859375,924.0,932.0499877929688,906.0355834960938,453467,Lupin,India,LUPIN.NS
2022-01-05 18:30:00,932.0,941.0499877929688,921.25,923.1500244140625,897.3839111328125,637963,Lupin,India,LUPIN.NS
2022-01-06 18:30:00,930.0,931.1500244140625,914.0,916.0499877929688,890.4821166992188,666082,Lupin,India,LUPIN.NS
2022-01-09 18:30:00,917.0,941.75,916.0499877929688,938.2999877929688,912.111083984375,982302,Lupin,India,LUPIN.NS
2022-01-10 18:30:00,941.9000244140625,952.0,934.5499877929688,946.0499877929688,919.6448364257812,1160947,Lupin,India,LUPIN.NS
2022-01-11 18:30:00,948.3499755859375,954.4500122070312,937.0999755859375,952.8499755859375,926.2550048828125,902540,Lupin,India,LUPIN.NS
2022-01-12 18:30:00,954.0,971.4500122070312,952.5999755859375,958.9500122070312,932.1847534179688,1769485,Lupin,India,LUPIN.NS
2022-01-13 18:30:00,958.9500122070312,962.8499755859375,948.5499877929688,951.7999877929688,925.2342529296875,534975,Lupin,India,LUPIN.NS
2022-01-16 18:30:00,951.7999877929688,953.7000122070312,935.25,942.5499877929688,916.2424926757812,710204,Lupin,India,LUPIN.NS
2022-01-17 18:30:00,942.0,962.0,937.0,943.7000122070312,917.3604125976562,1620486,Lupin,India,LUPIN.NS
2022-01-18 18:30:00,945.0,969.3499755859375,933.0999755859375,959.4500122070312,932.6707763671875,1270932,Lupin,India,LUPIN.NS
2022-01-19 18:30:00,958.7999877929688,959.7999877929688,934.0499877929688,939.5,913.277587890625,965567,Lupin,India,LUPIN.NS
2022-01-20 18:30:00,937.4500122070312,937.9500122070312,897.5999755859375,903.4000244140625,878.1852416992188,1198180,Lupin,India,LUPIN.NS
2022-01-23 18:30:00,898.5,933.5,898.5,922.0,896.2660522460938,2304612,Lupin,India,LUPIN.NS
2022-01-24 18:30:00,911.5499877929688,930.5999755859375,908.0,915.9500122070312,890.3849487304688,1482316,Lupin,India,LUPIN.NS
2022-01-26 18:30:00,913.5499877929688,913.5499877929688,881.9500122070312,888.0999755859375,863.3121337890625,1677902,Lupin,India,LUPIN.NS
2022-01-27 18:30:00,893.4000244140625,922.0,889.2000122070312,899.75,874.6370849609375,1123033,Lupin,India,LUPIN.NS
2022-01-30 18:30:00,900.25,914.8499755859375,890.0,908.0999755859375,882.7539672851562,1179252,Lupin,India,LUPIN.NS
2022-01-31 18:30:00,922.0,923.2999877929688,900.5499877929688,904.0499877929688,878.8170166015625,1225551,Lupin,India,LUPIN.NS
2022-02-01 18:30:00,913.7000122070312,918.75,904.5,913.5499877929688,888.0518798828125,1014602,Lupin,India,LUPIN.NS
2022-02-02 18:30:00,906.0,913.1500244140625,896.0,900.0,874.8800659179688,1420412,Lupin,India,LUPIN.NS
2022-02-03 18:30:00,887.0,899.9500122070312,859.4000244140625,872.2000122070312,847.8560791015625,7628986,Lupin,India,LUPIN.NS
2022-02-06 18:30:00,859.0,862.9000244140625,801.5499877929688,804.7000122070312,782.2400512695312,5308221,Lupin,India,LUPIN.NS
2022-02-07 18:30:00,804.75,810.8499755859375,784.4500122070312,787.5999755859375,765.6173095703125,3627659,Lupin,India,LUPIN.NS
2022-02-08 18:30:00,796.0,804.9000244140625,786.1500244140625,800.9500122070312,778.5947265625,2378442,Lupin,India,LUPIN.NS
2022-02-09 18:30:00,808.4500122070312,812.0,800.0,806.3499755859375,783.8438720703125,1583276,Lupin,India,LUPIN.NS
2022-02-10 18:30:00,805.4500122070312,805.4500122070312,791.5,798.0999755859375,775.82421875,1279333,Lupin,India,LUPIN.NS
2022-02-13 18:30:00,790.0,791.7000122070312,758.0,761.3499755859375,740.0999145507812,2849642,Lupin,India,LUPIN.NS
2022-02-14 18:30:00,765.4500122070312,767.7999877929688,748.0,764.2000122070312,742.8704223632812,2476433,Lupin,India,LUPIN.NS
2022-02-15 18:30:00,775.4500122070312,782.2000122070312,766.5999755859375,777.4000244140625,755.7019653320312,1201353,Lupin,India,LUPIN.NS
2022-02-16 18:30:00,785.2999877929688,785.2999877929688,767.0499877929688,772.2999877929688,750.7443237304688,1532083,Lupin,India,LUPIN.NS
2022-02-17 18:30:00,773.8499755859375,778.7999877929688,764.7999877929688,767.75,746.3212890625,1434385,Lupin,India,LUPIN.NS
2022-02-20 18:30:00,761.7999877929688,766.4000244140625,752.8499755859375,760.75,739.5166625976562,1027437,Lupin,India,LUPIN.NS
2022-02-21 18:30:00,750.0,754.8499755859375,736.2999877929688,752.2000122070312,731.205322265625,1144344,Lupin,India,LUPIN.NS
2022-02-22 18:30:00,754.7000122070312,763.0,753.3499755859375,756.0,734.8992309570312,995845,Lupin,India,LUPIN.NS
2022-02-23 18:30:00,740.0,742.0,711.0,713.2000122070312,693.2938842773438,1977871,Lupin,India,LUPIN.NS
2022-02-24 18:30:00,713.75,744.0,713.75,741.9500122070312,721.2413940429688,1326234,Lupin,India,LUPIN.NS
2022-02-27 18:30:00,737.0,748.6500244140625,728.9000244140625,745.8499755859375,725.0325317382812,1245957,Lupin,India,LUPIN.NS
2022-03-01 18:30:00,741.0,749.3499755859375,723.0,728.1500244140625,707.8265991210938,1187558,Lupin,India,LUPIN.NS
2022-03-02 18:30:00,739.1500244140625,739.1500244140625,717.0499877929688,719.5,699.41796875,866031,Lupin,India,LUPIN.NS
2022-03-03 18:30:00,715.0,719.0,702.7999877929688,704.3499755859375,684.69091796875,1472959,Lupin,India,LUPIN.NS
2022-03-06 18:30:00,697.0,703.5499877929688,678.7999877929688,700.7999877929688,681.239990234375,1348569,Lupin,India,LUPIN.NS
2022-03-07 18:30:00,700.7999877929688,711.5,692.5,708.4000244140625,688.6278076171875,1448596,Lupin,India,LUPIN.NS
2022-03-08 18:30:00,718.9000244140625,741.2000122070312,712.7999877929688,739.4000244140625,718.7626342773438,1971153,Lupin,India,LUPIN.NS
2022-03-09 18:30:00,744.0,752.5999755859375,737.0,739.5499877929688,718.9083862304688,926663,Lupin,India,LUPIN.NS
2022-03-10 18:30:00,738.0,754.5,737.5499877929688,747.9000244140625,727.025390625,1375395,Lupin,India,LUPIN.NS
2022-03-13 18:30:00,755.0,761.9000244140625,737.0,745.2000122070312,724.4008178710938,1311545,Lupin,India,LUPIN.NS
2022-03-14 18:30:00,747.0499877929688,757.9000244140625,733.2000122070312,737.9500122070312,717.3530883789062,1167960,Lupin,India,LUPIN.NS
2022-03-15 18:30:00,743.5,751.0,740.0,749.5999755859375,728.6778564453125,931860,Lupin,India,LUPIN.NS
2022-03-16 18:30:00,751.0,771.0999755859375,751.0,765.3499755859375,743.9883422851562,1488416,Lupin,India,LUPIN.NS
2022-03-20 18:30:00,766.8499755859375,776.9500122070312,752.7000122070312,755.1500244140625,734.072998046875,1072681,Lupin,India,LUPIN.NS
2022-03-21 18:30:00,758.1500244140625,765.5999755859375,750.6500244140625,757.25,736.1144409179688,1261865,Lupin,India,LUPIN.NS
2022-03-22 18:30:00,760.4000244140625,770.0,743.5499877929688,746.2999877929688,725.469970703125,1304255,Lupin,India,LUPIN.NS
2022-03-23 18:30:00,745.0,777.75,742.2000122070312,774.5999755859375,752.9801025390625,2161602,Lupin,India,LUPIN.NS
2022-03-24 18:30:00,778.7000122070312,779.0499877929688,748.6500244140625,756.3499755859375,735.2394409179688,1026805,Lupin,India,LUPIN.NS
2022-03-27 18:30:00,754.0,766.0,747.5,752.4000244140625,731.3997802734375,856392,Lupin,India,LUPIN.NS
2022-03-28 18:30:00,754.0,767.0,751.6500244140625,761.5,740.2457275390625,2037295,Lupin,India,LUPIN.NS
2022-03-29 18:30:00,763.6500244140625,767.0,745.4000244140625,749.0999755859375,728.1918334960938,2245552,Lupin,India,LUPIN.NS
2022-03-30 18:30:00,753.0999755859375,753.1500244140625,738.8499755859375,747.0499877929688,726.1990966796875,1413277,Lupin,India,LUPIN.NS
2022-03-31 18:30:00,744.9500122070312,766.9000244140625,735.7999877929688,765.5,744.1340942382812,1096987,Lupin,India,LUPIN.NS
2022-04-03 18:30:00,769.0,792.1500244140625,762.25,790.5499877929688,768.48486328125,3218546,Lupin,India,LUPIN.NS
2022-04-04 18:30:00,794.5,795.5,770.5999755859375,776.2000122070312,754.5355224609375,1219898,Lupin,India,LUPIN.NS
2022-04-05 18:30:00,774.4500122070312,786.0,771.0,772.7999877929688,751.2303466796875,919222,Lupin,India,LUPIN.NS
2022-04-06 18:30:00,775.0,787.0,768.0,784.5999755859375,762.700927734375,1301142,Lupin,India,LUPIN.NS
2022-04-07 18:30:00,791.7999877929688,791.7999877929688,778.25,782.0499877929688,760.22216796875,790354,Lupin,India,LUPIN.NS
2022-04-10 18:30:00,784.0,790.2000122070312,780.0,785.5,763.575927734375,526049,Lupin,India,LUPIN.NS
2022-04-11 18:30:00,785.5,789.4000244140625,765.5999755859375,773.5999755859375,752.008056640625,701114,Lupin,India,LUPIN.NS
2022-04-12 18:30:00,777.0,779.6500244140625,766.0,773.0,751.4247436523438,970871,Lupin,India,LUPIN.NS
2022-04-17 18:30:00,774.9500122070312,780.75,764.5999755859375,770.1500244140625,748.6543579101562,675700,Lupin,India,LUPIN.NS
2022-04-18 18:30:00,775.0,783.2999877929688,761.0,769.5,748.0224609375,1627429,Lupin,India,LUPIN.NS
2022-04-19 18:30:00,770.0,797.5,770.0,777.2000122070312,755.5076293945312,1613702,Lupin,India,LUPIN.NS
2022-04-20 18:30:00,786.0,786.0,769.0,782.4500122070312,760.611083984375,936009,Lupin,India,LUPIN.NS
2022-04-21 18:30:00,776.0,783.9500122070312,748.6500244140625,754.2000122070312,733.1495361328125,1161567,Lupin,India,LUPIN.NS
2022-04-24 18:30:00,748.0,752.4500122070312,723.0,725.4000244140625,705.1533813476562,950013,Lupin,India,LUPIN.NS
2022-04-25 18:30:00,734.0,760.5,733.0,758.5999755859375,737.4266967773438,1380761,Lupin,India,LUPIN.NS
2022-04-26 18:30:00,755.9000244140625,756.5,740.5,742.5999755859375,721.8732299804688,559308,Lupin,India,LUPIN.NS
2022-04-27 18:30:00,748.5999755859375,754.5,739.0499877929688,748.6500244140625,727.7544555664062,756967,Lupin,India,LUPIN.NS
2022-04-28 18:30:00,750.0,767.8499755859375,742.4500122070312,744.6500244140625,723.8660888671875,919619,Lupin,India,LUPIN.NS
2022-05-01 18:30:00,740.0,760.0,733.7000122070312,741.8499755859375,721.1441040039062,474601,Lupin,India,LUPIN.NS
2022-05-03 18:30:00,743.3499755859375,752.4500122070312,722.0999755859375,726.75,706.4656372070312,715797,Lupin,India,LUPIN.NS
2022-05-04 18:30:00,731.5,744.4000244140625,723.5,726.3499755859375,706.0767822265625,529753,Lupin,India,LUPIN.NS
2022-05-05 18:30:00,720.5,729.0,712.0999755859375,723.8499755859375,703.6466064453125,699658,Lupin,India,LUPIN.NS
2022-05-08 18:30:00,723.8499755859375,738.2000122070312,714.0999755859375,733.0499877929688,712.5897827148438,703947,Lupin,India,LUPIN.NS
2022-05-09 18:30:00,732.8499755859375,743.4500122070312,711.7999877929688,714.4500122070312,694.509033203125,759189,Lupin,India,LUPIN.NS
2022-05-10 18:30:00,719.0,724.6500244140625,701.0499877929688,716.7999877929688,696.79345703125,1815949,Lupin,India,LUPIN.NS
2022-05-11 18:30:00,714.0,714.9000244140625,682.5499877929688,694.1500244140625,674.7755126953125,1338840,Lupin,India,LUPIN.NS
2022-05-12 18:30:00,700.0,708.2000122070312,691.0,696.3499755859375,676.9141845703125,894546,Lupin,India,LUPIN.NS
2022-05-15 18:30:00,698.0,700.3499755859375,672.5,685.0499877929688,665.9295043945312,1174257,Lupin,India,LUPIN.NS
2022-05-16 18:30:00,690.0,693.0,675.0499877929688,690.9000244140625,671.6162719726562,1027474,Lupin,India,LUPIN.NS
2022-05-17 18:30:00,691.0,702.6500244140625,680.7000122070312,683.2999877929688,664.2283935546875,1432014,Lupin,India,LUPIN.NS
2022-05-18 18:30:00,635.25,654.75,620.0,634.8499755859375,617.1307373046875,7828844,Lupin,India,LUPIN.NS
2022-05-19 18:30:00,636.0,646.0,626.0,638.4000244140625,620.5816040039062,2631657,Lupin,India,LUPIN.NS
2022-05-22 18:30:00,641.7999877929688,650.4500122070312,616.2000122070312,618.5,601.2369995117188,1858512,Lupin,India,LUPIN.NS
2022-05-23 18:30:00,618.2000122070312,626.0499877929688,596.5499877929688,600.8499755859375,584.0796508789062,2265789,Lupin,India,LUPIN.NS
2022-05-24 18:30:00,602.5,609.2000122070312,583.0,590.25,573.7755126953125,1315217,Lupin,India,LUPIN.NS
2022-05-25 18:30:00,591.2000122070312,604.0,584.25,600.5,583.7393798828125,982546,Lupin,India,LUPIN.NS
2022-05-26 18:30:00,605.0,608.0,596.0499877929688,605.75,588.8428955078125,920769,Lupin,India,LUPIN.NS
2022-05-29 18:30:00,610.3499755859375,617.0999755859375,609.0499877929688,612.9000244140625,595.7933959960938,964272,Lupin,India,LUPIN.NS
2022-05-30 18:30:00,610.0,625.0,603.75,618.5999755859375,601.3341674804688,3069486,Lupin,India,LUPIN.NS
2022-05-31 18:30:00,621.5499877929688,624.0499877929688,604.25,607.9500122070312,590.9815673828125,1686662,Lupin,India,LUPIN.NS
2022-06-01 18:30:00,606.0499877929688,614.5,602.0,612.7000122070312,595.5989379882812,894347,Lupin,India,LUPIN.NS
2022-06-02 18:30:00,612.6500244140625,621.9000244140625,606.2000122070312,611.1500244140625,594.0922241210938,1497965,Lupin,India,LUPIN.NS
2022-06-05 18:30:00,611.1500244140625,613.4000244140625,599.0,605.4500122070312,588.55126953125,1548501,Lupin,India,LUPIN.NS
2022-06-06 18:30:00,604.7999877929688,611.0,598.0499877929688,609.6500244140625,592.6340942382812,864321,Lupin,India,LUPIN.NS
2022-06-07 18:30:00,606.1500244140625,614.9000244140625,603.0,613.2000122070312,596.0849609375,908704,Lupin,India,LUPIN.NS
2022-06-08 18:30:00,612.7000122070312,627.9500122070312,609.0,618.4000244140625,601.1398315429688,955120,Lupin,India,LUPIN.NS
2022-06-09 18:30:00,613.7000122070312,623.4000244140625,612.0,618.6500244140625,601.3828735351562,489515,Lupin,India,LUPIN.NS
2022-06-12 18:30:00,612.0,617.4500122070312,604.0,612.25,595.1614379882812,795186,Lupin,India,LUPIN.NS
2022-06-13 18:30:00,607.5,620.0,606.5,609.3499755859375,592.3424072265625,801599,Lupin,India,LUPIN.NS
2022-06-14 18:30:00,614.3499755859375,616.5,608.0,613.7000122070312,596.571044921875,524096,Lupin,India,LUPIN.NS
2022-06-15 18:30:00,615.5,618.2999877929688,600.25,603.0,586.169677734375,1304335,Lupin,India,LUPIN.NS
2022-06-16 18:30:00,600.0,605.5499877929688,592.9000244140625,597.5999755859375,580.9203491210938,908185,Lupin,India,LUPIN.NS
2022-06-19 18:30:00,598.0499877929688,609.9500122070312,595.0,606.7999877929688,589.863525390625,621098,Lupin,India,LUPIN.NS
2022-06-20 18:30:00,610.0,634.9000244140625,608.9500122070312,629.8499755859375,612.2702026367188,1735545,Lupin,India,LUPIN.NS
2022-06-21 18:30:00,629.8499755859375,636.0,609.25,613.1500244140625,596.036376953125,1283868,Lupin,India,LUPIN.NS
2022-06-22 18:30:00,615.4500122070312,631.7999877929688,613.7000122070312,628.7999877929688,611.24951171875,556155,Lupin,India,LUPIN.NS
2022-06-23 18:30:00,633.7999877929688,637.1500244140625,621.25,629.4000244140625,611.8328857421875,1133553,Lupin,India,LUPIN.NS
2022-06-26 18:30:00,630.3499755859375,640.9000244140625,628.5,630.0,612.416015625,819634,Lupin,India,LUPIN.NS
2022-06-27 18:30:00,625.0,635.3499755859375,621.5,633.4500122070312,615.7697143554688,503079,Lupin,India,LUPIN.NS
2022-06-28 18:30:00,628.9500122070312,632.5999755859375,618.0,620.6500244140625,603.3270874023438,585868,Lupin,India,LUPIN.NS
2022-06-29 18:30:00,615.0,619.7000122070312,607.5,610.9500122070312,593.8977661132812,1191662,Lupin,India,LUPIN.NS
2022-06-30 18:30:00,613.0999755859375,630.5499877929688,608.7000122070312,628.2999877929688,610.763427734375,908035,Lupin,India,LUPIN.NS
2022-07-03 18:30:00,626.9000244140625,634.1500244140625,621.2000122070312,628.2999877929688,610.763427734375,386921,Lupin,India,LUPIN.NS
2022-07-04 18:30:00,633.0,637.2000122070312,625.5999755859375,628.0,610.471923828125,707377,Lupin,India,LUPIN.NS
2022-07-05 18:30:00,626.0,634.0,621.0999755859375,629.9500122070312,612.367431640625,528205,Lupin,India,LUPIN.NS
2022-07-06 18:30:00,645.0,651.0,622.3499755859375,633.0,615.3323974609375,1702861,Lupin,India,LUPIN.NS
2022-07-07 18:30:00,640.0,641.25,630.0499877929688,635.0,617.2765502929688,679920,Lupin,India,LUPIN.NS
2022-07-10 18:30:00,631.5999755859375,644.5999755859375,631.5999755859375,642.5499877929688,624.6157836914062,551206,Lupin,India,LUPIN.NS
2022-07-11 18:30:00,643.2999877929688,644.0,631.0,633.2999877929688,615.6240234375,440534,Lupin,India,LUPIN.NS
2022-07-12 18:30:00,639.4500122070312,651.0,632.8499755859375,647.0,628.9415893554688,908379,Lupin,India,LUPIN.NS
2022-07-13 18:30:00,649.8499755859375,653.8499755859375,637.0499877929688,643.25,629.18603515625,1202079,Lupin,India,LUPIN.NS
2022-07-14 18:30:00,643.25,646.2000122070312,636.0999755859375,640.8499755859375,626.8385009765625,566608,Lupin,India,LUPIN.NS
2022-07-17 18:30:00,642.0999755859375,648.75,638.5,645.4000244140625,631.2891235351562,708007,Lupin,India,LUPIN.NS
2022-07-18 18:30:00,645.0,650.0,640.5499877929688,643.7999877929688,629.7240600585938,786644,Lupin,India,LUPIN.NS
2022-07-19 18:30:00,647.0,661.8499755859375,643.7000122070312,657.5,643.1245727539062,661743,Lupin,India,LUPIN.NS
2022-07-20 18:30:00,660.0,665.2999877929688,647.0499877929688,650.0,635.7885131835938,1012272,Lupin,India,LUPIN.NS
2022-07-21 18:30:00,653.0,654.0,636.0,639.4500122070312,625.4691772460938,868452,Lupin,India,LUPIN.NS
2022-07-24 18:30:00,643.3499755859375,643.3499755859375,626.0,632.4500122070312,618.6222534179688,820286,Lupin,India,LUPIN.NS
2022-07-25 18:30:00,635.7000122070312,636.0,625.0,627.75,614.0249633789062,695563,Lupin,India,LUPIN.NS
2022-07-26 18:30:00,625.0,641.75,623.0999755859375,640.5499877929688,626.5451049804688,584598,Lupin,India,LUPIN.NS
2022-07-27 18:30:00,645.0,645.0,637.25,641.5999755859375,627.5722045898438,485945,Lupin,India,LUPIN.NS
2022-07-28 18:30:00,642.0999755859375,648.6500244140625,631.0,644.0999755859375,630.0174560546875,1231092,Lupin,India,LUPIN.NS
2022-07-31 18:30:00,649.0999755859375,652.4500122070312,635.0499877929688,641.1500244140625,627.1320190429688,1124106,Lupin,India,LUPIN.NS
2022-08-01 18:30:00,639.5999755859375,640.9500122070312,629.2999877929688,638.6500244140625,624.686767578125,1140729,Lupin,India,LUPIN.NS
2022-08-02 18:30:00,639.0,644.0,624.6500244140625,627.5999755859375,613.8782348632812,1186040,Lupin,India,LUPIN.NS
2022-08-03 18:30:00,612.0,664.25,603.0,659.9500122070312,645.5210571289062,13258447,Lupin,India,LUPIN.NS
2022-08-04 18:30:00,658.9000244140625,670.0,653.9500122070312,668.0999755859375,653.4927368164062,2986757,Lupin,India,LUPIN.NS
2022-08-07 18:30:00,670.0,673.0499877929688,658.0999755859375,666.6500244140625,652.0745239257812,1379795,Lupin,India,LUPIN.NS
2022-08-09 18:30:00,666.5999755859375,672.7999877929688,660.0999755859375,669.8499755859375,655.2045288085938,893159,Lupin,India,LUPIN.NS
2022-08-10 18:30:00,673.0,694.0,672.2000122070312,690.25,675.1585083007812,1089880,Lupin,India,LUPIN.NS
2022-08-11 18:30:00,693.4500122070312,694.0,681.0,682.8499755859375,667.9202880859375,751684,Lupin,India,LUPIN.NS
2022-08-15 18:30:00,687.9500122070312,689.9000244140625,675.0,683.5499877929688,668.6049194335938,844454,Lupin,India,LUPIN.NS
2022-08-16 18:30:00,685.0,692.5,679.3499755859375,687.9500122070312,672.9088134765625,1022273,Lupin,India,LUPIN.NS
2022-08-17 18:30:00,687.9500122070312,692.0,678.3499755859375,688.7999877929688,673.7401733398438,890706,Lupin,India,LUPIN.NS
2022-08-18 18:30:00,685.0,696.4500122070312,685.0,688.9500122070312,673.886962890625,1078615,Lupin,India,LUPIN.NS
2022-08-21 18:30:00,684.0,689.2000122070312,676.0,682.9000244140625,667.96923828125,974313,Lupin,India,LUPIN.NS
2022-08-22 18:30:00,675.0,699.5,675.0,695.4500122070312,680.2448120117188,1372908,Lupin,India,LUPIN.NS
2022-08-23 18:30:00,698.0,703.7999877929688,675.0999755859375,677.5999755859375,662.7850341796875,1473249,Lupin,India,LUPIN.NS
2022-08-24 18:30:00,681.0,681.0,661.9500122070312,664.9000244140625,650.36279296875,2373005,Lupin,India,LUPIN.NS
2022-08-25 18:30:00,672.0,672.0,650.8499755859375,652.7000122070312,638.4295043945312,1655489,Lupin,India,LUPIN.NS
2022-08-28 18:30:00,640.0,664.4000244140625,634.6500244140625,661.9500122070312,647.4772338867188,1442822,Lupin,India,LUPIN.NS
2022-08-29 18:30:00,664.9000244140625,671.9500122070312,661.7000122070312,669.0999755859375,654.4708862304688,1281083,Lupin,India,LUPIN.NS
2022-08-31 18:30:00,666.0,669.0,658.5,660.7000122070312,646.254638671875,608875,Lupin,India,LUPIN.NS
2022-09-01 18:30:00,661.6500244140625,665.2999877929688,652.0499877929688,653.7000122070312,639.4076538085938,531472,Lupin,India,LUPIN.NS
2022-09-04 18:30:00,653.7000122070312,657.5499877929688,651.0,653.1500244140625,638.86962890625,341865,Lupin,India,LUPIN.NS
2022-09-05 18:30:00,653.5,659.0,648.5999755859375,652.5499877929688,638.28271484375,393872,Lupin,India,LUPIN.NS
2022-09-06 18:30:00,652.5499877929688,667.7999877929688,647.1500244140625,666.2999877929688,651.732177734375,693918,Lupin,India,LUPIN.NS
2022-09-07 18:30:00,673.0,673.0,664.0499877929688,666.75,652.17236328125,477250,Lupin,India,LUPIN.NS
2022-09-08 18:30:00,669.0,673.7000122070312,666.0,668.5499877929688,653.9329223632812,584825,Lupin,India,LUPIN.NS
2022-09-11 18:30:00,668.5499877929688,674.7999877929688,667.6500244140625,671.6500244140625,656.9652099609375,315997,Lupin,India,LUPIN.NS
2022-09-12 18:30:00,674.0,675.0499877929688,668.5,673.9500122070312,659.21484375,528712,Lupin,India,LUPIN.NS
2022-09-13 18:30:00,666.0,671.5,663.5999755859375,666.4000244140625,651.8300170898438,417992,Lupin,India,LUPIN.NS
2022-09-14 18:30:00,669.75,670.7999877929688,657.2999877929688,662.9000244140625,648.4065551757812,540944,Lupin,India,LUPIN.NS
2022-09-15 18:30:00,662.9000244140625,663.75,630.0,632.1500244140625,618.3287353515625,2005747,Lupin,India,LUPIN.NS
2022-09-18 18:30:00,633.0,645.7999877929688,623.0,641.25,627.2297973632812,1154043,Lupin,India,LUPIN.NS
2022-09-19 18:30:00,644.5,673.9500122070312,642.25,671.25,656.5739135742188,1894583,Lupin,India,LUPIN.NS
2022-09-20 18:30:00,670.0,681.9000244140625,660.0,661.3499755859375,646.8903198242188,1271390,Lupin,India,LUPIN.NS
2022-09-21 18:30:00,655.7999877929688,665.5,654.0,663.2999877929688,648.7977294921875,703087,Lupin,India,LUPIN.NS
2022-09-22 18:30:00,666.2999877929688,668.0,647.0,648.3499755859375,634.1746215820312,532388,Lupin,India,LUPIN.NS
2022-09-25 18:30:00,643.5,660.4000244140625,637.5,653.9500122070312,639.6521606445312,1019861,Lupin,India,LUPIN.NS
2022-09-26 18:30:00,659.9000244140625,661.0499877929688,644.2000122070312,656.3499755859375,641.9996337890625,799635,Lupin,India,LUPIN.NS
2022-09-27 18:30:00,651.0,672.4000244140625,646.3499755859375,670.2000122070312,655.5469360351562,1166934,Lupin,India,LUPIN.NS
2022-09-28 18:30:00,673.5999755859375,674.0999755859375,644.7999877929688,654.7999877929688,640.4835815429688,4410562,Lupin,India,LUPIN.NS
2022-09-29 18:30:00,660.0,682.7999877929688,660.0,679.8499755859375,664.9859008789062,4009424,Lupin,India,LUPIN.NS
2022-10-02 18:30:00,679.0,726.7000122070312,678.9500122070312,722.0999755859375,706.3121337890625,6624301,Lupin,India,LUPIN.NS
2022-10-03 18:30:00,725.0,750.5499877929688,712.1500244140625,742.25,726.0215454101562,4221009,Lupin,India,LUPIN.NS
2022-10-05 18:30:00,744.9500122070312,744.9500122070312,720.9000244140625,723.2000122070312,707.3881225585938,2058528,Lupin,India,LUPIN.NS
2022-10-06 18:30:00,717.6500244140625,727.9000244140625,713.2999877929688,721.2000122070312,705.431884765625,1521206,Lupin,India,LUPIN.NS
2022-10-09 18:30:00,718.2000122070312,718.7000122070312,703.5,707.2000122070312,691.7379150390625,862977,Lupin,India,LUPIN.NS
2022-10-10 18:30:00,708.0,710.0,679.5999755859375,680.9500122070312,666.0618286132812,1687438,Lupin,India,LUPIN.NS
2022-10-11 18:30:00,684.4000244140625,685.3499755859375,673.2999877929688,679.2999877929688,664.4478759765625,696667,Lupin,India,LUPIN.NS
2022-10-12 18:30:00,679.2999877929688,689.9000244140625,677.0,687.1500244140625,672.1263427734375,1220383,Lupin,India,LUPIN.NS
2022-10-13 18:30:00,694.0,698.75,681.5999755859375,690.6500244140625,675.5498046875,1099831,Lupin,India,LUPIN.NS
2022-10-16 18:30:00,691.0,695.75,686.0999755859375,690.6500244140625,675.5498046875,441511,Lupin,India,LUPIN.NS
2022-10-17 18:30:00,694.1500244140625,695.9500122070312,682.25,693.7999877929688,678.6309204101562,682092,Lupin,India,LUPIN.NS
2022-10-18 18:30:00,695.0,697.9500122070312,685.4000244140625,689.1500244140625,674.0825805664062,478399,Lupin,India,LUPIN.NS
2022-10-19 18:30:00,672.0,691.4000244140625,671.2999877929688,679.7000122070312,664.839111328125,1593310,Lupin,India,LUPIN.NS
2022-10-20 18:30:00,680.5,688.3499755859375,675.0,678.7999877929688,663.9588012695312,435914,Lupin,India,LUPIN.NS
2022-10-23 18:30:00,682.0,686.5999755859375,678.7999877929688,680.75,665.8661499023438,79098,Lupin,India,LUPIN.NS
2022-10-24 18:30:00,680.75,690.9500122070312,676.0499877929688,684.5,669.5342407226562,931457,Lupin,India,LUPIN.NS
2022-10-26 18:30:00,687.0,707.5,685.0999755859375,703.2999877929688,687.9232177734375,1025154,Lupin,India,LUPIN.NS
2022-10-27 18:30:00,706.8499755859375,706.8499755859375,693.0499877929688,696.4000244140625,681.174072265625,603938,Lupin,India,LUPIN.NS
2022-10-30 18:30:00,695.0,705.5499877929688,688.2999877929688,699.0,683.7171630859375,686201,Lupin,India,LUPIN.NS
2022-10-31 18:30:00,700.0,714.7999877929688,700.0,709.25,693.7431030273438,790993,Lupin,India,LUPIN.NS
2022-11-01 18:30:00,709.5,716.7000122070312,704.7000122070312,707.4500122070312,691.9824829101562,662770,Lupin,India,LUPIN.NS
2022-11-02 18:30:00,704.8499755859375,714.0,701.2999877929688,712.1500244140625,696.5797119140625,502147,Lupin,India,LUPIN.NS
2022-11-03 18:30:00,714.0,716.2999877929688,702.5,710.6500244140625,695.1124877929688,790358,Lupin,India,LUPIN.NS
2022-11-06 18:30:00,712.0,723.9500122070312,706.5499877929688,709.8499755859375,694.3299560546875,1088511,Lupin,India,LUPIN.NS
2022-11-08 18:30:00,713.0,715.4000244140625,688.0499877929688,694.25,679.071044921875,1396214,Lupin,India,LUPIN.NS
2022-11-09 18:30:00,717.2000122070312,754.0,707.5999755859375,719.3499755859375,703.6222534179688,11685941,Lupin,India,LUPIN.NS
2022-11-10 18:30:00,725.0,749.0,725.0,747.0,730.6677856445312,3270406,Lupin,India,LUPIN.NS
2022-11-13 18:30:00,749.0,760.7999877929688,737.4000244140625,759.5,742.8944702148438,1644409,Lupin,India,LUPIN.NS
2022-11-14 18:30:00,761.0,763.4000244140625,748.2999877929688,753.5499877929688,737.0745239257812,743769,Lupin,India,LUPIN.NS
2022-11-15 18:30:00,752.5,756.8499755859375,732.25,739.6500244140625,723.478515625,1832877,Lupin,India,LUPIN.NS
2022-11-16 18:30:00,740.0,746.7000122070312,730.0999755859375,736.0999755859375,720.0059814453125,647445,Lupin,India,LUPIN.NS
2022-11-17 18:30:00,736.0999755859375,740.0,719.0,721.0499877929688,705.2850952148438,870179,Lupin,India,LUPIN.NS
2022-11-20 18:30:00,721.0,724.5999755859375,713.0,720.9000244140625,705.1383666992188,706128,Lupin,India,LUPIN.NS
2022-11-21 18:30:00,724.5,726.8499755859375,714.0,719.75,704.0135498046875,1107748,Lupin,India,LUPIN.NS
2022-11-22 18:30:00,726.0,729.3499755859375,717.2999877929688,719.0499877929688,703.328857421875,1211257,Lupin,India,LUPIN.NS
2022-11-23 18:30:00,720.2000122070312,723.4000244140625,711.4000244140625,719.0999755859375,703.377685546875,641142,Lupin,India,LUPIN.NS
2022-11-24 18:30:00,719.0999755859375,722.6500244140625,708.0499877929688,719.75,704.0135498046875,851624,Lupin,India,LUPIN.NS
2022-11-27 18:30:00,719.75,734.9000244140625,715.1500244140625,733.6500244140625,717.609619140625,1247826,Lupin,India,LUPIN.NS
2022-11-28 18:30:00,744.0,759.3499755859375,740.0,751.4500122070312,735.0204467773438,3703760,Lupin,India,LUPIN.NS
2022-11-29 18:30:00,752.3499755859375,769.0,747.5,766.0999755859375,749.35009765625,1964647,Lupin,India,LUPIN.NS
2022-11-30 18:30:00,767.5499877929688,773.8499755859375,762.2000122070312,770.2999877929688,753.4583129882812,794733,Lupin,India,LUPIN.NS
2022-12-01 18:30:00,769.9500122070312,779.0,762.4000244140625,776.0,759.0336303710938,956797,Lupin,India,LUPIN.NS
2022-12-04 18:30:00,778.0,778.0,761.3499755859375,770.0999755859375,753.2626953125,734449,Lupin,India,LUPIN.NS
2022-12-05 18:30:00,765.0,769.5999755859375,762.0,767.6500244140625,750.8662719726562,370587,Lupin,India,LUPIN.NS
2022-12-06 18:30:00,769.0,773.0,765.5499877929688,769.9000244140625,753.0670776367188,274616,Lupin,India,LUPIN.NS
2022-12-07 18:30:00,772.25,773.5999755859375,753.0,754.8499755859375,738.3461303710938,527266,Lupin,India,LUPIN.NS
2022-12-08 18:30:00,755.0,760.7999877929688,746.5999755859375,751.5,735.0692749023438,526842,Lupin,India,LUPIN.NS
2022-12-11 18:30:00,747.5999755859375,756.9000244140625,745.8499755859375,752.0,735.5584106445312,594255,Lupin,India,LUPIN.NS
2022-12-12 18:30:00,755.0,755.0,737.0,743.9000244140625,727.635498046875,744159,Lupin,India,LUPIN.NS
2022-12-13 18:30:00,744.0,761.5,743.0999755859375,758.75,742.1608276367188,668745,Lupin,India,LUPIN.NS
2022-12-14 18:30:00,758.75,763.5999755859375,746.7999877929688,750.8499755859375,734.4335327148438,306953,Lupin,India,LUPIN.NS
2022-12-15 18:30:00,747.7000122070312,755.75,726.9000244140625,729.2999877929688,713.3546752929688,899068,Lupin,India,LUPIN.NS
2022-12-18 18:30:00,726.0,732.0499877929688,724.1500244140625,728.5999755859375,712.6699829101562,393415,Lupin,India,LUPIN.NS
2022-12-19 18:30:00,726.9500122070312,730.0,718.0,725.9500122070312,710.0779418945312,386644,Lupin,India,LUPIN.NS
2022-12-20 18:30:00,727.5,757.7999877929688,722.0999755859375,751.3499755859375,734.922607421875,1647711,Lupin,India,LUPIN.NS
2022-12-21 18:30:00,755.0,771.0,748.8499755859375,766.2999877929688,749.5457763671875,2196207,Lupin,India,LUPIN.NS
2022-12-22 18:30:00,770.0,788.9000244140625,752.0499877929688,756.75,740.2045288085938,4165329,Lupin,India,LUPIN.NS
2022-12-25 18:30:00,760.5499877929688,767.25,736.0499877929688,742.2000122070312,725.97265625,1798553,Lupin,India,LUPIN.NS
2022-12-26 18:30:00,740.0,751.9500122070312,740.0,741.7000122070312,725.4835815429688,712581,Lupin,India,LUPIN.NS
2022-12-27 18:30:00,742.8499755859375,747.5499877929688,725.5499877929688,732.9000244140625,716.8759765625,1310549,Lupin,India,LUPIN.NS
2022-12-28 18:30:00,732.8499755859375,740.0,725.2000122070312,736.1500244140625,720.054931640625,1528692,Lupin,India,LUPIN.NS
2022-12-29 18:30:00,745.0,745.0,731.2000122070312,733.7000122070312,717.6585693359375,589367,Lupin,India,LUPIN.NS
2023-01-01 18:30:00,734.9000244140625,736.0999755859375,722.5499877929688,732.8499755859375,716.8270874023438,518472,Lupin,India,LUPIN.NS
2023-01-02 18:30:00,732.0,740.0499877929688,728.2999877929688,737.9500122070312,721.8155517578125,631593,Lupin,India,LUPIN.NS
2023-01-03 18:30:00,737.9500122070312,741.7999877929688,730.0,734.5999755859375,718.538818359375,704874,Lupin,India,LUPIN.NS
2023-01-04 18:30:00,735.5999755859375,744.9000244140625,732.0,742.8499755859375,726.6084594726562,618678,Lupin,India,LUPIN.NS
2023-01-05 18:30:00,742.0999755859375,746.9500122070312,733.7999877929688,738.0999755859375,721.9622802734375,608556,Lupin,India,LUPIN.NS
2023-01-08 18:30:00,741.7999877929688,757.2999877929688,741.0,749.8499755859375,733.4554443359375,1247543,Lupin,India,LUPIN.NS
2023-01-09 18:30:00,752.9500122070312,764.5999755859375,750.0,758.8499755859375,742.2586059570312,1424939,Lupin,India,LUPIN.NS
2023-01-10 18:30:00,759.0,759.0,747.2000122070312,754.0499877929688,737.5635375976562,911085,Lupin,India,LUPIN.NS
2023-01-11 18:30:00,753.5,757.9500122070312,747.7999877929688,754.3499755859375,737.8569946289062,560241,Lupin,India,LUPIN.NS
2023-01-12 18:30:00,757.0,758.7999877929688,749.1500244140625,755.75,739.2264404296875,434291,Lupin,India,LUPIN.NS
2023-01-15 18:30:00,751.7999877929688,760.0,747.1500244140625,756.9500122070312,740.400146484375,443945,Lupin,India,LUPIN.NS
2023-01-16 18:30:00,756.9500122070312,758.7000122070312,749.0,753.25,736.7811279296875,463650,Lupin,India,LUPIN.NS
2023-01-17 18:30:00,755.9000244140625,770.0,752.4000244140625,767.1500244140625,750.377197265625,961394,Lupin,India,LUPIN.NS
2023-01-18 18:30:00,767.25,767.25,758.5,759.5999755859375,742.9922485351562,283476,Lupin,India,LUPIN.NS
2023-01-19 18:30:00,759.5999755859375,762.75,751.2999877929688,755.0499877929688,738.541748046875,409353,Lupin,India,LUPIN.NS
2023-01-22 18:30:00,756.0,769.0,751.5,765.5499877929688,748.8121337890625,578775,Lupin,India,LUPIN.NS
2023-01-23 18:30:00,766.0,766.0,750.0,752.0499877929688,735.6073608398438,325246,Lupin,India,LUPIN.NS
2023-01-24 18:30:00,754.0,754.0,740.0,747.2000122070312,730.8633422851562,677388,Lupin,India,LUPIN.NS
2023-01-26 18:30:00,745.0,753.0,738.25,742.0999755859375,725.8748168945312,437112,Lupin,India,LUPIN.NS
2023-01-29 18:30:00,737.7000122070312,749.7999877929688,730.5499877929688,734.7000122070312,718.6366577148438,631438,Lupin,India,LUPIN.NS
2023-01-30 18:30:00,738.4500122070312,749.3499755859375,727.2999877929688,737.2999877929688,721.1798095703125,1093687,Lupin,India,LUPIN.NS
2023-01-31 18:30:00,740.0,750.5,728.1500244140625,737.4000244140625,721.2776489257812,355127,Lupin,India,LUPIN.NS
2023-02-01 18:30:00,735.0,743.9000244140625,730.5,742.0,725.7769775390625,517666,Lupin,India,LUPIN.NS
2023-02-02 18:30:00,742.0999755859375,747.2999877929688,733.0499877929688,739.4000244140625,723.23388671875,383860,Lupin,India,LUPIN.NS
2023-02-05 18:30:00,738.9500122070312,753.7000122070312,733.25,745.1500244140625,728.858154296875,549673,Lupin,India,LUPIN.NS
2023-02-06 18:30:00,742.4000244140625,753.7000122070312,740.6500244140625,751.3499755859375,734.922607421875,540725,Lupin,India,LUPIN.NS
2023-02-07 18:30:00,751.0,778.5,742.0,775.2999877929688,758.3489379882812,1479970,Lupin,India,LUPIN.NS
2023-02-08 18:30:00,767.5499877929688,785.75,766.5499877929688,774.3499755859375,757.4197387695312,1334519,Lupin,India,LUPIN.NS
2023-02-09 18:30:00,744.0,750.0,726.0499877929688,737.1500244140625,721.0330810546875,3057253,Lupin,India,LUPIN.NS
2023-02-12 18:30:00,720.0,720.0,671.6500244140625,675.1500244140625,660.388671875,4985583,Lupin,India,LUPIN.NS
2023-02-13 18:30:00,678.0,678.2999877929688,657.0999755859375,663.0,648.5043334960938,1916906,Lupin,India,LUPIN.NS
2023-02-14 18:30:00,662.9000244140625,670.5499877929688,656.8499755859375,669.0999755859375,654.4708862304688,820913,Lupin,India,LUPIN.NS
2023-02-15 18:30:00,670.0499877929688,686.8499755859375,669.0,681.75,666.8443603515625,963547,Lupin,India,LUPIN.NS
2023-02-16 18:30:00,680.0,687.4500122070312,668.0499877929688,670.2000122070312,655.5469360351562,821339,Lupin,India,LUPIN.NS
2023-02-19 18:30:00,670.2000122070312,675.0,658.5499877929688,667.0999755859375,652.5145874023438,577221,Lupin,India,LUPIN.NS
2023-02-20 18:30:00,666.9500122070312,674.0499877929688,662.25,670.4500122070312,655.7913818359375,464576,Lupin,India,LUPIN.NS
2023-02-21 18:30:00,670.9000244140625,676.7000122070312,660.6500244140625,664.0,649.482421875,685172,Lupin,India,LUPIN.NS
2023-02-22 18:30:00,666.9500122070312,667.3499755859375,657.0,658.3499755859375,643.9559326171875,555300,Lupin,India,LUPIN.NS
2023-02-23 18:30:00,662.0499877929688,665.5,651.0999755859375,659.3499755859375,644.9340209960938,486352,Lupin,India,LUPIN.NS
2023-02-26 18:30:00,655.1500244140625,660.75,645.2999877929688,654.5999755859375,640.2879638671875,1267994,Lupin,India,LUPIN.NS
2023-02-27 18:30:00,653.0499877929688,665.25,650.4000244140625,659.25,644.8362426757812,1559108,Lupin,India,LUPIN.NS
2023-02-28 18:30:00,653.2000122070312,662.5,651.2999877929688,661.4000244140625,646.9393310546875,721794,Lupin,India,LUPIN.NS
2023-03-01 18:30:00,661.4000244140625,666.5499877929688,657.0,659.75,645.3253173828125,408541,Lupin,India,LUPIN.NS
2023-03-02 18:30:00,663.0499877929688,666.9000244140625,659.0,662.8499755859375,648.3575439453125,289883,Lupin,India,LUPIN.NS
2023-03-05 18:30:00,664.9500122070312,669.5,661.2000122070312,662.4500122070312,647.96630859375,329659,Lupin,India,LUPIN.NS
2023-03-07 18:30:00,663.0,666.5999755859375,657.0499877929688,664.25,649.7269287109375,256788,Lupin,India,LUPIN.NS
2023-03-08 18:30:00,665.9500122070312,666.3499755859375,656.5499877929688,658.0499877929688,643.6625366210938,480016,Lupin,India,LUPIN.NS
2023-03-09 18:30:00,655.0,658.7999877929688,649.3499755859375,656.0999755859375,641.755126953125,443979,Lupin,India,LUPIN.NS
2023-03-12 18:30:00,660.0,664.9500122070312,651.1500244140625,654.2999877929688,639.9945068359375,471640,Lupin,India,LUPIN.NS
2023-03-13 18:30:00,657.2000122070312,668.9000244140625,652.2000122070312,656.2000122070312,641.8529663085938,968618,Lupin,India,LUPIN.NS
2023-03-14 18:30:00,658.2000122070312,666.4500122070312,655.0,658.2999877929688,643.906982421875,679462,Lupin,India,LUPIN.NS
2023-03-15 18:30:00,660.6500244140625,668.0,653.5499877929688,666.2000122070312,651.6343383789062,596960,Lupin,India,LUPIN.NS
2023-03-16 18:30:00,668.0,669.0,654.2999877929688,657.0,642.6354370117188,698565,Lupin,India,LUPIN.NS
2023-03-19 18:30:00,654.9500122070312,655.0,640.7999877929688,646.4000244140625,632.2672729492188,538837,Lupin,India,LUPIN.NS
2023-03-20 18:30:00,655.0,655.4500122070312,646.0999755859375,649.4000244140625,635.2017211914062,303443,Lupin,India,LUPIN.NS
2023-03-21 18:30:00,650.25,662.0,649.0,658.8499755859375,644.4450073242188,279093,Lupin,India,LUPIN.NS
2023-03-22 18:30:00,660.3499755859375,663.0,646.6500244140625,648.5499877929688,634.3702392578125,1304892,Lupin,India,LUPIN.NS
2023-03-23 18:30:00,651.0,654.8499755859375,638.3499755859375,640.0,626.0072021484375,721966,Lupin,India,LUPIN.NS
2023-03-26 18:30:00,644.0,673.75,641.75,658.75,644.3472290039062,3965489,Lupin,India,LUPIN.NS
2023-03-27 18:30:00,661.9000244140625,661.9000244140625,640.9500122070312,644.4000244140625,630.3109741210938,998013,Lupin,India,LUPIN.NS
2023-03-28 18:30:00,644.4000244140625,659.0,643.2000122070312,652.4000244140625,638.1361083984375,946826,Lupin,India,LUPIN.NS
2023-03-30 18:30:00,644.6500244140625,650.9500122070312,628.0,648.4000244140625,634.2235107421875,1991163,Lupin,India,LUPIN.NS
2023-04-02 18:30:00,649.1500244140625,654.5,644.0,651.7999877929688,637.5491943359375,809470,Lupin,India,LUPIN.NS
2023-04-04 18:30:00,650.8499755859375,661.9500122070312,648.0499877929688,658.8499755859375,644.4450073242188,599687,Lupin,India,LUPIN.NS
2023-04-05 18:30:00,659.0,665.8499755859375,658.0,664.0999755859375,649.5802001953125,571100,Lupin,India,LUPIN.NS
2023-04-09 18:30:00,664.0,667.0,661.0,663.7000122070312,649.1890258789062,353296,Lupin,India,LUPIN.NS
2023-04-10 18:30:00,664.8499755859375,667.5,656.3499755859375,660.25,645.814453125,398086,Lupin,India,LUPIN.NS
2023-04-11 18:30:00,660.2999877929688,685.0,659.9000244140625,679.5499877929688,664.6924438476562,2326481,Lupin,India,LUPIN.NS
2023-04-12 18:30:00,672.25,678.4000244140625,667.0,671.4000244140625,656.7206420898438,816473,Lupin,India,LUPIN.NS
2023-04-16 18:30:00,670.0,670.0,655.4000244140625,658.1500244140625,643.7603759765625,519751,Lupin,India,LUPIN.NS
2023-04-17 18:30:00,658.5,704.5,658.5,698.5499877929688,683.2770385742188,5365200,Lupin,India,LUPIN.NS
2023-04-18 18:30:00,698.5499877929688,698.7000122070312,685.7000122070312,686.8499755859375,671.8328247070312,1203963,Lupin,India,LUPIN.NS
2023-04-19 18:30:00,686.8499755859375,690.0999755859375,678.5499877929688,684.25,669.2896728515625,789119,Lupin,India,LUPIN.NS
2023-04-20 18:30:00,685.0,702.0,685.0,695.1500244140625,679.9513549804688,2210350,Lupin,India,LUPIN.NS
2023-04-23 18:30:00,695.1500244140625,705.4500122070312,688.7999877929688,702.0499877929688,686.700439453125,1234488,Lupin,India,LUPIN.NS
2023-04-24 18:30:00,705.0,710.0,701.7999877929688,705.5,690.0750732421875,640382,Lupin,India,LUPIN.NS
2023-04-25 18:30:00,705.5,709.7999877929688,699.5,707.7000122070312,692.2269897460938,595732,Lupin,India,LUPIN.NS
2023-04-26 18:30:00,706.9500122070312,707.9500122070312,680.0,693.75,678.5819702148438,1608022,Lupin,India,LUPIN.NS
2023-04-27 18:30:00,699.3499755859375,710.3499755859375,696.0,709.5,693.9876708984375,957872,Lupin,India,LUPIN.NS
2023-05-01 18:30:00,708.9500122070312,716.4000244140625,703.5999755859375,708.7999877929688,693.3029174804688,645261,Lupin,India,LUPIN.NS
2023-05-02 18:30:00,708.7999877929688,714.0,705.0,709.6500244140625,694.1343994140625,311850,Lupin,India,LUPIN.NS
2023-05-03 18:30:00,709.6500244140625,712.2000122070312,705.0,709.9000244140625,694.3788452148438,223675,Lupin,India,LUPIN.NS
2023-05-04 18:30:00,707.0,713.25,702.4000244140625,704.3499755859375,688.9501953125,267403,Lupin,India,LUPIN.NS
2023-05-07 18:30:00,706.9500122070312,736.8499755859375,704.0999755859375,732.5499877929688,716.5336303710938,1480353,Lupin,India,LUPIN.NS
2023-05-08 18:30:00,733.0,752.0,726.0,745.5499877929688,729.2494506835938,1897240,Lupin,India,LUPIN.NS
2023-05-09 18:30:00,750.0,770.7999877929688,734.2999877929688,750.2000122070312,733.7977294921875,4835108,Lupin,India,LUPIN.NS
2023-05-10 18:30:00,750.5,767.7999877929688,742.4500122070312,765.4500122070312,748.71435546875,1235913,Lupin,India,LUPIN.NS
2023-05-11 18:30:00,760.0,776.0499877929688,757.0499877929688,773.5999755859375,756.6861572265625,1453617,Lupin,India,LUPIN.NS
2023-05-14 18:30:00,782.75,800.0,771.9000244140625,787.25,770.0377197265625,1910389,Lupin,India,LUPIN.NS
2023-05-15 18:30:00,789.0,796.75,779.25,790.75,773.461181640625,1231878,Lupin,India,LUPIN.NS
2023-05-16 18:30:00,788.0,791.75,775.5,780.9500122070312,763.8754272460938,466127,Lupin,India,LUPIN.NS
2023-05-17 18:30:00,780.0,782.3499755859375,771.5999755859375,779.2999877929688,762.2615356445312,597261,Lupin,India,LUPIN.NS
2023-05-18 18:30:00,781.0,784.0,771.2000122070312,774.4000244140625,757.4686889648438,365585,Lupin,India,LUPIN.NS
2023-05-21 18:30:00,772.4000244140625,781.4000244140625,769.5999755859375,774.4000244140625,757.4686889648438,451001,Lupin,India,LUPIN.NS
2023-05-22 18:30:00,772.7999877929688,789.8499755859375,770.9000244140625,776.8499755859375,759.8650512695312,344619,Lupin,India,LUPIN.NS
2023-05-23 18:30:00,779.7999877929688,782.9000244140625,773.3499755859375,777.9500122070312,760.9410400390625,615201,Lupin,India,LUPIN.NS
2023-05-24 18:30:00,777.9500122070312,785.6500244140625,776.0,778.8499755859375,761.8212890625,479838,Lupin,India,LUPIN.NS
2023-05-25 18:30:00,778.8499755859375,783.5999755859375,773.2000122070312,779.9500122070312,762.8973388671875,369378,Lupin,India,LUPIN.NS
2023-05-28 18:30:00,787.9500122070312,811.7000122070312,780.0,805.7000122070312,788.0843505859375,1895651,Lupin,India,LUPIN.NS
2023-05-29 18:30:00,810.0,813.75,798.0999755859375,803.5999755859375,786.0301513671875,1337941,Lupin,India,LUPIN.NS
2023-05-30 18:30:00,806.1500244140625,813.0,801.25,804.5,786.9105834960938,1122072,Lupin,India,LUPIN.NS
2023-05-31 18:30:00,806.0,817.3499755859375,805.0,812.1500244140625,794.393310546875,905122,Lupin,India,LUPIN.NS
2023-06-01 18:30:00,815.0,820.5,806.0999755859375,816.9500122070312,799.08837890625,586226,Lupin,India,LUPIN.NS
2023-06-04 18:30:00,825.0,831.3499755859375,818.0,820.2999877929688,802.3651733398438,1487359,Lupin,India,LUPIN.NS
2023-06-05 18:30:00,822.8499755859375,824.4500122070312,814.3499755859375,821.6500244140625,803.685546875,427490,Lupin,India,LUPIN.NS
2023-06-06 18:30:00,823.5,827.4000244140625,812.7000122070312,817.6500244140625,799.7730712890625,548880,Lupin,India,LUPIN.NS
2023-06-07 18:30:00,821.25,822.2999877929688,808.5999755859375,811.8499755859375,794.0997924804688,473303,Lupin,India,LUPIN.NS
2023-06-08 18:30:00,811.8499755859375,815.1500244140625,804.7999877929688,806.4000244140625,788.7689819335938,548968,Lupin,India,LUPIN.NS
2023-06-11 18:30:00,814.0,823.4500122070312,813.5499877929688,818.9000244140625,800.9957885742188,617667,Lupin,India,LUPIN.NS
2023-06-12 18:30:00,819.5,821.9000244140625,815.5,817.4500122070312,799.5774536132812,594446,Lupin,India,LUPIN.NS
2023-06-13 18:30:00,817.9500122070312,823.5,809.9500122070312,818.75,800.8489379882812,675571,Lupin,India,LUPIN.NS
2023-06-14 18:30:00,824.0,835.9000244140625,823.4000244140625,834.75,816.4992065429688,1320203,Lupin,India,LUPIN.NS
2023-06-15 18:30:00,838.75,843.6500244140625,827.0,830.4500122070312,812.293212890625,1245895,Lupin,India,LUPIN.NS
2023-06-18 18:30:00,830.4500122070312,834.0,823.5999755859375,825.1500244140625,807.109130859375,403683,Lupin,India,LUPIN.NS
2023-06-19 18:30:00,830.0,831.2000122070312,821.5999755859375,829.9000244140625,811.7552490234375,389177,Lupin,India,LUPIN.NS
2023-06-20 18:30:00,832.0,885.2999877929688,829.0499877929688,875.0499877929688,855.9180297851562,5768804,Lupin,India,LUPIN.NS
2023-06-21 18:30:00,868.9500122070312,868.9500122070312,835.0,852.3499755859375,833.71435546875,3868670,Lupin,India,LUPIN.NS
2023-06-22 18:30:00,851.4500122070312,865.7999877929688,846.2999877929688,858.25,839.4854125976562,2171748,Lupin,India,LUPIN.NS
2023-06-25 18:30:00,858.0499877929688,875.0,852.3499755859375,874.0,854.8909912109375,971992,Lupin,India,LUPIN.NS
2023-06-26 18:30:00,879.0,889.9000244140625,875.0,881.7000122070312,862.4227294921875,1365308,Lupin,India,LUPIN.NS
2023-06-27 18:30:00,873.0499877929688,894.0,873.0499877929688,889.5999755859375,870.14990234375,1444161,Lupin,India,LUPIN.NS
2023-06-29 18:30:00,891.0999755859375,908.4000244140625,890.0,902.75,883.012451171875,1153481,Lupin,India,LUPIN.NS
2023-07-02 18:30:00,901.0999755859375,902.0,884.25,892.2999877929688,872.7908935546875,670830,Lupin,India,LUPIN.NS
2023-07-03 18:30:00,899.9500122070312,902.9000244140625,887.7999877929688,891.4000244140625,871.9105834960938,563185,Lupin,India,LUPIN.NS
2023-07-04 18:30:00,898.5999755859375,902.5,892.3499755859375,897.2999877929688,877.6815795898438,714726,Lupin,India,LUPIN.NS
2023-07-05 18:30:00,899.9500122070312,910.5,891.5999755859375,905.2999877929688,885.5067138671875,697077,Lupin,India,LUPIN.NS
2023-07-06 18:30:00,899.2000122070312,921.0,889.75,900.5999755859375,880.909423828125,1494460,Lupin,India,LUPIN.NS
2023-07-09 18:30:00,903.4500122070312,908.6500244140625,896.4000244140625,900.8499755859375,881.1539306640625,472539,Lupin,India,LUPIN.NS
2023-07-10 18:30:00,904.0,919.0999755859375,902.0999755859375,914.2000122070312,894.212158203125,671785,Lupin,India,LUPIN.NS
2023-07-11 18:30:00,930.0,942.9500122070312,915.0499877929688,940.5,919.9370727539062,2286940,Lupin,India,LUPIN.NS
2023-07-12 18:30:00,940.5,942.0999755859375,921.9000244140625,930.75,910.4002685546875,1070687,Lupin,India,LUPIN.NS
2023-07-13 18:30:00,931.9500122070312,934.9000244140625,925.3499755859375,930.9500122070312,914.5261840820312,603409,Lupin,India,LUPIN.NS
2023-07-16 18:30:00,937.0,941.4000244140625,931.4500122070312,934.4000244140625,917.9153442382812,694918,Lupin,India,LUPIN.NS
2023-07-17 18:30:00,934.4000244140625,939.8499755859375,928.6500244140625,933.9500122070312,917.4732666015625,585709,Lupin,India,LUPIN.NS
2023-07-18 18:30:00,935.0,941.9000244140625,929.25,932.75,916.2943725585938,334525,Lupin,India,LUPIN.NS
2023-07-19 18:30:00,935.9500122070312,947.4500122070312,933.5999755859375,946.0999755859375,929.4088745117188,707123,Lupin,India,LUPIN.NS
2023-07-20 18:30:00,944.5,947.4500122070312,933.25,936.7000122070312,920.1747436523438,417874,Lupin,India,LUPIN.NS
2023-07-23 18:30:00,937.7999877929688,944.8499755859375,933.7999877929688,936.7999877929688,920.27294921875,421864,Lupin,India,LUPIN.NS
2023-07-24 18:30:00,937.9500122070312,944.1500244140625,931.5,937.5999755859375,921.058837890625,254173,Lupin,India,LUPIN.NS
2023-07-25 18:30:00,941.0,945.5999755859375,937.5999755859375,941.4000244140625,924.7918090820312,363219,Lupin,India,LUPIN.NS
2023-07-26 18:30:00,956.0,990.1500244140625,941.0499877929688,979.7000122070312,962.4161376953125,3313759,Lupin,India,LUPIN.NS
2023-07-27 18:30:00,985.0,991.0,966.25,974.0,956.816650390625,1139010,Lupin,India,LUPIN.NS
2023-07-30 18:30:00,972.0499877929688,992.0,972.0499877929688,985.4500122070312,968.064697265625,912283,Lupin,India,LUPIN.NS
2023-07-31 18:30:00,984.7999877929688,994.9000244140625,976.7000122070312,988.2000122070312,970.7661743164062,781270,Lupin,India,LUPIN.NS
2023-08-01 18:30:00,987.0499877929688,998.7000122070312,975.0,994.5999755859375,977.05322265625,865195,Lupin,India,LUPIN.NS
2023-08-02 18:30:00,993.9500122070312,1040.849975585938,988.0,1035.349975585938,1017.084350585938,3961853,Lupin,India,LUPIN.NS
2023-08-03 18:30:00,1034.0,1078.449951171875,1011.099975585938,1064.0,1045.228881835938,4976674,Lupin,India,LUPIN.NS
2023-08-06 18:30:00,1067.099975585938,1094.699951171875,1043.5,1081.150024414062,1062.076293945312,2597689,Lupin,India,LUPIN.NS
2023-08-07 18:30:00,1086.949951171875,1094.5,1071.400024414062,1083.699951171875,1064.581298828125,1136969,Lupin,India,LUPIN.NS
2023-08-08 18:30:00,1093.949951171875,1109.0,1086.849975585938,1099.449951171875,1080.053588867188,1698236,Lupin,India,LUPIN.NS
2023-08-09 18:30:00,1102.0,1105.5,1080.900024414062,1085.349975585938,1066.2021484375,946674,Lupin,India,LUPIN.NS
2023-08-10 18:30:00,1087.949951171875,1091.199951171875,1072.75,1076.900024414062,1057.901245117188,975221,Lupin,India,LUPIN.NS
2023-08-13 18:30:00,1080.0,1105.949951171875,1078.0,1082.0,1062.911376953125,2339896,Lupin,India,LUPIN.NS
2023-08-15 18:30:00,1087.900024414062,1116.0,1078.349975585938,1112.849975585938,1093.217041015625,1494771,Lupin,India,LUPIN.NS
2023-08-16 18:30:00,1125.0,1143.949951171875,1087.349975585938,1092.099975585938,1072.8330078125,3221359,Lupin,India,LUPIN.NS
2023-08-17 18:30:00,1096.900024414062,1096.900024414062,1064.099975585938,1067.599975585938,1048.765380859375,1346398,Lupin,India,LUPIN.NS
2023-08-20 18:30:00,1066.0,1090.0,1064.25,1086.349975585938,1067.1845703125,1497826,Lupin,India,LUPIN.NS
2023-08-21 18:30:00,1091.349975585938,1094.0,1085.949951171875,1091.099975585938,1071.850708007812,886779,Lupin,India,LUPIN.NS
2023-08-22 18:30:00,1092.0,1104.699951171875,1086.400024414062,1094.099975585938,1074.797729492188,778892,Lupin,India,LUPIN.NS
2023-08-23 18:30:00,1094.449951171875,1100.0,1085.0,1089.5,1070.279052734375,437569,Lupin,India,LUPIN.NS
2023-08-24 18:30:00,1091.0,1093.050048828125,1072.199951171875,1077.599975585938,1058.5888671875,640246,Lupin,India,LUPIN.NS
2023-08-27 18:30:00,1078.050048828125,1111.099975585938,1075.25,1108.0,1088.45263671875,831240,Lupin,India,LUPIN.NS
2023-08-28 18:30:00,1111.949951171875,1116.949951171875,1090.349975585938,1097.699951171875,1078.334350585938,1074379,Lupin,India,LUPIN.NS
2023-08-29 18:30:00,1115.0,1115.599975585938,1098.0,1100.800048828125,1081.379760742188,541426,Lupin,India,LUPIN.NS
2023-08-30 18:30:00,1103.949951171875,1110.0,1090.5,1097.849975585938,1078.481689453125,1236209,Lupin,India,LUPIN.NS
2023-08-31 18:30:00,1095.949951171875,1099.400024414062,1087.349975585938,1093.849975585938,1074.55224609375,384388,Lupin,India,LUPIN.NS
2023-09-03 18:30:00,1095.0,1102.5,1093.25,1097.400024414062,1078.039672851562,513979,Lupin,India,LUPIN.NS
2023-09-04 18:30:00,1098.0,1128.900024414062,1095.900024414062,1119.25,1099.504272460938,1225586,Lupin,India,LUPIN.NS
2023-09-05 18:30:00,1125.0,1143.0,1118.900024414062,1139.050048828125,1118.954833984375,2210022,Lupin,India,LUPIN.NS
2023-09-06 18:30:00,1144.900024414062,1148.75,1128.150024414062,1136.199951171875,1116.155029296875,827172,Lupin,India,LUPIN.NS
2023-09-07 18:30:00,1143.0,1143.449951171875,1118.650024414062,1128.599975585938,1108.689331054688,578212,Lupin,India,LUPIN.NS
2023-09-10 18:30:00,1129.449951171875,1134.900024414062,1121.949951171875,1126.5,1106.626342773438,1263543,Lupin,India,LUPIN.NS
2023-09-11 18:30:00,1137.949951171875,1174.5,1132.050048828125,1138.449951171875,1118.365478515625,2799580,Lupin,India,LUPIN.NS
2023-09-12 18:30:00,1142.349975585938,1153.199951171875,1133.400024414062,1145.5,1125.291137695312,831001,Lupin,India,LUPIN.NS
2023-09-13 18:30:00,1143.0,1160.400024414062,1141.050048828125,1155.650024414062,1135.262084960938,633507,Lupin,India,LUPIN.NS
2023-09-14 18:30:00,1162.300048828125,1162.75,1148.050048828125,1150.699951171875,1130.399169921875,967345,Lupin,India,LUPIN.NS
2023-09-17 18:30:00,1145.5,1157.75,1131.0,1139.550048828125,1119.446044921875,706005,Lupin,India,LUPIN.NS
2023-09-19 18:30:00,1135.0,1158.0,1134.349975585938,1149.550048828125,1129.269653320312,1089288,Lupin,India,LUPIN.NS
2023-09-20 18:30:00,1142.0,1149.849975585938,1122.800048828125,1127.300048828125,1107.412231445312,635556,Lupin,India,LUPIN.NS
2023-09-21 18:30:00,1127.25,1134.25,1091.5,1097.449951171875,1078.0888671875,1273489,Lupin,India,LUPIN.NS
2023-09-24 18:30:00,1099.0,1115.0,1093.849975585938,1110.550048828125,1090.957641601562,560175,Lupin,India,LUPIN.NS
2023-09-25 18:30:00,1113.0,1118.599975585938,1105.349975585938,1110.550048828125,1090.957641601562,329870,Lupin,India,LUPIN.NS
2023-09-26 18:30:00,1108.0,1134.800048828125,1105.099975585938,1132.349975585938,1112.373168945312,983157,Lupin,India,LUPIN.NS
2023-09-27 18:30:00,1133.949951171875,1140.0,1125.25,1133.050048828125,1113.060791015625,451445,Lupin,India,LUPIN.NS
2023-09-28 18:30:00,1133.099975585938,1184.699951171875,1133.099975585938,1171.25,1150.5869140625,1933854,Lupin,India,LUPIN.NS
2023-10-02 18:30:00,1171.0,1181.449951171875,1156.150024414062,1174.199951171875,1153.484741210938,1043096,Lupin,India,LUPIN.NS
2023-10-03 18:30:00,1172.400024414062,1172.75,1142.050048828125,1151.5,1131.185180664062,669860,Lupin,India,LUPIN.NS
2023-10-04 18:30:00,1151.900024414062,1162.349975585938,1142.150024414062,1149.199951171875,1128.925659179688,328358,Lupin,India,LUPIN.NS
2023-10-05 18:30:00,1159.050048828125,1167.949951171875,1152.599975585938,1155.050048828125,1134.672729492188,569805,Lupin,India,LUPIN.NS
2023-10-08 18:30:00,1138.599975585938,1160.0,1138.050048828125,1149.449951171875,1129.17138671875,281609,Lupin,India,LUPIN.NS
2023-10-09 18:30:00,1149.949951171875,1161.900024414062,1146.5,1155.449951171875,1135.0654296875,500300,Lupin,India,LUPIN.NS
2023-10-10 18:30:00,1151.0,1168.25,1151.0,1159.849975585938,1139.387817382812,880739,Lupin,India,LUPIN.NS
2023-10-11 18:30:00,1163.949951171875,1193.0,1160.099975585938,1172.849975585938,1152.158569335938,1474920,Lupin,India,LUPIN.NS
2023-10-12 18:30:00,1171.900024414062,1191.650024414062,1166.099975585938,1187.900024414062,1166.942993164062,589089,Lupin,India,LUPIN.NS
2023-10-15 18:30:00,1191.650024414062,1201.550048828125,1185.449951171875,1198.300048828125,1177.159545898438,673918,Lupin,India,LUPIN.NS
2023-10-16 18:30:00,1204.800048828125,1215.400024414062,1193.650024414062,1197.650024414062,1176.52099609375,908050,Lupin,India,LUPIN.NS
2023-10-17 18:30:00,1193.650024414062,1208.0,1184.349975585938,1191.050048828125,1170.03759765625,1827034,Lupin,India,LUPIN.NS
2023-10-18 18:30:00,1185.099975585938,1202.0,1178.699951171875,1200.0,1178.82958984375,654948,Lupin,India,LUPIN.NS
2023-10-19 18:30:00,1199.949951171875,1199.949951171875,1173.349975585938,1179.650024414062,1158.838500976562,450975,Lupin,India,LUPIN.NS
2023-10-22 18:30:00,1173.099975585938,1188.650024414062,1159.199951171875,1168.0,1147.39404296875,311340,Lupin,India,LUPIN.NS
2023-10-24 18:30:00,1190.0,1190.0,1135.25,1143.699951171875,1123.522827148438,1055178,Lupin,India,LUPIN.NS
2023-10-25 18:30:00,1143.0,1149.400024414062,1125.050048828125,1141.599975585938,1121.459838867188,490371,Lupin,India,LUPIN.NS
2023-10-26 18:30:00,1141.599975585938,1151.75,1129.099975585938,1131.650024414062,1111.685424804688,453195,Lupin,India,LUPIN.NS
2023-10-29 18:30:00,1139.0,1149.0,1127.550048828125,1140.349975585938,1120.23193359375,1570477,Lupin,India,LUPIN.NS
2023-10-30 18:30:00,1141.099975585938,1151.050048828125,1123.0,1128.150024414062,1108.247192382812,822793,Lupin,India,LUPIN.NS
2023-10-31 18:30:00,1137.050048828125,1142.199951171875,1128.0,1132.75,1112.765991210938,1037234,Lupin,India,LUPIN.NS
2023-11-01 18:30:00,1139.800048828125,1184.099975585938,1135.0,1169.199951171875,1148.57275390625,2294662,Lupin,India,LUPIN.NS
2023-11-02 18:30:00,1175.0,1202.550048828125,1174.949951171875,1186.550048828125,1165.616821289062,1320335,Lupin,India,LUPIN.NS
2023-11-05 18:30:00,1194.0,1201.800048828125,1185.25,1199.300048828125,1178.141967773438,666171,Lupin,India,LUPIN.NS
2023-11-06 18:30:00,1200.0,1212.349975585938,1188.0,1189.699951171875,1168.711303710938,1726919,Lupin,India,LUPIN.NS
2023-11-07 18:30:00,1202.800048828125,1224.900024414062,1195.599975585938,1211.099975585938,1189.733764648438,2038402,Lupin,India,LUPIN.NS
2023-11-08 18:30:00,1222.0,1238.449951171875,1201.75,1204.550048828125,1183.29931640625,4003157,Lupin,India,LUPIN.NS
2023-11-09 18:30:00,1206.550048828125,1212.699951171875,1173.0,1180.150024414062,1159.329833984375,2115284,Lupin,India,LUPIN.NS
2023-11-12 18:30:00,1179.099975585938,1188.900024414062,1153.550048828125,1173.25,1152.551635742188,1254592,Lupin,India,LUPIN.NS
2023-11-14 18:30:00,1188.0,1188.0,1168.75,1170.25,1149.6044921875,1256791,Lupin,India,LUPIN.NS
2023-11-15 18:30:00,1176.75,1199.449951171875,1170.849975585938,1194.0,1172.935424804688,946578,Lupin,India,LUPIN.NS
2023-11-16 18:30:00,1197.5,1211.400024414062,1190.0,1196.300048828125,1175.19482421875,1349231,Lupin,India,LUPIN.NS
2023-11-19 18:30:00,1196.300048828125,1215.699951171875,1192.349975585938,1198.5,1177.356079101562,1191689,Lupin,India,LUPIN.NS
2023-11-20 18:30:00,1204.900024414062,1225.949951171875,1198.5,1221.550048828125,1199.999389648438,1371835,Lupin,India,LUPIN.NS
2023-11-21 18:30:00,1226.599975585938,1240.300048828125,1213.800048828125,1218.599975585938,1197.101440429688,1916776,Lupin,India,LUPIN.NS
2023-11-22 18:30:00,1223.0,1223.900024414062,1183.550048828125,1198.150024414062,1177.01220703125,940782,Lupin,India,LUPIN.NS
2023-11-23 18:30:00,1220.0,1245.0,1211.599975585938,1243.199951171875,1221.267456054688,2748793,Lupin,India,LUPIN.NS
2023-11-27 18:30:00,1243.300048828125,1251.550048828125,1235.75,1244.949951171875,1222.986450195312,806664,Lupin,India,LUPIN.NS
2023-11-28 18:30:00,1253.0,1254.0,1243.849975585938,1249.550048828125,1227.505493164062,982589,Lupin,India,LUPIN.NS
2023-11-29 18:30:00,1252.0,1290.0,1250.0,1280.900024414062,1258.302368164062,2636118,Lupin,India,LUPIN.NS
2023-11-30 18:30:00,1280.900024414062,1305.199951171875,1276.449951171875,1296.650024414062,1273.774536132812,1377103,Lupin,India,LUPIN.NS
2023-12-03 18:30:00,1308.949951171875,1308.949951171875,1256.0,1260.550048828125,1238.311279296875,1725134,Lupin,India,LUPIN.NS
2023-12-04 18:30:00,1265.900024414062,1273.400024414062,1253.650024414062,1258.199951171875,1236.002807617188,1104617,Lupin,India,LUPIN.NS
2023-12-05 18:30:00,1258.199951171875,1266.900024414062,1238.650024414062,1243.5,1221.562255859375,1449739,Lupin,India,LUPIN.NS
2023-12-06 18:30:00,1246.050048828125,1266.75,1245.449951171875,1249.0,1226.965087890625,1598861,Lupin,India,LUPIN.NS
2023-12-07 18:30:00,1251.199951171875,1256.0,1230.599975585938,1239.349975585938,1217.4853515625,560463,Lupin,India,LUPIN.NS
2023-12-10 18:30:00,1239.5,1247.199951171875,1224.050048828125,1229.650024414062,1207.95654296875,621598,Lupin,India,LUPIN.NS
2023-12-11 18:30:00,1234.650024414062,1250.900024414062,1228.449951171875,1240.150024414062,1218.271240234375,1159956,Lupin,India,LUPIN.NS
2023-12-12 18:30:00,1244.650024414062,1256.0,1234.900024414062,1251.900024414062,1229.81396484375,718971,Lupin,India,LUPIN.NS
2023-12-13 18:30:00,1252.0,1261.400024414062,1242.0,1256.349975585938,1234.185302734375,760814,Lupin,India,LUPIN.NS
2023-12-14 18:30:00,1260.0,1265.150024414062,1243.0,1246.099975585938,1224.1162109375,798901,Lupin,India,LUPIN.NS
2023-12-17 18:30:00,1265.0,1288.150024414062,1250.800048828125,1257.75,1235.560791015625,1846640,Lupin,India,LUPIN.NS
2023-12-18 18:30:00,1263.800048828125,1275.0,1253.150024414062,1270.199951171875,1247.791015625,798723,Lupin,India,LUPIN.NS
2023-12-19 18:30:00,1274.900024414062,1279.900024414062,1220.0,1227.599975585938,1205.942626953125,619789,Lupin,India,LUPIN.NS
2023-12-20 18:30:00,1217.099975585938,1259.900024414062,1200.150024414062,1256.800048828125,1234.627563476562,769432,Lupin,India,LUPIN.NS
2023-12-21 18:30:00,1260.550048828125,1285.0,1252.550048828125,1265.099975585938,1242.781005859375,864378,Lupin,India,LUPIN.NS
2023-12-25 18:30:00,1268.800048828125,1290.0,1266.099975585938,1282.650024414062,1260.021484375,869887,Lupin,India,LUPIN.NS
2023-12-26 18:30:00,1289.0,1300.0,1280.699951171875,1288.0,1265.277099609375,1004924,Lupin,India,LUPIN.NS
2023-12-27 18:30:00,1296.099975585938,1345.75,1295.0,1339.949951171875,1316.310546875,3519154,Lupin,India,LUPIN.NS
2023-12-28 18:30:00,1346.849975585938,1346.849975585938,1318.550048828125,1322.949951171875,1299.610473632812,1330415,Lupin,India,LUPIN.NS
2023-12-31 18:30:00,1324.0,1330.0,1308.650024414062,1312.849975585938,1289.688598632812,854557,Lupin,India,LUPIN.NS
2024-01-01 18:30:00,1340.0,1404.699951171875,1332.0,1394.349975585938,1369.750732421875,7120785,Lupin,India,LUPIN.NS
2024-01-02 18:30:00,1391.0,1412.900024414062,1388.099975585938,1406.400024414062,1381.58837890625,1485207,Lupin,India,LUPIN.NS
2024-01-03 18:30:00,1406.849975585938,1422.400024414062,1394.349975585938,1399.0,1374.31884765625,1534642,Lupin,India,LUPIN.NS
2024-01-04 18:30:00,1425.0,1425.0,1383.25,1389.449951171875,1364.937255859375,1771551,Lupin,India,LUPIN.NS
2024-01-07 18:30:00,1400.949951171875,1401.400024414062,1375.0,1382.349975585938,1357.962524414062,602440,Lupin,India,LUPIN.NS
2024-01-08 18:30:00,1391.0,1401.0,1379.0,1396.300048828125,1371.66650390625,689292,Lupin,India,LUPIN.NS
2024-01-09 18:30:00,1414.0,1414.849975585938,1390.650024414062,1405.25,1380.45849609375,1058982,Lupin,India,LUPIN.NS
2024-01-10 18:30:00,1406.0,1415.0,1396.349975585938,1400.449951171875,1375.7431640625,711634,Lupin,India,LUPIN.NS
2024-01-11 18:30:00,1400.449951171875,1404.949951171875,1388.25,1397.75,1373.090942382812,337465,Lupin,India,LUPIN.NS
2024-01-14 18:30:00,1420.0,1424.0,1398.0,1413.0,1388.07177734375,830307,Lupin,India,LUPIN.NS
2024-01-15 18:30:00,1407.0,1412.150024414062,1375.75,1387.650024414062,1363.169067382812,534845,Lupin,India,LUPIN.NS
2024-01-16 18:30:00,1384.650024414062,1407.0,1379.25,1399.800048828125,1375.104736328125,792567,Lupin,India,LUPIN.NS
2024-01-17 18:30:00,1400.0,1435.949951171875,1368.25,1425.650024414062,1400.498657226562,1167361,Lupin,India,LUPIN.NS
2024-01-18 18:30:00,1439.949951171875,1439.949951171875,1422.150024414062,1430.25,1405.017456054688,1242716,Lupin,India,LUPIN.NS
2024-01-22 18:30:00,1420.0,1455.0,1414.0,1439.25,1413.858642578125,1235492,Lupin,India,LUPIN.NS
2024-01-23 18:30:00,1447.0,1463.0,1430.050048828125,1449.199951171875,1423.633178710938,1054529,Lupin,India,LUPIN.NS
2024-01-24 18:30:00,1443.699951171875,1469.800048828125,1442.050048828125,1454.050048828125,1428.397705078125,1452501,Lupin,India,LUPIN.NS
2024-01-28 18:30:00,1454.050048828125,1490.949951171875,1454.0,1483.300048828125,1457.131713867188,979549,Lupin,India,LUPIN.NS
2024-01-29 18:30:00,1484.099975585938,1489.199951171875,1465.449951171875,1468.150024414062,1442.248779296875,532307,Lupin,India,LUPIN.NS
2024-01-30 18:30:00,1436.349975585938,1509.949951171875,1436.349975585938,1505.349975585938,1478.792602539062,1055599,Lupin,India,LUPIN.NS
2024-01-31 18:30:00,1514.0,1521.349975585938,1491.050048828125,1513.699951171875,1486.995239257812,1321923,Lupin,India,LUPIN.NS
2024-02-01 18:30:00,1517.5,1519.949951171875,1498.050048828125,1502.75,1476.238525390625,582622,Lupin,India,LUPIN.NS
2024-02-04 18:30:00,1502.75,1584.400024414062,1498.099975585938,1573.150024414062,1545.396484375,1484593,Lupin,India,LUPIN.NS
2024-02-05 18:30:00,1581.0,1588.650024414062,1564.0,1580.150024414062,1552.27294921875,1040818,Lupin,India,LUPIN.NS
2024-02-06 18:30:00,1600.0,1606.300048828125,1575.400024414062,1594.300048828125,1566.17333984375,1966936,Lupin,India,LUPIN.NS
2024-02-07 18:30:00,1700.0,1700.0,1586.550048828125,1606.400024414062,1578.059814453125,6454212,Lupin,India,LUPIN.NS
2024-02-08 18:30:00,1615.050048828125,1654.849975585938,1615.050048828125,1622.099975585938,1593.48291015625,3021386,Lupin,India,LUPIN.NS
2024-02-11 18:30:00,1601.0,1626.0,1583.849975585938,1594.449951171875,1566.320678710938,1003802,Lupin,India,LUPIN.NS
2024-02-12 18:30:00,1599.150024414062,1613.0,1584.349975585938,1608.75,1580.368408203125,1330003,Lupin,India,LUPIN.NS
2024-02-13 18:30:00,1608.949951171875,1618.599975585938,1589.550048828125,1611.75,1583.3154296875,866097,Lupin,India,LUPIN.NS
2024-02-14 18:30:00,1620.0,1631.099975585938,1595.099975585938,1605.099975585938,1576.782836914062,1156493,Lupin,India,LUPIN.NS
2024-02-15 18:30:00,1610.0,1638.800048828125,1598.400024414062,1620.650024414062,1592.058471679688,1846708,Lupin,India,LUPIN.NS
2024-02-18 18:30:00,1634.800048828125,1634.800048828125,1584.050048828125,1588.099975585938,1560.082763671875,1389162,Lupin,India,LUPIN.NS
2024-02-19 18:30:00,1589.5,1600.050048828125,1553.300048828125,1587.050048828125,1559.05126953125,1507747,Lupin,India,LUPIN.NS
2024-02-20 18:30:00,1598.949951171875,1607.949951171875,1589.900024414062,1599.349975585938,1571.13427734375,1419188,Lupin,India,LUPIN.NS
2024-02-21 18:30:00,1608.0,1608.0,1576.050048828125,1593.75,1565.632934570312,1044785,Lupin,India,LUPIN.NS
2024-02-22 18:30:00,1597.050048828125,1625.0,1597.050048828125,1614.949951171875,1586.458984375,679640,Lupin,India,LUPIN.NS
2024-02-25 18:30:00,1614.949951171875,1622.849975585938,1580.0,1604.699951171875,1576.389892578125,1068565,Lupin,India,LUPIN.NS
2024-02-26 18:30:00,1603.949951171875,1635.099975585938,1598.449951171875,1622.599975585938,1593.973999023438,981628,Lupin,India,LUPIN.NS
2024-02-27 18:30:00,1620.150024414062,1642.900024414062,1604.099975585938,1616.349975585938,1587.834350585938,1110003,Lupin,India,LUPIN.NS
2024-02-28 18:30:00,1610.0,1630.0,1593.0,1621.050048828125,1592.451538085938,3814024,Lupin,India,LUPIN.NS
2024-02-29 18:30:00,1621.0,1637.75,1617.0,1624.550048828125,1595.8896484375,833767,Lupin,India,LUPIN.NS
2024-03-03 18:30:00,1637.949951171875,1700.0,1634.400024414062,1669.849975585938,1640.390502929688,1453829,Lupin,India,LUPIN.NS
2024-03-04 18:30:00,1669.849975585938,1688.0,1657.050048828125,1678.75,1649.133544921875,818763,Lupin,India,LUPIN.NS
2024-03-05 18:30:00,1674.0,1681.75,1643.300048828125,1665.400024414062,1636.01904296875,1219095,Lupin,India,LUPIN.NS
2024-03-06 18:30:00,1673.5,1678.150024414062,1655.800048828125,1669.75,1640.292236328125,811352,Lupin,India,LUPIN.NS
2024-03-10 18:30:00,1680.949951171875,1704.25,1669.349975585938,1676.650024414062,1647.070556640625,981480,Lupin,India,LUPIN.NS
2024-03-11 18:30:00,1672.099975585938,1688.400024414062,1640.150024414062,1646.050048828125,1617.010375976562,639229,Lupin,India,LUPIN.NS
2024-03-12 18:30:00,1652.050048828125,1661.199951171875,1589.550048828125,1603.5,1575.2109375,897074,Lupin,India,LUPIN.NS
2024-03-13 18:30:00,1591.0,1656.900024414062,1590.349975585938,1649.699951171875,1620.595947265625,971139,Lupin,India,LUPIN.NS
2024-03-14 18:30:00,1645.050048828125,1674.0,1614.0,1636.800048828125,1607.923583984375,1097700,Lupin,India,LUPIN.NS
2024-03-17 18:30:00,1624.0,1641.25,1607.5,1614.400024414062,1585.918701171875,701925,Lupin,India,LUPIN.NS
2024-03-18 18:30:00,1615.449951171875,1623.150024414062,1565.0,1570.199951171875,1542.49853515625,632899,Lupin,India,LUPIN.NS
2024-03-19 18:30:00,1570.199951171875,1585.550048828125,1551.599975585938,1562.900024414062,1535.327392578125,521304,Lupin,India,LUPIN.NS
2024-03-20 18:30:00,1571.050048828125,1616.300048828125,1571.050048828125,1611.650024414062,1583.21728515625,1219742,Lupin,India,LUPIN.NS
2024-03-21 18:30:00,1611.0,1622.449951171875,1599.0,1608.25,1579.877197265625,566433,Lupin,India,LUPIN.NS
2024-03-25 18:30:00,1611.449951171875,1629.949951171875,1592.0,1614.900024414062,1586.409912109375,939256,Lupin,India,LUPIN.NS
2024-03-26 18:30:00,1618.25,1623.199951171875,1592.050048828125,1599.949951171875,1571.7236328125,558090,Lupin,India,LUPIN.NS
2024-03-27 18:30:00,1611.0,1625.0,1593.099975585938,1616.800048828125,1588.2763671875,865183,Lupin,India,LUPIN.NS
2024-03-31 18:30:00,1650.0,1684.75,1608.599975585938,1623.75,1595.103637695312,1537859,Lupin,India,LUPIN.NS
2024-04-01 18:30:00,1615.099975585938,1621.849975585938,1601.25,1609.900024414062,1581.498168945312,642641,Lupin,India,LUPIN.NS
2024-04-02 18:30:00,1612.0,1621.0,1599.0,1605.400024414062,1577.077514648438,520656,Lupin,India,LUPIN.NS
2024-04-03 18:30:00,1609.0,1614.0,1583.449951171875,1587.25,1559.247680664062,654846,Lupin,India,LUPIN.NS
2024-04-04 18:30:00,1587.25,1611.75,1587.25,1599.25,1571.036010742188,948724,Lupin,India,LUPIN.NS
2024-04-07 18:30:00,1619.0,1622.199951171875,1585.050048828125,1612.0,1583.56103515625,1280283,Lupin,India,LUPIN.NS
2024-04-08 18:30:00,1619.800048828125,1626.949951171875,1595.400024414062,1605.650024414062,1577.323120117188,542022,Lupin,India,LUPIN.NS
2024-04-09 18:30:00,1627.699951171875,1643.300048828125,1600.050048828125,1604.599975585938,1576.291625976562,1492491,Lupin,India,LUPIN.NS
2024-04-11 18:30:00,1615.0,1641.949951171875,1597.900024414062,1622.25,1593.630249023438,1318503,Lupin,India,LUPIN.NS
2024-04-14 18:30:00,1617.75,1640.949951171875,1597.800048828125,1609.099975585938,1580.712280273438,1385597,Lupin,India,LUPIN.NS
2024-04-15 18:30:00,1606.0,1636.949951171875,1600.099975585938,1611.449951171875,1583.020751953125,762738,Lupin,India,LUPIN.NS
2024-04-17 18:30:00,1624.800048828125,1634.449951171875,1590.25,1594.050048828125,1565.927856445312,746904,Lupin,India,LUPIN.NS
2024-04-18 18:30:00,1575.0,1584.0,1541.0,1547.550048828125,1520.248168945312,1186398,Lupin,India,LUPIN.NS
2024-04-21 18:30:00,1586.300048828125,1615.0,1570.0,1603.650024414062,1575.3583984375,1301274,Lupin,India,LUPIN.NS
2024-04-22 18:30:00,1602.0,1614.0,1577.449951171875,1580.050048828125,1552.1748046875,849166,Lupin,India,LUPIN.NS
2024-04-23 18:30:00,1591.900024414062,1602.699951171875,1559.150024414062,1580.0,1552.125610351562,1363206,Lupin,India,LUPIN.NS
2024-04-24 18:30:00,1580.800048828125,1600.25,1578.699951171875,1594.400024414062,1566.271484375,1203147,Lupin,India,LUPIN.NS
2024-04-25 18:30:00,1590.0,1624.0,1585.099975585938,1615.949951171875,1587.441284179688,587789,Lupin,India,LUPIN.NS
2024-04-28 18:30:00,1625.0,1647.349975585938,1612.449951171875,1637.449951171875,1608.56201171875,1294998,Lupin,India,LUPIN.NS
2024-04-29 18:30:00,1648.449951171875,1661.099975585938,1640.5,1645.900024414062,1616.863037109375,1171635,Lupin,India,LUPIN.NS
2024-05-01 18:30:00,1648.849975585938,1661.0,1640.599975585938,1647.650024414062,1618.582153320312,386502,Lupin,India,LUPIN.NS
2024-05-02 18:30:00,1654.0,1683.0,1648.0,1654.75,1625.556884765625,965116,Lupin,India,LUPIN.NS
2024-05-05 18:30:00,1667.900024414062,1687.0,1636.650024414062,1679.650024414062,1650.017578125,1633715,Lupin,India,LUPIN.NS
2024-05-06 18:30:00,1684.0,1684.0,1560.0,1610.599975585938,1582.185791015625,5143705,Lupin,India,LUPIN.NS
2024-05-07 18:30:00,1611.0,1631.0,1592.599975585938,1616.150024414062,1587.637817382812,1693668,Lupin,India,LUPIN.NS
2024-05-08 18:30:00,1616.900024414062,1621.599975585938,1578.599975585938,1583.949951171875,1556.005737304688,883851,Lupin,India,LUPIN.NS
2024-05-09 18:30:00,1583.949951171875,1617.550048828125,1579.0,1608.550048828125,1580.171997070312,731066,Lupin,India,LUPIN.NS
2024-05-12 18:30:00,1614.949951171875,1698.0,1604.0,1688.599975585938,1658.809692382812,2246490,Lupin,India,LUPIN.NS
2024-05-13 18:30:00,1670.25,1683.550048828125,1630.0,1637.150024414062,1608.267456054688,1028097,Lupin,India,LUPIN.NS
2024-05-14 18:30:00,1638.949951171875,1652.0,1628.699951171875,1639.099975585938,1610.182861328125,559501,Lupin,India,LUPIN.NS
2024-05-15 18:30:00,1652.599975585938,1694.550048828125,1647.0,1662.949951171875,1633.612182617188,1338360,Lupin,India,LUPIN.NS
2024-05-16 18:30:00,1671.849975585938,1681.25,1638.25,1651.75,1622.609741210938,721714,Lupin,India,LUPIN.NS
2024-05-20 18:30:00,1632.349975585938,1690.0,1621.199951171875,1683.849975585938,1654.143432617188,1149511,Lupin,India,LUPIN.NS
2024-05-21 18:30:00,1691.0,1728.0,1667.949951171875,1715.800048828125,1685.529907226562,2665927,Lupin,India,LUPIN.NS
2024-05-22 18:30:00,1700.0,1700.0,1591.150024414062,1632.650024414062,1603.8466796875,3407879,Lupin,India,LUPIN.NS
2024-05-23 18:30:00,1635.650024414062,1642.0,1611.5,1614.349975585938,1585.86962890625,1083346,Lupin,India,LUPIN.NS
2024-05-26 18:30:00,1628.449951171875,1648.599975585938,1610.0,1616.099975585938,1587.588623046875,1858205,Lupin,India,LUPIN.NS
2024-05-27 18:30:00,1624.800048828125,1634.0,1600.0,1603.449951171875,1575.161743164062,518613,Lupin,India,LUPIN.NS
2024-05-28 18:30:00,1601.349975585938,1612.150024414062,1578.25,1601.449951171875,1573.197143554688,691049,Lupin,India,LUPIN.NS
2024-05-29 18:30:00,1603.449951171875,1614.849975585938,1575.0,1579.400024414062,1551.536254882812,925008,Lupin,India,LUPIN.NS
2024-05-30 18:30:00,1579.949951171875,1607.300048828125,1572.5,1582.550048828125,1554.630737304688,2897488,Lupin,India,LUPIN.NS
2024-06-02 18:30:00,1614.849975585938,1626.300048828125,1576.050048828125,1583.949951171875,1556.005737304688,1672931,Lupin,India,LUPIN.NS
2024-06-03 18:30:00,1585.050048828125,1593.800048828125,1493.300048828125,1564.75,1537.144653320312,1709096,Lupin,India,LUPIN.NS
2024-06-04 18:30:00,1587.449951171875,1645.0,1575.0,1630.5,1601.734741210938,2070212,Lupin,India,LUPIN.NS
2024-06-05 18:30:00,1645.0,1645.449951171875,1601.25,1607.25,1578.894775390625,674620,Lupin,India,LUPIN.NS
2024-06-06 18:30:00,1626.949951171875,1651.0,1618.199951171875,1629.550048828125,1600.801513671875,799852,Lupin,India,LUPIN.NS
2024-06-09 18:30:00,1644.0,1660.0,1609.25,1634.150024414062,1605.3203125,2027530,Lupin,India,LUPIN.NS
2024-06-10 18:30:00,1640.0,1640.0,1611.150024414062,1614.050048828125,1585.574951171875,838976,Lupin,India,LUPIN.NS
2024-06-11 18:30:00,1625.0,1625.0,1598.550048828125,1605.550048828125,1577.224975585938,526128,Lupin,India,LUPIN.NS
2024-06-12 18:30:00,1607.0,1626.199951171875,1602.349975585938,1605.449951171875,1577.12646484375,614981,Lupin,India,LUPIN.NS
2024-06-13 18:30:00,1614.0,1615.0,1596.550048828125,1604.099975585938,1575.800415039062,923928,Lupin,India,LUPIN.NS
2024-06-17 18:30:00,1608.949951171875,1613.849975585938,1572.199951171875,1581.449951171875,1553.550048828125,1347849,Lupin,India,LUPIN.NS
2024-06-18 18:30:00,1591.400024414062,1591.400024414062,1566.0,1572.300048828125,1544.5615234375,590220,Lupin,India,LUPIN.NS
2024-06-19 18:30:00,1574.800048828125,1575.0,1552.0,1555.699951171875,1528.254150390625,743858,Lupin,India,LUPIN.NS
2024-06-20 18:30:00,1552.0,1579.099975585938,1543.0,1561.0,1533.460815429688,1664344,Lupin,India,LUPIN.NS
2024-06-23 18:30:00,1565.949951171875,1590.0,1561.699951171875,1566.75,1539.109375,3334294,Lupin,India,LUPIN.NS
2024-06-24 18:30:00,1567.849975585938,1575.099975585938,1554.650024414062,1558.849975585938,1531.348754882812,493274,Lupin,India,LUPIN.NS
2024-06-25 18:30:00,1558.849975585938,1589.900024414062,1545.0,1583.650024414062,1555.711181640625,1179302,Lupin,India,LUPIN.NS
2024-06-26 18:30:00,1584.050048828125,1601.650024414062,1571.0,1583.400024414062,1555.465698242188,2802194,Lupin,India,LUPIN.NS
2024-06-27 18:30:00,1583.400024414062,1635.0,1580.0,1621.349975585938,1592.746215820312,1413997,Lupin,India,LUPIN.NS
2024-06-30 18:30:00,1615.050048828125,1623.449951171875,1598.25,1616.050048828125,1587.539672851562,866625,Lupin,India,LUPIN.NS
2024-07-01 18:30:00,1623.900024414062,1637.800048828125,1615.0,1632.800048828125,1603.994140625,849266,Lupin,India,LUPIN.NS
2024-07-02 18:30:00,1640.0,1655.0,1626.0,1630.599975585938,1601.832885742188,1236775,Lupin,India,LUPIN.NS
2024-07-03 18:30:00,1651.150024414062,1767.0,1651.150024414062,1759.300048828125,1728.262451171875,7086148,Lupin,India,LUPIN.NS
2024-07-04 18:30:00,1764.050048828125,1785.0,1755.900024414062,1770.199951171875,1738.969970703125,1707589,Lupin,India,LUPIN.NS
2024-07-07 18:30:00,1770.199951171875,1785.25,1760.25,1778.900024414062,1747.5166015625,1457380,Lupin,India,LUPIN.NS
2024-07-08 18:30:00,1782.0,1821.5,1767.300048828125,1814.75,1782.734130859375,1207407,Lupin,India,LUPIN.NS
2024-07-09 18:30:00,1834.5,1834.5,1790.699951171875,1826.900024414062,1794.669677734375,1474195,Lupin,India,LUPIN.NS
2024-07-10 18:30:00,1825.0,1828.949951171875,1807.449951171875,1817.300048828125,1785.2392578125,836099,Lupin,India,LUPIN.NS
2024-07-11 18:30:00,1817.349975585938,1825.0,1794.5,1797.75,1766.033935546875,527044,Lupin,India,LUPIN.NS
2024-07-14 18:30:00,1819.949951171875,1839.050048828125,1801.25,1832.75,1800.416625976562,1242019,Lupin,India,LUPIN.NS
2024-07-15 18:30:00,1836.5,1848.0,1820.25,1845.050048828125,1820.445922851562,868365,Lupin,India,LUPIN.NS
2024-07-17 18:30:00,1825.0,1841.5,1812.25,1817.25,1793.0166015625,634064,Lupin,India,LUPIN.NS
2024-07-18 18:30:00,1818.099975585938,1823.800048828125,1776.599975585938,1786.650024414062,1762.82470703125,496264,Lupin,India,LUPIN.NS
2024-07-21 18:30:00,1785.5,1844.449951171875,1766.050048828125,1805.300048828125,1781.225952148438,1501880,Lupin,India,LUPIN.NS
2024-07-22 18:30:00,1817.0,1823.900024414062,1774.050048828125,1800.0,1775.996704101562,992689,Lupin,India,LUPIN.NS
2024-07-23 18:30:00,1796.0,1824.849975585938,1792.0,1815.650024414062,1791.43798828125,1263788,Lupin,India,LUPIN.NS
2024-07-24 18:30:00,1810.0,1823.0,1794.050048828125,1800.349975585938,1776.341918945312,901199,Lupin,India,LUPIN.NS
2024-07-25 18:30:00,1799.900024414062,1849.900024414062,1797.650024414062,1840.699951171875,1816.153930664062,1040578,Lupin,India,LUPIN.NS
2024-07-28 18:30:00,1852.199951171875,1879.449951171875,1841.0,1861.150024414062,1836.331298828125,1330467,Lupin,India,LUPIN.NS
2024-07-29 18:30:00,1861.0,1882.0,1855.099975585938,1862.5,1837.663208007812,1029403,Lupin,India,LUPIN.NS
2024-07-30 18:30:00,1862.5,1925.650024414062,1862.5,1911.849975585938,1886.355102539062,2476336,Lupin,India,LUPIN.NS
2024-07-31 18:30:00,1911.0,1959.5,1909.650024414062,1953.349975585938,1927.3017578125,2080987,Lupin,India,LUPIN.NS
2024-08-01 18:30:00,1949.5,1984.0,1935.0,1961.5,1935.343017578125,2018905,Lupin,India,LUPIN.NS
2024-08-04 18:30:00,1900.050048828125,1960.0,1900.050048828125,1948.25,1922.269653320312,1342666,Lupin,India,LUPIN.NS
2024-08-05 18:30:00,1970.0,1974.0,1901.5,1910.75,1885.269775390625,1611772,Lupin,India,LUPIN.NS
2024-08-06 18:30:00,2020.0,2029.949951171875,1951.050048828125,1994.449951171875,1967.853637695312,5796751,Lupin,India,LUPIN.NS
2024-08-07 18:30:00,2019.949951171875,2066.89990234375,2003.099975585938,2050.800048828125,2023.452270507812,4173443,Lupin,India,LUPIN.NS
2024-08-08 18:30:00,2051.10009765625,2125.0,2051.10009765625,2113.550048828125,2085.365478515625,3325888,Lupin,India,LUPIN.NS
2024-08-11 18:30:00,2106.0,2128.949951171875,2088.050048828125,2097.60009765625,2069.62841796875,2302275,Lupin,India,LUPIN.NS
2024-08-12 18:30:00,2108.10009765625,2131.550048828125,2087.550048828125,2097.64990234375,2069.67724609375,1551395,Lupin,India,LUPIN.NS
2024-08-13 18:30:00,2097.85009765625,2100.199951171875,2068.35009765625,2073.949951171875,2046.29345703125,1041002,Lupin,India,LUPIN.NS
2024-08-15 18:30:00,2092.25,2112.5,2079.0,2086.050048828125,2058.232177734375,1346775,Lupin,India,LUPIN.NS
2024-08-18 18:30:00,2095.0,2107.550048828125,2059.60009765625,2068.800048828125,2041.212280273438,1370074,Lupin,India,LUPIN.NS
2024-08-19 18:30:00,2083.60009765625,2102.85009765625,2069.199951171875,2095.25,2067.3095703125,1154392,Lupin,India,LUPIN.NS
2024-08-20 18:30:00,2096.0,2121.949951171875,2081.550048828125,2117.5,2089.2626953125,687825,Lupin,India,LUPIN.NS
2024-08-21 18:30:00,2125.0,2129.25,2096.25,2109.199951171875,2081.0732421875,842226,Lupin,India,LUPIN.NS
2024-08-22 18:30:00,2113.89990234375,2118.35009765625,2087.14990234375,2093.550048828125,2065.632080078125,907713,Lupin,India,LUPIN.NS
2024-08-25 18:30:00,2100.0,2128.0,2092.10009765625,2116.199951171875,2087.97998046875,1165852,Lupin,India,LUPIN.NS
2024-08-26 18:30:00,2121.14990234375,2179.0,2121.14990234375,2171.550048828125,2142.592041015625,2255865,Lupin,India,LUPIN.NS
2024-08-27 18:30:00,2195.5,2228.14990234375,2166.39990234375,2200.75,2171.402587890625,1631938,Lupin,India,LUPIN.NS
2024-08-28 18:30:00,2200.75,2222.75,2177.60009765625,2193.75,2164.49609375,969172,Lupin,India,LUPIN.NS
2024-08-29 18:30:00,2234.0,2256.699951171875,2216.85009765625,2240.199951171875,2210.326416015625,1986627,Lupin,India,LUPIN.NS
2024-09-01 18:30:00,2257.0,2265.800048828125,2229.699951171875,2232.75,2202.975830078125,1206137,Lupin,India,LUPIN.NS
2024-09-02 18:30:00,2235.0,2272.0,2235.0,2240.25,2210.375732421875,1335680,Lupin,India,LUPIN.NS
2024-09-03 18:30:00,2225.0,2284.14990234375,2206.60009765625,2277.25,2246.88232421875,1807013,Lupin,India,LUPIN.NS
2024-09-04 18:30:00,2285.0,2312.0,2268.0,2290.199951171875,2259.65966796875,1824749,Lupin,India,LUPIN.NS
2024-09-05 18:30:00,2281.10009765625,2298.0,2247.300048828125,2256.5,2226.408935546875,917674,Lupin,India,LUPIN.NS
2024-09-08 18:30:00,2221.949951171875,2239.699951171875,2185.550048828125,2216.800048828125,2187.238525390625,1456758,Lupin,India,LUPIN.NS
2024-09-09 18:30:00,2227.0,2251.35009765625,2213.0,2222.550048828125,2192.911865234375,709614,Lupin,India,LUPIN.NS
2024-09-10 18:30:00,2229.0,2257.949951171875,2200.5,2209.39990234375,2179.93701171875,1202743,Lupin,India,LUPIN.NS
2024-09-11 18:30:00,2225.10009765625,2260.0,2217.85009765625,2247.5,2217.529296875,2107674,Lupin,India,LUPIN.NS
2024-09-12 18:30:00,2264.949951171875,2278.800048828125,2249.300048828125,2256.449951171875,2226.35986328125,703610,Lupin,India,LUPIN.NS
2024-09-15 18:30:00,2269.0,2284.449951171875,2237.449951171875,2251.85009765625,2221.821044921875,1079633,Lupin,India,LUPIN.NS
2024-09-16 18:30:00,2259.85009765625,2286.0,2251.050048828125,2270.39990234375,2240.12353515625,947808,Lupin,India,LUPIN.NS
2024-09-17 18:30:00,2274.0,2279.0,2213.0,2224.949951171875,2195.280029296875,503570,Lupin,India,LUPIN.NS
2024-09-18 18:30:00,2224.0,2224.0,2145.35009765625,2171.89990234375,2142.937255859375,1099230,Lupin,India,LUPIN.NS
2024-09-19 18:30:00,2160.0,2166.800048828125,2138.14990234375,2151.699951171875,2123.006591796875,1330836,Lupin,India,LUPIN.NS
2024-09-22 18:30:00,2158.0,2185.75,2141.550048828125,2182.25,2153.1494140625,692016,Lupin,India,LUPIN.NS
2024-09-23 18:30:00,2190.0,2222.39990234375,2179.449951171875,2215.75,2186.20263671875,1092005,Lupin,India,LUPIN.NS
2024-09-24 18:30:00,2220.0,2229.0,2193.449951171875,2221.10009765625,2191.481201171875,1298533,Lupin,India,LUPIN.NS
2024-09-25 18:30:00,2233.0,2237.550048828125,2161.14990234375,2188.14990234375,2158.970458984375,1238171,Lupin,India,LUPIN.NS
2024-09-26 18:30:00,2170.0,2227.0,2163.75,2218.5,2188.916015625,1476470,Lupin,India,LUPIN.NS
2024-09-29 18:30:00,2183.0,2219.800048828125,2179.5,2191.10009765625,2161.88134765625,1594529,Lupin,India,LUPIN.NS
2024-09-30 18:30:00,2192.0,2219.0,2175.050048828125,2194.39990234375,2165.136962890625,786650,Lupin,India,LUPIN.NS
2024-10-02 18:30:00,2180.39990234375,2200.0,2154.300048828125,2183.60009765625,2154.4814453125,504882,Lupin,India,LUPIN.NS
2024-10-03 18:30:00,2170.14990234375,2240.0,2163.0,2198.25,2168.93603515625,878040,Lupin,India,LUPIN.NS
2024-10-06 18:30:00,2198.25,2210.85009765625,2140.0,2174.89990234375,2145.897216796875,1166830,Lupin,India,LUPIN.NS
2024-10-07 18:30:00,2165.0,2228.5,2157.10009765625,2216.949951171875,2187.386474609375,672622,Lupin,India,LUPIN.NS
2024-10-08 18:30:00,2228.800048828125,2298.0,2221.550048828125,2286.050048828125,2255.565185546875,1064651,Lupin,India,LUPIN.NS
2024-10-09 18:30:00,2300.0,2304.89990234375,2112.0,2154.64990234375,2125.917236328125,2227752,Lupin,India,LUPIN.NS
2024-10-10 18:30:00,2170.0,2229.0,2158.64990234375,2224.5,2194.8359375,1215960,Lupin,India,LUPIN.NS
2024-10-13 18:30:00,2218.050048828125,2249.949951171875,2195.949951171875,2243.89990234375,2213.97705078125,815015,Lupin,India,LUPIN.NS
2024-10-14 18:30:00,2239.89990234375,2272.89990234375,2235.949951171875,2250.89990234375,2220.883544921875,745318,Lupin,India,LUPIN.NS
2024-10-15 18:30:00,2248.0,2257.0,2181.300048828125,2195.300048828125,2166.025390625,800070,Lupin,India,LUPIN.NS
2024-10-16 18:30:00,2207.0,2207.0,2158.0,2176.300048828125,2147.278564453125,596088,Lupin,India,LUPIN.NS
2024-10-17 18:30:00,2180.64990234375,2196.699951171875,2153.64990234375,2179.699951171875,2150.63330078125,692637,Lupin,India,LUPIN.NS
2024-10-20 18:30:00,2179.699951171875,2206.949951171875,2131.64990234375,2151.949951171875,2123.253173828125,931913,Lupin,India,LUPIN.NS
2024-10-21 18:30:00,2154.050048828125,2172.25,2125.0,2132.050048828125,2103.618896484375,641471,Lupin,India,LUPIN.NS
2024-10-22 18:30:00,2120.39990234375,2149.0,2068.0,2074.550048828125,2046.885498046875,661952,Lupin,India,LUPIN.NS
2024-10-23 18:30:00,2070.0,2137.449951171875,2062.199951171875,2131.550048828125,2103.125244140625,703917,Lupin,India,LUPIN.NS
2024-10-24 18:30:00,2137.800048828125,2162.050048828125,2115.0,2156.699951171875,2127.93994140625,1043035,Lupin,India,LUPIN.NS
2024-10-27 18:30:00,2157.050048828125,2217.0,2157.050048828125,2204.699951171875,2175.300048828125,1339084,Lupin,India,LUPIN.NS
2024-10-28 18:30:00,2214.64990234375,2214.64990234375,2168.39990234375,2206.14990234375,2176.73046875,631970,Lupin,India,LUPIN.NS
2024-10-29 18:30:00,2195.5,2211.199951171875,2151.0,2158.25,2129.46923828125,905336,Lupin,India,LUPIN.NS
2024-10-30 18:30:00,2169.449951171875,2200.0,2148.35009765625,2186.949951171875,2157.78662109375,1397820,Lupin,India,LUPIN.NS
2024-10-31 18:30:00,2204.39990234375,2205.0,2180.25,2197.699951171875,2168.39306640625,60791,Lupin,India,LUPIN.NS
2024-11-03 18:30:00,2212.800048828125,2218.85009765625,2177.0,2188.35009765625,2159.16796875,1118307,Lupin,India,LUPIN.NS
2024-11-04 18:30:00,2199.0,2210.5,2092.5,2181.75,2152.65576171875,1792958,Lupin,India,LUPIN.NS
2024-11-05 18:30:00,2194.0,2201.39990234375,2145.5,2166.050048828125,2137.165283203125,1115766,Lupin,India,LUPIN.NS
2024-11-06 18:30:00,2181.800048828125,2181.800048828125,2096.10009765625,2111.5,2083.3427734375,1124923,Lupin,India,LUPIN.NS
2024-11-07 18:30:00,2144.89990234375,2156.699951171875,2078.85009765625,2104.60009765625,2076.534912109375,3459521,Lupin,India,LUPIN.NS
2024-11-10 18:30:00,2140.0,2142.449951171875,2074.949951171875,2084.89990234375,2057.097412109375,1335431,Lupin,India,LUPIN.NS
2024-11-11 18:30:00,2085.14990234375,2129.0,2077.85009765625,2090.10009765625,2062.228271484375,1313915,Lupin,India,LUPIN.NS
2024-11-12 18:30:00,2088.449951171875,2088.449951171875,2030.150024414062,2039.0,2011.8095703125,681649,Lupin,India,LUPIN.NS
2024-11-13 18:30:00,2039.0,2053.25,2004.650024414062,2015.849975585938,1988.96826171875,663815,Lupin,India,LUPIN.NS
2024-11-17 18:30:00,2007.5,2044.800048828125,2000.0,2035.75,2008.602783203125,1117238,Lupin,India,LUPIN.NS
2024-11-18 18:30:00,2042.699951171875,2054.39990234375,2024.199951171875,2038.199951171875,2011.020141601562,585164,Lupin,India,LUPIN.NS
2024-11-20 18:30:00,2024.5,2065.0,2008.5,2043.0,2015.756225585938,504433,Lupin,India,LUPIN.NS
2024-11-21 18:30:00,2040.949951171875,2077.199951171875,2034.0,2071.35009765625,2043.728393554688,410403,Lupin,India,LUPIN.NS
2024-11-24 18:30:00,2086.60009765625,2119.0,2077.699951171875,2107.14990234375,2079.050537109375,990397,Lupin,India,LUPIN.NS
2024-11-25 18:30:00,2107.050048828125,2113.14990234375,2030.150024414062,2036.0,2008.849609375,671643,Lupin,India,LUPIN.NS
2024-11-26 18:30:00,2036.599975585938,2041.849975585938,2000.550048828125,2006.349975585938,1979.594848632812,1000543,Lupin,India,LUPIN.NS
2024-11-27 18:30:00,2005.900024414062,2021.0,1986.0,1998.400024414062,1971.7509765625,941637,Lupin,India,LUPIN.NS
2024-11-28 18:30:00,2001.599975585938,2059.550048828125,1999.0,2050.75,2023.40283203125,820811,Lupin,India,LUPIN.NS
2024-12-01 18:30:00,2049.5,2082.550048828125,2043.699951171875,2069.550048828125,2041.952270507812,633362,Lupin,India,LUPIN.NS
2024-12-02 18:30:00,2086.60009765625,2092.800048828125,2068.60009765625,2081.64990234375,2053.890625,824015,Lupin,India,LUPIN.NS
2024-12-03 18:30:00,2084.949951171875,2110.949951171875,2061.35009765625,2101.64990234375,2073.6240234375,1114148,Lupin,India,LUPIN.NS
2024-12-04 18:30:00,2114.800048828125,2130.949951171875,2065.5,2125.050048828125,2096.712158203125,842359,Lupin,India,LUPIN.NS
2024-12-05 18:30:00,2134.5,2141.85009765625,2120.449951171875,2133.550048828125,2105.098876953125,626159,Lupin,India,LUPIN.NS
2024-12-08 18:30:00,2136.0,2142.0,2097.449951171875,2104.699951171875,2076.63330078125,599944,Lupin,India,LUPIN.NS
2024-12-09 18:30:00,2111.10009765625,2144.5,2105.25,2134.050048828125,2105.592041015625,942624,Lupin,India,LUPIN.NS
2024-12-10 18:30:00,2134.89990234375,2161.85009765625,2128.699951171875,2150.39990234375,2121.723876953125,531244,Lupin,India,LUPIN.NS
2024-12-11 18:30:00,2159.25,2159.25,2110.60009765625,2119.85009765625,2091.581298828125,652699,Lupin,India,LUPIN.NS
2024-12-12 18:30:00,2102.0,2112.0,2041.0,2076.75,2049.05615234375,487069,Lupin,India,LUPIN.NS
2024-12-15 18:30:00,2089.89990234375,2093.449951171875,2058.050048828125,2063.39990234375,2035.884033203125,607487,Lupin,India,LUPIN.NS
2024-12-16 18:30:00,2066.64990234375,2076.64990234375,2040.75,2047.25,2019.949462890625,645265,Lupin,India,LUPIN.NS
2024-12-17 18:30:00,2038.0,2113.0,2038.0,2099.10009765625,2071.108154296875,1002541,Lupin,India,LUPIN.NS
2024-12-18 18:30:00,2090.0,2166.89990234375,2079.199951171875,2162.85009765625,2134.008056640625,1863968,Lupin,India,LUPIN.NS
2024-12-19 18:30:00,2165.0,2177.75,2138.39990234375,2150.699951171875,2122.02001953125,1111341,Lupin,India,LUPIN.NS
2024-12-22 18:30:00,2154.89990234375,2190.0,2126.550048828125,2160.300048828125,2131.4921875,936403,Lupin,India,LUPIN.NS
2024-12-23 18:30:00,2170.0,2186.5,2150.0,2169.449951171875,2140.52001953125,499489,Lupin,India,LUPIN.NS
2024-12-25 18:30:00,2176.0,2198.89990234375,2157.050048828125,2182.10009765625,2153.00146484375,909730,Lupin,India,LUPIN.NS
2024-12-26 18:30:00,2196.0,2238.0,2182.10009765625,2227.800048828125,2198.092041015625,946808,Lupin,India,LUPIN.NS
2024-12-29 18:30:00,2227.800048828125,2328.75,2226.85009765625,2311.35009765625,2280.52783203125,3018421,Lupin,India,LUPIN.NS
2024-12-30 18:30:00,2310.25,2373.89990234375,2296.800048828125,2355.699951171875,2324.2861328125,3424089,Lupin,India,LUPIN.NS
2024-12-31 18:30:00,2354.0,2369.39990234375,2336.800048828125,2364.89990234375,2333.363525390625,735846,Lupin,India,LUPIN.NS
2025-01-01 18:30:00,2365.0,2402.89990234375,2344.25,2396.10009765625,2364.147705078125,1205172,Lupin,India,LUPIN.NS
2025-01-02 18:30:00,2388.85009765625,2394.75,2347.35009765625,2368.85009765625,2337.260986328125,1034000,Lupin,India,LUPIN.NS
2025-01-05 18:30:00,2370.0,2382.89990234375,2340.14990234375,2360.300048828125,2328.824951171875,845909,Lupin,India,LUPIN.NS
2025-01-06 18:30:00,2360.050048828125,2392.25,2347.5,2357.64990234375,2326.210205078125,1249557,Lupin,India,LUPIN.NS
2025-01-07 18:30:00,2362.699951171875,2371.14990234375,2235.0,2252.14990234375,2222.1171875,1346484,Lupin,India,LUPIN.NS
2025-01-08 18:30:00,2279.0,2293.0,2248.10009765625,2252.85009765625,2222.807861328125,931525,Lupin,India,LUPIN.NS
2025-01-09 18:30:00,2254.0,2262.60009765625,2183.5,2191.10009765625,2161.88134765625,689347,Lupin,India,LUPIN.NS
2025-01-12 18:30:00,2159.0,2192.949951171875,2138.64990234375,2154.449951171875,2125.719970703125,746277,Lupin,India,LUPIN.NS
2025-01-13 18:30:00,2153.0,2179.050048828125,2136.39990234375,2154.60009765625,2125.8681640625,455763,Lupin,India,LUPIN.NS
2025-01-14 18:30:00,2167.0,2167.0,2108.0,2128.699951171875,2100.3134765625,452989,Lupin,India,LUPIN.NS
2025-01-15 18:30:00,2138.699951171875,2144.25,2079.699951171875,2098.89990234375,2070.91064453125,394270,Lupin,India,LUPIN.NS
2025-01-16 18:30:00,2098.89990234375,2126.0,2068.050048828125,2113.14990234375,2084.970703125,289281,Lupin,India,LUPIN.NS
2025-01-19 18:30:00,2119.14990234375,2134.0,2066.25,2130.64990234375,2102.2373046875,324879,Lupin,India,LUPIN.NS
2025-01-20 18:30:00,2136.0,2155.449951171875,2098.0,2104.25,2076.189208984375,433520,Lupin,India,LUPIN.NS
2025-01-21 18:30:00,2104.5,2146.0,2089.10009765625,2139.14990234375,2110.623779296875,679655,Lupin,India,LUPIN.NS
2025-01-22 18:30:00,2144.0,2165.800048828125,2117.0,2151.199951171875,2122.51318359375,528574,Lupin,India,LUPIN.NS
2025-01-23 18:30:00,2150.0,2163.75,2106.14990234375,2134.25,2105.789306640625,984483,Lupin,India,LUPIN.NS
2025-01-26 18:30:00,2109.0,2126.449951171875,2055.199951171875,2079.0,2051.276123046875,735411,Lupin,India,LUPIN.NS
2025-01-27 18:30:00,2070.0,2070.0,1998.0,2022.349975585938,1995.381591796875,1614704,Lupin,India,LUPIN.NS
2025-01-28 18:30:00,2008.949951171875,2073.0,2005.050048828125,2068.14990234375,2040.57080078125,575970,Lupin,India,LUPIN.NS
2025-01-29 18:30:00,2065.0,2093.949951171875,2053.14990234375,2064.39990234375,2036.87060546875,729992,Lupin,India,LUPIN.NS
2025-01-30 18:30:00,2071.0,2109.39990234375,2061.0,2080.449951171875,2052.706787109375,882870,Lupin,India,LUPIN.NS
2025-01-31 18:30:00,2080.0,2118.60009765625,2028.699951171875,2056.25,2028.829467773438,252855,Lupin,India,LUPIN.NS
2025-02-02 18:30:00,2056.25,2074.89990234375,2001.0,2032.25,2005.149536132812,849366,Lupin,India,LUPIN.NS
2025-02-03 18:30:00,2048.60009765625,2115.949951171875,2041.599975585938,2111.199951171875,2083.046875,492215,Lupin,India,LUPIN.NS
2025-02-04 18:30:00,2116.0,2201.0,2100.449951171875,2185.10009765625,2155.96142578125,1351658,Lupin,India,LUPIN.NS
2025-02-05 18:30:00,2199.300048828125,2215.0,2175.550048828125,2185.35009765625,2156.2080078125,752681,Lupin,India,LUPIN.NS
2025-02-06 18:30:00,2192.0,2225.0,2165.14990234375,2201.14990234375,2171.797119140625,776396,Lupin,India,LUPIN.NS
2025-02-09 18:30:00,2201.89990234375,2218.800048828125,2148.14990234375,2169.39990234375,2140.470458984375,716552,Lupin,India,LUPIN.NS
2025-02-10 18:30:00,2178.60009765625,2178.60009765625,2037.050048828125,2067.60009765625,2040.028198242188,1125815,Lupin,India,LUPIN.NS
2025-02-11 18:30:00,2079.0,2112.300048828125,1999.449951171875,2025.199951171875,1998.193603515625,2260417,Lupin,India,LUPIN.NS
2025-02-12 18:30:00,2051.14990234375,2140.0,2041.150024414062,2055.25,2027.8427734375,2612734,Lupin,India,LUPIN.NS
2025-02-13 18:30:00,2065.199951171875,2071.0,1931.599975585938,1969.900024414062,1943.631103515625,1928965,Lupin,India,LUPIN.NS
2025-02-16 18:30:00,1956.050048828125,2032.900024414062,1930.0,2026.949951171875,1999.920166015625,1109133,Lupin,India,LUPIN.NS
2025-02-17 18:30:00,2011.099975585938,2025.0,1995.349975585938,2013.5,1986.649536132812,342738,Lupin,India,LUPIN.NS
2025-02-18 18:30:00,1950.0,1987.0,1892.75,1978.25,1951.86962890625,1650681,Lupin,India,LUPIN.NS
2025-02-19 18:30:00,1978.25,1996.199951171875,1963.800048828125,1977.5,1951.129638671875,465756,Lupin,India,LUPIN.NS
2025-02-20 18:30:00,1985.0,1987.949951171875,1901.900024414062,1905.349975585938,1879.941772460938,937687,Lupin,India,LUPIN.NS
2025-02-23 18:30:00,1905.349975585938,1945.800048828125,1880.0,1902.800048828125,1877.425903320312,1035104,Lupin,India,LUPIN.NS
2025-02-24 18:30:00,1915.0,1924.099975585938,1889.0,1899.199951171875,1873.873779296875,597879,Lupin,India,LUPIN.NS
2025-02-26 18:30:00,1900.699951171875,1916.0,1881.050048828125,1891.050048828125,1865.83251953125,1100973,Lupin,India,LUPIN.NS
2025-02-27 18:30:00,1920.0,1925.0,1859.5,1904.650024414062,1879.251098632812,1321909,Lupin,India,LUPIN.NS
2025-03-02 18:30:00,1904.0,1961.0,1891.150024414062,1952.949951171875,1926.906982421875,985764,Lupin,India,LUPIN.NS
2025-03-03 18:30:00,1940.0,1965.25,1925.099975585938,1953.199951171875,1927.153564453125,575821,Lupin,India,LUPIN.NS
2025-03-04 18:30:00,1941.099975585938,2018.400024414062,1936.849975585938,2010.099975585938,1983.294921875,715504,Lupin,India,LUPIN.NS
2025-03-05 18:30:00,2021.400024414062,2034.0,2006.050048828125,2018.5,1991.5830078125,515993,Lupin,India,LUPIN.NS
2025-03-06 18:30:00,2020.0,2047.650024414062,2004.0,2030.0,2002.929443359375,937498,Lupin,India,LUPIN.NS
2025-03-09 18:30:00,2049.800048828125,2080.10009765625,2002.050048828125,2010.400024414062,1983.590942382812,1122775,Lupin,India,LUPIN.NS
2025-03-10 18:30:00,2007.800048828125,2007.900024414062,1967.0,1976.099975585938,1949.748291015625,805222,Lupin,India,LUPIN.NS
2025-03-11 18:30:00,1976.099975585938,1986.5,1937.400024414062,1966.699951171875,1940.4736328125,576820,Lupin,India,LUPIN.NS
2025-03-12 18:30:00,1978.0,1983.25,1950.550048828125,1968.449951171875,1942.200317382812,374359,Lupin,India,LUPIN.NS
2025-03-16 18:30:00,1965.5,2011.0,1961.0,1991.849975585938,1965.288208007812,550930,Lupin,India,LUPIN.NS
2025-03-17 18:30:00,1991.849975585938,1991.849975585938,1991.849975585938,1991.849975585938,1965.288208007812,0,Lupin,India,LUPIN.NS
2025-03-18 18:30:00,2041.900024414062,2067.85009765625,2024.25,2060.949951171875,2033.466674804688,337699,Lupin,India,LUPIN.NS
2025-03-19 18:30:00,2075.0,2100.0,2047.599975585938,2085.699951171875,2057.88671875,508883,Lupin,India,LUPIN.NS
2025-03-20 18:30:00,2089.0,2124.800048828125,2080.39990234375,2114.699951171875,2086.5,999055,Lupin,India,LUPIN.NS
2025-03-23 18:30:00,2129.0,2135.0,2098.449951171875,2119.949951171875,2091.68017578125,392261,Lupin,India,LUPIN.NS
2025-03-24 18:30:00,2120.14990234375,2125.0,2053.85009765625,2068.75,2041.162719726562,702121,Lupin,India,LUPIN.NS
2025-03-25 18:30:00,2079.0,2098.0,2053.050048828125,2058.800048828125,2031.345581054688,681836,Lupin,India,LUPIN.NS
2025-03-26 18:30:00,2038.75,2054.0,1993.599975585938,2018.800048828125,1991.87890625,1546632,Lupin,India,LUPIN.NS
2025-03-27 18:30:00,2044.849975585938,2044.849975585938,1993.75,2027.949951171875,2000.90673828125,828442,Lupin,India,LUPIN.NS
2025-03-31 18:30:00,2017.650024414062,2021.949951171875,1944.050048828125,1955.400024414062,1929.324462890625,1111639,Lupin,India,LUPIN.NS
2025-04-01 18:30:00,1959.25,2019.5,1938.550048828125,2009.699951171875,1982.900268554688,1464336,Lupin,India,LUPIN.NS
2025-04-02 18:30:00,2100.0,2150.0,2070.050048828125,2095.699951171875,2067.75341796875,3329584,Lupin,India,LUPIN.NS
2025-04-03 18:30:00,2089.949951171875,2089.949951171875,1916.0,1971.050048828125,1944.765747070312,3086633,Lupin,India,LUPIN.NS
2025-04-06 18:30:00,1795.199951171875,1956.949951171875,1795.199951171875,1923.050048828125,1897.40576171875,1989646,Lupin,India,LUPIN.NS
2025-04-07 18:30:00,1931.099975585938,1991.400024414062,1925.349975585938,1982.650024414062,1956.211059570312,796915,Lupin,India,LUPIN.NS
2025-04-08 18:30:00,1935.0,1939.25,1908.0,1919.699951171875,1894.100341796875,1112795,Lupin,India,LUPIN.NS
2025-04-10 18:30:00,2010.650024414062,2018.650024414062,1950.0,1969.25,1942.989624023438,1084881,Lupin,India,LUPIN.NS
2025-04-14 18:30:00,2030.0,2030.0,1980.300048828125,2012.800048828125,1985.958984375,1250417,Lupin,India,LUPIN.NS
2025-04-15 18:30:00,2008.199951171875,2029.199951171875,1921.0,1934.199951171875,1908.406982421875,2011566,Lupin,India,LUPIN.NS
2025-04-16 18:30:00,1935.0,1961.900024414062,1922.099975585938,1937.199951171875,1911.367065429688,1443207,Lupin,India,LUPIN.NS
2025-04-20 18:30:00,1954.199951171875,2014.599975585938,1928.400024414062,2009.199951171875,1982.406860351562,966828,Lupin,India,LUPIN.NS
2025-04-21 18:30:00,2003.0,2061.0,1987.0,2046.699951171875,2019.406860351562,1256110,Lupin,India,LUPIN.NS
2025-04-22 18:30:00,2052.0,2104.10009765625,2033.900024414062,2089.5,2061.635986328125,1092068,Lupin,India,LUPIN.NS
2025-04-23 18:30:00,2089.60009765625,2149.5,2082.5,2104.10009765625,2076.04150390625,1580520,Lupin,India,LUPIN.NS
2025-04-24 18:30:00,2110.800048828125,2124.89990234375,2011.199951171875,2019.599975585938,1992.668212890625,725961,Lupin,India,LUPIN.NS
2025-04-27 18:30:00,2019.599975585938,2119.0,2015.099975585938,2105.39990234375,2077.323974609375,1393395,Lupin,India,LUPIN.NS
2025-04-28 18:30:00,2107.699951171875,2115.89990234375,2053.199951171875,2067.10009765625,2039.534912109375,1122651,Lupin,India,LUPIN.NS
2025-04-29 18:30:00,2071.0,2117.0,2070.89990234375,2095.60009765625,2067.65478515625,1018611,Lupin,India,LUPIN.NS
2025-05-01 18:30:00,2087.0,2116.800048828125,2048.0,2059.0,2031.542846679688,577972,Lupin,India,LUPIN.NS
2025-05-04 18:30:00,2070.0,2100.0,2053.0,2085.300048828125,2057.4921875,1091556,Lupin,India,LUPIN.NS
2025-05-05 18:30:00,2055.0,2078.5,2014.599975585938,2049.0,2021.676147460938,705896,Lupin,India,LUPIN.NS
2025-05-06 18:30:00,2025.099975585938,2074.89990234375,2025.099975585938,2071.39990234375,2043.77734375,687550,Lupin,India,LUPIN.NS
2025-05-07 18:30:00,2078.800048828125,2099.699951171875,2006.699951171875,2014.800048828125,1987.932373046875,878435,Lupin,India,LUPIN.NS
2025-05-08 18:30:00,1977.099975585938,2048.199951171875,1976.099975585938,2037.400024414062,2010.230834960938,558130,Lupin,India,LUPIN.NS
2025-05-11 18:30:00,1998.0,2045.0,1974.0,2039.800048828125,2012.598999023438,1207946,Lupin,India,LUPIN.NS
2025-05-12 18:30:00,2051.39990234375,2114.300048828125,2049.300048828125,2064.39990234375,2036.87060546875,1373008,Lupin,India,LUPIN.NS
2025-05-13 18:30:00,2066.199951171875,2086.0,2035.800048828125,2071.39990234375,2043.77734375,1196372,Lupin,India,LUPIN.NS
2025-05-14 18:30:00,2100.0,2118.89990234375,2063.800048828125,2072.89990234375,2045.257446289062,2268766,Lupin,India,LUPIN.NS
2025-05-15 18:30:00,2084.0,2084.0,2041.0,2068.39990234375,2040.817504882812,2099648,Lupin,India,LUPIN.NS
2025-05-18 18:30:00,2072.10009765625,2077.0,2025.599975585938,2029.599975585938,2002.534790039062,824580,Lupin,India,LUPIN.NS
2025-05-19 18:30:00,2037.599975585938,2041.0,1963.5,1966.900024414062,1940.671020507812,1568846,Lupin,India,LUPIN.NS
2025-05-20 18:30:00,1974.0,2016.900024414062,1968.199951171875,1996.0,1969.382934570312,1555298,Lupin,India,LUPIN.NS
2025-05-21 18:30:00,1995.699951171875,1998.699951171875,1955.599975585938,1968.699951171875,1942.446899414062,989503,Lupin,India,LUPIN.NS
2025-05-22 18:30:00,1978.0,1981.800048828125,1946.900024414062,1978.900024414062,1952.510986328125,587965,Lupin,India,LUPIN.NS
2025-05-25 18:30:00,1984.0,2004.900024414062,1971.5,1987.300048828125,1960.799072265625,1159667,Lupin,India,LUPIN.NS
2025-05-26 18:30:00,1988.800048828125,2000.300048828125,1965.0,1970.199951171875,1943.927001953125,672238,Lupin,India,LUPIN.NS
2025-05-27 18:30:00,1971.5,1978.400024414062,1938.400024414062,1941.599975585938,1915.708251953125,932231,Lupin,India,LUPIN.NS
2025-05-28 18:30:00,1960.0,1975.0,1949.199951171875,1970.099975585938,1943.828369140625,1008723,Lupin,India,LUPIN.NS
2025-05-29 18:30:00,1970.0,1975.0,1941.0,1957.699951171875,1931.593627929688,1340964,Lupin,India,LUPIN.NS
2025-06-01 18:30:00,1954.0,1964.400024414062,1941.5,1961.099975585938,1934.948364257812,498677,Lupin,India,LUPIN.NS
2025-06-02 18:30:00,1970.0,1972.699951171875,1948.199951171875,1954.0,1927.942993164062,681118,Lupin,India,LUPIN.NS
2025-06-03 18:30:00,1954.0,1969.0,1935.0,1944.0,1918.076416015625,551337,Lupin,India,LUPIN.NS
2025-06-04 18:30:00,1954.0,1999.800048828125,1949.0,1995.199951171875,1968.593627929688,1130246,Lupin,India,LUPIN.NS
2025-06-05 18:30:00,2005.0,2007.900024414062,1985.800048828125,1999.599975585938,1972.934936523438,1289550,Lupin,India,LUPIN.NS
2025-06-08 18:30:00,2010.0,2013.0,1982.900024414062,1994.599975585938,1968.001586914062,1044214,Lupin,India,LUPIN.NS
2025-06-09 18:30:00,1994.599975585938,2017.599975585938,1987.800048828125,2004.800048828125,1978.065673828125,733750,Lupin,India,LUPIN.NS
2025-06-10 18:30:00,2012.900024414062,2029.400024414062,2000.300048828125,2026.599975585938,1999.574829101562,983172,Lupin,India,LUPIN.NS
2025-06-11 18:30:00,2032.0,2049.5,2013.400024414062,2023.199951171875,1996.220092773438,1391074,Lupin,India,LUPIN.NS
2025-06-12 18:30:00,1998.0,2019.0,1980.0,1999.599975585938,1972.934936523438,475900,Lupin,India,LUPIN.NS
2025-06-15 18:30:00,1999.599975585938,2015.0,1981.0,2010.900024414062,1984.084350585938,513550,Lupin,India,LUPIN.NS
2025-06-16 18:30:00,2010.900024414062,2019.599975585938,1935.199951171875,1944.0,1918.076416015625,1196883,Lupin,India,LUPIN.NS
2025-06-17 18:30:00,1944.0,1960.900024414062,1932.5,1954.0,1927.942993164062,994189,Lupin,India,LUPIN.NS
2025-06-18 18:30:00,1954.0,1955.800048828125,1927.199951171875,1931.800048828125,1906.0390625,617836,Lupin,India,LUPIN.NS
2025-06-19 18:30:00,1928.0,1954.699951171875,1920.599975585938,1948.0,1922.023071289062,753312,Lupin,India,LUPIN.NS
2025-06-22 18:30:00,1925.099975585938,1948.099975585938,1921.400024414062,1927.199951171875,1901.500366210938,615853,Lupin,India,LUPIN.NS
2025-06-23 18:30:00,1941.0,1964.400024414062,1926.199951171875,1930.800048828125,1905.052368164062,594546,Lupin,India,LUPIN.NS
2025-06-24 18:30:00,1940.0,1953.0,1923.5,1935.300048828125,1909.492431640625,585479,Lupin,India,LUPIN.NS
2025-06-25 18:30:00,1940.0,1941.099975585938,1910.0,1928.699951171875,1902.980346679688,1733659,Lupin,India,LUPIN.NS
2025-06-26 18:30:00,1935.300048828125,1952.800048828125,1924.099975585938,1935.199951171875,1909.393676757812,3591856,Lupin,India,LUPIN.NS
2025-06-29 18:30:00,1938.5,1961.900024414062,1925.0,1938.0,1912.156372070312,747414,Lupin,India,LUPIN.NS
2025-06-30 18:30:00,1949.0,1970.0,1905.0,1960.900024414062,1934.7509765625,1092022,Lupin,India,LUPIN.NS
2025-07-01 18:30:00,1975.0,1984.0,1942.699951171875,1968.400024414062,1942.151000976562,1446106,Lupin,India,LUPIN.NS
2025-07-02 18:30:00,1968.400024414062,1968.5,1937.900024414062,1954.800048828125,1928.732421875,739865,Lupin,India,LUPIN.NS
2025-07-03 18:30:00,1962.0,1996.0,1957.0,1980.900024414062,1954.484375,934950,Lupin,India,LUPIN.NS
2025-07-06 18:30:00,1985.0,1990.800048828125,1965.0,1978.599975585938,1952.214965820312,475907,Lupin,India,LUPIN.NS
2025-07-07 18:30:00,1975.0,1977.5,1915.0,1922.099975585938,1896.468383789062,1904205,Lupin,India,LUPIN.NS
2025-07-08 18:30:00,1933.400024414062,1965.5,1906.900024414062,1914.199951171875,1888.673706054688,1578005,Lupin,India,LUPIN.NS
2025-07-09 18:30:00,1919.900024414062,1922.5,1882.0,1894.800048828125,1869.532470703125,2074057,Lupin,India,LUPIN.NS
2025-07-10 18:30:00,1895.0,1903.800048828125,1875.0,1894.699951171875,1869.433715820312,1511071,Lupin,India,LUPIN.NS
2025-07-13 18:30:00,1894.699951171875,1935.0,1888.599975585938,1926.099975585938,1900.415161132812,624180,Lupin,India,LUPIN.NS
2025-07-14 18:30:00,1931.0,1960.0,1914.199951171875,1950.699951171875,1924.68701171875,989778,Lupin,India,LUPIN.NS
2025-07-15 18:30:00,1950.0,1956.0,1925.199951171875,1930.099975585938,1904.361694335938,562381,Lupin,India,LUPIN.NS
2025-07-16 18:30:00,1938.0,1961.599975585938,1935.0,1955.699951171875,1929.620361328125,582993,Lupin,India,LUPIN.NS
2025-07-17 18:30:00,1949.5,1958.900024414062,1926.5,1932.199951171875,1906.433715820312,642199,Lupin,India,LUPIN.NS
2025-07-20 18:30:00,1927.0,1942.0,1915.0,1921.0,1895.383056640625,508571,Lupin,India,LUPIN.NS
2025-07-21 18:30:00,1930.0,1947.5,1877.300048828125,1903.199951171875,1877.820434570312,2218870,Lupin,India,LUPIN.NS
2025-07-22 18:30:00,1905.0,1924.0,1905.0,1920.5,1894.889770507812,374768,Lupin,India,LUPIN.NS
2025-07-23 18:30:00,1921.5,1955.900024414062,1914.699951171875,1941.400024414062,1915.510986328125,667641,Lupin,India,LUPIN.NS
2025-07-24 18:30:00,1932.0,1960.0,1924.900024414062,1951.0,1936.95556640625,681217,Lupin,India,LUPIN.NS
2025-07-27 18:30:00,1952.0,1984.0,1949.0,1960.5,1946.38720703125,784930,Lupin,India,LUPIN.NS
2025-07-28 18:30:00,1954.900024414062,1987.0,1947.699951171875,1984.599975585938,1970.313720703125,907495,Lupin,India,LUPIN.NS
2025-07-29 18:30:00,1986.0,1992.099975585938,1940.0,1984.599975585938,1970.313720703125,754124,Lupin,India,LUPIN.NS
2025-07-30 18:30:00,1935.0,1969.800048828125,1924.300048828125,1929.099975585938,1915.213256835938,1105512,Lupin,India,LUPIN.NS
2025-07-31 18:30:00,1931.0,1931.0,1860.699951171875,1867.300048828125,1853.858154296875,1243065,Lupin,India,LUPIN.NS
2025-08-03 18:30:00,1883.900024414062,1899.0,1857.099975585938,1882.199951171875,1868.650756835938,515426,Lupin,India,LUPIN.NS
2025-08-04 18:30:00,1889.0,1890.900024414062,1855.599975585938,1864.5,1851.078247070312,877812,Lupin,India,LUPIN.NS
2025-08-05 18:30:00,1908.0,1908.0,1836.800048828125,1851.800048828125,1838.4697265625,2735877,Lupin,India,LUPIN.NS
2025-08-06 18:30:00,1855.900024414062,1952.699951171875,1855.0,1944.199951171875,1930.204467773438,4166570,Lupin,India,LUPIN.NS
2025-08-07 18:30:00,1933.0,1939.199951171875,1912.199951171875,1918.0,1904.193115234375,1159423,Lupin,India,LUPIN.NS
2025-08-10 18:30:00,1918.0,1950.699951171875,1906.300048828125,1944.800048828125,1930.80029296875,1016105,Lupin,India,LUPIN.NS
2025-08-11 18:30:00,1937.599975585938,1960.699951171875,1932.0,1943.800048828125,1929.807495117188,1091418,Lupin,India,LUPIN.NS
2025-08-12 18:30:00,1943.800048828125,2005.800048828125,1943.800048828125,1989.800048828125,1975.476318359375,875771,Lupin,India,LUPIN.NS
2025-08-13 18:30:00,1990.0,2009.800048828125,1957.699951171875,1961.599975585938,1947.479248046875,859101,Lupin,India,LUPIN.NS
2025-08-17 18:30:00,1975.0,1984.699951171875,1950.900024414062,1968.300048828125,1954.131103515625,711882,Lupin,India,LUPIN.NS
2025-08-18 18:30:00,1972.0,1986.099975585938,1962.099975585938,1968.599975585938,1954.428833007812,475802,Lupin,India,LUPIN.NS
2025-08-19 18:30:00,1968.599975585938,1970.0,1932.800048828125,1940.300048828125,1926.332641601562,562011,Lupin,India,LUPIN.NS
2025-08-20 18:30:00,1942.199951171875,1969.699951171875,1932.099975585938,1962.5,1948.372802734375,1128325,Lupin,India,LUPIN.NS
2025-08-21 18:30:00,1970.0,1978.800048828125,1962.5,1974.699951171875,1960.484985351562,380574,Lupin,India,LUPIN.NS
2025-08-24 18:30:00,1984.0,1985.900024414062,1959.300048828125,1966.300048828125,1952.1455078125,322362,Lupin,India,LUPIN.NS
2025-08-25 18:30:00,1963.099975585938,1963.099975585938,1911.0,1924.599975585938,1910.74560546875,1523467,Lupin,India,LUPIN.NS
2025-08-27 18:30:00,1930.0,1934.099975585938,1893.099975585938,1902.400024414062,1888.705444335938,503381,Lupin,India,LUPIN.NS
2025-08-28 18:30:00,1902.400024414062,1917.699951171875,1890.0,1894.900024414062,1881.259399414062,865960,Lupin,India,LUPIN.NS
2025-08-31 18:30:00,1887.099975585938,1928.099975585938,1887.099975585938,1898.0,1884.337158203125,482030,Lupin,India,LUPIN.NS
2025-09-01 18:30:00,1908.0,1908.0,1882.400024414062,1889.699951171875,1876.096801757812,405325,Lupin,India,LUPIN.NS
2025-09-02 18:30:00,1899.0,1953.800048828125,1875.0,1951.099975585938,1937.054809570312,607223,Lupin,India,LUPIN.NS
2025-09-03 18:30:00,1961.0,1964.400024414062,1931.099975585938,1939.199951171875,1925.240478515625,382655,Lupin,India,LUPIN.NS
2025-09-04 18:30:00,1941.900024414062,1970.0,1932.0,1943.900024414062,1929.90673828125,319959,Lupin,India,LUPIN.NS
2025-09-07 18:30:00,1935.0,1961.400024414062,1921.5,1947.199951171875,1933.182861328125,329889,Lupin,India,LUPIN.NS
2025-09-08 18:30:00,1937.099975585938,1964.5,1934.699951171875,1957.300048828125,1943.210327148438,486792,Lupin,India,LUPIN.NS
2025-09-09 18:30:00,1969.0,1983.300048828125,1954.800048828125,1979.699951171875,1965.448974609375,849638,Lupin,India,LUPIN.NS
2025-09-10 18:30:00,1982.0,2016.800048828125,1974.0,1988.0,1973.689208984375,565708,Lupin,India,LUPIN.NS
2025-09-11 18:30:00,2022.0,2055.0,2021.099975585938,2043.400024414062,2028.6904296875,1611446,Lupin,India,LUPIN.NS
2025-09-14 18:30:00,2043.0,2048.0,2018.099975585938,2046.0,2031.271728515625,594605,Lupin,India,LUPIN.NS
2025-09-15 18:30:00,2039.0,2062.800048828125,2036.400024414062,2051.800048828125,2037.030029296875,520267,Lupin,India,LUPIN.NS
2025-09-16 18:30:00,2030.0,2057.800048828125,2015.0,2031.199951171875,2016.578247070312,672304,Lupin,India,LUPIN.NS
2025-09-17 18:30:00,2041.900024414062,2050.0,2022.599975585938,2046.599975585938,2031.867431640625,453509,Lupin,India,LUPIN.NS
2025-09-18 18:30:00,2052.0,2061.0,2041.5,2055.60009765625,2040.802734375,712388,Lupin,India,LUPIN.NS
2025-09-21 18:30:00,2045.800048828125,2052.89990234375,1998.5,2004.400024414062,1989.97119140625,548456,Lupin,India,LUPIN.NS
2025-09-22 18:30:00,2017.0,2020.099975585938,1998.300048828125,2007.0,1992.552490234375,454836,Lupin,India,LUPIN.NS
2025-09-23 18:30:00,2004.099975585938,2014.900024414062,1988.0,1990.900024414062,1976.568359375,403694,Lupin,India,LUPIN.NS
2025-09-24 18:30:00,2020.0,2040.0,1959.0,1963.5,1949.365600585938,1382226,Lupin,India,LUPIN.NS
2025-09-25 18:30:00,1930.5,1952.800048828125,1913.300048828125,1919.800048828125,1905.980224609375,1121424,Lupin,India,LUPIN.NS
2025-09-28 18:30:00,1925.599975585938,1958.0,1920.199951171875,1933.199951171875,1919.28369140625,1513775,Lupin,India,LUPIN.NS
2025-09-29 18:30:00,1941.0,1957.599975585938,1901.800048828125,1911.300048828125,1897.541381835938,1027361,Lupin,India,LUPIN.NS
2025-09-30 18:30:00,1917.400024414062,1990.0,1917.0,1981.300048828125,1967.037475585938,2121653,Lupin,India,LUPIN.NS
2025-10-02 18:30:00,1984.400024414062,2006.099975585938,1969.099975585938,1973.599975585938,1959.392822265625,763789,Lupin,India,LUPIN.NS
2025-10-05 18:30:00,1950.0,1972.900024414062,1929.199951171875,1937.300048828125,1923.354248046875,1001317,Lupin,India,LUPIN.NS
2025-10-06 18:30:00,1946.0,1946.400024414062,1918.599975585938,1924.800048828125,1910.944213867188,665614,Lupin,India,LUPIN.NS
2025-10-07 18:30:00,1932.699951171875,1942.0,1901.0,1905.599975585938,1891.88232421875,556107,Lupin,India,LUPIN.NS
2025-10-08 18:30:00,1933.0,1984.199951171875,1930.599975585938,1957.599975585938,1943.508056640625,2308301,Lupin,India,LUPIN.NS
2025-10-09 18:30:00,1957.599975585938,1985.0,1931.699951171875,1959.300048828125,1945.195922851562,855550,Lupin,India,LUPIN.NS
2025-10-12 18:30:00,1950.099975585938,1982.300048828125,1946.400024414062,1972.400024414062,1958.201538085938,530857,Lupin,India,LUPIN.NS
2025-10-13 18:30:00,1961.0,1976.900024414062,1932.0,1937.300048828125,1923.354248046875,751565,Lupin,India,LUPIN.NS
2025-10-14 18:30:00,1947.0,1958.599975585938,1931.099975585938,1940.5,1926.531127929688,636814,Lupin,India,LUPIN.NS
2025-10-15 18:30:00,1955.0,1955.0,1935.599975585938,1951.199951171875,1937.154052734375,375071,Lupin,India,LUPIN.NS
2025-10-16 18:30:00,1960.0,1960.0,1923.199951171875,1940.0,1926.034790039062,869998,Lupin,India,LUPIN.NS
2025-10-19 18:30:00,1954.0,1964.0,1936.900024414062,1943.800048828125,1929.807495117188,882938,Lupin,India,LUPIN.NS
2025-10-20 18:30:00,1955.0,1959.300048828125,1940.099975585938,1942.300048828125,1928.318237304688,45815,Lupin,India,LUPIN.NS
2025-10-22 18:30:00,1969.900024414062,1969.900024414062,1934.0,1939.800048828125,1925.836303710938,803342,Lupin,India,LUPIN.NS
2025-10-23 18:30:00,1941.900024414062,1957.800048828125,1920.0,1931.199951171875,1917.298095703125,465760,Lupin,India,LUPIN.NS
2025-10-26 18:30:00,1938.0,1941.0,1918.5,1922.900024414062,1909.057861328125,242757,Lupin,India,LUPIN.NS
2025-10-27 18:30:00,1916.0,1932.199951171875,1900.0,1918.699951171875,1904.888061523438,669159,Lupin,India,LUPIN.NS
2025-10-28 18:30:00,1918.699951171875,1960.0,1918.699951171875,1955.900024414062,1941.8203125,845205,Lupin,India,LUPIN.NS
2025-10-29 18:30:00,1956.0,1956.099975585938,1926.900024414062,1945.800048828125,1931.793090820312,943924,Lupin,India,LUPIN.NS
2025-10-30 18:30:00,1945.900024414062,1976.0,1936.099975585938,1963.5,1949.365600585938,1017447,Lupin,India,LUPIN.NS
2025-11-02 18:30:00,1967.0,2008.0,1946.599975585938,1983.800048828125,1969.51953125,1766857,Lupin,India,LUPIN.NS
2025-11-03 18:30:00,1985.800048828125,2016.5,1969.699951171875,1997.0,1982.62451171875,1202638,Lupin,India,LUPIN.NS
2025-11-05 18:30:00,2010.900024414062,2011.0,1944.099975585938,1955.5,1941.423217773438,1405493,Lupin,India,LUPIN.NS
2025-11-06 18:30:00,1984.0,2002.0,1960.0,1971.800048828125,1957.60595703125,3553381,Lupin,India,LUPIN.NS
2025-11-09 18:30:00,1980.099975585938,2028.0,1980.099975585938,1990.199951171875,1975.873413085938,1717376,Lupin,India,LUPIN.NS
2025-11-10 18:30:00,1998.0,1998.0,1971.599975585938,1975.900024414062,1961.676391601562,1666173,Lupin,India,LUPIN.NS
2025-11-11 18:30:00,1983.199951171875,2040.0,1971.800048828125,2033.900024414062,2019.2587890625,1490995,Lupin,India,LUPIN.NS
2025-11-12 18:30:00,2051.60009765625,2068.300048828125,2033.5,2052.89990234375,2038.121948242188,1386426,Lupin,India,LUPIN.NS
2025-11-13 18:30:00,2053.89990234375,2069.199951171875,2035.800048828125,2055.300048828125,2040.5048828125,591657,Lupin,India,LUPIN.NS
2025-11-16 18:30:00,2074.89990234375,2076.60009765625,2043.099975585938,2052.10009765625,2037.327880859375,989649,Lupin,India,LUPIN.NS
2025-11-17 18:30:00,2064.0,2064.0,2038.300048828125,2047.400024414062,2032.66162109375,1357360,Lupin,India,LUPIN.NS
2025-11-18 18:30:00,2055.0,2055.0,2019.699951171875,2025.400024414062,2010.820068359375,684024,Lupin,India,LUPIN.NS
2025-11-19 18:30:00,2035.0,2042.5,2024.0,2030.800048828125,2016.18115234375,603128,Lupin,India,LUPIN.NS
2025-11-20 18:30:00,2032.699951171875,2037.900024414062,2021.199951171875,2029.400024414062,2014.791259765625,2372385,Lupin,India,LUPIN.NS
2025-11-23 18:30:00,2010.699951171875,2012.199951171875,1983.5,1999.599975585938,1985.205688476562,3126857,Lupin,India,LUPIN.NS
2025-11-24 18:30:00,2011.699951171875,2052.5,2001.099975585938,2042.300048828125,2027.598388671875,1446889,Lupin,India,LUPIN.NS
2025-11-25 18:30:00,2042.300048828125,2074.0,2035.300048828125,2071.60009765625,2056.6875,615108,Lupin,India,LUPIN.NS
2025-11-26 18:30:00,2077.199951171875,2083.89990234375,2060.199951171875,2071.39990234375,2056.48876953125,684337,Lupin,India,LUPIN.NS
2025-11-27 18:30:00,2074.0,2091.39990234375,2070.39990234375,2082.199951171875,2067.211181640625,822625,Lupin,India,LUPIN.NS
2025-11-30 18:30:00,2094.89990234375,2107.39990234375,2062.39990234375,2081.89990234375,2066.9130859375,753627,Lupin,India,LUPIN.NS
2025-12-01 18:30:00,2089.89990234375,2099.89990234375,2074.5,2082.699951171875,2067.70751953125,1195482,Lupin,India,LUPIN.NS
2025-12-02 18:30:00,2082.699951171875,2102.800048828125,2053.60009765625,2080.10009765625,2065.12646484375,1097912,Lupin,India,LUPIN.NS
2025-12-03 18:30:00,2086.800048828125,2095.199951171875,2066.300048828125,2092.0,2076.940673828125,696481,Lupin,India,LUPIN.NS
2025-12-04 18:30:00,2095.0,2105.0,2083.10009765625,2098.800048828125,2083.691650390625,971873,Lupin,India,LUPIN.NS
2025-12-07 18:30:00,2091.800048828125,2099.39990234375,2055.10009765625,2070.699951171875,2055.7939453125,1254639,Lupin,India,LUPIN.NS
2025-12-08 18:30:00,2070.0,2073.0,2036.699951171875,2051.800048828125,2037.030029296875,948623,Lupin,India,LUPIN.NS
2025-12-09 18:30:00,2064.89990234375,2075.0,2050.800048828125,2055.39990234375,2040.60400390625,958328,Lupin,India,LUPIN.NS
2025-12-10 18:30:00,2062.0,2085.89990234375,2046.599975585938,2081.800048828125,2066.81396484375,585053,Lupin,India,LUPIN.NS
2025-12-11 18:30:00,2083.0,2117.199951171875,2080.0,2113.89990234375,2098.682861328125,574240,Lupin,India,LUPIN.NS
2025-12-14 18:30:00,2121.89990234375,2121.89990234375,2086.39990234375,2092.60009765625,2077.536376953125,492484,Lupin,India,LUPIN.NS
2025-12-15 18:30:00,2096.60009765625,2099.89990234375,2077.60009765625,2090.60009765625,2075.55078125,604167,Lupin,India,LUPIN.NS
2025-12-16 18:30:00,2100.89990234375,2128.0,2095.89990234375,2113.10009765625,2097.888916015625,784183,Lupin,India,LUPIN.NS
2025-12-17 18:30:00,2116.10009765625,2127.10009765625,2098.0,2119.10009765625,2103.845703125,515063,Lupin,India,LUPIN.NS
2025-12-18 18:30:00,2127.0,2146.89990234375,2111.10009765625,2125.800048828125,2110.497314453125,595995,Lupin,India,LUPIN.NS
2025-12-21 18:30:00,2128.800048828125,2138.699951171875,2116.60009765625,2126.300048828125,2110.99365234375,476091,Lupin,India,LUPIN.NS
2025-12-22 18:30:00,2131.800048828125,2131.800048828125,2103.5,2113.5,2098.285888671875,212827,Lupin,India,LUPIN.NS
2025-12-23 18:30:00,2110.0,2115.0,2096.199951171875,2107.0,2091.83251953125,473286,Lupin,India,LUPIN.NS
2025-12-25 18:30:00,2107.199951171875,2117.0,2095.699951171875,2112.39990234375,2097.193603515625,987508,Lupin,India,LUPIN.NS
2025-12-28 18:30:00,2112.39990234375,2114.0,2078.10009765625,2082.10009765625,2067.112060546875,639376,Lupin,India,LUPIN.NS
2025-12-29 18:30:00,2091.699951171875,2098.800048828125,2065.10009765625,2080.39990234375,2065.424072265625,1710128,Lupin,India,LUPIN.NS
2025-12-30 18:30:00,2095.0,2115.699951171875,2077.800048828125,2109.5,2094.314697265625,645858,Lupin,India,LUPIN.NS
2025-12-31 18:30:00,2114.0,2114.0,2082.0,2102.800048828125,2087.662841796875,380593,Lupin,India,LUPIN.NS
2026-01-01 18:30:00,2103.0,2122.10009765625,2095.5,2105.300048828125,2090.144775390625,252908,Lupin,India,LUPIN.NS
2026-01-04 18:30:00,2105.300048828125,2112.199951171875,2073.60009765625,2083.699951171875,2068.7001953125,574277,Lupin,India,LUPIN.NS
2026-01-05 18:30:00,2083.60009765625,2160.0,2077.0,2149.699951171875,2134.22509765625,1795864,Lupin,India,LUPIN.NS
2026-01-06 18:30:00,2161.0,2226.300048828125,2146.300048828125,2214.300048828125,2198.3603515625,1368118,Lupin,India,LUPIN.NS
2026-01-07 18:30:00,2220.89990234375,2221.0,2185.699951171875,2190.89990234375,2175.128662109375,838882,Lupin,India,LUPIN.NS
2026-01-08 18:30:00,2191.0,2195.0,2156.0,2182.199951171875,2166.4912109375,929502,Lupin,India,LUPIN.NS
2026-01-11 18:30:00,2174.0,2197.699951171875,2139.699951171875,2188.39990234375,2172.646484375,623831,Lupin,India,LUPIN.NS
2026-01-12 18:30:00,2190.39990234375,2205.0,2157.300048828125,2179.0,2163.314208984375,892652,Lupin,India,LUPIN.NS
2026-01-13 18:30:00,2168.199951171875,2216.699951171875,2156.39990234375,2195.89990234375,2180.092529296875,737880,Lupin,India,LUPIN.NS
2026-01-14 18:30:00,2195.89990234375,2195.89990234375,2195.89990234375,2195.89990234375,2180.092529296875,0,Lupin,India,LUPIN.NS
2026-01-15 18:30:00,2205.0,2217.39990234375,2173.0,2177.89990234375,2162.22216796875,1011431,Lupin,India,LUPIN.NS
2026-01-18 18:30:00,2155.0,2188.60009765625,2145.0,2177.10009765625,2161.427978515625,792609,Lupin,India,LUPIN.NS
2026-01-19 18:30:00,2177.10009765625,2180.0,2152.800048828125,2168.300048828125,2152.69140625,873360,Lupin,India,LUPIN.NS
2026-01-20 18:30:00,2168.300048828125,2210.0,2132.0,2140.699951171875,2125.2900390625,1009184,Lupin,India,LUPIN.NS
2026-01-21 18:30:00,2149.0,2188.699951171875,2147.10009765625,2163.199951171875,2147.6279296875,635760,Lupin,India,LUPIN.NS
2026-01-22 18:30:00,2167.0,2178.0,2130.300048828125,2137.199951171875,2121.815185546875,578417,Lupin,India,LUPIN.NS
2026-01-26 18:30:00,2140.5,2162.60009765625,2121.0,2150.5,2135.01953125,842777,Lupin,India,LUPIN.NS
2026-01-27 18:30:00,2154.89990234375,2162.60009765625,2116.60009765625,2129.5,2114.170654296875,926440,Lupin,India,LUPIN.NS
2026-01-28 18:30:00,2125.199951171875,2137.89990234375,2088.0,2132.10009765625,2116.751953125,694722,Lupin,India,LUPIN.NS
2026-01-29 18:30:00,2130.0,2168.0,2120.300048828125,2152.800048828125,2137.302978515625,1149131,Lupin,India,LUPIN.NS
2026-02-01 18:30:00,2135.300048828125,2148.0,2078.199951171875,2129.39990234375,2114.0712890625,567484,Lupin,India,LUPIN.NS
2026-02-02 18:30:00,2225.0,2225.0,2163.699951171875,2185.89990234375,2170.16455078125,1252989,Lupin,India,LUPIN.NS
2026-02-03 18:30:00,2196.300048828125,2210.10009765625,2159.199951171875,2195.199951171875,2179.397705078125,984948,Lupin,India,LUPIN.NS
2026-02-04 18:30:00,2204.0,2244.5,2196.89990234375,2218.5,2202.530029296875,1046965,Lupin,India,LUPIN.NS
2026-02-05 18:30:00,2214.0,2214.0,2162.10009765625,2173.699951171875,2158.052490234375,600785,Lupin,India,LUPIN.NS
2026-02-08 18:30:00,2189.89990234375,2215.5,2168.5,2196.800048828125,2180.986328125,619264,Lupin,India,LUPIN.NS
2026-02-09 18:30:00,2214.0,2233.800048828125,2196.199951171875,2204.10009765625,2188.233642578125,692201,Lupin,India,LUPIN.NS
2026-02-10 18:30:00,2215.0,2230.300048828125,2198.10009765625,2209.10009765625,2193.19775390625,560095,Lupin,India,LUPIN.NS
2026-02-11 18:30:00,2218.0,2221.300048828125,2171.699951171875,2211.10009765625,2195.183349609375,804229,Lupin,India,LUPIN.NS
2026-02-12 18:30:00,2210.0,2219.199951171875,2160.0,2199.300048828125,2183.46826171875,1126141,Lupin,India,LUPIN.NS
2026-02-15 18:30:00,2219.300048828125,2238.800048828125,2191.89990234375,2221.5,2205.50830078125,1256981,Lupin,India,LUPIN.NS
2026-02-16 18:30:00,2235.0,2263.0,2228.0,2247.5,2231.3212890625,932836,Lupin,India,LUPIN.NS
2026-02-17 18:30:00,2255.0,2255.0,2220.800048828125,2226.699951171875,2210.6708984375,381520,Lupin,India,LUPIN.NS
2026-02-18 18:30:00,2234.0,2251.0,2205.10009765625,2228.699951171875,2212.656494140625,492280,Lupin,India,LUPIN.NS
2026-02-19 18:30:00,2218.0,2241.199951171875,2210.39990234375,2219.39990234375,2203.42333984375,509573,Lupin,India,LUPIN.NS
2026-02-22 18:30:00,2220.0,2254.39990234375,2210.5,2241.39990234375,2225.26513671875,745467,Lupin,India,LUPIN.NS
2026-02-23 18:30:00,2252.5,2257.89990234375,2235.0,2250.199951171875,2234.001708984375,1074791,Lupin,India,LUPIN.NS
2026-02-24 18:30:00,2267.199951171875,2299.699951171875,2254.800048828125,2292.199951171875,2275.699462890625,1104224,Lupin,India,LUPIN.NS
2026-02-25 18:30:00,2292.199951171875,2331.800048828125,2288.800048828125,2323.199951171875,2306.476318359375,914955,Lupin,India,LUPIN.NS
2026-02-26 18:30:00,2330.0,2336.300048828125,2291.699951171875,2301.89990234375,2285.32958984375,955385,Lupin,India,LUPIN.NS
2026-03-01 18:30:00,2275.60009765625,2322.39990234375,2261.300048828125,2311.10009765625,2294.46337890625,580930,Lupin,India,LUPIN.NS
2026-03-03 18:30:00,2311.10009765625,2312.0,2268.39990234375,2304.89990234375,2288.307861328125,1343538,Lupin,India,LUPIN.NS
2026-03-04 18:30:00,2310.0,2361.60009765625,2310.0,2332.89990234375,2316.1064453125,1683119,Lupin,India,LUPIN.NS
2026-03-05 18:30:00,2341.0,2369.5,2324.800048828125,2343.800048828125,2326.927978515625,1374145,Lupin,India,LUPIN.NS
2026-03-08 18:30:00,2310.0,2319.89990234375,2284.39990234375,2303.10009765625,2286.52099609375,852490,Lupin,India,LUPIN.NS
2026-03-09 18:30:00,2318.0,2358.0,2314.60009765625,2337.39990234375,2320.573974609375,1118753,Lupin,India,LUPIN.NS
2026-03-10 18:30:00,2350.0,2377.60009765625,2336.5,2344.60009765625,2327.722412109375,985107,Lupin,India,LUPIN.NS
2026-03-11 18:30:00,2337.0,2361.39990234375,2306.0,2357.300048828125,2340.330810546875,870863,Lupin,India,LUPIN.NS
2026-03-12 18:30:00,2348.0,2361.89990234375,2297.199951171875,2314.89990234375,2298.23583984375,695882,Lupin,India,LUPIN.NS
2026-03-15 18:30:00,2301.10009765625,2312.0,2251.0,2290.39990234375,2273.912353515625,614808,Lupin,India,LUPIN.NS
2026-03-16 18:30:00,2306.0,2312.199951171875,2285.39990234375,2298.199951171875,2281.65625,723707,Lupin,India,LUPIN.NS
2026-03-17 18:30:00,2295.300048828125,2323.0,2295.300048828125,2302.39990234375,2285.825927734375,1168283,Lupin,India,LUPIN.NS
2026-03-18 18:30:00,2278.0,2295.0,2241.60009765625,2251.5,2235.29248046875,372325,Lupin,India,LUPIN.NS
2026-03-19 18:30:00,2275.0,2337.800048828125,2265.10009765625,2322.5,2305.78125,1089433,Lupin,India,LUPIN.NS
2026-03-22 18:30:00,2319.699951171875,2321.0,2282.10009765625,2296.699951171875,2280.1669921875,1092156,Lupin,India,LUPIN.NS
2026-03-23 18:30:00,2325.0,2348.89990234375,2280.5,2331.800048828125,2315.014404296875,1275818,Lupin,India,LUPIN.NS
2026-03-24 18:30:00,2338.699951171875,2360.699951171875,2331.199951171875,2347.60009765625,2330.70068359375,1159296,Lupin,India,LUPIN.NS
2026-03-26 18:30:00,2347.60009765625,2369.300048828125,2323.39990234375,2334.800048828125,2317.992919921875,951114,Lupin,India,LUPIN.NS
2026-03-29 18:30:00,2324.10009765625,2332.800048828125,2295.5,2313.89990234375,2297.2431640625,1593494,Lupin,India,LUPIN.NS
2026-03-31 18:30:00,2346.0,2359.89990234375,2258.89990234375,2274.89990234375,2258.52392578125,2010354,Lupin,India,LUPIN.NS
2026-04-01 18:30:00,2269.199951171875,2286.0,2170.10009765625,2274.5,2258.126953125,1231890,Lupin,India,LUPIN.NS
2026-04-05 18:30:00,2270.10009765625,2290.0,2232.800048828125,2279.89990234375,2263.48779296875,792605,Lupin,India,LUPIN.NS
2026-04-06 18:30:00,2260.0,2309.89990234375,2246.89990234375,2298.300048828125,2281.755615234375,546081,Lupin,India,LUPIN.NS
2026-04-07 18:30:00,2335.300048828125,2339.0,2256.10009765625,2294.10009765625,2277.5859375,1850253,Lupin,India,LUPIN.NS
2026-04-08 18:30:00,2300.199951171875,2314.39990234375,2272.0,2295.10009765625,2278.57861328125,2196761,Lupin,India,LUPIN.NS
2026-04-09 18:30:00,2301.60009765625,2336.39990234375,2290.10009765625,2333.800048828125,2317.0,1268810,Lupin,India,LUPIN.NS
2026-04-12 18:30:00,2316.699951171875,2338.89990234375,2301.10009765625,2315.10009765625,2298.4345703125,746223,Lupin,India,LUPIN.NS
2026-04-14 18:30:00,2348.0,2352.89990234375,2315.10009765625,2338.89990234375,2322.063232421875,908344,Lupin,India,LUPIN.NS
2026-04-15 18:30:00,2349.5,2350.0,2296.0,2327.0,2310.2490234375,985698,Lupin,India,LUPIN.NS
2026-04-16 18:30:00,2316.0,2335.0,2300.0,2326.10009765625,2309.35546875,999957,Lupin,India,LUPIN.NS
2026-04-19 18:30:00,2323.0,2339.300048828125,2303.699951171875,2328.699951171875,2311.9365234375,720175,Lupin,India,LUPIN.NS
2026-04-20 18:30:00,2333.0,2340.199951171875,2304.0,2311.5,2294.860595703125,527927,Lupin,India,LUPIN.NS
2026-04-21 18:30:00,2304.699951171875,2318.60009765625,2285.10009765625,2307.89990234375,2291.286376953125,989132,Lupin,India,LUPIN.NS
2026-04-22 18:30:00,2307.89990234375,2381.0,2293.89990234375,2341.39990234375,2324.545166015625,1116471,Lupin,India,LUPIN.NS
2026-04-23 18:30:00,2347.300048828125,2351.5,2262.0,2296.10009765625,2279.571533203125,1299351,Lupin,India,LUPIN.NS
2026-04-26 18:30:00,2304.89990234375,2341.0,2296.199951171875,2324.5,2307.766845703125,898638,Lupin,India,LUPIN.NS
2026-04-27 18:30:00,2299.10009765625,2319.39990234375,2260.300048828125,2302.699951171875,2286.123779296875,1261666,Lupin,India,LUPIN.NS
2026-04-28 18:30:00,2314.0,2333.800048828125,2302.699951171875,2311.39990234375,2294.76123046875,706510,Lupin,India,LUPIN.NS
2026-04-29 18:30:00,2297.0,2317.39990234375,2277.699951171875,2305.199951171875,2288.605712890625,1095515,Lupin,India,LUPIN.NS
2026-04-30 18:30:00,2305.199951171875,2305.199951171875,2305.199951171875,2305.199951171875,2288.605712890625,0,Lupin,India,LUPIN.NS
2026-05-03 18:30:00,2320.0,2361.89990234375,2304.10009765625,2348.800048828125,2331.89208984375,1305028,Lupin,India,LUPIN.NS
2026-05-04 18:30:00,2354.0,2364.60009765625,2326.60009765625,2343.300048828125,2326.431640625,1419075,Lupin,India,LUPIN.NS
2026-05-05 18:30:00,2362.300048828125,2459.0,2350.39990234375,2442.89990234375,2425.314453125,2886186,Lupin,India,LUPIN.NS
2026-05-06 18:30:00,2454.89990234375,2494.0,2430.39990234375,2460.10009765625,2442.390869140625,1409904,Lupin,India,LUPIN.NS
2026-05-07 18:30:00,2425.0,2475.0,2347.89990234375,2379.5,2362.37109375,3207239,Lupin,India,LUPIN.NS
2026-05-10 18:30:00,2330.39990234375,2330.39990234375,2236.10009765625,2255.89990234375,2239.66064453125,3278889,Lupin,India,LUPIN.NS
2026-05-11 18:30:00,2256.0,2289.800048828125,2233.0,2245.39990234375,2229.236328125,1412650,Lupin,India,LUPIN.NS
2026-05-12 18:30:00,2245.800048828125,2267.199951171875,2210.60009765625,2215.60009765625,2199.65087890625,1323687,Lupin,India,LUPIN.NS
2026-05-13 18:30:00,2248.0,2273.800048828125,2225.0,2258.199951171875,2241.944091796875,1452555,Lupin,India,LUPIN.NS
2026-05-14 18:30:00,2268.0,2299.0,2254.10009765625,2276.199951171875,2259.814453125,2059751,Lupin,India,LUPIN.NS
2026-05-17 18:30:00,2240.0,2274.89990234375,2214.10009765625,2252.39990234375,2236.185791015625,907343,Lupin,India,LUPIN.NS
2026-05-18 18:30:00,2252.39990234375,2294.0,2250.5,2287.39990234375,2270.933837890625,1242712,Lupin,India,LUPIN.NS
2026-05-19 18:30:00,2275.10009765625,2309.60009765625,2264.800048828125,2285.5,2269.047607421875,1189737,Lupin,India,LUPIN.NS
2026-05-20 18:30:00,2297.10009765625,2304.300048828125,2269.60009765625,2284.5,2268.054931640625,1224058,Lupin,India,LUPIN.NS
2026-05-21 18:30:00,2297.0,2304.5,2270.0,2281.800048828125,2265.374267578125,1225221,Lupin,India,LUPIN.NS
2026-05-24 18:30:00,2294.0,2294.0,2269.800048828125,2287.199951171875,2270.7353515625,773725,Lupin,India,LUPIN.NS
2026-05-25 18:30:00,2287.199951171875,2294.0,2250.0,2266.0,2249.68798828125,889172,Lupin,India,LUPIN.NS
2026-05-26 18:30:00,2258.300048828125,2292.199951171875,2250.5,2276.39990234375,2260.01318359375,568728,Lupin,India,LUPIN.NS
2026-05-27 18:30:00,2276.39990234375,2276.39990234375,2276.39990234375,2276.39990234375,2260.01318359375,0,Lupin,India,LUPIN.NS
2026-05-28 18:30:00,2289.0,2301.39990234375,2256.199951171875,2267.699951171875,2251.375732421875,2937904,Lupin,India,LUPIN.NS
2026-05-31 18:30:00,2285.39990234375,2286.0,2231.199951171875,2262.89990234375,2246.6103515625,1482207,Lupin,India,LUPIN.NS
2026-06-01 18:30:00,2242.0,2259.199951171875,2219.800048828125,2249.800048828125,2233.604736328125,822811,Lupin,India,LUPIN.NS
2026-06-02 18:30:00,2248.60009765625,2265.0,2235.0,2261.199951171875,2244.922607421875,570270,Lupin,India,LUPIN.NS
2026-06-03 18:30:00,2261.60009765625,2270.800048828125,2244.699951171875,2249.800048828125,2233.604736328125,663261,Lupin,India,LUPIN.NS
2026-06-04 18:30:00,2275.39990234375,2306.300048828125,2260.0,2267.699951171875,2251.375732421875,1024417,Lupin,India,LUPIN.NS
2026-06-07 18:30:00,2232.199951171875,2275.0,2232.199951171875,2254.5,2238.270751953125,445006,Lupin,India,LUPIN.NS
2026-06-08 18:30:00,2261.699951171875,2271.39990234375,2247.300048828125,2264.199951171875,2247.90087890625,732939,Lupin,India,LUPIN.NS
2026-06-09 18:30:00,2264.199951171875,2280.5,2242.10009765625,2247.199951171875,2231.0234375,734927,Lupin,India,LUPIN.NS
2026-06-10 18:30:00,2247.199951171875,2286.0,2246.199951171875,2273.300048828125,2256.935546875,1038391,Lupin,India,LUPIN.NS
2026-06-11 18:30:00,2282.0,2297.10009765625,2269.5,2293.300048828125,2276.79150390625,613853,Lupin,India,LUPIN.NS
2026-06-14 18:30:00,2296.89990234375,2304.0,2261.10009765625,2273.10009765625,2256.737060546875,696820,Lupin,India,LUPIN.NS
2026-06-15 18:30:00,2284.39990234375,2286.699951171875,2255.10009765625,2277.800048828125,2261.403076171875,388578,Lupin,India,LUPIN.NS
2026-06-16 18:30:00,2272.699951171875,2284.300048828125,2253.60009765625,2272.0,2255.644775390625,594226,Lupin,India,LUPIN.NS
2026-06-17 18:30:00,2283.800048828125,2337.89990234375,2279.199951171875,2327.10009765625,2310.348388671875,934007,Lupin,India,LUPIN.NS
2026-06-18 18:30:00,2303.199951171875,2355.800048828125,2303.199951171875,2351.60009765625,2334.671875,1186959,Lupin,India,LUPIN.NS
2026-06-21 18:30:00,2360.0,2371.89990234375,2335.699951171875,2340.0,2323.1552734375,719167,Lupin,India,LUPIN.NS
2026-06-22 18:30:00,2345.0,2380.0,2344.10009765625,2357.800048828125,2340.8271484375,830828,Lupin,India,LUPIN.NS
2026-06-23 18:30:00,2362.0,2395.0,2360.0,2367.60009765625,2350.556640625,789891,Lupin,India,LUPIN.NS
2026-06-24 18:30:00,2374.89990234375,2390.800048828125,2336.89990234375,2343.5,2326.630126953125,317469,Lupin,India,LUPIN.NS
2026-06-25 18:30:00,2343.5,2343.5,2343.5,2343.5,2326.630126953125,0,Lupin,India,LUPIN.NS
2026-06-28 18:30:00,2350.0,2426.5,2343.60009765625,2409.300048828125,2391.95654296875,2044185,Lupin,India,LUPIN.NS
2026-06-29 18:30:00,2409.39990234375,2440.800048828125,2385.0,2419.0,2401.586669921875,1412728,Lupin,India,LUPIN.NS
2026-06-30 18:30:00,2428.0,2443.39990234375,2392.0,2397.5,2380.241455078125,470880,Lupin,India,LUPIN.NS
2026-07-01 18:30:00,2420.0,2423.800048828125,2382.699951171875,2399.60009765625,2382.326416015625,584679,Lupin,India,LUPIN.NS
2026-07-02 18:30:00,2420.0,2481.0,2407.60009765625,2476.0,2458.17626953125,939595,Lupin,India,LUPIN.NS
2026-07-05 18:30:00,2489.89990234375,2504.60009765625,2474.10009765625,2491.60009765625,2473.6640625,430477,Lupin,India,LUPIN.NS
2026-07-06 18:30:00,2497.800048828125,2517.0,2479.39990234375,2490.199951171875,2472.274169921875,672247,Lupin,India,LUPIN.NS
2026-07-07 18:30:00,2492.5,2526.89990234375,2445.699951171875,2459.0,2441.298828125,1198711,Lupin,India,LUPIN.NS
2026-07-08 18:30:00,2459.0,2522.699951171875,2455.0,2503.300048828125,2485.27978515625,570462,Lupin,India,LUPIN.NS
2026-07-09 18:30:00,2503.39990234375,2521.800048828125,2482.0,2496.300048828125,2478.330322265625,568432,Lupin,India,LUPIN.NS
2026-07-12 18:30:00,2495.0,2509.89990234375,2481.0,2492.60009765625,2474.656982421875,672899,Lupin,India,LUPIN.NS
2026-07-13 18:30:00,2495.0,2508.800048828125,2465.39990234375,2469.199951171875,2451.42529296875,811541,Lupin,India,LUPIN.NS
2026-07-14 18:30:00,2480.0,2509.89990234375,2477.5,2493.0,2475.053955078125,821069,Lupin,India,LUPIN.NS
2026-07-15 18:30:00,2506.0,2529.5,2496.39990234375,2500.5,2482.5,626383,Lupin,India,LUPIN.NS
2026-07-16 18:30:00,2480.699951171875,2489.60009765625,2428.0,2443.199951171875,2443.199951171875,678414,Lupin,India,LUPIN.NS
2026-07-19 18:30:00,2431.199951171875,2494.800048828125,2424.0,2478.5,2478.5,688779,Lupin,India,LUPIN.NS
2026-07-20 18:30:00,2484.0,2523.699951171875,2476.10009765625,2514.800048828125,2514.800048828125,782143,Lupin,India,LUPIN.NS
2026-07-21 18:30:00,2495.0,2495.0,2404.300048828125,2406.89990234375,2406.89990234375,1224924,Lupin,India,LUPIN.NS
2026-07-22 18:30:00,2400.0,2426.0,2375.0,2396.300048828125,2396.300048828125,684405,Lupin,India,LUPIN.NS
2026-07-23 18:30:00,2360.0,2388.39990234375,2340.0,2370.5,2370.5,725528,Lupin,India,LUPIN.NS
2026-07-26 18:30:00,2371.0,2432.10009765625,2368.10009765625,2410.0,2410.0,1179096,Lupin,India,LUPIN.NS
2026-07-27 18:30:00,2409.199951171875,2416.800048828125,2383.300048828125,2395.800048828125,2395.800048828125,607756,Lupin,India,LUPIN.NS
2026-07-28 18:30:00,2405.0,2463.0,2402.0,2447.0,2447.0,1139331,Lupin,India,LUPIN.NS
2026-07-29 18:30:00,2455.0,2474.800048828125,2416.0,2421.199951171875,2421.199951171875,1069773,Lupin,India,LUPIN.NS
2026-07-30 18:30:00,2428.39990234375,2435.0,2404.0,2415.0,2415.0,1006308,Lupin,India,LUPIN.NS
2026-08-02 18:30:00,2435.0,2440.0,2362.60009765625,2393.0,2393.0,1717110,Lupin,India,LUPIN.NS
2026-08-03 18:30:00,2394.0,2410.0,2377.10009765625,2410.0,2410.0,1169093,Lupin,India,LUPIN.NS
2026-08-04 18:30:00,2410.0,2410.0,2357.5,2388.0,2388.0,1494574,Lupin,India,LUPIN.NS
2026-08-05 18:30:00,2397.0,2427.699951171875,2382.60009765625,2385.0,2385.0,1185492,Lupin,India,LUPIN.NS
2026-08-06 18:30:00,2410.0,2410.0,2346.0,2363.5,2363.5,2046981,Lupin,India,LUPIN.NS
2026-08-09 18:30:00,2360.0,2362.800048828125,2235.0,2300.0,2300.0,3762236,Lupin,India,LUPIN.NS
2026-08-10 18:30:00,2285.0,2288.199951171875,2258.60009765625,2278.89990234375,2278.89990234375,1304449,Lupin,India,LUPIN.NS
2026-08-11 18:30:00,2286.60009765625,2287.800048828125,2249.5,2281.0,2281.0,861217,Lupin,India,LUPIN.NS
2026-08-12 18:30:00,2268.0,2278.0,2250.300048828125,2250.300048828125,2250.300048828125,583016,Lupin,India,LUPIN.NS
2026-08-13 18:30:00,2255.0,2263.10009765625,2230.10009765625,2235.0,2235.0,591412,Lupin,India,LUPIN.NS
2026-08-16 18:30:00,2231.5,2266.0,2220.300048828125,2259.0,2259.0,730234,Lupin,India,LUPIN.NS
2026-08-17 18:30:00,2255.0,2255.0,2220.5,2232.0,2232.0,694324,Lupin,India,LUPIN.NS
2026-08-18 18:30:00,2230.0,2230.0,2202.5,2225.0,2225.0,781480,Lupin,India,LUPIN.NS
2026-08-19 18:30:00,2228.300048828125,2237.699951171875,2201.5,,,531705,Lupin,India,LUPIN.NS
