organized_path,original_archive_member,original_relative_path,category,subcategory,size_bytes
02_NON_INDIAN_COMPANIES/Formycon/01_FINANCIAL_DATA/Annual/Formycon_Cash_Flow_Years.csv,THESIS_FINAL_MASTER_2026-09-02_191153/01_EVIDENCE/Non-Indian/Formycon/1af66ed25a95fd24__Formycon_Cash_Flow_Years.csv,01_EVIDENCE/Non-Indian/Formycon/1af66ed25a95fd24__Formycon_Cash_Flow_Years.csv,01_FINANCIAL_DATA,Annual,9117
02_NON_INDIAN_COMPANIES/Formycon/01_FINANCIAL_DATA/Annual/Formycon_Balance_Sheet_Years.csv,THESIS_FINAL_MASTER_2026-09-02_191153/01_EVIDENCE/Non-Indian/Formycon/7e743b5cdb557dcc__Formycon_Balance_Sheet_Years.csv,01_EVIDENCE/Non-Indian/Formycon/7e743b5cdb557dcc__Formycon_Balance_Sheet_Years.csv,01_FINANCIAL_DATA,Annual,9297
02_NON_INDIAN_COMPANIES/Formycon/01_FINANCIAL_DATA/Annual/Formycon_Income_Statement_Years.csv,THESIS_FINAL_MASTER_2026-09-02_191153/01_EVIDENCE/Non-Indian/Formycon/9f500aea0b241389__Formycon_Income_Statement_Years.csv,01_EVIDENCE/Non-Indian/Formycon/9f500aea0b241389__Formycon_Income_Statement_Years.csv,01_FINANCIAL_DATA,Annual,7193
02_NON_INDIAN_COMPANIES/Formycon/01_FINANCIAL_DATA/Interim/Formycon_Cash_Flow_YTD.csv,THESIS_FINAL_MASTER_2026-09-02_191153/01_EVIDENCE/Non-Indian/Formycon/8a64437d842f1d1b__Formycon_Cash_Flow_YTD.csv,01_EVIDENCE/Non-Indian/Formycon/8a64437d842f1d1b__Formycon_Cash_Flow_YTD.csv,01_FINANCIAL_DATA,Interim,11740
02_NON_INDIAN_COMPANIES/Formycon/01_FINANCIAL_DATA/Other/Formycon.xlsx,THESIS_FINAL_MASTER_2026-09-02_191153/01_EVIDENCE/Non-Indian/Formycon/0152b6390f74f4ed__Formycon.xlsx,01_EVIDENCE/Non-Indian/Formycon/0152b6390f74f4ed__Formycon.xlsx,01_FINANCIAL_DATA,Other,159656
02_NON_INDIAN_COMPANIES/Formycon/01_FINANCIAL_DATA/Other/Formycon_FY2025_FinancialStatements_sec2_p031.txt,THESIS_FINAL_MASTER_2026-09-02_191153/01_EVIDENCE/Non-Indian/Formycon/03047e2a5e962574__Formycon_FY2025_FinancialStatements_sec2_p031.txt,01_EVIDENCE/Non-Indian/Formycon/03047e2a5e962574__Formycon_FY2025_FinancialStatements_sec2_p031.txt,01_FINANCIAL_DATA,Other,3007
02_NON_INDIAN_COMPANIES/Formycon/01_FINANCIAL_DATA/Other/Formycon_FY2025_FinancialStatements_sec2_p088.txt,THESIS_FINAL_MASTER_2026-09-02_191153/01_EVIDENCE/Non-Indian/Formycon/037c9a4e41c87058__Formycon_FY2025_FinancialStatements_sec2_p088.txt,01_EVIDENCE/Non-Indian/Formycon/037c9a4e41c87058__Formycon_FY2025_FinancialStatements_sec2_p088.txt,01_FINANCIAL_DATA,Other,4089
02_NON_INDIAN_COMPANIES/Formycon/01_FINANCIAL_DATA/Other/Formycon_FY2024_FinancialStatements_HGB_p003.txt,THESIS_FINAL_MASTER_2026-09-02_191153/01_EVIDENCE/Non-Indian/Formycon/083c629ae95c5f32__Formycon_FY2024_FinancialStatements_HGB_p003.txt,01_EVIDENCE/Non-Indian/Formycon/083c629ae95c5f32__Formycon_FY2024_FinancialStatements_HGB_p003.txt,01_FINANCIAL_DATA,Other,2320
02_NON_INDIAN_COMPANIES/Formycon/01_FINANCIAL_DATA/Other/Formycon_FY2025_FinancialStatements_sec2_p215.txt,THESIS_FINAL_MASTER_2026-09-02_191153/01_EVIDENCE/Non-Indian/Formycon/086a3f16aeaa189d__Formycon_FY2025_FinancialStatements_sec2_p215.txt,01_EVIDENCE/Non-Indian/Formycon/086a3f16aeaa189d__Formycon_FY2025_FinancialStatements_sec2_p215.txt,01_FINANCIAL_DATA,Other,3760
02_NON_INDIAN_COMPANIES/Formycon/01_FINANCIAL_DATA/Other/Formycon_FY2024_FinancialStatements_HGB_p011_t00.csv,THESIS_FINAL_MASTER_2026-09-02_191153/01_EVIDENCE/Non-Indian/Formycon/0975a66437ae18f8__Formycon_FY2024_FinancialStatements_HGB_p011_t00.csv,01_EVIDENCE/Non-Indian/Formycon/0975a66437ae18f8__Formycon_FY2024_FinancialStatements_HGB_p011_t00.csv,01_FINANCIAL_DATA,Other,1267
02_NON_INDIAN_COMPANIES/Formycon/01_FINANCIAL_DATA/Other/Formycon_FY2025_FinancialStatements_sec2_p203.txt,THESIS_FINAL_MASTER_2026-09-02_191153/01_EVIDENCE/Non-Indian/Formycon/0c110dd2a5b8fda9__Formycon_FY2025_FinancialStatements_sec2_p203.txt,01_EVIDENCE/Non-Indian/Formycon/0c110dd2a5b8fda9__Formycon_FY2025_FinancialStatements_sec2_p203.txt,01_FINANCIAL_DATA,Other,1456
02_NON_INDIAN_COMPANIES/Formycon/01_FINANCIAL_DATA/Other/Formycon_FY2025_FinancialStatements_sec2_p121.txt,THESIS_FINAL_MASTER_2026-09-02_191153/01_EVIDENCE/Non-Indian/Formycon/0cd04c3d66ac5571__Formycon_FY2025_FinancialStatements_sec2_p121.txt,01_EVIDENCE/Non-Indian/Formycon/0cd04c3d66ac5571__Formycon_FY2025_FinancialStatements_sec2_p121.txt,01_FINANCIAL_DATA,Other,1950
02_NON_INDIAN_COMPANIES/Formycon/01_FINANCIAL_DATA/Other/Formycon_FY2025_FinancialStatements_sec2_p210.txt,THESIS_FINAL_MASTER_2026-09-02_191153/01_EVIDENCE/Non-Indian/Formycon/0dcacdfd7c5c8af6__Formycon_FY2025_FinancialStatements_sec2_p210.txt,01_EVIDENCE/Non-Indian/Formycon/0dcacdfd7c5c8af6__Formycon_FY2025_FinancialStatements_sec2_p210.txt,01_FINANCIAL_DATA,Other,754
02_NON_INDIAN_COMPANIES/Formycon/01_FINANCIAL_DATA/Other/Formycon_FY2024_FinancialStatements_HGB_p014.txt,THESIS_FINAL_MASTER_2026-09-02_191153/01_EVIDENCE/Non-Indian/Formycon/0eb301d7f6b1d3de__Formycon_FY2024_FinancialStatements_HGB_p014.txt,01_EVIDENCE/Non-Indian/Formycon/0eb301d7f6b1d3de__Formycon_FY2024_FinancialStatements_HGB_p014.txt,01_FINANCIAL_DATA,Other,8018
02_NON_INDIAN_COMPANIES/Formycon/01_FINANCIAL_DATA/Other/Formycon_FY2024_FinancialStatements_HGB_p002.txt,THESIS_FINAL_MASTER_2026-09-02_191153/01_EVIDENCE/Non-Indian/Formycon/1044934373b3a1f4__Formycon_FY2024_FinancialStatements_HGB_p002.txt,01_EVIDENCE/Non-Indian/Formycon/1044934373b3a1f4__Formycon_FY2024_FinancialStatements_HGB_p002.txt,01_FINANCIAL_DATA,Other,571
02_NON_INDIAN_COMPANIES/Formycon/01_FINANCIAL_DATA/Other/Formycon_FY2025_FinancialStatements_sec2_p204.txt,THESIS_FINAL_MASTER_2026-09-02_191153/01_EVIDENCE/Non-Indian/Formycon/1055b46bbd21db22__Formycon_FY2025_FinancialStatements_sec2_p204.txt,01_EVIDENCE/Non-Indian/Formycon/1055b46bbd21db22__Formycon_FY2025_FinancialStatements_sec2_p204.txt,01_FINANCIAL_DATA,Other,1956
02_NON_INDIAN_COMPANIES/Formycon/01_FINANCIAL_DATA/Other/Formycon_FY2025_FinancialStatements_sec2_p173_t00.csv,THESIS_FINAL_MASTER_2026-09-02_191153/01_EVIDENCE/Non-Indian/Formycon/109d8d33c7c3d907__Formycon_FY2025_FinancialStatements_sec2_p173_t00.csv,01_EVIDENCE/Non-Indian/Formycon/109d8d33c7c3d907__Formycon_FY2025_FinancialStatements_sec2_p173_t00.csv,01_FINANCIAL_DATA,Other,86
02_NON_INDIAN_COMPANIES/Formycon/01_FINANCIAL_DATA/Other/Formycon_FY2025_FinancialStatements_sec2_p082_t00.csv,THESIS_FINAL_MASTER_2026-09-02_191153/01_EVIDENCE/Non-Indian/Formycon/111c0b12cb953857__Formycon_FY2025_FinancialStatements_sec2_p082_t00.csv,01_EVIDENCE/Non-Indian/Formycon/111c0b12cb953857__Formycon_FY2025_FinancialStatements_sec2_p082_t00.csv,01_FINANCIAL_DATA,Other,30
02_NON_INDIAN_COMPANIES/Formycon/01_FINANCIAL_DATA/Other/Formycon_FY2025_FinancialStatements_sec2_p163.txt,THESIS_FINAL_MASTER_2026-09-02_191153/01_EVIDENCE/Non-Indian/Formycon/1282acb6fb3696a3__Formycon_FY2025_FinancialStatements_sec2_p163.txt,01_EVIDENCE/Non-Indian/Formycon/1282acb6fb3696a3__Formycon_FY2025_FinancialStatements_sec2_p163.txt,01_FINANCIAL_DATA,Other,3751
02_NON_INDIAN_COMPANIES/Formycon/01_FINANCIAL_DATA/Other/Formycon_FY2025_FinancialStatements_sec2_p193.txt,THESIS_FINAL_MASTER_2026-09-02_191153/01_EVIDENCE/Non-Indian/Formycon/14bf0cec5ff08d9c__Formycon_FY2025_FinancialStatements_sec2_p193.txt,01_EVIDENCE/Non-Indian/Formycon/14bf0cec5ff08d9c__Formycon_FY2025_FinancialStatements_sec2_p193.txt,01_FINANCIAL_DATA,Other,2792
02_NON_INDIAN_COMPANIES/Formycon/01_FINANCIAL_DATA/Other/Formycon_FY2025_FinancialStatements_sec2_p183.txt,THESIS_FINAL_MASTER_2026-09-02_191153/01_EVIDENCE/Non-Indian/Formycon/15e2d6e4e59246c6__Formycon_FY2025_FinancialStatements_sec2_p183.txt,01_EVIDENCE/Non-Indian/Formycon/15e2d6e4e59246c6__Formycon_FY2025_FinancialStatements_sec2_p183.txt,01_FINANCIAL_DATA,Other,1512
02_NON_INDIAN_COMPANIES/Formycon/01_FINANCIAL_DATA/Other/Formycon_FY2025_FinancialStatements_sec2_p129.txt,THESIS_FINAL_MASTER_2026-09-02_191153/01_EVIDENCE/Non-Indian/Formycon/16af4e34e21aeceb__Formycon_FY2025_FinancialStatements_sec2_p129.txt,01_EVIDENCE/Non-Indian/Formycon/16af4e34e21aeceb__Formycon_FY2025_FinancialStatements_sec2_p129.txt,01_FINANCIAL_DATA,Other,4179
02_NON_INDIAN_COMPANIES/Formycon/01_FINANCIAL_DATA/Other/Formycon_FY2025_FinancialStatements_sec2_p113.txt,THESIS_FINAL_MASTER_2026-09-02_191153/01_EVIDENCE/Non-Indian/Formycon/16b25fd19c3831dd__Formycon_FY2025_FinancialStatements_sec2_p113.txt,01_EVIDENCE/Non-Indian/Formycon/16b25fd19c3831dd__Formycon_FY2025_FinancialStatements_sec2_p113.txt,01_FINANCIAL_DATA,Other,3868
02_NON_INDIAN_COMPANIES/Formycon/01_FINANCIAL_DATA/Other/Formycon_FY2024_FinancialStatements_HGB_p004.txt,THESIS_FINAL_MASTER_2026-09-02_191153/01_EVIDENCE/Non-Indian/Formycon/16e931286318e668__Formycon_FY2024_FinancialStatements_HGB_p004.txt,01_EVIDENCE/Non-Indian/Formycon/16e931286318e668__Formycon_FY2024_FinancialStatements_HGB_p004.txt,01_FINANCIAL_DATA,Other,1739
02_NON_INDIAN_COMPANIES/Formycon/01_FINANCIAL_DATA/Other/Formycon_FY2025_FinancialStatements_sec2_p011.txt,THESIS_FINAL_MASTER_2026-09-02_191153/01_EVIDENCE/Non-Indian/Formycon/1849ade09b9398c6__Formycon_FY2025_FinancialStatements_sec2_p011.txt,01_EVIDENCE/Non-Indian/Formycon/1849ade09b9398c6__Formycon_FY2025_FinancialStatements_sec2_p011.txt,01_FINANCIAL_DATA,Other,3990
02_NON_INDIAN_COMPANIES/Formycon/01_FINANCIAL_DATA/Other/Formycon_FY2025_FinancialStatements_sec2_p020.txt,THESIS_FINAL_MASTER_2026-09-02_191153/01_EVIDENCE/Non-Indian/Formycon/1c42abee90cb43a8__Formycon_FY2025_FinancialStatements_sec2_p020.txt,01_EVIDENCE/Non-Indian/Formycon/1c42abee90cb43a8__Formycon_FY2025_FinancialStatements_sec2_p020.txt,01_FINANCIAL_DATA,Other,3384
02_NON_INDIAN_COMPANIES/Formycon/01_FINANCIAL_DATA/Other/Formycon_FY2025_FinancialStatements_sec2_p158.txt,THESIS_FINAL_MASTER_2026-09-02_191153/01_EVIDENCE/Non-Indian/Formycon/1e51013ba62ff67d__Formycon_FY2025_FinancialStatements_sec2_p158.txt,01_EVIDENCE/Non-Indian/Formycon/1e51013ba62ff67d__Formycon_FY2025_FinancialStatements_sec2_p158.txt,01_FINANCIAL_DATA,Other,3352
02_NON_INDIAN_COMPANIES/Formycon/01_FINANCIAL_DATA/Other/Formycon_FY2025_FinancialStatements_sec2_p115.txt,THESIS_FINAL_MASTER_2026-09-02_191153/01_EVIDENCE/Non-Indian/Formycon/1e6f49cef411eec3__Formycon_FY2025_FinancialStatements_sec2_p115.txt,01_EVIDENCE/Non-Indian/Formycon/1e6f49cef411eec3__Formycon_FY2025_FinancialStatements_sec2_p115.txt,01_FINANCIAL_DATA,Other,842
02_NON_INDIAN_COMPANIES/Formycon/01_FINANCIAL_DATA/Other/Formycon_FY2025_FinancialStatements_sec2_p093.txt,THESIS_FINAL_MASTER_2026-09-02_191153/01_EVIDENCE/Non-Indian/Formycon/1f5521219c3c1def__Formycon_FY2025_FinancialStatements_sec2_p093.txt,01_EVIDENCE/Non-Indian/Formycon/1f5521219c3c1def__Formycon_FY2025_FinancialStatements_sec2_p093.txt,01_FINANCIAL_DATA,Other,4669
02_NON_INDIAN_COMPANIES/Formycon/01_FINANCIAL_DATA/Other/Formycon_FY2025_FinancialStatements_sec2_p007.txt,THESIS_FINAL_MASTER_2026-09-02_191153/01_EVIDENCE/Non-Indian/Formycon/1f58eda96f59b285__Formycon_FY2025_FinancialStatements_sec2_p007.txt,01_EVIDENCE/Non-Indian/Formycon/1f58eda96f59b285__Formycon_FY2025_FinancialStatements_sec2_p007.txt,01_FINANCIAL_DATA,Other,1117
02_NON_INDIAN_COMPANIES/Formycon/01_FINANCIAL_DATA/Other/Formycon_FY2025_FinancialStatements_sec2_p126.txt,THESIS_FINAL_MASTER_2026-09-02_191153/01_EVIDENCE/Non-Indian/Formycon/24444f5858bd5ea8__Formycon_FY2025_FinancialStatements_sec2_p126.txt,01_EVIDENCE/Non-Indian/Formycon/24444f5858bd5ea8__Formycon_FY2025_FinancialStatements_sec2_p126.txt,01_FINANCIAL_DATA,Other,4495
02_NON_INDIAN_COMPANIES/Formycon/01_FINANCIAL_DATA/Other/Formycon_FY2025_FinancialStatements_sec2_p200.txt,THESIS_FINAL_MASTER_2026-09-02_191153/01_EVIDENCE/Non-Indian/Formycon/2771b9cb2e9e4af2__Formycon_FY2025_FinancialStatements_sec2_p200.txt,01_EVIDENCE/Non-Indian/Formycon/2771b9cb2e9e4af2__Formycon_FY2025_FinancialStatements_sec2_p200.txt,01_FINANCIAL_DATA,Other,1960
02_NON_INDIAN_COMPANIES/Formycon/01_FINANCIAL_DATA/Other/Formycon_FY2025_FinancialStatements_sec2_p202_t00.csv,THESIS_FINAL_MASTER_2026-09-02_191153/01_EVIDENCE/Non-Indian/Formycon/294394b7c1e173a5__Formycon_FY2025_FinancialStatements_sec2_p202_t00.csv,01_EVIDENCE/Non-Indian/Formycon/294394b7c1e173a5__Formycon_FY2025_FinancialStatements_sec2_p202_t00.csv,01_FINANCIAL_DATA,Other,46
02_NON_INDIAN_COMPANIES/Formycon/01_FINANCIAL_DATA/Other/Formycon_FY2024_FinancialStatements_HGB.pdf,THESIS_FINAL_MASTER_2026-09-02_191153/01_EVIDENCE/Non-Indian/Formycon/2953121a5a0caca0__Formycon_FY2024_FinancialStatements_HGB.pdf,01_EVIDENCE/Non-Indian/Formycon/2953121a5a0caca0__Formycon_FY2024_FinancialStatements_HGB.pdf,01_FINANCIAL_DATA,Other,2290913
02_NON_INDIAN_COMPANIES/Formycon/01_FINANCIAL_DATA/Other/Formycon_FY2025_FinancialStatements_sec2_p191.txt,THESIS_FINAL_MASTER_2026-09-02_191153/01_EVIDENCE/Non-Indian/Formycon/2e6aa86bb1310ffd__Formycon_FY2025_FinancialStatements_sec2_p191.txt,01_EVIDENCE/Non-Indian/Formycon/2e6aa86bb1310ffd__Formycon_FY2025_FinancialStatements_sec2_p191.txt,01_FINANCIAL_DATA,Other,2636
02_NON_INDIAN_COMPANIES/Formycon/01_FINANCIAL_DATA/Other/Formycon_FY2025_FinancialStatements_sec2_p102.txt,THESIS_FINAL_MASTER_2026-09-02_191153/01_EVIDENCE/Non-Indian/Formycon/2f8bb009825099e1__Formycon_FY2025_FinancialStatements_sec2_p102.txt,01_EVIDENCE/Non-Indian/Formycon/2f8bb009825099e1__Formycon_FY2025_FinancialStatements_sec2_p102.txt,01_FINANCIAL_DATA,Other,3486
02_NON_INDIAN_COMPANIES/Formycon/01_FINANCIAL_DATA/Other/Formycon_FY2025_FinancialStatements_sec2_p157.txt,THESIS_FINAL_MASTER_2026-09-02_191153/01_EVIDENCE/Non-Indian/Formycon/306a1f14b084d606__Formycon_FY2025_FinancialStatements_sec2_p157.txt,01_EVIDENCE/Non-Indian/Formycon/306a1f14b084d606__Formycon_FY2025_FinancialStatements_sec2_p157.txt,01_FINANCIAL_DATA,Other,3705
02_NON_INDIAN_COMPANIES/Formycon/01_FINANCIAL_DATA/Other/Formycon_FY2025_FinancialStatements_sec2_p173.txt,THESIS_FINAL_MASTER_2026-09-02_191153/01_EVIDENCE/Non-Indian/Formycon/352fea1c711171f6__Formycon_FY2025_FinancialStatements_sec2_p173.txt,01_EVIDENCE/Non-Indian/Formycon/352fea1c711171f6__Formycon_FY2025_FinancialStatements_sec2_p173.txt,01_FINANCIAL_DATA,Other,2277
02_NON_INDIAN_COMPANIES/Formycon/01_FINANCIAL_DATA/Other/Formycon_FY2025_FinancialStatements_sec2_p162.txt,THESIS_FINAL_MASTER_2026-09-02_191153/01_EVIDENCE/Non-Indian/Formycon/35bbacef4a600c60__Formycon_FY2025_FinancialStatements_sec2_p162.txt,01_EVIDENCE/Non-Indian/Formycon/35bbacef4a600c60__Formycon_FY2025_FinancialStatements_sec2_p162.txt,01_FINANCIAL_DATA,Other,2764
02_NON_INDIAN_COMPANIES/Formycon/01_FINANCIAL_DATA/Other/Formycon_FY2025_FinancialStatements_sec2.pdf,THESIS_FINAL_MASTER_2026-09-02_191153/01_EVIDENCE/Non-Indian/Formycon/372d974c457480c0__Formycon_FY2025_FinancialStatements_sec2.pdf,01_EVIDENCE/Non-Indian/Formycon/372d974c457480c0__Formycon_FY2025_FinancialStatements_sec2.pdf,01_FINANCIAL_DATA,Other,23089674
02_NON_INDIAN_COMPANIES/Formycon/01_FINANCIAL_DATA/Other/Formycon_FY2025_FinancialStatements_sec2_p165.txt,THESIS_FINAL_MASTER_2026-09-02_191153/01_EVIDENCE/Non-Indian/Formycon/37bea3dc1e9c751f__Formycon_FY2025_FinancialStatements_sec2_p165.txt,01_EVIDENCE/Non-Indian/Formycon/37bea3dc1e9c751f__Formycon_FY2025_FinancialStatements_sec2_p165.txt,01_FINANCIAL_DATA,Other,3652
02_NON_INDIAN_COMPANIES/Formycon/01_FINANCIAL_DATA/Other/Formycon_FY2025_FinancialStatements_sec2_p206_t00.csv,THESIS_FINAL_MASTER_2026-09-02_191153/01_EVIDENCE/Non-Indian/Formycon/38f3a9100ca958af__Formycon_FY2025_FinancialStatements_sec2_p206_t00.csv,01_EVIDENCE/Non-Indian/Formycon/38f3a9100ca958af__Formycon_FY2025_FinancialStatements_sec2_p206_t00.csv,01_FINANCIAL_DATA,Other,69
02_NON_INDIAN_COMPANIES/Formycon/01_FINANCIAL_DATA/Other/Formycon_FY2024_FinancialStatements_HGB_p007.txt,THESIS_FINAL_MASTER_2026-09-02_191153/01_EVIDENCE/Non-Indian/Formycon/3927e77cbf420112__Formycon_FY2024_FinancialStatements_HGB_p007.txt,01_EVIDENCE/Non-Indian/Formycon/3927e77cbf420112__Formycon_FY2024_FinancialStatements_HGB_p007.txt,01_FINANCIAL_DATA,Other,6979
02_NON_INDIAN_COMPANIES/Formycon/01_FINANCIAL_DATA/Other/Formycon_FY2025_FinancialStatements_sec2_p202.txt,THESIS_FINAL_MASTER_2026-09-02_191153/01_EVIDENCE/Non-Indian/Formycon/395010c93c2c6518__Formycon_FY2025_FinancialStatements_sec2_p202.txt,01_EVIDENCE/Non-Indian/Formycon/395010c93c2c6518__Formycon_FY2025_FinancialStatements_sec2_p202.txt,01_FINANCIAL_DATA,Other,2352
02_NON_INDIAN_COMPANIES/Formycon/01_FINANCIAL_DATA/Other/Formycon_FY2025_FinancialStatements_sec2_p052.txt,THESIS_FINAL_MASTER_2026-09-02_191153/01_EVIDENCE/Non-Indian/Formycon/39f97a3061e414b4__Formycon_FY2025_FinancialStatements_sec2_p052.txt,01_EVIDENCE/Non-Indian/Formycon/39f97a3061e414b4__Formycon_FY2025_FinancialStatements_sec2_p052.txt,01_FINANCIAL_DATA,Other,2824
02_NON_INDIAN_COMPANIES/Formycon/01_FINANCIAL_DATA/Other/Formycon_FY2024_FinancialStatements_HGB_p005.txt,THESIS_FINAL_MASTER_2026-09-02_191153/01_EVIDENCE/Non-Indian/Formycon/3b0788160e0512d3__Formycon_FY2024_FinancialStatements_HGB_p005.txt,01_EVIDENCE/Non-Indian/Formycon/3b0788160e0512d3__Formycon_FY2024_FinancialStatements_HGB_p005.txt,01_FINANCIAL_DATA,Other,5855
02_NON_INDIAN_COMPANIES/Formycon/01_FINANCIAL_DATA/Other/Formycon_FY2025_FinancialStatements_sec2_p161.txt,THESIS_FINAL_MASTER_2026-09-02_191153/01_EVIDENCE/Non-Indian/Formycon/3bfd36eb3245544e__Formycon_FY2025_FinancialStatements_sec2_p161.txt,01_EVIDENCE/Non-Indian/Formycon/3bfd36eb3245544e__Formycon_FY2025_FinancialStatements_sec2_p161.txt,01_FINANCIAL_DATA,Other,3678
02_NON_INDIAN_COMPANIES/Formycon/01_FINANCIAL_DATA/Other/Formycon_FY2025_FinancialStatements_sec2_p034_t01.csv,THESIS_FINAL_MASTER_2026-09-02_191153/01_EVIDENCE/Non-Indian/Formycon/3ddecb85318a6686__Formycon_FY2025_FinancialStatements_sec2_p034_t01.csv,01_EVIDENCE/Non-Indian/Formycon/3ddecb85318a6686__Formycon_FY2025_FinancialStatements_sec2_p034_t01.csv,01_FINANCIAL_DATA,Other,3
02_NON_INDIAN_COMPANIES/Formycon/01_FINANCIAL_DATA/Other/Formycon_FY2025_FinancialStatements_sec2_p172.txt,THESIS_FINAL_MASTER_2026-09-02_191153/01_EVIDENCE/Non-Indian/Formycon/40049db0536eb275__Formycon_FY2025_FinancialStatements_sec2_p172.txt,01_EVIDENCE/Non-Indian/Formycon/40049db0536eb275__Formycon_FY2025_FinancialStatements_sec2_p172.txt,01_FINANCIAL_DATA,Other,4118
02_NON_INDIAN_COMPANIES/Formycon/01_FINANCIAL_DATA/Other/Formycon_FY2025_FinancialStatements_sec2_p194_t00.csv,THESIS_FINAL_MASTER_2026-09-02_191153/01_EVIDENCE/Non-Indian/Formycon/41809c7750f2b740__Formycon_FY2025_FinancialStatements_sec2_p194_t00.csv,01_EVIDENCE/Non-Indian/Formycon/41809c7750f2b740__Formycon_FY2025_FinancialStatements_sec2_p194_t00.csv,01_FINANCIAL_DATA,Other,260
02_NON_INDIAN_COMPANIES/Formycon/01_FINANCIAL_DATA/Other/Formycon_FY2025_FinancialStatements_sec2_p013.txt,THESIS_FINAL_MASTER_2026-09-02_191153/01_EVIDENCE/Non-Indian/Formycon/4184304589a55935__Formycon_FY2025_FinancialStatements_sec2_p013.txt,01_EVIDENCE/Non-Indian/Formycon/4184304589a55935__Formycon_FY2025_FinancialStatements_sec2_p013.txt,01_FINANCIAL_DATA,Other,3053
02_NON_INDIAN_COMPANIES/Formycon/01_FINANCIAL_DATA/Other/Formycon_FY2025_FinancialStatements_sec2_p176_t00.csv,THESIS_FINAL_MASTER_2026-09-02_191153/01_EVIDENCE/Non-Indian/Formycon/4283989f35b02be1__Formycon_FY2025_FinancialStatements_sec2_p176_t00.csv,01_EVIDENCE/Non-Indian/Formycon/4283989f35b02be1__Formycon_FY2025_FinancialStatements_sec2_p176_t00.csv,01_FINANCIAL_DATA,Other,231
02_NON_INDIAN_COMPANIES/Formycon/01_FINANCIAL_DATA/Other/Formycon_FY2025_FinancialStatements_sec2_p051.txt,THESIS_FINAL_MASTER_2026-09-02_191153/01_EVIDENCE/Non-Indian/Formycon/44e98b83875f5e80__Formycon_FY2025_FinancialStatements_sec2_p051.txt,01_EVIDENCE/Non-Indian/Formycon/44e98b83875f5e80__Formycon_FY2025_FinancialStatements_sec2_p051.txt,01_FINANCIAL_DATA,Other,1605
02_NON_INDIAN_COMPANIES/Formycon/01_FINANCIAL_DATA/Other/Formycon_FY2025_FinancialStatements_sec2_p089.txt,THESIS_FINAL_MASTER_2026-09-02_191153/01_EVIDENCE/Non-Indian/Formycon/47ed4b0a09b04d77__Formycon_FY2025_FinancialStatements_sec2_p089.txt,01_EVIDENCE/Non-Indian/Formycon/47ed4b0a09b04d77__Formycon_FY2025_FinancialStatements_sec2_p089.txt,01_FINANCIAL_DATA,Other,4522
02_NON_INDIAN_COMPANIES/Formycon/01_FINANCIAL_DATA/Other/Formycon_FY2025_FinancialStatements_sec2_p174_t00.csv,THESIS_FINAL_MASTER_2026-09-02_191153/01_EVIDENCE/Non-Indian/Formycon/48fb7d22b183eb69__Formycon_FY2025_FinancialStatements_sec2_p174_t00.csv,01_EVIDENCE/Non-Indian/Formycon/48fb7d22b183eb69__Formycon_FY2025_FinancialStatements_sec2_p174_t00.csv,01_FINANCIAL_DATA,Other,117
02_NON_INDIAN_COMPANIES/Formycon/01_FINANCIAL_DATA/Other/Formycon_FY2025_FinancialStatements_sec2_p198.txt,THESIS_FINAL_MASTER_2026-09-02_191153/01_EVIDENCE/Non-Indian/Formycon/49f274f3f35a64a6__Formycon_FY2025_FinancialStatements_sec2_p198.txt,01_EVIDENCE/Non-Indian/Formycon/49f274f3f35a64a6__Formycon_FY2025_FinancialStatements_sec2_p198.txt,01_FINANCIAL_DATA,Other,3009
02_NON_INDIAN_COMPANIES/Formycon/01_FINANCIAL_DATA/Other/Formycon_FY2024_FinancialStatements_HGB_p008.txt,THESIS_FINAL_MASTER_2026-09-02_191153/01_EVIDENCE/Non-Indian/Formycon/4a5df9593f85fa1e__Formycon_FY2024_FinancialStatements_HGB_p008.txt,01_EVIDENCE/Non-Indian/Formycon/4a5df9593f85fa1e__Formycon_FY2024_FinancialStatements_HGB_p008.txt,01_FINANCIAL_DATA,Other,3913
02_NON_INDIAN_COMPANIES/Formycon/01_FINANCIAL_DATA/Other/Formycon_FY2025_FinancialStatements_sec2_p217.txt,THESIS_FINAL_MASTER_2026-09-02_191153/01_EVIDENCE/Non-Indian/Formycon/4b5af8e0d5fe1500__Formycon_FY2025_FinancialStatements_sec2_p217.txt,01_EVIDENCE/Non-Indian/Formycon/4b5af8e0d5fe1500__Formycon_FY2025_FinancialStatements_sec2_p217.txt,01_FINANCIAL_DATA,Other,3805
02_NON_INDIAN_COMPANIES/Formycon/01_FINANCIAL_DATA/Other/Formycon_FY2025_FinancialStatements_sec2_p010.txt,THESIS_FINAL_MASTER_2026-09-02_191153/01_EVIDENCE/Non-Indian/Formycon/4d8ac547146ae95f__Formycon_FY2025_FinancialStatements_sec2_p010.txt,01_EVIDENCE/Non-Indian/Formycon/4d8ac547146ae95f__Formycon_FY2025_FinancialStatements_sec2_p010.txt,01_FINANCIAL_DATA,Other,3766
02_NON_INDIAN_COMPANIES/Formycon/01_FINANCIAL_DATA/Other/Formycon_FY2025_FinancialStatements_sec2_p196.txt,THESIS_FINAL_MASTER_2026-09-02_191153/01_EVIDENCE/Non-Indian/Formycon/4de7b0af101ebe6d__Formycon_FY2025_FinancialStatements_sec2_p196.txt,01_EVIDENCE/Non-Indian/Formycon/4de7b0af101ebe6d__Formycon_FY2025_FinancialStatements_sec2_p196.txt,01_FINANCIAL_DATA,Other,4355
02_NON_INDIAN_COMPANIES/Formycon/01_FINANCIAL_DATA/Other/Formycon_FY2025_FinancialStatements_sec2_p110.txt,THESIS_FINAL_MASTER_2026-09-02_191153/01_EVIDENCE/Non-Indian/Formycon/4e60501869bb380f__Formycon_FY2025_FinancialStatements_sec2_p110.txt,01_EVIDENCE/Non-Indian/Formycon/4e60501869bb380f__Formycon_FY2025_FinancialStatements_sec2_p110.txt,01_FINANCIAL_DATA,Other,4455
02_NON_INDIAN_COMPANIES/Formycon/01_FINANCIAL_DATA/Other/Formycon_FY2025_FinancialStatements_sec2_p108.txt,THESIS_FINAL_MASTER_2026-09-02_191153/01_EVIDENCE/Non-Indian/Formycon/4f3f1ebc4add2e7d__Formycon_FY2025_FinancialStatements_sec2_p108.txt,01_EVIDENCE/Non-Indian/Formycon/4f3f1ebc4add2e7d__Formycon_FY2025_FinancialStatements_sec2_p108.txt,01_FINANCIAL_DATA,Other,4302
02_NON_INDIAN_COMPANIES/Formycon/01_FINANCIAL_DATA/Other/Formycon_FY2025_FinancialStatements_sec2_p144.txt,THESIS_FINAL_MASTER_2026-09-02_191153/01_EVIDENCE/Non-Indian/Formycon/4fc3b70d87033c53__Formycon_FY2025_FinancialStatements_sec2_p144.txt,01_EVIDENCE/Non-Indian/Formycon/4fc3b70d87033c53__Formycon_FY2025_FinancialStatements_sec2_p144.txt,01_FINANCIAL_DATA,Other,3929
02_NON_INDIAN_COMPANIES/Formycon/01_FINANCIAL_DATA/Other/Formycon_FY2025_FinancialStatements_sec2_p214.txt,THESIS_FINAL_MASTER_2026-09-02_191153/01_EVIDENCE/Non-Indian/Formycon/4ff19bd88565b981__Formycon_FY2025_FinancialStatements_sec2_p214.txt,01_EVIDENCE/Non-Indian/Formycon/4ff19bd88565b981__Formycon_FY2025_FinancialStatements_sec2_p214.txt,01_FINANCIAL_DATA,Other,3890
02_NON_INDIAN_COMPANIES/Formycon/01_FINANCIAL_DATA/Other/Formycon_FY2025_FinancialStatements_sec2_p119.txt,THESIS_FINAL_MASTER_2026-09-02_191153/01_EVIDENCE/Non-Indian/Formycon/50eed7ea0403fd8d__Formycon_FY2025_FinancialStatements_sec2_p119.txt,01_EVIDENCE/Non-Indian/Formycon/50eed7ea0403fd8d__Formycon_FY2025_FinancialStatements_sec2_p119.txt,01_FINANCIAL_DATA,Other,3993
02_NON_INDIAN_COMPANIES/Formycon/01_FINANCIAL_DATA/Other/Formycon_FY2025_FinancialStatements_sec2_p122.txt,THESIS_FINAL_MASTER_2026-09-02_191153/01_EVIDENCE/Non-Indian/Formycon/516b74e1ca39f6ee__Formycon_FY2025_FinancialStatements_sec2_p122.txt,01_EVIDENCE/Non-Indian/Formycon/516b74e1ca39f6ee__Formycon_FY2025_FinancialStatements_sec2_p122.txt,01_FINANCIAL_DATA,Other,2828
02_NON_INDIAN_COMPANIES/Formycon/01_FINANCIAL_DATA/Other/Formycon_FY2024_FinancialStatements_HGB_p010.txt,THESIS_FINAL_MASTER_2026-09-02_191153/01_EVIDENCE/Non-Indian/Formycon/518a92ee6d4e140e__Formycon_FY2024_FinancialStatements_HGB_p010.txt,01_EVIDENCE/Non-Indian/Formycon/518a92ee6d4e140e__Formycon_FY2024_FinancialStatements_HGB_p010.txt,01_FINANCIAL_DATA,Other,2029
02_NON_INDIAN_COMPANIES/Formycon/01_FINANCIAL_DATA/Other/Formycon_FY2024_FinancialStatements_HGB_p004_t00.csv,THESIS_FINAL_MASTER_2026-09-02_191153/01_EVIDENCE/Non-Indian/Formycon/55c3a91a6721c19e__Formycon_FY2024_FinancialStatements_HGB_p004_t00.csv,01_EVIDENCE/Non-Indian/Formycon/55c3a91a6721c19e__Formycon_FY2024_FinancialStatements_HGB_p004_t00.csv,01_FINANCIAL_DATA,Other,388
02_NON_INDIAN_COMPANIES/Formycon/01_FINANCIAL_DATA/Other/Formycon_FY2024_FinancialStatements_HGB_p003_t05.csv,THESIS_FINAL_MASTER_2026-09-02_191153/01_EVIDENCE/Non-Indian/Formycon/58866e504befb033__Formycon_FY2024_FinancialStatements_HGB_p003_t05.csv,01_EVIDENCE/Non-Indian/Formycon/58866e504befb033__Formycon_FY2024_FinancialStatements_HGB_p003_t05.csv,01_FINANCIAL_DATA,Other,40
02_NON_INDIAN_COMPANIES/Formycon/01_FINANCIAL_DATA/Other/Formycon_FY2025_FinancialStatements_sec2_p103.txt,THESIS_FINAL_MASTER_2026-09-02_191153/01_EVIDENCE/Non-Indian/Formycon/58ce15262b6ebc1f__Formycon_FY2025_FinancialStatements_sec2_p103.txt,01_EVIDENCE/Non-Indian/Formycon/58ce15262b6ebc1f__Formycon_FY2025_FinancialStatements_sec2_p103.txt,01_FINANCIAL_DATA,Other,3743
02_NON_INDIAN_COMPANIES/Formycon/01_FINANCIAL_DATA/Other/Formycon_FY2024_FinancialStatements_HGB_p003_t04.csv,THESIS_FINAL_MASTER_2026-09-02_191153/01_EVIDENCE/Non-Indian/Formycon/5b1cb280ca0a385a__Formycon_FY2024_FinancialStatements_HGB_p003_t04.csv,01_EVIDENCE/Non-Indian/Formycon/5b1cb280ca0a385a__Formycon_FY2024_FinancialStatements_HGB_p003_t04.csv,01_FINANCIAL_DATA,Other,103
02_NON_INDIAN_COMPANIES/Formycon/01_FINANCIAL_DATA/Other/Formycon_FY2025_FinancialStatements_sec2_p194.txt,THESIS_FINAL_MASTER_2026-09-02_191153/01_EVIDENCE/Non-Indian/Formycon/601794f4a18f6443__Formycon_FY2025_FinancialStatements_sec2_p194.txt,01_EVIDENCE/Non-Indian/Formycon/601794f4a18f6443__Formycon_FY2025_FinancialStatements_sec2_p194.txt,01_FINANCIAL_DATA,Other,3109
02_NON_INDIAN_COMPANIES/Formycon/01_FINANCIAL_DATA/Other/Formycon_FY2025_FinancialStatements_sec2_p096.txt,THESIS_FINAL_MASTER_2026-09-02_191153/01_EVIDENCE/Non-Indian/Formycon/635ee490f2b6c674__Formycon_FY2025_FinancialStatements_sec2_p096.txt,01_EVIDENCE/Non-Indian/Formycon/635ee490f2b6c674__Formycon_FY2025_FinancialStatements_sec2_p096.txt,01_FINANCIAL_DATA,Other,4038
02_NON_INDIAN_COMPANIES/Formycon/01_FINANCIAL_DATA/Other/Formycon_FY2025_FinancialStatements_sec2_p199.txt,THESIS_FINAL_MASTER_2026-09-02_191153/01_EVIDENCE/Non-Indian/Formycon/6574d908dc1f048a__Formycon_FY2025_FinancialStatements_sec2_p199.txt,01_EVIDENCE/Non-Indian/Formycon/6574d908dc1f048a__Formycon_FY2025_FinancialStatements_sec2_p199.txt,01_FINANCIAL_DATA,Other,1911
02_NON_INDIAN_COMPANIES/Formycon/01_FINANCIAL_DATA/Other/Formycon_FY2025_FinancialStatements_sec2_p177.txt,THESIS_FINAL_MASTER_2026-09-02_191153/01_EVIDENCE/Non-Indian/Formycon/65c32c3ded6ec114__Formycon_FY2025_FinancialStatements_sec2_p177.txt,01_EVIDENCE/Non-Indian/Formycon/65c32c3ded6ec114__Formycon_FY2025_FinancialStatements_sec2_p177.txt,01_FINANCIAL_DATA,Other,1525
02_NON_INDIAN_COMPANIES/Formycon/01_FINANCIAL_DATA/Other/Formycon_FY2025_FinancialStatements_sec2_p166.txt,THESIS_FINAL_MASTER_2026-09-02_191153/01_EVIDENCE/Non-Indian/Formycon/66df30ec4f2fbd7f__Formycon_FY2025_FinancialStatements_sec2_p166.txt,01_EVIDENCE/Non-Indian/Formycon/66df30ec4f2fbd7f__Formycon_FY2025_FinancialStatements_sec2_p166.txt,01_FINANCIAL_DATA,Other,3612
02_NON_INDIAN_COMPANIES/Formycon/01_FINANCIAL_DATA/Other/Formycon_FY2025_FinancialStatements_sec2_p112.txt,THESIS_FINAL_MASTER_2026-09-02_191153/01_EVIDENCE/Non-Indian/Formycon/671a4c1dc19a1b79__Formycon_FY2025_FinancialStatements_sec2_p112.txt,01_EVIDENCE/Non-Indian/Formycon/671a4c1dc19a1b79__Formycon_FY2025_FinancialStatements_sec2_p112.txt,01_FINANCIAL_DATA,Other,1207
02_NON_INDIAN_COMPANIES/Formycon/01_FINANCIAL_DATA/Other/Formycon_FY2025_FinancialStatements_sec2_p149.txt,THESIS_FINAL_MASTER_2026-09-02_191153/01_EVIDENCE/Non-Indian/Formycon/6a56aa633d1e96ea__Formycon_FY2025_FinancialStatements_sec2_p149.txt,01_EVIDENCE/Non-Indian/Formycon/6a56aa633d1e96ea__Formycon_FY2025_FinancialStatements_sec2_p149.txt,01_FINANCIAL_DATA,Other,1659
02_NON_INDIAN_COMPANIES/Formycon/01_FINANCIAL_DATA/Other/Formycon_FY2025_FinancialStatements_sec2_p081.txt,THESIS_FINAL_MASTER_2026-09-02_191153/01_EVIDENCE/Non-Indian/Formycon/6b88938b638adfbd__Formycon_FY2025_FinancialStatements_sec2_p081.txt,01_EVIDENCE/Non-Indian/Formycon/6b88938b638adfbd__Formycon_FY2025_FinancialStatements_sec2_p081.txt,01_FINANCIAL_DATA,Other,3197
02_NON_INDIAN_COMPANIES/Formycon/01_FINANCIAL_DATA/Other/Formycon_FY2025_FinancialStatements_sec2_p092.txt,THESIS_FINAL_MASTER_2026-09-02_191153/01_EVIDENCE/Non-Indian/Formycon/716002b5115f4b09__Formycon_FY2025_FinancialStatements_sec2_p092.txt,01_EVIDENCE/Non-Indian/Formycon/716002b5115f4b09__Formycon_FY2025_FinancialStatements_sec2_p092.txt,01_FINANCIAL_DATA,Other,4060
02_NON_INDIAN_COMPANIES/Formycon/01_FINANCIAL_DATA/Other/Formycon_Income_Extracted.csv,THESIS_FINAL_MASTER_2026-09-02_191153/01_EVIDENCE/Non-Indian/Formycon/717d5fcd6faa8900__Formycon_Income_Extracted.csv,01_EVIDENCE/Non-Indian/Formycon/717d5fcd6faa8900__Formycon_Income_Extracted.csv,01_FINANCIAL_DATA,Other,15012
02_NON_INDIAN_COMPANIES/Formycon/01_FINANCIAL_DATA/Other/Formycon_FY2024_FinancialStatements_HGB_p013.txt,THESIS_FINAL_MASTER_2026-09-02_191153/01_EVIDENCE/Non-Indian/Formycon/71d0e27a29deaf7e__Formycon_FY2024_FinancialStatements_HGB_p013.txt,01_EVIDENCE/Non-Indian/Formycon/71d0e27a29deaf7e__Formycon_FY2024_FinancialStatements_HGB_p013.txt,01_FINANCIAL_DATA,Other,4229
02_NON_INDIAN_COMPANIES/Formycon/01_FINANCIAL_DATA/Other/Formycon_FY2025_FinancialStatements_sec2_p152_t00.csv,THESIS_FINAL_MASTER_2026-09-02_191153/01_EVIDENCE/Non-Indian/Formycon/732ac27de6c0b656__Formycon_FY2025_FinancialStatements_sec2_p152_t00.csv,01_EVIDENCE/Non-Indian/Formycon/732ac27de6c0b656__Formycon_FY2025_FinancialStatements_sec2_p152_t00.csv,01_FINANCIAL_DATA,Other,452
02_NON_INDIAN_COMPANIES/Formycon/01_FINANCIAL_DATA/Other/Formycon_FY2025_FinancialStatements_sec2_p203_t00.csv,THESIS_FINAL_MASTER_2026-09-02_191153/01_EVIDENCE/Non-Indian/Formycon/73e0ebd81e8a10ce__Formycon_FY2025_FinancialStatements_sec2_p203_t00.csv,01_EVIDENCE/Non-Indian/Formycon/73e0ebd81e8a10ce__Formycon_FY2025_FinancialStatements_sec2_p203_t00.csv,01_FINANCIAL_DATA,Other,20
02_NON_INDIAN_COMPANIES/Formycon/01_FINANCIAL_DATA/Other/Formycon_FY2025_FinancialStatements_sec2_p029.txt,THESIS_FINAL_MASTER_2026-09-02_191153/01_EVIDENCE/Non-Indian/Formycon/75c2acbccfd86cf4__Formycon_FY2025_FinancialStatements_sec2_p029.txt,01_EVIDENCE/Non-Indian/Formycon/75c2acbccfd86cf4__Formycon_FY2025_FinancialStatements_sec2_p029.txt,01_FINANCIAL_DATA,Other,1296
02_NON_INDIAN_COMPANIES/Formycon/01_FINANCIAL_DATA/Other/Formycon_FY2025_FinancialStatements_sec2_p052_t01.csv,THESIS_FINAL_MASTER_2026-09-02_191153/01_EVIDENCE/Non-Indian/Formycon/768f1d7cfd29ec4a__Formycon_FY2025_FinancialStatements_sec2_p052_t01.csv,01_EVIDENCE/Non-Indian/Formycon/768f1d7cfd29ec4a__Formycon_FY2025_FinancialStatements_sec2_p052_t01.csv,01_FINANCIAL_DATA,Other,8
02_NON_INDIAN_COMPANIES/Formycon/01_FINANCIAL_DATA/Other/Formycon_FY2025_FinancialStatements_sec2_p207_t01.csv,THESIS_FINAL_MASTER_2026-09-02_191153/01_EVIDENCE/Non-Indian/Formycon/791332be520df065__Formycon_FY2025_FinancialStatements_sec2_p207_t01.csv,01_EVIDENCE/Non-Indian/Formycon/791332be520df065__Formycon_FY2025_FinancialStatements_sec2_p207_t01.csv,01_FINANCIAL_DATA,Other,54
02_NON_INDIAN_COMPANIES/Formycon/01_FINANCIAL_DATA/Other/Formycon_FY2025_FinancialStatements_sec2_p117.txt,THESIS_FINAL_MASTER_2026-09-02_191153/01_EVIDENCE/Non-Indian/Formycon/793c9857a31b0a35__Formycon_FY2025_FinancialStatements_sec2_p117.txt,01_EVIDENCE/Non-Indian/Formycon/793c9857a31b0a35__Formycon_FY2025_FinancialStatements_sec2_p117.txt,01_FINANCIAL_DATA,Other,3582
02_NON_INDIAN_COMPANIES/Formycon/01_FINANCIAL_DATA/Other/Formycon_FY2024_FinancialStatements_HGB_p010_t01.csv,THESIS_FINAL_MASTER_2026-09-02_191153/01_EVIDENCE/Non-Indian/Formycon/7992666089597490__Formycon_FY2024_FinancialStatements_HGB_p010_t01.csv,01_EVIDENCE/Non-Indian/Formycon/7992666089597490__Formycon_FY2024_FinancialStatements_HGB_p010_t01.csv,01_FINANCIAL_DATA,Other,35
02_NON_INDIAN_COMPANIES/Formycon/01_FINANCIAL_DATA/Other/Formycon_FY2025_FinancialStatements_sec2_p118.txt,THESIS_FINAL_MASTER_2026-09-02_191153/01_EVIDENCE/Non-Indian/Formycon/7a52cbce4d67374a__Formycon_FY2025_FinancialStatements_sec2_p118.txt,01_EVIDENCE/Non-Indian/Formycon/7a52cbce4d67374a__Formycon_FY2025_FinancialStatements_sec2_p118.txt,01_FINANCIAL_DATA,Other,3981
02_NON_INDIAN_COMPANIES/Formycon/01_FINANCIAL_DATA/Other/formycon_income_verified.csv,THESIS_FINAL_MASTER_2026-09-02_191153/01_EVIDENCE/Non-Indian/Formycon/7ab6812ae67ee66e__formycon_income_verified.csv,01_EVIDENCE/Non-Indian/Formycon/7ab6812ae67ee66e__formycon_income_verified.csv,01_FINANCIAL_DATA,Other,17280
02_NON_INDIAN_COMPANIES/Formycon/01_FINANCIAL_DATA/Other/Formycon_FY2025_FinancialStatements_sec2_p170_t01.csv,THESIS_FINAL_MASTER_2026-09-02_191153/01_EVIDENCE/Non-Indian/Formycon/7aba3c8d8097b9d3__Formycon_FY2025_FinancialStatements_sec2_p170_t01.csv,01_EVIDENCE/Non-Indian/Formycon/7aba3c8d8097b9d3__Formycon_FY2025_FinancialStatements_sec2_p170_t01.csv,01_FINANCIAL_DATA,Other,37
02_NON_INDIAN_COMPANIES/Formycon/01_FINANCIAL_DATA/Other/Formycon_FY2025_FinancialStatements_sec2_p151.txt,THESIS_FINAL_MASTER_2026-09-02_191153/01_EVIDENCE/Non-Indian/Formycon/7bb791ccc369f605__Formycon_FY2025_FinancialStatements_sec2_p151.txt,01_EVIDENCE/Non-Indian/Formycon/7bb791ccc369f605__Formycon_FY2025_FinancialStatements_sec2_p151.txt,01_FINANCIAL_DATA,Other,1122
02_NON_INDIAN_COMPANIES/Formycon/01_FINANCIAL_DATA/Other/Formycon_FY2025_FinancialStatements_sec2_p184.txt,THESIS_FINAL_MASTER_2026-09-02_191153/01_EVIDENCE/Non-Indian/Formycon/7ff36f90a9c7a737__Formycon_FY2025_FinancialStatements_sec2_p184.txt,01_EVIDENCE/Non-Indian/Formycon/7ff36f90a9c7a737__Formycon_FY2025_FinancialStatements_sec2_p184.txt,01_FINANCIAL_DATA,Other,1371
02_NON_INDIAN_COMPANIES/Formycon/01_FINANCIAL_DATA/Other/Formycon_FY2024_FinancialStatements_HGB_p003_t00.csv,THESIS_FINAL_MASTER_2026-09-02_191153/01_EVIDENCE/Non-Indian/Formycon/8184316d4d96d116__Formycon_FY2024_FinancialStatements_HGB_p003_t00.csv,01_EVIDENCE/Non-Indian/Formycon/8184316d4d96d116__Formycon_FY2024_FinancialStatements_HGB_p003_t00.csv,01_FINANCIAL_DATA,Other,201
02_NON_INDIAN_COMPANIES/Formycon/01_FINANCIAL_DATA/Other/Formycon_FY2025_FinancialStatements_sec2_p054_t00.csv,THESIS_FINAL_MASTER_2026-09-02_191153/01_EVIDENCE/Non-Indian/Formycon/82001df269b7dce7__Formycon_FY2025_FinancialStatements_sec2_p054_t00.csv,01_EVIDENCE/Non-Indian/Formycon/82001df269b7dce7__Formycon_FY2025_FinancialStatements_sec2_p054_t00.csv,01_FINANCIAL_DATA,Other,6
02_NON_INDIAN_COMPANIES/Formycon/01_FINANCIAL_DATA/Other/Formycon_FY2025_FinancialStatements_sec2_p182_t00.csv,THESIS_FINAL_MASTER_2026-09-02_191153/01_EVIDENCE/Non-Indian/Formycon/822698ec19e80d2c__Formycon_FY2025_FinancialStatements_sec2_p182_t00.csv,01_EVIDENCE/Non-Indian/Formycon/822698ec19e80d2c__Formycon_FY2025_FinancialStatements_sec2_p182_t00.csv,01_FINANCIAL_DATA,Other,133
02_NON_INDIAN_COMPANIES/Formycon/01_FINANCIAL_DATA/Other/Formycon_FY2025_FinancialStatements_sec2_p155.txt,THESIS_FINAL_MASTER_2026-09-02_191153/01_EVIDENCE/Non-Indian/Formycon/82ff889dd12464a0__Formycon_FY2025_FinancialStatements_sec2_p155.txt,01_EVIDENCE/Non-Indian/Formycon/82ff889dd12464a0__Formycon_FY2025_FinancialStatements_sec2_p155.txt,01_FINANCIAL_DATA,Other,3569
02_NON_INDIAN_COMPANIES/Formycon/01_FINANCIAL_DATA/Other/Formycon_FY2024_FinancialStatements_HGB_p009_t00.csv,THESIS_FINAL_MASTER_2026-09-02_191153/01_EVIDENCE/Non-Indian/Formycon/8362d17035d17ab7__Formycon_FY2024_FinancialStatements_HGB_p009_t00.csv,01_EVIDENCE/Non-Indian/Formycon/8362d17035d17ab7__Formycon_FY2024_FinancialStatements_HGB_p009_t00.csv,01_FINANCIAL_DATA,Other,30
02_NON_INDIAN_COMPANIES/Formycon/01_FINANCIAL_DATA/Other/25Entities_Report_08-16-2026105310442.xlsx,THESIS_FINAL_MASTER_2026-09-02_191153/01_EVIDENCE/Non-Indian/Formycon/84185fff0235eb88__25Entities_Report_08-16-2026105310442.xlsx,01_EVIDENCE/Non-Indian/Formycon/84185fff0235eb88__25Entities_Report_08-16-2026105310442.xlsx,01_FINANCIAL_DATA,Other,48950
02_NON_INDIAN_COMPANIES/Formycon/01_FINANCIAL_DATA/Other/Formycon_FY2025_FinancialStatements_sec2_p150.txt,THESIS_FINAL_MASTER_2026-09-02_191153/01_EVIDENCE/Non-Indian/Formycon/846a94bc8950de6d__Formycon_FY2025_FinancialStatements_sec2_p150.txt,01_EVIDENCE/Non-Indian/Formycon/846a94bc8950de6d__Formycon_FY2025_FinancialStatements_sec2_p150.txt,01_FINANCIAL_DATA,Other,1358
02_NON_INDIAN_COMPANIES/Formycon/01_FINANCIAL_DATA/Other/Formycon_FY2025_FinancialStatements_sec2_p149_t00.csv,THESIS_FINAL_MASTER_2026-09-02_191153/01_EVIDENCE/Non-Indian/Formycon/84c8fe88e7fdb8ee__Formycon_FY2025_FinancialStatements_sec2_p149_t00.csv,01_EVIDENCE/Non-Indian/Formycon/84c8fe88e7fdb8ee__Formycon_FY2025_FinancialStatements_sec2_p149_t00.csv,01_FINANCIAL_DATA,Other,358
02_NON_INDIAN_COMPANIES/Formycon/01_FINANCIAL_DATA/Other/Formycon_FY2025_FinancialStatements_sec2_p107.txt,THESIS_FINAL_MASTER_2026-09-02_191153/01_EVIDENCE/Non-Indian/Formycon/85188713c6084153__Formycon_FY2025_FinancialStatements_sec2_p107.txt,01_EVIDENCE/Non-Indian/Formycon/85188713c6084153__Formycon_FY2025_FinancialStatements_sec2_p107.txt,01_FINANCIAL_DATA,Other,4551
02_NON_INDIAN_COMPANIES/Formycon/01_FINANCIAL_DATA/Other/Formycon_FY2025_FinancialStatements_sec2_p201.txt,THESIS_FINAL_MASTER_2026-09-02_191153/01_EVIDENCE/Non-Indian/Formycon/88ae7c9310824e8e__Formycon_FY2025_FinancialStatements_sec2_p201.txt,01_EVIDENCE/Non-Indian/Formycon/88ae7c9310824e8e__Formycon_FY2025_FinancialStatements_sec2_p201.txt,01_FINANCIAL_DATA,Other,2605
02_NON_INDIAN_COMPANIES/Formycon/01_FINANCIAL_DATA/Other/Formycon_FY2024_FinancialStatements_HGB_p012_t00.csv,THESIS_FINAL_MASTER_2026-09-02_191153/01_EVIDENCE/Non-Indian/Formycon/8ac4f31bfc868c0d__Formycon_FY2024_FinancialStatements_HGB_p012_t00.csv,01_EVIDENCE/Non-Indian/Formycon/8ac4f31bfc868c0d__Formycon_FY2024_FinancialStatements_HGB_p012_t00.csv,01_FINANCIAL_DATA,Other,148
02_NON_INDIAN_COMPANIES/Formycon/01_FINANCIAL_DATA/Other/Formycon_FY2025_FinancialStatements_sec2_p026.txt,THESIS_FINAL_MASTER_2026-09-02_191153/01_EVIDENCE/Non-Indian/Formycon/8af45aa2da52dd1f__Formycon_FY2025_FinancialStatements_sec2_p026.txt,01_EVIDENCE/Non-Indian/Formycon/8af45aa2da52dd1f__Formycon_FY2025_FinancialStatements_sec2_p026.txt,01_FINANCIAL_DATA,Other,3358
02_NON_INDIAN_COMPANIES/Formycon/01_FINANCIAL_DATA/Other/Formycon_FY2025_FinancialStatements_sec2_p170.txt,THESIS_FINAL_MASTER_2026-09-02_191153/01_EVIDENCE/Non-Indian/Formycon/8b3aac555415bc9a__Formycon_FY2025_FinancialStatements_sec2_p170.txt,01_EVIDENCE/Non-Indian/Formycon/8b3aac555415bc9a__Formycon_FY2025_FinancialStatements_sec2_p170.txt,01_FINANCIAL_DATA,Other,1431
02_NON_INDIAN_COMPANIES/Formycon/01_FINANCIAL_DATA/Other/Formycon_FY2024_FinancialStatements_HGB_p008_t00.csv,THESIS_FINAL_MASTER_2026-09-02_191153/01_EVIDENCE/Non-Indian/Formycon/8ba44cb96a3ee0cf__Formycon_FY2024_FinancialStatements_HGB_p008_t00.csv,01_EVIDENCE/Non-Indian/Formycon/8ba44cb96a3ee0cf__Formycon_FY2024_FinancialStatements_HGB_p008_t00.csv,01_FINANCIAL_DATA,Other,245
02_NON_INDIAN_COMPANIES/Formycon/01_FINANCIAL_DATA/Other/Formycon_FY2025_FinancialStatements_sec2_p174.txt,THESIS_FINAL_MASTER_2026-09-02_191153/01_EVIDENCE/Non-Indian/Formycon/8c6d0146cdf03c18__Formycon_FY2025_FinancialStatements_sec2_p174.txt,01_EVIDENCE/Non-Indian/Formycon/8c6d0146cdf03c18__Formycon_FY2025_FinancialStatements_sec2_p174.txt,01_FINANCIAL_DATA,Other,1618
02_NON_INDIAN_COMPANIES/Formycon/01_FINANCIAL_DATA/Other/Formycon_FY2024_FinancialStatements_HGB_p010_t00.csv,THESIS_FINAL_MASTER_2026-09-02_191153/01_EVIDENCE/Non-Indian/Formycon/8d6b6b698c4b852b__Formycon_FY2024_FinancialStatements_HGB_p010_t00.csv,01_EVIDENCE/Non-Indian/Formycon/8d6b6b698c4b852b__Formycon_FY2024_FinancialStatements_HGB_p010_t00.csv,01_FINANCIAL_DATA,Other,113
02_NON_INDIAN_COMPANIES/Formycon/01_FINANCIAL_DATA/Other/Formycon_FY2025_FinancialStatements_sec2_p109.txt,THESIS_FINAL_MASTER_2026-09-02_191153/01_EVIDENCE/Non-Indian/Formycon/91893bbe019d52ac__Formycon_FY2025_FinancialStatements_sec2_p109.txt,01_EVIDENCE/Non-Indian/Formycon/91893bbe019d52ac__Formycon_FY2025_FinancialStatements_sec2_p109.txt,01_FINANCIAL_DATA,Other,4408
02_NON_INDIAN_COMPANIES/Formycon/01_FINANCIAL_DATA/Other/Formycon_FY2025_FinancialStatements_sec2_p182.txt,THESIS_FINAL_MASTER_2026-09-02_191153/01_EVIDENCE/Non-Indian/Formycon/937f20f9715059e0__Formycon_FY2025_FinancialStatements_sec2_p182.txt,01_EVIDENCE/Non-Indian/Formycon/937f20f9715059e0__Formycon_FY2025_FinancialStatements_sec2_p182.txt,01_FINANCIAL_DATA,Other,1953
02_NON_INDIAN_COMPANIES/Formycon/01_FINANCIAL_DATA/Other/Formycon_FY2025_FinancialStatements_sec2_p106.txt,THESIS_FINAL_MASTER_2026-09-02_191153/01_EVIDENCE/Non-Indian/Formycon/93bca3e5b6e3a553__Formycon_FY2025_FinancialStatements_sec2_p106.txt,01_EVIDENCE/Non-Indian/Formycon/93bca3e5b6e3a553__Formycon_FY2025_FinancialStatements_sec2_p106.txt,01_FINANCIAL_DATA,Other,4619
02_NON_INDIAN_COMPANIES/Formycon/01_FINANCIAL_DATA/Other/Formycon_FY2025_FinancialStatements_sec2_p199_t00.csv,THESIS_FINAL_MASTER_2026-09-02_191153/01_EVIDENCE/Non-Indian/Formycon/95ed180d6a376180__Formycon_FY2025_FinancialStatements_sec2_p199_t00.csv,01_EVIDENCE/Non-Indian/Formycon/95ed180d6a376180__Formycon_FY2025_FinancialStatements_sec2_p199_t00.csv,01_FINANCIAL_DATA,Other,80
02_NON_INDIAN_COMPANIES/Formycon/01_FINANCIAL_DATA/Other/Formycon_FY2025_FinancialStatements_sec2_p111.txt,THESIS_FINAL_MASTER_2026-09-02_191153/01_EVIDENCE/Non-Indian/Formycon/9ed74b9bca7136a5__Formycon_FY2025_FinancialStatements_sec2_p111.txt,01_EVIDENCE/Non-Indian/Formycon/9ed74b9bca7136a5__Formycon_FY2025_FinancialStatements_sec2_p111.txt,01_FINANCIAL_DATA,Other,4474
02_NON_INDIAN_COMPANIES/Formycon/01_FINANCIAL_DATA/Other/Formycon_FY2025_FinancialStatements_sec2_p186_t00.csv,THESIS_FINAL_MASTER_2026-09-02_191153/01_EVIDENCE/Non-Indian/Formycon/9f5cfe1a7ae1852f__Formycon_FY2025_FinancialStatements_sec2_p186_t00.csv,01_EVIDENCE/Non-Indian/Formycon/9f5cfe1a7ae1852f__Formycon_FY2025_FinancialStatements_sec2_p186_t00.csv,01_FINANCIAL_DATA,Other,120
02_NON_INDIAN_COMPANIES/Formycon/01_FINANCIAL_DATA/Other/Formycon_FY2025_FinancialStatements_sec2_p152.txt,THESIS_FINAL_MASTER_2026-09-02_191153/01_EVIDENCE/Non-Indian/Formycon/a11f61534a075068__Formycon_FY2025_FinancialStatements_sec2_p152.txt,01_EVIDENCE/Non-Indian/Formycon/a11f61534a075068__Formycon_FY2025_FinancialStatements_sec2_p152.txt,01_FINANCIAL_DATA,Other,2219
02_NON_INDIAN_COMPANIES/Formycon/01_FINANCIAL_DATA/Other/Formycon_FY2024_FinancialStatements_HGB_p003_t03.csv,THESIS_FINAL_MASTER_2026-09-02_191153/01_EVIDENCE/Non-Indian/Formycon/a15ed94f5abfb614__Formycon_FY2024_FinancialStatements_HGB_p003_t03.csv,01_EVIDENCE/Non-Indian/Formycon/a15ed94f5abfb614__Formycon_FY2024_FinancialStatements_HGB_p003_t03.csv,01_FINANCIAL_DATA,Other,98
02_NON_INDIAN_COMPANIES/Formycon/01_FINANCIAL_DATA/Other/Formycon_FY2025_FinancialStatements_sec2_p188_t00.csv,THESIS_FINAL_MASTER_2026-09-02_191153/01_EVIDENCE/Non-Indian/Formycon/ab800a7b9302208a__Formycon_FY2025_FinancialStatements_sec2_p188_t00.csv,01_EVIDENCE/Non-Indian/Formycon/ab800a7b9302208a__Formycon_FY2025_FinancialStatements_sec2_p188_t00.csv,01_FINANCIAL_DATA,Other,88
02_NON_INDIAN_COMPANIES/Formycon/01_FINANCIAL_DATA/Other/Formycon_FY2025_FinancialStatements_sec2_p175_t00.csv,THESIS_FINAL_MASTER_2026-09-02_191153/01_EVIDENCE/Non-Indian/Formycon/ac5d6a9f38d4a614__Formycon_FY2025_FinancialStatements_sec2_p175_t00.csv,01_EVIDENCE/Non-Indian/Formycon/ac5d6a9f38d4a614__Formycon_FY2025_FinancialStatements_sec2_p175_t00.csv,01_FINANCIAL_DATA,Other,112
02_NON_INDIAN_COMPANIES/Formycon/01_FINANCIAL_DATA/Other/Formycon_FY2025_FinancialStatements_sec2_p120.txt,THESIS_FINAL_MASTER_2026-09-02_191153/01_EVIDENCE/Non-Indian/Formycon/af931545b41fe842__Formycon_FY2025_FinancialStatements_sec2_p120.txt,01_EVIDENCE/Non-Indian/Formycon/af931545b41fe842__Formycon_FY2025_FinancialStatements_sec2_p120.txt,01_FINANCIAL_DATA,Other,2330
02_NON_INDIAN_COMPANIES/Formycon/01_FINANCIAL_DATA/Other/Formycon_FY2025_FinancialStatements_sec2_p049.txt,THESIS_FINAL_MASTER_2026-09-02_191153/01_EVIDENCE/Non-Indian/Formycon/b002e7b236ff25d2__Formycon_FY2025_FinancialStatements_sec2_p049.txt,01_EVIDENCE/Non-Indian/Formycon/b002e7b236ff25d2__Formycon_FY2025_FinancialStatements_sec2_p049.txt,01_FINANCIAL_DATA,Other,1651
02_NON_INDIAN_COMPANIES/Formycon/01_FINANCIAL_DATA/Other/Formycon_FY2024_FinancialStatements_HGB_p006.txt,THESIS_FINAL_MASTER_2026-09-02_191153/01_EVIDENCE/Non-Indian/Formycon/b11a9423ca5176fe__Formycon_FY2024_FinancialStatements_HGB_p006.txt,01_EVIDENCE/Non-Indian/Formycon/b11a9423ca5176fe__Formycon_FY2024_FinancialStatements_HGB_p006.txt,01_FINANCIAL_DATA,Other,7234
02_NON_INDIAN_COMPANIES/Formycon/01_FINANCIAL_DATA/Other/Formycon_FY2024_FinancialStatements_HGB_p003_t02.csv,THESIS_FINAL_MASTER_2026-09-02_191153/01_EVIDENCE/Non-Indian/Formycon/b2b042fca26f727f__Formycon_FY2024_FinancialStatements_HGB_p003_t02.csv,01_EVIDENCE/Non-Indian/Formycon/b2b042fca26f727f__Formycon_FY2024_FinancialStatements_HGB_p003_t02.csv,01_FINANCIAL_DATA,Other,46
02_NON_INDIAN_COMPANIES/Formycon/01_FINANCIAL_DATA/Other/Formycon_FY2024_FinancialStatements_HGB_p003_t01.csv,THESIS_FINAL_MASTER_2026-09-02_191153/01_EVIDENCE/Non-Indian/Formycon/b38909fb7f22e69c__Formycon_FY2024_FinancialStatements_HGB_p003_t01.csv,01_EVIDENCE/Non-Indian/Formycon/b38909fb7f22e69c__Formycon_FY2024_FinancialStatements_HGB_p003_t01.csv,01_FINANCIAL_DATA,Other,60
02_NON_INDIAN_COMPANIES/Formycon/01_FINANCIAL_DATA/Other/Formycon_FY2025_FinancialStatements_sec2_p064.txt,THESIS_FINAL_MASTER_2026-09-02_191153/01_EVIDENCE/Non-Indian/Formycon/b4c1b6304c10c9d4__Formycon_FY2025_FinancialStatements_sec2_p064.txt,01_EVIDENCE/Non-Indian/Formycon/b4c1b6304c10c9d4__Formycon_FY2025_FinancialStatements_sec2_p064.txt,01_FINANCIAL_DATA,Other,3192
02_NON_INDIAN_COMPANIES/Formycon/01_FINANCIAL_DATA/Other/Formycon_FY2025_FinancialStatements_sec2_p189_t00.csv,THESIS_FINAL_MASTER_2026-09-02_191153/01_EVIDENCE/Non-Indian/Formycon/b61fc1ad6793bb7e__Formycon_FY2025_FinancialStatements_sec2_p189_t00.csv,01_EVIDENCE/Non-Indian/Formycon/b61fc1ad6793bb7e__Formycon_FY2025_FinancialStatements_sec2_p189_t00.csv,01_FINANCIAL_DATA,Other,14
02_NON_INDIAN_COMPANIES/Formycon/01_FINANCIAL_DATA/Other/Formycon_FY2025_FinancialStatements_sec2_p090.txt,THESIS_FINAL_MASTER_2026-09-02_191153/01_EVIDENCE/Non-Indian/Formycon/b8a85c4457fc08da__Formycon_FY2025_FinancialStatements_sec2_p090.txt,01_EVIDENCE/Non-Indian/Formycon/b8a85c4457fc08da__Formycon_FY2025_FinancialStatements_sec2_p090.txt,01_FINANCIAL_DATA,Other,4164
02_NON_INDIAN_COMPANIES/Formycon/01_FINANCIAL_DATA/Other/Formycon_FY2025_FinancialStatements_sec2_p180.txt,THESIS_FINAL_MASTER_2026-09-02_191153/01_EVIDENCE/Non-Indian/Formycon/ba61bbc215c50481__Formycon_FY2025_FinancialStatements_sec2_p180.txt,01_EVIDENCE/Non-Indian/Formycon/ba61bbc215c50481__Formycon_FY2025_FinancialStatements_sec2_p180.txt,01_FINANCIAL_DATA,Other,3578
02_NON_INDIAN_COMPANIES/Formycon/01_FINANCIAL_DATA/Other/Formycon_FY2025_FinancialStatements_sec2_p171_t00.csv,THESIS_FINAL_MASTER_2026-09-02_191153/01_EVIDENCE/Non-Indian/Formycon/bce274b56b015ac3__Formycon_FY2025_FinancialStatements_sec2_p171_t00.csv,01_EVIDENCE/Non-Indian/Formycon/bce274b56b015ac3__Formycon_FY2025_FinancialStatements_sec2_p171_t00.csv,01_FINANCIAL_DATA,Other,13
02_NON_INDIAN_COMPANIES/Formycon/01_FINANCIAL_DATA/Other/Formycon_FY2025_FinancialStatements_sec2_p030.txt,THESIS_FINAL_MASTER_2026-09-02_191153/01_EVIDENCE/Non-Indian/Formycon/be0d63ba7737d79c__Formycon_FY2025_FinancialStatements_sec2_p030.txt,01_EVIDENCE/Non-Indian/Formycon/be0d63ba7737d79c__Formycon_FY2025_FinancialStatements_sec2_p030.txt,01_FINANCIAL_DATA,Other,2266
02_NON_INDIAN_COMPANIES/Formycon/01_FINANCIAL_DATA/Other/Formycon_FY2025_FinancialStatements_sec2_p213.txt,THESIS_FINAL_MASTER_2026-09-02_191153/01_EVIDENCE/Non-Indian/Formycon/beb4618fb9a9be56__Formycon_FY2025_FinancialStatements_sec2_p213.txt,01_EVIDENCE/Non-Indian/Formycon/beb4618fb9a9be56__Formycon_FY2025_FinancialStatements_sec2_p213.txt,01_FINANCIAL_DATA,Other,3904
02_NON_INDIAN_COMPANIES/Formycon/01_FINANCIAL_DATA/Other/Formycon_FY2025_FinancialStatements_sec2_p198_t00.csv,THESIS_FINAL_MASTER_2026-09-02_191153/01_EVIDENCE/Non-Indian/Formycon/bf3097cd5aad19d8__Formycon_FY2025_FinancialStatements_sec2_p198_t00.csv,01_EVIDENCE/Non-Indian/Formycon/bf3097cd5aad19d8__Formycon_FY2025_FinancialStatements_sec2_p198_t00.csv,01_FINANCIAL_DATA,Other,68
02_NON_INDIAN_COMPANIES/Formycon/01_FINANCIAL_DATA/Other/Formycon_FY2025_FinancialStatements_sec2_p159.txt,THESIS_FINAL_MASTER_2026-09-02_191153/01_EVIDENCE/Non-Indian/Formycon/bf72fd533b9322b1__Formycon_FY2025_FinancialStatements_sec2_p159.txt,01_EVIDENCE/Non-Indian/Formycon/bf72fd533b9322b1__Formycon_FY2025_FinancialStatements_sec2_p159.txt,01_FINANCIAL_DATA,Other,4347
02_NON_INDIAN_COMPANIES/Formycon/01_FINANCIAL_DATA/Other/Formycon_FY2024_FinancialStatements_HGB_p015.txt,THESIS_FINAL_MASTER_2026-09-02_191153/01_EVIDENCE/Non-Indian/Formycon/c38f1837db93baea__Formycon_FY2024_FinancialStatements_HGB_p015.txt,01_EVIDENCE/Non-Indian/Formycon/c38f1837db93baea__Formycon_FY2024_FinancialStatements_HGB_p015.txt,01_FINANCIAL_DATA,Other,8058
02_NON_INDIAN_COMPANIES/Formycon/01_FINANCIAL_DATA/Other/Formycon_FY2025_FinancialStatements_sec2_p216.txt,THESIS_FINAL_MASTER_2026-09-02_191153/01_EVIDENCE/Non-Indian/Formycon/c39d38c0df92db09__Formycon_FY2025_FinancialStatements_sec2_p216.txt,01_EVIDENCE/Non-Indian/Formycon/c39d38c0df92db09__Formycon_FY2025_FinancialStatements_sec2_p216.txt,01_FINANCIAL_DATA,Other,3748
02_NON_INDIAN_COMPANIES/Formycon/01_FINANCIAL_DATA/Other/Formycon_FY2025_FinancialStatements_sec2_p145.txt,THESIS_FINAL_MASTER_2026-09-02_191153/01_EVIDENCE/Non-Indian/Formycon/c608f581af99293d__Formycon_FY2025_FinancialStatements_sec2_p145.txt,01_EVIDENCE/Non-Indian/Formycon/c608f581af99293d__Formycon_FY2025_FinancialStatements_sec2_p145.txt,01_FINANCIAL_DATA,Other,3729
02_NON_INDIAN_COMPANIES/Formycon/01_FINANCIAL_DATA/Other/Formycon_FY2025_FinancialStatements_sec2_p116.txt,THESIS_FINAL_MASTER_2026-09-02_191153/01_EVIDENCE/Non-Indian/Formycon/c69f20590c108cde__Formycon_FY2025_FinancialStatements_sec2_p116.txt,01_EVIDENCE/Non-Indian/Formycon/c69f20590c108cde__Formycon_FY2025_FinancialStatements_sec2_p116.txt,01_FINANCIAL_DATA,Other,1196
02_NON_INDIAN_COMPANIES/Formycon/01_FINANCIAL_DATA/Other/Formycon_FY2025_FinancialStatements_sec2_p160.txt,THESIS_FINAL_MASTER_2026-09-02_191153/01_EVIDENCE/Non-Indian/Formycon/c6a1887d45cde0c8__Formycon_FY2025_FinancialStatements_sec2_p160.txt,01_EVIDENCE/Non-Indian/Formycon/c6a1887d45cde0c8__Formycon_FY2025_FinancialStatements_sec2_p160.txt,01_FINANCIAL_DATA,Other,3995
02_NON_INDIAN_COMPANIES/Formycon/01_FINANCIAL_DATA/Other/Formycon_FY2025_FinancialStatements_sec2_p120_t00.csv,THESIS_FINAL_MASTER_2026-09-02_191153/01_EVIDENCE/Non-Indian/Formycon/c973aee67ba3e545__Formycon_FY2025_FinancialStatements_sec2_p120_t00.csv,01_EVIDENCE/Non-Indian/Formycon/c973aee67ba3e545__Formycon_FY2025_FinancialStatements_sec2_p120_t00.csv,01_FINANCIAL_DATA,Other,946
02_NON_INDIAN_COMPANIES/Formycon/01_FINANCIAL_DATA/Other/Formycon_FY2025_FinancialStatements_sec2_p003.txt,THESIS_FINAL_MASTER_2026-09-02_191153/01_EVIDENCE/Non-Indian/Formycon/ca329ebfba8e50b7__Formycon_FY2025_FinancialStatements_sec2_p003.txt,01_EVIDENCE/Non-Indian/Formycon/ca329ebfba8e50b7__Formycon_FY2025_FinancialStatements_sec2_p003.txt,01_FINANCIAL_DATA,Other,276
02_NON_INDIAN_COMPANIES/Formycon/01_FINANCIAL_DATA/Other/Formycon_FY2025_FinancialStatements_sec2_p105.txt,THESIS_FINAL_MASTER_2026-09-02_191153/01_EVIDENCE/Non-Indian/Formycon/ca538754af457b8d__Formycon_FY2025_FinancialStatements_sec2_p105.txt,01_EVIDENCE/Non-Indian/Formycon/ca538754af457b8d__Formycon_FY2025_FinancialStatements_sec2_p105.txt,01_FINANCIAL_DATA,Other,3699
02_NON_INDIAN_COMPANIES/Formycon/01_FINANCIAL_DATA/Other/Formycon_FY2025_FinancialStatements_sec2_p206.txt,THESIS_FINAL_MASTER_2026-09-02_191153/01_EVIDENCE/Non-Indian/Formycon/caa58f953cb86a28__Formycon_FY2025_FinancialStatements_sec2_p206.txt,01_EVIDENCE/Non-Indian/Formycon/caa58f953cb86a28__Formycon_FY2025_FinancialStatements_sec2_p206.txt,01_FINANCIAL_DATA,Other,3500
02_NON_INDIAN_COMPANIES/Formycon/01_FINANCIAL_DATA/Other/Formycon_FY2025_FinancialStatements_sec2_p138.txt,THESIS_FINAL_MASTER_2026-09-02_191153/01_EVIDENCE/Non-Indian/Formycon/cd0b04e605c3ffa7__Formycon_FY2025_FinancialStatements_sec2_p138.txt,01_EVIDENCE/Non-Indian/Formycon/cd0b04e605c3ffa7__Formycon_FY2025_FinancialStatements_sec2_p138.txt,01_FINANCIAL_DATA,Other,4019
02_NON_INDIAN_COMPANIES/Formycon/01_FINANCIAL_DATA/Other/25Entities_Report_08-16-2026095454777.xlsx,THESIS_FINAL_MASTER_2026-09-02_191153/01_EVIDENCE/Non-Indian/Formycon/ce0dbf42c7bf1672__25Entities_Report_08-16-2026095454777.xlsx,01_EVIDENCE/Non-Indian/Formycon/ce0dbf42c7bf1672__25Entities_Report_08-16-2026095454777.xlsx,01_FINANCIAL_DATA,Other,37165
02_NON_INDIAN_COMPANIES/Formycon/01_FINANCIAL_DATA/Other/Formycon_FY2025_FinancialStatements_sec2_p197.txt,THESIS_FINAL_MASTER_2026-09-02_191153/01_EVIDENCE/Non-Indian/Formycon/ce81260ba86d46f0__Formycon_FY2025_FinancialStatements_sec2_p197.txt,01_EVIDENCE/Non-Indian/Formycon/ce81260ba86d46f0__Formycon_FY2025_FinancialStatements_sec2_p197.txt,01_FINANCIAL_DATA,Other,4392
02_NON_INDIAN_COMPANIES/Formycon/01_FINANCIAL_DATA/Other/Formycon_FY2025_FinancialStatements_sec2_p176.txt,THESIS_FINAL_MASTER_2026-09-02_191153/01_EVIDENCE/Non-Indian/Formycon/cfe2f2775257f537__Formycon_FY2025_FinancialStatements_sec2_p176.txt,01_EVIDENCE/Non-Indian/Formycon/cfe2f2775257f537__Formycon_FY2025_FinancialStatements_sec2_p176.txt,01_FINANCIAL_DATA,Other,954
02_NON_INDIAN_COMPANIES/Formycon/01_FINANCIAL_DATA/Other/Formycon_FY2025_FinancialStatements_sec2_p183_t01.csv,THESIS_FINAL_MASTER_2026-09-02_191153/01_EVIDENCE/Non-Indian/Formycon/d04c52f90e9212b5__Formycon_FY2025_FinancialStatements_sec2_p183_t01.csv,01_EVIDENCE/Non-Indian/Formycon/d04c52f90e9212b5__Formycon_FY2025_FinancialStatements_sec2_p183_t01.csv,01_FINANCIAL_DATA,Other,157
02_NON_INDIAN_COMPANIES/Formycon/01_FINANCIAL_DATA/Other/Formycon_FY2025_FinancialStatements_sec2_p150_t00.csv,THESIS_FINAL_MASTER_2026-09-02_191153/01_EVIDENCE/Non-Indian/Formycon/d204b3d3be8522a6__Formycon_FY2025_FinancialStatements_sec2_p150_t00.csv,01_EVIDENCE/Non-Indian/Formycon/d204b3d3be8522a6__Formycon_FY2025_FinancialStatements_sec2_p150_t00.csv,01_FINANCIAL_DATA,Other,277
02_NON_INDIAN_COMPANIES/Formycon/01_FINANCIAL_DATA/Other/Formycon_FY2025_FinancialStatements_sec2_p183_t00.csv,THESIS_FINAL_MASTER_2026-09-02_191153/01_EVIDENCE/Non-Indian/Formycon/d4663413ecdba10d__Formycon_FY2025_FinancialStatements_sec2_p183_t00.csv,01_EVIDENCE/Non-Indian/Formycon/d4663413ecdba10d__Formycon_FY2025_FinancialStatements_sec2_p183_t00.csv,01_FINANCIAL_DATA,Other,278
02_NON_INDIAN_COMPANIES/Formycon/01_FINANCIAL_DATA/Other/Formycon_FY2025_FinancialStatements_sec2_p164.txt,THESIS_FINAL_MASTER_2026-09-02_191153/01_EVIDENCE/Non-Indian/Formycon/d54dce83215ba5ae__Formycon_FY2025_FinancialStatements_sec2_p164.txt,01_EVIDENCE/Non-Indian/Formycon/d54dce83215ba5ae__Formycon_FY2025_FinancialStatements_sec2_p164.txt,01_FINANCIAL_DATA,Other,3744
02_NON_INDIAN_COMPANIES/Formycon/01_FINANCIAL_DATA/Other/Formycon_FY2025_FinancialStatements_sec2_p156.txt,THESIS_FINAL_MASTER_2026-09-02_191153/01_EVIDENCE/Non-Indian/Formycon/d75981fe35726c02__Formycon_FY2025_FinancialStatements_sec2_p156.txt,01_EVIDENCE/Non-Indian/Formycon/d75981fe35726c02__Formycon_FY2025_FinancialStatements_sec2_p156.txt,01_FINANCIAL_DATA,Other,3684
02_NON_INDIAN_COMPANIES/Formycon/01_FINANCIAL_DATA/Other/Formycon_FY2025_FinancialStatements_sec2_p151_t00.csv,THESIS_FINAL_MASTER_2026-09-02_191153/01_EVIDENCE/Non-Indian/Formycon/d790cf45f75b7b25__Formycon_FY2025_FinancialStatements_sec2_p151_t00.csv,01_EVIDENCE/Non-Indian/Formycon/d790cf45f75b7b25__Formycon_FY2025_FinancialStatements_sec2_p151_t00.csv,01_FINANCIAL_DATA,Other,390
02_NON_INDIAN_COMPANIES/Formycon/01_FINANCIAL_DATA/Other/Formycon_FY2025_FinancialStatements_sec2_p184_t00.csv,THESIS_FINAL_MASTER_2026-09-02_191153/01_EVIDENCE/Non-Indian/Formycon/d7d31a5c9604366e__Formycon_FY2025_FinancialStatements_sec2_p184_t00.csv,01_EVIDENCE/Non-Indian/Formycon/d7d31a5c9604366e__Formycon_FY2025_FinancialStatements_sec2_p184_t00.csv,01_FINANCIAL_DATA,Other,120
02_NON_INDIAN_COMPANIES/Formycon/01_FINANCIAL_DATA/Other/Formycon_FY2025_FinancialStatements_sec2_p174_t01.csv,THESIS_FINAL_MASTER_2026-09-02_191153/01_EVIDENCE/Non-Indian/Formycon/d840590f3e655f8f__Formycon_FY2025_FinancialStatements_sec2_p174_t01.csv,01_EVIDENCE/Non-Indian/Formycon/d840590f3e655f8f__Formycon_FY2025_FinancialStatements_sec2_p174_t01.csv,01_FINANCIAL_DATA,Other,99
02_NON_INDIAN_COMPANIES/Formycon/01_FINANCIAL_DATA/Other/Formycon_FY2025_FinancialStatements_sec2_p175.txt,THESIS_FINAL_MASTER_2026-09-02_191153/01_EVIDENCE/Non-Indian/Formycon/da4aee9b27a80dd8__Formycon_FY2025_FinancialStatements_sec2_p175.txt,01_EVIDENCE/Non-Indian/Formycon/da4aee9b27a80dd8__Formycon_FY2025_FinancialStatements_sec2_p175.txt,01_FINANCIAL_DATA,Other,813
02_NON_INDIAN_COMPANIES/Formycon/01_FINANCIAL_DATA/Other/Formycon_FY2025_FinancialStatements_sec2_p169.txt,THESIS_FINAL_MASTER_2026-09-02_191153/01_EVIDENCE/Non-Indian/Formycon/dc20fddd7cb81084__Formycon_FY2025_FinancialStatements_sec2_p169.txt,01_EVIDENCE/Non-Indian/Formycon/dc20fddd7cb81084__Formycon_FY2025_FinancialStatements_sec2_p169.txt,01_FINANCIAL_DATA,Other,3222
02_NON_INDIAN_COMPANIES/Formycon/01_FINANCIAL_DATA/Other/Formycon_FY2025_FinancialStatements_sec2_p187_t00.csv,THESIS_FINAL_MASTER_2026-09-02_191153/01_EVIDENCE/Non-Indian/Formycon/dccca318275384a9__Formycon_FY2025_FinancialStatements_sec2_p187_t00.csv,01_EVIDENCE/Non-Indian/Formycon/dccca318275384a9__Formycon_FY2025_FinancialStatements_sec2_p187_t00.csv,01_FINANCIAL_DATA,Other,22
02_NON_INDIAN_COMPANIES/Formycon/01_FINANCIAL_DATA/Other/Formycon_FY2025_FinancialStatements_sec2_p167.txt,THESIS_FINAL_MASTER_2026-09-02_191153/01_EVIDENCE/Non-Indian/Formycon/de8da639bcf873b7__Formycon_FY2025_FinancialStatements_sec2_p167.txt,01_EVIDENCE/Non-Indian/Formycon/de8da639bcf873b7__Formycon_FY2025_FinancialStatements_sec2_p167.txt,01_FINANCIAL_DATA,Other,3982
02_NON_INDIAN_COMPANIES/Formycon/01_FINANCIAL_DATA/Other/Formycon_FY2025_FinancialStatements_sec2_p087.txt,THESIS_FINAL_MASTER_2026-09-02_191153/01_EVIDENCE/Non-Indian/Formycon/df747067e081a295__Formycon_FY2025_FinancialStatements_sec2_p087.txt,01_EVIDENCE/Non-Indian/Formycon/df747067e081a295__Formycon_FY2025_FinancialStatements_sec2_p087.txt,01_FINANCIAL_DATA,Other,4480
02_NON_INDIAN_COMPANIES/Formycon/01_FINANCIAL_DATA/Other/Formycon_FY2025_FinancialStatements_sec2_p043.txt,THESIS_FINAL_MASTER_2026-09-02_191153/01_EVIDENCE/Non-Indian/Formycon/dfa43ac5e071fbe8__Formycon_FY2025_FinancialStatements_sec2_p043.txt,01_EVIDENCE/Non-Indian/Formycon/dfa43ac5e071fbe8__Formycon_FY2025_FinancialStatements_sec2_p043.txt,01_FINANCIAL_DATA,Other,3428
02_NON_INDIAN_COMPANIES/Formycon/01_FINANCIAL_DATA/Other/Formycon_FY2025_FinancialStatements_sec2_p012.txt,THESIS_FINAL_MASTER_2026-09-02_191153/01_EVIDENCE/Non-Indian/Formycon/e40293558d7bc475__Formycon_FY2025_FinancialStatements_sec2_p012.txt,01_EVIDENCE/Non-Indian/Formycon/e40293558d7bc475__Formycon_FY2025_FinancialStatements_sec2_p012.txt,01_FINANCIAL_DATA,Other,4094
02_NON_INDIAN_COMPANIES/Formycon/01_FINANCIAL_DATA/Other/Formycon_FY2025_FinancialStatements_sec2_p023.txt,THESIS_FINAL_MASTER_2026-09-02_191153/01_EVIDENCE/Non-Indian/Formycon/e7597d57fc35f866__Formycon_FY2025_FinancialStatements_sec2_p023.txt,01_EVIDENCE/Non-Indian/Formycon/e7597d57fc35f866__Formycon_FY2025_FinancialStatements_sec2_p023.txt,01_FINANCIAL_DATA,Other,3646
02_NON_INDIAN_COMPANIES/Formycon/01_FINANCIAL_DATA/Other/Formycon_FY2025_FinancialStatements_sec2_p052_t00.csv,THESIS_FINAL_MASTER_2026-09-02_191153/01_EVIDENCE/Non-Indian/Formycon/e7d201d8555eec3d__Formycon_FY2025_FinancialStatements_sec2_p052_t00.csv,01_EVIDENCE/Non-Indian/Formycon/e7d201d8555eec3d__Formycon_FY2025_FinancialStatements_sec2_p052_t00.csv,01_FINANCIAL_DATA,Other,182
02_NON_INDIAN_COMPANIES/Formycon/01_FINANCIAL_DATA/Other/Formycon_FY2025_FinancialStatements_sec2_p082.txt,THESIS_FINAL_MASTER_2026-09-02_191153/01_EVIDENCE/Non-Indian/Formycon/ed0a1d1d72822188__Formycon_FY2025_FinancialStatements_sec2_p082.txt,01_EVIDENCE/Non-Indian/Formycon/ed0a1d1d72822188__Formycon_FY2025_FinancialStatements_sec2_p082.txt,01_FINANCIAL_DATA,Other,3728
02_NON_INDIAN_COMPANIES/Formycon/01_FINANCIAL_DATA/Other/Formycon_FY2025_FinancialStatements_sec2_p091_t00.csv,THESIS_FINAL_MASTER_2026-09-02_191153/01_EVIDENCE/Non-Indian/Formycon/edc3106cb4404302__Formycon_FY2025_FinancialStatements_sec2_p091_t00.csv,01_EVIDENCE/Non-Indian/Formycon/edc3106cb4404302__Formycon_FY2025_FinancialStatements_sec2_p091_t00.csv,01_FINANCIAL_DATA,Other,899
02_NON_INDIAN_COMPANIES/Formycon/01_FINANCIAL_DATA/Other/Formycon_Income_Raw_Extracted.csv,THESIS_FINAL_MASTER_2026-09-02_191153/01_EVIDENCE/Non-Indian/Formycon/eeca39967ad2bd9d__Formycon_Income_Raw_Extracted.csv,01_EVIDENCE/Non-Indian/Formycon/eeca39967ad2bd9d__Formycon_Income_Raw_Extracted.csv,01_FINANCIAL_DATA,Other,1141
02_NON_INDIAN_COMPANIES/Formycon/01_FINANCIAL_DATA/Other/Formycon_FY2025_FinancialStatements_sec2_p135.txt,THESIS_FINAL_MASTER_2026-09-02_191153/01_EVIDENCE/Non-Indian/Formycon/ef86512221e239c7__Formycon_FY2025_FinancialStatements_sec2_p135.txt,01_EVIDENCE/Non-Indian/Formycon/ef86512221e239c7__Formycon_FY2025_FinancialStatements_sec2_p135.txt,01_FINANCIAL_DATA,Other,3968
02_NON_INDIAN_COMPANIES/Formycon/01_FINANCIAL_DATA/Other/Formycon_FY2025_FinancialStatements_sec2_p070.txt,THESIS_FINAL_MASTER_2026-09-02_191153/01_EVIDENCE/Non-Indian/Formycon/efc9a833fa657401__Formycon_FY2025_FinancialStatements_sec2_p070.txt,01_EVIDENCE/Non-Indian/Formycon/efc9a833fa657401__Formycon_FY2025_FinancialStatements_sec2_p070.txt,01_FINANCIAL_DATA,Other,2289
02_NON_INDIAN_COMPANIES/Formycon/01_FINANCIAL_DATA/Other/Formycon_FY2025_FinancialStatements_sec2_p091.txt,THESIS_FINAL_MASTER_2026-09-02_191153/01_EVIDENCE/Non-Indian/Formycon/f06fed158152dda3__Formycon_FY2025_FinancialStatements_sec2_p091.txt,01_EVIDENCE/Non-Indian/Formycon/f06fed158152dda3__Formycon_FY2025_FinancialStatements_sec2_p091.txt,01_FINANCIAL_DATA,Other,1418
02_NON_INDIAN_COMPANIES/Formycon/01_FINANCIAL_DATA/Other/Formycon_FY2025_FinancialStatements_sec2_p124.txt,THESIS_FINAL_MASTER_2026-09-02_191153/01_EVIDENCE/Non-Indian/Formycon/f077599f02aefede__Formycon_FY2025_FinancialStatements_sec2_p124.txt,01_EVIDENCE/Non-Indian/Formycon/f077599f02aefede__Formycon_FY2025_FinancialStatements_sec2_p124.txt,01_FINANCIAL_DATA,Other,3331
02_NON_INDIAN_COMPANIES/Formycon/01_FINANCIAL_DATA/Other/Formycon_FY2025_FinancialStatements_sec2_p094.txt,THESIS_FINAL_MASTER_2026-09-02_191153/01_EVIDENCE/Non-Indian/Formycon/f23291ffa4931dad__Formycon_FY2025_FinancialStatements_sec2_p094.txt,01_EVIDENCE/Non-Indian/Formycon/f23291ffa4931dad__Formycon_FY2025_FinancialStatements_sec2_p094.txt,01_FINANCIAL_DATA,Other,3101
02_NON_INDIAN_COMPANIES/Formycon/01_FINANCIAL_DATA/Other/Formycon_FY2025_FinancialStatements_sec2_p205.txt,THESIS_FINAL_MASTER_2026-09-02_191153/01_EVIDENCE/Non-Indian/Formycon/f252738aa2396219__Formycon_FY2025_FinancialStatements_sec2_p205.txt,01_EVIDENCE/Non-Indian/Formycon/f252738aa2396219__Formycon_FY2025_FinancialStatements_sec2_p205.txt,01_FINANCIAL_DATA,Other,1515
02_NON_INDIAN_COMPANIES/Formycon/01_FINANCIAL_DATA/Other/Formycon_FY2025_FinancialStatements_sec2_p170_t00.csv,THESIS_FINAL_MASTER_2026-09-02_191153/01_EVIDENCE/Non-Indian/Formycon/f2837b9624ed75bf__Formycon_FY2025_FinancialStatements_sec2_p170_t00.csv,01_EVIDENCE/Non-Indian/Formycon/f2837b9624ed75bf__Formycon_FY2025_FinancialStatements_sec2_p170_t00.csv,01_FINANCIAL_DATA,Other,37
02_NON_INDIAN_COMPANIES/Formycon/01_FINANCIAL_DATA/Other/Formycon_FY2025_FinancialStatements_sec2_p207_t00.csv,THESIS_FINAL_MASTER_2026-09-02_191153/01_EVIDENCE/Non-Indian/Formycon/f2ecbd12c210f120__Formycon_FY2025_FinancialStatements_sec2_p207_t00.csv,01_EVIDENCE/Non-Indian/Formycon/f2ecbd12c210f120__Formycon_FY2025_FinancialStatements_sec2_p207_t00.csv,01_FINANCIAL_DATA,Other,34
02_NON_INDIAN_COMPANIES/Formycon/01_FINANCIAL_DATA/Other/Formycon_FY2025_FinancialStatements_sec2_p086.txt,THESIS_FINAL_MASTER_2026-09-02_191153/01_EVIDENCE/Non-Indian/Formycon/f315fa522d1bfd15__Formycon_FY2025_FinancialStatements_sec2_p086.txt,01_EVIDENCE/Non-Indian/Formycon/f315fa522d1bfd15__Formycon_FY2025_FinancialStatements_sec2_p086.txt,01_FINANCIAL_DATA,Other,4455
02_NON_INDIAN_COMPANIES/Formycon/01_FINANCIAL_DATA/Other/Formycon_FY2025_FinancialStatements_sec2_p097.txt,THESIS_FINAL_MASTER_2026-09-02_191153/01_EVIDENCE/Non-Indian/Formycon/f58955682e500144__Formycon_FY2025_FinancialStatements_sec2_p097.txt,01_EVIDENCE/Non-Indian/Formycon/f58955682e500144__Formycon_FY2025_FinancialStatements_sec2_p097.txt,01_FINANCIAL_DATA,Other,4452
02_NON_INDIAN_COMPANIES/Formycon/01_FINANCIAL_DATA/Other/Formycon_FY2025_FinancialStatements_sec2_p190.txt,THESIS_FINAL_MASTER_2026-09-02_191153/01_EVIDENCE/Non-Indian/Formycon/f64f9e1cf2717e23__Formycon_FY2025_FinancialStatements_sec2_p190.txt,01_EVIDENCE/Non-Indian/Formycon/f64f9e1cf2717e23__Formycon_FY2025_FinancialStatements_sec2_p190.txt,01_FINANCIAL_DATA,Other,4486
02_NON_INDIAN_COMPANIES/Formycon/01_FINANCIAL_DATA/Other/Formycon_FY2024_FinancialStatements_HGB_p012_t01.csv,THESIS_FINAL_MASTER_2026-09-02_191153/01_EVIDENCE/Non-Indian/Formycon/f68cf034fc3a9b3f__Formycon_FY2024_FinancialStatements_HGB_p012_t01.csv,01_EVIDENCE/Non-Indian/Formycon/f68cf034fc3a9b3f__Formycon_FY2024_FinancialStatements_HGB_p012_t01.csv,01_FINANCIAL_DATA,Other,376
02_NON_INDIAN_COMPANIES/Formycon/01_FINANCIAL_DATA/Other/Formycon_FY2025_FinancialStatements_sec2_p168.txt,THESIS_FINAL_MASTER_2026-09-02_191153/01_EVIDENCE/Non-Indian/Formycon/f961754590491e0b__Formycon_FY2025_FinancialStatements_sec2_p168.txt,01_EVIDENCE/Non-Indian/Formycon/f961754590491e0b__Formycon_FY2025_FinancialStatements_sec2_p168.txt,01_FINANCIAL_DATA,Other,3879
02_NON_INDIAN_COMPANIES/Formycon/01_FINANCIAL_DATA/Other/Formycon_FY2025_FinancialStatements_sec2_p195.txt,THESIS_FINAL_MASTER_2026-09-02_191153/01_EVIDENCE/Non-Indian/Formycon/fa1396808c8b6d9d__Formycon_FY2025_FinancialStatements_sec2_p195.txt,01_EVIDENCE/Non-Indian/Formycon/fa1396808c8b6d9d__Formycon_FY2025_FinancialStatements_sec2_p195.txt,01_FINANCIAL_DATA,Other,4170
02_NON_INDIAN_COMPANIES/Formycon/01_FINANCIAL_DATA/Other/Formycon_FY2025_FinancialStatements_sec2_p125.txt,THESIS_FINAL_MASTER_2026-09-02_191153/01_EVIDENCE/Non-Indian/Formycon/fa1f3d507011add1__Formycon_FY2025_FinancialStatements_sec2_p125.txt,01_EVIDENCE/Non-Indian/Formycon/fa1f3d507011add1__Formycon_FY2025_FinancialStatements_sec2_p125.txt,01_FINANCIAL_DATA,Other,4574
02_NON_INDIAN_COMPANIES/Formycon/01_FINANCIAL_DATA/Other/Formycon_FY2025_FinancialStatements_sec2_p034_t00.csv,THESIS_FINAL_MASTER_2026-09-02_191153/01_EVIDENCE/Non-Indian/Formycon/fcdcc2c46896915a__Formycon_FY2025_FinancialStatements_sec2_p034_t00.csv,01_EVIDENCE/Non-Indian/Formycon/fcdcc2c46896915a__Formycon_FY2025_FinancialStatements_sec2_p034_t00.csv,01_FINANCIAL_DATA,Other,5
02_NON_INDIAN_COMPANIES/Formycon/01_FINANCIAL_DATA/Other/Formycon_FY2025_FinancialStatements_sec2_p098.txt,THESIS_FINAL_MASTER_2026-09-02_191153/01_EVIDENCE/Non-Indian/Formycon/fcf18aab960daf78__Formycon_FY2025_FinancialStatements_sec2_p098.txt,01_EVIDENCE/Non-Indian/Formycon/fcf18aab960daf78__Formycon_FY2025_FinancialStatements_sec2_p098.txt,01_FINANCIAL_DATA,Other,672
02_NON_INDIAN_COMPANIES/Formycon/01_FINANCIAL_DATA/Quarterly/Formycon_Balance_Sheet_Quarters.csv,THESIS_FINAL_MASTER_2026-09-02_191153/01_EVIDENCE/Non-Indian/Formycon/b6a2c0dba5b32562__Formycon_Balance_Sheet_Quarters.csv,01_EVIDENCE/Non-Indian/Formycon/b6a2c0dba5b32562__Formycon_Balance_Sheet_Quarters.csv,01_FINANCIAL_DATA,Quarterly,20644
02_NON_INDIAN_COMPANIES/Formycon/01_FINANCIAL_DATA/Quarterly/Formycon_Income_Statement_Quarters.csv,THESIS_FINAL_MASTER_2026-09-02_191153/01_EVIDENCE/Non-Indian/Formycon/df612c44a8bf1f68__Formycon_Income_Statement_Quarters.csv,01_EVIDENCE/Non-Indian/Formycon/df612c44a8bf1f68__Formycon_Income_Statement_Quarters.csv,01_FINANCIAL_DATA,Quarterly,2828
02_NON_INDIAN_COMPANIES/Formycon/01_FINANCIAL_DATA/Quarterly/Formycon_Income_Quarterly_Derived.csv,THESIS_FINAL_MASTER_2026-09-02_191153/01_EVIDENCE/Non-Indian/Formycon/e2b83a9354b32eed__Formycon_Income_Quarterly_Derived.csv,01_EVIDENCE/Non-Indian/Formycon/e2b83a9354b32eed__Formycon_Income_Quarterly_Derived.csv,01_FINANCIAL_DATA,Quarterly,23842
02_NON_INDIAN_COMPANIES/Formycon/02_MARKET_DATA/Daily/Formycon_FYB_DE_daily.csv,THESIS_FINAL_MASTER_2026-09-02_191153/01_EVIDENCE/Non-Indian/Formycon/255dda62d0b55565__Formycon_FYB_DE_daily.csv,01_EVIDENCE/Non-Indian/Formycon/255dda62d0b55565__Formycon_FYB_DE_daily.csv,02_MARKET_DATA,Daily,481620
02_NON_INDIAN_COMPANIES/Formycon/02_MARKET_DATA/Daily/Formycon_daily.csv,THESIS_FINAL_MASTER_2026-09-02_191153/01_EVIDENCE/Non-Indian/Formycon/818ab69542ed956a__Formycon_daily.csv,01_EVIDENCE/Non-Indian/Formycon/818ab69542ed956a__Formycon_daily.csv,02_MARKET_DATA,Daily,365191
02_NON_INDIAN_COMPANIES/Formycon/02_MARKET_DATA/Monthly/Formycon_monthly_derived.csv,THESIS_FINAL_MASTER_2026-09-02_191153/01_EVIDENCE/Non-Indian/Formycon/0265404d0ec9888d__Formycon_monthly_derived.csv,01_EVIDENCE/Non-Indian/Formycon/0265404d0ec9888d__Formycon_monthly_derived.csv,02_MARKET_DATA,Monthly,17378
02_NON_INDIAN_COMPANIES/Formycon/02_MARKET_DATA/Monthly/Formycon_FYB_DE_monthly_derived.csv,THESIS_FINAL_MASTER_2026-09-02_191153/01_EVIDENCE/Non-Indian/Formycon/52e14738703a8563__Formycon_FYB_DE_monthly_derived.csv,01_EVIDENCE/Non-Indian/Formycon/52e14738703a8563__Formycon_FYB_DE_monthly_derived.csv,02_MARKET_DATA,Monthly,18420
02_NON_INDIAN_COMPANIES/Formycon/02_MARKET_DATA/Weekly/Formycon_FYB_DE_weekly_derived.csv,THESIS_FINAL_MASTER_2026-09-02_191153/01_EVIDENCE/Non-Indian/Formycon/9f4dab145372ea94__Formycon_FYB_DE_weekly_derived.csv,01_EVIDENCE/Non-Indian/Formycon/9f4dab145372ea94__Formycon_FYB_DE_weekly_derived.csv,02_MARKET_DATA,Weekly,79438
02_NON_INDIAN_COMPANIES/Formycon/02_MARKET_DATA/Weekly/Formycon_weekly_derived.csv,THESIS_FINAL_MASTER_2026-09-02_191153/01_EVIDENCE/Non-Indian/Formycon/f9511f2716a7a01f__Formycon_weekly_derived.csv,01_EVIDENCE/Non-Indian/Formycon/f9511f2716a7a01f__Formycon_weekly_derived.csv,02_MARKET_DATA,Weekly,75128
02_NON_INDIAN_COMPANIES/Formycon/04_OTHER_SOURCE_MATERIAL/Formycon_H1_2024_Report_p009.txt,THESIS_FINAL_MASTER_2026-09-02_191153/01_EVIDENCE/Non-Indian/Formycon/0019b2c22c0308dc__Formycon_H1_2024_Report_p009.txt,01_EVIDENCE/Non-Indian/Formycon/0019b2c22c0308dc__Formycon_H1_2024_Report_p009.txt,04_OTHER_SOURCE_MATERIAL,,4314
02_NON_INDIAN_COMPANIES/Formycon/04_OTHER_SOURCE_MATERIAL/Formycon_H1_2024_Report_p034.txt,THESIS_FINAL_MASTER_2026-09-02_191153/01_EVIDENCE/Non-Indian/Formycon/01055ce20cc26c41__Formycon_H1_2024_Report_p034.txt,01_EVIDENCE/Non-Indian/Formycon/01055ce20cc26c41__Formycon_H1_2024_Report_p034.txt,04_OTHER_SOURCE_MATERIAL,,4566
02_NON_INDIAN_COMPANIES/Formycon/03_SOURCE_REPORTS/Formycon_Q1_2026_EarningsCall.pdf,THESIS_FINAL_MASTER_2026-09-02_191153/01_EVIDENCE/Non-Indian/Formycon/019359d7fafeebfe__Formycon_Q1_2026_EarningsCall.pdf,01_EVIDENCE/Non-Indian/Formycon/019359d7fafeebfe__Formycon_Q1_2026_EarningsCall.pdf,03_SOURCE_REPORTS,,2346015
02_NON_INDIAN_COMPANIES/Formycon/04_OTHER_SOURCE_MATERIAL/index.json,THESIS_FINAL_MASTER_2026-09-02_191153/01_EVIDENCE/Non-Indian/Formycon/028f3863fe5ac21e__index.json,01_EVIDENCE/Non-Indian/Formycon/028f3863fe5ac21e__index.json,04_OTHER_SOURCE_MATERIAL,,256045
02_NON_INDIAN_COMPANIES/Formycon/04_OTHER_SOURCE_MATERIAL/Formycon_H1_2026_EarningsCall_p014.txt,THESIS_FINAL_MASTER_2026-09-02_191153/01_EVIDENCE/Non-Indian/Formycon/029cc230d1f958f2__Formycon_H1_2026_EarningsCall_p014.txt,01_EVIDENCE/Non-Indian/Formycon/029cc230d1f958f2__Formycon_H1_2026_EarningsCall_p014.txt,04_OTHER_SOURCE_MATERIAL,,1100
02_NON_INDIAN_COMPANIES/Formycon/04_OTHER_SOURCE_MATERIAL/Formycon_H1_2024_Report_p033_t00.csv,THESIS_FINAL_MASTER_2026-09-02_191153/01_EVIDENCE/Non-Indian/Formycon/044852a2b002a3f9__Formycon_H1_2024_Report_p033_t00.csv,01_EVIDENCE/Non-Indian/Formycon/044852a2b002a3f9__Formycon_H1_2024_Report_p033_t00.csv,04_OTHER_SOURCE_MATERIAL,,870
02_NON_INDIAN_COMPANIES/Formycon/04_OTHER_SOURCE_MATERIAL/Formycon_Q1_2026_EarningsCall_p007.txt,THESIS_FINAL_MASTER_2026-09-02_191153/01_EVIDENCE/Non-Indian/Formycon/061103c9da437d7f__Formycon_Q1_2026_EarningsCall_p007.txt,01_EVIDENCE/Non-Indian/Formycon/061103c9da437d7f__Formycon_Q1_2026_EarningsCall_p007.txt,04_OTHER_SOURCE_MATERIAL,,1062
02_NON_INDIAN_COMPANIES/Formycon/04_OTHER_SOURCE_MATERIAL/Formycon_H1_2023_Report_p036.txt,THESIS_FINAL_MASTER_2026-09-02_191153/01_EVIDENCE/Non-Indian/Formycon/06fd5908853f150d__Formycon_H1_2023_Report_p036.txt,01_EVIDENCE/Non-Indian/Formycon/06fd5908853f150d__Formycon_H1_2023_Report_p036.txt,04_OTHER_SOURCE_MATERIAL,,6437
02_NON_INDIAN_COMPANIES/Formycon/04_OTHER_SOURCE_MATERIAL/Formycon_H1_2024_Report_p015_t00.csv,THESIS_FINAL_MASTER_2026-09-02_191153/01_EVIDENCE/Non-Indian/Formycon/0769b99b5435c0dc__Formycon_H1_2024_Report_p015_t00.csv,01_EVIDENCE/Non-Indian/Formycon/0769b99b5435c0dc__Formycon_H1_2024_Report_p015_t00.csv,04_OTHER_SOURCE_MATERIAL,,571
02_NON_INDIAN_COMPANIES/Formycon/04_OTHER_SOURCE_MATERIAL/Formycon_H1_2024_Report_p007.txt,THESIS_FINAL_MASTER_2026-09-02_191153/01_EVIDENCE/Non-Indian/Formycon/080a1c3402c6c31b__Formycon_H1_2024_Report_p007.txt,01_EVIDENCE/Non-Indian/Formycon/080a1c3402c6c31b__Formycon_H1_2024_Report_p007.txt,04_OTHER_SOURCE_MATERIAL,,4879
02_NON_INDIAN_COMPANIES/Formycon/04_OTHER_SOURCE_MATERIAL/Formycon_9M_2025_Presentation_p014_t00.csv,THESIS_FINAL_MASTER_2026-09-02_191153/01_EVIDENCE/Non-Indian/Formycon/0b31af4a5fbd5461__Formycon_9M_2025_Presentation_p014_t00.csv,01_EVIDENCE/Non-Indian/Formycon/0b31af4a5fbd5461__Formycon_9M_2025_Presentation_p014_t00.csv,04_OTHER_SOURCE_MATERIAL,,35
02_NON_INDIAN_COMPANIES/Formycon/04_OTHER_SOURCE_MATERIAL/Formycon_H1_2024_Report_p036.txt,THESIS_FINAL_MASTER_2026-09-02_191153/01_EVIDENCE/Non-Indian/Formycon/0b565c7200f1c690__Formycon_H1_2024_Report_p036.txt,01_EVIDENCE/Non-Indian/Formycon/0b565c7200f1c690__Formycon_H1_2024_Report_p036.txt,04_OTHER_SOURCE_MATERIAL,,3682
02_NON_INDIAN_COMPANIES/Formycon/04_OTHER_SOURCE_MATERIAL/Formycon_H1_2026_EarningsCall_p015.txt,THESIS_FINAL_MASTER_2026-09-02_191153/01_EVIDENCE/Non-Indian/Formycon/0d6a827b6a9106d3__Formycon_H1_2026_EarningsCall_p015.txt,01_EVIDENCE/Non-Indian/Formycon/0d6a827b6a9106d3__Formycon_H1_2026_EarningsCall_p015.txt,04_OTHER_SOURCE_MATERIAL,,110
02_NON_INDIAN_COMPANIES/Formycon/04_OTHER_SOURCE_MATERIAL/Formycon_H1_2023_Report_p040_t00.csv,THESIS_FINAL_MASTER_2026-09-02_191153/01_EVIDENCE/Non-Indian/Formycon/0d6fd94daedade93__Formycon_H1_2023_Report_p040_t00.csv,01_EVIDENCE/Non-Indian/Formycon/0d6fd94daedade93__Formycon_H1_2023_Report_p040_t00.csv,04_OTHER_SOURCE_MATERIAL,,38
02_NON_INDIAN_COMPANIES/Formycon/04_OTHER_SOURCE_MATERIAL/Formycon_H1_2024_Report_p017.txt,THESIS_FINAL_MASTER_2026-09-02_191153/01_EVIDENCE/Non-Indian/Formycon/0dd1bc6064594477__Formycon_H1_2024_Report_p017.txt,01_EVIDENCE/Non-Indian/Formycon/0dd1bc6064594477__Formycon_H1_2024_Report_p017.txt,04_OTHER_SOURCE_MATERIAL,,4243
02_NON_INDIAN_COMPANIES/Formycon/04_OTHER_SOURCE_MATERIAL/Formycon_Q1_2025_EarningsCall_p006.txt,THESIS_FINAL_MASTER_2026-09-02_191153/01_EVIDENCE/Non-Indian/Formycon/0e65f41c9d42ac5c__Formycon_Q1_2025_EarningsCall_p006.txt,01_EVIDENCE/Non-Indian/Formycon/0e65f41c9d42ac5c__Formycon_Q1_2025_EarningsCall_p006.txt,04_OTHER_SOURCE_MATERIAL,,337
02_NON_INDIAN_COMPANIES/Formycon/04_OTHER_SOURCE_MATERIAL/Formycon_H1_2023_Report_p032_t00.csv,THESIS_FINAL_MASTER_2026-09-02_191153/01_EVIDENCE/Non-Indian/Formycon/102ae362137f7ca8__Formycon_H1_2023_Report_p032_t00.csv,01_EVIDENCE/Non-Indian/Formycon/102ae362137f7ca8__Formycon_H1_2023_Report_p032_t00.csv,04_OTHER_SOURCE_MATERIAL,,346
02_NON_INDIAN_COMPANIES/Formycon/04_OTHER_SOURCE_MATERIAL/Formycon_H1_2024_Report_p037.txt,THESIS_FINAL_MASTER_2026-09-02_191153/01_EVIDENCE/Non-Indian/Formycon/1093c6e5c3ef2c7d__Formycon_H1_2024_Report_p037.txt,01_EVIDENCE/Non-Indian/Formycon/1093c6e5c3ef2c7d__Formycon_H1_2024_Report_p037.txt,04_OTHER_SOURCE_MATERIAL,,2930
02_NON_INDIAN_COMPANIES/Formycon/04_OTHER_SOURCE_MATERIAL/Formycon_H1_2023_Report_p006_t00.csv,THESIS_FINAL_MASTER_2026-09-02_191153/01_EVIDENCE/Non-Indian/Formycon/10a1214a3e5dc6de__Formycon_H1_2023_Report_p006_t00.csv,01_EVIDENCE/Non-Indian/Formycon/10a1214a3e5dc6de__Formycon_H1_2023_Report_p006_t00.csv,04_OTHER_SOURCE_MATERIAL,,44
02_NON_INDIAN_COMPANIES/Formycon/04_OTHER_SOURCE_MATERIAL/Formycon_9M_2025_Presentation_p008_t00.csv,THESIS_FINAL_MASTER_2026-09-02_191153/01_EVIDENCE/Non-Indian/Formycon/11d43858d21bda91__Formycon_9M_2025_Presentation_p008_t00.csv,01_EVIDENCE/Non-Indian/Formycon/11d43858d21bda91__Formycon_9M_2025_Presentation_p008_t00.csv,04_OTHER_SOURCE_MATERIAL,,148
02_NON_INDIAN_COMPANIES/Formycon/04_OTHER_SOURCE_MATERIAL/Formycon_Q1_2026_EarningsCall_p011_t01.csv,THESIS_FINAL_MASTER_2026-09-02_191153/01_EVIDENCE/Non-Indian/Formycon/1212238b9bb62b73__Formycon_Q1_2026_EarningsCall_p011_t01.csv,01_EVIDENCE/Non-Indian/Formycon/1212238b9bb62b73__Formycon_Q1_2026_EarningsCall_p011_t01.csv,04_OTHER_SOURCE_MATERIAL,,75
02_NON_INDIAN_COMPANIES/Formycon/04_OTHER_SOURCE_MATERIAL/Formycon_H1_2024_Report_p025.txt,THESIS_FINAL_MASTER_2026-09-02_191153/01_EVIDENCE/Non-Indian/Formycon/12536b9aa29f6b34__Formycon_H1_2024_Report_p025.txt,01_EVIDENCE/Non-Indian/Formycon/12536b9aa29f6b34__Formycon_H1_2024_Report_p025.txt,04_OTHER_SOURCE_MATERIAL,,8823
02_NON_INDIAN_COMPANIES/Formycon/04_OTHER_SOURCE_MATERIAL/Formycon_H1_2023_Report_p009.txt,THESIS_FINAL_MASTER_2026-09-02_191153/01_EVIDENCE/Non-Indian/Formycon/15532d48f8c5e2c7__Formycon_H1_2023_Report_p009.txt,01_EVIDENCE/Non-Indian/Formycon/15532d48f8c5e2c7__Formycon_H1_2023_Report_p009.txt,04_OTHER_SOURCE_MATERIAL,,4534
02_NON_INDIAN_COMPANIES/Formycon/04_OTHER_SOURCE_MATERIAL/Formycon_H1_2026_EarningsCall_p012_t01.csv,THESIS_FINAL_MASTER_2026-09-02_191153/01_EVIDENCE/Non-Indian/Formycon/1574fa2590d965d6__Formycon_H1_2026_EarningsCall_p012_t01.csv,01_EVIDENCE/Non-Indian/Formycon/1574fa2590d965d6__Formycon_H1_2026_EarningsCall_p012_t01.csv,04_OTHER_SOURCE_MATERIAL,,89
02_NON_INDIAN_COMPANIES/Formycon/04_OTHER_SOURCE_MATERIAL/Formycon_H1_2026_EarningsCall_p004_t03.csv,THESIS_FINAL_MASTER_2026-09-02_191153/01_EVIDENCE/Non-Indian/Formycon/16da4f758e7650d3__Formycon_H1_2026_EarningsCall_p004_t03.csv,01_EVIDENCE/Non-Indian/Formycon/16da4f758e7650d3__Formycon_H1_2026_EarningsCall_p004_t03.csv,04_OTHER_SOURCE_MATERIAL,,283
02_NON_INDIAN_COMPANIES/Formycon/04_OTHER_SOURCE_MATERIAL/Formycon_FY2023_EarningsCall_p012_t00.csv,THESIS_FINAL_MASTER_2026-09-02_191153/01_EVIDENCE/Non-Indian/Formycon/172aadabefa2d934__Formycon_FY2023_EarningsCall_p012_t00.csv,01_EVIDENCE/Non-Indian/Formycon/172aadabefa2d934__Formycon_FY2023_EarningsCall_p012_t00.csv,04_OTHER_SOURCE_MATERIAL,,836
02_NON_INDIAN_COMPANIES/Formycon/04_OTHER_SOURCE_MATERIAL/Formycon_9M_2024_Presentation_p003.txt,THESIS_FINAL_MASTER_2026-09-02_191153/01_EVIDENCE/Non-Indian/Formycon/17ecc9cc25df7cd2__Formycon_9M_2024_Presentation_p003.txt,01_EVIDENCE/Non-Indian/Formycon/17ecc9cc25df7cd2__Formycon_9M_2024_Presentation_p003.txt,04_OTHER_SOURCE_MATERIAL,,302
02_NON_INDIAN_COMPANIES/Formycon/04_OTHER_SOURCE_MATERIAL/Formycon_H1_2023_EarningsCall_p011_t00.csv,THESIS_FINAL_MASTER_2026-09-02_191153/01_EVIDENCE/Non-Indian/Formycon/19a77dbc55371927__Formycon_H1_2023_EarningsCall_p011_t00.csv,01_EVIDENCE/Non-Indian/Formycon/19a77dbc55371927__Formycon_H1_2023_EarningsCall_p011_t00.csv,04_OTHER_SOURCE_MATERIAL,,205
02_NON_INDIAN_COMPANIES/Formycon/04_OTHER_SOURCE_MATERIAL/Formycon_Q1_2026_EarningsCall_p011_t00.csv,THESIS_FINAL_MASTER_2026-09-02_191153/01_EVIDENCE/Non-Indian/Formycon/1a016850ea5f289d__Formycon_Q1_2026_EarningsCall_p011_t00.csv,01_EVIDENCE/Non-Indian/Formycon/1a016850ea5f289d__Formycon_Q1_2026_EarningsCall_p011_t00.csv,04_OTHER_SOURCE_MATERIAL,,88
02_NON_INDIAN_COMPANIES/Formycon/04_OTHER_SOURCE_MATERIAL/Formycon_H1_2023_Report_p002_t00.csv,THESIS_FINAL_MASTER_2026-09-02_191153/01_EVIDENCE/Non-Indian/Formycon/1a0b9a6a2ef71a2b__Formycon_H1_2023_Report_p002_t00.csv,01_EVIDENCE/Non-Indian/Formycon/1a0b9a6a2ef71a2b__Formycon_H1_2023_Report_p002_t00.csv,04_OTHER_SOURCE_MATERIAL,,373
02_NON_INDIAN_COMPANIES/Formycon/04_OTHER_SOURCE_MATERIAL/Formycon_H1_2025_Report_p008.txt,THESIS_FINAL_MASTER_2026-09-02_191153/01_EVIDENCE/Non-Indian/Formycon/1a19713dd7606317__Formycon_H1_2025_Report_p008.txt,01_EVIDENCE/Non-Indian/Formycon/1a19713dd7606317__Formycon_H1_2025_Report_p008.txt,04_OTHER_SOURCE_MATERIAL,,1021
02_NON_INDIAN_COMPANIES/Formycon/04_OTHER_SOURCE_MATERIAL/Formycon_9M_2025_Presentation_p009.txt,THESIS_FINAL_MASTER_2026-09-02_191153/01_EVIDENCE/Non-Indian/Formycon/1a73225da5f0a02d__Formycon_9M_2025_Presentation_p009.txt,01_EVIDENCE/Non-Indian/Formycon/1a73225da5f0a02d__Formycon_9M_2025_Presentation_p009.txt,04_OTHER_SOURCE_MATERIAL,,393
02_NON_INDIAN_COMPANIES/Formycon/04_OTHER_SOURCE_MATERIAL/Formycon_H1_2024_Report_p031_t00.csv,THESIS_FINAL_MASTER_2026-09-02_191153/01_EVIDENCE/Non-Indian/Formycon/1ad95194113059aa__Formycon_H1_2024_Report_p031_t00.csv,01_EVIDENCE/Non-Indian/Formycon/1ad95194113059aa__Formycon_H1_2024_Report_p031_t00.csv,04_OTHER_SOURCE_MATERIAL,,297
02_NON_INDIAN_COMPANIES/Formycon/04_OTHER_SOURCE_MATERIAL/Formycon_9M_2025_Presentation_p012.txt,THESIS_FINAL_MASTER_2026-09-02_191153/01_EVIDENCE/Non-Indian/Formycon/1b193c2151c32414__Formycon_9M_2025_Presentation_p012.txt,01_EVIDENCE/Non-Indian/Formycon/1b193c2151c32414__Formycon_9M_2025_Presentation_p012.txt,04_OTHER_SOURCE_MATERIAL,,807
02_NON_INDIAN_COMPANIES/Formycon/04_OTHER_SOURCE_MATERIAL/Formycon_Q1_2026_EarningsCall_p006.txt,THESIS_FINAL_MASTER_2026-09-02_191153/01_EVIDENCE/Non-Indian/Formycon/1c4bc12d3201e8e3__Formycon_Q1_2026_EarningsCall_p006.txt,01_EVIDENCE/Non-Indian/Formycon/1c4bc12d3201e8e3__Formycon_Q1_2026_EarningsCall_p006.txt,04_OTHER_SOURCE_MATERIAL,,76
02_NON_INDIAN_COMPANIES/Formycon/04_OTHER_SOURCE_MATERIAL/Formycon_H1_2024_Report_p036_t00.csv,THESIS_FINAL_MASTER_2026-09-02_191153/01_EVIDENCE/Non-Indian/Formycon/1d1756cbae9ba5b1__Formycon_H1_2024_Report_p036_t00.csv,01_EVIDENCE/Non-Indian/Formycon/1d1756cbae9ba5b1__Formycon_H1_2024_Report_p036_t00.csv,04_OTHER_SOURCE_MATERIAL,,514
02_NON_INDIAN_COMPANIES/Formycon/04_OTHER_SOURCE_MATERIAL/Formycon_H1_2023_Report_p024.txt,THESIS_FINAL_MASTER_2026-09-02_191153/01_EVIDENCE/Non-Indian/Formycon/1e999354e981ba8f__Formycon_H1_2023_Report_p024.txt,01_EVIDENCE/Non-Indian/Formycon/1e999354e981ba8f__Formycon_H1_2023_Report_p024.txt,04_OTHER_SOURCE_MATERIAL,,8109
02_NON_INDIAN_COMPANIES/Formycon/04_OTHER_SOURCE_MATERIAL/Formycon_FY2023_EarningsCall_p013.txt,THESIS_FINAL_MASTER_2026-09-02_191153/01_EVIDENCE/Non-Indian/Formycon/2066e582e0c4a22a__Formycon_FY2023_EarningsCall_p013.txt,01_EVIDENCE/Non-Indian/Formycon/2066e582e0c4a22a__Formycon_FY2023_EarningsCall_p013.txt,04_OTHER_SOURCE_MATERIAL,,796
02_NON_INDIAN_COMPANIES/Formycon/04_OTHER_SOURCE_MATERIAL/Formycon_H1_2023_Report_p007.txt,THESIS_FINAL_MASTER_2026-09-02_191153/01_EVIDENCE/Non-Indian/Formycon/212a363cfec23cfd__Formycon_H1_2023_Report_p007.txt,01_EVIDENCE/Non-Indian/Formycon/212a363cfec23cfd__Formycon_H1_2023_Report_p007.txt,04_OTHER_SOURCE_MATERIAL,,6324
02_NON_INDIAN_COMPANIES/Formycon/04_OTHER_SOURCE_MATERIAL/Formycon_9M_2025_Presentation_p004_t00.csv,THESIS_FINAL_MASTER_2026-09-02_191153/01_EVIDENCE/Non-Indian/Formycon/222f0fe9b5f085b8__Formycon_9M_2025_Presentation_p004_t00.csv,01_EVIDENCE/Non-Indian/Formycon/222f0fe9b5f085b8__Formycon_9M_2025_Presentation_p004_t00.csv,04_OTHER_SOURCE_MATERIAL,,208
02_NON_INDIAN_COMPANIES/Formycon/03_SOURCE_REPORTS/Formycon_Q1_2024_Earnings_Call.pdf,THESIS_FINAL_MASTER_2026-09-02_191153/01_EVIDENCE/Non-Indian/Formycon/23cb7b9ee0cb9dcf__Formycon_Q1_2024_Earnings_Call.pdf,01_EVIDENCE/Non-Indian/Formycon/23cb7b9ee0cb9dcf__Formycon_Q1_2024_Earnings_Call.pdf,03_SOURCE_REPORTS,,1498131
02_NON_INDIAN_COMPANIES/Formycon/04_OTHER_SOURCE_MATERIAL/Formycon_H1_2026_EarningsCall_p003.txt,THESIS_FINAL_MASTER_2026-09-02_191153/01_EVIDENCE/Non-Indian/Formycon/23e68ed999c88397__Formycon_H1_2026_EarningsCall_p003.txt,01_EVIDENCE/Non-Indian/Formycon/23e68ed999c88397__Formycon_H1_2026_EarningsCall_p003.txt,04_OTHER_SOURCE_MATERIAL,,633
02_NON_INDIAN_COMPANIES/Formycon/04_OTHER_SOURCE_MATERIAL/Formycon_H1_2024_Report_p018.txt,THESIS_FINAL_MASTER_2026-09-02_191153/01_EVIDENCE/Non-Indian/Formycon/24e15ec23a098c37__Formycon_H1_2024_Report_p018.txt,01_EVIDENCE/Non-Indian/Formycon/24e15ec23a098c37__Formycon_H1_2024_Report_p018.txt,04_OTHER_SOURCE_MATERIAL,,7351
02_NON_INDIAN_COMPANIES/Formycon/04_OTHER_SOURCE_MATERIAL/Formycon_Q1_2025_EarningsCall_p005.txt,THESIS_FINAL_MASTER_2026-09-02_191153/01_EVIDENCE/Non-Indian/Formycon/25821656bf9c838e__Formycon_Q1_2025_EarningsCall_p005.txt,01_EVIDENCE/Non-Indian/Formycon/25821656bf9c838e__Formycon_Q1_2025_EarningsCall_p005.txt,04_OTHER_SOURCE_MATERIAL,,821
02_NON_INDIAN_COMPANIES/Formycon/04_OTHER_SOURCE_MATERIAL/Formycon_9M_2024_Presentation_p018_t00.csv,THESIS_FINAL_MASTER_2026-09-02_191153/01_EVIDENCE/Non-Indian/Formycon/25bb4122f02b125a__Formycon_9M_2024_Presentation_p018_t00.csv,01_EVIDENCE/Non-Indian/Formycon/25bb4122f02b125a__Formycon_9M_2024_Presentation_p018_t00.csv,04_OTHER_SOURCE_MATERIAL,,977
02_NON_INDIAN_COMPANIES/Formycon/03_SOURCE_REPORTS/Formycon_H1_2023_EarningsCall.pdf,THESIS_FINAL_MASTER_2026-09-02_191153/01_EVIDENCE/Non-Indian/Formycon/26661b7beaeaef2f__Formycon_H1_2023_EarningsCall.pdf,01_EVIDENCE/Non-Indian/Formycon/26661b7beaeaef2f__Formycon_H1_2023_EarningsCall.pdf,03_SOURCE_REPORTS,,1594704
02_NON_INDIAN_COMPANIES/Formycon/04_OTHER_SOURCE_MATERIAL/Formycon_H1_2023_Report_p017.txt,THESIS_FINAL_MASTER_2026-09-02_191153/01_EVIDENCE/Non-Indian/Formycon/26d0ed93786603d8__Formycon_H1_2023_Report_p017.txt,01_EVIDENCE/Non-Indian/Formycon/26d0ed93786603d8__Formycon_H1_2023_Report_p017.txt,04_OTHER_SOURCE_MATERIAL,,8868
02_NON_INDIAN_COMPANIES/Formycon/04_OTHER_SOURCE_MATERIAL/Formycon_H1_2023_Report_p031_t00.csv,THESIS_FINAL_MASTER_2026-09-02_191153/01_EVIDENCE/Non-Indian/Formycon/28fd66999f157a1c__Formycon_H1_2023_Report_p031_t00.csv,01_EVIDENCE/Non-Indian/Formycon/28fd66999f157a1c__Formycon_H1_2023_Report_p031_t00.csv,04_OTHER_SOURCE_MATERIAL,,164
02_NON_INDIAN_COMPANIES/Formycon/04_OTHER_SOURCE_MATERIAL/Formycon_Q1_2026_EarningsCall_p009.txt,THESIS_FINAL_MASTER_2026-09-02_191153/01_EVIDENCE/Non-Indian/Formycon/2a24b094b072d707__Formycon_Q1_2026_EarningsCall_p009.txt,01_EVIDENCE/Non-Indian/Formycon/2a24b094b072d707__Formycon_Q1_2026_EarningsCall_p009.txt,04_OTHER_SOURCE_MATERIAL,,380
02_NON_INDIAN_COMPANIES/Formycon/04_OTHER_SOURCE_MATERIAL/Formycon_H1_2024_Report_p029.txt,THESIS_FINAL_MASTER_2026-09-02_191153/01_EVIDENCE/Non-Indian/Formycon/2a3a068f39f927a7__Formycon_H1_2024_Report_p029.txt,01_EVIDENCE/Non-Indian/Formycon/2a3a068f39f927a7__Formycon_H1_2024_Report_p029.txt,04_OTHER_SOURCE_MATERIAL,,6652
02_NON_INDIAN_COMPANIES/Formycon/04_OTHER_SOURCE_MATERIAL/Formycon_9M_2024_Presentation_p015_t01.csv,THESIS_FINAL_MASTER_2026-09-02_191153/01_EVIDENCE/Non-Indian/Formycon/2b175f78aa642a23__Formycon_9M_2024_Presentation_p015_t01.csv,01_EVIDENCE/Non-Indian/Formycon/2b175f78aa642a23__Formycon_9M_2024_Presentation_p015_t01.csv,04_OTHER_SOURCE_MATERIAL,,54
02_NON_INDIAN_COMPANIES/Formycon/04_OTHER_SOURCE_MATERIAL/Formycon_H1_2023_EarningsCall_p012.txt,THESIS_FINAL_MASTER_2026-09-02_191153/01_EVIDENCE/Non-Indian/Formycon/2bb070f6a5a5a092__Formycon_H1_2023_EarningsCall_p012.txt,01_EVIDENCE/Non-Indian/Formycon/2bb070f6a5a5a092__Formycon_H1_2023_EarningsCall_p012.txt,04_OTHER_SOURCE_MATERIAL,,864
02_NON_INDIAN_COMPANIES/Formycon/04_OTHER_SOURCE_MATERIAL/Formycon_9M_2024_Presentation_p013_t00.csv,THESIS_FINAL_MASTER_2026-09-02_191153/01_EVIDENCE/Non-Indian/Formycon/2bc4922e39eb54d9__Formycon_9M_2024_Presentation_p013_t00.csv,01_EVIDENCE/Non-Indian/Formycon/2bc4922e39eb54d9__Formycon_9M_2024_Presentation_p013_t00.csv,04_OTHER_SOURCE_MATERIAL,,1716
02_NON_INDIAN_COMPANIES/Formycon/04_OTHER_SOURCE_MATERIAL/Formycon_H1_2024_Report_p033.txt,THESIS_FINAL_MASTER_2026-09-02_191153/01_EVIDENCE/Non-Indian/Formycon/2bfa96c068b57110__Formycon_H1_2024_Report_p033.txt,01_EVIDENCE/Non-Indian/Formycon/2bfa96c068b57110__Formycon_H1_2024_Report_p033.txt,04_OTHER_SOURCE_MATERIAL,,5107
02_NON_INDIAN_COMPANIES/Formycon/04_OTHER_SOURCE_MATERIAL/Formycon_H1_2026_EarningsCall_p007_t00.csv,THESIS_FINAL_MASTER_2026-09-02_191153/01_EVIDENCE/Non-Indian/Formycon/2de0b00300bf8622__Formycon_H1_2026_EarningsCall_p007_t00.csv,01_EVIDENCE/Non-Indian/Formycon/2de0b00300bf8622__Formycon_H1_2026_EarningsCall_p007_t00.csv,04_OTHER_SOURCE_MATERIAL,,216
02_NON_INDIAN_COMPANIES/Formycon/04_OTHER_SOURCE_MATERIAL/Formycon_H1_2025_Report_p006_t03.csv,THESIS_FINAL_MASTER_2026-09-02_191153/01_EVIDENCE/Non-Indian/Formycon/2e8a96d86694fdf0__Formycon_H1_2025_Report_p006_t03.csv,01_EVIDENCE/Non-Indian/Formycon/2e8a96d86694fdf0__Formycon_H1_2025_Report_p006_t03.csv,04_OTHER_SOURCE_MATERIAL,,144
02_NON_INDIAN_COMPANIES/Formycon/04_OTHER_SOURCE_MATERIAL/Formycon_H1_2023_Report_p025.txt,THESIS_FINAL_MASTER_2026-09-02_191153/01_EVIDENCE/Non-Indian/Formycon/2fbeaa1341dd1e15__Formycon_H1_2023_Report_p025.txt,01_EVIDENCE/Non-Indian/Formycon/2fbeaa1341dd1e15__Formycon_H1_2023_Report_p025.txt,04_OTHER_SOURCE_MATERIAL,,8465
02_NON_INDIAN_COMPANIES/Formycon/04_OTHER_SOURCE_MATERIAL/Formycon_H1_2023_Report_p033.txt,THESIS_FINAL_MASTER_2026-09-02_191153/01_EVIDENCE/Non-Indian/Formycon/300876637308d612__Formycon_H1_2023_Report_p033.txt,01_EVIDENCE/Non-Indian/Formycon/300876637308d612__Formycon_H1_2023_Report_p033.txt,04_OTHER_SOURCE_MATERIAL,,1124
02_NON_INDIAN_COMPANIES/Formycon/04_OTHER_SOURCE_MATERIAL/Formycon_H1_2023_Report_p034_t00.csv,THESIS_FINAL_MASTER_2026-09-02_191153/01_EVIDENCE/Non-Indian/Formycon/307ba27a775129fa__Formycon_H1_2023_Report_p034_t00.csv,01_EVIDENCE/Non-Indian/Formycon/307ba27a775129fa__Formycon_H1_2023_Report_p034_t00.csv,04_OTHER_SOURCE_MATERIAL,,975
02_NON_INDIAN_COMPANIES/Formycon/04_OTHER_SOURCE_MATERIAL/Formycon_H1_2024_Report_p031.txt,THESIS_FINAL_MASTER_2026-09-02_191153/01_EVIDENCE/Non-Indian/Formycon/31a09f30ecb12abc__Formycon_H1_2024_Report_p031.txt,01_EVIDENCE/Non-Indian/Formycon/31a09f30ecb12abc__Formycon_H1_2024_Report_p031.txt,04_OTHER_SOURCE_MATERIAL,,1777
02_NON_INDIAN_COMPANIES/Formycon/04_OTHER_SOURCE_MATERIAL/Formycon_H1_2023_Report_p026.txt,THESIS_FINAL_MASTER_2026-09-02_191153/01_EVIDENCE/Non-Indian/Formycon/3231e7d6448fd9a1__Formycon_H1_2023_Report_p026.txt,01_EVIDENCE/Non-Indian/Formycon/3231e7d6448fd9a1__Formycon_H1_2023_Report_p026.txt,04_OTHER_SOURCE_MATERIAL,,8135
02_NON_INDIAN_COMPANIES/Formycon/04_OTHER_SOURCE_MATERIAL/Formycon_9M_2025_Presentation_p004_t02.csv,THESIS_FINAL_MASTER_2026-09-02_191153/01_EVIDENCE/Non-Indian/Formycon/33b91f3dad241ec7__Formycon_9M_2025_Presentation_p004_t02.csv,01_EVIDENCE/Non-Indian/Formycon/33b91f3dad241ec7__Formycon_9M_2025_Presentation_p004_t02.csv,04_OTHER_SOURCE_MATERIAL,,150
02_NON_INDIAN_COMPANIES/Formycon/04_OTHER_SOURCE_MATERIAL/Formycon_9M_2024_Presentation_p014_t00.csv,THESIS_FINAL_MASTER_2026-09-02_191153/01_EVIDENCE/Non-Indian/Formycon/34b82ed3aae16eee__Formycon_9M_2024_Presentation_p014_t00.csv,01_EVIDENCE/Non-Indian/Formycon/34b82ed3aae16eee__Formycon_9M_2024_Presentation_p014_t00.csv,04_OTHER_SOURCE_MATERIAL,,130
02_NON_INDIAN_COMPANIES/Formycon/04_OTHER_SOURCE_MATERIAL/Formycon_H1_2025_Report_p005_t00.csv,THESIS_FINAL_MASTER_2026-09-02_191153/01_EVIDENCE/Non-Indian/Formycon/34c9a9d784b375fb__Formycon_H1_2025_Report_p005_t00.csv,01_EVIDENCE/Non-Indian/Formycon/34c9a9d784b375fb__Formycon_H1_2025_Report_p005_t00.csv,04_OTHER_SOURCE_MATERIAL,,1610
02_NON_INDIAN_COMPANIES/Formycon/04_OTHER_SOURCE_MATERIAL/Formycon_H1_2024_Report_p035_t01.csv,THESIS_FINAL_MASTER_2026-09-02_191153/01_EVIDENCE/Non-Indian/Formycon/34d560aa47a58891__Formycon_H1_2024_Report_p035_t01.csv,01_EVIDENCE/Non-Indian/Formycon/34d560aa47a58891__Formycon_H1_2024_Report_p035_t01.csv,04_OTHER_SOURCE_MATERIAL,,450
02_NON_INDIAN_COMPANIES/Formycon/04_OTHER_SOURCE_MATERIAL/Formycon_9M_2025_Presentation_p001.txt,THESIS_FINAL_MASTER_2026-09-02_191153/01_EVIDENCE/Non-Indian/Formycon/3648977eebeb758f__Formycon_9M_2025_Presentation_p001.txt,01_EVIDENCE/Non-Indian/Formycon/3648977eebeb758f__Formycon_9M_2025_Presentation_p001.txt,04_OTHER_SOURCE_MATERIAL,,70
02_NON_INDIAN_COMPANIES/Formycon/04_OTHER_SOURCE_MATERIAL/Formycon_H1_2026_EarningsCall_p004_t00.csv,THESIS_FINAL_MASTER_2026-09-02_191153/01_EVIDENCE/Non-Indian/Formycon/3718b2fec0dc5548__Formycon_H1_2026_EarningsCall_p004_t00.csv,01_EVIDENCE/Non-Indian/Formycon/3718b2fec0dc5548__Formycon_H1_2026_EarningsCall_p004_t00.csv,04_OTHER_SOURCE_MATERIAL,,193
02_NON_INDIAN_COMPANIES/Formycon/04_OTHER_SOURCE_MATERIAL/Formycon_H1_2026_EarningsCall_p010.txt,THESIS_FINAL_MASTER_2026-09-02_191153/01_EVIDENCE/Non-Indian/Formycon/377b708c6fd0c931__Formycon_H1_2026_EarningsCall_p010.txt,01_EVIDENCE/Non-Indian/Formycon/377b708c6fd0c931__Formycon_H1_2026_EarningsCall_p010.txt,04_OTHER_SOURCE_MATERIAL,,481
02_NON_INDIAN_COMPANIES/Formycon/04_OTHER_SOURCE_MATERIAL/Formycon_H1_2023_Report_p040.txt,THESIS_FINAL_MASTER_2026-09-02_191153/01_EVIDENCE/Non-Indian/Formycon/37e59c89c0f26f71__Formycon_H1_2023_Report_p040.txt,01_EVIDENCE/Non-Indian/Formycon/37e59c89c0f26f71__Formycon_H1_2023_Report_p040.txt,04_OTHER_SOURCE_MATERIAL,,2719
02_NON_INDIAN_COMPANIES/Formycon/04_OTHER_SOURCE_MATERIAL/Formycon_H1_2024_Report_p037_t00.csv,THESIS_FINAL_MASTER_2026-09-02_191153/01_EVIDENCE/Non-Indian/Formycon/386d7faf1845eca3__Formycon_H1_2024_Report_p037_t00.csv,01_EVIDENCE/Non-Indian/Formycon/386d7faf1845eca3__Formycon_H1_2024_Report_p037_t00.csv,04_OTHER_SOURCE_MATERIAL,,489
02_NON_INDIAN_COMPANIES/Formycon/04_OTHER_SOURCE_MATERIAL/Formycon_H1_2024_Report_p028.txt,THESIS_FINAL_MASTER_2026-09-02_191153/01_EVIDENCE/Non-Indian/Formycon/390b34aac4699c42__Formycon_H1_2024_Report_p028.txt,01_EVIDENCE/Non-Indian/Formycon/390b34aac4699c42__Formycon_H1_2024_Report_p028.txt,04_OTHER_SOURCE_MATERIAL,,2385
02_NON_INDIAN_COMPANIES/Formycon/04_OTHER_SOURCE_MATERIAL/Formycon_Q1_2026_EarningsCall_p015.txt,THESIS_FINAL_MASTER_2026-09-02_191153/01_EVIDENCE/Non-Indian/Formycon/39b092caaee0a675__Formycon_Q1_2026_EarningsCall_p015.txt,01_EVIDENCE/Non-Indian/Formycon/39b092caaee0a675__Formycon_Q1_2026_EarningsCall_p015.txt,04_OTHER_SOURCE_MATERIAL,,174
02_NON_INDIAN_COMPANIES/Formycon/04_OTHER_SOURCE_MATERIAL/Formycon_H1_2023_EarningsCall_p008_t00.csv,THESIS_FINAL_MASTER_2026-09-02_191153/01_EVIDENCE/Non-Indian/Formycon/3b31b1c52f907aa9__Formycon_H1_2023_EarningsCall_p008_t00.csv,01_EVIDENCE/Non-Indian/Formycon/3b31b1c52f907aa9__Formycon_H1_2023_EarningsCall_p008_t00.csv,04_OTHER_SOURCE_MATERIAL,,1270
02_NON_INDIAN_COMPANIES/Formycon/04_OTHER_SOURCE_MATERIAL/Formycon_H1_2025_Report_p012_t00.csv,THESIS_FINAL_MASTER_2026-09-02_191153/01_EVIDENCE/Non-Indian/Formycon/3bb1b8c634afae6e__Formycon_H1_2025_Report_p012_t00.csv,01_EVIDENCE/Non-Indian/Formycon/3bb1b8c634afae6e__Formycon_H1_2025_Report_p012_t00.csv,04_OTHER_SOURCE_MATERIAL,,53
02_NON_INDIAN_COMPANIES/Formycon/04_OTHER_SOURCE_MATERIAL/Formycon_H1_2026_EarningsCall_p009.txt,THESIS_FINAL_MASTER_2026-09-02_191153/01_EVIDENCE/Non-Indian/Formycon/3dcf4fefd513757b__Formycon_H1_2026_EarningsCall_p009.txt,01_EVIDENCE/Non-Indian/Formycon/3dcf4fefd513757b__Formycon_H1_2026_EarningsCall_p009.txt,04_OTHER_SOURCE_MATERIAL,,425
02_NON_INDIAN_COMPANIES/Formycon/04_OTHER_SOURCE_MATERIAL/Formycon_H1_2023_Report_p006.txt,THESIS_FINAL_MASTER_2026-09-02_191153/01_EVIDENCE/Non-Indian/Formycon/3df8ddb0f9afd457__Formycon_H1_2023_Report_p006.txt,01_EVIDENCE/Non-Indian/Formycon/3df8ddb0f9afd457__Formycon_H1_2023_Report_p006.txt,04_OTHER_SOURCE_MATERIAL,,3297
02_NON_INDIAN_COMPANIES/Formycon/04_OTHER_SOURCE_MATERIAL/Formycon_9M_2024_Presentation_p010_t00.csv,THESIS_FINAL_MASTER_2026-09-02_191153/01_EVIDENCE/Non-Indian/Formycon/4166f310f6a3e432__Formycon_9M_2024_Presentation_p010_t00.csv,01_EVIDENCE/Non-Indian/Formycon/4166f310f6a3e432__Formycon_9M_2024_Presentation_p010_t00.csv,04_OTHER_SOURCE_MATERIAL,,143
02_NON_INDIAN_COMPANIES/Formycon/04_OTHER_SOURCE_MATERIAL/Formycon_Q1_2026_EarningsCall_p013.txt,THESIS_FINAL_MASTER_2026-09-02_191153/01_EVIDENCE/Non-Indian/Formycon/428398152a94209d__Formycon_Q1_2026_EarningsCall_p013.txt,01_EVIDENCE/Non-Indian/Formycon/428398152a94209d__Formycon_Q1_2026_EarningsCall_p013.txt,04_OTHER_SOURCE_MATERIAL,,1126
02_NON_INDIAN_COMPANIES/Formycon/04_OTHER_SOURCE_MATERIAL/Formycon_H1_2024_Report_p013_t00.csv,THESIS_FINAL_MASTER_2026-09-02_191153/01_EVIDENCE/Non-Indian/Formycon/42cac6106f21d8e5__Formycon_H1_2024_Report_p013_t00.csv,01_EVIDENCE/Non-Indian/Formycon/42cac6106f21d8e5__Formycon_H1_2024_Report_p013_t00.csv,04_OTHER_SOURCE_MATERIAL,,131
02_NON_INDIAN_COMPANIES/Formycon/04_OTHER_SOURCE_MATERIAL/Formycon_9M_2025_Presentation_p014.txt,THESIS_FINAL_MASTER_2026-09-02_191153/01_EVIDENCE/Non-Indian/Formycon/449a937cfaff6495__Formycon_9M_2025_Presentation_p014.txt,01_EVIDENCE/Non-Indian/Formycon/449a937cfaff6495__Formycon_9M_2025_Presentation_p014.txt,04_OTHER_SOURCE_MATERIAL,,1251
02_NON_INDIAN_COMPANIES/Formycon/04_OTHER_SOURCE_MATERIAL/Formycon_H1_2023_EarningsCall_p010_t00.csv,THESIS_FINAL_MASTER_2026-09-02_191153/01_EVIDENCE/Non-Indian/Formycon/49b061e0d264fe4a__Formycon_H1_2023_EarningsCall_p010_t00.csv,01_EVIDENCE/Non-Indian/Formycon/49b061e0d264fe4a__Formycon_H1_2023_EarningsCall_p010_t00.csv,04_OTHER_SOURCE_MATERIAL,,208
02_NON_INDIAN_COMPANIES/Formycon/04_OTHER_SOURCE_MATERIAL/Formycon_H1_2025_Report_p006_t00.csv,THESIS_FINAL_MASTER_2026-09-02_191153/01_EVIDENCE/Non-Indian/Formycon/4a7667430868085a__Formycon_H1_2025_Report_p006_t00.csv,01_EVIDENCE/Non-Indian/Formycon/4a7667430868085a__Formycon_H1_2025_Report_p006_t00.csv,04_OTHER_SOURCE_MATERIAL,,162
02_NON_INDIAN_COMPANIES/Formycon/04_OTHER_SOURCE_MATERIAL/Formycon_H1_2023_Report_p029.txt,THESIS_FINAL_MASTER_2026-09-02_191153/01_EVIDENCE/Non-Indian/Formycon/4c48be08531d4c97__Formycon_H1_2023_Report_p029.txt,01_EVIDENCE/Non-Indian/Formycon/4c48be08531d4c97__Formycon_H1_2023_Report_p029.txt,04_OTHER_SOURCE_MATERIAL,,6485
02_NON_INDIAN_COMPANIES/Formycon/04_OTHER_SOURCE_MATERIAL/Formycon_H1_2023_Report_p011_t00.csv,THESIS_FINAL_MASTER_2026-09-02_191153/01_EVIDENCE/Non-Indian/Formycon/4d01899fdded0e88__Formycon_H1_2023_Report_p011_t00.csv,01_EVIDENCE/Non-Indian/Formycon/4d01899fdded0e88__Formycon_H1_2023_Report_p011_t00.csv,04_OTHER_SOURCE_MATERIAL,,290
02_NON_INDIAN_COMPANIES/Formycon/03_SOURCE_REPORTS/Formycon_9M_2024_Presentation.pdf,THESIS_FINAL_MASTER_2026-09-02_191153/01_EVIDENCE/Non-Indian/Formycon/4d04b28d4b500f4d__Formycon_9M_2024_Presentation.pdf,01_EVIDENCE/Non-Indian/Formycon/4d04b28d4b500f4d__Formycon_9M_2024_Presentation.pdf,03_SOURCE_REPORTS,,2240455
02_NON_INDIAN_COMPANIES/Formycon/04_OTHER_SOURCE_MATERIAL/Formycon_H1_2025_Report_p006_t01.csv,THESIS_FINAL_MASTER_2026-09-02_191153/01_EVIDENCE/Non-Indian/Formycon/4d0e0a2bd9b0213d__Formycon_H1_2025_Report_p006_t01.csv,01_EVIDENCE/Non-Indian/Formycon/4d0e0a2bd9b0213d__Formycon_H1_2025_Report_p006_t01.csv,04_OTHER_SOURCE_MATERIAL,,168
02_NON_INDIAN_COMPANIES/Formycon/04_OTHER_SOURCE_MATERIAL/Formycon_H1_2023_Report_p041.txt,THESIS_FINAL_MASTER_2026-09-02_191153/01_EVIDENCE/Non-Indian/Formycon/4d3df9c330cacb3d__Formycon_H1_2023_Report_p041.txt,01_EVIDENCE/Non-Indian/Formycon/4d3df9c330cacb3d__Formycon_H1_2023_Report_p041.txt,04_OTHER_SOURCE_MATERIAL,,1935
02_NON_INDIAN_COMPANIES/Formycon/04_OTHER_SOURCE_MATERIAL/Formycon_FY2023_EarningsCall_p001.txt,THESIS_FINAL_MASTER_2026-09-02_191153/01_EVIDENCE/Non-Indian/Formycon/4ef300aa8feee9c2__Formycon_FY2023_EarningsCall_p001.txt,01_EVIDENCE/Non-Indian/Formycon/4ef300aa8feee9c2__Formycon_FY2023_EarningsCall_p001.txt,04_OTHER_SOURCE_MATERIAL,,83
02_NON_INDIAN_COMPANIES/Formycon/04_OTHER_SOURCE_MATERIAL/Formycon_H1_2023_Report_p015.txt,THESIS_FINAL_MASTER_2026-09-02_191153/01_EVIDENCE/Non-Indian/Formycon/505602a980f8cf83__Formycon_H1_2023_Report_p015.txt,01_EVIDENCE/Non-Indian/Formycon/505602a980f8cf83__Formycon_H1_2023_Report_p015.txt,04_OTHER_SOURCE_MATERIAL,,8172
02_NON_INDIAN_COMPANIES/Formycon/04_OTHER_SOURCE_MATERIAL/Formycon_Q1_2025_EarningsCall_p009.txt,THESIS_FINAL_MASTER_2026-09-02_191153/01_EVIDENCE/Non-Indian/Formycon/514ace3cf73f6d7d__Formycon_Q1_2025_EarningsCall_p009.txt,01_EVIDENCE/Non-Indian/Formycon/514ace3cf73f6d7d__Formycon_Q1_2025_EarningsCall_p009.txt,04_OTHER_SOURCE_MATERIAL,,730
02_NON_INDIAN_COMPANIES/Formycon/04_OTHER_SOURCE_MATERIAL/Formycon_H1_2025_Report_p001.txt,THESIS_FINAL_MASTER_2026-09-02_191153/01_EVIDENCE/Non-Indian/Formycon/51b73dcccfd86b35__Formycon_H1_2025_Report_p001.txt,01_EVIDENCE/Non-Indian/Formycon/51b73dcccfd86b35__Formycon_H1_2025_Report_p001.txt,04_OTHER_SOURCE_MATERIAL,,53
02_NON_INDIAN_COMPANIES/Formycon/04_OTHER_SOURCE_MATERIAL/Formycon_H1_2024_Report_p006.txt,THESIS_FINAL_MASTER_2026-09-02_191153/01_EVIDENCE/Non-Indian/Formycon/52da7cc9f8a4dc09__Formycon_H1_2024_Report_p006.txt,01_EVIDENCE/Non-Indian/Formycon/52da7cc9f8a4dc09__Formycon_H1_2024_Report_p006.txt,04_OTHER_SOURCE_MATERIAL,,6696
02_NON_INDIAN_COMPANIES/Formycon/04_OTHER_SOURCE_MATERIAL/Formycon_H1_2026_EarningsCall_p006.txt,THESIS_FINAL_MASTER_2026-09-02_191153/01_EVIDENCE/Non-Indian/Formycon/546b6ef3ae23bbde__Formycon_H1_2026_EarningsCall_p006.txt,01_EVIDENCE/Non-Indian/Formycon/546b6ef3ae23bbde__Formycon_H1_2026_EarningsCall_p006.txt,04_OTHER_SOURCE_MATERIAL,,76
02_NON_INDIAN_COMPANIES/Formycon/04_OTHER_SOURCE_MATERIAL/Formycon_H1_2024_Report_p039_t00.csv,THESIS_FINAL_MASTER_2026-09-02_191153/01_EVIDENCE/Non-Indian/Formycon/569f9f8919563051__Formycon_H1_2024_Report_p039_t00.csv,01_EVIDENCE/Non-Indian/Formycon/569f9f8919563051__Formycon_H1_2024_Report_p039_t00.csv,04_OTHER_SOURCE_MATERIAL,,138
02_NON_INDIAN_COMPANIES/Formycon/04_OTHER_SOURCE_MATERIAL/Formycon_H1_2024_Report_p004.txt,THESIS_FINAL_MASTER_2026-09-02_191153/01_EVIDENCE/Non-Indian/Formycon/56dd7067dd979ce9__Formycon_H1_2024_Report_p004.txt,01_EVIDENCE/Non-Indian/Formycon/56dd7067dd979ce9__Formycon_H1_2024_Report_p004.txt,04_OTHER_SOURCE_MATERIAL,,1519
02_NON_INDIAN_COMPANIES/Formycon/04_OTHER_SOURCE_MATERIAL/Formycon_H1_2024_Report_p034_t00.csv,THESIS_FINAL_MASTER_2026-09-02_191153/01_EVIDENCE/Non-Indian/Formycon/570150fa926d1e50__Formycon_H1_2024_Report_p034_t00.csv,01_EVIDENCE/Non-Indian/Formycon/570150fa926d1e50__Formycon_H1_2024_Report_p034_t00.csv,04_OTHER_SOURCE_MATERIAL,,51
02_NON_INDIAN_COMPANIES/Formycon/04_OTHER_SOURCE_MATERIAL/Formycon_FY2023_EarningsCall_p010_t00.csv,THESIS_FINAL_MASTER_2026-09-02_191153/01_EVIDENCE/Non-Indian/Formycon/58085324a31d7a41__Formycon_FY2023_EarningsCall_p010_t00.csv,01_EVIDENCE/Non-Indian/Formycon/58085324a31d7a41__Formycon_FY2023_EarningsCall_p010_t00.csv,04_OTHER_SOURCE_MATERIAL,,150
02_NON_INDIAN_COMPANIES/Formycon/04_OTHER_SOURCE_MATERIAL/Formycon_9M_2025_Presentation_p012_t01.csv,THESIS_FINAL_MASTER_2026-09-02_191153/01_EVIDENCE/Non-Indian/Formycon/5920d8abbb7a95be__Formycon_9M_2025_Presentation_p012_t01.csv,01_EVIDENCE/Non-Indian/Formycon/5920d8abbb7a95be__Formycon_9M_2025_Presentation_p012_t01.csv,04_OTHER_SOURCE_MATERIAL,,48
02_NON_INDIAN_COMPANIES/Formycon/04_OTHER_SOURCE_MATERIAL/Formycon_H1_2023_Report_p002.txt,THESIS_FINAL_MASTER_2026-09-02_191153/01_EVIDENCE/Non-Indian/Formycon/5946725ba4b3c577__Formycon_H1_2023_Report_p002.txt,01_EVIDENCE/Non-Indian/Formycon/5946725ba4b3c577__Formycon_H1_2023_Report_p002.txt,04_OTHER_SOURCE_MATERIAL,,387
02_NON_INDIAN_COMPANIES/Formycon/04_OTHER_SOURCE_MATERIAL/Formycon_Q1_2024_EarningsCall_p010.txt,THESIS_FINAL_MASTER_2026-09-02_191153/01_EVIDENCE/Non-Indian/Formycon/599e651796366916__Formycon_Q1_2024_EarningsCall_p010.txt,01_EVIDENCE/Non-Indian/Formycon/599e651796366916__Formycon_Q1_2024_EarningsCall_p010.txt,04_OTHER_SOURCE_MATERIAL,,797
02_NON_INDIAN_COMPANIES/Formycon/04_OTHER_SOURCE_MATERIAL/Formycon_H1_2023_Report_p035.txt,THESIS_FINAL_MASTER_2026-09-02_191153/01_EVIDENCE/Non-Indian/Formycon/5a5a0afb88fb0f4f__Formycon_H1_2023_Report_p035.txt,01_EVIDENCE/Non-Indian/Formycon/5a5a0afb88fb0f4f__Formycon_H1_2023_Report_p035.txt,04_OTHER_SOURCE_MATERIAL,,1885
02_NON_INDIAN_COMPANIES/Formycon/04_OTHER_SOURCE_MATERIAL/Formycon_9M_2024_Presentation_p017.txt,THESIS_FINAL_MASTER_2026-09-02_191153/01_EVIDENCE/Non-Indian/Formycon/5abdf1f8ffdabd86__Formycon_9M_2024_Presentation_p017.txt,01_EVIDENCE/Non-Indian/Formycon/5abdf1f8ffdabd86__Formycon_9M_2024_Presentation_p017.txt,04_OTHER_SOURCE_MATERIAL,,795
02_NON_INDIAN_COMPANIES/Formycon/03_SOURCE_REPORTS/Formycon_H1_2025_Report.pdf,THESIS_FINAL_MASTER_2026-09-02_191153/01_EVIDENCE/Non-Indian/Formycon/5ad323a7a059995a__Formycon_H1_2025_Report.pdf,01_EVIDENCE/Non-Indian/Formycon/5ad323a7a059995a__Formycon_H1_2025_Report.pdf,03_SOURCE_REPORTS,,4391393
02_NON_INDIAN_COMPANIES/Formycon/04_OTHER_SOURCE_MATERIAL/Formycon_Q1_2026_EarningsCall_p012.txt,THESIS_FINAL_MASTER_2026-09-02_191153/01_EVIDENCE/Non-Indian/Formycon/5d3f1f514003a636__Formycon_Q1_2026_EarningsCall_p012.txt,01_EVIDENCE/Non-Indian/Formycon/5d3f1f514003a636__Formycon_Q1_2026_EarningsCall_p012.txt,04_OTHER_SOURCE_MATERIAL,,1092
02_NON_INDIAN_COMPANIES/Formycon/04_OTHER_SOURCE_MATERIAL/Formycon_H1_2024_Report_p004_t00.csv,THESIS_FINAL_MASTER_2026-09-02_191153/01_EVIDENCE/Non-Indian/Formycon/5d9f1bcc6cc16567__Formycon_H1_2024_Report_p004_t00.csv,01_EVIDENCE/Non-Indian/Formycon/5d9f1bcc6cc16567__Formycon_H1_2024_Report_p004_t00.csv,04_OTHER_SOURCE_MATERIAL,,6
02_NON_INDIAN_COMPANIES/Formycon/03_SOURCE_REPORTS/Formycon_Q1_2025_EarningsCall.pdf,THESIS_FINAL_MASTER_2026-09-02_191153/01_EVIDENCE/Non-Indian/Formycon/60f9095033213ae4__Formycon_Q1_2025_EarningsCall.pdf,01_EVIDENCE/Non-Indian/Formycon/60f9095033213ae4__Formycon_Q1_2025_EarningsCall.pdf,03_SOURCE_REPORTS,,935171
02_NON_INDIAN_COMPANIES/Formycon/04_OTHER_SOURCE_MATERIAL/Formycon_FY2023_EarningsCall_p017_t00.csv,THESIS_FINAL_MASTER_2026-09-02_191153/01_EVIDENCE/Non-Indian/Formycon/629c4b05bbffa75e__Formycon_FY2023_EarningsCall_p017_t00.csv,01_EVIDENCE/Non-Indian/Formycon/629c4b05bbffa75e__Formycon_FY2023_EarningsCall_p017_t00.csv,04_OTHER_SOURCE_MATERIAL,,944
02_NON_INDIAN_COMPANIES/Formycon/04_OTHER_SOURCE_MATERIAL/Formycon_Q1_2026_EarningsCall_p010.txt,THESIS_FINAL_MASTER_2026-09-02_191153/01_EVIDENCE/Non-Indian/Formycon/64c2052bcc7e9b91__Formycon_Q1_2026_EarningsCall_p010.txt,01_EVIDENCE/Non-Indian/Formycon/64c2052bcc7e9b91__Formycon_Q1_2026_EarningsCall_p010.txt,04_OTHER_SOURCE_MATERIAL,,477
02_NON_INDIAN_COMPANIES/Formycon/03_SOURCE_REPORTS/Formycon_9M_2025_Presentation.pdf,THESIS_FINAL_MASTER_2026-09-02_191153/01_EVIDENCE/Non-Indian/Formycon/653f0b8d47350092__Formycon_9M_2025_Presentation.pdf,01_EVIDENCE/Non-Indian/Formycon/653f0b8d47350092__Formycon_9M_2025_Presentation.pdf,03_SOURCE_REPORTS,,3801902
02_NON_INDIAN_COMPANIES/Formycon/04_OTHER_SOURCE_MATERIAL/Formycon_9M_2025_Presentation_p011_t00.csv,THESIS_FINAL_MASTER_2026-09-02_191153/01_EVIDENCE/Non-Indian/Formycon/66060d01941758df__Formycon_9M_2025_Presentation_p011_t00.csv,01_EVIDENCE/Non-Indian/Formycon/66060d01941758df__Formycon_9M_2025_Presentation_p011_t00.csv,04_OTHER_SOURCE_MATERIAL,,132
02_NON_INDIAN_COMPANIES/Formycon/04_OTHER_SOURCE_MATERIAL/Formycon_H1_2025_Report_p012.txt,THESIS_FINAL_MASTER_2026-09-02_191153/01_EVIDENCE/Non-Indian/Formycon/661f608d19b44eec__Formycon_H1_2025_Report_p012.txt,01_EVIDENCE/Non-Indian/Formycon/661f608d19b44eec__Formycon_H1_2025_Report_p012.txt,04_OTHER_SOURCE_MATERIAL,,789
02_NON_INDIAN_COMPANIES/Formycon/04_OTHER_SOURCE_MATERIAL/Formycon_9M_2024_Presentation_p002_t00.csv,THESIS_FINAL_MASTER_2026-09-02_191153/01_EVIDENCE/Non-Indian/Formycon/66795a5eee68c25e__Formycon_9M_2024_Presentation_p002_t00.csv,01_EVIDENCE/Non-Indian/Formycon/66795a5eee68c25e__Formycon_9M_2024_Presentation_p002_t00.csv,04_OTHER_SOURCE_MATERIAL,,1710
02_NON_INDIAN_COMPANIES/Formycon/04_OTHER_SOURCE_MATERIAL/Formycon_Q1_2025_EarningsCall_p010.txt,THESIS_FINAL_MASTER_2026-09-02_191153/01_EVIDENCE/Non-Indian/Formycon/668543ff0d48c9a9__Formycon_Q1_2025_EarningsCall_p010.txt,01_EVIDENCE/Non-Indian/Formycon/668543ff0d48c9a9__Formycon_Q1_2025_EarningsCall_p010.txt,04_OTHER_SOURCE_MATERIAL,,956
02_NON_INDIAN_COMPANIES/Formycon/04_OTHER_SOURCE_MATERIAL/Formycon_H1_2024_Report_p037_t01.csv,THESIS_FINAL_MASTER_2026-09-02_191153/01_EVIDENCE/Non-Indian/Formycon/68c803665b10fced__Formycon_H1_2024_Report_p037_t01.csv,01_EVIDENCE/Non-Indian/Formycon/68c803665b10fced__Formycon_H1_2024_Report_p037_t01.csv,04_OTHER_SOURCE_MATERIAL,,154
02_NON_INDIAN_COMPANIES/Formycon/04_OTHER_SOURCE_MATERIAL/Formycon_H1_2024_Report_p023.txt,THESIS_FINAL_MASTER_2026-09-02_191153/01_EVIDENCE/Non-Indian/Formycon/6a1f6fa23cb896ba__Formycon_H1_2024_Report_p023.txt,01_EVIDENCE/Non-Indian/Formycon/6a1f6fa23cb896ba__Formycon_H1_2024_Report_p023.txt,04_OTHER_SOURCE_MATERIAL,,6414
02_NON_INDIAN_COMPANIES/Formycon/04_OTHER_SOURCE_MATERIAL/Formycon_9M_2024_Presentation_p015_t00.csv,THESIS_FINAL_MASTER_2026-09-02_191153/01_EVIDENCE/Non-Indian/Formycon/6c58a96f090b526b__Formycon_9M_2024_Presentation_p015_t00.csv,01_EVIDENCE/Non-Indian/Formycon/6c58a96f090b526b__Formycon_9M_2024_Presentation_p015_t00.csv,04_OTHER_SOURCE_MATERIAL,,59
02_NON_INDIAN_COMPANIES/Formycon/04_OTHER_SOURCE_MATERIAL/Formycon_Q1_2026_EarningsCall_p005_t02.csv,THESIS_FINAL_MASTER_2026-09-02_191153/01_EVIDENCE/Non-Indian/Formycon/6d0ec4e31ea146d8__Formycon_Q1_2026_EarningsCall_p005_t02.csv,01_EVIDENCE/Non-Indian/Formycon/6d0ec4e31ea146d8__Formycon_Q1_2026_EarningsCall_p005_t02.csv,04_OTHER_SOURCE_MATERIAL,,282
02_NON_INDIAN_COMPANIES/Formycon/04_OTHER_SOURCE_MATERIAL/Formycon_Q1_2024_EarningsCall_p009_t00.csv,THESIS_FINAL_MASTER_2026-09-02_191153/01_EVIDENCE/Non-Indian/Formycon/6d675407178ef027__Formycon_Q1_2024_EarningsCall_p009_t00.csv,01_EVIDENCE/Non-Indian/Formycon/6d675407178ef027__Formycon_Q1_2024_EarningsCall_p009_t00.csv,04_OTHER_SOURCE_MATERIAL,,133
02_NON_INDIAN_COMPANIES/Formycon/04_OTHER_SOURCE_MATERIAL/Formycon_FY2023_EarningsCall_p013_t00.csv,THESIS_FINAL_MASTER_2026-09-02_191153/01_EVIDENCE/Non-Indian/Formycon/6dac80534614ba1b__Formycon_FY2023_EarningsCall_p013_t00.csv,01_EVIDENCE/Non-Indian/Formycon/6dac80534614ba1b__Formycon_FY2023_EarningsCall_p013_t00.csv,04_OTHER_SOURCE_MATERIAL,,49
02_NON_INDIAN_COMPANIES/Formycon/04_OTHER_SOURCE_MATERIAL/Formycon_H1_2023_EarningsCall_p015.txt,THESIS_FINAL_MASTER_2026-09-02_191153/01_EVIDENCE/Non-Indian/Formycon/6e1114960304832f__Formycon_H1_2023_EarningsCall_p015.txt,01_EVIDENCE/Non-Indian/Formycon/6e1114960304832f__Formycon_H1_2023_EarningsCall_p015.txt,04_OTHER_SOURCE_MATERIAL,,1226
02_NON_INDIAN_COMPANIES/Formycon/04_OTHER_SOURCE_MATERIAL/Formycon_H1_2024_Report_p027.txt,THESIS_FINAL_MASTER_2026-09-02_191153/01_EVIDENCE/Non-Indian/Formycon/70d9bb765a73baa5__Formycon_H1_2024_Report_p027.txt,01_EVIDENCE/Non-Indian/Formycon/70d9bb765a73baa5__Formycon_H1_2024_Report_p027.txt,04_OTHER_SOURCE_MATERIAL,,4234
02_NON_INDIAN_COMPANIES/Formycon/04_OTHER_SOURCE_MATERIAL/Formycon_H1_2024_Report_p017_t00.csv,THESIS_FINAL_MASTER_2026-09-02_191153/01_EVIDENCE/Non-Indian/Formycon/7136bd71c72c6cdc__Formycon_H1_2024_Report_p017_t00.csv,01_EVIDENCE/Non-Indian/Formycon/7136bd71c72c6cdc__Formycon_H1_2024_Report_p017_t00.csv,04_OTHER_SOURCE_MATERIAL,,55
02_NON_INDIAN_COMPANIES/Formycon/04_OTHER_SOURCE_MATERIAL/Formycon_9M_2025_Presentation_p012_t00.csv,THESIS_FINAL_MASTER_2026-09-02_191153/01_EVIDENCE/Non-Indian/Formycon/7231ca60746ef203__Formycon_9M_2025_Presentation_p012_t00.csv,01_EVIDENCE/Non-Indian/Formycon/7231ca60746ef203__Formycon_9M_2025_Presentation_p012_t00.csv,04_OTHER_SOURCE_MATERIAL,,53
02_NON_INDIAN_COMPANIES/Formycon/04_OTHER_SOURCE_MATERIAL/Formycon_H1_2024_Report_p020.txt,THESIS_FINAL_MASTER_2026-09-02_191153/01_EVIDENCE/Non-Indian/Formycon/725a41f12e3dc3f9__Formycon_H1_2024_Report_p020.txt,01_EVIDENCE/Non-Indian/Formycon/725a41f12e3dc3f9__Formycon_H1_2024_Report_p020.txt,04_OTHER_SOURCE_MATERIAL,,5383
02_NON_INDIAN_COMPANIES/Formycon/04_OTHER_SOURCE_MATERIAL/Formycon_H1_2026_EarningsCall_p004.txt,THESIS_FINAL_MASTER_2026-09-02_191153/01_EVIDENCE/Non-Indian/Formycon/727438bf0865daa3__Formycon_H1_2026_EarningsCall_p004.txt,01_EVIDENCE/Non-Indian/Formycon/727438bf0865daa3__Formycon_H1_2026_EarningsCall_p004.txt,04_OTHER_SOURCE_MATERIAL,,1114
02_NON_INDIAN_COMPANIES/Formycon/04_OTHER_SOURCE_MATERIAL/Formycon_H1_2023_Report_p005_t00.csv,THESIS_FINAL_MASTER_2026-09-02_191153/01_EVIDENCE/Non-Indian/Formycon/7404aba6e77a6e3d__Formycon_H1_2023_Report_p005_t00.csv,01_EVIDENCE/Non-Indian/Formycon/7404aba6e77a6e3d__Formycon_H1_2023_Report_p005_t00.csv,04_OTHER_SOURCE_MATERIAL,,82
02_NON_INDIAN_COMPANIES/Formycon/04_OTHER_SOURCE_MATERIAL/Formycon_H1_2025_Report_p008_t00.csv,THESIS_FINAL_MASTER_2026-09-02_191153/01_EVIDENCE/Non-Indian/Formycon/75eb860d99a1d924__Formycon_H1_2025_Report_p008_t00.csv,01_EVIDENCE/Non-Indian/Formycon/75eb860d99a1d924__Formycon_H1_2025_Report_p008_t00.csv,04_OTHER_SOURCE_MATERIAL,,146
02_NON_INDIAN_COMPANIES/Formycon/04_OTHER_SOURCE_MATERIAL/Formycon_FY2023_EarningsCall_p010.txt,THESIS_FINAL_MASTER_2026-09-02_191153/01_EVIDENCE/Non-Indian/Formycon/75ff777e80306743__Formycon_FY2023_EarningsCall_p010.txt,01_EVIDENCE/Non-Indian/Formycon/75ff777e80306743__Formycon_FY2023_EarningsCall_p010.txt,04_OTHER_SOURCE_MATERIAL,,1073
02_NON_INDIAN_COMPANIES/Formycon/04_OTHER_SOURCE_MATERIAL/Formycon_H1_2024_Report_p013_t01.csv,THESIS_FINAL_MASTER_2026-09-02_191153/01_EVIDENCE/Non-Indian/Formycon/76d5003880b2a3b3__Formycon_H1_2024_Report_p013_t01.csv,01_EVIDENCE/Non-Indian/Formycon/76d5003880b2a3b3__Formycon_H1_2024_Report_p013_t01.csv,04_OTHER_SOURCE_MATERIAL,,18
02_NON_INDIAN_COMPANIES/Formycon/04_OTHER_SOURCE_MATERIAL/Formycon_H1_2026_EarningsCall_p001.txt,THESIS_FINAL_MASTER_2026-09-02_191153/01_EVIDENCE/Non-Indian/Formycon/77948ce70d048fda__Formycon_H1_2026_EarningsCall_p001.txt,01_EVIDENCE/Non-Indian/Formycon/77948ce70d048fda__Formycon_H1_2026_EarningsCall_p001.txt,04_OTHER_SOURCE_MATERIAL,,52
02_NON_INDIAN_COMPANIES/Formycon/04_OTHER_SOURCE_MATERIAL/Formycon_H1_2024_Report_p032_t00.csv,THESIS_FINAL_MASTER_2026-09-02_191153/01_EVIDENCE/Non-Indian/Formycon/7873dd5a2cea09ae__Formycon_H1_2024_Report_p032_t00.csv,01_EVIDENCE/Non-Indian/Formycon/7873dd5a2cea09ae__Formycon_H1_2024_Report_p032_t00.csv,04_OTHER_SOURCE_MATERIAL,,304
02_NON_INDIAN_COMPANIES/Formycon/04_OTHER_SOURCE_MATERIAL/Formycon_Q1_2026_EarningsCall_p005.txt,THESIS_FINAL_MASTER_2026-09-02_191153/01_EVIDENCE/Non-Indian/Formycon/78ac3716c28f5b8e__Formycon_Q1_2026_EarningsCall_p005.txt,01_EVIDENCE/Non-Indian/Formycon/78ac3716c28f5b8e__Formycon_Q1_2026_EarningsCall_p005.txt,04_OTHER_SOURCE_MATERIAL,,1081
02_NON_INDIAN_COMPANIES/Formycon/04_OTHER_SOURCE_MATERIAL/Formycon_H1_2023_Report_p012_t00.csv,THESIS_FINAL_MASTER_2026-09-02_191153/01_EVIDENCE/Non-Indian/Formycon/7aef8ae5b81da8e8__Formycon_H1_2023_Report_p012_t00.csv,01_EVIDENCE/Non-Indian/Formycon/7aef8ae5b81da8e8__Formycon_H1_2023_Report_p012_t00.csv,04_OTHER_SOURCE_MATERIAL,,162
02_NON_INDIAN_COMPANIES/Formycon/04_OTHER_SOURCE_MATERIAL/Formycon_9M_2025_Presentation_p006_t00.csv,THESIS_FINAL_MASTER_2026-09-02_191153/01_EVIDENCE/Non-Indian/Formycon/7db31be4c5d00d2d__Formycon_9M_2025_Presentation_p006_t00.csv,01_EVIDENCE/Non-Indian/Formycon/7db31be4c5d00d2d__Formycon_9M_2025_Presentation_p006_t00.csv,04_OTHER_SOURCE_MATERIAL,,689
02_NON_INDIAN_COMPANIES/Formycon/04_OTHER_SOURCE_MATERIAL/Formycon_H1_2025_Report_p003.txt,THESIS_FINAL_MASTER_2026-09-02_191153/01_EVIDENCE/Non-Indian/Formycon/80b02a003e912d95__Formycon_H1_2025_Report_p003.txt,01_EVIDENCE/Non-Indian/Formycon/80b02a003e912d95__Formycon_H1_2025_Report_p003.txt,04_OTHER_SOURCE_MATERIAL,,374
02_NON_INDIAN_COMPANIES/Formycon/04_OTHER_SOURCE_MATERIAL/Formycon_H1_2023_EarningsCall_p007.txt,THESIS_FINAL_MASTER_2026-09-02_191153/01_EVIDENCE/Non-Indian/Formycon/81c451a8c986179c__Formycon_H1_2023_EarningsCall_p007.txt,01_EVIDENCE/Non-Indian/Formycon/81c451a8c986179c__Formycon_H1_2023_EarningsCall_p007.txt,04_OTHER_SOURCE_MATERIAL,,1656
02_NON_INDIAN_COMPANIES/Formycon/04_OTHER_SOURCE_MATERIAL/Formycon_Q1_2026_EarningsCall_p005_t03.csv,THESIS_FINAL_MASTER_2026-09-02_191153/01_EVIDENCE/Non-Indian/Formycon/828ecc2bf0e30b26__Formycon_Q1_2026_EarningsCall_p005_t03.csv,01_EVIDENCE/Non-Indian/Formycon/828ecc2bf0e30b26__Formycon_Q1_2026_EarningsCall_p005_t03.csv,04_OTHER_SOURCE_MATERIAL,,262
02_NON_INDIAN_COMPANIES/Formycon/04_OTHER_SOURCE_MATERIAL/Formycon_H1_2025_Report_p011_t00.csv,THESIS_FINAL_MASTER_2026-09-02_191153/01_EVIDENCE/Non-Indian/Formycon/877cef84aae5e295__Formycon_H1_2025_Report_p011_t00.csv,01_EVIDENCE/Non-Indian/Formycon/877cef84aae5e295__Formycon_H1_2025_Report_p011_t00.csv,04_OTHER_SOURCE_MATERIAL,,131
02_NON_INDIAN_COMPANIES/Formycon/04_OTHER_SOURCE_MATERIAL/Formycon_Q1_2026_EarningsCall_p001.txt,THESIS_FINAL_MASTER_2026-09-02_191153/01_EVIDENCE/Non-Indian/Formycon/89ed37b018a3ab8b__Formycon_Q1_2026_EarningsCall_p001.txt,01_EVIDENCE/Non-Indian/Formycon/89ed37b018a3ab8b__Formycon_Q1_2026_EarningsCall_p001.txt,04_OTHER_SOURCE_MATERIAL,,69
02_NON_INDIAN_COMPANIES/Formycon/04_OTHER_SOURCE_MATERIAL/Formycon_Q1_2024_EarningsCall_p008_t00.csv,THESIS_FINAL_MASTER_2026-09-02_191153/01_EVIDENCE/Non-Indian/Formycon/8b835a0f6532ca71__Formycon_Q1_2024_EarningsCall_p008_t00.csv,01_EVIDENCE/Non-Indian/Formycon/8b835a0f6532ca71__Formycon_Q1_2024_EarningsCall_p008_t00.csv,04_OTHER_SOURCE_MATERIAL,,138
02_NON_INDIAN_COMPANIES/Formycon/04_OTHER_SOURCE_MATERIAL/Formycon_Q1_2026_EarningsCall_p014.txt,THESIS_FINAL_MASTER_2026-09-02_191153/01_EVIDENCE/Non-Indian/Formycon/8c193e9cd0ff5568__Formycon_Q1_2026_EarningsCall_p014.txt,01_EVIDENCE/Non-Indian/Formycon/8c193e9cd0ff5568__Formycon_Q1_2026_EarningsCall_p014.txt,04_OTHER_SOURCE_MATERIAL,,110
02_NON_INDIAN_COMPANIES/Formycon/04_OTHER_SOURCE_MATERIAL/Formycon_H1_2023_Report_p034_t01.csv,THESIS_FINAL_MASTER_2026-09-02_191153/01_EVIDENCE/Non-Indian/Formycon/8c7c10252ae60235__Formycon_H1_2023_Report_p034_t01.csv,01_EVIDENCE/Non-Indian/Formycon/8c7c10252ae60235__Formycon_H1_2023_Report_p034_t01.csv,04_OTHER_SOURCE_MATERIAL,,107
02_NON_INDIAN_COMPANIES/Formycon/04_OTHER_SOURCE_MATERIAL/Formycon_H1_2024_Report_p016.txt,THESIS_FINAL_MASTER_2026-09-02_191153/01_EVIDENCE/Non-Indian/Formycon/8c9c6605d3e0d82d__Formycon_H1_2024_Report_p016.txt,01_EVIDENCE/Non-Indian/Formycon/8c9c6605d3e0d82d__Formycon_H1_2024_Report_p016.txt,04_OTHER_SOURCE_MATERIAL,,8598
02_NON_INDIAN_COMPANIES/Formycon/04_OTHER_SOURCE_MATERIAL/Formycon_H1_2024_Report_p028_t00.csv,THESIS_FINAL_MASTER_2026-09-02_191153/01_EVIDENCE/Non-Indian/Formycon/8cfa7599778b063d__Formycon_H1_2024_Report_p028_t00.csv,01_EVIDENCE/Non-Indian/Formycon/8cfa7599778b063d__Formycon_H1_2024_Report_p028_t00.csv,04_OTHER_SOURCE_MATERIAL,,268
02_NON_INDIAN_COMPANIES/Formycon/04_OTHER_SOURCE_MATERIAL/Formycon_Q1_2026_EarningsCall_p003.txt,THESIS_FINAL_MASTER_2026-09-02_191153/01_EVIDENCE/Non-Indian/Formycon/8d10777795484e2d__Formycon_Q1_2026_EarningsCall_p003.txt,01_EVIDENCE/Non-Indian/Formycon/8d10777795484e2d__Formycon_Q1_2026_EarningsCall_p003.txt,04_OTHER_SOURCE_MATERIAL,,633
02_NON_INDIAN_COMPANIES/Formycon/04_OTHER_SOURCE_MATERIAL/Formycon_H1_2023_Report_p019.txt,THESIS_FINAL_MASTER_2026-09-02_191153/01_EVIDENCE/Non-Indian/Formycon/8d3b72e53ff5ec3c__Formycon_H1_2023_Report_p019.txt,01_EVIDENCE/Non-Indian/Formycon/8d3b72e53ff5ec3c__Formycon_H1_2023_Report_p019.txt,04_OTHER_SOURCE_MATERIAL,,6883
02_NON_INDIAN_COMPANIES/Formycon/03_SOURCE_REPORTS/Formycon_FY2023_EarningsCall.pdf,THESIS_FINAL_MASTER_2026-09-02_191153/01_EVIDENCE/Non-Indian/Formycon/8d3c3fca78cdd0fd__Formycon_FY2023_EarningsCall.pdf,01_EVIDENCE/Non-Indian/Formycon/8d3c3fca78cdd0fd__Formycon_FY2023_EarningsCall.pdf,03_SOURCE_REPORTS,,1755132
02_NON_INDIAN_COMPANIES/Formycon/03_SOURCE_REPORTS/Formycon_H1_2026_EarningsCall.pdf,THESIS_FINAL_MASTER_2026-09-02_191153/01_EVIDENCE/Non-Indian/Formycon/8fd1d01b27b4eb96__Formycon_H1_2026_EarningsCall.pdf,01_EVIDENCE/Non-Indian/Formycon/8fd1d01b27b4eb96__Formycon_H1_2026_EarningsCall.pdf,03_SOURCE_REPORTS,,2015954
02_NON_INDIAN_COMPANIES/Formycon/04_OTHER_SOURCE_MATERIAL/Formycon_H1_2024_Report_p021_t00.csv,THESIS_FINAL_MASTER_2026-09-02_191153/01_EVIDENCE/Non-Indian/Formycon/92e4673eb1467b68__Formycon_H1_2024_Report_p021_t00.csv,01_EVIDENCE/Non-Indian/Formycon/92e4673eb1467b68__Formycon_H1_2024_Report_p021_t00.csv,04_OTHER_SOURCE_MATERIAL,,124
02_NON_INDIAN_COMPANIES/Formycon/04_OTHER_SOURCE_MATERIAL/Formycon_FY2023_EarningsCall_p005.txt,THESIS_FINAL_MASTER_2026-09-02_191153/01_EVIDENCE/Non-Indian/Formycon/93ad89a68d23b527__Formycon_FY2023_EarningsCall_p005.txt,01_EVIDENCE/Non-Indian/Formycon/93ad89a68d23b527__Formycon_FY2023_EarningsCall_p005.txt,04_OTHER_SOURCE_MATERIAL,,302
02_NON_INDIAN_COMPANIES/Formycon/04_OTHER_SOURCE_MATERIAL/Formycon_H1_2023_Report_p033_t00.csv,THESIS_FINAL_MASTER_2026-09-02_191153/01_EVIDENCE/Non-Indian/Formycon/9469f9f95f2ca264__Formycon_H1_2023_Report_p033_t00.csv,01_EVIDENCE/Non-Indian/Formycon/9469f9f95f2ca264__Formycon_H1_2023_Report_p033_t00.csv,04_OTHER_SOURCE_MATERIAL,,222
02_NON_INDIAN_COMPANIES/Formycon/04_OTHER_SOURCE_MATERIAL/Formycon_H1_2023_Report_p037.txt,THESIS_FINAL_MASTER_2026-09-02_191153/01_EVIDENCE/Non-Indian/Formycon/94aac098c5a078d5__Formycon_H1_2023_Report_p037.txt,01_EVIDENCE/Non-Indian/Formycon/94aac098c5a078d5__Formycon_H1_2023_Report_p037.txt,04_OTHER_SOURCE_MATERIAL,,4219
02_NON_INDIAN_COMPANIES/Formycon/04_OTHER_SOURCE_MATERIAL/Formycon_H1_2023_EarningsCall_p014.txt,THESIS_FINAL_MASTER_2026-09-02_191153/01_EVIDENCE/Non-Indian/Formycon/952f4288e85380ed__Formycon_H1_2023_EarningsCall_p014.txt,01_EVIDENCE/Non-Indian/Formycon/952f4288e85380ed__Formycon_H1_2023_EarningsCall_p014.txt,04_OTHER_SOURCE_MATERIAL,,1224
02_NON_INDIAN_COMPANIES/Formycon/04_OTHER_SOURCE_MATERIAL/Formycon_H1_2023_Report_p004.txt,THESIS_FINAL_MASTER_2026-09-02_191153/01_EVIDENCE/Non-Indian/Formycon/972a606f95c87c0b__Formycon_H1_2023_Report_p004.txt,01_EVIDENCE/Non-Indian/Formycon/972a606f95c87c0b__Formycon_H1_2023_Report_p004.txt,04_OTHER_SOURCE_MATERIAL,,1528
02_NON_INDIAN_COMPANIES/Formycon/04_OTHER_SOURCE_MATERIAL/Formycon_H1_2025_Report_p005.txt,THESIS_FINAL_MASTER_2026-09-02_191153/01_EVIDENCE/Non-Indian/Formycon/99a2d3a2e94427ee__Formycon_H1_2025_Report_p005.txt,01_EVIDENCE/Non-Indian/Formycon/99a2d3a2e94427ee__Formycon_H1_2025_Report_p005.txt,04_OTHER_SOURCE_MATERIAL,,1154
02_NON_INDIAN_COMPANIES/Formycon/04_OTHER_SOURCE_MATERIAL/Formycon_Q1_2026_EarningsCall_p004.txt,THESIS_FINAL_MASTER_2026-09-02_191153/01_EVIDENCE/Non-Indian/Formycon/99eae56d89dbc22e__Formycon_Q1_2026_EarningsCall_p004.txt,01_EVIDENCE/Non-Indian/Formycon/99eae56d89dbc22e__Formycon_Q1_2026_EarningsCall_p004.txt,04_OTHER_SOURCE_MATERIAL,,92
02_NON_INDIAN_COMPANIES/Formycon/04_OTHER_SOURCE_MATERIAL/Formycon_Q1_2026_EarningsCall_p005_t00.csv,THESIS_FINAL_MASTER_2026-09-02_191153/01_EVIDENCE/Non-Indian/Formycon/9cebb3f8ce25f3e1__Formycon_Q1_2026_EarningsCall_p005_t00.csv,01_EVIDENCE/Non-Indian/Formycon/9cebb3f8ce25f3e1__Formycon_Q1_2026_EarningsCall_p005_t00.csv,04_OTHER_SOURCE_MATERIAL,,167
02_NON_INDIAN_COMPANIES/Formycon/04_OTHER_SOURCE_MATERIAL/Formycon_9M_2025_Presentation_p003.txt,THESIS_FINAL_MASTER_2026-09-02_191153/01_EVIDENCE/Non-Indian/Formycon/9d724e9a01f093f2__Formycon_9M_2025_Presentation_p003.txt,01_EVIDENCE/Non-Indian/Formycon/9d724e9a01f093f2__Formycon_9M_2025_Presentation_p003.txt,04_OTHER_SOURCE_MATERIAL,,406
02_NON_INDIAN_COMPANIES/Formycon/04_OTHER_SOURCE_MATERIAL/Formycon_H1_2023_Report_p009_t00.csv,THESIS_FINAL_MASTER_2026-09-02_191153/01_EVIDENCE/Non-Indian/Formycon/9f604e4180bed702__Formycon_H1_2023_Report_p009_t00.csv,01_EVIDENCE/Non-Indian/Formycon/9f604e4180bed702__Formycon_H1_2023_Report_p009_t00.csv,04_OTHER_SOURCE_MATERIAL,,512
02_NON_INDIAN_COMPANIES/Formycon/04_OTHER_SOURCE_MATERIAL/Formycon_Q1_2025_EarningsCall_p005_t00.csv,THESIS_FINAL_MASTER_2026-09-02_191153/01_EVIDENCE/Non-Indian/Formycon/9ff46f55deb8144e__Formycon_Q1_2025_EarningsCall_p005_t00.csv,01_EVIDENCE/Non-Indian/Formycon/9ff46f55deb8144e__Formycon_Q1_2025_EarningsCall_p005_t00.csv,04_OTHER_SOURCE_MATERIAL,,141
02_NON_INDIAN_COMPANIES/Formycon/04_OTHER_SOURCE_MATERIAL/Formycon_9M_2025_Presentation_p008.txt,THESIS_FINAL_MASTER_2026-09-02_191153/01_EVIDENCE/Non-Indian/Formycon/a04f1a6fb7ed06fd__Formycon_9M_2025_Presentation_p008.txt,01_EVIDENCE/Non-Indian/Formycon/a04f1a6fb7ed06fd__Formycon_9M_2025_Presentation_p008.txt,04_OTHER_SOURCE_MATERIAL,,1321
02_NON_INDIAN_COMPANIES/Formycon/04_OTHER_SOURCE_MATERIAL/Formycon_H1_2024_Report_p039.txt,THESIS_FINAL_MASTER_2026-09-02_191153/01_EVIDENCE/Non-Indian/Formycon/a13a1c5bb86e093f__Formycon_H1_2024_Report_p039.txt,01_EVIDENCE/Non-Indian/Formycon/a13a1c5bb86e093f__Formycon_H1_2024_Report_p039.txt,04_OTHER_SOURCE_MATERIAL,,3045
02_NON_INDIAN_COMPANIES/Formycon/04_OTHER_SOURCE_MATERIAL/Formycon_Q1_2026_EarningsCall_p007_t00.csv,THESIS_FINAL_MASTER_2026-09-02_191153/01_EVIDENCE/Non-Indian/Formycon/a25079ffb8caaa29__Formycon_Q1_2026_EarningsCall_p007_t00.csv,01_EVIDENCE/Non-Indian/Formycon/a25079ffb8caaa29__Formycon_Q1_2026_EarningsCall_p007_t00.csv,04_OTHER_SOURCE_MATERIAL,,176
02_NON_INDIAN_COMPANIES/Formycon/04_OTHER_SOURCE_MATERIAL/Formycon_H1_2026_EarningsCall_p012.txt,THESIS_FINAL_MASTER_2026-09-02_191153/01_EVIDENCE/Non-Indian/Formycon/a7372e56b7af628c__Formycon_H1_2026_EarningsCall_p012.txt,01_EVIDENCE/Non-Indian/Formycon/a7372e56b7af628c__Formycon_H1_2026_EarningsCall_p012.txt,04_OTHER_SOURCE_MATERIAL,,1038
02_NON_INDIAN_COMPANIES/Formycon/04_OTHER_SOURCE_MATERIAL/Formycon_H1_2026_EarningsCall_p011.txt,THESIS_FINAL_MASTER_2026-09-02_191153/01_EVIDENCE/Non-Indian/Formycon/a8e2fdf37b2a75b4__Formycon_H1_2026_EarningsCall_p011.txt,01_EVIDENCE/Non-Indian/Formycon/a8e2fdf37b2a75b4__Formycon_H1_2026_EarningsCall_p011.txt,04_OTHER_SOURCE_MATERIAL,,437
02_NON_INDIAN_COMPANIES/Formycon/04_OTHER_SOURCE_MATERIAL/Formycon_H1_2024_Report_p012_t00.csv,THESIS_FINAL_MASTER_2026-09-02_191153/01_EVIDENCE/Non-Indian/Formycon/a9622fc3b65d96a0__Formycon_H1_2024_Report_p012_t00.csv,01_EVIDENCE/Non-Indian/Formycon/a9622fc3b65d96a0__Formycon_H1_2024_Report_p012_t00.csv,04_OTHER_SOURCE_MATERIAL,,162
02_NON_INDIAN_COMPANIES/Formycon/04_OTHER_SOURCE_MATERIAL/Formycon_H1_2023_Report_p016.txt,THESIS_FINAL_MASTER_2026-09-02_191153/01_EVIDENCE/Non-Indian/Formycon/ad2c01a01d202943__Formycon_H1_2023_Report_p016.txt,01_EVIDENCE/Non-Indian/Formycon/ad2c01a01d202943__Formycon_H1_2023_Report_p016.txt,04_OTHER_SOURCE_MATERIAL,,5888
02_NON_INDIAN_COMPANIES/Formycon/04_OTHER_SOURCE_MATERIAL/Formycon_H1_2026_EarningsCall_p004_t02.csv,THESIS_FINAL_MASTER_2026-09-02_191153/01_EVIDENCE/Non-Indian/Formycon/af2511959ac2827a__Formycon_H1_2026_EarningsCall_p004_t02.csv,01_EVIDENCE/Non-Indian/Formycon/af2511959ac2827a__Formycon_H1_2026_EarningsCall_p004_t02.csv,04_OTHER_SOURCE_MATERIAL,,288
02_NON_INDIAN_COMPANIES/Formycon/04_OTHER_SOURCE_MATERIAL/Formycon_H1_2024_Report_p010_t00.csv,THESIS_FINAL_MASTER_2026-09-02_191153/01_EVIDENCE/Non-Indian/Formycon/afed1aba848abd04__Formycon_H1_2024_Report_p010_t00.csv,01_EVIDENCE/Non-Indian/Formycon/afed1aba848abd04__Formycon_H1_2024_Report_p010_t00.csv,04_OTHER_SOURCE_MATERIAL,,229
02_NON_INDIAN_COMPANIES/Formycon/04_OTHER_SOURCE_MATERIAL/Formycon_Q1_2024_EarningsCall_p010_t00.csv,THESIS_FINAL_MASTER_2026-09-02_191153/01_EVIDENCE/Non-Indian/Formycon/b06d91b173d46544__Formycon_Q1_2024_EarningsCall_p010_t00.csv,01_EVIDENCE/Non-Indian/Formycon/b06d91b173d46544__Formycon_Q1_2024_EarningsCall_p010_t00.csv,04_OTHER_SOURCE_MATERIAL,,53
02_NON_INDIAN_COMPANIES/Formycon/04_OTHER_SOURCE_MATERIAL/Formycon_H1_2023_Report_p013_t00.csv,THESIS_FINAL_MASTER_2026-09-02_191153/01_EVIDENCE/Non-Indian/Formycon/b07d67d8d7c2986f__Formycon_H1_2023_Report_p013_t00.csv,01_EVIDENCE/Non-Indian/Formycon/b07d67d8d7c2986f__Formycon_H1_2023_Report_p013_t00.csv,04_OTHER_SOURCE_MATERIAL,,170
02_NON_INDIAN_COMPANIES/Formycon/04_OTHER_SOURCE_MATERIAL/Formycon_Q1_2024_EarningsCall_p014_t00.csv,THESIS_FINAL_MASTER_2026-09-02_191153/01_EVIDENCE/Non-Indian/Formycon/b0b1041a86340c2b__Formycon_Q1_2024_EarningsCall_p014_t00.csv,01_EVIDENCE/Non-Indian/Formycon/b0b1041a86340c2b__Formycon_Q1_2024_EarningsCall_p014_t00.csv,04_OTHER_SOURCE_MATERIAL,,1213
02_NON_INDIAN_COMPANIES/Formycon/04_OTHER_SOURCE_MATERIAL/Formycon_9M_2025_Presentation_p013.txt,THESIS_FINAL_MASTER_2026-09-02_191153/01_EVIDENCE/Non-Indian/Formycon/b342b0269dd1bd62__Formycon_9M_2025_Presentation_p013.txt,01_EVIDENCE/Non-Indian/Formycon/b342b0269dd1bd62__Formycon_9M_2025_Presentation_p013.txt,04_OTHER_SOURCE_MATERIAL,,381
02_NON_INDIAN_COMPANIES/Formycon/04_OTHER_SOURCE_MATERIAL/Formycon_H1_2024_Report_p038_t00.csv,THESIS_FINAL_MASTER_2026-09-02_191153/01_EVIDENCE/Non-Indian/Formycon/b3df003e33863852__Formycon_H1_2024_Report_p038_t00.csv,01_EVIDENCE/Non-Indian/Formycon/b3df003e33863852__Formycon_H1_2024_Report_p038_t00.csv,04_OTHER_SOURCE_MATERIAL,,73
02_NON_INDIAN_COMPANIES/Formycon/04_OTHER_SOURCE_MATERIAL/Formycon_H1_2025_Report_p009.txt,THESIS_FINAL_MASTER_2026-09-02_191153/01_EVIDENCE/Non-Indian/Formycon/b49ab46ab6e9debb__Formycon_H1_2025_Report_p009.txt,01_EVIDENCE/Non-Indian/Formycon/b49ab46ab6e9debb__Formycon_H1_2025_Report_p009.txt,04_OTHER_SOURCE_MATERIAL,,351
02_NON_INDIAN_COMPANIES/Formycon/04_OTHER_SOURCE_MATERIAL/Formycon_FY2023_EarningsCall_p011_t00.csv,THESIS_FINAL_MASTER_2026-09-02_191153/01_EVIDENCE/Non-Indian/Formycon/b4a4ec217faec56a__Formycon_FY2023_EarningsCall_p011_t00.csv,01_EVIDENCE/Non-Indian/Formycon/b4a4ec217faec56a__Formycon_FY2023_EarningsCall_p011_t00.csv,04_OTHER_SOURCE_MATERIAL,,135
02_NON_INDIAN_COMPANIES/Formycon/04_OTHER_SOURCE_MATERIAL/Formycon_H1_2023_Report_p042.txt,THESIS_FINAL_MASTER_2026-09-02_191153/01_EVIDENCE/Non-Indian/Formycon/b5dae99e4b7d4896__Formycon_H1_2023_Report_p042.txt,01_EVIDENCE/Non-Indian/Formycon/b5dae99e4b7d4896__Formycon_H1_2023_Report_p042.txt,04_OTHER_SOURCE_MATERIAL,,4919
02_NON_INDIAN_COMPANIES/Formycon/04_OTHER_SOURCE_MATERIAL/Formycon_H1_2024_Report_p014_t00.csv,THESIS_FINAL_MASTER_2026-09-02_191153/01_EVIDENCE/Non-Indian/Formycon/b6499f9909f4cd1d__Formycon_H1_2024_Report_p014_t00.csv,01_EVIDENCE/Non-Indian/Formycon/b6499f9909f4cd1d__Formycon_H1_2024_Report_p014_t00.csv,04_OTHER_SOURCE_MATERIAL,,173
02_NON_INDIAN_COMPANIES/Formycon/04_OTHER_SOURCE_MATERIAL/Formycon_H1_2025_Report_p015.txt,THESIS_FINAL_MASTER_2026-09-02_191153/01_EVIDENCE/Non-Indian/Formycon/b80a0d7bd2674ff6__Formycon_H1_2025_Report_p015.txt,01_EVIDENCE/Non-Indian/Formycon/b80a0d7bd2674ff6__Formycon_H1_2025_Report_p015.txt,04_OTHER_SOURCE_MATERIAL,,1147
02_NON_INDIAN_COMPANIES/Formycon/04_OTHER_SOURCE_MATERIAL/Formycon_9M_2024_Presentation_p015.txt,THESIS_FINAL_MASTER_2026-09-02_191153/01_EVIDENCE/Non-Indian/Formycon/b80e2701d35a4043__Formycon_9M_2024_Presentation_p015.txt,01_EVIDENCE/Non-Indian/Formycon/b80e2701d35a4043__Formycon_9M_2024_Presentation_p015.txt,04_OTHER_SOURCE_MATERIAL,,963
02_NON_INDIAN_COMPANIES/Formycon/04_OTHER_SOURCE_MATERIAL/Formycon_Q1_2026_EarningsCall_p008.txt,THESIS_FINAL_MASTER_2026-09-02_191153/01_EVIDENCE/Non-Indian/Formycon/bae501e72bc0ef31__Formycon_Q1_2026_EarningsCall_p008.txt,01_EVIDENCE/Non-Indian/Formycon/bae501e72bc0ef31__Formycon_Q1_2026_EarningsCall_p008.txt,04_OTHER_SOURCE_MATERIAL,,475
02_NON_INDIAN_COMPANIES/Formycon/04_OTHER_SOURCE_MATERIAL/Formycon_H1_2026_EarningsCall_p005.txt,THESIS_FINAL_MASTER_2026-09-02_191153/01_EVIDENCE/Non-Indian/Formycon/bbd5b78a3f38db30__Formycon_H1_2026_EarningsCall_p005.txt,01_EVIDENCE/Non-Indian/Formycon/bbd5b78a3f38db30__Formycon_H1_2026_EarningsCall_p005.txt,04_OTHER_SOURCE_MATERIAL,,92
02_NON_INDIAN_COMPANIES/Formycon/04_OTHER_SOURCE_MATERIAL/Formycon_H1_2023_EarningsCall_p007_t00.csv,THESIS_FINAL_MASTER_2026-09-02_191153/01_EVIDENCE/Non-Indian/Formycon/bbefc10242819abc__Formycon_H1_2023_EarningsCall_p007_t00.csv,01_EVIDENCE/Non-Indian/Formycon/bbefc10242819abc__Formycon_H1_2023_EarningsCall_p007_t00.csv,04_OTHER_SOURCE_MATERIAL,,1631
02_NON_INDIAN_COMPANIES/Formycon/04_OTHER_SOURCE_MATERIAL/Formycon_Q1_2025_EarningsCall_p008_t00.csv,THESIS_FINAL_MASTER_2026-09-02_191153/01_EVIDENCE/Non-Indian/Formycon/bd16260e49f8afcb__Formycon_Q1_2025_EarningsCall_p008_t00.csv,01_EVIDENCE/Non-Indian/Formycon/bd16260e49f8afcb__Formycon_Q1_2025_EarningsCall_p008_t00.csv,04_OTHER_SOURCE_MATERIAL,,130
02_NON_INDIAN_COMPANIES/Formycon/04_OTHER_SOURCE_MATERIAL/Formycon_H1_2023_EarningsCall_p012_t00.csv,THESIS_FINAL_MASTER_2026-09-02_191153/01_EVIDENCE/Non-Indian/Formycon/c02cb8bc08944c94__Formycon_H1_2023_EarningsCall_p012_t00.csv,01_EVIDENCE/Non-Indian/Formycon/c02cb8bc08944c94__Formycon_H1_2023_EarningsCall_p012_t00.csv,04_OTHER_SOURCE_MATERIAL,,76
02_NON_INDIAN_COMPANIES/Formycon/04_OTHER_SOURCE_MATERIAL/Formycon_9M_2025_Presentation_p004_t01.csv,THESIS_FINAL_MASTER_2026-09-02_191153/01_EVIDENCE/Non-Indian/Formycon/c0b3de1c611ecedf__Formycon_9M_2025_Presentation_p004_t01.csv,01_EVIDENCE/Non-Indian/Formycon/c0b3de1c611ecedf__Formycon_9M_2025_Presentation_p004_t01.csv,04_OTHER_SOURCE_MATERIAL,,171
02_NON_INDIAN_COMPANIES/Formycon/04_OTHER_SOURCE_MATERIAL/Formycon_9M_2025_Presentation_p006.txt,THESIS_FINAL_MASTER_2026-09-02_191153/01_EVIDENCE/Non-Indian/Formycon/c0cda0f8c00e1157__Formycon_9M_2025_Presentation_p006.txt,01_EVIDENCE/Non-Indian/Formycon/c0cda0f8c00e1157__Formycon_9M_2025_Presentation_p006.txt,04_OTHER_SOURCE_MATERIAL,,1472
02_NON_INDIAN_COMPANIES/Formycon/04_OTHER_SOURCE_MATERIAL/Formycon_Q1_2025_EarningsCall_p009_t01.csv,THESIS_FINAL_MASTER_2026-09-02_191153/01_EVIDENCE/Non-Indian/Formycon/c0e398b7a03f035f__Formycon_Q1_2025_EarningsCall_p009_t01.csv,01_EVIDENCE/Non-Indian/Formycon/c0e398b7a03f035f__Formycon_Q1_2025_EarningsCall_p009_t01.csv,04_OTHER_SOURCE_MATERIAL,,46
02_NON_INDIAN_COMPANIES/Formycon/04_OTHER_SOURCE_MATERIAL/Formycon_9M_2025_Presentation_p010.txt,THESIS_FINAL_MASTER_2026-09-02_191153/01_EVIDENCE/Non-Indian/Formycon/c0ea0e3b4a29f0ea__Formycon_9M_2025_Presentation_p010.txt,01_EVIDENCE/Non-Indian/Formycon/c0ea0e3b4a29f0ea__Formycon_9M_2025_Presentation_p010.txt,04_OTHER_SOURCE_MATERIAL,,351
02_NON_INDIAN_COMPANIES/Formycon/04_OTHER_SOURCE_MATERIAL/Formycon_Q1_2024_EarningsCall_p010_t01.csv,THESIS_FINAL_MASTER_2026-09-02_191153/01_EVIDENCE/Non-Indian/Formycon/c18ce2d4efedc9c8__Formycon_Q1_2024_EarningsCall_p010_t01.csv,01_EVIDENCE/Non-Indian/Formycon/c18ce2d4efedc9c8__Formycon_Q1_2024_EarningsCall_p010_t01.csv,04_OTHER_SOURCE_MATERIAL,,48
02_NON_INDIAN_COMPANIES/Formycon/04_OTHER_SOURCE_MATERIAL/Formycon_H1_2024_Report_p030.txt,THESIS_FINAL_MASTER_2026-09-02_191153/01_EVIDENCE/Non-Indian/Formycon/c36478a26dae9aff__Formycon_H1_2024_Report_p030.txt,01_EVIDENCE/Non-Indian/Formycon/c36478a26dae9aff__Formycon_H1_2024_Report_p030.txt,04_OTHER_SOURCE_MATERIAL,,4596
02_NON_INDIAN_COMPANIES/Formycon/04_OTHER_SOURCE_MATERIAL/Formycon_H1_2023_EarningsCall_p013_t00.csv,THESIS_FINAL_MASTER_2026-09-02_191153/01_EVIDENCE/Non-Indian/Formycon/c3d01f20727ce376__Formycon_H1_2023_EarningsCall_p013_t00.csv,01_EVIDENCE/Non-Indian/Formycon/c3d01f20727ce376__Formycon_H1_2023_EarningsCall_p013_t00.csv,04_OTHER_SOURCE_MATERIAL,,118
02_NON_INDIAN_COMPANIES/Formycon/04_OTHER_SOURCE_MATERIAL/Formycon_Q1_2025_EarningsCall_p003.txt,THESIS_FINAL_MASTER_2026-09-02_191153/01_EVIDENCE/Non-Indian/Formycon/c4a0289aebd8615d__Formycon_Q1_2025_EarningsCall_p003.txt,01_EVIDENCE/Non-Indian/Formycon/c4a0289aebd8615d__Formycon_Q1_2025_EarningsCall_p003.txt,04_OTHER_SOURCE_MATERIAL,,381
02_NON_INDIAN_COMPANIES/Formycon/04_OTHER_SOURCE_MATERIAL/Formycon_H1_2024_Report_p002.txt,THESIS_FINAL_MASTER_2026-09-02_191153/01_EVIDENCE/Non-Indian/Formycon/c553945b4fa5e312__Formycon_H1_2024_Report_p002.txt,01_EVIDENCE/Non-Indian/Formycon/c553945b4fa5e312__Formycon_H1_2024_Report_p002.txt,04_OTHER_SOURCE_MATERIAL,,401
02_NON_INDIAN_COMPANIES/Formycon/04_OTHER_SOURCE_MATERIAL/Formycon_Q1_2025_EarningsCall_p009_t00.csv,THESIS_FINAL_MASTER_2026-09-02_191153/01_EVIDENCE/Non-Indian/Formycon/c707146ef4c2f69a__Formycon_Q1_2025_EarningsCall_p009_t00.csv,01_EVIDENCE/Non-Indian/Formycon/c707146ef4c2f69a__Formycon_Q1_2025_EarningsCall_p009_t00.csv,04_OTHER_SOURCE_MATERIAL,,52
02_NON_INDIAN_COMPANIES/Formycon/04_OTHER_SOURCE_MATERIAL/Formycon_H1_2023_Report_p008_t00.csv,THESIS_FINAL_MASTER_2026-09-02_191153/01_EVIDENCE/Non-Indian/Formycon/c83ba8ae2001c045__Formycon_H1_2023_Report_p008_t00.csv,01_EVIDENCE/Non-Indian/Formycon/c83ba8ae2001c045__Formycon_H1_2023_Report_p008_t00.csv,04_OTHER_SOURCE_MATERIAL,,1988
02_NON_INDIAN_COMPANIES/Formycon/04_OTHER_SOURCE_MATERIAL/Formycon_H1_2023_EarningsCall_p010.txt,THESIS_FINAL_MASTER_2026-09-02_191153/01_EVIDENCE/Non-Indian/Formycon/c88567353d912f8f__Formycon_H1_2023_EarningsCall_p010.txt,01_EVIDENCE/Non-Indian/Formycon/c88567353d912f8f__Formycon_H1_2023_EarningsCall_p010.txt,04_OTHER_SOURCE_MATERIAL,,1054
02_NON_INDIAN_COMPANIES/Formycon/04_OTHER_SOURCE_MATERIAL/Formycon_H1_2024_Report_p026.txt,THESIS_FINAL_MASTER_2026-09-02_191153/01_EVIDENCE/Non-Indian/Formycon/ca9f3b54954813eb__Formycon_H1_2024_Report_p026.txt,01_EVIDENCE/Non-Indian/Formycon/ca9f3b54954813eb__Formycon_H1_2024_Report_p026.txt,04_OTHER_SOURCE_MATERIAL,,8685
02_NON_INDIAN_COMPANIES/Formycon/04_OTHER_SOURCE_MATERIAL/Formycon_H1_2024_Report_p024.txt,THESIS_FINAL_MASTER_2026-09-02_191153/01_EVIDENCE/Non-Indian/Formycon/cda686d56649e3a6__Formycon_H1_2024_Report_p024.txt,01_EVIDENCE/Non-Indian/Formycon/cda686d56649e3a6__Formycon_H1_2024_Report_p024.txt,04_OTHER_SOURCE_MATERIAL,,7935
02_NON_INDIAN_COMPANIES/Formycon/04_OTHER_SOURCE_MATERIAL/Formycon_H1_2025_Report_p012_t01.csv,THESIS_FINAL_MASTER_2026-09-02_191153/01_EVIDENCE/Non-Indian/Formycon/cdf1407ae2f185b7__Formycon_H1_2025_Report_p012_t01.csv,01_EVIDENCE/Non-Indian/Formycon/cdf1407ae2f185b7__Formycon_H1_2025_Report_p012_t01.csv,04_OTHER_SOURCE_MATERIAL,,47
02_NON_INDIAN_COMPANIES/Formycon/04_OTHER_SOURCE_MATERIAL/Formycon_H1_2023_Report_p038.txt,THESIS_FINAL_MASTER_2026-09-02_191153/01_EVIDENCE/Non-Indian/Formycon/ce1ceee51b032b23__Formycon_H1_2023_Report_p038.txt,01_EVIDENCE/Non-Indian/Formycon/ce1ceee51b032b23__Formycon_H1_2023_Report_p038.txt,04_OTHER_SOURCE_MATERIAL,,1055
02_NON_INDIAN_COMPANIES/Formycon/04_OTHER_SOURCE_MATERIAL/Formycon_H1_2024_Report_p035.txt,THESIS_FINAL_MASTER_2026-09-02_191153/01_EVIDENCE/Non-Indian/Formycon/cf6012145f466c9d__Formycon_H1_2024_Report_p035.txt,01_EVIDENCE/Non-Indian/Formycon/cf6012145f466c9d__Formycon_H1_2024_Report_p035.txt,04_OTHER_SOURCE_MATERIAL,,2079
02_NON_INDIAN_COMPANIES/Formycon/04_OTHER_SOURCE_MATERIAL/Formycon_H1_2026_EarningsCall_p004_t01.csv,THESIS_FINAL_MASTER_2026-09-02_191153/01_EVIDENCE/Non-Indian/Formycon/d0219c6aacefe770__Formycon_H1_2026_EarningsCall_p004_t01.csv,01_EVIDENCE/Non-Indian/Formycon/d0219c6aacefe770__Formycon_H1_2026_EarningsCall_p004_t01.csv,04_OTHER_SOURCE_MATERIAL,,248
02_NON_INDIAN_COMPANIES/Formycon/04_OTHER_SOURCE_MATERIAL/Formycon_H1_2024_Report_p038.txt,THESIS_FINAL_MASTER_2026-09-02_191153/01_EVIDENCE/Non-Indian/Formycon/d11dfe2dd0e46b52__Formycon_H1_2024_Report_p038.txt,01_EVIDENCE/Non-Indian/Formycon/d11dfe2dd0e46b52__Formycon_H1_2024_Report_p038.txt,04_OTHER_SOURCE_MATERIAL,,5564
02_NON_INDIAN_COMPANIES/Formycon/04_OTHER_SOURCE_MATERIAL/Formycon_H1_2023_Report_p032.txt,THESIS_FINAL_MASTER_2026-09-02_191153/01_EVIDENCE/Non-Indian/Formycon/d333eb33aeb6325a__Formycon_H1_2023_Report_p032.txt,01_EVIDENCE/Non-Indian/Formycon/d333eb33aeb6325a__Formycon_H1_2023_Report_p032.txt,04_OTHER_SOURCE_MATERIAL,,1551
02_NON_INDIAN_COMPANIES/Formycon/04_OTHER_SOURCE_MATERIAL/Formycon_H1_2024_Report_p035_t00.csv,THESIS_FINAL_MASTER_2026-09-02_191153/01_EVIDENCE/Non-Indian/Formycon/d38475c494d7e240__Formycon_H1_2024_Report_p035_t00.csv,01_EVIDENCE/Non-Indian/Formycon/d38475c494d7e240__Formycon_H1_2024_Report_p035_t00.csv,04_OTHER_SOURCE_MATERIAL,,423
02_NON_INDIAN_COMPANIES/Formycon/04_OTHER_SOURCE_MATERIAL/Formycon_Q1_2024_EarningsCall_p008.txt,THESIS_FINAL_MASTER_2026-09-02_191153/01_EVIDENCE/Non-Indian/Formycon/d3b958abf341977e__Formycon_Q1_2024_EarningsCall_p008.txt,01_EVIDENCE/Non-Indian/Formycon/d3b958abf341977e__Formycon_Q1_2024_EarningsCall_p008.txt,04_OTHER_SOURCE_MATERIAL,,843
02_NON_INDIAN_COMPANIES/Formycon/04_OTHER_SOURCE_MATERIAL/Formycon_9M_2024_Presentation_p013.txt,THESIS_FINAL_MASTER_2026-09-02_191153/01_EVIDENCE/Non-Indian/Formycon/d6510ae4fd6dc9ae__Formycon_9M_2024_Presentation_p013.txt,01_EVIDENCE/Non-Indian/Formycon/d6510ae4fd6dc9ae__Formycon_9M_2024_Presentation_p013.txt,04_OTHER_SOURCE_MATERIAL,,2201
02_NON_INDIAN_COMPANIES/Formycon/04_OTHER_SOURCE_MATERIAL/Formycon_Q1_2024_EarningsCall_p003.txt,THESIS_FINAL_MASTER_2026-09-02_191153/01_EVIDENCE/Non-Indian/Formycon/d6fdabc398309868__Formycon_Q1_2024_EarningsCall_p003.txt,01_EVIDENCE/Non-Indian/Formycon/d6fdabc398309868__Formycon_Q1_2024_EarningsCall_p003.txt,04_OTHER_SOURCE_MATERIAL,,302
02_NON_INDIAN_COMPANIES/Formycon/04_OTHER_SOURCE_MATERIAL/Formycon_H1_2023_Report_p039.txt,THESIS_FINAL_MASTER_2026-09-02_191153/01_EVIDENCE/Non-Indian/Formycon/dab49f1384652b88__Formycon_H1_2023_Report_p039.txt,01_EVIDENCE/Non-Indian/Formycon/dab49f1384652b88__Formycon_H1_2023_Report_p039.txt,04_OTHER_SOURCE_MATERIAL,,3947
02_NON_INDIAN_COMPANIES/Formycon/04_OTHER_SOURCE_MATERIAL/Formycon_FY2023_EarningsCall_p012.txt,THESIS_FINAL_MASTER_2026-09-02_191153/01_EVIDENCE/Non-Indian/Formycon/dad7f9f90803af13__Formycon_FY2023_EarningsCall_p012.txt,01_EVIDENCE/Non-Indian/Formycon/dad7f9f90803af13__Formycon_FY2023_EarningsCall_p012.txt,04_OTHER_SOURCE_MATERIAL,,908
02_NON_INDIAN_COMPANIES/Formycon/04_OTHER_SOURCE_MATERIAL/Formycon_H1_2026_EarningsCall_p012_t00.csv,THESIS_FINAL_MASTER_2026-09-02_191153/01_EVIDENCE/Non-Indian/Formycon/db14b85602c1d174__Formycon_H1_2026_EarningsCall_p012_t00.csv,01_EVIDENCE/Non-Indian/Formycon/db14b85602c1d174__Formycon_H1_2026_EarningsCall_p012_t00.csv,04_OTHER_SOURCE_MATERIAL,,89
02_NON_INDIAN_COMPANIES/Formycon/04_OTHER_SOURCE_MATERIAL/Formycon_Q1_2025_EarningsCall_p001.txt,THESIS_FINAL_MASTER_2026-09-02_191153/01_EVIDENCE/Non-Indian/Formycon/db57374a7d1eeef4__Formycon_Q1_2025_EarningsCall_p001.txt,01_EVIDENCE/Non-Indian/Formycon/db57374a7d1eeef4__Formycon_Q1_2025_EarningsCall_p001.txt,04_OTHER_SOURCE_MATERIAL,,53
02_NON_INDIAN_COMPANIES/Formycon/04_OTHER_SOURCE_MATERIAL/Formycon_H1_2023_Report_p028.txt,THESIS_FINAL_MASTER_2026-09-02_191153/01_EVIDENCE/Non-Indian/Formycon/dcaff3906ce11c0e__Formycon_H1_2023_Report_p028.txt,01_EVIDENCE/Non-Indian/Formycon/dcaff3906ce11c0e__Formycon_H1_2023_Report_p028.txt,04_OTHER_SOURCE_MATERIAL,,4364
02_NON_INDIAN_COMPANIES/Formycon/04_OTHER_SOURCE_MATERIAL/Formycon_H1_2023_Report_p009_t01.csv,THESIS_FINAL_MASTER_2026-09-02_191153/01_EVIDENCE/Non-Indian/Formycon/de099d98f6260c4e__Formycon_H1_2023_Report_p009_t01.csv,01_EVIDENCE/Non-Indian/Formycon/de099d98f6260c4e__Formycon_H1_2023_Report_p009_t01.csv,04_OTHER_SOURCE_MATERIAL,,60
02_NON_INDIAN_COMPANIES/Formycon/04_OTHER_SOURCE_MATERIAL/Formycon_H1_2024_Report_p036_t01.csv,THESIS_FINAL_MASTER_2026-09-02_191153/01_EVIDENCE/Non-Indian/Formycon/dea156643fd23aec__Formycon_H1_2024_Report_p036_t01.csv,01_EVIDENCE/Non-Indian/Formycon/dea156643fd23aec__Formycon_H1_2024_Report_p036_t01.csv,04_OTHER_SOURCE_MATERIAL,,67
02_NON_INDIAN_COMPANIES/Formycon/04_OTHER_SOURCE_MATERIAL/Formycon_Q1_2026_EarningsCall_p005_t01.csv,THESIS_FINAL_MASTER_2026-09-02_191153/01_EVIDENCE/Non-Indian/Formycon/e002304820a138f9__Formycon_Q1_2026_EarningsCall_p005_t01.csv,01_EVIDENCE/Non-Indian/Formycon/e002304820a138f9__Formycon_Q1_2026_EarningsCall_p005_t01.csv,04_OTHER_SOURCE_MATERIAL,,270
02_NON_INDIAN_COMPANIES/Formycon/04_OTHER_SOURCE_MATERIAL/Formycon_H1_2023_EarningsCall_p006_t00.csv,THESIS_FINAL_MASTER_2026-09-02_191153/01_EVIDENCE/Non-Indian/Formycon/e0268b1955d6e871__Formycon_H1_2023_EarningsCall_p006_t00.csv,01_EVIDENCE/Non-Indian/Formycon/e0268b1955d6e871__Formycon_H1_2023_EarningsCall_p006_t00.csv,04_OTHER_SOURCE_MATERIAL,,1163
02_NON_INDIAN_COMPANIES/Formycon/04_OTHER_SOURCE_MATERIAL/Formycon_Q1_2026_EarningsCall_p011.txt,THESIS_FINAL_MASTER_2026-09-02_191153/01_EVIDENCE/Non-Indian/Formycon/e0907a6e6b848dae__Formycon_Q1_2026_EarningsCall_p011.txt,01_EVIDENCE/Non-Indian/Formycon/e0907a6e6b848dae__Formycon_Q1_2026_EarningsCall_p011.txt,04_OTHER_SOURCE_MATERIAL,,847
02_NON_INDIAN_COMPANIES/Formycon/04_OTHER_SOURCE_MATERIAL/Formycon_H1_2026_EarningsCall_p007.txt,THESIS_FINAL_MASTER_2026-09-02_191153/01_EVIDENCE/Non-Indian/Formycon/e1bc5d620ccdf5ef__Formycon_H1_2026_EarningsCall_p007.txt,01_EVIDENCE/Non-Indian/Formycon/e1bc5d620ccdf5ef__Formycon_H1_2026_EarningsCall_p007.txt,04_OTHER_SOURCE_MATERIAL,,1414
02_NON_INDIAN_COMPANIES/Formycon/04_OTHER_SOURCE_MATERIAL/Formycon_Q1_2024_EarningsCall_p001.txt,THESIS_FINAL_MASTER_2026-09-02_191153/01_EVIDENCE/Non-Indian/Formycon/e5152888b99c3098__Formycon_Q1_2024_EarningsCall_p001.txt,01_EVIDENCE/Non-Indian/Formycon/e5152888b99c3098__Formycon_Q1_2024_EarningsCall_p001.txt,04_OTHER_SOURCE_MATERIAL,,66
02_NON_INDIAN_COMPANIES/Formycon/04_OTHER_SOURCE_MATERIAL/Formycon_H1_2025_Report_p014.txt,THESIS_FINAL_MASTER_2026-09-02_191153/01_EVIDENCE/Non-Indian/Formycon/e57e235f026ea3ae__Formycon_H1_2025_Report_p014.txt,01_EVIDENCE/Non-Indian/Formycon/e57e235f026ea3ae__Formycon_H1_2025_Report_p014.txt,04_OTHER_SOURCE_MATERIAL,,382
02_NON_INDIAN_COMPANIES/Formycon/04_OTHER_SOURCE_MATERIAL/Formycon_9M_2025_Presentation_p004_t03.csv,THESIS_FINAL_MASTER_2026-09-02_191153/01_EVIDENCE/Non-Indian/Formycon/e6b56a3c58cdb621__Formycon_9M_2025_Presentation_p004_t03.csv,01_EVIDENCE/Non-Indian/Formycon/e6b56a3c58cdb621__Formycon_9M_2025_Presentation_p004_t03.csv,04_OTHER_SOURCE_MATERIAL,,165
02_NON_INDIAN_COMPANIES/Formycon/04_OTHER_SOURCE_MATERIAL/Formycon_H1_2026_EarningsCall_p013.txt,THESIS_FINAL_MASTER_2026-09-02_191153/01_EVIDENCE/Non-Indian/Formycon/e7bee1f1203ec747__Formycon_H1_2026_EarningsCall_p013.txt,01_EVIDENCE/Non-Indian/Formycon/e7bee1f1203ec747__Formycon_H1_2026_EarningsCall_p013.txt,04_OTHER_SOURCE_MATERIAL,,983
02_NON_INDIAN_COMPANIES/Formycon/04_OTHER_SOURCE_MATERIAL/Formycon_FY2023_EarningsCall_p018_t00.csv,THESIS_FINAL_MASTER_2026-09-02_191153/01_EVIDENCE/Non-Indian/Formycon/e8985c27fdd3bb84__Formycon_FY2023_EarningsCall_p018_t00.csv,01_EVIDENCE/Non-Indian/Formycon/e8985c27fdd3bb84__Formycon_FY2023_EarningsCall_p018_t00.csv,04_OTHER_SOURCE_MATERIAL,,1209
02_NON_INDIAN_COMPANIES/Formycon/04_OTHER_SOURCE_MATERIAL/Formycon_9M_2024_Presentation_p010.txt,THESIS_FINAL_MASTER_2026-09-02_191153/01_EVIDENCE/Non-Indian/Formycon/eaab849a5fb9529d__Formycon_9M_2024_Presentation_p010.txt,01_EVIDENCE/Non-Indian/Formycon/eaab849a5fb9529d__Formycon_9M_2024_Presentation_p010.txt,04_OTHER_SOURCE_MATERIAL,,1406
02_NON_INDIAN_COMPANIES/Formycon/03_SOURCE_REPORTS/Formycon_H1_2024_Report.pdf,THESIS_FINAL_MASTER_2026-09-02_191153/01_EVIDENCE/Non-Indian/Formycon/ebbebd1e8d117569__Formycon_H1_2024_Report.pdf,01_EVIDENCE/Non-Indian/Formycon/ebbebd1e8d117569__Formycon_H1_2024_Report.pdf,03_SOURCE_REPORTS,,3914014
02_NON_INDIAN_COMPANIES/Formycon/04_OTHER_SOURCE_MATERIAL/Formycon_H1_2024_Report_p019.txt,THESIS_FINAL_MASTER_2026-09-02_191153/01_EVIDENCE/Non-Indian/Formycon/ec1c32e6240eab4b__Formycon_H1_2024_Report_p019.txt,01_EVIDENCE/Non-Indian/Formycon/ec1c32e6240eab4b__Formycon_H1_2024_Report_p019.txt,04_OTHER_SOURCE_MATERIAL,,7012
02_NON_INDIAN_COMPANIES/Formycon/04_OTHER_SOURCE_MATERIAL/Formycon_FY2023_EarningsCall_p015.txt,THESIS_FINAL_MASTER_2026-09-02_191153/01_EVIDENCE/Non-Indian/Formycon/ec3d40db9dacd49c__Formycon_FY2023_EarningsCall_p015.txt,01_EVIDENCE/Non-Indian/Formycon/ec3d40db9dacd49c__Formycon_FY2023_EarningsCall_p015.txt,04_OTHER_SOURCE_MATERIAL,,1376
02_NON_INDIAN_COMPANIES/Formycon/04_OTHER_SOURCE_MATERIAL/Formycon_H1_2023_Report_p034.txt,THESIS_FINAL_MASTER_2026-09-02_191153/01_EVIDENCE/Non-Indian/Formycon/ed013e800460759d__Formycon_H1_2023_Report_p034.txt,01_EVIDENCE/Non-Indian/Formycon/ed013e800460759d__Formycon_H1_2023_Report_p034.txt,04_OTHER_SOURCE_MATERIAL,,980
02_NON_INDIAN_COMPANIES/Formycon/04_OTHER_SOURCE_MATERIAL/Formycon_H1_2023_EarningsCall_p016_t00.csv,THESIS_FINAL_MASTER_2026-09-02_191153/01_EVIDENCE/Non-Indian/Formycon/edbc516bbfc13dcd__Formycon_H1_2023_EarningsCall_p016_t00.csv,01_EVIDENCE/Non-Indian/Formycon/edbc516bbfc13dcd__Formycon_H1_2023_EarningsCall_p016_t00.csv,04_OTHER_SOURCE_MATERIAL,,816
02_NON_INDIAN_COMPANIES/Formycon/04_OTHER_SOURCE_MATERIAL/Formycon_Q1_2024_EarningsCall_p012.txt,THESIS_FINAL_MASTER_2026-09-02_191153/01_EVIDENCE/Non-Indian/Formycon/ee91bac9a2f5d168__Formycon_Q1_2024_EarningsCall_p012.txt,01_EVIDENCE/Non-Indian/Formycon/ee91bac9a2f5d168__Formycon_Q1_2024_EarningsCall_p012.txt,04_OTHER_SOURCE_MATERIAL,,729
02_NON_INDIAN_COMPANIES/Formycon/04_OTHER_SOURCE_MATERIAL/Formycon_H1_2026_EarningsCall_p008.txt,THESIS_FINAL_MASTER_2026-09-02_191153/01_EVIDENCE/Non-Indian/Formycon/ef910afa59f8d0d4__Formycon_H1_2026_EarningsCall_p008.txt,01_EVIDENCE/Non-Indian/Formycon/ef910afa59f8d0d4__Formycon_H1_2026_EarningsCall_p008.txt,04_OTHER_SOURCE_MATERIAL,,317
02_NON_INDIAN_COMPANIES/Formycon/03_SOURCE_REPORTS/Formycon_H1_2023_Report.pdf,THESIS_FINAL_MASTER_2026-09-02_191153/01_EVIDENCE/Non-Indian/Formycon/f1adb99d6c02bf80__Formycon_H1_2023_Report.pdf,01_EVIDENCE/Non-Indian/Formycon/f1adb99d6c02bf80__Formycon_H1_2023_Report.pdf,03_SOURCE_REPORTS,,2366952
02_NON_INDIAN_COMPANIES/Formycon/04_OTHER_SOURCE_MATERIAL/Formycon_H1_2023_Report_p040_t01.csv,THESIS_FINAL_MASTER_2026-09-02_191153/01_EVIDENCE/Non-Indian/Formycon/f2197ffe70a4861c__Formycon_H1_2023_Report_p040_t01.csv,01_EVIDENCE/Non-Indian/Formycon/f2197ffe70a4861c__Formycon_H1_2023_Report_p040_t01.csv,04_OTHER_SOURCE_MATERIAL,,34
02_NON_INDIAN_COMPANIES/Formycon/04_OTHER_SOURCE_MATERIAL/Formycon_H1_2023_EarningsCall_p012_t01.csv,THESIS_FINAL_MASTER_2026-09-02_191153/01_EVIDENCE/Non-Indian/Formycon/f47003769c691993__Formycon_H1_2023_EarningsCall_p012_t01.csv,01_EVIDENCE/Non-Indian/Formycon/f47003769c691993__Formycon_H1_2023_EarningsCall_p012_t01.csv,04_OTHER_SOURCE_MATERIAL,,77
02_NON_INDIAN_COMPANIES/Formycon/04_OTHER_SOURCE_MATERIAL/Formycon_H1_2023_Report_p023.txt,THESIS_FINAL_MASTER_2026-09-02_191153/01_EVIDENCE/Non-Indian/Formycon/f56a16732c733534__Formycon_H1_2023_Report_p023.txt,01_EVIDENCE/Non-Indian/Formycon/f56a16732c733534__Formycon_H1_2023_Report_p023.txt,04_OTHER_SOURCE_MATERIAL,,8524
02_NON_INDIAN_COMPANIES/Formycon/04_OTHER_SOURCE_MATERIAL/Formycon_H1_2023_Report_p035_t00.csv,THESIS_FINAL_MASTER_2026-09-02_191153/01_EVIDENCE/Non-Indian/Formycon/f63a1f3103b64ec0__Formycon_H1_2023_Report_p035_t00.csv,01_EVIDENCE/Non-Indian/Formycon/f63a1f3103b64ec0__Formycon_H1_2023_Report_p035_t00.csv,04_OTHER_SOURCE_MATERIAL,,271
02_NON_INDIAN_COMPANIES/Formycon/04_OTHER_SOURCE_MATERIAL/Formycon_H1_2026_EarningsCall_p016.txt,THESIS_FINAL_MASTER_2026-09-02_191153/01_EVIDENCE/Non-Indian/Formycon/f7141041784e282e__Formycon_H1_2026_EarningsCall_p016.txt,01_EVIDENCE/Non-Indian/Formycon/f7141041784e282e__Formycon_H1_2026_EarningsCall_p016.txt,04_OTHER_SOURCE_MATERIAL,,174
02_NON_INDIAN_COMPANIES/Formycon/04_OTHER_SOURCE_MATERIAL/Formycon_H1_2024_Report_p032.txt,THESIS_FINAL_MASTER_2026-09-02_191153/01_EVIDENCE/Non-Indian/Formycon/f77754c3b36d14e7__Formycon_H1_2024_Report_p032.txt,01_EVIDENCE/Non-Indian/Formycon/f77754c3b36d14e7__Formycon_H1_2024_Report_p032.txt,04_OTHER_SOURCE_MATERIAL,,1945
02_NON_INDIAN_COMPANIES/Formycon/04_OTHER_SOURCE_MATERIAL/Formycon_FY2023_EarningsCall_p013_t01.csv,THESIS_FINAL_MASTER_2026-09-02_191153/01_EVIDENCE/Non-Indian/Formycon/fcbac373c8a199a3__Formycon_FY2023_EarningsCall_p013_t01.csv,01_EVIDENCE/Non-Indian/Formycon/fcbac373c8a199a3__Formycon_FY2023_EarningsCall_p013_t01.csv,04_OTHER_SOURCE_MATERIAL,,48
02_NON_INDIAN_COMPANIES/Formycon/04_OTHER_SOURCE_MATERIAL/Formycon_H1_2023_Report_p018.txt,THESIS_FINAL_MASTER_2026-09-02_191153/01_EVIDENCE/Non-Indian/Formycon/fd43b2fe28c4ad30__Formycon_H1_2023_Report_p018.txt,01_EVIDENCE/Non-Indian/Formycon/fd43b2fe28c4ad30__Formycon_H1_2023_Report_p018.txt,04_OTHER_SOURCE_MATERIAL,,8367
02_NON_INDIAN_COMPANIES/Formycon/04_OTHER_SOURCE_MATERIAL/Formycon_H1_2023_Report_p038_t00.csv,THESIS_FINAL_MASTER_2026-09-02_191153/01_EVIDENCE/Non-Indian/Formycon/fd6b7c0393d1e515__Formycon_H1_2023_Report_p038_t00.csv,01_EVIDENCE/Non-Indian/Formycon/fd6b7c0393d1e515__Formycon_H1_2023_Report_p038_t00.csv,04_OTHER_SOURCE_MATERIAL,,1047
02_NON_INDIAN_COMPANIES/Formycon/04_OTHER_SOURCE_MATERIAL/Formycon_H1_2025_Report_p006_t02.csv,THESIS_FINAL_MASTER_2026-09-02_191153/01_EVIDENCE/Non-Indian/Formycon/fd850b53e81b4109__Formycon_H1_2025_Report_p006_t02.csv,01_EVIDENCE/Non-Indian/Formycon/fd850b53e81b4109__Formycon_H1_2025_Report_p006_t02.csv,04_OTHER_SOURCE_MATERIAL,,151
02_NON_INDIAN_COMPANIES/Formycon/04_OTHER_SOURCE_MATERIAL/Formycon__financial__quarterly.csv,THESIS_FINAL_MASTER_2026-09-02_191153/02_MERGED_DATA/Non-Indian/Formycon/Formycon__financial__quarterly.csv,02_MERGED_DATA/Non-Indian/Formycon/Formycon__financial__quarterly.csv,04_OTHER_SOURCE_MATERIAL,,15371
02_NON_INDIAN_COMPANIES/Formycon/04_OTHER_SOURCE_MATERIAL/Formycon__financial__unknown.csv,THESIS_FINAL_MASTER_2026-09-02_191153/02_MERGED_DATA/Non-Indian/Formycon/Formycon__financial__unknown.csv,02_MERGED_DATA/Non-Indian/Formycon/Formycon__financial__unknown.csv,04_OTHER_SOURCE_MATERIAL,,70810
02_NON_INDIAN_COMPANIES/Formycon/04_OTHER_SOURCE_MATERIAL/Formycon__stock__daily.csv,THESIS_FINAL_MASTER_2026-09-02_191153/02_MERGED_DATA/Non-Indian/Formycon/Formycon__stock__daily.csv,02_MERGED_DATA/Non-Indian/Formycon/Formycon__stock__daily.csv,04_OTHER_SOURCE_MATERIAL,,429398
02_NON_INDIAN_COMPANIES/Formycon/03_SOURCE_REPORTS/Formycon_FY2024_FinancialStatements_HGB.pdf,THESIS_FINAL_MASTER_2026-09-02_191153/03_SOURCE_REPORTS/Non-Indian/Formycon/2953121a5a0caca0__Formycon_FY2024_FinancialStatements_HGB.pdf,03_SOURCE_REPORTS/Non-Indian/Formycon/2953121a5a0caca0__Formycon_FY2024_FinancialStatements_HGB.pdf,03_SOURCE_REPORTS,,2290913
02_NON_INDIAN_COMPANIES/Formycon/03_SOURCE_REPORTS/Formycon_FY2025_FinancialStatements_sec2.pdf,THESIS_FINAL_MASTER_2026-09-02_191153/03_SOURCE_REPORTS/Non-Indian/Formycon/372d974c457480c0__Formycon_FY2025_FinancialStatements_sec2.pdf,03_SOURCE_REPORTS/Non-Indian/Formycon/372d974c457480c0__Formycon_FY2025_FinancialStatements_sec2.pdf,03_SOURCE_REPORTS,,23089674
